regione_codice,regione,provincia_finale,comune_finale,nome_canonico,tipo_standard,codice_aggregazione_2,descrizione_aggregazione_2,stato_osservazione,files,n_record_aggregati
09,Toscana,,,365giornialfemmile,Altro,9,altro,valido_localizzato,09_PISTOIA PROV .txt,1
08,Emilia-Romagna,,,ACER Bologna,Altro,9,altro,valido_localizzato,08_2406_rta_08_241015091330_4166---Protocollo_intesa_autonomia_abitativa_donne_vittime_di_violenza_CittMtrBO.txt,2
08,Emilia-Romagna,Ferrara,Ferrara,AFM - Farmacie Comunali Ferrara,Altro,9,altro,valido_localizzato,08_2406_rta_08_241015091355_4166---PROTOCOLLO_CONTRO_VIOLENZA_firmato2023.txt,1
08,Emilia-Romagna,,,AIDA,Altro,9,altro,valido_localizzato,08_2406_rta_08_241015091330_4166---Protocollo_intesa_autonomia_abitativa_donne_vittime_di_violenza_CittMtrBO.txt,1
09,Toscana,,,AIED,Altro,9,altro,valido_localizzato,09_PISA PREF E PROV.txt,1
07,Liguria,,,ANCI Liguria,Altro,9,altro,valido_localizzato,07_2406_rta_07_240916163956_4166---DGR477_2022_Protocollo.txt,1
08,Emilia-Romagna,,,APE,Altro,9,altro,valido_localizzato,08_2406_rta_08_241015091330_4166---Protocollo_intesa_autonomia_abitativa_donne_vittime_di_violenza_CittMtrBO.txt,1
08,Emilia-Romagna,,,ASP Cesena Valle del Savio,Altro,9,altro,valido_localizzato,08_2406_rta_08_241015091621_4166---PROTOCOLLO_22.txt,1
08,Emilia-Romagna,,,ASP del Rubicone,Altro,9,altro,valido_localizzato,08_2406_rta_08_241015091621_4166---PROTOCOLLO_22.txt,1
08,Emilia-Romagna,,,ASSOCASA,Altro,9,altro,valido_localizzato,08_2406_rta_08_241015091330_4166---Protocollo_intesa_autonomia_abitativa_donne_vittime_di_violenza_CittMtrBO.txt,1
08,Emilia-Romagna,,,ASSPI,Altro,9,altro,valido_localizzato,08_2406_rta_08_241015091330_4166---Protocollo_intesa_autonomia_abitativa_donne_vittime_di_violenza_CittMtrBO.txt,1
08,Emilia-Romagna,Piacenza,Piacenza,Agenzia per il lavoro di Piacenza,Altro,9,altro,valido_localizzato,08_2406_rta_08_241015092005_4166---DG216-2024.txt,1
08,Emilia-Romagna,,,Agenzia regionale per il lavoro,Altro,9,altro,valido_localizzato,08_2406_rta_08_241015091500_4166---Protocollo_autonomia_lavorativa_def.txt,1
08,Emilia-Romagna,Bologna,Bologna,Alleanza delle Cooperative Italiane - Bologna,Altro,9,altro,valido_localizzato,08_2406_rta_08_241015091500_4166---Protocollo_autonomia_lavorativa_def.txt,1
08,Emilia-Romagna,,,Ambito territoriale per la provincia di Forli-Cesena,Altro,9,altro,valido_localizzato,08_2406_rta_08_241015091621_4166---PROTOCOLLO_22.txt,1
08,Emilia-Romagna,Bologna,Bologna,Arcidiocesi di Bologna,Altro,9,altro,valido_localizzato,08_2406_rta_08_241015091500_4166---Protocollo_autonomia_lavorativa_def.txt,1
09,Toscana,,,Articolazioni zonali delle conferenze dei sindaci del territorio provinciale,Altro,9,altro,valido_localizzato,09_GROSSETO 2022 fpdf.txt,1
08,Emilia-Romagna,,,Assistenza Servizi alla Persona (ASSP) Unione Terre e Fiumi,Altro,9,altro,valido_localizzato,08_2406_rta_08_241015091430_4166---Protocollo_Distrettuale_Contrasto_violenza_Donne2023.stamped.txt,1
08,Emilia-Romagna,,,Associazione Consultorio per la Famiglia Don Giorgini,Altro,9,altro,valido_localizzato,08_2406_rta_08_241015091621_4166---PROTOCOLLO_22.txt,1
08,Emilia-Romagna,,,Associazione Nazionale dei Comuni Italia - A.N.C.I,Altro,9,altro,valido_localizzato,08_2406_rta_08_241015091553_4166---Protocollosullaviolenzadigenere_confirme_prot.txt,1
09,Toscana,,,Autorita giudiziaria,Altro,9,altro,generico,09_SENESE Delibera-n.1196-del-24-10-2022-allegato-a_SENESE_2.txt,1
08,Emilia-Romagna,,,Aziende Casa del territorio metropolitano comunque denominate,Altro,9,altro,valido_localizzato,08_2406_rta_08_241015091330_4166---Protocollo_intesa_autonomia_abitativa_donne_vittime_di_violenza_CittMtrBO.txt,1
08,Emilia-Romagna,Piacenza,Piacenza,Banca d'Italia Filiale di Piacenza,Altro,9,altro,valido_localizzato,08_2406_rta_08_241015091832_4166---P.G.111546-2023PROTOCOLLOOPERATIVOFENOMENOVIOLENZADONNE(1).txt,1
09,Toscana,,,CAM,Altro,9,altro,valido_localizzato,09_PISTOIA PROV .txt,1
09,Toscana,,,CISMAI – Coordinamento Italiano dei Servizi contro il Maltrattamento e l'Abuso all'Infanzia,Altro,9,altro,valido_localizzato,09_APUANE_2015 Protocollo Prefettura.txt | 09_FIRENZE Linee-di-indirizzo2024.txt,2
08,Emilia-Romagna,,,CONFABITARE,Altro,9,altro,valido_localizzato,08_2406_rta_08_241015091330_4166---Protocollo_intesa_autonomia_abitativa_donne_vittime_di_violenza_CittMtrBO.txt,1
08,Emilia-Romagna,,,CTSSM,Altro,9,altro,valido_localizzato,08_2406_rta_08_241015091500_4166---Protocollo_autonomia_lavorativa_def.txt,1
08,Emilia-Romagna,,,Carcere,Altro,9,altro,valido_localizzato,08_2406_rta_08_241015091430_4166---Protocollo_Distrettuale_Contrasto_violenza_Donne2023.stamped.txt,1
08,Emilia-Romagna,,,Caritas Diocesana,Altro,9,altro,valido_localizzato,08_2406_rta_08_241015091621_4166---PROTOCOLLO_22.txt,1
08,Emilia-Romagna,Rimini,Rimini,Casa Circondariale di Rimini,Altro,9,altro,valido_localizzato,08_2406_rta_08_241015091553_4166---Protocollosullaviolenzadigenere_confirme_prot.txt,1
09,Toscana,,,Codice Rosa,Altro,9,altro,valido_localizzato,09_FIRENZE Linee-di-indirizzo2024.txt,1
09,Toscana,,,Comitato di Area Vasta,Altro,9,altro,valido_localizzato,09_SENESE Delibera-n.1196-del-24-10-2022-allegato-a_SENESE_2.txt,1
07,Liguria,,,Commissione Territoriale,Altro,9,altro,valido_localizzato,07_2406_rta_07_240916163933_4166---sub_14574431199510849525_Protocollo_LVLS-signed.txt,1
08,Emilia-Romagna,,,Comuni dell'Area Nord,Altro,9,altro,valido_localizzato,08_2406_rta_08_241015092024_4166---Protocollooperativo.txt,1
09,Toscana,,,Comunita di tipo familiare,Altro,9,altro,da_escludere,09_SENESE Delibera-n.1196-del-24-10-2022-allegato-a_SENESE_2.txt,1
08,Emilia-Romagna,,,Conferenza Provinciale Permanente,Altro,9,altro,valido_localizzato,08_2406_rta_08_241015091355_4166---PROTOCOLLO_CONTRO_VIOLENZA_firmato2023.txt,1
08,Emilia-Romagna,,,Conferenza delle Elette,Altro,9,altro,valido_localizzato,08_2406_rta_08_241015091725_4166---Protoc-Prefett-2017.txt,1
09,Toscana,,,Conferenza unificata Stato-Regioni,Altro,9,altro,da_escludere,09_APUANE_2015 Protocollo Prefettura.txt,1
08,Emilia-Romagna,,,Consigliera di Fiducia della Città metropolitana,Altro,9,altro,valido_localizzato,08_2406_rta_08_241015091500_4166---Protocollo_autonomia_lavorativa_def.txt,1
08,Emilia-Romagna,Bologna,Bologna,Consiglieri di Fiducia del Comune di Bologna,Altro,9,altro,valido_localizzato,08_2406_rta_08_241015091500_4166---Protocollo_autonomia_lavorativa_def.txt,1
09,Toscana,,,Consiglio d'Europa,Altro,9,altro,da_escludere,09_APUANE_2015 Protocollo Prefettura.txt,1
08,Emilia-Romagna,,,Consiglio della Giunta Provinciale,Altro,9,altro,valido_localizzato,08_2406_rta_08_241015092024_4166---Protocollooperativo.txt,1
08,Emilia-Romagna,,,Consiglio metropolitano,Altro,9,altro,valido_localizzato,08_2406_rta_08_241015091330_4166---Protocollo_intesa_autonomia_abitativa_donne_vittime_di_violenza_CittMtrBO.txt,1
07,Liguria,,,Consolati,Altro,9,altro,valido_localizzato,07_2406_rta_07_240916163933_4166---sub_14574431199510849525_Protocollo_LVLS-signed.txt,1
08,Emilia-Romagna,,,DIRe Donne in Rete contro la violenza,Altro,9,altro,valido_localizzato,08_2406_rta_08_241015091430_4166---Protocollo_Distrettuale_Contrasto_violenza_Donne2023.stamped.txt,1
09,Toscana,,,Direzione Diritti di cittadinanza e coesione sociale,Altro,9,altro,valido_localizzato,09_SENESE Delibera-n.1196-del-24-10-2022-allegato-a_SENESE_2.txt,1
08,Emilia-Romagna,Rimini,Rimini,Direzione della Casa Circondariale di Rimini,Altro,9,altro,valido_localizzato,08_2406_rta_08_241015091553_4166---Protocollosullaviolenzadigenere_confirme_prot.txt,2
07,Liguria,,,Equipe Integrata Sovradistrettuale Maltrattamento e Abuso,Altro,9,altro,valido_localizzato,07_2406_rta_07_240916163905_4166---PROTOCOLLOFIRMATO(002).txt,1
07,Liguria,,,Equipe Multiprofessionale Sovradistrettuale Maltrattamento e Abuso,Altro,9,altro,valido_localizzato,07_2406_rta_07_240916163905_4166---PROTOCOLLOFIRMATO(002).txt,1
09,Toscana,,,European Society Stress Traumatic Studies,Altro,9,altro,valido_localizzato,09_FIRENZE Linee-di-indirizzo2024.txt,1
08,Emilia-Romagna,,,FEDER.CASA,Altro,9,altro,valido_localizzato,08_2406_rta_08_241015091330_4166---Protocollo_intesa_autonomia_abitativa_donne_vittime_di_violenza_CittMtrBO.txt,1
09,Toscana,Livorno,,Filiale di Livorno della Banca d'Italia,Altro,9,altro,valido_localizzato,09_LIVORNO Protocollo_ RETE ANTIVIOLENZA_ LIVORNO.txt,1
09,Toscana,,,Fiorentina Nord Ovest: Codice Rosa,Altro,9,altro,valido_localizzato,09_FIRENZE Linee-di-indirizzo2024.txt,1
09,Toscana,,,Fiorentina Sud Est: Codice Rosa,Altro,9,altro,valido_localizzato,09_FIRENZE Linee-di-indirizzo2024.txt,1
08,Emilia-Romagna,,,Fondazione Forense di Forli-Cesena,Altro,9,altro,valido_localizzato,08_2406_rta_08_241015091621_4166---PROTOCOLLO_22.txt,1
08,Emilia-Romagna,,,Fondazione San Petronio Onlus,Altro,9,altro,valido_localizzato,08_2406_rta_08_241015091500_4166---Protocollo_autonomia_lavorativa_def.txt,1
09,Toscana,,,Giudice tutelare,Altro,9,altro,valido_localizzato,09_SENESE Delibera-n.1196-del-24-10-2022-allegato-a_SENESE_2.txt,1
09,Toscana,,,Gruppo di lavoro Tavolo Privacy di Regione Toscana,Altro,9,altro,valido_localizzato,09_SENESE Delibera-n.1196-del-24-10-2022-allegato-a_SENESE_2.txt,1
08,Emilia-Romagna,,,INPS,Altro,9,altro,valido_localizzato,08_2406_rta_08_241015091430_4166---Protocollo_Distrettuale_Contrasto_violenza_Donne2023.stamped.txt,1
08,Emilia-Romagna,,,Insieme per il lavoro,Altro,9,altro,valido_localizzato,08_2406_rta_08_241015091500_4166---Protocollo_autonomia_lavorativa_def.txt,1
08,Emilia-Romagna,Piacenza,Piacenza,Ispettorato territoriale del lavoro di Piacenza,Altro,9,altro,valido_localizzato,08_2406_rta_08_241015092005_4166---DG216-2024.txt,1
09,Toscana,,,Istat,Altro,9,altro,da_escludere,09_APUANE_2015 Protocollo Prefettura.txt,1
09,Toscana,,,Istituto di assistenza pubblico privato,Altro,9,altro,valido_localizzato,09_SENESE Delibera-n.1196-del-24-10-2022-allegato-a_SENESE_2.txt,1
07,Liguria,,,Istituzioni,Altro,9,altro,valido_localizzato,07_2406_rta_07_240916163933_4166---sub_14574431199510849525_Protocollo_LVLS-signed.txt,1
08,Emilia-Romagna,Modena,Modena,MEDIBASE Area Nord - Cooperativa dei Medici di Famiglia dell‘Area Nord della Provincia di Modena,Altro,9,altro,valido_localizzato,08_2406_rta_08_241015092024_4166---Protocollooperativo.txt,1
08,Emilia-Romagna,,,MMG,Altro,9,altro,valido_localizzato,08_2406_rta_08_241015091430_4166---Protocollo_Distrettuale_Contrasto_violenza_Donne2023.stamped.txt,1
09,Toscana,,,Magistratura di Sorveglianza,Altro,9,altro,valido_localizzato,09_PISA PREF E PROV.txt,1
08,Emilia-Romagna,,,Medici di Medicina Generale,Altro,9,altro,valido_localizzato,08_2406_rta_08_241015091725_4166---Protoc-Prefett-2017.txt,1
07,Liguria,,,Medici di Medicina generale,Altro,9,altro,valido_localizzato,07_2406_rta_07_240916163905_4166---PROTOCOLLOFIRMATO(002).txt,1
08,Emilia-Romagna,,,Ministero dell'Interno,Altro,9,altro,valido_localizzato,08_2406_rta_08_241015091355_4166---PROTOCOLLO_CONTRO_VIOLENZA_firmato2023.txt,1
08,Emilia-Romagna,,,Modena Group Stalking,Altro,9,altro,valido_localizzato,08_2406_rta_08_241015091655_4166---Aggiornamentointegrazioneprotocollooperativoapprovatonelgiugno2008.txt,1
09,Toscana,,,Mugello: Codice Rosa,Altro,9,altro,valido_localizzato,09_FIRENZE Linee-di-indirizzo2024.txt,1
09,Toscana,,,OMS,Altro,9,altro,da_escludere,09_FIRENZE Linee-di-indirizzo2024.txt,1
09,Toscana,,,Organizzazione Mondiale della Sanita,Altro,9,altro,da_escludere,09_APUANE_2015 Protocollo Prefettura.txt,1
09,Toscana,,,Organizzazione delle Nazioni Unite,Altro,9,altro,da_escludere,09_APUANE_2015 Protocollo Prefettura.txt,1
08,Emilia-Romagna,,,Osservatorio Regionale R.E.R,Altro,9,altro,valido_localizzato,08_2406_rta_08_241015091832_4166---P.G.111546-2023PROTOCOLLOOPERATIVOFENOMENOVIOLENZADONNE(1).txt,1
09,Toscana,,,Osservatorio Sociale Regionale,Altro,9,altro,valido_localizzato,09_LIVORNO Protocollo_ RETE ANTIVIOLENZA_ LIVORNO.txt,1
08,Emilia-Romagna,,,Ostetricia e Ginecologia,Altro,9,altro,valido_localizzato,08_2406_rta_08_241015091917_4166---Protocollo2022-2024.txt,1
08,Emilia-Romagna,,,PLS,Altro,9,altro,valido_localizzato,08_2406_rta_08_241015091430_4166---Protocollo_Distrettuale_Contrasto_violenza_Donne2023.stamped.txt,1
08,Emilia-Romagna,,,Pediatri di Libera Scelta,Altro,9,altro,valido_localizzato,08_2406_rta_08_241015091725_4166---Protoc-Prefett-2017.txt,1
07,Liguria,,,Pediatri di Libera Scelta,Altro,9,altro,valido_localizzato,07_2406_rta_07_240916163905_4166---PROTOCOLLOFIRMATO(002).txt,1
09,Toscana,,,Presidenza del Consiglio dei Ministri,Altro,9,altro,da_escludere,09_APUANE_2015 Protocollo Prefettura.txt,1
08,Emilia-Romagna,Modena,Modena,Pronto Intervento Emergenza Minori Provincia di Modena,Altro,9,altro,valido_localizzato,08_2406_rta_08_241015092024_4166---Protocollooperativo.txt,1
08,Emilia-Romagna,,,Psicologia Clinica,Altro,9,altro,valido_localizzato,08_2406_rta_08_241015091725_4166---Protoc-Prefett-2017.txt,1
08,Emilia-Romagna,,,Psicologia di Base,Altro,9,altro,valido_localizzato,08_2406_rta_08_241015091917_4166---Protocollo2022-2024.txt,1
09,Toscana,,,Referenti Aziendali,Altro,9,altro,generico,09_SENESE Delibera-n.1196-del-24-10-2022-allegato-a_SENESE_2.txt,1
08,Emilia-Romagna,,,Rete DO.MINO,Altro,9,altro,valido_localizzato,08_2406_rta_08_241015091621_4166---PROTOCOLLO_22.txt,1
08,Emilia-Romagna,,,Rete IRENE,Altro,9,altro,valido_localizzato,08_2406_rta_08_241015091621_4166---PROTOCOLLO_22.txt,1
09,Toscana,,,Rete Regionale Codice Rosa,Altro,9,altro,valido_localizzato,09_SENESE Delibera-n.1196-del-24-10-2022-allegato-a_SENESE_2.txt,1
08,Emilia-Romagna,,,Rete nazionale D.i.R.e,Altro,9,altro,valido_localizzato,08_2406_rta_08_241015091917_4166---Protocollo2022-2024.txt,1
08,Emilia-Romagna,Ferrara,Ferrara,Rotary Club Ferrara,Altro,9,altro,valido_localizzato,08_2406_rta_08_241015091355_4166---PROTOCOLLO_CONTRO_VIOLENZA_firmato2023.txt,1
09,Toscana,,,SERD,Altro,9,altro,valido_localizzato,09_ALTA VALDELSA Protocollo-violenza-valdelsa-2022_ALTA VALDELSA.txt,1
09,Toscana,,,SMA,Altro,9,altro,valido_localizzato,09_ALTA VALDELSA Protocollo-violenza-valdelsa-2022_ALTA VALDELSA.txt,1
08,Emilia-Romagna,,,SOLARIS s.r.l,Altro,9,altro,valido_localizzato,08_2406_rta_08_241015091330_4166---Protocollo_intesa_autonomia_abitativa_donne_vittime_di_violenza_CittMtrBO.txt,1
09,Toscana,,,SSR,Altro,9,altro,valido_localizzato,09_SENESE Delibera-n.1196-del-24-10-2022-allegato-a_SENESE_2.txt,1
07,Liguria,Genova,Chiavari,Segreteria Tecnica del DSS 15 (Comune di Chiavari,Altro,9,altro,valido_localizzato,07_2406_rta_07_240916163905_4166---PROTOCOLLOFIRMATO(002).txt,1
08,Emilia-Romagna,,,Servizi del Comune di Residenza,Altro,9,altro,valido_localizzato,08_2406_rta_08_241015091917_4166---Protocollo2022-2024.txt,1
08,Emilia-Romagna,,,"Servizio Sociale Minori, Famiglie, Giovani - Unione Comuni Area Nord",Altro,9,altro,valido_localizzato,08_2406_rta_08_241015092024_4166---Protocollooperativo.txt,1
08,Emilia-Romagna,,,Servizio Tutela Minori dell'Unione,Altro,9,altro,valido_localizzato,08_2406_rta_08_241015092024_4166---Protocollooperativo.txt,1
08,Emilia-Romagna,Modena,Modena,Servizio di Pronto Intervento Emergenza Minori della Provincia di Modena,Altro,9,altro,valido_localizzato,08_2406_rta_08_241015092024_4166---Protocollooperativo.txt,1
08,Emilia-Romagna,,,Sportelli PUA Unione Terre e Fiumi,Altro,9,altro,valido_localizzato,08_2406_rta_08_241015091430_4166---Protocollo_Distrettuale_Contrasto_violenza_Donne2023.stamped.txt,1
08,Emilia-Romagna,,,Sportello presso sede Ordine degli Avvocati,Altro,9,altro,valido_localizzato,08_2406_rta_08_241015091655_4166---Aggiornamentointegrazioneprotocollooperativoapprovatonelgiugno2008.txt,1
08,Emilia-Romagna,,,Tavolo Interistituzionale di contrasto alla violenza alle donne,Altro,9,altro,valido_localizzato,08_2406_rta_08_241015091655_4166---Aggiornamentointegrazioneprotocollooperativoapprovatonelgiugno2008.txt,1
07,Liguria,,,"Tavolo di Coordinamento del sistema degli interventi per il contrasto, il trattamento della violenza maschile contro le donne e il loro reinserimento socio-lavorativo",Altro,9,altro,valido_localizzato,07_2406_rta_07_240916163905_4166---PROTOCOLLOFIRMATO(002).txt,1
08,Emilia-Romagna,,,Tavolo tecnico,Altro,9,altro,valido_localizzato,08_2406_rta_08_241015091655_4166---Aggiornamentointegrazioneprotocollooperativoapprovatonelgiugno2008.txt,1
09,Toscana,,,Terzo Settore,Altro,9,altro,generico,09_APUANE_2015 Protocollo Prefettura.txt,1
08,Emilia-Romagna,,,UDI - Unione Donne Italiane,Altro,9,altro,valido_localizzato,08_2406_rta_08_241015091500_4166---Protocollo_autonomia_lavorativa_def.txt,1
07,Liguria,,,UNHCR,Altro,9,altro,valido_localizzato,07_2406_rta_07_240916163933_4166---sub_14574431199510849525_Protocollo_LVLS-signed.txt,1
08,Emilia-Romagna,,,UNIONCASA,Altro,9,altro,valido_localizzato,08_2406_rta_08_241015091330_4166---Protocollo_intesa_autonomia_abitativa_donne_vittime_di_violenza_CittMtrBO.txt,1
08,Emilia-Romagna,,,UPPI,Altro,9,altro,valido_localizzato,08_2406_rta_08_241015091330_4166---Protocollo_intesa_autonomia_abitativa_donne_vittime_di_violenza_CittMtrBO.txt,1
07,Liguria,,,Ufficio Asilo Politico,Altro,9,altro,valido_localizzato,07_2406_rta_07_240916163933_4166---sub_14574431199510849525_Protocollo_LVLS-signed.txt,1
08,Emilia-Romagna,,,Ufficio Esecuzione Penale Esterna,Altro,9,altro,valido_localizzato,08_2406_rta_08_241015091430_4166---Protocollo_Distrettuale_Contrasto_violenza_Donne2023.stamped.txt,1
08,Emilia-Romagna,Rimini,Rimini,Ufficio Esecuzione Penale Esterna di Rimini,Altro,9,altro,valido_localizzato,08_2406_rta_08_241015091553_4166---Protocollosullaviolenzadigenere_confirme_prot.txt,1
08,Emilia-Romagna,Piacenza,Piacenza,Ufficio di Presidenza della Conferenza Territoriale Sociale e Sanitaria (CTSS) della Provincia di Piacenza,Altro,9,altro,valido_localizzato,08_2406_rta_08_241015091917_4166---Protocollo2022-2024.txt,1
07,Liguria,,,centri di accoglienza straordinaria predisposto dalle Prefetture,Altro,9,altro,valido_localizzato,07_2406_rta_07_240916163933_4166---sub_14574431199510849525_Protocollo_LVLS-signed.txt,1
07,Liguria,,,la rete D.iRe,Altro,9,altro,valido_localizzato,07_2406_rta_07_240916163933_4166---sub_14574431199510849525_Protocollo_LVLS-signed.txt,1
08,Emilia-Romagna,Bologna,Bologna,Conferenza Territoriale Sociale e Sanitaria Metropolitana di Bologna (CTSSM,"Ambiti della programmazione sociale e socio-sanitari (Ambiti Sociali, Piani di Zona, Distretti socio-sanitari, Società della Salute)",9,altro,valido_localizzato,08_2406_rta_08_241015091310_4166---Accordo_Contrasto_alla_violenza_CittMtrBO.txt,1
07,Liguria,,,ATS di riferimento per residenza,"Ambiti della programmazione sociale e socio-sanitaria (Ambiti Sociali, Piani di Zona, Distretti socio-sanitari, Società della Salute)",6,Territorio,valido_localizzato,07_2406_rta_07_240916163905_4166---PROTOCOLLOFIRMATO(002).txt,1
08,Emilia-Romagna,,,Ambito Territoriale di Rete (ATR,"Ambiti della programmazione sociale e socio-sanitaria (Ambiti Sociali, Piani di Zona, Distretti socio-sanitari, Società della Salute)",6,Territorio,valido_localizzato,08_2406_rta_08_241015091655_4166---Aggiornamentointegrazioneprotocollooperativoapprovatonelgiugno2008.txt,1
08,Emilia-Romagna,,,Conferenza Territoriale Sociale e Sanitaria,"Ambiti della programmazione sociale e socio-sanitaria (Ambiti Sociali, Piani di Zona, Distretti socio-sanitari, Società della Salute)",6,Territorio,valido_localizzato,08_2406_rta_08_241015091553_4166---Protocollosullaviolenzadigenere_confirme_prot.txt,1
08,Emilia-Romagna,,,Conferenza Territoriale Sociale e Sanitaria Metropolitana di Bologna (CTSSM,"Ambiti della programmazione sociale e socio-sanitaria (Ambiti Sociali, Piani di Zona, Distretti socio-sanitari, Società della Salute)",6,Territorio,valido_localizzato,08_2406_rta_08_241015091330_4166---Protocollo_intesa_autonomia_abitativa_donne_vittime_di_violenza_CittMtrBO.txt,1
09,Toscana,,,Conferenza Zonale dei Sindaci del Valdarno,"Ambiti della programmazione sociale e socio-sanitaria (Ambiti Sociali, Piani di Zona, Distretti socio-sanitari, Società della Salute)",6,Territorio,valido_localizzato,09_AREZZO Prot_2024-2026.txt,1
09,Toscana,,,Conferenza Zonale dei Sindaci della Valdichiana Aretina,"Ambiti della programmazione sociale e socio-sanitaria (Ambiti Sociali, Piani di Zona, Distretti socio-sanitari, Società della Salute)",6,Territorio,valido_localizzato,09_AREZZO Prot_2024-2026.txt,1
09,Toscana,Lucca,Lucca,Conferenza dei Sindaci ASL 2 zona Piana di Lucca,"Ambiti della programmazione sociale e socio-sanitaria (Ambiti Sociali, Piani di Zona, Distretti socio-sanitari, Società della Salute)",6,Territorio,valido_localizzato,09_LUCCA PROV.txt,1
09,Toscana,,,Conferenza dei Sindaci ASL 2 zona Valle del Serchio,"Ambiti della programmazione sociale e socio-sanitaria (Ambiti Sociali, Piani di Zona, Distretti socio-sanitari, Società della Salute)",6,Territorio,valido_localizzato,09_LUCCA PROV.txt,1
09,Toscana,,,Conferenza dei Sindaci della Zona Aretina,"Ambiti della programmazione sociale e socio-sanitaria (Ambiti Sociali, Piani di Zona, Distretti socio-sanitari, Società della Salute)",6,Territorio,valido_localizzato,09_AREZZO Prot_2024-2026.txt,1
09,Toscana,,,Conferenza del Sindaci ASL 12 zona Versilia,"Ambiti della programmazione sociale e socio-sanitaria (Ambiti Sociali, Piani di Zona, Distretti socio-sanitari, Società della Salute)",6,Territorio,valido_localizzato,09_LUCCA PROV.txt,1
07,Liguria,,,Distretti Sociosanitari n. 14,"Ambiti della programmazione sociale e socio-sanitaria (Ambiti Sociali, Piani di Zona, Distretti socio-sanitari, Società della Salute)",6,Territorio,valido_localizzato,07_2406_rta_07_240916163905_4166---PROTOCOLLOFIRMATO(002).txt,1
07,Liguria,,,Distretti Sociosanitari n. 15,"Ambiti della programmazione sociale e socio-sanitaria (Ambiti Sociali, Piani di Zona, Distretti socio-sanitari, Società della Salute)",6,Territorio,valido_localizzato,07_2406_rta_07_240916163905_4166---PROTOCOLLOFIRMATO(002).txt,1
07,Liguria,,,Distretti Sociosanitari n. 16,"Ambiti della programmazione sociale e socio-sanitaria (Ambiti Sociali, Piani di Zona, Distretti socio-sanitari, Società della Salute)",6,Territorio,valido_localizzato,07_2406_rta_07_240916163905_4166---PROTOCOLLOFIRMATO(002).txt,1
09,Toscana,,,Fondazione Territori Sociali Altavaldelsa,"Ambiti della programmazione sociale e socio-sanitaria (Ambiti Sociali, Piani di Zona, Distretti socio-sanitari, Società della Salute)",6,Territorio,valido_localizzato,09_ALTA VALDELSA Protocollo-violenza-valdelsa-2022_ALTA VALDELSA.txt,1
07,Liguria,,,Rete dei servizi SAI,"Ambiti della programmazione sociale e socio-sanitaria (Ambiti Sociali, Piani di Zona, Distretti socio-sanitari, Società della Salute)",6,Territorio,valido_localizzato,07_2406_rta_07_240916163933_4166---sub_14574431199510849525_Protocollo_LVLS-signed.txt,1
09,Toscana,,,Servizi Sociali e Sanitari della Società della Salute,"Ambiti della programmazione sociale e socio-sanitaria (Ambiti Sociali, Piani di Zona, Distretti socio-sanitari, Società della Salute)",6,Territorio,valido_localizzato,09_APUANE_2015 Protocollo Prefettura.txt,1
09,Toscana,,,Società della Salute,"Ambiti della programmazione sociale e socio-sanitaria (Ambiti Sociali, Piani di Zona, Distretti socio-sanitari, Società della Salute)",6,Territorio,generico,09_VALDICHIANA_all. decreto 37_2008 protocollo di intesa 2008.txt,1
09,Toscana,,,Società della Salute Alta Val d'Elsa,"Ambiti della programmazione sociale e socio-sanitaria (Ambiti Sociali, Piani di Zona, Distretti socio-sanitari, Società della Salute)",6,Territorio,valido_localizzato,09_ALTA VALDELSA Protocollo-violenza-valdelsa-2022_ALTA VALDELSA.txt,1
09,Toscana,,,Società della Salute Area Pratese,"Ambiti della programmazione sociale e socio-sanitaria (Ambiti Sociali, Piani di Zona, Distretti socio-sanitari, Società della Salute)",6,Territorio,valido_localizzato,09_PRATO PREF.txt,1
09,Toscana,,,Società della Salute Fiorentina Nord Ovest,"Ambiti della programmazione sociale e socio-sanitaria (Ambiti Sociali, Piani di Zona, Distretti socio-sanitari, Società della Salute)",6,Territorio,valido_localizzato,09_FIRENZE Linee-di-indirizzo2024.txt,1
09,Toscana,,,Società della Salute Fiorentina Sud Est,"Ambiti della programmazione sociale e socio-sanitaria (Ambiti Sociali, Piani di Zona, Distretti socio-sanitari, Società della Salute)",6,Territorio,valido_localizzato,09_FIRENZE Linee-di-indirizzo2024.txt,1
09,Toscana,Firenze,,Società della Salute Firenze,"Ambiti della programmazione sociale e socio-sanitaria (Ambiti Sociali, Piani di Zona, Distretti socio-sanitari, Società della Salute)",6,Territorio,valido_localizzato,09_FIRENZE Linee-di-indirizzo2024.txt,1
09,Toscana,,,Società della Salute Mugello,"Ambiti della programmazione sociale e socio-sanitaria (Ambiti Sociali, Piani di Zona, Distretti socio-sanitari, Società della Salute)",6,Territorio,valido_localizzato,09_FIRENZE Linee-di-indirizzo2024.txt,1
09,Toscana,,,Società della Salute Valdinievole,"Ambiti della programmazione sociale e socio-sanitaria (Ambiti Sociali, Piani di Zona, Distretti socio-sanitari, Società della Salute)",6,Territorio,valido_localizzato,09_PISTOIA PROV .txt,1
09,Toscana,,,Società della Salute Zona Alta Valdicecina-Valdera,"Ambiti della programmazione sociale e socio-sanitaria (Ambiti Sociali, Piani di Zona, Distretti socio-sanitari, Società della Salute)",6,Territorio,valido_localizzato,09_PISA PREF E PROV.txt,1
09,Toscana,,,Società della Salute Zona Empolese Valdarno Valdelsa,"Ambiti della programmazione sociale e socio-sanitaria (Ambiti Sociali, Piani di Zona, Distretti socio-sanitari, Società della Salute)",6,Territorio,valido_localizzato,09_PISA PREF E PROV.txt,1
09,Toscana,,,Società della Salute Zona Pisana,"Ambiti della programmazione sociale e socio-sanitaria (Ambiti Sociali, Piani di Zona, Distretti socio-sanitari, Società della Salute)",6,Territorio,valido_localizzato,09_PISA PREF E PROV.txt,1
09,Toscana,,,Società della Salute della Lunigiana,"Ambiti della programmazione sociale e socio-sanitaria (Ambiti Sociali, Piani di Zona, Distretti socio-sanitari, Società della Salute)",6,Territorio,valido_localizzato,09_APUANE_2015 Protocollo Prefettura.txt,1
08,Emilia-Romagna,,,Unione Comuni modenesi dell'Area Nord,"Ambiti della programmazione sociale e socio-sanitaria (Ambiti Sociali, Piani di Zona, Distretti socio-sanitari, Società della Salute)",6,Territorio,valido_localizzato,08_2406_rta_08_241015091725_4166---Protoc-Prefett-2017.txt,1
09,Toscana,,,Zone Socio-Sanitarie,"Ambiti della programmazione sociale e socio-sanitaria (Ambiti Sociali, Piani di Zona, Distretti socio-sanitari, Società della Salute)",6,Territorio,generico,09_AREZZO Prot_2024-2026.txt,1
07,Liguria,Genova,Genova,centri di accoglienza del sistema SAI del Comune di Genova,"Ambiti della programmazione sociale e socio-sanitaria (Ambiti Sociali, Piani di Zona, Distretti socio-sanitari, Società della Salute)",6,Territorio,valido_localizzato,07_2406_rta_07_240916163933_4166---sub_14574431199510849525_Protocollo_LVLS-signed.txt,1
09,Toscana,Massa-Carrara,Carrara,Centro di Ascolto CIF di Carrara,Centri/Sportelli di ascolto,9,altro,valido_localizzato,09_APUANE_2015 Protocollo Prefettura.txt,2
09,Toscana,Grosseto,Arcidosso,Punto di Ascolto territoriale di Arcidosso,Centri/Sportelli di ascolto,9,altro,valido_localizzato,09_GROSSETO 2022 fpdf.txt,1
09,Toscana,Grosseto,Capalbio,Punto di Ascolto territoriale di Capalbio,Centri/Sportelli di ascolto,9,altro,valido_localizzato,09_GROSSETO 2022 fpdf.txt,1
09,Toscana,Grosseto,Follonica,Punto di Ascolto territoriale di Follonica,Centri/Sportelli di ascolto,9,altro,valido_localizzato,09_GROSSETO 2022 fpdf.txt,1
09,Toscana,Grosseto,Manciano,Punto di Ascolto territoriale di Manciano,Centri/Sportelli di ascolto,9,altro,valido_localizzato,09_GROSSETO 2022 fpdf.txt,1
09,Toscana,Grosseto,Grosseto,Punto di ascolto territoriale di Grosseto,Centri/Sportelli di ascolto,9,altro,valido_localizzato,09_GROSSETO 2022 fpdf.txt,1
09,Toscana,,,Comunità Montana del Cetona,Enti territoriali sovracomunali,10,Province/Città metropolitane,valido_localizzato,09_VALDICHIANA_all. decreto 37_2008 protocollo di intesa 2008.txt,1
09,Toscana,,,Conferenza Zonale dei Sindaci del Casentino/Unione dei Comuni Montani del Casentino,Enti territoriali sovracomunali,10,Province/Città metropolitane,valido_localizzato,09_AREZZO Prot_2024-2026.txt,1
09,Toscana,,,Conferenza Zonale dei Sindaci della Valtiberina Toscana/Unione Montana dei Comuni della Valtiberina Toscana,Enti territoriali sovracomunali,10,Province/Città metropolitane,valido_localizzato,09_AREZZO Prot_2024-2026.txt,1
08,Emilia-Romagna,Bologna,,Nuovo Circondario Imolese,Enti territoriali sovracomunali,10,Province/Città metropolitane,valido_localizzato,08_2406_rta_08_241015091310_4166---Accordo_Contrasto_alla_violenza_CittMtrBO.txt,1
08,Emilia-Romagna,Modena,,Unione Comuni del Sorbara,Enti territoriali sovracomunali,10,Province/Città metropolitane,valido_localizzato,08_2406_rta_08_241015091725_4166---Protoc-Prefett-2017.txt,1
08,Emilia-Romagna,Bologna,,Unione Reno Galliera,Enti territoriali sovracomunali,10,Province/Città metropolitane,valido_localizzato,08_2406_rta_08_241015091310_4166---Accordo_Contrasto_alla_violenza_CittMtrBO.txt,2
08,Emilia-Romagna,Forli-Cesena,,Unione Rubicone e Mare,Enti territoriali sovracomunali,10,Province/Città metropolitane,valido_localizzato,08_2406_rta_08_241015091621_4166---PROTOCOLLO_22.txt,1
08,Emilia-Romagna,Bologna,,Unione Terre d'Acqua,Enti territoriali sovracomunali,10,Province/Città metropolitane,valido_localizzato,08_2406_rta_08_241015091310_4166---Accordo_Contrasto_alla_violenza_CittMtrBO.txt,1
08,Emilia-Romagna,Modena,,Unione Terre di Castelli,Enti territoriali sovracomunali,10,Province/Città metropolitane,valido_localizzato,08_2406_rta_08_241015091725_4166---Protoc-Prefett-2017.txt,1
08,Emilia-Romagna,Ferrara,,Unione Terre e Fiumi,Enti territoriali sovracomunali,10,Province/Città metropolitane,valido_localizzato,08_2406_rta_08_241015091430_4166---Protocollo_Distrettuale_Contrasto_violenza_Donne2023.stamped.txt,1
08,Emilia-Romagna,Modena,,Unione dei Comuni Modenesi Area Nord,Enti territoriali sovracomunali,10,Province/Città metropolitane,valido_localizzato,08_2406_rta_08_241015092024_4166---Protocollooperativo.txt,1
08,Emilia-Romagna,Bologna,,"Unione dei Comuni Valli del Reno, Lavino e Samoggia",Enti territoriali sovracomunali,10,Province/Città metropolitane,valido_localizzato,08_2406_rta_08_241015091310_4166---Accordo_Contrasto_alla_violenza_CittMtrBO.txt,1
08,Emilia-Romagna,Modena,,Unione dei Comuni del Distretto Ceramico,Enti territoriali sovracomunali,10,Province/Città metropolitane,valido_localizzato,08_2406_rta_08_241015091725_4166---Protoc-Prefett-2017.txt,1
08,Emilia-Romagna,Modena,,Unione dei Comuni del Frignano,Enti territoriali sovracomunali,10,Province/Città metropolitane,valido_localizzato,08_2406_rta_08_241015091725_4166---Protoc-Prefett-2017.txt,1
08,Emilia-Romagna,Bologna,,Unione dei Comuni dell'Appennino bolognese,Enti territoriali sovracomunali,10,Province/Città metropolitane,valido_localizzato,08_2406_rta_08_241015091310_4166---Accordo_Contrasto_alla_violenza_CittMtrBO.txt,1
08,Emilia-Romagna,Ravenna,,Unione dei Comuni della Bassa Romagna,Enti territoriali sovracomunali,10,Province/Città metropolitane,valido_localizzato,08_2406_rta_08_241015091748_4166---ProtocolloProvincialeCaserifugio2023.2025.txt,1
08,Emilia-Romagna,Ravenna,,Unione dei Comuni della Romagna Faentina,Enti territoriali sovracomunali,10,Province/Città metropolitane,valido_localizzato,08_2406_rta_08_241015091748_4166---ProtocolloProvincialeCaserifugio2023.2025.txt,1
09,Toscana,Grosseto,,Unione dei comuni Montani Amiata Grossetana,Enti territoriali sovracomunali,10,Province/Città metropolitane,valido_localizzato,09_GROSSETO 2022 fpdf.txt,1
08,Emilia-Romagna,Modena,,Unione delle Terre d'Argine,Enti territoriali sovracomunali,10,Province/Città metropolitane,valido_localizzato,08_2406_rta_08_241015091725_4166---Protoc-Prefett-2017.txt,1
08,Emilia-Romagna,,,Assessorato Pari Opportunita,Organismi di parità,6,Territorio,valido_localizzato,08_2406_rta_08_241015091621_4166---PROTOCOLLO_22.txt,1
09,Toscana,,,Centro Pari Opportunità Valdelsa,Organismi di parità,6,Territorio,valido_localizzato,09_ALTA VALDELSA Protocollo-violenza-valdelsa-2022_ALTA VALDELSA.txt,1
09,Toscana,,,Centro Pari Opportunità Valdichiana,Organismi di parità,6,Territorio,valido_localizzato,09_VALDICHIANA_all. decreto 37_2008 protocollo di intesa 2008.txt,1
09,Toscana,Siena,Siena,Comitato Pari Opportunita dell'Ordine dei Dottori Commercialisti e degli Esperti Contabili di Siena,Organismi di parità,6,Territorio,valido_localizzato,09_ALTA VALDELSA Protocollo-violenza-valdelsa-2022_ALTA VALDELSA.txt,1
08,Emilia-Romagna,Ferrara,Ferrara,Comitato Pari Opportunita presso l'Ordine degli Avvocati di Ferrara,Organismi di parità,6,Territorio,valido_localizzato,08_2406_rta_08_241015091430_4166---Protocollo_Distrettuale_Contrasto_violenza_Donne2023.stamped.txt,1
08,Emilia-Romagna,,,Commissione Pari Opportunita,Organismi di parità,6,Territorio,valido_localizzato,08_2406_rta_08_241015091725_4166---Protoc-Prefett-2017.txt,1
09,Toscana,,,Consigliera Provinciale di Parità,Organismi di parità,6,Territorio,valido_localizzato,09_AREZZO Prot_2024-2026.txt | 09_PISTOIA PROV .txt,2
08,Emilia-Romagna,,Reggio Emilia,Consigliera di Parità Provinciale di Reggio Emilia,Organismi di parità,6,Territorio,valido_localizzato,08_2406_rta_08_241015091655_4166---Aggiornamentointegrazioneprotocollooperativoapprovatonelgiugno2008.txt,1
09,Toscana,Livorno,Livorno,Consigliera di Parità della Provincia di Livorno,Organismi di parità,6,Territorio,valido_localizzato,09_LIVORNO Protocollo_ RETE ANTIVIOLENZA_ LIVORNO.txt,1
08,Emilia-Romagna,Modena,Modena,Consigliera di Parità della Provincia di Modena,Organismi di parità,6,Territorio,valido_localizzato,08_2406_rta_08_241015091725_4166---Protoc-Prefett-2017.txt,1
08,Emilia-Romagna,Piacenza,Piacenza,Consigliera di Parità della Provincia di Piacenza,Organismi di parità,6,Territorio,valido_localizzato,08_2406_rta_08_241015092005_4166---DG216-2024.txt,1
09,Toscana,Pisa,Pisa,Consigliera di Parità della Provincia di Pisa,Organismi di parità,6,Territorio,valido_localizzato,09_PISA PREF E PROV.txt,1
08,Emilia-Romagna,Rimini,Rimini,Consigliera di Parità della Provincia di Rimini,Organismi di parità,6,Territorio,valido_localizzato,08_2406_rta_08_241015091553_4166---Protocollosullaviolenzadigenere_confirme_prot.txt,1
09,Toscana,Lucca,Lucca,Consigliera di Parità di Lucca,Organismi di parità,6,Territorio,valido_localizzato,09_LUCCA PROV.txt,1
08,Emilia-Romagna,,,Consigliera di Parità provinciale,Organismi di parità,6,Territorio,valido_localizzato,08_2406_rta_08_241015092049_4166---PROTOCOLLOD.G.C.FAENZA304-2009.txt,1
08,Emilia-Romagna,,,Consigliere di Parità,Organismi di parità,6,Territorio,valido_localizzato,08_2406_rta_08_241015091725_4166---Protoc-Prefett-2017.txt,1
08,Emilia-Romagna,,,Consulta per le pari opportunita,Organismi di parità,6,Territorio,valido_localizzato,08_2406_rta_08_241015091330_4166---Protocollo_intesa_autonomia_abitativa_donne_vittime_di_violenza_CittMtrBO.txt,1
08,Emilia-Romagna,,,Dipartimento per le Pari Opportunita della Presidenza del Consiglio dei Ministri,Organismi di parità,6,Territorio,valido_localizzato,08_2406_rta_08_241015091330_4166---Protocollo_intesa_autonomia_abitativa_donne_vittime_di_violenza_CittMtrBO.txt,1
08,Emilia-Romagna,,,Uffici Pari opportunita,Organismi di parità,6,Territorio,valido_localizzato,08_2406_rta_08_241015091500_4166---Protocollo_autonomia_lavorativa_def.txt,1
09,Toscana,Arezzo,Arezzo,Ufficio delle Consigliere di Parità per la Provincia di Arezzo,Organismi di parità,6,Territorio,valido_localizzato,09_AREZZO Prot_2024-2026.txt,1
09,Toscana,,,Polizia provinciale,Polizia provinciale,9,altro,valido_localizzato,09_GROSSETO 2022 fpdf.txt,1
09,Toscana,Firenze,Firenze,Città Metropolitana di Firenze,Province/Città metropolitane,10,Province/Città metropolitane,valido_localizzato,09_FIRENZE Linee-di-indirizzo2024.txt,1
07,Liguria,Genova,Genova,Città Metropolitana di Genova,Province/Città metropolitane,10,Province/Città metropolitane,valido_localizzato,07_2406_rta_07_240916163956_4166---DGR477_2022_Protocollo.txt,1
08,Emilia-Romagna,Bologna,Bologna,Città metropolitana di Bologna,Province/Città metropolitane,10,Province/Città metropolitane,valido_localizzato,08_2406_rta_08_241015091310_4166---Accordo_Contrasto_alla_violenza_CittMtrBO.txt | 08_2406_rta_08_241015091330_4166---Protocollo_intesa_autonomia_abitativa_donne_vittime_di_violenza_CittMtrBO.txt | 08_2406_rta_08_241015091500_4166---Protocollo_autonomia_lavorativa_def.txt,3
09,Toscana,Arezzo,Arezzo,Provincia di Arezzo,Province/Città metropolitane,10,Province/Città metropolitane,valido_localizzato,09_AREZZO Prot_2024-2026.txt,1
08,Emilia-Romagna,Bologna,Bologna,Provincia di Bologna,Province/Città metropolitane,10,Province/Città metropolitane,valido_localizzato,08_2406_rta_08_241015091310_4166---Accordo_Contrasto_alla_violenza_CittMtrBO.txt,1
08,Emilia-Romagna,,,Provincia di Forli-Cesena,Province/Città metropolitane,10,Province/Città metropolitane,valido_localizzato,08_2406_rta_08_241015091621_4166---PROTOCOLLO_22.txt,1
09,Toscana,Grosseto,Grosseto,Provincia di Grosseto,Province/Città metropolitane,10,Province/Città metropolitane,valido_localizzato,09_GROSSETO 2022 fpdf.txt,1
09,Toscana,Livorno,Livorno,Provincia di Livorno,Province/Città metropolitane,10,Province/Città metropolitane,valido_localizzato,09_LIVORNO Protocollo_ RETE ANTIVIOLENZA_ LIVORNO.txt,1
09,Toscana,Lucca,Lucca,Provincia di Lucca,Province/Città metropolitane,10,Province/Città metropolitane,valido_localizzato,09_LUCCA PROV.txt,1
09,Toscana,Massa-Carrara,Massa Carrara,Provincia di Massa Carrara,Province/Città metropolitane,10,Province/Città metropolitane,valido_localizzato,09_APUANE_2015 Protocollo Prefettura.txt,1
08,Emilia-Romagna,Modena,Modena,Provincia di Modena,Province/Città metropolitane,10,Province/Città metropolitane,valido_localizzato,08_2406_rta_08_241015091725_4166---Protoc-Prefett-2017.txt | 08_2406_rta_08_241015092024_4166---Protocollooperativo.txt,2
08,Emilia-Romagna,Piacenza,Piacenza,Provincia di Piacenza,Province/Città metropolitane,10,Province/Città metropolitane,valido_localizzato,08_2406_rta_08_241015091832_4166---P.G.111546-2023PROTOCOLLOOPERATIVOFENOMENOVIOLENZADONNE(1).txt | 08_2406_rta_08_241015091917_4166---Protocollo2022-2024.txt | 08_2406_rta_08_241015092005_4166---DG216-2024.txt,3
09,Toscana,Pisa,Pisa,Provincia di Pisa,Province/Città metropolitane,10,Province/Città metropolitane,valido_localizzato,09_PISA PREF E PROV.txt,1
09,Toscana,Pistoia,Pistoia,Provincia di Pistoia,Province/Città metropolitane,10,Province/Città metropolitane,valido_localizzato,09_PISTOIA PROV .txt,1
09,Toscana,Prato,Prato,Provincia di Prato,Province/Città metropolitane,10,Province/Città metropolitane,valido_localizzato,09_PRATO PREF.txt,1
08,Emilia-Romagna,,Reggio Emilia,Provincia di Reggio Emilia,Province/Città metropolitane,10,Province/Città metropolitane,valido_localizzato,08_2406_rta_08_241015091655_4166---Aggiornamentointegrazioneprotocollooperativoapprovatonelgiugno2008.txt,1
08,Emilia-Romagna,Rimini,Rimini,Provincia di Rimini,Province/Città metropolitane,10,Province/Città metropolitane,valido_localizzato,08_2406_rta_08_241015091553_4166---Protocollosullaviolenzadigenere_confirme_prot.txt,1
08,Emilia-Romagna,Rimini,Rimini,Campus di Rimini,Università,7,Settore Educativo,valido_localizzato,08_2406_rta_08_241015091553_4166---Protocollosullaviolenzadigenere_confirme_prot.txt,1
08,Emilia-Romagna,,,Università degli Studi di Bologna - Dipartimento di Psicologia,Università,7,Settore Educativo,valido_localizzato,08_2406_rta_08_241015091621_4166---PROTOCOLLO_22.txt,1
08,Emilia-Romagna,Ferrara,Ferrara,Università degli Studi di Ferrara,Università,7,Settore Educativo,valido_localizzato,08_2406_rta_08_241015091355_4166---PROTOCOLLO_CONTRO_VIOLENZA_firmato2023.txt | 08_2406_rta_08_241015091430_4166---Protocollo_Distrettuale_Contrasto_violenza_Donne2023.stamped.txt,2
09,Toscana,Firenze,Firenze,Università degli Studi di Firenze,Università,7,Settore Educativo,valido_localizzato,09_LIVORNO Protocollo_ RETE ANTIVIOLENZA_ LIVORNO.txt,1
07,Liguria,Genova,Genova,Università degli Studi di Genova,Università,7,Settore Educativo,valido_localizzato,07_2406_rta_07_240916163956_4166---DGR477_2022_Protocollo.txt,1
08,Emilia-Romagna,,,Università degli Studi di Modena e Reggio Emilia,Università,7,Settore Educativo,valido_localizzato,08_2406_rta_08_241015091725_4166---Protoc-Prefett-2017.txt,1
09,Toscana,Pisa,Pisa,Università degli Studi di Pisa,Università,7,Settore Educativo,valido_localizzato,09_PISA PREF E PROV.txt,1
08,Emilia-Romagna,Modena,Modena,Università di Modena,Università,7,Settore Educativo,valido_localizzato,08_2406_rta_08_241015091655_4166---Aggiornamentointegrazioneprotocollooperativoapprovatonelgiugno2008.txt,1
09,Toscana,Siena,Siena,Ordine dei Dottori Commercialisti e degli Esperti Contabili di Siena,Altri ordini professionali,8,associazionismo,valido_localizzato,09_ALTA VALDELSA Protocollo-violenza-valdelsa-2022_ALTA VALDELSA.txt,1
08,Emilia-Romagna,Ferrara,Ferrara,Ordine dei Giornalisti di Ferrara,Altri ordini professionali,8,associazionismo,valido_localizzato,08_2406_rta_08_241015091355_4166---PROTOCOLLO_CONTRO_VIOLENZA_firmato2023.txt,1
09,Toscana,,,CAM Centro Uomini Maltrattanti,"Associazioni che si occupano di programmi di prevenzione, recupero e trattamento per uomini maltrattanti",8,associazionismo,valido_localizzato,09_FIRENZE Linee-di-indirizzo2024.txt,1
08,Emilia-Romagna,Ferrara,Ferrara,CAM Centro di Ascolto per Uomini Maltrattanti APS di Ferrara,"Associazioni che si occupano di programmi di prevenzione, recupero e trattamento per uomini maltrattanti",8,associazionismo,valido_localizzato,08_2406_rta_08_241015091430_4166---Protocollo_Distrettuale_Contrasto_violenza_Donne2023.stamped.txt,1
09,Toscana,,,CAM Firenze,"Associazioni che si occupano di programmi di prevenzione, recupero e trattamento per uomini maltrattanti",8,associazionismo,valido_localizzato,09_ALTA VALDELSA Protocollo-violenza-valdelsa-2022_ALTA VALDELSA.txt,1
08,Emilia-Romagna,,,"Centri LDV ""liberiamoci dalla Violenza","Associazioni che si occupano di programmi di prevenzione, recupero e trattamento per uomini maltrattanti",8,associazionismo,valido_localizzato,08_2406_rta_08_241015091553_4166---Protocollosullaviolenzadigenere_confirme_prot.txt,1
08,Emilia-Romagna,,,Centro LDV (Liberiamoci dalla violenza - Centro di accompagnamento al cambiamento per uomini dell'Azienda Unità Sanitaria Locale di Modena - Servizio sanitario regionale Emilia Romagna,"Associazioni che si occupano di programmi di prevenzione, recupero e trattamento per uomini maltrattanti",8,associazionismo,valido_localizzato,08_2406_rta_08_241015091725_4166---Protoc-Prefett-2017.txt,1
08,Emilia-Romagna,,,Centro Pubblico LIBERIAMOCI DALLA VIOLENZA (LDV,"Associazioni che si occupano di programmi di prevenzione, recupero e trattamento per uomini maltrattanti",8,associazionismo,valido_localizzato,08_2406_rta_08_241015091430_4166---Protocollo_Distrettuale_Contrasto_violenza_Donne2023.stamped.txt,1
09,Toscana,Firenze,Firenze,Centro di Ascolto Uomini Maltrattanti,"Associazioni che si occupano di programmi di prevenzione, recupero e trattamento per uomini maltrattanti",8,associazionismo,valido_localizzato,09_PRATO PREF.txt,1
08,Emilia-Romagna,Ferrara,Ferrara,Centro di Ascolto per Uomini Maltrattanti di Ferrara,"Associazioni che si occupano di programmi di prevenzione, recupero e trattamento per uomini maltrattanti",8,associazionismo,valido_localizzato,08_2406_rta_08_241015091355_4166---PROTOCOLLO_CONTRO_VIOLENZA_firmato2023.txt,1
08,Emilia-Romagna,,,LDV Liberiamoci dalla Violenza,"Associazioni che si occupano di programmi di prevenzione, recupero e trattamento per uomini maltrattanti",8,associazionismo,valido_localizzato,08_2406_rta_08_241015092024_4166---Protocollooperativo.txt,1
09,Toscana,,,Nuovo Maschile. Uomini liberi dalla violenza,"Associazioni che si occupano di programmi di prevenzione, recupero e trattamento per uomini maltrattanti",8,associazionismo,valido_localizzato,09_PISA PREF E PROV.txt,1
08,Emilia-Romagna,Bologna,Bologna,AIPI,Ente terzo settore - ETS (iscritto al RUNTS),8,associazionismo,valido_localizzato,08_2406_rta_08_241015091330_4166---Protocollo_intesa_autonomia_abitativa_donne_vittime_di_violenza_CittMtrBO.txt,1
07,Liguria,Genova,Genova,Agora soc. coop. soc,Ente terzo settore - ETS (iscritto al RUNTS),8,associazionismo,valido_localizzato,07_2406_rta_07_240916163933_4166---sub_14574431199510849525_Protocollo_LVLS-signed.txt,1
09,Toscana,Firenze,Firenze,Alice Cooperativa Sociale,Ente terzo settore - ETS (iscritto al RUNTS),8,associazionismo,valido_localizzato,09_PRATO PREF.txt,1
07,Liguria,Genova,Genova,Arci Solidarieta Genova ODV,Ente terzo settore - ETS (iscritto al RUNTS),8,associazionismo,valido_localizzato,07_2406_rta_07_240916163933_4166---sub_14574431199510849525_Protocollo_LVLS-signed.txt,1
09,Toscana,Pisa,Pontedera,Arnera Società Cooperativa Sociale,Ente terzo settore - ETS (iscritto al RUNTS),8,associazionismo,valido_localizzato,09_PISA PREF E PROV.txt,1
09,Toscana,Massa-Carrara,Massa,Associazione A.R.P.A,Ente terzo settore - ETS (iscritto al RUNTS),8,associazionismo,valido_localizzato,09_APUANE_2015 Protocollo Prefettura.txt,1
09,Toscana,Siena,Montepulciano,Associazione Amica Donna,Ente terzo settore - ETS (iscritto al RUNTS),8,associazionismo,valido_localizzato,09_VALDICHIANA_all. decreto 37_2008 protocollo di intesa 2008.txt,1
09,Toscana,Firenze,Castelfiorentino,Associazione Atelier Vantaggio Donna,Ente terzo settore - ETS (iscritto al RUNTS),8,associazionismo,valido_localizzato,09_ALTA VALDELSA Protocollo-violenza-valdelsa-2022_ALTA VALDELSA.txt,1
09,Toscana,Massa-Carrara,Carrara,Associazione C.LF,Ente terzo settore - ETS (iscritto al RUNTS),8,associazionismo,valido_localizzato,09_APUANE_2015 Protocollo Prefettura.txt,1
08,Emilia-Romagna,Forli-Cesena,Cesena,Associazione Centro di Aiuto alla Vita di Cesena,Ente terzo settore - ETS (iscritto al RUNTS),8,associazionismo,valido_localizzato,08_2406_rta_08_241015091621_4166---PROTOCOLLO_22.txt,1
09,Toscana,Pisa,Pisa,Associazione Donne In Movimento,Ente terzo settore - ETS (iscritto al RUNTS),8,associazionismo,valido_localizzato,09_PISA PREF E PROV.txt,1
09,Toscana,Pisa,Pontedera,Associazione Eunice,Ente terzo settore - ETS (iscritto al RUNTS),8,associazionismo,valido_localizzato,09_PISA PREF E PROV.txt,1
08,Emilia-Romagna,Forli-Cesena,Cesena,Associazione Grazia e Pace,Ente terzo settore - ETS (iscritto al RUNTS),8,associazionismo,valido_localizzato,08_2406_rta_08_241015091621_4166---PROTOCOLLO_22.txt,1
08,Emilia-Romagna,Modena,Modena,Associazione Gruppo Donne e Giustizia,Ente terzo settore - ETS (iscritto al RUNTS),8,associazionismo,valido_localizzato,08_2406_rta_08_241015091725_4166---Protoc-Prefett-2017.txt,1
09,Toscana,Livorno,Livorno,Associazione LUI APS,Ente terzo settore - ETS (iscritto al RUNTS),8,associazionismo,valido_localizzato,09_LIVORNO Protocollo_ RETE ANTIVIOLENZA_ LIVORNO.txt,1
09,Toscana,Pisa,Pomarance,Associazione Le Amiche di Mafalda,Ente terzo settore - ETS (iscritto al RUNTS),8,associazionismo,valido_localizzato,09_PISA PREF E PROV.txt,1
08,Emilia-Romagna,Forli-Cesena,Cesena,Associazione Mater Caritatis,Ente terzo settore - ETS (iscritto al RUNTS),8,associazionismo,valido_localizzato,08_2406_rta_08_241015091621_4166---PROTOCOLLO_22.txt,1
08,Emilia-Romagna,Bologna,Bologna,Associazione MondoDonna Onlus,Ente terzo settore - ETS (iscritto al RUNTS),8,associazionismo,valido_localizzato,08_2406_rta_08_241015091500_4166---Protocollo_autonomia_lavorativa_def.txt,1
09,Toscana,Grosseto,Grosseto,Associazione Olympia de Gouges,Ente terzo settore - ETS (iscritto al RUNTS),8,associazionismo,valido_localizzato,09_GROSSETO 2022 fpdf.txt,1
09,Toscana,,,Associazione P.A. Humanitas,Ente terzo settore - ETS (iscritto al RUNTS),8,associazionismo,valido_localizzato,09_GROSSETO 2022 fpdf.txt,1
08,Emilia-Romagna,,,Associazione Per le Donne,Ente terzo settore - ETS (iscritto al RUNTS),8,associazionismo,valido_localizzato,08_2406_rta_08_241015091621_4166---PROTOCOLLO_22.txt,1
09,Toscana,Livorno,Livorno,Associazione Psicosfera,Ente terzo settore - ETS (iscritto al RUNTS),8,associazionismo,valido_localizzato,09_LIVORNO Protocollo_ RETE ANTIVIOLENZA_ LIVORNO.txt,1
09,Toscana,Livorno,Livorno,Associazione Randi APS,Ente terzo settore - ETS (iscritto al RUNTS),8,associazionismo,valido_localizzato,09_LIVORNO Protocollo_ RETE ANTIVIOLENZA_ LIVORNO.txt,1
08,Emilia-Romagna,Ravenna,Faenza,Associazione SOS Donna,Ente terzo settore - ETS (iscritto al RUNTS),8,associazionismo,valido_localizzato,08_2406_rta_08_241015091500_4166---Protocollo_autonomia_lavorativa_def.txt,1
09,Toscana,,,Associazioni del Terzo Settore,Ente terzo settore - ETS (iscritto al RUNTS),8,associazionismo,valido_localizzato,09_LUCCA PROV.txt,1
09,Toscana,Firenze,Empoli,Comitato Regionale,Ente terzo settore - ETS (iscritto al RUNTS),8,associazionismo,valido_localizzato,09_SENESE Delibera-n.1196-del-24-10-2022-allegato-a_SENESE_2.txt,1
08,Emilia-Romagna,,,Coop.va Sociale Librazione,Ente terzo settore - ETS (iscritto al RUNTS),8,associazionismo,valido_localizzato,08_2406_rta_08_241015091621_4166---PROTOCOLLO_22.txt,1
08,Emilia-Romagna,,,Cooperativa Girogirotondo,Ente terzo settore - ETS (iscritto al RUNTS),8,associazionismo,valido_localizzato,08_2406_rta_08_241015091430_4166---Protocollo_Distrettuale_Contrasto_violenza_Donne2023.stamped.txt,1
07,Liguria,Genova,Genova,Dono Società cooperativa sociale,Ente terzo settore - ETS (iscritto al RUNTS),8,associazionismo,valido_localizzato,07_2406_rta_07_240916163933_4166---sub_14574431199510849525_Protocollo_LVLS-signed.txt,1
07,Liguria,Genova,Genova,Fondazione Auxilium,Ente terzo settore - ETS (iscritto al RUNTS),8,associazionismo,valido_localizzato,07_2406_rta_07_240916163933_4166---sub_14574431199510849525_Protocollo_LVLS-signed.txt,1
08,Emilia-Romagna,,Reggio Emilia,Forum Donne Giuriste di Reggio Emilia,Ente terzo settore - ETS (iscritto al RUNTS),8,associazionismo,valido_localizzato,08_2406_rta_08_241015091655_4166---Aggiornamentointegrazioneprotocollooperativoapprovatonelgiugno2008.txt,1
07,Liguria,Genova,Genova,Il Biscione Società Cooperativa Sociale,Ente terzo settore - ETS (iscritto al RUNTS),8,associazionismo,valido_localizzato,07_2406_rta_07_240916163933_4166---sub_14574431199510849525_Protocollo_LVLS-signed.txt,1
07,Liguria,Genova,Genova,Il Cesto Onlus Cooperativa Sociale,Ente terzo settore - ETS (iscritto al RUNTS),8,associazionismo,valido_localizzato,07_2406_rta_07_240916163933_4166---sub_14574431199510849525_Protocollo_LVLS-signed.txt,1
09,Toscana,Livorno,Livorno,Ippogrifo APS,Ente terzo settore - ETS (iscritto al RUNTS),8,associazionismo,valido_localizzato,09_LIVORNO Protocollo_ RETE ANTIVIOLENZA_ LIVORNO.txt,1
07,Liguria,Genova,Genova,Lanza del Vasto Società Cooperativa Sociale,Ente terzo settore - ETS (iscritto al RUNTS),8,associazionismo,valido_localizzato,07_2406_rta_07_240916163933_4166---sub_14574431199510849525_Protocollo_LVLS-signed.txt,1
01,Piemonte,Torino,Torino,Liberitutti Società Cooperativa Sociale,Ente terzo settore - ETS (iscritto al RUNTS),8,associazionismo,valido_localizzato,07_2406_rta_07_240916163933_4166---sub_14574431199510849525_Protocollo_LVLS-signed.txt,1
07,Liguria,Genova,Genova,Tl Melograno Cooperativa Sociale Onlus,Ente terzo settore - ETS (iscritto al RUNTS),8,associazionismo,valido_localizzato,07_2406_rta_07_240916163933_4166---sub_14574431199510849525_Protocollo_LVLS-signed.txt,1
08,Emilia-Romagna,Ferrara,Ferrara,UDI Unione Donne in Italia - Sede di Ferrara,Ente terzo settore - ETS (iscritto al RUNTS),8,associazionismo,valido_localizzato,08_2406_rta_08_241015091430_4166---Protocollo_Distrettuale_Contrasto_violenza_Donne2023.stamped.txt,1
08,Emilia-Romagna,Ferrara,Ferrara,Unione Donne in Italia - APS Ferrara,Ente terzo settore - ETS (iscritto al RUNTS),8,associazionismo,valido_localizzato,08_2406_rta_08_241015091355_4166---PROTOCOLLO_CONTRO_VIOLENZA_firmato2023.txt,1
09,Toscana,Firenze,Firenze,Unione Europea,Ente terzo settore - ETS (iscritto al RUNTS),8,associazionismo,da_escludere,09_APUANE_2015 Protocollo Prefettura.txt,1
07,Liguria,,,operatori del III settore,Ente terzo settore - ETS (iscritto al RUNTS),8,associazionismo,valido_localizzato,07_2406_rta_07_240916163905_4166---PROTOCOLLOFIRMATO(002).txt,1
08,Emilia-Romagna,,,Di.Re - Donne in Rete contro la violenza,Ente terzo settore - ETS (iscritto al RUNTS) costituito da donne per le donne,8,associazionismo,valido_localizzato,08_2406_rta_08_241015091553_4166---Protocollosullaviolenzadigenere_confirme_prot.txt,1
08,Emilia-Romagna,Rimini,Rimini,Avvocati,Ordine avvocati,8,associazionismo,valido_localizzato,08_2406_rta_08_241015091430_4166---Protocollo_Distrettuale_Contrasto_violenza_Donne2023.stamped.txt,1
09,Toscana,Siena,Siena,CPO dell'Ordine degli Avvocati di Siena,Ordine avvocati,8,associazionismo,valido_localizzato,09_ALTA VALDELSA Protocollo-violenza-valdelsa-2022_ALTA VALDELSA.txt,1
08,Emilia-Romagna,,,Ordine degli Avvocati,Ordine avvocati,8,associazionismo,valido_localizzato,08_2406_rta_08_241015091621_4166---PROTOCOLLO_22.txt,1
08,Emilia-Romagna,Ferrara,Ferrara,Ordine degli Avvocati di Ferrara,Ordine avvocati,8,associazionismo,valido_localizzato,08_2406_rta_08_241015091355_4166---PROTOCOLLO_CONTRO_VIOLENZA_firmato2023.txt | 08_2406_rta_08_241015091430_4166---Protocollo_Distrettuale_Contrasto_violenza_Donne2023.stamped.txt,2
08,Emilia-Romagna,,Reggio Emilia,Ordine degli Avvocati di Reggio Emilia,Ordine avvocati,8,associazionismo,valido_localizzato,08_2406_rta_08_241015091655_4166---Aggiornamentointegrazioneprotocollooperativoapprovatonelgiugno2008.txt,1
09,Toscana,Siena,Siena,Ordine degli Avvocati di Siena,Ordine avvocati,8,associazionismo,valido_localizzato,09_ALTA VALDELSA Protocollo-violenza-valdelsa-2022_ALTA VALDELSA.txt,1
08,Emilia-Romagna,Ferrara,Ferrara,Ordine dei Farmacisti di Ferrara,Ordine medici e odontoiatri e Ordine farmacisti,8,associazionismo,valido_localizzato,08_2406_rta_08_241015091355_4166---PROTOCOLLO_CONTRO_VIOLENZA_firmato2023.txt,1
08,Emilia-Romagna,Ferrara,Ferrara,Ordine dei Medici Chirurghi e degli Odontoiatri di Ferrara,Ordine medici e odontoiatri e Ordine farmacisti,8,associazionismo,valido_localizzato,08_2406_rta_08_241015091355_4166---PROTOCOLLO_CONTRO_VIOLENZA_firmato2023.txt,1
08,Emilia-Romagna,,,APPC,Sindacati/Associazioni di categoria,8,associazionismo,valido_localizzato,08_2406_rta_08_241015091330_4166---Protocollo_intesa_autonomia_abitativa_donne_vittime_di_violenza_CittMtrBO.txt,1
09,Toscana,,,Ascom,Sindacati/Associazioni di categoria,8,associazionismo,valido_localizzato,09_GROSSETO 2022 fpdf.txt,1
08,Emilia-Romagna,Ferrara,Ferrara,Ascom Confcommercio Ferrara,Sindacati/Associazioni di categoria,8,associazionismo,valido_localizzato,08_2406_rta_08_241015091355_4166---PROTOCOLLO_CONTRO_VIOLENZA_firmato2023.txt,1
08,Emilia-Romagna,,,Associazione Piccoli Proprietari Case,Sindacati/Associazioni di categoria,8,associazionismo,valido_localizzato,08_2406_rta_08_241015091330_4166---Protocollo_intesa_autonomia_abitativa_donne_vittime_di_violenza_CittMtrBO.txt,1
08,Emilia-Romagna,,,CGIL,Sindacati/Associazioni di categoria,8,associazionismo,valido_localizzato,08_2406_rta_08_241015091330_4166---Protocollo_intesa_autonomia_abitativa_donne_vittime_di_violenza_CittMtrBO.txt,1
08,Emilia-Romagna,Bologna,Bologna,CGIL - Bologna,Sindacati/Associazioni di categoria,8,associazionismo,valido_localizzato,08_2406_rta_08_241015091500_4166---Protocollo_autonomia_lavorativa_def.txt,1
09,Toscana,,,CGIL Provinciale,Sindacati/Associazioni di categoria,8,associazionismo,valido_localizzato,09_PISTOIA PROV .txt,1
09,Toscana,,,CIA,Sindacati/Associazioni di categoria,8,associazionismo,valido_localizzato,09_GROSSETO 2022 fpdf.txt,1
08,Emilia-Romagna,,,CISL,Sindacati/Associazioni di categoria,8,associazionismo,valido_localizzato,08_2406_rta_08_241015091330_4166---Protocollo_intesa_autonomia_abitativa_donne_vittime_di_violenza_CittMtrBO.txt,1
08,Emilia-Romagna,,,CISL Area metropolitana Bolognese,Sindacati/Associazioni di categoria,8,associazionismo,valido_localizzato,08_2406_rta_08_241015091500_4166---Protocollo_autonomia_lavorativa_def.txt,1
09,Toscana,,,CISL Provinciale,Sindacati/Associazioni di categoria,8,associazionismo,valido_localizzato,09_PISTOIA PROV .txt,1
08,Emilia-Romagna,Bologna,Bologna,CNA Bologna,Sindacati/Associazioni di categoria,8,associazionismo,valido_localizzato,08_2406_rta_08_241015091500_4166---Protocollo_autonomia_lavorativa_def.txt,1
08,Emilia-Romagna,,,CNA Piacenza,Sindacati/Associazioni di categoria,8,associazionismo,valido_localizzato,08_2406_rta_08_241015092005_4166---DG216-2024.txt,1
08,Emilia-Romagna,,,CONIA,Sindacati/Associazioni di categoria,8,associazionismo,valido_localizzato,08_2406_rta_08_241015091330_4166---Protocollo_intesa_autonomia_abitativa_donne_vittime_di_violenza_CittMtrBO.txt,1
08,Emilia-Romagna,,,Confapi Piacenza,Sindacati/Associazioni di categoria,8,associazionismo,valido_localizzato,08_2406_rta_08_241015092005_4166---DG216-2024.txt,1
08,Emilia-Romagna,,,Confartigianato Imprese di Bologna e Imola,Sindacati/Associazioni di categoria,8,associazionismo,valido_localizzato,08_2406_rta_08_241015091500_4166---Protocollo_autonomia_lavorativa_def.txt,1
08,Emilia-Romagna,Bologna,Bologna,Confcommercio ASCOM Bologna,Sindacati/Associazioni di categoria,8,associazionismo,valido_localizzato,08_2406_rta_08_241015091500_4166---Protocollo_autonomia_lavorativa_def.txt,1
08,Emilia-Romagna,,,Confcommercio Ascom Bologna,Sindacati/Associazioni di categoria,8,associazionismo,valido_localizzato,08_2406_rta_08_241015091330_4166---Protocollo_intesa_autonomia_abitativa_donne_vittime_di_violenza_CittMtrBO.txt,1
08,Emilia-Romagna,,,Confcommercio Piacenza,Sindacati/Associazioni di categoria,8,associazionismo,valido_localizzato,08_2406_rta_08_241015092005_4166---DG216-2024.txt,1
09,Toscana,,,Confesercenti,Sindacati/Associazioni di categoria,8,associazionismo,valido_localizzato,09_GROSSETO 2022 fpdf.txt,1
08,Emilia-Romagna,Bologna,Bologna,Confesercenti Bologna,Sindacati/Associazioni di categoria,8,associazionismo,valido_localizzato,08_2406_rta_08_241015091500_4166---Protocollo_autonomia_lavorativa_def.txt,1
08,Emilia-Romagna,,,Confesercenti Piacenza,Sindacati/Associazioni di categoria,8,associazionismo,valido_localizzato,08_2406_rta_08_241015092005_4166---DG216-2024.txt,1
08,Emilia-Romagna,,,"Confindustria Emilia Area Centro: le imprese di Bologna, Ferrara e Modena",Sindacati/Associazioni di categoria,8,associazionismo,valido_localizzato,08_2406_rta_08_241015091500_4166---Protocollo_autonomia_lavorativa_def.txt,1
08,Emilia-Romagna,,,Confindustria Piacenza,Sindacati/Associazioni di categoria,8,associazionismo,valido_localizzato,08_2406_rta_08_241015092005_4166---DG216-2024.txt,1
08,Emilia-Romagna,,,Coordinamento Donne CGIL Piacenza,Sindacati/Associazioni di categoria,8,associazionismo,valido_localizzato,08_2406_rta_08_241015092005_4166---DG216-2024.txt,1
08,Emilia-Romagna,Piacenza,Piacenza,Coordinamento Donne UIL Emilia Romagna sede di Piacenza,Sindacati/Associazioni di categoria,8,associazionismo,valido_localizzato,08_2406_rta_08_241015092005_4166---DG216-2024.txt,1
08,Emilia-Romagna,,,Coordinamento Pari Opportunita CISL Parma Piacenza,Sindacati/Associazioni di categoria,8,associazionismo,valido_localizzato,08_2406_rta_08_241015092005_4166---DG216-2024.txt,1
09,Toscana,,,Federalberghi,Sindacati/Associazioni di categoria,8,associazionismo,valido_localizzato,09_GROSSETO 2022 fpdf.txt,1
08,Emilia-Romagna,Ferrara,Ferrara,Federfarma Ferrara,Sindacati/Associazioni di categoria,8,associazionismo,valido_localizzato,08_2406_rta_08_241015091355_4166---PROTOCOLLO_CONTRO_VIOLENZA_firmato2023.txt,1
08,Emilia-Romagna,,,Legacoop Emilia Ovest Piacenza,Sindacati/Associazioni di categoria,8,associazionismo,valido_localizzato,08_2406_rta_08_241015092005_4166---DG216-2024.txt,1
08,Emilia-Romagna,,,SICET,Sindacati/Associazioni di categoria,8,associazionismo,valido_localizzato,08_2406_rta_08_241015091330_4166---Protocollo_intesa_autonomia_abitativa_donne_vittime_di_violenza_CittMtrBO.txt,1
08,Emilia-Romagna,,,SUNIA,Sindacati/Associazioni di categoria,8,associazionismo,valido_localizzato,08_2406_rta_08_241015091330_4166---Protocollo_intesa_autonomia_abitativa_donne_vittime_di_violenza_CittMtrBO.txt,1
08,Emilia-Romagna,Ferrara,Ferrara,Sindacato Confederale CGIL Ferrara,Sindacati/Associazioni di categoria,8,associazionismo,valido_localizzato,08_2406_rta_08_241015091430_4166---Protocollo_Distrettuale_Contrasto_violenza_Donne2023.stamped.txt,1
08,Emilia-Romagna,Ferrara,Ferrara,Sindacato Confederale CISL Ferrara,Sindacati/Associazioni di categoria,8,associazionismo,valido_localizzato,08_2406_rta_08_241015091430_4166---Protocollo_Distrettuale_Contrasto_violenza_Donne2023.stamped.txt,1
08,Emilia-Romagna,Ferrara,Ferrara,Sindacato Confederale UIL Ferrara,Sindacati/Associazioni di categoria,8,associazionismo,valido_localizzato,08_2406_rta_08_241015091430_4166---Protocollo_Distrettuale_Contrasto_violenza_Donne2023.stamped.txt,1
09,Toscana,,,UGL Provinciale,Sindacati/Associazioni di categoria,8,associazionismo,valido_localizzato,09_PISTOIA PROV .txt,1
08,Emilia-Romagna,,,UIL,Sindacati/Associazioni di categoria,8,associazionismo,valido_localizzato,08_2406_rta_08_241015091330_4166---Protocollo_intesa_autonomia_abitativa_donne_vittime_di_violenza_CittMtrBO.txt,1
08,Emilia-Romagna,Bologna,Bologna,UIL - Bologna,Sindacati/Associazioni di categoria,8,associazionismo,valido_localizzato,08_2406_rta_08_241015091500_4166---Protocollo_autonomia_lavorativa_def.txt,1
09,Toscana,,,UIL Provinciale,Sindacati/Associazioni di categoria,8,associazionismo,valido_localizzato,09_PISTOIA PROV .txt,1
08,Emilia-Romagna,,,UNIAT,Sindacati/Associazioni di categoria,8,associazionismo,valido_localizzato,08_2406_rta_08_241015091330_4166---Protocollo_intesa_autonomia_abitativa_donne_vittime_di_violenza_CittMtrBO.txt,1
08,Emilia-Romagna,,,UNIONE INQUILINI,Sindacati/Associazioni di categoria,8,associazionismo,valido_localizzato,08_2406_rta_08_241015091330_4166---Protocollo_intesa_autonomia_abitativa_donne_vittime_di_violenza_CittMtrBO.txt,1
09,Toscana,,,"Associazione ""Pronto Donna"" Centro Antiviolenza",CAV,1,CAV,valido_localizzato,09_AREZZO Prot_2024-2026.txt,1
08,Emilia-Romagna,Modena,Modena,Casa delle donne contro la violenza Centro antiviolenza onlus,CAV,1,CAV,valido_localizzato,08_2406_rta_08_241015091725_4166---Protoc-Prefett-2017.txt,1
09,Toscana,,,Centri Antiviolenza,CAV,1,CAV,generico,09_LUCCA PROV.txt | 09_PISA PREF E PROV.txt | 09_PISTOIA PROV .txt | 09_SENESE Delibera-n.1196-del-24-10-2022-allegato-a_SENESE_2.txt,4
07,Liguria,Savona,Albenga,Centro Antiviolenza Artemisia Gentileschi,CAV,1,CAV,valido_localizzato,07_2406_rta_07_240916163956_4166---DGR477_2022_Protocollo.txt,1
09,Toscana,,,Centro Antiviolenza Associazione Artemisia APS,CAV,1,CAV,valido_localizzato,09_FIRENZE Linee-di-indirizzo2024.txt,1
07,Liguria,,,Centro Antiviolenza Casa Pandora Margherita Ferro,CAV,1,CAV,valido_localizzato,07_2406_rta_07_240916163956_4166---DGR477_2022_Protocollo.txt,1
08,Emilia-Romagna,,Reggio Emilia,Centro Antiviolenza Casa delle Donne,CAV,1,CAV,valido_localizzato,08_2406_rta_08_241015091655_4166---Aggiornamentointegrazioneprotocollooperativoapprovatonelgiugno2008.txt,1
09,Toscana,Massa-Carrara,Carrara,Centro Antiviolenza Centro Donna Carrara,CAV,1,CAV,valido_localizzato,09_APUANE_2015 Protocollo Prefettura.txt,1
09,Toscana,,,Centro Antiviolenza Centro Donna Lunigiana,CAV,1,CAV,valido_localizzato,09_APUANE_2015 Protocollo Prefettura.txt,1
09,Toscana,,,Centro Antiviolenza Centro Donna della Lunigiana,CAV,1,CAV,valido_localizzato,09_APUANE_2015 Protocollo Prefettura.txt,1
09,Toscana,Massa-Carrara,Massa,Centro Antiviolenza Centro Donna di Massa,CAV,1,CAV,valido_localizzato,09_APUANE_2015 Protocollo Prefettura.txt,1
09,Toscana,Massa-Carrara,Carrara,Centro Antiviolenza Donna chiama Donna di Carrara,CAV,1,CAV,valido_localizzato,09_APUANE_2015 Protocollo Prefettura.txt,1
09,Toscana,Massa-Carrara,Massa,Centro Antiviolenza Duna di Massa,CAV,1,CAV,valido_localizzato,09_APUANE_2015 Protocollo Prefettura.txt,1
07,Liguria,,,Centro Antiviolenza ISV,CAV,1,CAV,valido_localizzato,07_2406_rta_07_240916163956_4166---DGR477_2022_Protocollo.txt,1
07,Liguria,,,Centro Antiviolenza Irene,CAV,1,CAV,valido_localizzato,07_2406_rta_07_240916163956_4166---DGR477_2022_Protocollo.txt,1
08,Emilia-Romagna,Piacenza,Piacenza,Centro Antiviolenza La Città delle Donne o.d.v,CAV,1,CAV,valido_localizzato,08_2406_rta_08_241015091832_4166---P.G.111546-2023PROTOCOLLOOPERATIVOFENOMENOVIOLENZADONNE(1).txt,1
09,Toscana,,,Centro Antiviolenza La Nara,CAV,1,CAV,valido_localizzato,09_PRATO PREF.txt,1
07,Liguria,,,Centro Antiviolenza Mai piu sola e Casa Rifugio Franca Viola,CAV,1,CAV,valido_localizzato,07_2406_rta_07_240916163956_4166---DGR477_2022_Protocollo.txt,1
07,Liguria,,,Centro Antiviolenza Mascherona e Casa Rifugio Elisa,CAV,1,CAV,valido_localizzato,07_2406_rta_07_240916163956_4166---DGR477_2022_Protocollo.txt,1
07,Liguria,,,Centro Antiviolenza Pandora,CAV,1,CAV,valido_localizzato,07_2406_rta_07_240916163956_4166---DGR477_2022_Protocollo.txt,1
08,Emilia-Romagna,Piacenza,Piacenza,"Centro Antiviolenza Piacenza ""Ass. La Città delle Donne o.d.v",CAV,1,CAV,valido_localizzato,08_2406_rta_08_241015091832_4166---P.G.111546-2023PROTOCOLLOOPERATIVOFENOMENOVIOLENZADONNE(1).txt,1
07,Liguria,,,Centro Antiviolenza Telefono Donna,CAV,1,CAV,valido_localizzato,07_2406_rta_07_240916163956_4166---DGR477_2022_Protocollo.txt,1
08,Emilia-Romagna,Piacenza,Piacenza,Centro Antiviolenza Telefono Rosa Piacenza - Associazione La Città delle Donne - ODV Piacenza,CAV,1,CAV,valido_localizzato,08_2406_rta_08_241015091917_4166---Protocollo2022-2024.txt,1
08,Emilia-Romagna,Rimini,Rimini,"Centro Antiviolenza del Comune di Rimini ""Rompi il silenzio",CAV,1,CAV,valido_localizzato,08_2406_rta_08_241015091553_4166---Protocollosullaviolenzadigenere_confirme_prot.txt,1
09,Toscana,Grosseto,Grosseto,Centro Antiviolenza di Grosseto,CAV,1,CAV,valido_localizzato,09_GROSSETO 2022 fpdf.txt,1
09,Toscana,Grosseto,Orbetello,Centro Antiviolenza di Orbetello,CAV,1,CAV,valido_localizzato,09_GROSSETO 2022 fpdf.txt,1
08,Emilia-Romagna,Rimini,Riccione,"Centro Antiviolenza distrettuale di Riccione ""CHIAMA ChiAMA",CAV,1,CAV,valido_localizzato,08_2406_rta_08_241015091553_4166---Protocollosullaviolenzadigenere_confirme_prot.txt,1
07,Liguria,,,Centro Antiviolenza e Casa Rifugio Per non subire violenza,CAV,1,CAV,valido_localizzato,07_2406_rta_07_240916163956_4166---DGR477_2022_Protocollo.txt,1
09,Toscana,Grosseto,,"Centro antiviolenza ""Olympia de Gouges"" di Grosseto e Orbetello",CAV,1,CAV,valido_localizzato,09_GROSSETO 2022 fpdf.txt,1
09,Toscana,Grosseto,Grosseto,"Centro antiviolenza ""Tutto e vita - Elisabetta Fiorilli"" Grosseto",CAV,1,CAV,valido_localizzato,09_GROSSETO 2022 fpdf.txt,1
09,Toscana,Firenze,Firenze,Centro antiviolenza Artemisia,CAV,1,CAV,valido_localizzato,09_FIRENZE Linee-di-indirizzo2024.txt,1
09,Toscana,,Mantepescali,Centro antiviolenza di Mantepescali,CAV,1,CAV,valido_localizzato,09_GROSSETO 2022 fpdf.txt,1
08,Emilia-Romagna,Bologna,Bologna,Coordinamento dei Centri Antiviolenza dell'Emilia Romagna,CAV,1,CAV,valido_localizzato,08_2406_rta_08_241015091430_4166---Protocollo_Distrettuale_Contrasto_violenza_Donne2023.stamped.txt | 08_2406_rta_08_241015091917_4166---Protocollo2022-2024.txt,2
08,Emilia-Romagna,,,Coordinamento regionale delle Case e dei Centri antiviolenza dell'Emilia Romagna,CAV,1,CAV,valido_localizzato,08_2406_rta_08_241015091553_4166---Protocollosullaviolenzadigenere_confirme_prot.txt,1
07,Liguria,Genova,Genova,Il Cerchio delle Relazioni Società Cooperativa Sociale - Centro Antiviolenza Mascherona,CAV,1,CAV,valido_localizzato,07_2406_rta_07_240916163933_4166---sub_14574431199510849525_Protocollo_LVLS-signed.txt,1
08,Emilia-Romagna,Ferrara,Cento,Punto Antiviolenza Decentrato,CAV,1,CAV,valido_localizzato,08_2406_rta_08_241015091430_4166---Protocollo_Distrettuale_Contrasto_violenza_Donne2023.stamped.txt,1
08,Emilia-Romagna,,,Rete Nazionale Antiviolenza,CAV,1,CAV,valido_localizzato,08_2406_rta_08_241015091655_4166---Aggiornamentointegrazioneprotocollooperativoapprovatonelgiugno2008.txt,1
08,Emilia-Romagna,,,Sportello Antiviolenza ALBA,CAV,1,CAV,valido_localizzato,08_2406_rta_08_241015091621_4166---PROTOCOLLO_22.txt,1
08,Emilia-Romagna,Ferrara,Bondeno,Sportello Antiviolenza Girasole,CAV,1,CAV,valido_localizzato,08_2406_rta_08_241015091430_4166---Protocollo_Distrettuale_Contrasto_violenza_Donne2023.stamped.txt,1
08,Emilia-Romagna,Ferrara,Codigoro,Sportello Antiviolenza Iris - Codigoro,CAV,1,CAV,valido_localizzato,08_2406_rta_08_241015091430_4166---Protocollo_Distrettuale_Contrasto_violenza_Donne2023.stamped.txt,1
08,Emilia-Romagna,Ferrara,Comacchio,Sportello Antiviolenza Iris - Comacchio,CAV,1,CAV,valido_localizzato,08_2406_rta_08_241015091430_4166---Protocollo_Distrettuale_Contrasto_violenza_Donne2023.stamped.txt,1
08,Emilia-Romagna,Ferrara,Copparo,Sportello Antiviolenza NONtiscordardiME,CAV,1,CAV,valido_localizzato,08_2406_rta_08_241015091430_4166---Protocollo_Distrettuale_Contrasto_violenza_Donne2023.stamped.txt,1
08,Emilia-Romagna,Ferrara,Argenta,Sportello Antiviolenza Viola,CAV,1,CAV,valido_localizzato,08_2406_rta_08_241015091430_4166---Protocollo_Distrettuale_Contrasto_violenza_Donne2023.stamped.txt,1
07,Liguria,Genova,Chiavari,Telefono Donna Centro AntiViolenza CIF,CAV,1,CAV,valido_localizzato,07_2406_rta_07_240916163956_4166---DGR477_2022_Protocollo.txt,1
07,Liguria,Genova,Chiavari,Telefono Donna Centro AntiViolenza CIF APS,CAV,1,CAV,valido_localizzato,07_2406_rta_07_240916163905_4166---PROTOCOLLOFIRMATO(002).txt,1
08,Emilia-Romagna,,,Vivere Donna onlus - Centro antiviolenza,CAV,1,CAV,valido_localizzato,08_2406_rta_08_241015091725_4166---Protoc-Prefett-2017.txt,1
08,Emilia-Romagna,Piacenza,Piacenza,ASP Città di Piacenza,CAV/Centri Antiviolenza,1,CAV,valido_localizzato,08_2406_rta_08_241015091917_4166---Protocollo2022-2024.txt,1
08,Emilia-Romagna,Ferrara,Ferrara,"Associazione ""Centro Donna Giustizia"" di Ferrara",CAV/Centri Antiviolenza,1,CAV,valido_localizzato,08_2406_rta_08_241015091355_4166---PROTOCOLLO_CONTRO_VIOLENZA_firmato2023.txt,1
09,Toscana,Pisa,Pisa,Associazione Casa della donna,CAV/Centri Antiviolenza,1,CAV,valido_localizzato,09_PISA PREF E PROV.txt,1
08,Emilia-Romagna,,,Associazione Casa delle donne di Modena contro la violenza,CAV/Centri Antiviolenza,1,CAV,valido_localizzato,08_2406_rta_08_241015092024_4166---Protocollooperativo.txt,1
09,Toscana,Siena,Colle di Val d'Elsa,Associazione Donne Insieme Valdelsa,CAV/Centri Antiviolenza,1,CAV,valido_localizzato,09_ALTA VALDELSA Protocollo-violenza-valdelsa-2022_ALTA VALDELSA.txt,1
09,Toscana,Pisa,San Miniato,Associazione Frida,CAV/Centri Antiviolenza,1,CAV,valido_localizzato,09_PISA PREF E PROV.txt,1
08,Emilia-Romagna,Bologna,Bologna,Associazione MondoDonna,CAV/Centri Antiviolenza,1,CAV,valido_localizzato,08_2406_rta_08_241015091330_4166---Protocollo_intesa_autonomia_abitativa_donne_vittime_di_violenza_CittMtrBO.txt,1
08,Emilia-Romagna,,Reggio Emilia,Associazione Nondasola di Reggio Emilia,CAV/Centri Antiviolenza,1,CAV,valido_localizzato,08_2406_rta_08_241015091655_4166---Aggiornamentointegrazioneprotocollooperativoapprovatonelgiugno2008.txt,1
08,Emilia-Romagna,Ravenna,Faenza,Associazione SOS Donna,CAV/Centri Antiviolenza,1,CAV,valido_localizzato,08_2406_rta_08_241015091330_4166---Protocollo_intesa_autonomia_abitativa_donne_vittime_di_violenza_CittMtrBO.txt,1
08,Emilia-Romagna,Ravenna,Faenza,Associazione SOS Donna - Faenza,CAV/Centri Antiviolenza,1,CAV,valido_localizzato,08_2406_rta_08_241015092049_4166---PROTOCOLLOD.G.C.FAENZA304-2009.txt,1
08,Emilia-Romagna,Ravenna,Lugo,Associazione di volontariato DEMETRA DONNE IN AIUTO ODV,CAV/Centri Antiviolenza,1,CAV,valido_localizzato,08_2406_rta_08_241015091748_4166---ProtocolloProvincialeCaserifugio2023.2025.txt,1
08,Emilia-Romagna,Ravenna,Ravenna,Associazione di volontariato LINEA ROSA ODV,CAV/Centri Antiviolenza,1,CAV,valido_localizzato,08_2406_rta_08_241015091748_4166---ProtocolloProvincialeCaserifugio2023.2025.txt,1
08,Emilia-Romagna,Ravenna,Faenza,Associazione di volontariato SOS DONNA ODV,CAV/Centri Antiviolenza,1,CAV,valido_localizzato,08_2406_rta_08_241015091748_4166---ProtocolloProvincialeCaserifugio2023.2025.txt,1
08,Emilia-Romagna,Bologna,Bologna,CASA delle donne per non subire violenza,CAV/Centri Antiviolenza,1,CAV,valido_localizzato,08_2406_rta_08_241015091310_4166---Accordo_Contrasto_alla_violenza_CittMtrBO.txt | 08_2406_rta_08_241015091330_4166---Protocollo_intesa_autonomia_abitativa_donne_vittime_di_violenza_CittMtrBO.txt | 08_2406_rta_08_241015091500_4166---Protocollo_autonomia_lavorativa_def.txt,3
08,Emilia-Romagna,,Reggio Emilia,Casa delle Donne,CAV/Centri Antiviolenza,1,CAV,valido_localizzato,08_2406_rta_08_241015091655_4166---Aggiornamentointegrazioneprotocollooperativoapprovatonelgiugno2008.txt,1
09,Toscana,Massa-Carrara,Massa,Centro Donna Chiama Donna,CAV/Centri Antiviolenza,1,CAV,valido_localizzato,09_APUANE_2015 Protocollo Prefettura.txt,1
08,Emilia-Romagna,Ferrara,Ferrara,Centro Donna Giustizia APS di Ferrara,CAV/Centri Antiviolenza,1,CAV,valido_localizzato,08_2406_rta_08_241015091430_4166---Protocollo_Distrettuale_Contrasto_violenza_Donne2023.stamped.txt,1
09,Toscana,,,Centro Donna Lunigiana,CAV/Centri Antiviolenza,1,CAV,valido_localizzato,09_APUANE_2015 Protocollo Prefettura.txt,1
09,Toscana,Massa-Carrara,Massa,Centro Donna Provinciale,CAV/Centri Antiviolenza,1,CAV,valido_localizzato,09_APUANE_2015 Protocollo Prefettura.txt,1
08,Emilia-Romagna,Forli-Cesena,Cesena,Centro Donna del Comune di Cesena,CAV/Centri Antiviolenza,1,CAV,valido_localizzato,08_2406_rta_08_241015091621_4166---PROTOCOLLO_22.txt,1
08,Emilia-Romagna,Forli-Cesena,Cesenatico,Centro Donna del Comune di Cesenatico,CAV/Centri Antiviolenza,1,CAV,valido_localizzato,08_2406_rta_08_241015091621_4166---PROTOCOLLO_22.txt,1
08,Emilia-Romagna,Forli-Cesena,Forli,Centro Donna del Comune di Forli,CAV/Centri Antiviolenza,1,CAV,valido_localizzato,08_2406_rta_08_241015091621_4166---PROTOCOLLO_22.txt,1
09,Toscana,Massa-Carrara,Montignoso,Centro di Ascolto Sabine di Montignoso,CAV/Centri Antiviolenza,1,CAV,valido_localizzato,09_APUANE_2015 Protocollo Prefettura.txt,2
07,Liguria,Genova,Genova,Centro per non subire violenza (da U.D.1,CAV/Centri Antiviolenza,1,CAV,valido_localizzato,07_2406_rta_07_240916163933_4166---sub_14574431199510849525_Protocollo_LVLS-signed.txt,1
08,Emilia-Romagna,Forli-Cesena,Cesena,Forum delle Donne di Cesena,CAV/Centri Antiviolenza,1,CAV,valido_localizzato,08_2406_rta_08_241015091621_4166---PROTOCOLLO_22.txt,1
08,Emilia-Romagna,Bologna,Bologna,MondoDonna,CAV/Centri Antiviolenza,1,CAV,valido_localizzato,08_2406_rta_08_241015091310_4166---Accordo_Contrasto_alla_violenza_CittMtrBO.txt,1
08,Emilia-Romagna,,,Per Le Donne - Imola,CAV/Centri Antiviolenza,1,CAV,valido_localizzato,08_2406_rta_08_241015091330_4166---Protocollo_intesa_autonomia_abitativa_donne_vittime_di_violenza_CittMtrBO.txt,1
08,Emilia-Romagna,Bologna,Imola,PerLeDonne,CAV/Centri Antiviolenza,1,CAV,valido_localizzato,08_2406_rta_08_241015091310_4166---Accordo_Contrasto_alla_violenza_CittMtrBO.txt,1
08,Emilia-Romagna,Bologna,Imola,PerLeDonne - Imola,CAV/Centri Antiviolenza,1,CAV,valido_localizzato,08_2406_rta_08_241015091500_4166---Protocollo_autonomia_lavorativa_def.txt,1
08,Emilia-Romagna,Rimini,Rimini,Rompi il silenzio ONLUS,CAV/Centri Antiviolenza,1,CAV,valido_localizzato,08_2406_rta_08_241015091621_4166---PROTOCOLLO_22.txt,1
08,Emilia-Romagna,Ravenna,Faenza,SOS Donna,CAV/Centri Antiviolenza,1,CAV,valido_localizzato,08_2406_rta_08_241015091310_4166---Accordo_Contrasto_alla_violenza_CittMtrBO.txt | 08_2406_rta_08_241015091621_4166---PROTOCOLLO_22.txt,2
08,Emilia-Romagna,,,Servizio Fenice,CAV/Centri Antiviolenza,1,CAV,valido_localizzato,08_2406_rta_08_241015092049_4166---PROTOCOLLOD.G.C.FAENZA304-2009.txt,1
08,Emilia-Romagna,,,Telefoni Rosa,CAV/Centri Antiviolenza,1,CAV,valido_localizzato,08_2406_rta_08_241015092024_4166---Protocollooperativo.txt,1
08,Emilia-Romagna,Bologna,Imola,Trama di Terre,CAV/Centri Antiviolenza,1,CAV,valido_localizzato,08_2406_rta_08_241015091310_4166---Accordo_Contrasto_alla_violenza_CittMtrBO.txt | 08_2406_rta_08_241015091330_4166---Protocollo_intesa_autonomia_abitativa_donne_vittime_di_violenza_CittMtrBO.txt | 08_2406_rta_08_241015091500_4166---Protocollo_autonomia_lavorativa_def.txt,3
08,Emilia-Romagna,Bologna,Bologna,UDI,CAV/Centri Antiviolenza,1,CAV,valido_localizzato,08_2406_rta_08_241015091310_4166---Accordo_Contrasto_alla_violenza_CittMtrBO.txt | 08_2406_rta_08_241015091330_4166---Protocollo_intesa_autonomia_abitativa_donne_vittime_di_violenza_CittMtrBO.txt,2
09,Toscana,,,Casa Rifugio D.I.V.E,Case Rifugio,1,CAV,valido_localizzato,09_ALTA VALDELSA Protocollo-violenza-valdelsa-2022_ALTA VALDELSA.txt,1
07,Liguria,,,Casa Rifugio L'isola che c'e,Case Rifugio,1,CAV,valido_localizzato,07_2406_rta_07_240916163956_4166---DGR477_2022_Protocollo.txt,1
07,Liguria,,,Casa Rifugio Marina,Case Rifugio,1,CAV,valido_localizzato,07_2406_rta_07_240916163956_4166---DGR477_2022_Protocollo.txt,1
08,Emilia-Romagna,,,"Casa Rifugio distrettuale ""Artemisia",Case Rifugio,1,CAV,valido_localizzato,08_2406_rta_08_241015091553_4166---Protocollosullaviolenzadigenere_confirme_prot.txt,1
08,Emilia-Romagna,,,Case rifugio,Case Rifugio,1,CAV,valido_localizzato,08_2406_rta_08_241015091355_4166---PROTOCOLLO_CONTRO_VIOLENZA_firmato2023.txt,1
07,Liguria,Genova,Chiavari,Opera Diocesana Madonna dei Bambini Villaggio del Ragazzo,Case Rifugio,1,CAV,valido_localizzato,07_2406_rta_07_240916163905_4166---PROTOCOLLOFIRMATO(002).txt,1
08,Emilia-Romagna,,,Dipartimento Pari Opportunita della Presidenza del Consiglio dei Ministri,Regioni/Province Autonome,5,Regioni/province Autonome,valido_localizzato,08_2406_rta_08_241015091655_4166---Aggiornamentointegrazioneprotocollooperativoapprovatonelgiugno2008.txt,1
09,Toscana,,Toscana,Giunta della Regione Toscana,Regioni/Province Autonome,5,Regioni/province Autonome,valido_localizzato,09_APUANE_2015 Protocollo Prefettura.txt,1
08,Emilia-Romagna,,,Ministero dell'Interno,Regioni/Province Autonome,5,Regioni/province Autonome,valido_localizzato,08_2406_rta_08_241015091655_4166---Aggiornamentointegrazioneprotocollooperativoapprovatonelgiugno2008.txt,1
08,Emilia-Romagna,,,Ministero dell'Istruzione,Regioni/Province Autonome,5,Regioni/province Autonome,valido_localizzato,08_2406_rta_08_241015091655_4166---Aggiornamentointegrazioneprotocollooperativoapprovatonelgiugno2008.txt,1
08,Emilia-Romagna,,,Ministero della Difesa,Regioni/Province Autonome,5,Regioni/province Autonome,valido_localizzato,08_2406_rta_08_241015091655_4166---Aggiornamentointegrazioneprotocollooperativoapprovatonelgiugno2008.txt,1
08,Emilia-Romagna,,,Ministero per le Pari Opportunita,Regioni/Province Autonome,5,Regioni/province Autonome,valido_localizzato,08_2406_rta_08_241015091655_4166---Aggiornamentointegrazioneprotocollooperativoapprovatonelgiugno2008.txt,1
08,Emilia-Romagna,,,Presidenza del Consiglio dei Ministri - Dipartimento per le Pari Opportunita,Regioni/Province Autonome,5,Regioni/province Autonome,valido_localizzato,08_2406_rta_08_241015092049_4166---PROTOCOLLOD.G.C.FAENZA304-2009.txt,1
08,Emilia-Romagna,,,Regione Emilia - Romagna,Regioni/Province Autonome,5,Regioni/province Autonome,valido_localizzato,08_2406_rta_08_241015091500_4166---Protocollo_autonomia_lavorativa_def.txt,1
08,Emilia-Romagna,,,Regione Emilia-Romagna,Regioni/Province Autonome,5,Regioni/province Autonome,valido_localizzato,08_2406_rta_08_241015091310_4166---Accordo_Contrasto_alla_violenza_CittMtrBO.txt | 08_2406_rta_08_241015091330_4166---Protocollo_intesa_autonomia_abitativa_donne_vittime_di_violenza_CittMtrBO.txt | 08_2406_rta_08_241015091553_4166---Protocollosullaviolenzadigenere_confirme_prot.txt | 08_2406_rta_08_241015091748_4166---ProtocolloProvincialeCaserifugio2023.2025.txt | 08_2406_rta_08_241015091832_4166---P.G.111546-2023PROTOCOLLOOPERATIVOFENOMENOVIOLENZADONNE(1).txt | 08_2406_rta_08_241015092049_4166---PROTOCOLLOD.G.C.FAENZA304-2009.txt,6
07,Liguria,,,Regione Liguria,Regioni/Province Autonome,5,Regioni/province Autonome,valido_localizzato,07_2406_rta_07_240916163905_4166---PROTOCOLLOFIRMATO(002).txt | 07_2406_rta_07_240916163956_4166---DGR477_2022_Protocollo.txt,2
09,Toscana,,Toscana,Regione Toscana,Regioni/Province Autonome,5,Regioni/province Autonome,valido_localizzato,09_APUANE_2015 Protocollo Prefettura.txt | 09_FIRENZE Linee-di-indirizzo2024.txt | 09_GROSSETO 2022 fpdf.txt | 09_LIVORNO Protocollo_ RETE ANTIVIOLENZA_ LIVORNO.txt | 09_PISA PREF E PROV.txt | 09_PRATO PREF.txt,6
09,Toscana,Firenze,Firenze,Regione Toscana,Regioni/Province Autonome,5,Regioni/province Autonome,valido_localizzato,09_SENESE Delibera-n.1196-del-24-10-2022-allegato-a_SENESE_2.txt,1
08,Emilia-Romagna,,,SERVIZIO SANITARIO REGIONALE EMILIA-ROMAGNA,Regioni/Province Autonome,5,Regioni/province Autonome,valido_localizzato,08_2406_rta_08_241015091832_4166---P.G.111546-2023PROTOCOLLOOPERATIVOFENOMENOVIOLENZADONNE(1).txt,1
08,Emilia-Romagna,,,Ufficio di Statistica della Regione Emilia Romagna,Regioni/Province Autonome,5,Regioni/province Autonome,valido_localizzato,08_2406_rta_08_241015091832_4166---P.G.111546-2023PROTOCOLLOOPERATIVOFENOMENOVIOLENZADONNE(1).txt,1
08,Emilia-Romagna,Modena,Castelfranco Emilia,Città di Castelfranco Emilia,Comuni,3,Servizi comunali,valido_localizzato,08_2406_rta_08_241015091725_4166---Protoc-Prefett-2017.txt,1
09,Toscana,,Abetone,Comune di Abetone,Comuni,3,Servizi comunali,valido_localizzato,09_PISTOIA PROV .txt,1
09,Toscana,Pistoia,Agliana,Comune di Agliana,Comuni,3,Servizi comunali,valido_localizzato,09_PISTOIA PROV .txt,1
08,Emilia-Romagna,Bologna,Alto Reno Terme,Comune di Alto Reno Terme,Comuni,3,Servizi comunali,valido_localizzato,08_2406_rta_08_241015091330_4166---Protocollo_intesa_autonomia_abitativa_donne_vittime_di_violenza_CittMtrBO.txt,1
08,Emilia-Romagna,Bologna,Anzola dell'Emilia,Comune di Anzola dell'Emilia,Comuni,3,Servizi comunali,valido_localizzato,08_2406_rta_08_241015091330_4166---Protocollo_intesa_autonomia_abitativa_donne_vittime_di_violenza_CittMtrBO.txt,1
09,Toscana,Arezzo,Arezzo,Comune di Arezzo,Comuni,3,Servizi comunali,valido_localizzato,09_AREZZO Prot_2024-2026.txt,1
08,Emilia-Romagna,Bologna,Argelato,Comune di Argelato,Comuni,3,Servizi comunali,valido_localizzato,08_2406_rta_08_241015091330_4166---Protocollo_intesa_autonomia_abitativa_donne_vittime_di_violenza_CittMtrBO.txt,1
09,Toscana,,Barberino del Mugello,Comune di Barberino del Mugello,Comuni,3,Servizi comunali,valido_localizzato,09_FIRENZE Linee-di-indirizzo2024.txt,1
08,Emilia-Romagna,Bologna,Baricella,Comune di Baricella,Comuni,3,Servizi comunali,valido_localizzato,08_2406_rta_08_241015091330_4166---Protocollo_intesa_autonomia_abitativa_donne_vittime_di_violenza_CittMtrBO.txt,1
08,Emilia-Romagna,Bologna,Bentivoglio,Comune di Bentivoglio,Comuni,3,Servizi comunali,valido_localizzato,08_2406_rta_08_241015091330_4166---Protocollo_intesa_autonomia_abitativa_donne_vittime_di_violenza_CittMtrBO.txt,1
09,Toscana,Pisa,Bientina,Comune di Bientina,Comuni,3,Servizi comunali,valido_localizzato,09_PISA PREF E PROV.txt,1
08,Emilia-Romagna,Bologna,Bologna,Comune di Bologna,Comuni,3,Servizi comunali,valido_localizzato,08_2406_rta_08_241015091310_4166---Accordo_Contrasto_alla_violenza_CittMtrBO.txt | 08_2406_rta_08_241015091330_4166---Protocollo_intesa_autonomia_abitativa_donne_vittime_di_violenza_CittMtrBO.txt | 08_2406_rta_08_241015091500_4166---Protocollo_autonomia_lavorativa_def.txt,5
09,Toscana,Firenze,Borgo San Lorenzo,Comune di Borgo San Lorenzo,Comuni,3,Servizi comunali,valido_localizzato,09_FIRENZE Linee-di-indirizzo2024.txt,1
08,Emilia-Romagna,Bologna,Borgo Tossignano,Comune di Borgo Tossignano,Comuni,3,Servizi comunali,valido_localizzato,08_2406_rta_08_241015091330_4166---Protocollo_intesa_autonomia_abitativa_donne_vittime_di_violenza_CittMtrBO.txt,1
08,Emilia-Romagna,Ravenna,Brisighella,Comune di Brisighella,Comuni,3,Servizi comunali,valido_localizzato,08_2406_rta_08_241015092049_4166---PROTOCOLLOD.G.C.FAENZA304-2009.txt,1
08,Emilia-Romagna,Bologna,Budrio,Comune di Budrio,Comuni,3,Servizi comunali,valido_localizzato,08_2406_rta_08_241015091330_4166---Protocollo_intesa_autonomia_abitativa_donne_vittime_di_violenza_CittMtrBO.txt,1
09,Toscana,Pistoia,Buggiano,Comune di Buggiano,Comuni,3,Servizi comunali,valido_localizzato,09_PISTOIA PROV .txt,1
09,Toscana,Pisa,Buti,Comune di Buti,Comuni,3,Servizi comunali,valido_localizzato,09_PISA PREF E PROV.txt,1
09,Toscana,Pisa,Calci,Comune di Calci,Comuni,3,Servizi comunali,valido_localizzato,09_PISA PREF E PROV.txt,1
09,Toscana,Pisa,Calcinaia,Comune di Calcinaia,Comuni,3,Servizi comunali,valido_localizzato,09_PISA PREF E PROV.txt,1
08,Emilia-Romagna,Bologna,Calderara di Reno,Comune di Calderara di Reno,Comuni,3,Servizi comunali,valido_localizzato,08_2406_rta_08_241015091330_4166---Protocollo_intesa_autonomia_abitativa_donne_vittime_di_violenza_CittMtrBO.txt,1
09,Toscana,Grosseto,Campagnatico,Comune di Campagnatico,Comuni,3,Servizi comunali,valido_localizzato,09_GROSSETO 2022 fpdf.txt,1
09,Toscana,Firenze,Campi Bisenzio,Comune di Campi Bisenzio,Comuni,3,Servizi comunali,valido_localizzato,09_FIRENZE Linee-di-indirizzo2024.txt,1
08,Emilia-Romagna,Bologna,Camugnano,Comune di Camugnano,Comuni,3,Servizi comunali,valido_localizzato,08_2406_rta_08_241015091330_4166---Protocollo_intesa_autonomia_abitativa_donne_vittime_di_violenza_CittMtrBO.txt,1
09,Toscana,Prato,Cantagallo,Comune di Cantagallo,Comuni,3,Servizi comunali,valido_localizzato,09_PRATO PREF.txt,1
09,Toscana,Grosseto,Capalbio,Comune di Capalbio,Comuni,3,Servizi comunali,valido_localizzato,09_GROSSETO 2022 fpdf.txt,1
09,Toscana,Pisa,Capannoli,Comune di Capannoli,Comuni,3,Servizi comunali,valido_localizzato,09_PISA PREF E PROV.txt,1
09,Toscana,Prato,Carmignano,Comune di Carmignano,Comuni,3,Servizi comunali,valido_localizzato,09_PRATO PREF.txt,1
09,Toscana,Massa-Carrara,Carrara,Comune di Carrara,Comuni,3,Servizi comunali,valido_localizzato,09_APUANE_2015 Protocollo Prefettura.txt,1
09,Toscana,Pisa,Casale Marittimo,Comune di Casale Marittimo,Comuni,3,Servizi comunali,valido_localizzato,09_PISA PREF E PROV.txt,1
08,Emilia-Romagna,Bologna,Casalecchio di Reno,Comune di Casalecchio di Reno,Comuni,3,Servizi comunali,valido_localizzato,08_2406_rta_08_241015091330_4166---Protocollo_intesa_autonomia_abitativa_donne_vittime_di_violenza_CittMtrBO.txt,1
08,Emilia-Romagna,Bologna,Casalfiumanese,Comune di Casalfiumanese,Comuni,3,Servizi comunali,valido_localizzato,08_2406_rta_08_241015091330_4166---Protocollo_intesa_autonomia_abitativa_donne_vittime_di_violenza_CittMtrBO.txt,1
09,Toscana,Pisa,Casciana Terme-Lari,Comune di Casciana Terme-Lari,Comuni,3,Servizi comunali,valido_localizzato,09_PISA PREF E PROV.txt,1
09,Toscana,Pisa,Cascina,Comune di Cascina,Comuni,3,Servizi comunali,valido_localizzato,09_PISA PREF E PROV.txt,1
08,Emilia-Romagna,Ravenna,Casola Valsenio,Comune di Casola Valsenio,Comuni,3,Servizi comunali,valido_localizzato,08_2406_rta_08_241015092049_4166---PROTOCOLLOD.G.C.FAENZA304-2009.txt,1
09,Toscana,Siena,Casole d'Elsa,Comune di Casole d'Elsa,Comuni,3,Servizi comunali,valido_localizzato,09_ALTA VALDELSA Protocollo-violenza-valdelsa-2022_ALTA VALDELSA.txt,1
08,Emilia-Romagna,Ravenna,Castel Bolognese,Comune di Castel Bolognese,Comuni,3,Servizi comunali,valido_localizzato,08_2406_rta_08_241015092049_4166---PROTOCOLLOD.G.C.FAENZA304-2009.txt,1
08,Emilia-Romagna,Bologna,Castel Guelfo di Bologna,Comune di Castel Guelfo di Bologna,Comuni,3,Servizi comunali,valido_localizzato,08_2406_rta_08_241015091330_4166---Protocollo_intesa_autonomia_abitativa_donne_vittime_di_violenza_CittMtrBO.txt,1
08,Emilia-Romagna,Bologna,Castel Maggiore,Comune di Castel Maggiore,Comuni,3,Servizi comunali,valido_localizzato,08_2406_rta_08_241015091330_4166---Protocollo_intesa_autonomia_abitativa_donne_vittime_di_violenza_CittMtrBO.txt,1
08,Emilia-Romagna,Piacenza,Castel San Giovanni,Comune di Castel San Giovanni,Comuni,3,Servizi comunali,valido_localizzato,08_2406_rta_08_241015091917_4166---Protocollo2022-2024.txt,1
08,Emilia-Romagna,Bologna,Castel San Pietro Terme,Comune di Castel San Pietro Terme,Comuni,3,Servizi comunali,valido_localizzato,08_2406_rta_08_241015091330_4166---Protocollo_intesa_autonomia_abitativa_donne_vittime_di_violenza_CittMtrBO.txt,1
08,Emilia-Romagna,Bologna,Castel d'Aiano,Comune di Castel d'Aiano,Comuni,3,Servizi comunali,valido_localizzato,08_2406_rta_08_241015091330_4166---Protocollo_intesa_autonomia_abitativa_donne_vittime_di_violenza_CittMtrBO.txt,1
08,Emilia-Romagna,Bologna,Castel del Rio,Comune di Castel del Rio,Comuni,3,Servizi comunali,valido_localizzato,08_2406_rta_08_241015091330_4166---Protocollo_intesa_autonomia_abitativa_donne_vittime_di_violenza_CittMtrBO.txt,1
08,Emilia-Romagna,Bologna,Castel di Casio,Comune di Castel di Casio,Comuni,3,Servizi comunali,valido_localizzato,08_2406_rta_08_241015091330_4166---Protocollo_intesa_autonomia_abitativa_donne_vittime_di_violenza_CittMtrBO.txt,1
09,Toscana,Pisa,Castelfranco di Sotto,Comune di Castelfranco di Sotto,Comuni,3,Servizi comunali,valido_localizzato,09_PISA PREF E PROV.txt,1
09,Toscana,Pisa,Castellina Marittima,Comune di Castellina Marittima,Comuni,3,Servizi comunali,valido_localizzato,09_PISA PREF E PROV.txt,1
08,Emilia-Romagna,Bologna,Castello d'Argile,Comune di Castello d'Argile,Comuni,3,Servizi comunali,valido_localizzato,08_2406_rta_08_241015091330_4166---Protocollo_intesa_autonomia_abitativa_donne_vittime_di_violenza_CittMtrBO.txt,1
09,Toscana,,Castelnuovo Val di Cecina,Comune di Castelnuovo Val di Cecina,Comuni,3,Servizi comunali,valido_localizzato,09_PISA PREF E PROV.txt,1
08,Emilia-Romagna,Bologna,Castenaso,Comune di Castenaso,Comuni,3,Servizi comunali,valido_localizzato,08_2406_rta_08_241015091330_4166---Protocollo_intesa_autonomia_abitativa_donne_vittime_di_violenza_CittMtrBO.txt,1
08,Emilia-Romagna,Bologna,Castiglione dei Pepoli,Comune di Castiglione dei Pepoli,Comuni,3,Servizi comunali,valido_localizzato,08_2406_rta_08_241015091330_4166---Protocollo_intesa_autonomia_abitativa_donne_vittime_di_violenza_CittMtrBO.txt,1
09,Toscana,Grosseto,Castiglione della Pescaia,Comune di Castiglione della Pescaia,Comuni,3,Servizi comunali,valido_localizzato,09_GROSSETO 2022 fpdf.txt,1
08,Emilia-Romagna,Rimini,Cattolica,Comune di Cattolica,Comuni,3,Servizi comunali,valido_localizzato,08_2406_rta_08_241015091553_4166---Protocollosullaviolenzadigenere_confirme_prot.txt,1
08,Emilia-Romagna,Ferrara,Cento,Comune di Cento,Comuni,3,Servizi comunali,valido_localizzato,08_2406_rta_08_241015091355_4166---PROTOCOLLO_CONTRO_VIOLENZA_firmato2023.txt,1
08,Emilia-Romagna,Ravenna,Cervia,Comune di Cervia,Comuni,3,Servizi comunali,valido_localizzato,08_2406_rta_08_241015091748_4166---ProtocolloProvincialeCaserifugio2023.2025.txt,1
08,Emilia-Romagna,Forli-Cesena,Cesena,Comune di Cesena,Comuni,3,Servizi comunali,valido_localizzato,08_2406_rta_08_241015091621_4166---PROTOCOLLO_22.txt,1
09,Toscana,Siena,Cetona,Comune di Cetona,Comuni,3,Servizi comunali,valido_localizzato,09_VALDICHIANA_all. decreto 37_2008 protocollo di intesa 2008.txt,1
09,Toscana,Siena,Chianciano Terme,Comune di Chianciano Terme,Comuni,3,Servizi comunali,valido_localizzato,09_VALDICHIANA_all. decreto 37_2008 protocollo di intesa 2008.txt,1
09,Toscana,Pisa,Chianni,Comune di Chianni,Comuni,3,Servizi comunali,valido_localizzato,09_PISA PREF E PROV.txt,1
07,Liguria,Genova,Chiavari,Comune di Chiavari,Comuni,3,Servizi comunali,valido_localizzato,07_2406_rta_07_240916163905_4166---PROTOCOLLOFIRMATO(002).txt | 07_2406_rta_07_240916163956_4166---DGR477_2022_Protocollo.txt,2
09,Toscana,Pistoia,Chiesina Uzzanese,Comune di Chiesina Uzzanese,Comuni,3,Servizi comunali,valido_localizzato,09_PISTOIA PROV .txt,1
09,Toscana,Siena,Chiusi,Comune di Chiusi,Comuni,3,Servizi comunali,valido_localizzato,09_VALDICHIANA_all. decreto 37_2008 protocollo di intesa 2008.txt,1
09,Toscana,Grosseto,Cinigiano,Comune di Cinigiano,Comuni,3,Servizi comunali,valido_localizzato,09_GROSSETO 2022 fpdf.txt,1
09,Toscana,Grosseto,Civitella Paganico,Comune di Civitella Paganico,Comuni,3,Servizi comunali,valido_localizzato,09_GROSSETO 2022 fpdf.txt,1
08,Emilia-Romagna,Ferrara,Codigoro,Comune di Codigoro,Comuni,3,Servizi comunali,valido_localizzato,08_2406_rta_08_241015091355_4166---PROTOCOLLO_CONTRO_VIOLENZA_firmato2023.txt,1
09,Toscana,Siena,Colle di Val d'Elsa,Comune di Colle di Val d'Elsa,Comuni,3,Servizi comunali,valido_localizzato,09_ALTA VALDELSA Protocollo-violenza-valdelsa-2022_ALTA VALDELSA.txt,1
08,Emilia-Romagna,Ferrara,Comacchio,Comune di Comacchio,Comuni,3,Servizi comunali,valido_localizzato,08_2406_rta_08_241015091430_4166---Protocollo_Distrettuale_Contrasto_violenza_Donne2023.stamped.txt,1
08,Emilia-Romagna,Ferrara,Copparo,Comune di Copparo,Comuni,3,Servizi comunali,valido_localizzato,08_2406_rta_08_241015091355_4166---PROTOCOLLO_CONTRO_VIOLENZA_firmato2023.txt | 08_2406_rta_08_241015091430_4166---Protocollo_Distrettuale_Contrasto_violenza_Donne2023.stamped.txt,2
08,Emilia-Romagna,Rimini,Coriano,Comune di Coriano,Comuni,3,Servizi comunali,valido_localizzato,08_2406_rta_08_241015091553_4166---Protocollosullaviolenzadigenere_confirme_prot.txt,1
09,Toscana,Pisa,Crespina-Lorenzana,Comune di Crespina-Lorenzana,Comuni,3,Servizi comunali,valido_localizzato,09_PISA PREF E PROV.txt,1
08,Emilia-Romagna,Bologna,Crevalcore,Comune di Crevalcore,Comuni,3,Servizi comunali,valido_localizzato,08_2406_rta_08_241015091330_4166---Protocollo_intesa_autonomia_abitativa_donne_vittime_di_violenza_CittMtrBO.txt,1
09,Toscana,,Cutigliano,Comune di Cutigliano,Comuni,3,Servizi comunali,valido_localizzato,09_PISTOIA PROV .txt,1
08,Emilia-Romagna,Bologna,Dozza,Comune di Dozza,Comuni,3,Servizi comunali,valido_localizzato,08_2406_rta_08_241015091330_4166---Protocollo_intesa_autonomia_abitativa_donne_vittime_di_violenza_CittMtrBO.txt,1
08,Emilia-Romagna,Ravenna,Faenza,Comune di Faenza,Comuni,3,Servizi comunali,valido_localizzato,08_2406_rta_08_241015092049_4166---PROTOCOLLOD.G.C.FAENZA304-2009.txt,1
09,Toscana,Pisa,Fauglia,Comune di Fauglia,Comuni,3,Servizi comunali,valido_localizzato,09_PISA PREF E PROV.txt,1
08,Emilia-Romagna,Ferrara,Ferrara,Comune di Ferrara,Comuni,3,Servizi comunali,valido_localizzato,08_2406_rta_08_241015091355_4166---PROTOCOLLO_CONTRO_VIOLENZA_firmato2023.txt | 08_2406_rta_08_241015091430_4166---Protocollo_Distrettuale_Contrasto_violenza_Donne2023.stamped.txt,2
09,Toscana,Firenze,Figline e Incisa Valdarno,Comune di Figline e Incisa Valdarno,Comuni,3,Servizi comunali,valido_localizzato,09_FIRENZE Linee-di-indirizzo2024.txt,1
08,Emilia-Romagna,Modena,Fiorano Modenese,Comune di Fiorano Modenese,Comuni,3,Servizi comunali,valido_localizzato,08_2406_rta_08_241015091725_4166---Protoc-Prefett-2017.txt,1
08,Emilia-Romagna,Piacenza,Fiorenzuola d'Arda,Comune di Fiorenzuola d'Arda,Comuni,3,Servizi comunali,valido_localizzato,08_2406_rta_08_241015091917_4166---Protocollo2022-2024.txt,1
09,Toscana,Firenze,Firenze,Comune di Firenze,Comuni,3,Servizi comunali,valido_localizzato,09_FIRENZE Linee-di-indirizzo2024.txt,1
09,Toscana,Firenze,Firenze,Comune di Firenze: Area Tutela Valery,Comuni,3,Servizi comunali,valido_localizzato,09_FIRENZE Linee-di-indirizzo2024.txt,1
09,Toscana,Firenze,Firenze,Comune di Firenze: Servizi sociali,Comuni,3,Servizi comunali,valido_localizzato,09_FIRENZE Linee-di-indirizzo2024.txt,1
09,Toscana,Grosseto,Follonica,Comune di Follonica,Comuni,3,Servizi comunali,valido_localizzato,09_GROSSETO 2022 fpdf.txt,1
08,Emilia-Romagna,Bologna,Fontanelice,Comune di Fontanelice,Comuni,3,Servizi comunali,valido_localizzato,08_2406_rta_08_241015091330_4166---Protocollo_intesa_autonomia_abitativa_donne_vittime_di_violenza_CittMtrBO.txt,1
08,Emilia-Romagna,Forli-Cesena,Forli,Comune di Forli,Comuni,3,Servizi comunali,valido_localizzato,08_2406_rta_08_241015091621_4166---PROTOCOLLO_22.txt,1
08,Emilia-Romagna,Modena,Formigine,Comune di Formigine,Comuni,3,Servizi comunali,valido_localizzato,08_2406_rta_08_241015091725_4166---Protoc-Prefett-2017.txt,1
08,Emilia-Romagna,Bologna,Gaggio Montano,Comune di Gaggio Montano,Comuni,3,Servizi comunali,valido_localizzato,08_2406_rta_08_241015091330_4166---Protocollo_intesa_autonomia_abitativa_donne_vittime_di_violenza_CittMtrBO.txt,1
08,Emilia-Romagna,Bologna,Galliera,Comune di Galliera,Comuni,3,Servizi comunali,valido_localizzato,08_2406_rta_08_241015091330_4166---Protocollo_intesa_autonomia_abitativa_donne_vittime_di_violenza_CittMtrBO.txt,1
09,Toscana,Grosseto,Gavorrano,Comune di Gavorrano,Comuni,3,Servizi comunali,valido_localizzato,09_GROSSETO 2022 fpdf.txt,1
08,Emilia-Romagna,Rimini,Gemmano,Comune di Gemmano,Comuni,3,Servizi comunali,valido_localizzato,08_2406_rta_08_241015091553_4166---Protocollosullaviolenzadigenere_confirme_prot.txt,1
07,Liguria,Genova,Genova,Comune di Genova,Comuni,3,Servizi comunali,valido_localizzato,07_2406_rta_07_240916163933_4166---sub_14574431199510849525_Protocollo_LVLS-signed.txt | 07_2406_rta_07_240916163956_4166---DGR477_2022_Protocollo.txt,2
08,Emilia-Romagna,Bologna,Granarolo dell'Emilia,Comune di Granarolo dell'Emilia,Comuni,3,Servizi comunali,valido_localizzato,08_2406_rta_08_241015091330_4166---Protocollo_intesa_autonomia_abitativa_donne_vittime_di_violenza_CittMtrBO.txt,1
08,Emilia-Romagna,Bologna,Grizzana Morandi,Comune di Grizzana Morandi,Comuni,3,Servizi comunali,valido_localizzato,08_2406_rta_08_241015091330_4166---Protocollo_intesa_autonomia_abitativa_donne_vittime_di_violenza_CittMtrBO.txt,1
09,Toscana,Grosseto,Grosseto,Comune di Grosseto,Comuni,3,Servizi comunali,valido_localizzato,09_GROSSETO 2022 fpdf.txt,1
09,Toscana,Pisa,Guardistallo,Comune di Guardistallo,Comuni,3,Servizi comunali,valido_localizzato,09_PISA PREF E PROV.txt,1
08,Emilia-Romagna,Bologna,Imola,Comune di Imola,Comuni,3,Servizi comunali,valido_localizzato,08_2406_rta_08_241015091310_4166---Accordo_Contrasto_alla_violenza_CittMtrBO.txt | 08_2406_rta_08_241015091330_4166---Protocollo_intesa_autonomia_abitativa_donne_vittime_di_violenza_CittMtrBO.txt,3
09,Toscana,Grosseto,Isola del Giglio,Comune di Isola del Giglio,Comuni,3,Servizi comunali,valido_localizzato,09_GROSSETO 2022 fpdf.txt,1
08,Emilia-Romagna,Ferrara,Jolanda di Savoia,Comune di Jolanda di Savoia,Comuni,3,Servizi comunali,valido_localizzato,08_2406_rta_08_241015091430_4166---Protocollo_Distrettuale_Contrasto_violenza_Donne2023.stamped.txt,1
07,Liguria,La Spezia,La Spezia,Comune di La Spezia,Comuni,3,Servizi comunali,valido_localizzato,07_2406_rta_07_240916163956_4166---DGR477_2022_Protocollo.txt,1
09,Toscana,Pisa,Lajatico,Comune di Lajatico,Comuni,3,Servizi comunali,valido_localizzato,09_PISA PREF E PROV.txt,1
09,Toscana,Pistoia,Lamporecchio,Comune di Lamporecchio,Comuni,3,Servizi comunali,valido_localizzato,09_PISTOIA PROV .txt,1
09,Toscana,Pistoia,Larciano,Comune di Larciano,Comuni,3,Servizi comunali,valido_localizzato,09_PISTOIA PROV .txt,1
09,Toscana,Firenze,Lastra a Signa,Comune di Lastra a Signa,Comuni,3,Servizi comunali,valido_localizzato,09_FIRENZE Linee-di-indirizzo2024.txt,1
09,Toscana,Livorno,Livorno,Comune di Livorno,Comuni,3,Servizi comunali,valido_localizzato,09_LIVORNO Protocollo_ RETE ANTIVIOLENZA_ LIVORNO.txt,1
08,Emilia-Romagna,Bologna,Lizzano in Belvedere,Comune di Lizzano in Belvedere,Comuni,3,Servizi comunali,valido_localizzato,08_2406_rta_08_241015091330_4166---Protocollo_intesa_autonomia_abitativa_donne_vittime_di_violenza_CittMtrBO.txt,1
08,Emilia-Romagna,Bologna,Loiano,Comune di Loiano,Comuni,3,Servizi comunali,valido_localizzato,08_2406_rta_08_241015091330_4166---Protocollo_intesa_autonomia_abitativa_donne_vittime_di_violenza_CittMtrBO.txt,1
09,Toscana,Grosseto,Magliano in Toscana,Comune di Magliano in Toscana,Comuni,3,Servizi comunali,valido_localizzato,09_GROSSETO 2022 fpdf.txt,1
08,Emilia-Romagna,Bologna,Malalbergo,Comune di Malalbergo,Comuni,3,Servizi comunali,valido_localizzato,08_2406_rta_08_241015091330_4166---Protocollo_intesa_autonomia_abitativa_donne_vittime_di_violenza_CittMtrBO.txt,1
09,Toscana,Grosseto,Manciano,Comune di Manciano,Comuni,3,Servizi comunali,valido_localizzato,09_GROSSETO 2022 fpdf.txt,1
08,Emilia-Romagna,Modena,Maranello,Comune di Maranello,Comuni,3,Servizi comunali,valido_localizzato,08_2406_rta_08_241015091725_4166---Protoc-Prefett-2017.txt,1
09,Toscana,Pistoia,Marliana,Comune di Marliana,Comuni,3,Servizi comunali,valido_localizzato,09_PISTOIA PROV .txt,1
08,Emilia-Romagna,Bologna,Marzabotto,Comune di Marzabotto,Comuni,3,Servizi comunali,valido_localizzato,08_2406_rta_08_241015091330_4166---Protocollo_intesa_autonomia_abitativa_donne_vittime_di_violenza_CittMtrBO.txt,1
08,Emilia-Romagna,Ferrara,Masi Torello,Comune di Masi Torello,Comuni,3,Servizi comunali,valido_localizzato,08_2406_rta_08_241015091430_4166---Protocollo_Distrettuale_Contrasto_violenza_Donne2023.stamped.txt,1
09,Toscana,Massa-Carrara,Massa,Comune di Massa,Comuni,3,Servizi comunali,valido_localizzato,09_APUANE_2015 Protocollo Prefettura.txt,1
09,Toscana,Grosseto,Massa Marittima,Comune di Massa Marittima,Comuni,3,Servizi comunali,valido_localizzato,09_GROSSETO 2022 fpdf.txt,1
09,Toscana,Pistoia,Massa e Cozzile,Comune di Massa e Cozzile,Comuni,3,Servizi comunali,valido_localizzato,09_PISTOIA PROV .txt,1
08,Emilia-Romagna,Bologna,Medicina,Comune di Medicina,Comuni,3,Servizi comunali,valido_localizzato,08_2406_rta_08_241015091330_4166---Protocollo_intesa_autonomia_abitativa_donne_vittime_di_violenza_CittMtrBO.txt,1
08,Emilia-Romagna,Bologna,Minerbio,Comune di Minerbio,Comuni,3,Servizi comunali,valido_localizzato,08_2406_rta_08_241015091330_4166---Protocollo_intesa_autonomia_abitativa_donne_vittime_di_violenza_CittMtrBO.txt,1
08,Emilia-Romagna,Modena,Mirandola,Comune di Mirandola,Comuni,3,Servizi comunali,valido_localizzato,08_2406_rta_08_241015092024_4166---Protocollooperativo.txt,1
08,Emilia-Romagna,Rimini,Misano Adriatico,Comune di Misano Adriatico,Comuni,3,Servizi comunali,valido_localizzato,08_2406_rta_08_241015091553_4166---Protocollosullaviolenzadigenere_confirme_prot.txt,1
08,Emilia-Romagna,Modena,Modena,Comune di Modena,Comuni,3,Servizi comunali,valido_localizzato,08_2406_rta_08_241015091725_4166---Protoc-Prefett-2017.txt,1
08,Emilia-Romagna,Bologna,Molinella,Comune di Molinella,Comuni,3,Servizi comunali,valido_localizzato,08_2406_rta_08_241015091330_4166---Protocollo_intesa_autonomia_abitativa_donne_vittime_di_violenza_CittMtrBO.txt,1
08,Emilia-Romagna,Rimini,Mondaino,Comune di Mondaino,Comuni,3,Servizi comunali,valido_localizzato,08_2406_rta_08_241015091553_4166---Protocollosullaviolenzadigenere_confirme_prot.txt,1
08,Emilia-Romagna,Bologna,Monghidoro,Comune di Monghidoro,Comuni,3,Servizi comunali,valido_localizzato,08_2406_rta_08_241015091330_4166---Protocollo_intesa_autonomia_abitativa_donne_vittime_di_violenza_CittMtrBO.txt,1
09,Toscana,Pistoia,Monsummano Terme,Comune di Monsummano Terme,Comuni,3,Servizi comunali,valido_localizzato,09_PISTOIA PROV .txt,1
09,Toscana,Pistoia,Montale,Comune di Montale,Comuni,3,Servizi comunali,valido_localizzato,09_PISTOIA PROV .txt,1
09,Toscana,Grosseto,Monte Argentario,Comune di Monte Argentario,Comuni,3,Servizi comunali,valido_localizzato,09_GROSSETO 2022 fpdf.txt,1
08,Emilia-Romagna,Bologna,Monte San Pietro,Comune di Monte San Pietro,Comuni,3,Servizi comunali,valido_localizzato,08_2406_rta_08_241015091330_4166---Protocollo_intesa_autonomia_abitativa_donne_vittime_di_violenza_CittMtrBO.txt,1
09,Toscana,Pistoia,Montecatini Terme,Comune di Montecatini Terme,Comuni,3,Servizi comunali,valido_localizzato,09_PISTOIA PROV .txt,1
09,Toscana,Pisa,Montecatini Val Di Cecina,Comune di Montecatini Val Di Cecina,Comuni,3,Servizi comunali,valido_localizzato,09_PISA PREF E PROV.txt,1
08,Emilia-Romagna,Rimini,Montefiore Conca,Comune di Montefiore Conca,Comuni,3,Servizi comunali,valido_localizzato,08_2406_rta_08_241015091553_4166---Protocollosullaviolenzadigenere_confirme_prot.txt,1
08,Emilia-Romagna,Rimini,Montegridolfo,Comune di Montegridolfo,Comuni,3,Servizi comunali,valido_localizzato,08_2406_rta_08_241015091553_4166---Protocollosullaviolenzadigenere_confirme_prot.txt,1
09,Toscana,Prato,Montemurlo,Comune di Montemurlo,Comuni,3,Servizi comunali,valido_localizzato,09_PRATO PREF.txt,1
09,Toscana,Siena,Montepulciano,Comune di Montepulciano,Comuni,3,Servizi comunali,valido_localizzato,09_VALDICHIANA_all. decreto 37_2008 protocollo di intesa 2008.txt,1
08,Emilia-Romagna,Bologna,Monterenzio,Comune di Monterenzio,Comuni,3,Servizi comunali,valido_localizzato,08_2406_rta_08_241015091330_4166---Protocollo_intesa_autonomia_abitativa_donne_vittime_di_violenza_CittMtrBO.txt,1
09,Toscana,Grosseto,Monterotondo Marittimo,Comune di Monterotondo Marittimo,Comuni,3,Servizi comunali,valido_localizzato,09_GROSSETO 2022 fpdf.txt,1
09,Toscana,Pisa,Montescudaio,Comune di Montescudaio,Comuni,3,Servizi comunali,valido_localizzato,09_PISA PREF E PROV.txt,1
08,Emilia-Romagna,Rimini,Montescudo-Montecolombo,Comune di Montescudo-Montecolombo,Comuni,3,Servizi comunali,valido_localizzato,08_2406_rta_08_241015091553_4166---Protocollosullaviolenzadigenere_confirme_prot.txt,1
08,Emilia-Romagna,Modena,Montese,Comune di Montese,Comuni,3,Servizi comunali,valido_localizzato,08_2406_rta_08_241015091725_4166---Protoc-Prefett-2017.txt,1
09,Toscana,Pisa,Monteverdi Marittimo,Comune di Monteverdi Marittimo,Comuni,3,Servizi comunali,valido_localizzato,09_PISA PREF E PROV.txt,1
09,Toscana,Grosseto,Montieri,Comune di Montieri,Comuni,3,Servizi comunali,valido_localizzato,09_GROSSETO 2022 fpdf.txt,1
09,Toscana,Massa-Carrara,Montignoso,Comune di Montignoso,Comuni,3,Servizi comunali,valido_localizzato,09_APUANE_2015 Protocollo Prefettura.txt,1
09,Toscana,,Montopoli Valdarno,Comune di Montopoli Valdarno,Comuni,3,Servizi comunali,valido_localizzato,09_PISA PREF E PROV.txt,1
08,Emilia-Romagna,Bologna,Monzuno,Comune di Monzuno,Comuni,3,Servizi comunali,valido_localizzato,08_2406_rta_08_241015091330_4166---Protocollo_intesa_autonomia_abitativa_donne_vittime_di_violenza_CittMtrBO.txt,1
08,Emilia-Romagna,Rimini,Morciano di Romagna,Comune di Morciano di Romagna,Comuni,3,Servizi comunali,valido_localizzato,08_2406_rta_08_241015091553_4166---Protocollosullaviolenzadigenere_confirme_prot.txt,1
08,Emilia-Romagna,Bologna,Mordano,Comune di Mordano,Comuni,3,Servizi comunali,valido_localizzato,08_2406_rta_08_241015091330_4166---Protocollo_intesa_autonomia_abitativa_donne_vittime_di_violenza_CittMtrBO.txt,1
08,Emilia-Romagna,Rimini,Novafeltria,Comune di Novafeltria,Comuni,3,Servizi comunali,valido_localizzato,08_2406_rta_08_241015091553_4166---Protocollosullaviolenzadigenere_confirme_prot.txt,1
09,Toscana,Grosseto,Orbetello,Comune di Orbetello,Comuni,3,Servizi comunali,valido_localizzato,09_GROSSETO 2022 fpdf.txt,1
09,Toscana,Pisa,Orciano Pisano,Comune di Orciano Pisano,Comuni,3,Servizi comunali,valido_localizzato,09_PISA PREF E PROV.txt,1
08,Emilia-Romagna,Bologna,Ozzano dell'Emilia,Comune di Ozzano dell'Emilia,Comuni,3,Servizi comunali,valido_localizzato,08_2406_rta_08_241015091330_4166---Protocollo_intesa_autonomia_abitativa_donne_vittime_di_violenza_CittMtrBO.txt,1
09,Toscana,Pisa,Palaia,Comune di Palaia,Comuni,3,Servizi comunali,valido_localizzato,09_PISA PREF E PROV.txt,1
09,Toscana,Pisa,Peccioli,Comune di Peccioli,Comuni,3,Servizi comunali,valido_localizzato,09_PISA PREF E PROV.txt,1
09,Toscana,Pistoia,Pescia,Comune di Pescia,Comuni,3,Servizi comunali,valido_localizzato,09_PISTOIA PROV .txt,1
08,Emilia-Romagna,Piacenza,Piacenza,Comune di Piacenza,Comuni,3,Servizi comunali,valido_localizzato,08_2406_rta_08_241015091832_4166---P.G.111546-2023PROTOCOLLOOPERATIVOFENOMENOVIOLENZADONNE(1).txt | 08_2406_rta_08_241015091917_4166---Protocollo2022-2024.txt | 08_2406_rta_08_241015092005_4166---DG216-2024.txt,3
08,Emilia-Romagna,Bologna,Pianoro,Comune di Pianoro,Comuni,3,Servizi comunali,valido_localizzato,08_2406_rta_08_241015091330_4166---Protocollo_intesa_autonomia_abitativa_donne_vittime_di_violenza_CittMtrBO.txt,1
09,Toscana,Pistoia,Pieve a Nievole,Comune di Pieve a Nievole,Comuni,3,Servizi comunali,valido_localizzato,09_PISTOIA PROV .txt,1
08,Emilia-Romagna,Bologna,Pieve di Cento,Comune di Pieve di Cento,Comuni,3,Servizi comunali,valido_localizzato,08_2406_rta_08_241015091330_4166---Protocollo_intesa_autonomia_abitativa_donne_vittime_di_violenza_CittMtrBO.txt,1
09,Toscana,Pisa,Pisa,Comune di Pisa,Comuni,3,Servizi comunali,valido_localizzato,09_PISA PREF E PROV.txt,1
09,Toscana,Pistoia,Pistoia,Comune di Pistoia,Comuni,3,Servizi comunali,valido_localizzato,09_PISTOIA PROV .txt,1
09,Toscana,,Piteglio,Comune di Piteglio,Comuni,3,Servizi comunali,valido_localizzato,09_PISTOIA PROV .txt,1
09,Toscana,Grosseto,Pitigliano,Comune di Pitigliano,Comuni,3,Servizi comunali,valido_localizzato,09_GROSSETO 2022 fpdf.txt,1
09,Toscana,Siena,Poggibonsi,Comune di Poggibonsi,Comuni,3,Servizi comunali,valido_localizzato,09_ALTA VALDELSA Protocollo-violenza-valdelsa-2022_ALTA VALDELSA.txt,1
09,Toscana,Prato,Poggio a Caiano,Comune di Poggio a Caiano,Comuni,3,Servizi comunali,valido_localizzato,09_PRATO PREF.txt,1
09,Toscana,Pisa,Pomarance,Comune di Pomarance,Comuni,3,Servizi comunali,valido_localizzato,09_PISA PREF E PROV.txt,1
09,Toscana,Pisa,Ponsacco,Comune di Ponsacco,Comuni,3,Servizi comunali,valido_localizzato,09_PISA PREF E PROV.txt,1
09,Toscana,Firenze,Pontassieve,Comune di Pontassieve,Comuni,3,Servizi comunali,valido_localizzato,09_FIRENZE Linee-di-indirizzo2024.txt,1
09,Toscana,Pistoia,Ponte Buggianese,Comune di Ponte Buggianese,Comuni,3,Servizi comunali,valido_localizzato,09_PISTOIA PROV .txt,1
09,Toscana,Pisa,Pontedera,Comune di Pontedera,Comuni,3,Servizi comunali,valido_localizzato,09_PISA PREF E PROV.txt,1
09,Toscana,Prato,Prato,Comune di Prato,Comuni,3,Servizi comunali,valido_localizzato,09_PRATO PREF.txt,1
09,Toscana,Pistoia,Quarrata,Comune di Quarrata,Comuni,3,Servizi comunali,valido_localizzato,09_PISTOIA PROV .txt,1
09,Toscana,Siena,Radicondoli,Comune di Radicondoli,Comuni,3,Servizi comunali,valido_localizzato,09_ALTA VALDELSA Protocollo-violenza-valdelsa-2022_ALTA VALDELSA.txt,1
08,Emilia-Romagna,Ravenna,Ravenna,Comune di Ravenna,Comuni,3,Servizi comunali,valido_localizzato,08_2406_rta_08_241015091748_4166---ProtocolloProvincialeCaserifugio2023.2025.txt,1
08,Emilia-Romagna,,Reggio Emilia,Comune di Reggio Emilia,Comuni,3,Servizi comunali,valido_localizzato,08_2406_rta_08_241015091655_4166---Aggiornamentointegrazioneprotocollooperativoapprovatonelgiugno2008.txt,1
08,Emilia-Romagna,Rimini,Riccione,Comune di Riccione,Comuni,3,Servizi comunali,valido_localizzato,08_2406_rta_08_241015091553_4166---Protocollosullaviolenzadigenere_confirme_prot.txt,1
08,Emilia-Romagna,Rimini,Rimini,Comune di Rimini,Comuni,3,Servizi comunali,valido_localizzato,08_2406_rta_08_241015091553_4166---Protocollosullaviolenzadigenere_confirme_prot.txt,1
08,Emilia-Romagna,Ravenna,Riolo Terme,Comune di Riolo Terme,Comuni,3,Servizi comunali,valido_localizzato,08_2406_rta_08_241015092049_4166---PROTOCOLLOD.G.C.FAENZA304-2009.txt,1
09,Toscana,Pisa,Riparbella,Comune di Riparbella,Comuni,3,Servizi comunali,valido_localizzato,09_PISA PREF E PROV.txt,1
08,Emilia-Romagna,Ferrara,Riva del Po,Comune di Riva del Po,Comuni,3,Servizi comunali,valido_localizzato,08_2406_rta_08_241015091430_4166---Protocollo_Distrettuale_Contrasto_violenza_Donne2023.stamped.txt,1
08,Emilia-Romagna,Ravenna,Russi,Comune di Russi,Comuni,3,Servizi comunali,valido_localizzato,08_2406_rta_08_241015091748_4166---ProtocolloProvincialeCaserifugio2023.2025.txt,1
08,Emilia-Romagna,Bologna,Sala Bolognese,Comune di Sala Bolognese,Comuni,3,Servizi comunali,valido_localizzato,08_2406_rta_08_241015091330_4166---Protocollo_intesa_autonomia_abitativa_donne_vittime_di_violenza_CittMtrBO.txt,1
08,Emilia-Romagna,Rimini,Saludecio,Comune di Saludecio,Comuni,3,Servizi comunali,valido_localizzato,08_2406_rta_08_241015091553_4166---Protocollosullaviolenzadigenere_confirme_prot.txt,1
09,Toscana,Pistoia,Sambuca Pistoiese,Comune di Sambuca Pistoiese,Comuni,3,Servizi comunali,valido_localizzato,09_PISTOIA PROV .txt,1
08,Emilia-Romagna,Bologna,San Benedetto Val di Sambro,Comune di San Benedetto Val di Sambro,Comuni,3,Servizi comunali,valido_localizzato,08_2406_rta_08_241015091330_4166---Protocollo_intesa_autonomia_abitativa_donne_vittime_di_violenza_CittMtrBO.txt,1
09,Toscana,,San Casciano Val di Pesa,Comune di San Casciano Val di Pesa,Comuni,3,Servizi comunali,valido_localizzato,09_FIRENZE Linee-di-indirizzo2024.txt,1
09,Toscana,Siena,San Casciano dei Bagni,Comune di San Casciano dei Bagni,Comuni,3,Servizi comunali,valido_localizzato,09_VALDICHIANA_all. decreto 37_2008 protocollo di intesa 2008.txt,1
08,Emilia-Romagna,Modena,San Cesario sul Panaro,Comune di San Cesario sul Panaro,Comuni,3,Servizi comunali,valido_localizzato,08_2406_rta_08_241015091725_4166---Protoc-Prefett-2017.txt,1
08,Emilia-Romagna,Rimini,San Clemente,Comune di San Clemente,Comuni,3,Servizi comunali,valido_localizzato,08_2406_rta_08_241015091553_4166---Protocollosullaviolenzadigenere_confirme_prot.txt,1
09,Toscana,Siena,San Gimignano,Comune di San Gimignano,Comuni,3,Servizi comunali,valido_localizzato,09_ALTA VALDELSA Protocollo-violenza-valdelsa-2022_ALTA VALDELSA.txt,1
08,Emilia-Romagna,Bologna,San Giorgio di Piano,Comune di San Giorgio di Piano,Comuni,3,Servizi comunali,valido_localizzato,08_2406_rta_08_241015091330_4166---Protocollo_intesa_autonomia_abitativa_donne_vittime_di_violenza_CittMtrBO.txt,1
08,Emilia-Romagna,Rimini,San Giovanni in Marignano,Comune di San Giovanni in Marignano,Comuni,3,Servizi comunali,valido_localizzato,08_2406_rta_08_241015091553_4166---Protocollosullaviolenzadigenere_confirme_prot.txt,1
08,Emilia-Romagna,Bologna,San Giovanni in Persiceto,Comune di San Giovanni in Persiceto,Comuni,3,Servizi comunali,valido_localizzato,08_2406_rta_08_241015091330_4166---Protocollo_intesa_autonomia_abitativa_donne_vittime_di_violenza_CittMtrBO.txt,1
09,Toscana,Pisa,San Giuliano Terme,Comune di San Giuliano Terme,Comuni,3,Servizi comunali,valido_localizzato,09_PISA PREF E PROV.txt,1
08,Emilia-Romagna,Bologna,San Lazzaro di Savena,Comune di San Lazzaro di Savena,Comuni,3,Servizi comunali,valido_localizzato,08_2406_rta_08_241015091310_4166---Accordo_Contrasto_alla_violenza_CittMtrBO.txt | 08_2406_rta_08_241015091330_4166---Protocollo_intesa_autonomia_abitativa_donne_vittime_di_violenza_CittMtrBO.txt,3
09,Toscana,,San Marcello Pistoiese,Comune di San Marcello Pistoiese,Comuni,3,Servizi comunali,valido_localizzato,09_PISTOIA PROV .txt,1
09,Toscana,Pisa,San Miniato,Comune di San Miniato,Comuni,3,Servizi comunali,valido_localizzato,09_PISA PREF E PROV.txt,1
08,Emilia-Romagna,Bologna,San Pietro in Casale,Comune di San Pietro in Casale,Comuni,3,Servizi comunali,valido_localizzato,08_2406_rta_08_241015091330_4166---Protocollo_intesa_autonomia_abitativa_donne_vittime_di_violenza_CittMtrBO.txt,1
07,Liguria,Imperia,Sanremo,Comune di Sanremo,Comuni,3,Servizi comunali,valido_localizzato,07_2406_rta_07_240916163956_4166---DGR477_2022_Protocollo.txt,1
08,Emilia-Romagna,Bologna,Sant'Agata Bolognese,Comune di Sant'Agata Bolognese,Comuni,3,Servizi comunali,valido_localizzato,08_2406_rta_08_241015091330_4166---Protocollo_intesa_autonomia_abitativa_donne_vittime_di_violenza_CittMtrBO.txt,1
09,Toscana,Pisa,Santa Croce sull'Arno,Comune di Santa Croce sull'Arno,Comuni,3,Servizi comunali,valido_localizzato,09_PISA PREF E PROV.txt,1
09,Toscana,Pisa,Santa Luce,Comune di Santa Luce,Comuni,3,Servizi comunali,valido_localizzato,09_PISA PREF E PROV.txt,1
09,Toscana,Pisa,Santa Maria a Monte,Comune di Santa Maria a Monte,Comuni,3,Servizi comunali,valido_localizzato,09_PISA PREF E PROV.txt,1
08,Emilia-Romagna,Rimini,Santarcangelo di Romagna,Comune di Santarcangelo di Romagna,Comuni,3,Servizi comunali,valido_localizzato,08_2406_rta_08_241015091553_4166---Protocollosullaviolenzadigenere_confirme_prot.txt,1
09,Toscana,Siena,Sarteano,Comune di Sarteano,Comuni,3,Servizi comunali,valido_localizzato,09_VALDICHIANA_all. decreto 37_2008 protocollo di intesa 2008.txt,1
08,Emilia-Romagna,Bologna,Sasso Marconi,Comune di Sasso Marconi,Comuni,3,Servizi comunali,valido_localizzato,08_2406_rta_08_241015091330_4166---Protocollo_intesa_autonomia_abitativa_donne_vittime_di_violenza_CittMtrBO.txt,2
08,Emilia-Romagna,Modena,Sassuolo,Comune di Sassuolo,Comuni,3,Servizi comunali,valido_localizzato,08_2406_rta_08_241015091725_4166---Protoc-Prefett-2017.txt,1
07,Liguria,Savona,Savona,Comune di Savona,Comuni,3,Servizi comunali,valido_localizzato,07_2406_rta_07_240916163956_4166---DGR477_2022_Protocollo.txt,1
09,Toscana,Firenze,Scandicci,Comune di Scandicci,Comuni,3,Servizi comunali,valido_localizzato,09_FIRENZE Linee-di-indirizzo2024.txt,1
09,Toscana,Grosseto,Scansano,Comune di Scansano,Comuni,3,Servizi comunali,valido_localizzato,09_GROSSETO 2022 fpdf.txt,1
09,Toscana,Grosseto,Scarlino,Comune di Scarlino,Comuni,3,Servizi comunali,valido_localizzato,09_GROSSETO 2022 fpdf.txt,1
09,Toscana,Pistoia,Serravalle Pistoiese,Comune di Serravalle Pistoiese,Comuni,3,Servizi comunali,valido_localizzato,09_PISTOIA PROV .txt,1
09,Toscana,Firenze,Sesto Fiorentino,Comune di Sesto Fiorentino,Comuni,3,Servizi comunali,valido_localizzato,09_FIRENZE Linee-di-indirizzo2024.txt,1
09,Toscana,Siena,Sinalunga,Comune di Sinalunga,Comuni,3,Servizi comunali,valido_localizzato,09_VALDICHIANA_all. decreto 37_2008 protocollo di intesa 2008.txt,1
08,Emilia-Romagna,Ravenna,Solarolo,Comune di Solarolo,Comuni,3,Servizi comunali,valido_localizzato,08_2406_rta_08_241015092049_4166---PROTOCOLLOD.G.C.FAENZA304-2009.txt,1
09,Toscana,Grosseto,Sorano,Comune di Sorano,Comuni,3,Servizi comunali,valido_localizzato,09_GROSSETO 2022 fpdf.txt,1
09,Toscana,,Tavarnelle Val di Pesa,Comune di Tavarnelle Val di Pesa,Comuni,3,Servizi comunali,valido_localizzato,09_FIRENZE Linee-di-indirizzo2024.txt,1
09,Toscana,Pisa,Terricciola,Comune di Terricciola,Comuni,3,Servizi comunali,valido_localizzato,09_PISA PREF E PROV.txt,1
09,Toscana,Siena,Torrita di Siena,Comune di Torrita di Siena,Comuni,3,Servizi comunali,valido_localizzato,09_VALDICHIANA_all. decreto 37_2008 protocollo di intesa 2008.txt,1
09,Toscana,Siena,Trequanda,Comune di Trequanda,Comuni,3,Servizi comunali,valido_localizzato,09_VALDICHIANA_all. decreto 37_2008 protocollo di intesa 2008.txt,1
08,Emilia-Romagna,Ferrara,Tresignana,Comune di Tresignana,Comuni,3,Servizi comunali,valido_localizzato,08_2406_rta_08_241015091430_4166---Protocollo_Distrettuale_Contrasto_violenza_Donne2023.stamped.txt,1
09,Toscana,Pistoia,Uzzano,Comune di Uzzano,Comuni,3,Servizi comunali,valido_localizzato,09_PISTOIA PROV .txt,1
09,Toscana,Prato,Vaiano,Comune di Vaiano,Comuni,3,Servizi comunali,valido_localizzato,09_PRATO PREF.txt,1
08,Emilia-Romagna,Bologna,Valsamoggia,Comune di Valsamoggia,Comuni,3,Servizi comunali,valido_localizzato,08_2406_rta_08_241015091330_4166---Protocollo_intesa_autonomia_abitativa_donne_vittime_di_violenza_CittMtrBO.txt,1
09,Toscana,Pisa,Vecchiano,Comune di Vecchiano,Comuni,3,Servizi comunali,valido_localizzato,09_PISA PREF E PROV.txt,1
08,Emilia-Romagna,Bologna,Vergato,Comune di Vergato,Comuni,3,Servizi comunali,valido_localizzato,08_2406_rta_08_241015091330_4166---Protocollo_intesa_autonomia_abitativa_donne_vittime_di_violenza_CittMtrBO.txt,1
09,Toscana,Prato,Vernio,Comune di Vernio,Comuni,3,Servizi comunali,valido_localizzato,09_PRATO PREF.txt,1
08,Emilia-Romagna,Rimini,Verucchio,Comune di Verucchio,Comuni,3,Servizi comunali,valido_localizzato,08_2406_rta_08_241015091553_4166---Protocollosullaviolenzadigenere_confirme_prot.txt,1
09,Toscana,Pisa,Vicopisano,Comune di Vicopisano,Comuni,3,Servizi comunali,valido_localizzato,09_PISA PREF E PROV.txt,1
08,Emilia-Romagna,Ferrara,Voghiera,Comune di Voghiera,Comuni,3,Servizi comunali,valido_localizzato,08_2406_rta_08_241015091430_4166---Protocollo_Distrettuale_Contrasto_violenza_Donne2023.stamped.txt,1
09,Toscana,Pisa,Volterra,Comune di Volterra,Comuni,3,Servizi comunali,valido_localizzato,09_PISA PREF E PROV.txt,1
08,Emilia-Romagna,Bologna,Zola Predosa,Comune di Zola Predosa,Comuni,3,Servizi comunali,valido_localizzato,08_2406_rta_08_241015091330_4166---Protocollo_intesa_autonomia_abitativa_donne_vittime_di_violenza_CittMtrBO.txt,1
07,Liguria,,,Comune di residenza della donna,Comuni,3,Servizi comunali,valido_localizzato,07_2406_rta_07_240916163905_4166---PROTOCOLLOFIRMATO(002).txt,1
09,Toscana,,,Comuni,Comuni,3,Servizi comunali,generico,09_LUCCA PROV.txt,1
09,Toscana,Firenze,Firenze,Quartiere 5 del Comune di Firenze,Comuni,3,Servizi comunali,valido_localizzato,09_FIRENZE Linee-di-indirizzo2024.txt,1
09,Toscana,,,Comando Polizia Municipale,Polizia Municipale,3,Servizi comunali,valido_localizzato,09_LIVORNO Protocollo_ RETE ANTIVIOLENZA_ LIVORNO.txt,1
08,Emilia-Romagna,Ravenna,Brisighella,Comando di Polizia Municipale di Brisighella,Polizia Municipale,3,Servizi comunali,valido_localizzato,08_2406_rta_08_241015092049_4166---PROTOCOLLOD.G.C.FAENZA304-2009.txt,1
08,Emilia-Romagna,Ravenna,Casola Valsenio,Comando di Polizia Municipale di Casola Valsenio,Polizia Municipale,3,Servizi comunali,valido_localizzato,08_2406_rta_08_241015092049_4166---PROTOCOLLOD.G.C.FAENZA304-2009.txt,1
08,Emilia-Romagna,Ravenna,Castel Bolognese,Comando di Polizia Municipale di Castel Bolognese,Polizia Municipale,3,Servizi comunali,valido_localizzato,08_2406_rta_08_241015092049_4166---PROTOCOLLOD.G.C.FAENZA304-2009.txt,1
08,Emilia-Romagna,Ravenna,Faenza,Comando di Polizia Municipale di Faenza,Polizia Municipale,3,Servizi comunali,valido_localizzato,08_2406_rta_08_241015092049_4166---PROTOCOLLOD.G.C.FAENZA304-2009.txt,1
08,Emilia-Romagna,Ravenna,Riolo Terme,Comando di Polizia Municipale di Riolo Terme,Polizia Municipale,3,Servizi comunali,valido_localizzato,08_2406_rta_08_241015092049_4166---PROTOCOLLOD.G.C.FAENZA304-2009.txt,1
08,Emilia-Romagna,Ravenna,Solarolo,Comando di Polizia Municipale di Solarolo,Polizia Municipale,3,Servizi comunali,valido_localizzato,08_2406_rta_08_241015092049_4166---PROTOCOLLOD.G.C.FAENZA304-2009.txt,1
08,Emilia-Romagna,,,Polizia Municipale,Polizia Municipale,3,Servizi comunali,valido_localizzato,08_2406_rta_08_241015092024_4166---Protocollooperativo.txt,1
08,Emilia-Romagna,Modena,Cavezzo,Polizia Municipale Comune di Cavezzo,Polizia Municipale,3,Servizi comunali,valido_localizzato,08_2406_rta_08_241015092024_4166---Protocollooperativo.txt,1
08,Emilia-Romagna,Modena,Finale Emilia,Polizia Municipale Comune di Finale Emilia,Polizia Municipale,3,Servizi comunali,valido_localizzato,08_2406_rta_08_241015092024_4166---Protocollooperativo.txt,1
09,Toscana,Siena,Casole d'Elsa,Polizia Municipale di Casole d'Elsa,Polizia Municipale,3,Servizi comunali,valido_localizzato,09_ALTA VALDELSA Protocollo-violenza-valdelsa-2022_ALTA VALDELSA.txt,1
09,Toscana,Siena,Colle di Val d'Elsa,Polizia Municipale di Colle Val d'Elsa,Polizia Municipale,3,Servizi comunali,valido_localizzato,09_ALTA VALDELSA Protocollo-violenza-valdelsa-2022_ALTA VALDELSA.txt,1
09,Toscana,Siena,Poggibonsi,Polizia Municipale di Poggibonsi,Polizia Municipale,3,Servizi comunali,valido_localizzato,09_ALTA VALDELSA Protocollo-violenza-valdelsa-2022_ALTA VALDELSA.txt,1
09,Toscana,Siena,Radicondoli,Polizia Municipale di Radicondoli,Polizia Municipale,3,Servizi comunali,valido_localizzato,09_ALTA VALDELSA Protocollo-violenza-valdelsa-2022_ALTA VALDELSA.txt,1
09,Toscana,Siena,San Gimignano,Polizia Municipale di San Gimignano,Polizia Municipale,3,Servizi comunali,valido_localizzato,09_ALTA VALDELSA Protocollo-violenza-valdelsa-2022_ALTA VALDELSA.txt,1
09,Toscana,,,Polizie Municipali dei Comuni della Valdelsa,Polizia Municipale,3,Servizi comunali,valido_localizzato,09_ALTA VALDELSA Protocollo-violenza-valdelsa-2022_ALTA VALDELSA.txt,1
08,Emilia-Romagna,,,ASP Circondario Imolese,Servizi sociali comunali,3,Servizi comunali,valido_localizzato,08_2406_rta_08_241015091310_4166---Accordo_Contrasto_alla_violenza_CittMtrBO.txt,1
08,Emilia-Romagna,Bologna,Bologna,ASP Città di Bologna,Servizi sociali comunali,3,Servizi comunali,valido_localizzato,08_2406_rta_08_241015091310_4166---Accordo_Contrasto_alla_violenza_CittMtrBO.txt,1
08,Emilia-Romagna,Bologna,Imola,Consorzio Servizi Sociali di Imola,Servizi sociali comunali,3,Servizi comunali,valido_localizzato,08_2406_rta_08_241015091310_4166---Accordo_Contrasto_alla_violenza_CittMtrBO.txt,1
09,Toscana,,,Fiorentina Nord Ovest: Servizi sociali,Servizi sociali comunali,3,Servizi comunali,valido_localizzato,09_FIRENZE Linee-di-indirizzo2024.txt,1
09,Toscana,,,Fiorentina Sud Est: Servizi sociali,Servizi sociali comunali,3,Servizi comunali,valido_localizzato,09_FIRENZE Linee-di-indirizzo2024.txt,1
09,Toscana,,,Mugello: Servizi sociali,Servizi sociali comunali,3,Servizi comunali,valido_localizzato,09_FIRENZE Linee-di-indirizzo2024.txt,1
08,Emilia-Romagna,,,Poli territoriali di Servizio Sociale,Servizi sociali comunali,3,Servizi comunali,valido_localizzato,08_2406_rta_08_241015091655_4166---Aggiornamentointegrazioneprotocollooperativoapprovatonelgiugno2008.txt,1
09,Toscana,,,Referente Emergenza Sociale (RES) di zona,Servizi sociali comunali,3,Servizi comunali,valido_localizzato,09_FIRENZE Linee-di-indirizzo2024.txt,1
09,Toscana,,,SEUS - Servizio Emergenza Urgenza Sociale,Servizi sociali comunali,3,Servizi comunali,valido_localizzato,09_ALTA VALDELSA Protocollo-violenza-valdelsa-2022_ALTA VALDELSA.txt | 09_FIRENZE Linee-di-indirizzo2024.txt,2
08,Emilia-Romagna,Modena,Camposanto,Servizi Sociali Comune di Camposanto,Servizi sociali comunali,3,Servizi comunali,valido_localizzato,08_2406_rta_08_241015092024_4166---Protocollooperativo.txt,1
08,Emilia-Romagna,Modena,Cavezzo,Servizi Sociali Comune di Cavezzo,Servizi sociali comunali,3,Servizi comunali,valido_localizzato,08_2406_rta_08_241015092024_4166---Protocollooperativo.txt,1
08,Emilia-Romagna,,Concordia,Servizi Sociali Comune di Concordia,Servizi sociali comunali,3,Servizi comunali,valido_localizzato,08_2406_rta_08_241015092024_4166---Protocollooperativo.txt,1
08,Emilia-Romagna,Modena,Finale Emilia,Servizi Sociali Comune di Finale Emilia,Servizi sociali comunali,3,Servizi comunali,valido_localizzato,08_2406_rta_08_241015092024_4166---Protocollooperativo.txt,1
08,Emilia-Romagna,Modena,Medolla,Servizi Sociali Comune di Medolla,Servizi sociali comunali,3,Servizi comunali,valido_localizzato,08_2406_rta_08_241015092024_4166---Protocollooperativo.txt,1
08,Emilia-Romagna,Modena,Mirandola,Servizi Sociali Comune di Mirandola,Servizi sociali comunali,3,Servizi comunali,valido_localizzato,08_2406_rta_08_241015092024_4166---Protocollooperativo.txt,1
08,Emilia-Romagna,Modena,San Felice sul Panaro,Servizi Sociali Comune di San Felice Panaro,Servizi sociali comunali,3,Servizi comunali,valido_localizzato,08_2406_rta_08_241015092024_4166---Protocollooperativo.txt,1
08,Emilia-Romagna,Modena,San Possidonio,Servizi Sociali Comune di San Possidonio,Servizi sociali comunali,3,Servizi comunali,valido_localizzato,08_2406_rta_08_241015092024_4166---Protocollooperativo.txt,1
08,Emilia-Romagna,Modena,San Prospero,Servizi Sociali Comune di San Prospero,Servizi sociali comunali,3,Servizi comunali,valido_localizzato,08_2406_rta_08_241015092024_4166---Protocollooperativo.txt,1
07,Liguria,,,Servizi Sociali degli Ambiti Territoriali,Servizi sociali comunali,3,Servizi comunali,valido_localizzato,07_2406_rta_07_240916163905_4166---PROTOCOLLOFIRMATO(002).txt,1
09,Toscana,,,Servizi Sociali dei Comuni di Costa,Servizi sociali comunali,3,Servizi comunali,valido_localizzato,09_APUANE_2015 Protocollo Prefettura.txt,1
08,Emilia-Romagna,,,Servizi Sociali del Comune di residenza,Servizi sociali comunali,3,Servizi comunali,valido_localizzato,08_2406_rta_08_241015092024_4166---Protocollooperativo.txt,1
08,Emilia-Romagna,,,Servizi Sociali di competenza,Servizi sociali comunali,3,Servizi comunali,valido_localizzato,08_2406_rta_08_241015091430_4166---Protocollo_Distrettuale_Contrasto_violenza_Donne2023.stamped.txt,1
08,Emilia-Romagna,,,Servizi di tutela minori,Servizi sociali comunali,3,Servizi comunali,valido_localizzato,08_2406_rta_08_241015091553_4166---Protocollosullaviolenzadigenere_confirme_prot.txt,1
08,Emilia-Romagna,,,Servizi sociali,Servizi sociali comunali,3,Servizi comunali,generico,08_2406_rta_08_241015091355_4166---PROTOCOLLO_CONTRO_VIOLENZA_firmato2023.txt | 08_2406_rta_08_241015091430_4166---Protocollo_Distrettuale_Contrasto_violenza_Donne2023.stamped.txt,2
07,Liguria,,,Servizi sociali,Servizi sociali comunali,3,Servizi comunali,generico,07_2406_rta_07_240916163933_4166---sub_14574431199510849525_Protocollo_LVLS-signed.txt,1
09,Toscana,,,Servizi sociali,Servizi sociali comunali,3,Servizi comunali,generico,09_ALTA VALDELSA Protocollo-violenza-valdelsa-2022_ALTA VALDELSA.txt | 09_FIRENZE Linee-di-indirizzo2024.txt | 09_SENESE Delibera-n.1196-del-24-10-2022-allegato-a_SENESE_2.txt,3
08,Emilia-Romagna,,,Servizi sociali dei Comuni,Servizi sociali comunali,3,Servizi comunali,valido_localizzato,08_2406_rta_08_241015091553_4166---Protocollosullaviolenzadigenere_confirme_prot.txt | 08_2406_rta_08_241015092024_4166---Protocollooperativo.txt,2
08,Emilia-Romagna,,,Servizio Sociale Associato,Servizi sociali comunali,3,Servizi comunali,valido_localizzato,08_2406_rta_08_241015092049_4166---PROTOCOLLOD.G.C.FAENZA304-2009.txt,1
08,Emilia-Romagna,,,"Servizio Sociale Associato dei Comuni di Ravenna, Cervia e Russi",Servizi sociali comunali,3,Servizi comunali,valido_localizzato,08_2406_rta_08_241015091748_4166---ProtocolloProvincialeCaserifugio2023.2025.txt,1
08,Emilia-Romagna,,,Servizio Sociale Ospedaliero,Servizi sociali comunali,3,Servizi comunali,valido_localizzato,08_2406_rta_08_241015091655_4166---Aggiornamentointegrazioneprotocollooperativoapprovatonelgiugno2008.txt,1
07,Liguria,,,Servizio Sociale del Comune di residenza,Servizi sociali comunali,3,Servizi comunali,valido_localizzato,07_2406_rta_07_240916163905_4166---PROTOCOLLOFIRMATO(002).txt,1
07,Liguria,,,Servizio Sociale del Comune dove viene reperita la donna,Servizi sociali comunali,3,Servizi comunali,valido_localizzato,07_2406_rta_07_240916163905_4166---PROTOCOLLOFIRMATO(002).txt,1
08,Emilia-Romagna,,,Sportelli Sociali,Servizi sociali comunali,3,Servizi comunali,valido_localizzato,08_2406_rta_08_241015091655_4166---Aggiornamentointegrazioneprotocollooperativoapprovatonelgiugno2008.txt,1
09,Toscana,,,UTES - Unità Territoriali Emergenza Sociale,Servizi sociali comunali,3,Servizi comunali,valido_localizzato,09_ALTA VALDELSA Protocollo-violenza-valdelsa-2022_ALTA VALDELSA.txt,1
08,Emilia-Romagna,Piacenza,Piacenza,Ambito territoriale per la provincia di Piacenza,Scuole/Ufficio scolastico provinciale e regionale,7,Settore Educativo,valido_localizzato,08_2406_rta_08_241015091832_4166---P.G.111546-2023PROTOCOLLOOPERATIVOFENOMENOVIOLENZADONNE(1).txt,1
08,Emilia-Romagna,,,Centro Territoriale Permanente per l'Educazione degli Adulti,Scuole/Ufficio scolastico provinciale e regionale,7,Settore Educativo,valido_localizzato,08_2406_rta_08_241015091621_4166---PROTOCOLLO_22.txt,1
08,Emilia-Romagna,,,Direzioni Scolastiche,Scuole/Ufficio scolastico provinciale e regionale,7,Settore Educativo,valido_localizzato,08_2406_rta_08_241015091553_4166---Protocollosullaviolenzadigenere_confirme_prot.txt | 08_2406_rta_08_241015091655_4166---Aggiornamentointegrazioneprotocollooperativoapprovatonelgiugno2008.txt,2
08,Emilia-Romagna,Ferrara,Ferrara,Istituzioni scolastiche autonome della provincia di Ferrara,Scuole/Ufficio scolastico provinciale e regionale,7,Settore Educativo,valido_localizzato,08_2406_rta_08_241015091355_4166---PROTOCOLLO_CONTRO_VIOLENZA_firmato2023.txt,1
08,Emilia-Romagna,Modena,Modena,MIUR - Ufficio Scolastico Regionale per l'Emilia Romagna - Ufficio VIII Ambito Territoriale per la provincia di Modena,Scuole/Ufficio scolastico provinciale e regionale,7,Settore Educativo,valido_localizzato,08_2406_rta_08_241015091725_4166---Protoc-Prefett-2017.txt,1
09,Toscana,Prato,Prato,MIUR Ufficio Scolastico Regionale per la Toscana XI Ambito Territoriale di Prato e Pistoia sede di Prato,Scuole/Ufficio scolastico provinciale e regionale,7,Settore Educativo,valido_localizzato,09_PRATO PREF.txt,1
09,Toscana,Arezzo,Arezzo,Scuole,Scuole/Ufficio scolastico provinciale e regionale,7,Settore Educativo,valido_localizzato,09_PRATO PREF.txt,1
09,Toscana,,,Ufficio Scolastico Provinciale,Scuole/Ufficio scolastico provinciale e regionale,7,Settore Educativo,valido_localizzato,09_APUANE_2015 Protocollo Prefettura.txt | 09_PISTOIA PROV .txt,2
09,Toscana,Arezzo,Arezzo,Ufficio Scolastico Provinciale di Arezzo,Scuole/Ufficio scolastico provinciale e regionale,7,Settore Educativo,valido_localizzato,09_AREZZO Prot_2024-2026.txt,1
09,Toscana,Grosseto,Grosseto,Ufficio Scolastico Provinciale di Grosseto,Scuole/Ufficio scolastico provinciale e regionale,7,Settore Educativo,valido_localizzato,09_GROSSETO 2022 fpdf.txt,1
09,Toscana,Lucca,Lucca,Ufficio Scolastico Provinciale di Lucca,Scuole/Ufficio scolastico provinciale e regionale,7,Settore Educativo,valido_localizzato,09_LUCCA PROV.txt,1
08,Emilia-Romagna,,Reggio Emilia,Ufficio Scolastico Provinciale di Reggio Emilia,Scuole/Ufficio scolastico provinciale e regionale,7,Settore Educativo,valido_localizzato,08_2406_rta_08_241015091655_4166---Aggiornamentointegrazioneprotocollooperativoapprovatonelgiugno2008.txt,1
08,Emilia-Romagna,Ferrara,Ferrara,Ufficio Scolastico Regionale VI Ambito Territoriale di Ferrara,Scuole/Ufficio scolastico provinciale e regionale,7,Settore Educativo,valido_localizzato,08_2406_rta_08_241015091355_4166---PROTOCOLLO_CONTRO_VIOLENZA_firmato2023.txt,1
09,Toscana,Pisa,Pisa,Ufficio Scolastico Regionale della Toscana Ambito Territoriale della provincia di Pisa,Scuole/Ufficio scolastico provinciale e regionale,7,Settore Educativo,valido_localizzato,09_PISA PREF E PROV.txt,1
08,Emilia-Romagna,,,Ufficio Scolastico Regionale per l'Emilia Romagna - Ufficio VII - Ambito territoriale di Forli-Cesena e Rimini,Scuole/Ufficio scolastico provinciale e regionale,7,Settore Educativo,valido_localizzato,08_2406_rta_08_241015091553_4166---Protocollosullaviolenzadigenere_confirme_prot.txt,1
08,Emilia-Romagna,Ferrara,Ferrara,"Ufficio Scolastico Regionale per l'Emilia Romagna Ufficio VI, Ambito Territoriale di Ferrara Provinciale",Scuole/Ufficio scolastico provinciale e regionale,7,Settore Educativo,valido_localizzato,08_2406_rta_08_241015091430_4166---Protocollo_Distrettuale_Contrasto_violenza_Donne2023.stamped.txt,1
07,Liguria,,,Ufficio Scolastico Regionale per la Liguria,Scuole/Ufficio scolastico provinciale e regionale,7,Settore Educativo,valido_localizzato,07_2406_rta_07_240916163956_4166---DGR477_2022_Protocollo.txt,1
09,Toscana,Arezzo,Arezzo,Ufficio Scolastico Regionale per la Toscana Ambito Territoriale della Provincia di Arezzo Ufficio VI,Scuole/Ufficio scolastico provinciale e regionale,7,Settore Educativo,valido_localizzato,09_AREZZO Prot_2024-2026.txt,1
08,Emilia-Romagna,,,Ufficio Scolastico Territoriale,Scuole/Ufficio scolastico provinciale e regionale,7,Settore Educativo,valido_localizzato,08_2406_rta_08_241015091553_4166---Protocollosullaviolenzadigenere_confirme_prot.txt,1
09,Toscana,Arezzo,Arezzo,Ufficio Scolastico Territoriale di Arezzo,Scuole/Ufficio scolastico provinciale e regionale,7,Settore Educativo,valido_localizzato,09_AREZZO Prot_2024-2026.txt,1
08,Emilia-Romagna,,,Ufficio Scolastico regionale per l'Emilia-Romagna,Scuole/Ufficio scolastico provinciale e regionale,7,Settore Educativo,valido_localizzato,08_2406_rta_08_241015091621_4166---PROTOCOLLO_22.txt | 08_2406_rta_08_241015091832_4166---P.G.111546-2023PROTOCOLLOOPERATIVOFENOMENOVIOLENZADONNE(1).txt,2
08,Emilia-Romagna,Modena,Modena,Ufficio scolastico provinciale di Modena,Scuole/Ufficio scolastico provinciale e regionale,7,Settore Educativo,valido_localizzato,08_2406_rta_08_241015091725_4166---Protoc-Prefett-2017.txt,1
08,Emilia-Romagna,,,Istituzione nidi e scuole materne,Settore educativo comunale,7,Settore Educativo,valido_localizzato,08_2406_rta_08_241015091655_4166---Aggiornamentointegrazioneprotocollooperativoapprovatonelgiugno2008.txt,1
08,Emilia-Romagna,,,Officina educativa,Settore educativo comunale,7,Settore Educativo,valido_localizzato,08_2406_rta_08_241015091655_4166---Aggiornamentointegrazioneprotocollooperativoapprovatonelgiugno2008.txt,1
08,Emilia-Romagna,,,Arma dei Carabinieri,Carabinieri/Polizia/altre forze dell'ordine,2,Settore giudiziario,valido_localizzato,08_2406_rta_08_241015091655_4166---Aggiornamentointegrazioneprotocollooperativoapprovatonelgiugno2008.txt,1
08,Emilia-Romagna,Bologna,Bologna,"Arma dei Carabinieri, Comando Provinciale di Bologna",Carabinieri/Polizia/altre forze dell'ordine,2,Settore giudiziario,valido_localizzato,08_2406_rta_08_241015091330_4166---Protocollo_intesa_autonomia_abitativa_donne_vittime_di_violenza_CittMtrBO.txt,1
09,Toscana,Lucca,Lucca,Arma dei Carabinieri-Comando provinciale di Lucca,Carabinieri/Polizia/altre forze dell'ordine,2,Settore giudiziario,valido_localizzato,09_LUCCA PROV.txt,1
08,Emilia-Romagna,,,Carabinieri,Carabinieri/Polizia/altre forze dell'ordine,2,Settore giudiziario,generico,08_2406_rta_08_241015092024_4166---Protocollooperativo.txt,1
09,Toscana,,,Carabinieri,Carabinieri/Polizia/altre forze dell'ordine,2,Settore giudiziario,generico,09_VALDICHIANA_all. decreto 37_2008 protocollo di intesa 2008.txt,1
08,Emilia-Romagna,Ravenna,Ravenna,Carabinieri del territorio della provincia di Ravenna,Carabinieri/Polizia/altre forze dell'ordine,2,Settore giudiziario,valido_localizzato,08_2406_rta_08_241015092049_4166---PROTOCOLLOD.G.C.FAENZA304-2009.txt,1
08,Emilia-Romagna,,,Comando Prov.le Carabinieri,Carabinieri/Polizia/altre forze dell'ordine,2,Settore giudiziario,valido_localizzato,08_2406_rta_08_241015091621_4166---PROTOCOLLO_22.txt,1
08,Emilia-Romagna,,,Comando Prov.le Guardia di Finanza,Carabinieri/Polizia/altre forze dell'ordine,2,Settore giudiziario,valido_localizzato,08_2406_rta_08_241015091621_4166---PROTOCOLLO_22.txt,1
09,Toscana,Livorno,Livorno,Comando Provinciale Carabinieri di Livorno,Carabinieri/Polizia/altre forze dell'ordine,2,Settore giudiziario,valido_localizzato,09_LIVORNO Protocollo_ RETE ANTIVIOLENZA_ LIVORNO.txt,1
09,Toscana,Pistoia,Pistoia,Comando Provinciale Carabinieri di Pistoia,Carabinieri/Polizia/altre forze dell'ordine,2,Settore giudiziario,valido_localizzato,09_PISTOIA PROV .txt,1
08,Emilia-Romagna,,Reggio Emilia,Comando Provinciale Carabinieri di Reggio Emilia,Carabinieri/Polizia/altre forze dell'ordine,2,Settore giudiziario,valido_localizzato,08_2406_rta_08_241015091655_4166---Aggiornamentointegrazioneprotocollooperativoapprovatonelgiugno2008.txt,1
08,Emilia-Romagna,,,Comando Provinciale dei Carabinieri,Carabinieri/Polizia/altre forze dell'ordine,2,Settore giudiziario,valido_localizzato,08_2406_rta_08_241015091330_4166---Protocollo_intesa_autonomia_abitativa_donne_vittime_di_violenza_CittMtrBO.txt,1
09,Toscana,,,Comando Provinciale dei Carabinieri,Carabinieri/Polizia/altre forze dell'ordine,2,Settore giudiziario,valido_localizzato,09_ALTA VALDELSA Protocollo-violenza-valdelsa-2022_ALTA VALDELSA.txt | 09_SENESE Delibera-n.1196-del-24-10-2022-allegato-a_SENESE_2.txt,2
09,Toscana,Arezzo,Arezzo,Comando Provinciale dei Carabinieri di Arezzo,Carabinieri/Polizia/altre forze dell'ordine,2,Settore giudiziario,valido_localizzato,09_AREZZO Prot_2024-2026.txt,1
08,Emilia-Romagna,Ferrara,Ferrara,Comando Provinciale dei Carabinieri di Ferrara,Carabinieri/Polizia/altre forze dell'ordine,2,Settore giudiziario,valido_localizzato,08_2406_rta_08_241015091355_4166---PROTOCOLLO_CONTRO_VIOLENZA_firmato2023.txt | 08_2406_rta_08_241015091430_4166---Protocollo_Distrettuale_Contrasto_violenza_Donne2023.stamped.txt,2
09,Toscana,Massa-Carrara,Massa Carrara,Comando Provinciale dei Carabinieri di Massa Carrara,Carabinieri/Polizia/altre forze dell'ordine,2,Settore giudiziario,valido_localizzato,09_APUANE_2015 Protocollo Prefettura.txt,1
08,Emilia-Romagna,Modena,Modena,Comando Provinciale dei Carabinieri di Modena,Carabinieri/Polizia/altre forze dell'ordine,2,Settore giudiziario,valido_localizzato,08_2406_rta_08_241015091725_4166---Protoc-Prefett-2017.txt,1
08,Emilia-Romagna,Rimini,Rimini,Comando Provinciale dei Carabinieri di Rimini,Carabinieri/Polizia/altre forze dell'ordine,2,Settore giudiziario,valido_localizzato,08_2406_rta_08_241015091553_4166---Protocollosullaviolenzadigenere_confirme_prot.txt,1
08,Emilia-Romagna,,,Comando Provinciale dell'Arma dei Carabinieri,Carabinieri/Polizia/altre forze dell'ordine,2,Settore giudiziario,valido_localizzato,08_2406_rta_08_241015091832_4166---P.G.111546-2023PROTOCOLLOOPERATIVOFENOMENOVIOLENZADONNE(1).txt,1
09,Toscana,Prato,Prato,Comando Provinciale dell'Arma dei Carabinieri di Prato,Carabinieri/Polizia/altre forze dell'ordine,2,Settore giudiziario,valido_localizzato,09_PRATO PREF.txt,1
08,Emilia-Romagna,,,Comando Provinciale della Guardia Finanza,Carabinieri/Polizia/altre forze dell'ordine,2,Settore giudiziario,valido_localizzato,08_2406_rta_08_241015091832_4166---P.G.111546-2023PROTOCOLLOOPERATIVOFENOMENOVIOLENZADONNE(1).txt,1
09,Toscana,Arezzo,Arezzo,Comando Provinciale della Guardia di Finanza di Arezzo,Carabinieri/Polizia/altre forze dell'ordine,2,Settore giudiziario,valido_localizzato,09_AREZZO Prot_2024-2026.txt,1
08,Emilia-Romagna,Ferrara,Ferrara,Comando Provinciale della Guardia di Finanza di Ferrara,Carabinieri/Polizia/altre forze dell'ordine,2,Settore giudiziario,valido_localizzato,08_2406_rta_08_241015091355_4166---PROTOCOLLO_CONTRO_VIOLENZA_firmato2023.txt,1
09,Toscana,Massa-Carrara,Massa Carrara,Comando Provinciale della Guardia di Finanza di Massa Carrara,Carabinieri/Polizia/altre forze dell'ordine,2,Settore giudiziario,valido_localizzato,09_APUANE_2015 Protocollo Prefettura.txt,1
09,Toscana,Prato,Prato,Comando Provinciale della Guardia di Finanza di Prato,Carabinieri/Polizia/altre forze dell'ordine,2,Settore giudiziario,valido_localizzato,09_PRATO PREF.txt,1
07,Liguria,,,Comando Regionale della Guardia di Finanza della Liguria,Carabinieri/Polizia/altre forze dell'ordine,2,Settore giudiziario,valido_localizzato,07_2406_rta_07_240916163956_4166---DGR477_2022_Protocollo.txt,1
08,Emilia-Romagna,Bologna,Bologna,Comando provinciale dei Carabinieri di Bologna,Carabinieri/Polizia/altre forze dell'ordine,2,Settore giudiziario,valido_localizzato,08_2406_rta_08_241015091310_4166---Accordo_Contrasto_alla_violenza_CittMtrBO.txt,1
08,Emilia-Romagna,Ravenna,Faenza,Commissariato di P.S. di Faenza,Carabinieri/Polizia/altre forze dell'ordine,2,Settore giudiziario,valido_localizzato,08_2406_rta_08_241015092049_4166---PROTOCOLLOD.G.C.FAENZA304-2009.txt,1
08,Emilia-Romagna,,,Forze dell'ordine,Carabinieri/Polizia/altre forze dell'ordine,2,Settore giudiziario,generico,08_2406_rta_08_241015091917_4166---Protocollo2022-2024.txt | 08_2406_rta_08_241015092024_4166---Protocollooperativo.txt,3
07,Liguria,,,Forze dell'ordine,Carabinieri/Polizia/altre forze dell'ordine,2,Settore giudiziario,generico,07_2406_rta_07_240916163905_4166---PROTOCOLLOFIRMATO(002).txt | 07_2406_rta_07_240916163933_4166---sub_14574431199510849525_Protocollo_LVLS-signed.txt,2
09,Toscana,,,Forze dell'ordine,Carabinieri/Polizia/altre forze dell'ordine,2,Settore giudiziario,generico,09_AREZZO Prot_2024-2026.txt | 09_PISA PREF E PROV.txt | 09_SENESE Delibera-n.1196-del-24-10-2022-allegato-a_SENESE_2.txt,3
09,Toscana,,,Forze di Polizia Giudiziaria,Carabinieri/Polizia/altre forze dell'ordine,2,Settore giudiziario,generico,09_ALTA VALDELSA Protocollo-violenza-valdelsa-2022_ALTA VALDELSA.txt,1
09,Toscana,,,Guardia di Finanza,Carabinieri/Polizia/altre forze dell'ordine,2,Settore giudiziario,generico,09_ALTA VALDELSA Protocollo-violenza-valdelsa-2022_ALTA VALDELSA.txt,1
08,Emilia-Romagna,Modena,Modena,Guardia di Finanza di Modena,Carabinieri/Polizia/altre forze dell'ordine,2,Settore giudiziario,valido_localizzato,08_2406_rta_08_241015091725_4166---Protoc-Prefett-2017.txt,1
07,Liguria,,,Legione Carabinieri Liguria,Carabinieri/Polizia/altre forze dell'ordine,2,Settore giudiziario,valido_localizzato,07_2406_rta_07_240916163956_4166---DGR477_2022_Protocollo.txt,1
08,Emilia-Romagna,,,Polizia Giudiziaria,Carabinieri/Polizia/altre forze dell'ordine,2,Settore giudiziario,generico,08_2406_rta_08_241015091655_4166---Aggiornamentointegrazioneprotocollooperativoapprovatonelgiugno2008.txt,1
09,Toscana,,,Polizia Giudiziaria,Carabinieri/Polizia/altre forze dell'ordine,2,Settore giudiziario,generico,09_SENESE Delibera-n.1196-del-24-10-2022-allegato-a_SENESE_2.txt,1
08,Emilia-Romagna,,,Polizia di Stato,Carabinieri/Polizia/altre forze dell'ordine,2,Settore giudiziario,generico,08_2406_rta_08_241015091430_4166---Protocollo_Distrettuale_Contrasto_violenza_Donne2023.stamped.txt | 08_2406_rta_08_241015092024_4166---Protocollooperativo.txt | 08_2406_rta_08_241015092049_4166---PROTOCOLLOD.G.C.FAENZA304-2009.txt,3
09,Toscana,,,Polizia di Stato,Carabinieri/Polizia/altre forze dell'ordine,2,Settore giudiziario,generico,09_VALDICHIANA_all. decreto 37_2008 protocollo di intesa 2008.txt,1
08,Emilia-Romagna,,,Sezione della Squadra Mobile - Ufficio Minori,Carabinieri/Polizia/altre forze dell'ordine,2,Settore giudiziario,valido_localizzato,08_2406_rta_08_241015091655_4166---Aggiornamentointegrazioneprotocollooperativoapprovatonelgiugno2008.txt,1
08,Emilia-Romagna,,,Squadra Mobile,Carabinieri/Polizia/altre forze dell'ordine,2,Settore giudiziario,valido_localizzato,08_2406_rta_08_241015091430_4166---Protocollo_Distrettuale_Contrasto_violenza_Donne2023.stamped.txt,1
08,Emilia-Romagna,,,Stazione dei Carabinieri,Carabinieri/Polizia/altre forze dell'ordine,2,Settore giudiziario,valido_localizzato,08_2406_rta_08_241015091655_4166---Aggiornamentointegrazioneprotocollooperativoapprovatonelgiugno2008.txt,1
07,Liguria,Genova,Genova,Prefettura - U.T.G. di Genova,Prefettura,2,Settore giudiziario,valido_localizzato,07_2406_rta_07_240916163956_4166---DGR477_2022_Protocollo.txt,1
07,Liguria,Imperia,Imperia,Prefettura - U.T.G. di Imperia,Prefettura,2,Settore giudiziario,valido_localizzato,07_2406_rta_07_240916163956_4166---DGR477_2022_Protocollo.txt,1
07,Liguria,La Spezia,La Spezia,Prefettura - U.T.G. di La Spezia,Prefettura,2,Settore giudiziario,valido_localizzato,07_2406_rta_07_240916163956_4166---DGR477_2022_Protocollo.txt,1
07,Liguria,Savona,Savona,Prefettura - U.T.G. di Savona,Prefettura,2,Settore giudiziario,valido_localizzato,07_2406_rta_07_240916163956_4166---DGR477_2022_Protocollo.txt,1
08,Emilia-Romagna,,,Prefettura - Ufficio territoriale del Governo di Forli-Cesena,Prefettura,2,Settore giudiziario,valido_localizzato,08_2406_rta_08_241015091621_4166---PROTOCOLLO_22.txt,1
08,Emilia-Romagna,Piacenza,Piacenza,Prefettura - Ufficio territoriale del Governo di Piacenza,Prefettura,2,Settore giudiziario,valido_localizzato,08_2406_rta_08_241015091832_4166---P.G.111546-2023PROTOCOLLOOPERATIVOFENOMENOVIOLENZADONNE(1).txt,1
09,Toscana,Prato,Prato,Prefettura Ufficio Territoriale del Governo di Prato,Prefettura,2,Settore giudiziario,valido_localizzato,09_PRATO PREF.txt,1
09,Toscana,Arezzo,Arezzo,Prefettura di Arezzo,Prefettura,2,Settore giudiziario,valido_localizzato,09_AREZZO Prot_2024-2026.txt,1
08,Emilia-Romagna,Bologna,Bologna,Prefettura di Bologna,Prefettura,2,Settore giudiziario,valido_localizzato,08_2406_rta_08_241015091310_4166---Accordo_Contrasto_alla_violenza_CittMtrBO.txt,1
08,Emilia-Romagna,Ferrara,Ferrara,Prefettura di Ferrara,Prefettura,2,Settore giudiziario,valido_localizzato,08_2406_rta_08_241015091355_4166---PROTOCOLLO_CONTRO_VIOLENZA_firmato2023.txt | 08_2406_rta_08_241015091430_4166---Protocollo_Distrettuale_Contrasto_violenza_Donne2023.stamped.txt,2
09,Toscana,Livorno,,Prefettura di Livorno - Ufficio Territoriale del Governo,Prefettura,2,Settore giudiziario,valido_localizzato,09_LIVORNO Protocollo_ RETE ANTIVIOLENZA_ LIVORNO.txt,1
09,Toscana,Lucca,Lucca,Prefettura di Lucca,Prefettura,2,Settore giudiziario,valido_localizzato,09_LUCCA PROV.txt,1
09,Toscana,Massa-Carrara,Massa Carrara,Prefettura di Massa-Carrara,Prefettura,2,Settore giudiziario,valido_localizzato,09_APUANE_2015 Protocollo Prefettura.txt,1
08,Emilia-Romagna,Modena,Modena,Prefettura di Modena,Prefettura,2,Settore giudiziario,valido_localizzato,08_2406_rta_08_241015091725_4166---Protoc-Prefett-2017.txt,1
08,Emilia-Romagna,Piacenza,Piacenza,Prefettura di Piacenza,Prefettura,2,Settore giudiziario,valido_localizzato,08_2406_rta_08_241015092005_4166---DG216-2024.txt,1
09,Toscana,Pisa,Pisa,Prefettura di Pisa,Prefettura,2,Settore giudiziario,valido_localizzato,09_PISA PREF E PROV.txt,1
09,Toscana,Pistoia,Pistoia,Prefettura di Pistoia - Ufficio Territoriale di Governo,Prefettura,2,Settore giudiziario,valido_localizzato,09_PISTOIA PROV .txt,1
08,Emilia-Romagna,Ravenna,Ravenna,Prefettura di Ravenna,Prefettura,2,Settore giudiziario,valido_localizzato,08_2406_rta_08_241015092049_4166---PROTOCOLLOD.G.C.FAENZA304-2009.txt,1
08,Emilia-Romagna,,Reggio Emilia,Prefettura di Reggio Emilia,Prefettura,2,Settore giudiziario,valido_localizzato,08_2406_rta_08_241015091655_4166---Aggiornamentointegrazioneprotocollooperativoapprovatonelgiugno2008.txt,1
08,Emilia-Romagna,Rimini,Rimini,Prefettura di Rimini,Prefettura,2,Settore giudiziario,valido_localizzato,08_2406_rta_08_241015091553_4166---Protocollosullaviolenzadigenere_confirme_prot.txt,1
09,Toscana,Siena,Siena,Prefettura di Siena,Prefettura,2,Settore giudiziario,valido_localizzato,09_ALTA VALDELSA Protocollo-violenza-valdelsa-2022_ALTA VALDELSA.txt,1
07,Liguria,,,Prefetture,Prefettura,2,Settore giudiziario,valido_localizzato,07_2406_rta_07_240916163933_4166---sub_14574431199510849525_Protocollo_LVLS-signed.txt,1
08,Emilia-Romagna,,,Procura dei Minori,Procura Minorile/ Tribunale minorile,2,Settore giudiziario,valido_localizzato,08_2406_rta_08_241015091655_4166---Aggiornamentointegrazioneprotocollooperativoapprovatonelgiugno2008.txt,1
07,Liguria,Genova,Genova,Procura del Tribunale dei Minori di Genova,Procura Minorile/ Tribunale minorile,2,Settore giudiziario,valido_localizzato,09_APUANE_2015 Protocollo Prefettura.txt,1
09,Toscana,,,Procura della Repubblica minorile,Procura Minorile/ Tribunale minorile,2,Settore giudiziario,valido_localizzato,09_APUANE_2015 Protocollo Prefettura.txt,1
09,Toscana,Firenze,Firenze,Procura della Repubblica per i Minorenni di Firenze,Procura Minorile/ Tribunale minorile,2,Settore giudiziario,valido_localizzato,09_GROSSETO 2022 fpdf.txt | 09_SENESE Delibera-n.1196-del-24-10-2022-allegato-a_SENESE_2.txt,2
07,Liguria,,,Procura della Repubblica presso il Tribunale per i Minorenni,Procura Minorile/ Tribunale minorile,2,Settore giudiziario,valido_localizzato,07_2406_rta_07_240916163905_4166---PROTOCOLLOFIRMATO(002).txt,1
09,Toscana,,,Procura della Repubblica presso il Tribunale per i Minorenni,Procura Minorile/ Tribunale minorile,2,Settore giudiziario,valido_localizzato,09_PISA PREF E PROV.txt,1
08,Emilia-Romagna,Bologna,Bologna,Procura della Repubblica presso il Tribunale per i Minorenni dell'Emilia Romagna di Bologna,Procura Minorile/ Tribunale minorile,2,Settore giudiziario,valido_localizzato,08_2406_rta_08_241015091355_4166---PROTOCOLLO_CONTRO_VIOLENZA_firmato2023.txt,1
07,Liguria,Genova,Genova,Procura della Repubblica presso il Tribunale per i Minorenni di Genova,Procura Minorile/ Tribunale minorile,2,Settore giudiziario,valido_localizzato,07_2406_rta_07_240916163956_4166---DGR477_2022_Protocollo.txt,1
09,Toscana,,,Procura minorile,Procura Minorile/ Tribunale minorile,2,Settore giudiziario,generico,09_FIRENZE Linee-di-indirizzo2024.txt,1
08,Emilia-Romagna,Bologna,Bologna,Procura presso il Tribunale dei minori di Bologna,Procura Minorile/ Tribunale minorile,2,Settore giudiziario,valido_localizzato,08_2406_rta_08_241015091310_4166---Accordo_Contrasto_alla_violenza_CittMtrBO.txt,1
08,Emilia-Romagna,Bologna,Bologna,Tribunale dei Minori di Bologna,Procura Minorile/ Tribunale minorile,2,Settore giudiziario,valido_localizzato,08_2406_rta_08_241015091430_4166---Protocollo_Distrettuale_Contrasto_violenza_Donne2023.stamped.txt,1
08,Emilia-Romagna,,,Tribunale per i Minorenni,Procura Minorile/ Tribunale minorile,2,Settore giudiziario,valido_localizzato,08_2406_rta_08_241015092024_4166---Protocollooperativo.txt,1
09,Toscana,,,Tribunale per i Minorenni,Procura Minorile/ Tribunale minorile,2,Settore giudiziario,valido_localizzato,09_APUANE_2015 Protocollo Prefettura.txt | 09_PRATO PREF.txt | 09_SENESE Delibera-n.1196-del-24-10-2022-allegato-a_SENESE_2.txt,3
08,Emilia-Romagna,Bologna,Bologna,Tribunale per i Minorenni dell'Emilia Romagna di Bologna,Procura Minorile/ Tribunale minorile,2,Settore giudiziario,valido_localizzato,08_2406_rta_08_241015091355_4166---PROTOCOLLO_CONTRO_VIOLENZA_firmato2023.txt,1
08,Emilia-Romagna,,,Autorita Giudiziaria,Procura Ordinaria/Tribunale/Corte d'appello,2,Settore giudiziario,generico,08_2406_rta_08_241015092024_4166---Protocollooperativo.txt,1
09,Toscana,,,Autorita giudiziaria,Procura Ordinaria/Tribunale/Corte d'appello,2,Settore giudiziario,generico,09_FIRENZE Linee-di-indirizzo2024.txt,1
09,Toscana,Firenze,Firenze,Corte d'Appello di Firenze,Procura Ordinaria/Tribunale/Corte d'appello,2,Settore giudiziario,valido_localizzato,09_GROSSETO 2022 fpdf.txt,1
09,Toscana,,,Presidente del Tribunale,Procura Ordinaria/Tribunale/Corte d'appello,2,Settore giudiziario,generico,09_FIRENZE Linee-di-indirizzo2024.txt,1
08,Emilia-Romagna,Rimini,Rimini,Presidenza del Tribunale di Rimini,Procura Ordinaria/Tribunale/Corte d'appello,2,Settore giudiziario,valido_localizzato,08_2406_rta_08_241015091553_4166---Protocollosullaviolenzadigenere_confirme_prot.txt,1
09,Toscana,Firenze,Firenze,Procura Generale della Repubblica presso la Corte d'Appello di Firenze,Procura Ordinaria/Tribunale/Corte d'appello,2,Settore giudiziario,valido_localizzato,09_GROSSETO 2022 fpdf.txt | 09_SENESE Delibera-n.1196-del-24-10-2022-allegato-a_SENESE_2.txt,2
07,Liguria,Genova,Genova,Procura Generale presso la Corte d'Appello di Genova,Procura Ordinaria/Tribunale/Corte d'appello,2,Settore giudiziario,valido_localizzato,07_2406_rta_07_240916163956_4166---DGR477_2022_Protocollo.txt | 09_GROSSETO 2022 fpdf.txt | 09_SENESE Delibera-n.1196-del-24-10-2022-allegato-a_SENESE_2.txt,3
09,Toscana,,,Procura della Repubblica,Procura Ordinaria/Tribunale/Corte d'appello,2,Settore giudiziario,generico,09_LUCCA PROV.txt | 09_PISA PREF E PROV.txt,2
09,Toscana,Firenze,Firenze,Procura della Repubblica di Firenze,Procura Ordinaria/Tribunale/Corte d'appello,2,Settore giudiziario,valido_localizzato,09_APUANE_2015 Protocollo Prefettura.txt,1
08,Emilia-Romagna,Forli-Cesena,Forli,Procura della Repubblica di Forli,Procura Ordinaria/Tribunale/Corte d'appello,2,Settore giudiziario,valido_localizzato,08_2406_rta_08_241015091621_4166---PROTOCOLLO_22.txt,1
09,Toscana,Massa-Carrara,Massa,Procura della Repubblica di Massa,Procura Ordinaria/Tribunale/Corte d'appello,2,Settore giudiziario,valido_localizzato,09_APUANE_2015 Protocollo Prefettura.txt,1
08,Emilia-Romagna,Piacenza,Piacenza,Procura della Repubblica di Piacenza,Procura Ordinaria/Tribunale/Corte d'appello,2,Settore giudiziario,valido_localizzato,08_2406_rta_08_241015091832_4166---P.G.111546-2023PROTOCOLLOOPERATIVOFENOMENOVIOLENZADONNE(1).txt,1
09,Toscana,Pistoia,Pistoia,Procura della Repubblica di Pistoia,Procura Ordinaria/Tribunale/Corte d'appello,2,Settore giudiziario,valido_localizzato,09_PISTOIA PROV .txt,1
09,Toscana,Prato,Prato,Procura della Repubblica di Prato,Procura Ordinaria/Tribunale/Corte d'appello,2,Settore giudiziario,valido_localizzato,09_PRATO PREF.txt,1
08,Emilia-Romagna,,Reggio Emilia,Procura della Repubblica di Reggio Emilia,Procura Ordinaria/Tribunale/Corte d'appello,2,Settore giudiziario,valido_localizzato,08_2406_rta_08_241015091655_4166---Aggiornamentointegrazioneprotocollooperativoapprovatonelgiugno2008.txt,1
09,Toscana,Siena,Siena,Procura della Repubblica di Siena,Procura Ordinaria/Tribunale/Corte d'appello,2,Settore giudiziario,valido_localizzato,09_ALTA VALDELSA Protocollo-violenza-valdelsa-2022_ALTA VALDELSA.txt,1
09,Toscana,,,Procura della Repubblica presso il Tribunale,Procura Ordinaria/Tribunale/Corte d'appello,2,Settore giudiziario,valido_localizzato,09_PISA PREF E PROV.txt,1
09,Toscana,Arezzo,Arezzo,Procura della Repubblica presso il Tribunale di Arezzo,Procura Ordinaria/Tribunale/Corte d'appello,2,Settore giudiziario,valido_localizzato,09_AREZZO Prot_2024-2026.txt,1
08,Emilia-Romagna,Bologna,Bologna,Procura della Repubblica presso il Tribunale di Bologna,Procura Ordinaria/Tribunale/Corte d'appello,2,Settore giudiziario,valido_localizzato,08_2406_rta_08_241015091310_4166---Accordo_Contrasto_alla_violenza_CittMtrBO.txt,1
08,Emilia-Romagna,Ferrara,Ferrara,Procura della Repubblica presso il Tribunale di Ferrara,Procura Ordinaria/Tribunale/Corte d'appello,2,Settore giudiziario,valido_localizzato,08_2406_rta_08_241015091355_4166---PROTOCOLLO_CONTRO_VIOLENZA_firmato2023.txt,1
07,Liguria,Genova,Genova,Procura della Repubblica presso il Tribunale di Genova,Procura Ordinaria/Tribunale/Corte d'appello,2,Settore giudiziario,valido_localizzato,07_2406_rta_07_240916163956_4166---DGR477_2022_Protocollo.txt,1
07,Liguria,Imperia,Imperia,Procura della Repubblica presso il Tribunale di Imperia,Procura Ordinaria/Tribunale/Corte d'appello,2,Settore giudiziario,valido_localizzato,07_2406_rta_07_240916163956_4166---DGR477_2022_Protocollo.txt,1
07,Liguria,La Spezia,La Spezia,Procura della Repubblica presso il Tribunale di La Spezia,Procura Ordinaria/Tribunale/Corte d'appello,2,Settore giudiziario,valido_localizzato,07_2406_rta_07_240916163956_4166---DGR477_2022_Protocollo.txt,1
09,Toscana,Massa-Carrara,Massa,Procura della Repubblica presso il Tribunale di Massa,Procura Ordinaria/Tribunale/Corte d'appello,2,Settore giudiziario,valido_localizzato,09_GROSSETO 2022 fpdf.txt | 09_SENESE Delibera-n.1196-del-24-10-2022-allegato-a_SENESE_2.txt,2
08,Emilia-Romagna,Rimini,Rimini,Procura della Repubblica presso il Tribunale di Rimini,Procura Ordinaria/Tribunale/Corte d'appello,2,Settore giudiziario,valido_localizzato,08_2406_rta_08_241015091553_4166---Protocollosullaviolenzadigenere_confirme_prot.txt,1
07,Liguria,Savona,Savona,Procura della Repubblica presso il Tribunale di Savona,Procura Ordinaria/Tribunale/Corte d'appello,2,Settore giudiziario,valido_localizzato,07_2406_rta_07_240916163956_4166---DGR477_2022_Protocollo.txt,1
09,Toscana,,,Procura della Repubblica presso il Tribunale ordinario,Procura Ordinaria/Tribunale/Corte d'appello,2,Settore giudiziario,valido_localizzato,09_APUANE_2015 Protocollo Prefettura.txt,1
09,Toscana,,,Procure della Repubblica presso il Tribunale del Distretto,Procura Ordinaria/Tribunale/Corte d'appello,2,Settore giudiziario,valido_localizzato,09_GROSSETO 2022 fpdf.txt | 09_SENESE Delibera-n.1196-del-24-10-2022-allegato-a_SENESE_2.txt,2
09,Toscana,,,Tribunale Ordinario,Procura Ordinaria/Tribunale/Corte d'appello,2,Settore giudiziario,generico,09_FIRENZE Linee-di-indirizzo2024.txt,1
09,Toscana,Arezzo,Arezzo,Tribunale di Arezzo,Procura Ordinaria/Tribunale/Corte d'appello,2,Settore giudiziario,valido_localizzato,09_AREZZO Prot_2024-2026.txt,1
08,Emilia-Romagna,Ferrara,Ferrara,Tribunale di Ferrara,Procura Ordinaria/Tribunale/Corte d'appello,2,Settore giudiziario,valido_localizzato,08_2406_rta_08_241015091355_4166---PROTOCOLLO_CONTRO_VIOLENZA_firmato2023.txt,1
09,Toscana,Livorno,Livorno,Tribunale di Livorno,Procura Ordinaria/Tribunale/Corte d'appello,2,Settore giudiziario,valido_localizzato,09_LIVORNO Protocollo_ RETE ANTIVIOLENZA_ LIVORNO.txt,1
09,Toscana,Massa-Carrara,Massa,Tribunale di Massa,Procura Ordinaria/Tribunale/Corte d'appello,2,Settore giudiziario,valido_localizzato,09_APUANE_2015 Protocollo Prefettura.txt,1
09,Toscana,Pisa,Pisa,Tribunale di Pisa,Procura Ordinaria/Tribunale/Corte d'appello,2,Settore giudiziario,valido_localizzato,09_PISA PREF E PROV.txt,1
09,Toscana,Pistoia,Pistoia,Tribunale di Pistoia,Procura Ordinaria/Tribunale/Corte d'appello,2,Settore giudiziario,valido_localizzato,09_PISTOIA PROV .txt,1
08,Emilia-Romagna,,Reggio Emilia,Tribunale di Reggio Emilia,Procura Ordinaria/Tribunale/Corte d'appello,2,Settore giudiziario,valido_localizzato,08_2406_rta_08_241015091655_4166---Aggiornamentointegrazioneprotocollooperativoapprovatonelgiugno2008.txt,1
08,Emilia-Romagna,,,Tribunale ordinario,Procura Ordinaria/Tribunale/Corte d'appello,2,Settore giudiziario,generico,08_2406_rta_08_241015091430_4166---Protocollo_Distrettuale_Contrasto_violenza_Donne2023.stamped.txt | 08_2406_rta_08_241015092024_4166---Protocollooperativo.txt,2
07,Liguria,,,Tribunali,Procura Ordinaria/Tribunale/Corte d'appello,2,Settore giudiziario,valido_localizzato,07_2406_rta_07_240916163933_4166---sub_14574431199510849525_Protocollo_LVLS-signed.txt,1
09,Toscana,,,Questura,Questura,2,Settore giudiziario,generico,09_SENESE Delibera-n.1196-del-24-10-2022-allegato-a_SENESE_2.txt,1
07,Liguria,,,Questura Ufficio immigrazione,Questura,2,Settore giudiziario,valido_localizzato,07_2406_rta_07_240916163933_4166---sub_14574431199510849525_Protocollo_LVLS-signed.txt,1
08,Emilia-Romagna,,,Questura della Provincia,Questura,2,Settore giudiziario,valido_localizzato,08_2406_rta_08_241015091621_4166---PROTOCOLLO_22.txt,1
09,Toscana,Arezzo,Arezzo,Questura di Arezzo,Questura,2,Settore giudiziario,valido_localizzato,09_AREZZO Prot_2024-2026.txt,1
08,Emilia-Romagna,Bologna,Bologna,Questura di Bologna,Questura,2,Settore giudiziario,valido_localizzato,08_2406_rta_08_241015091310_4166---Accordo_Contrasto_alla_violenza_CittMtrBO.txt,1
08,Emilia-Romagna,Ferrara,Ferrara,Questura di Ferrara,Questura,2,Settore giudiziario,valido_localizzato,08_2406_rta_08_241015091355_4166---PROTOCOLLO_CONTRO_VIOLENZA_firmato2023.txt | 08_2406_rta_08_241015091430_4166---Protocollo_Distrettuale_Contrasto_violenza_Donne2023.stamped.txt,2
07,Liguria,Genova,Genova,Questura di Genova,Questura,2,Settore giudiziario,valido_localizzato,07_2406_rta_07_240916163956_4166---DGR477_2022_Protocollo.txt,1
07,Liguria,Imperia,Imperia,Questura di Imperia,Questura,2,Settore giudiziario,valido_localizzato,07_2406_rta_07_240916163956_4166---DGR477_2022_Protocollo.txt,1
07,Liguria,La Spezia,La Spezia,Questura di La Spezia,Questura,2,Settore giudiziario,valido_localizzato,07_2406_rta_07_240916163956_4166---DGR477_2022_Protocollo.txt,1
09,Toscana,Livorno,Livorno,Questura di Livorno,Questura,2,Settore giudiziario,valido_localizzato,09_LIVORNO Protocollo_ RETE ANTIVIOLENZA_ LIVORNO.txt,1
09,Toscana,Lucca,Lucca,Questura di Lucca,Questura,2,Settore giudiziario,valido_localizzato,09_LUCCA PROV.txt,1
09,Toscana,Massa-Carrara,Massa Carrara,Questura di Massa Carrara,Questura,2,Settore giudiziario,valido_localizzato,09_APUANE_2015 Protocollo Prefettura.txt,1
08,Emilia-Romagna,Modena,Modena,Questura di Modena,Questura,2,Settore giudiziario,valido_localizzato,08_2406_rta_08_241015091725_4166---Protoc-Prefett-2017.txt,1
08,Emilia-Romagna,Piacenza,Piacenza,Questura di Piacenza,Questura,2,Settore giudiziario,valido_localizzato,08_2406_rta_08_241015091832_4166---P.G.111546-2023PROTOCOLLOOPERATIVOFENOMENOVIOLENZADONNE(1).txt,1
09,Toscana,Pistoia,Pistoia,Questura di Pistoia,Questura,2,Settore giudiziario,valido_localizzato,09_PISTOIA PROV .txt,1
09,Toscana,Prato,Prato,Questura di Prato,Questura,2,Settore giudiziario,valido_localizzato,09_PRATO PREF.txt,1
08,Emilia-Romagna,Ravenna,Ravenna,Questura di Ravenna,Questura,2,Settore giudiziario,valido_localizzato,08_2406_rta_08_241015092049_4166---PROTOCOLLOD.G.C.FAENZA304-2009.txt,1
08,Emilia-Romagna,,Reggio Emilia,Questura di Reggio Emilia,Questura,2,Settore giudiziario,valido_localizzato,08_2406_rta_08_241015091655_4166---Aggiornamentointegrazioneprotocollooperativoapprovatonelgiugno2008.txt,1
08,Emilia-Romagna,Rimini,Rimini,Questura di Rimini,Questura,2,Settore giudiziario,valido_localizzato,08_2406_rta_08_241015091553_4166---Protocollosullaviolenzadigenere_confirme_prot.txt,1
07,Liguria,Savona,Savona,Questura di Savona,Questura,2,Settore giudiziario,valido_localizzato,07_2406_rta_07_240916163956_4166---DGR477_2022_Protocollo.txt,1
09,Toscana,Siena,Siena,Questura di Siena,Questura,2,Settore giudiziario,valido_localizzato,09_ALTA VALDELSA Protocollo-violenza-valdelsa-2022_ALTA VALDELSA.txt,1
07,Liguria,,,A.S.L. 5,ASL (consultori familiari e altri servizi territoriali),4,settore sanitario,valido_localizzato,07_2406_rta_07_240916163956_4166---DGR477_2022_Protocollo.txt,1
08,Emilia-Romagna,Piacenza,Piacenza,A.U.S.L. di Piacenza,ASL (consultori familiari e altri servizi territoriali),4,settore sanitario,valido_localizzato,08_2406_rta_08_241015092005_4166---DG216-2024.txt,1
07,Liguria,,,AS.L. 1,ASL (consultori familiari e altri servizi territoriali),4,settore sanitario,valido_localizzato,07_2406_rta_07_240916163956_4166---DGR477_2022_Protocollo.txt,1
07,Liguria,,,AS.L. 2,ASL (consultori familiari e altri servizi territoriali),4,settore sanitario,valido_localizzato,07_2406_rta_07_240916163956_4166---DGR477_2022_Protocollo.txt,1
07,Liguria,,,AS.L. 3,ASL (consultori familiari e altri servizi territoriali),4,settore sanitario,valido_localizzato,07_2406_rta_07_240916163956_4166---DGR477_2022_Protocollo.txt,1
07,Liguria,,,AS.L. 4,ASL (consultori familiari e altri servizi territoriali),4,settore sanitario,valido_localizzato,07_2406_rta_07_240916163956_4166---DGR477_2022_Protocollo.txt,1
09,Toscana,,,ASL 12 Versilia,ASL (consultori familiari e altri servizi territoriali),4,settore sanitario,valido_localizzato,09_LUCCA PROV.txt,1
09,Toscana,Lucca,Lucca,ASL 2 Lucca,ASL (consultori familiari e altri servizi territoriali),4,settore sanitario,valido_localizzato,09_LUCCA PROV.txt,1
09,Toscana,Pistoia,Pistoia,ASL n. 3 Pistoia,ASL (consultori familiari e altri servizi territoriali),4,settore sanitario,valido_localizzato,09_PISTOIA PROV .txt,1
08,Emilia-Romagna,Piacenza,Piacenza,AUSL Piacenza,ASL (consultori familiari e altri servizi territoriali),4,settore sanitario,valido_localizzato,08_2406_rta_08_241015091832_4166---P.G.111546-2023PROTOCOLLOOPERATIVOFENOMENOVIOLENZADONNE(1).txt,1
08,Emilia-Romagna,,,AUSL della Romagna,ASL (consultori familiari e altri servizi territoriali),4,settore sanitario,valido_localizzato,08_2406_rta_08_241015091621_4166---PROTOCOLLO_22.txt,1
08,Emilia-Romagna,Ravenna,Faenza,Ausl di Ravenna - Distretto Sanitario di Faenza,ASL (consultori familiari e altri servizi territoriali),4,settore sanitario,valido_localizzato,08_2406_rta_08_241015092049_4166---PROTOCOLLOD.G.C.FAENZA304-2009.txt,1
09,Toscana,,,Azienda ASL7,ASL (consultori familiari e altri servizi territoriali),4,settore sanitario,valido_localizzato,09_VALDICHIANA_all. decreto 37_2008 protocollo di intesa 2008.txt,1
07,Liguria,,,Azienda Ligure Sanitaria (A.Li.Sa,ASL (consultori familiari e altri servizi territoriali),4,settore sanitario,valido_localizzato,07_2406_rta_07_240916163956_4166---DGR477_2022_Protocollo.txt,1
08,Emilia-Romagna,,Reggio Emilia,Azienda Ospedaliera Santa Maria Nuova di Reggio Emilia,ASL (consultori familiari e altri servizi territoriali),4,settore sanitario,valido_localizzato,08_2406_rta_08_241015091655_4166---Aggiornamentointegrazioneprotocollooperativoapprovatonelgiugno2008.txt,1
09,Toscana,Pisa,Pisa,Azienda Ospedaliera Universitaria Pisana,ASL (consultori familiari e altri servizi territoriali),4,settore sanitario,valido_localizzato,09_PISA PREF E PROV.txt,1
08,Emilia-Romagna,Ferrara,Ferrara,Azienda Ospedaliera Universitaria di Ferrara,ASL (consultori familiari e altri servizi territoriali),4,settore sanitario,valido_localizzato,08_2406_rta_08_241015091430_4166---Protocollo_Distrettuale_Contrasto_violenza_Donne2023.stamped.txt,1
08,Emilia-Romagna,,Reggio Emilia,Azienda Sanitaria Locale di Reggio Emilia,ASL (consultori familiari e altri servizi territoriali),4,settore sanitario,valido_localizzato,08_2406_rta_08_241015091655_4166---Aggiornamentointegrazioneprotocollooperativoapprovatonelgiugno2008.txt,1
09,Toscana,Massa-Carrara,Massa Carrara,Azienda Sanitaria Locale n. 1 di Massa Carrara,ASL (consultori familiari e altri servizi territoriali),4,settore sanitario,valido_localizzato,09_APUANE_2015 Protocollo Prefettura.txt,1
07,Liguria,,,"Azienda Sanitaria Locale n. 4 ""Sistema Sanitario Regione Liguria",ASL (consultori familiari e altri servizi territoriali),4,settore sanitario,valido_localizzato,07_2406_rta_07_240916163905_4166---PROTOCOLLOFIRMATO(002).txt,1
09,Toscana,,,Azienda Sanitaria USL Toscana Centro,ASL (consultori familiari e altri servizi territoriali),4,settore sanitario,valido_localizzato,09_PISA PREF E PROV.txt | 09_PRATO PREF.txt,2
09,Toscana,,,Azienda Sanitaria USL Toscana Nord-Ovest,ASL (consultori familiari e altri servizi territoriali),4,settore sanitario,valido_localizzato,09_PISA PREF E PROV.txt,1
09,Toscana,Grosseto,Grosseto,Azienda USL 9 di Grosseto,ASL (consultori familiari e altri servizi territoriali),4,settore sanitario,valido_localizzato,09_SENESE Delibera-n.1196-del-24-10-2022-allegato-a_SENESE_2.txt,1
09,Toscana,,,Azienda USL Toscana Nord Ovest (AUSL TNO,ASL (consultori familiari e altri servizi territoriali),4,settore sanitario,valido_localizzato,09_LIVORNO Protocollo_ RETE ANTIVIOLENZA_ LIVORNO.txt,1
09,Toscana,,,Azienda USL Toscana Sud Est,ASL (consultori familiari e altri servizi territoriali),4,settore sanitario,valido_localizzato,09_ALTA VALDELSA Protocollo-violenza-valdelsa-2022_ALTA VALDELSA.txt | 09_AREZZO Prot_2024-2026.txt | 09_GROSSETO 2022 fpdf.txt,3
08,Emilia-Romagna,,,Azienda USL della Romagna,ASL (consultori familiari e altri servizi territoriali),4,settore sanitario,valido_localizzato,08_2406_rta_08_241015091748_4166---ProtocolloProvincialeCaserifugio2023.2025.txt,1
08,Emilia-Romagna,Bologna,Bologna,Azienda USL di Bologna,ASL (consultori familiari e altri servizi territoriali),4,settore sanitario,valido_localizzato,08_2406_rta_08_241015091310_4166---Accordo_Contrasto_alla_violenza_CittMtrBO.txt,1
08,Emilia-Romagna,Ferrara,Ferrara,Azienda USL di Ferrara,ASL (consultori familiari e altri servizi territoriali),4,settore sanitario,valido_localizzato,08_2406_rta_08_241015091430_4166---Protocollo_Distrettuale_Contrasto_violenza_Donne2023.stamped.txt,1
08,Emilia-Romagna,Piacenza,Piacenza,Azienda USL di Piacenza,ASL (consultori familiari e altri servizi territoriali),4,settore sanitario,valido_localizzato,08_2406_rta_08_241015091917_4166---Protocollo2022-2024.txt,1
09,Toscana,Grosseto,Grosseto,Azienda USL n.9 di Grosseto,ASL (consultori familiari e altri servizi territoriali),4,settore sanitario,valido_localizzato,09_GROSSETO 2022 fpdf.txt,1
08,Emilia-Romagna,,,Azienda Unità Sanitaria Locale Romagna,ASL (consultori familiari e altri servizi territoriali),4,settore sanitario,valido_localizzato,08_2406_rta_08_241015091553_4166---Protocollosullaviolenzadigenere_confirme_prot.txt,1
08,Emilia-Romagna,Rimini,Rimini,Azienda Unità Sanitaria Locale della Romagna,ASL (consultori familiari e altri servizi territoriali),4,settore sanitario,valido_localizzato,08_2406_rta_08_241015091553_4166---Protocollosullaviolenzadigenere_confirme_prot.txt,1
08,Emilia-Romagna,Ferrara,Ferrara,Azienda Unità Sanitaria Locale di Ferrara,ASL (consultori familiari e altri servizi territoriali),4,settore sanitario,valido_localizzato,08_2406_rta_08_241015091355_4166---PROTOCOLLO_CONTRO_VIOLENZA_firmato2023.txt,1
08,Emilia-Romagna,Modena,Modena,Azienda Unità Sanitaria Locale di Modena,ASL (consultori familiari e altri servizi territoriali),4,settore sanitario,valido_localizzato,08_2406_rta_08_241015091725_4166---Protoc-Prefett-2017.txt,1
08,Emilia-Romagna,Piacenza,Piacenza,Azienda Unità Sanitaria Locale di Piacenza,ASL (consultori familiari e altri servizi territoriali),4,settore sanitario,valido_localizzato,08_2406_rta_08_241015091832_4166---P.G.111546-2023PROTOCOLLOOPERATIVOFENOMENOVIOLENZADONNE(1).txt,1
09,Toscana,,,Azienda Usl n. 8,ASL (consultori familiari e altri servizi territoriali),4,settore sanitario,valido_localizzato,09_AREZZO Prot_2024-2026.txt,1
09,Toscana,,,Aziende Sanitarie,ASL (consultori familiari e altri servizi territoriali),4,settore sanitario,generico,09_SENESE Delibera-n.1196-del-24-10-2022-allegato-a_SENESE_2.txt,1
09,Toscana,,,Aziende sanitarie toscane,ASL (consultori familiari e altri servizi territoriali),4,settore sanitario,generico,09_SENESE Delibera-n.1196-del-24-10-2022-allegato-a_SENESE_2.txt,1
08,Emilia-Romagna,,,Case della Comunita,ASL (consultori familiari e altri servizi territoriali),4,settore sanitario,valido_localizzato,08_2406_rta_08_241015091430_4166---Protocollo_Distrettuale_Contrasto_violenza_Donne2023.stamped.txt,1
08,Emilia-Romagna,,,Centri Salute Donna,ASL (consultori familiari e altri servizi territoriali),4,settore sanitario,valido_localizzato,08_2406_rta_08_241015091430_4166---Protocollo_Distrettuale_Contrasto_violenza_Donne2023.stamped.txt,1
08,Emilia-Romagna,,,Centri Salute Mentale Adulti,ASL (consultori familiari e altri servizi territoriali),4,settore sanitario,valido_localizzato,08_2406_rta_08_241015091725_4166---Protoc-Prefett-2017.txt,1
08,Emilia-Romagna,,Reggio Emilia,Centri di Salute Mentale (CSM) del Distretto di Reggio Emilia,ASL (consultori familiari e altri servizi territoriali),4,settore sanitario,valido_localizzato,08_2406_rta_08_241015091655_4166---Aggiornamentointegrazioneprotocollooperativoapprovatonelgiugno2008.txt,1
08,Emilia-Romagna,,,Consultori,ASL (consultori familiari e altri servizi territoriali),4,settore sanitario,valido_localizzato,08_2406_rta_08_241015091430_4166---Protocollo_Distrettuale_Contrasto_violenza_Donne2023.stamped.txt,1
08,Emilia-Romagna,,,Consultori familiari,ASL (consultori familiari e altri servizi territoriali),4,settore sanitario,valido_localizzato,08_2406_rta_08_241015091655_4166---Aggiornamentointegrazioneprotocollooperativoapprovatonelgiugno2008.txt | 08_2406_rta_08_241015091725_4166---Protoc-Prefett-2017.txt | 08_2406_rta_08_241015091917_4166---Protocollo2022-2024.txt,3
08,Emilia-Romagna,Ferrara,Ferrara,Consultori familiari Ferrara,ASL (consultori familiari e altri servizi territoriali),4,settore sanitario,valido_localizzato,08_2406_rta_08_241015091355_4166---PROTOCOLLO_CONTRO_VIOLENZA_firmato2023.txt,1
09,Toscana,,,Consultorio,ASL (consultori familiari e altri servizi territoriali),4,settore sanitario,generico,09_SENESE Delibera-n.1196-del-24-10-2022-allegato-a_SENESE_2.txt | 09_VALDICHIANA_all. decreto 37_2008 protocollo di intesa 2008.txt,2
09,Toscana,,,Consultorio Azienda USL Toscana Sud Est Zona Valdelsa,ASL (consultori familiari e altri servizi territoriali),4,settore sanitario,valido_localizzato,09_ALTA VALDELSA Protocollo-violenza-valdelsa-2022_ALTA VALDELSA.txt,1
08,Emilia-Romagna,,,Consultorio Familiare Ginecologia e Ostetricia,ASL (consultori familiari e altri servizi territoriali),4,settore sanitario,valido_localizzato,08_2406_rta_08_241015092024_4166---Protocollooperativo.txt,1
08,Emilia-Romagna,,,Consultorio familiare dell'Azienda USL,ASL (consultori familiari e altri servizi territoriali),4,settore sanitario,valido_localizzato,08_2406_rta_08_241015091621_4166---PROTOCOLLO_22.txt,1
09,Toscana,,,Consultorio principale,ASL (consultori familiari e altri servizi territoriali),4,settore sanitario,generico,09_APUANE_2015 Protocollo Prefettura.txt,1
08,Emilia-Romagna,,,Dipartimento di Salute Mentale,ASL (consultori familiari e altri servizi territoriali),4,settore sanitario,valido_localizzato,08_2406_rta_08_241015091655_4166---Aggiornamentointegrazioneprotocollooperativoapprovatonelgiugno2008.txt,1
07,Liguria,,,"Dipartimento di Salute Mentale e delle Dipendenze dell'ASL n. 4 ""Sistema Sanitario Regione Liguria",ASL (consultori familiari e altri servizi territoriali),4,settore sanitario,valido_localizzato,07_2406_rta_07_240916163905_4166---PROTOCOLLOFIRMATO(002).txt,1
09,Toscana,,,Direttore Sanitario,ASL (consultori familiari e altri servizi territoriali),4,settore sanitario,generico,09_APUANE_2015 Protocollo Prefettura.txt,1
08,Emilia-Romagna,Ravenna,Faenza,Distretto Sanitario di Faenza,ASL (consultori familiari e altri servizi territoriali),4,settore sanitario,valido_localizzato,08_2406_rta_08_241015091748_4166---ProtocolloProvincialeCaserifugio2023.2025.txt,1
08,Emilia-Romagna,Ravenna,Lugo,Distretto Sanitario di Lugo,ASL (consultori familiari e altri servizi territoriali),4,settore sanitario,valido_localizzato,08_2406_rta_08_241015091748_4166---ProtocolloProvincialeCaserifugio2023.2025.txt,1
08,Emilia-Romagna,Ravenna,Ravenna,Distretto Sanitario di Ravenna,ASL (consultori familiari e altri servizi territoriali),4,settore sanitario,valido_localizzato,08_2406_rta_08_241015091748_4166---ProtocolloProvincialeCaserifugio2023.2025.txt,1
09,Toscana,,,Pronto Soccorso di Campostaggia Azienda USL Toscana Sud Est,ASL (consultori familiari e altri servizi territoriali),4,settore sanitario,valido_localizzato,09_ALTA VALDELSA Protocollo-violenza-valdelsa-2022_ALTA VALDELSA.txt,1
07,Liguria,,,Servizi Sanitari,ASL (consultori familiari e altri servizi territoriali),4,settore sanitario,valido_localizzato,07_2406_rta_07_240916163933_4166---sub_14574431199510849525_Protocollo_LVLS-signed.txt,1
08,Emilia-Romagna,,,Servizio Dipendenze Patologiche,ASL (consultori familiari e altri servizi territoriali),4,settore sanitario,valido_localizzato,08_2406_rta_08_241015091725_4166---Protoc-Prefett-2017.txt,1
09,Toscana,,,Servizio Sanitario della Toscana,ASL (consultori familiari e altri servizi territoriali),4,settore sanitario,generico,09_LIVORNO Protocollo_ RETE ANTIVIOLENZA_ LIVORNO.txt,1
09,Toscana,,,Servizio di Salute Mentale Azienda USL Toscana Sud Est Zona Alta Valdelsa,ASL (consultori familiari e altri servizi territoriali),4,settore sanitario,valido_localizzato,09_ALTA VALDELSA Protocollo-violenza-valdelsa-2022_ALTA VALDELSA.txt,1
08,Emilia-Romagna,,,Spazio Giovani,ASL (consultori familiari e altri servizi territoriali),4,settore sanitario,valido_localizzato,08_2406_rta_08_241015091430_4166---Protocollo_Distrettuale_Contrasto_violenza_Donne2023.stamped.txt,1
08,Emilia-Romagna,,,Struttura Operativa Medicina Legale,ASL (consultori familiari e altri servizi territoriali),4,settore sanitario,valido_localizzato,08_2406_rta_08_241015091655_4166---Aggiornamentointegrazioneprotocollooperativoapprovatonelgiugno2008.txt,1
07,Liguria,,,"Struttura Semplice Dipartimentale Consultorio Familiare dell'ASL n. 4 ""Sistema Sanitario Regione Liguria",ASL (consultori familiari e altri servizi territoriali),4,settore sanitario,valido_localizzato,07_2406_rta_07_240916163905_4166---PROTOCOLLOFIRMATO(002).txt,1
09,Toscana,,,U.O Pronto Soccorso Azienda USL 7 - Monoblocco Alta Val d'Elsa,ASL (consultori familiari e altri servizi territoriali),4,settore sanitario,valido_localizzato,09_ALTA VALDELSA Protocollo-violenza-valdelsa-2022_ALTA VALDELSA.txt,1
09,Toscana,,,U.O.C. di Psicologia Azienda USL Toscana Sud Est,ASL (consultori familiari e altri servizi territoriali),4,settore sanitario,valido_localizzato,09_ALTA VALDELSA Protocollo-violenza-valdelsa-2022_ALTA VALDELSA.txt,1
08,Emilia-Romagna,,,U.O.NPIA,ASL (consultori familiari e altri servizi territoriali),4,settore sanitario,valido_localizzato,08_2406_rta_08_241015091748_4166---ProtocolloProvincialeCaserifugio2023.2025.txt,1
08,Emilia-Romagna,,,UONPIA - Casa della Salute Terre e Fiumi,ASL (consultori familiari e altri servizi territoriali),4,settore sanitario,valido_localizzato,08_2406_rta_08_241015091430_4166---Protocollo_Distrettuale_Contrasto_violenza_Donne2023.stamped.txt,1
09,Toscana,,,118,"Ospedale (Pronto soccorso, ecc.)",4,settore sanitario,valido_localizzato,09_ALTA VALDELSA Protocollo-violenza-valdelsa-2022_ALTA VALDELSA.txt,1
09,Toscana,,,Ambulatorio,"Ospedale (Pronto soccorso, ecc.)",4,settore sanitario,generico,09_SENESE Delibera-n.1196-del-24-10-2022-allegato-a_SENESE_2.txt,1
08,Emilia-Romagna,Modena,Modena,Azienda Ospedaliero - Universitaria Policlinico di Modena,"Ospedale (Pronto soccorso, ecc.)",4,settore sanitario,valido_localizzato,08_2406_rta_08_241015091725_4166---Protoc-Prefett-2017.txt,1
08,Emilia-Romagna,Ferrara,Ferrara,Azienda Ospedaliero Universitaria di Ferrara,"Ospedale (Pronto soccorso, ecc.)",4,settore sanitario,valido_localizzato,08_2406_rta_08_241015091355_4166---PROTOCOLLO_CONTRO_VIOLENZA_firmato2023.txt,1
07,Liguria,,,DMPO Direzione Medica del Presidio Ospedaliero,"Ospedale (Pronto soccorso, ecc.)",4,settore sanitario,valido_localizzato,07_2406_rta_07_240916163905_4166---PROTOCOLLOFIRMATO(002).txt,1
07,Liguria,,,Ente Ospedaliero Ospedali Galliera,"Ospedale (Pronto soccorso, ecc.)",4,settore sanitario,valido_localizzato,07_2406_rta_07_240916163956_4166---DGR477_2022_Protocollo.txt,1
08,Emilia-Romagna,,,Guardia Medica,"Ospedale (Pronto soccorso, ecc.)",4,settore sanitario,valido_localizzato,08_2406_rta_08_241015092024_4166---Protocollooperativo.txt,1
07,Liguria,,,IRCCS Istituto Giannina Gaslini,"Ospedale (Pronto soccorso, ecc.)",4,settore sanitario,valido_localizzato,07_2406_rta_07_240916163956_4166---DGR477_2022_Protocollo.txt,1
07,Liguria,,,IRCCS Ospedale Policlinico San Martino,"Ospedale (Pronto soccorso, ecc.)",4,settore sanitario,valido_localizzato,07_2406_rta_07_240916163956_4166---DGR477_2022_Protocollo.txt,1
09,Toscana,,,Ospedale (Pronto Soccorso,"Ospedale (Pronto soccorso, ecc.)",4,settore sanitario,valido_localizzato,09_APUANE_2015 Protocollo Prefettura.txt,1
07,Liguria,,,Ospedale Evangelico Internazionale,"Ospedale (Pronto soccorso, ecc.)",4,settore sanitario,valido_localizzato,07_2406_rta_07_240916163956_4166---DGR477_2022_Protocollo.txt,1
08,Emilia-Romagna,,,Ospedali,"Ospedale (Pronto soccorso, ecc.)",4,settore sanitario,valido_localizzato,08_2406_rta_08_241015091725_4166---Protoc-Prefett-2017.txt,1
08,Emilia-Romagna,,,Pronto Intervento 118,"Ospedale (Pronto soccorso, ecc.)",4,settore sanitario,valido_localizzato,08_2406_rta_08_241015092024_4166---Protocollooperativo.txt,1
08,Emilia-Romagna,,,Pronto Soccorso,"Ospedale (Pronto soccorso, ecc.)",4,settore sanitario,generico,08_2406_rta_08_241015091655_4166---Aggiornamentointegrazioneprotocollooperativoapprovatonelgiugno2008.txt | 08_2406_rta_08_241015091917_4166---Protocollo2022-2024.txt | 08_2406_rta_08_241015092024_4166---Protocollooperativo.txt,3
09,Toscana,,,Pronto Soccorso,"Ospedale (Pronto soccorso, ecc.)",4,settore sanitario,generico,09_SENESE Delibera-n.1196-del-24-10-2022-allegato-a_SENESE_2.txt | 09_VALDICHIANA_all. decreto 37_2008 protocollo di intesa 2008.txt,3
08,Emilia-Romagna,Ferrara,Ferrara,Pronto Soccorso Generale e Ostetrico-Ginecologico Ferrara,"Ospedale (Pronto soccorso, ecc.)",4,settore sanitario,valido_localizzato,08_2406_rta_08_241015091355_4166---PROTOCOLLO_CONTRO_VIOLENZA_firmato2023.txt,1
07,Liguria,Genova,Lavagna,Pronto Soccorso del presidio ospedaliero di Lavagna,"Ospedale (Pronto soccorso, ecc.)",4,settore sanitario,valido_localizzato,07_2406_rta_07_240916163905_4166---PROTOCOLLOFIRMATO(002).txt,1
08,Emilia-Romagna,,,Reparto Ostetricia,"Ospedale (Pronto soccorso, ecc.)",4,settore sanitario,valido_localizzato,08_2406_rta_08_241015092024_4166---Protocollooperativo.txt,1
08,Emilia-Romagna,,,Sanitari ospedalieri e del Distretto,"Ospedale (Pronto soccorso, ecc.)",4,settore sanitario,valido_localizzato,08_2406_rta_08_241015092024_4166---Protocollooperativo.txt,1
08,Emilia-Romagna,Ferrara,Ferrara,Servizio 118 di Ferrara,"Ospedale (Pronto soccorso, ecc.)",4,settore sanitario,valido_localizzato,08_2406_rta_08_241015091430_4166---Protocollo_Distrettuale_Contrasto_violenza_Donne2023.stamped.txt,1
07,Liguria,,,U.O. di Ostetricia e Ginecologia,"Ospedale (Pronto soccorso, ecc.)",4,settore sanitario,valido_localizzato,07_2406_rta_07_240916163905_4166---PROTOCOLLOFIRMATO(002).txt,1
09,Toscana,,,Unità Operativa,"Ospedale (Pronto soccorso, ecc.)",4,settore sanitario,generico,09_SENESE Delibera-n.1196-del-24-10-2022-allegato-a_SENESE_2.txt,1
09,Toscana,,,ARTI Servizi per il Lavoro di GR-LI,Servizi per l'impiego,6,Territorio,valido_localizzato,09_LIVORNO Protocollo_ RETE ANTIVIOLENZA_ LIVORNO.txt,1
08,Emilia-Romagna,,,Centri per l'impiego,Servizi per l'impiego,6,Territorio,valido_localizzato,08_2406_rta_08_241015091500_4166---Protocollo_autonomia_lavorativa_def.txt,1
09,Toscana,Livorno,Livorno,Centro per l'Impiego di Livorno,Servizi per l'impiego,6,Territorio,valido_localizzato,09_LIVORNO Protocollo_ RETE ANTIVIOLENZA_ LIVORNO.txt,1
08,Emilia-Romagna,,,Centro per l'impiego,Servizi per l'impiego,6,Territorio,valido_localizzato,08_2406_rta_08_241015091655_4166---Aggiornamentointegrazioneprotocollooperativoapprovatonelgiugno2008.txt,1
08,Emilia-Romagna,,,Sportello Lavoro,Servizi per l'impiego,6,Territorio,valido_localizzato,08_2406_rta_08_241015091553_4166---Protocollosullaviolenzadigenere_confirme_prot.txt,1
08,Emilia-Romagna,,,Sportello comunale per il lavoro,Servizi per l'impiego,6,Territorio,valido_localizzato,08_2406_rta_08_241015091500_4166---Protocollo_autonomia_lavorativa_def.txt,1
