regione,provincia,comune,nome_canonico,tipo_30,tipo_10,files,n_record_aggregati
Abruzzo,Chieti,San Salvo,Associazione Dafne Onlus,Altro,altro,13_2406_rta_13_241122103901_4166---Protocollirete_ortonaelancianoCAVdonn.ÿ.txt | 13_2406_rta_13_241122104158_4166---Protocollirete_ortonaelancianoCAVdonn.ÿ.txt | 13_2406_rta_13_241122104842_4166---Protocollodirete_DAFNE.txt | 13_2406_rta_13_241122105540_4166---protocollodirete_vastodonnattiva.txt,6
Calabria,Cosenza,Corigliano-Rossano,Associazione Mondiversi Onlus,Altro,altro,18_2406_rta_18_240926103211_4166---PROTOCOLLOviolasottoscritto.txt,1
Puglia,Taranto,Taranto,Associazione onlus Alzaia,Altro,altro,16_2406_rta_16_250410170705_4166---protocolloPrefetturaProvinciaTaranto.txt | 16_taranto_protocollo Prefettura ProvinciaTaranto.txt,2
Lazio,Roma,Velletri,Caritas,Altro,altro,12_2406_rta_12_241004144338_4166---06-ProtocolloComunediVALLECORSA.txt | 12_2406_rta_12_241007235530_4166---ProtocolloconilComunediPastena.txt,2
Calabria,Catanzaro,Catanzaro,Centro Calabrese di Solidarieta,Altro,altro,18_2406_rta_18_240926102706_4166---protocollomondorosa2013.txt,1
Lazio,Roma,Roma,Centro Italiano di Solidarieta don Mario Picchi ETS,Altro,altro,12_2406_rta_12_241008151247_4166---3.prot.txt,1
Lazio,Roma,Roma,Consiglio Nazionale,Altro,altro,12_2406_rta_12_240926115028_4166---ProtICROASLazioePonteDonna.txt,1
Lombardia,Brescia,Palazzolo sull'Oglio,Fondazione Giuseppe Antonio Galignani E.T.S,Altro,altro,03_2406_rta_03_240925150245_4166---ProtocolloReteARIAPalazzolo.txt,1
Lombardia,Brescia,Rodengo Saiano,Fondazione Punto Missione ETS,Altro,altro,03_2406_rta_03_240925150245_4166---ProtocolloReteARIAPalazzolo.txt,1
Lombardia,Milano,Melzo,Fondazione Tuendelee ONLUS,Altro,altro,03_2406_rta_03_240923113114_4166---ProtocolloReteAddaMartesanasottoscritto.txt,1
Puglia,Barletta-Andria-Trani,Barletta,Osservatorio Giulia e Rossella,Altro,altro,16_bat_convenzione CAV - ASL BT.txt,1
Abruzzo,,,14a DELEGAZIONE REGIONALE ABRUZZO,Altro,altro,13_2406_rta_13_241122104158_4166---Protocollirete_ortonaelancianoCAVdonn.ÿ.txt,1
Lazio,,,1522,Altro,altro,12_2406_rta_12_241004114912_4166---ProtocolloRetePrantiviolenzaFrosinone.txt | 12_2406_rta_12_241004133706_4166---ProtocollodiretePREFETTURAFrosinone(1).txt | 12_2406_rta_12_241008145357_4166---Protocollointeristituzionale2023.txt,3
Toscana,,,365giornialfemmile,Altro,altro,09_PISTOIA PROV .txt,1
Lazio,,,A.GE.D.O,Altro,altro,12_2406_rta_12_240927093424_4166---ProtVMunMerlin.txt,1
Piemonte,,,A.N.A.C,Altro,altro,01_2406_rta_01_241018142804_4166---ConvenzioneASL-Prontosoccorsoceva.txt,1
Emilia-Romagna,,,ACER Bologna,Altro,altro,08_2406_rta_08_241015091330_4166---Protocollo_intesa_autonomia_abitativa_donne_vittime_di_violenza_CittMtrBO.txt,2
Lazio,Roma,Roma,ACR La Libroteca,Altro,altro,12_2406_rta_12_241003100516_4166---1ProtCAVPAOLALATTESLibroteka(1).txt,1
Emilia-Romagna,Ferrara,Ferrara,AFM - Farmacie Comunali Ferrara,Altro,altro,08_2406_rta_08_241015091355_4166---PROTOCOLLO_CONTRO_VIOLENZA_firmato2023.txt,1
Lombardia,,,AFOL Sud Milano,Altro,altro,03_2406_rta_03_240926122707_4166---ProtocolloReteAntiviolenzaconfirme.txt,1
Emilia-Romagna,,,AIDA,Altro,altro,08_2406_rta_08_241015091330_4166---Protocollo_intesa_autonomia_abitativa_donne_vittime_di_violenza_CittMtrBO.txt,1
Toscana,,,AIED,Altro,altro,09_PISA PREF E PROV.txt,1
Puglia,,,AIRA,Altro,altro,16_2406_rta_16_250409123532_4166---protocollooperativoTriggiano_reteantiviolenza.pdf.txt,1
Calabria,,,AISM Sede Regionale Calabria,Altro,altro,18_2406_rta_18_240926102407_4166---ProtocollointesaAISM_CentroLanzino_ReteREDCALABRIA_firmadigitale.txt,1
Puglia,,,ANAC,Altro,altro,16_ex_Convenzione Gioia del Colle.txt,1
Trento,,,ANCI (Associazione Nazionale Comuni Italiani,Altro,altro,05_2406_rta_05_240919114041_4166---protocollounicorevisionato2024.txt,1
Calabria,,,ANCI Calabria,Altro,altro,18_2406_rta_18_240926102706_4166---protocollomondorosa2013.txt,1
Liguria,,,ANCI Liguria,Altro,altro,07_2406_rta_07_240916163956_4166---DGR477_2022_Protocollo.txt,1
Piemonte,,,ANCI Nazionale,Altro,altro,01_2406_rta_01_240909110828_4166---PROTOCOLLOHELP.txt,1
Puglia,,,ANCI Puglia,Altro,altro,16_2406_rta_16_250411124608_4166---Prot_CGIL-CISL-CONFINDUSTRIA_CAV.txt | 16_terreg_Prot_CGIL - CISL - CONFINDUSTRIA_CAV.txt,2
Umbria,,,ANCI Umbria,Altro,altro,10_2406_rta_10_250506141901_4166---ProtocollounicoregionaleRINNOVATO.txt,1
Emilia-Romagna,,,APE,Altro,altro,08_2406_rta_08_241015091330_4166---Protocollo_intesa_autonomia_abitativa_donne_vittime_di_violenza_CittMtrBO.txt,1
Lazio,,,ASD Underdog Social Club,Altro,altro,12_2406_rta_12_240926122148_4166---2024.1153010-AccordotralepartiPonteDonna–UnderdogSocialClubCAVMarielleFranco-2(1).txt,1
Emilia-Romagna,,,ASP Cesena Valle del Savio,Altro,altro,08_2406_rta_08_241015091621_4166---PROTOCOLLO_22.txt,1
Emilia-Romagna,Piacenza,Piacenza,ASP Città di Piacenza,Altro,altro,08_2406_rta_08_241015091917_4166---Protocollo2022-2024.txt,1
Emilia-Romagna,,,ASP del Rubicone,Altro,altro,08_2406_rta_08_241015091621_4166---PROTOCOLLO_22.txt,1
Lazio,Roma,Roma,ASPIC per la scuola,Altro,altro,12_2406_rta_12_241008150836_4166---2.prot.txt,1
Lazio,,,ASS. HUESERA,Altro,altro,12_2406_rta_12_240927093424_4166---ProtVMunMerlin.txt,1
Lombardia,Lodi,Casalpusterlengo,ASSC Azienda Speciale di Servizi di Casalpusterlengo,Altro,altro,03_2406_rta_03_240923111659_4166---ProtocolloantiviolenzaComunediLodi_scansioneconfirme_maggio2014.txt,1
Emilia-Romagna,,,ASSOCASA,Altro,altro,08_2406_rta_08_241015091330_4166---Protocollo_intesa_autonomia_abitativa_donne_vittime_di_violenza_CittMtrBO.txt,1
Lazio,,,ASSOLE,Altro,altro,12_2406_rta_12_240927093424_4166---ProtVMunMerlin.txt,1
Emilia-Romagna,,,ASSPI,Altro,altro,08_2406_rta_08_241015091330_4166---Protocollo_intesa_autonomia_abitativa_donne_vittime_di_violenza_CittMtrBO.txt,1
Lombardia,,,ASST Sette Laghi,Altro,altro,03_2406_rta_03_240923163715_4166---PROTOCOLLOD'INTESA2017_2020.txt,1
Lazio,,,ASviS,Altro,altro,12_2406_rta_12_241002105403_4166---2ProtCAVSAPIENZA-HAPPYCOACHINGANDCOUNSELING.txt,1
Lombardia,,,ATS Insubria,Altro,altro,03_2406_rta_03_240923163715_4166---PROTOCOLLOD'INTESA2017_2020.txt,1
Lazio,Roma,Roma,Agenzia delle Entrate - Ufficio di Roma 1,Altro,altro,12_2406_rta_12_241003105319_4166---PROTOCOLLODIINTES1_2601def-signed-signed.txt,1
Piemonte,,,Agenzia delle Entrate - Ufficio di Torino 1,Altro,altro,01_2406_rta_01_240909114524_4166---CONVENZIONEUNITO-SPORTANTIVIOLENZA.txt,1
Emilia-Romagna,Piacenza,Piacenza,Agenzia per il lavoro di Piacenza,Altro,altro,08_2406_rta_08_241015092005_4166---DG216-2024.txt,1
Emilia-Romagna,,,Agenzia regionale per il lavoro,Altro,altro,08_2406_rta_08_241015091500_4166---Protocollo_autonomia_lavorativa_def.txt,1
Lazio,,,Agsociazioni Sportive,Altro,altro,12_2406_rta_12_241002112428_4166---7prot(mancapagina)CAVSAPIENZA-UNIVERSITàPOPOLAREVITAATIVA.txt,1
Abruzzo,,,Akon Service,Altro,altro,13_2406_rta_13_241122105540_4166---protocollodirete_vastodonnattiva.txt,1
Emilia-Romagna,Bologna,Bologna,Alleanza delle Cooperative Italiane - Bologna,Altro,altro,08_2406_rta_08_241015091500_4166---Protocollo_autonomia_lavorativa_def.txt,1
Puglia,,,Allianz Assicurazioni,Altro,altro,16_ex_Convenzione Grumo Appula.txt,1
Lombardia,,,Altre Associazioni,Altro,altro,03_2406_rta_03_240918153156_4166---Protocollo_d'Intesa_Rete_Mantova.prot.txt,1
Emilia-Romagna,,,Ambito territoriale per la provincia di Forli-Cesena,Altro,altro,08_2406_rta_08_241015091621_4166---PROTOCOLLO_22.txt,1
Emilia-Romagna,Bologna,Bologna,Arcidiocesi di Bologna,Altro,altro,08_2406_rta_08_241015091500_4166---Protocollo_autonomia_lavorativa_def.txt,1
Lombardia,,,Area Diritti e Inclusione,Altro,altro,03_2406_rta_03_240923105244_4166---ProtocolloViolenzaMilanoFirme2023.txt,1
Toscana,,,Articolazioni zonali delle conferenze dei sindaci del territorio provinciale,Altro,altro,09_GROSSETO 2022 fpdf.txt,1
Lombardia,,,Assemblea Plenaria di Rete,Altro,altro,03_2406_rta_03_240923163715_4166---PROTOCOLLOD'INTESA2017_2020.txt,1
Piemonte,,,Assemblea del Coordinamento,Altro,altro,01_2406_rta_01_241003113501_4166---CCVD1deliberaprotocolloccvd-2024eall1prot.txt,1
Lombardia,,,Assessorato al Welfare e Salute,Altro,altro,03_2406_rta_03_240923105244_4166---ProtocolloViolenzaMilanoFirme2023.txt,1
Lombardia,,,Assessorato alla Sicurezza,Altro,altro,03_2406_rta_03_240923105244_4166---ProtocolloViolenzaMilanoFirme2023.txt,1
Emilia-Romagna,,,Assistenza Servizi alla Persona (ASSP) Unione Terre e Fiumi,Altro,altro,08_2406_rta_08_241015091430_4166---Protocollo_Distrettuale_Contrasto_violenza_Donne2023.stamped.txt,1
Lazio,,,Associazione ACRI-Gente di Aguzzano,Altro,altro,12_2406_rta_12_241004095020_4166---8protCAVPAOLALATTES(ComitatodiQuartiereRebibbia(1).txt,1
Calabria,,,Associazione AIAF Calabria,Altro,altro,18_2406_rta_18_240926102620_4166---protocollopercorsorosa.txt,1
Marche,Fermo,Fermo,Associazione Avvocati per la Famiglia Sezione Territoriale di Fermo,Altro,altro,11_2406_rta_11_240911113757_4166---All.4ProtocolloReteAntiviolenzasottoscritto18.12.2023.txt,1
Lazio,Roma,Roma,"Associazione COMITATO DI QUARTIERE ""COMPRENSORIO PRATOLUNGO",Altro,altro,12_2406_rta_12_241004094402_4166---7ProtCAVPAOLALATTESAPSedIlComitatodiQuartiere“ComprensorioPratolungo(1).txt,1
Calabria,,,Associazione Calabriafutura,Altro,altro,18_2406_rta_18_240926102620_4166---protocollopercorsorosa.txt,1
Emilia-Romagna,,,Associazione Consultorio per la Famiglia Don Giorgini,Altro,altro,08_2406_rta_08_241015091621_4166---PROTOCOLLO_22.txt,1
Calabria,Catanzaro,Catanzaro,Associazione Fidapa di Catanzaro,Altro,altro,18_2406_rta_18_240926102620_4166---protocollopercorsorosa.txt,1
Calabria,Catanzaro,Lamezia Terme,Associazione Fidapa di Lamezia Terme,Altro,altro,18_2406_rta_18_240926102620_4166---protocollopercorsorosa.txt,1
Sardegna,,,Associazione Giulia Giornaliste Sardegna,Altro,altro,20_2406_rta_20_250620094616_4166---Delibera52-22del23.12.2024-Allegato1.txt,1
Calabria,,,Associazione Italiana Donne Medico,Altro,altro,18_2406_rta_18_240926102620_4166---protocollopercorsorosa.txt,1
Marche,,,Associazione Italiana degli Avvocati per la Famiglia e per i Minori,Altro,altro,11_2406_rta_11_240911113757_4166---All.4ProtocolloReteAntiviolenzasottoscritto18.12.2023.txt,1
Lazio,,,Associazione L'Impegno,Altro,altro,12_2406_rta_12_241007235530_4166---ProtocolloconilComunediPastena.txt,1
Calabria,Catanzaro,Catanzaro,Associazione Lidu Onlus Comitato di Catanzaro,Altro,altro,18_2406_rta_18_240926102620_4166---protocollopercorsorosa.txt,1
Lazio,,,Associazione L‘Impegno,Altro,altro,12_2406_rta_12_241004144338_4166---06-ProtocolloComunediVALLECORSA.txt,1
Sardegna,,,Associazione Nazionale Comuni Italiani (ANCI) Sardegna,Altro,altro,20_2406_rta_20_250620094616_4166---Delibera52-22del23.12.2024-Allegato1.txt,1
Emilia-Romagna,,,Associazione Nazionale dei Comuni Italia - A.N.C.I,Altro,altro,08_2406_rta_08_241015091553_4166---Protocollosullaviolenzadigenere_confirme_prot.txt,1
Puglia,,,Associazione Scientifica Genetisti Forensi italiani (Ge.F.I,Altro,altro,16_2406_rta_16_250409164629_4166---convenzioneCAV-ASLBT.txt | 16_bat_convenzione CAV - ASL BT.txt,2
Calabria,Catanzaro,Catanzaro,Associazione Soroptimist di Catanzaro,Altro,altro,18_2406_rta_18_240926102620_4166---protocollopercorsorosa.txt,1
Calabria,Catanzaro,Lamezia Terme,Associazione Soroptimist di Lamezia Terme,Altro,altro,18_2406_rta_18_240926102620_4166---protocollopercorsorosa.txt,1
Lazio,Roma,Roma,Associazione Sportiva Dilettantistica Enjoy More,Altro,altro,12_2406_rta_12_241004091505_4166---4ProtCAVPAOLALATTESEnjoi(2).txt,1
Lazio,,,Associazione Unicef,Altro,altro,12_2406_rta_12_241007235530_4166---ProtocolloconilComunediPastena.txt,1
Lazio,,,Associazioni,Altro,altro,12_2406_rta_12_241007224201_4166---ProtocolloConilComunediARCE.txt | 12_2406_rta_12_241007225239_4166---10-ProtocolloconilComunediCOLFELICE.txt,2
Marche,,,Associazioni Datoriali di Categoria,Altro,altro,11_2406_rta_11_240911113235_4166---MacerataProtocollo2019_2022Firmato.txt,1
Lazio,,,Associazioni Enti Locali,Altro,altro,12_2406_rta_12_241004141331_4166---ConvenzioneconilComunediCECCANO.txt,1
Lazio,,,Associazioni contro la violenza,Altro,altro,12_2406_rta_12_241004145702_4166---08-ProtocolloComunediFalvaterra.txt,1
Calabria,Catanzaro,Catanzaro,Associazioni del Terzo Settore del territorio della Provincia di Catanzaro,Altro,altro,18_2406_rta_18_240926102620_4166---protocollopercorsorosa.txt,1
Piemonte,,,Autonomie locali,Altro,altro,01_2406_rta_01_240920112211_4166---367772-4-Protocollo_intesa_Completo.txt,1
Puglia,,,Autorita competenti,Altro,altro,16_2406_rta_16_250312164250_4166---protocollooperativoGrumo_EMI.txt,1
Lazio,,,Autorita garante per l'infanzia e l'adolescenza,Altro,altro,12_2406_rta_12_241003104626_4166---PROTOCOLLODIINTESAMUNICIPIOXV.txt,1
Lombardia,,,Azienda Speciale Consortile Garda Sociale,Altro,altro,03_2406_rta_03_240923165401_4166---PROTOCOLLODIrete2020-2023_rev2confirmescan.txt,1
Lombardia,,,Azienda Speciale Consortile Medio Olona,Altro,altro,03_2406_rta_03_240923163715_4166---PROTOCOLLOD'INTESA2017_2020.txt,1
Lombardia,,,Azienda Speciale Consortile del Lodigiano per i Servizi alla Persona,Altro,altro,03_2406_rta_03_240923111659_4166---ProtocolloantiviolenzaComunediLodi_scansioneconfirme_maggio2014.txt,1
Lombardia,,,Azienda Speciale Sociale Valle Brembana,Altro,altro,03_2406_rta_03_240920124656_4166---ProtocolloantiviolenzaDEFINITIVO(1).txt,1
Lombardia,Brescia,Breno,Azienda Territoriale per i Servizi alla Persona di Breno,Altro,altro,03_2406_rta_03_240926123135_4166---ProtocollodiRete.txt,1
Lazio,,,Azienda speciale Frosinone Formazione e Lavoro,Altro,altro,12_2406_rta_12_241004114912_4166---ProtocolloRetePrantiviolenzaFrosinone.txt | 12_2406_rta_12_241004133706_4166---ProtocollodiretePREFETTURAFrosinone(1).txt,2
Emilia-Romagna,,,Aziende Casa del territorio metropolitano comunque denominate,Altro,altro,08_2406_rta_08_241015091330_4166---Protocollo_intesa_autonomia_abitativa_donne_vittime_di_violenza_CittMtrBO.txt,1
Lazio,,,BE-FEREE,Altro,altro,12_2406_rta_12_240927093424_4166---ProtVMunMerlin.txt,1
Lazio,,,BNKR Skatepark,Altro,altro,12_2406_rta_12_241004091505_4166---4ProtCAVPAOLALATTESEnjoi(2).txt,1
Emilia-Romagna,Piacenza,Piacenza,Banca d'Italia Filiale di Piacenza,Altro,altro,08_2406_rta_08_241015091832_4166---P.G.111546-2023PROTOCOLLOOPERATIVOFENOMENOVIOLENZADONNE(1).txt,1
Piemonte,Novara,Novara,Banco BPM - Banca Popolare di Novara,Altro,altro,01_2406_rta_01_240924140705_4166---LesConvenzionecoprogettazione.txt,1
Lazio,,,Be Free Società Cooperativa Sociale,Altro,altro,12_2406_rta_12_241008150442_4166---1.Protocollo.txt,1
Lazio,,,"BeFree Società Cooperativa Sociale contro Tratta, Violenze e Discriminazioni",Altro,altro,12_2406_rta_12_241009125120_4166---6.accordo.txt,1
Lazio,,,Biblioteca Aldo Fabrizi,Altro,altro,12_2406_rta_12_241004101038_4166---911protCAVPAOLALATTESAssociazioneGliAmicidiRobertoOdV(1).txt,1
Lazio,Roma,Roma,Biblioteche di Roma,Altro,altro,12_2406_rta_12_241004101038_4166---911protCAVPAOLALATTESAssociazioneGliAmicidiRobertoOdV(1).txt,1
Lazio,,,C.R.I,Altro,altro,12_2406_rta_12_241003091037_4166---5Protocollid'intesa-Ass.Salvamamme(002).txt,1
Lazio,,,CAF,Altro,altro,12_2406_rta_12_241003095202_4166---8ProtocolloUIL.txt,1
Toscana,,,CAM,Altro,altro,09_PISTOIA PROV .txt,1
Piemonte,,,CIRSDE,Altro,altro,01_2406_rta_01_240909114524_4166---CONVENZIONEUNITO-SPORTANTIVIOLENZA.txt,1
Lazio,,,CISIA,Altro,altro,12_2406_rta_12_241002130504_4166---3Protocollid'intesa-TavoloInteristituzionaletraUfficiGiudiziaricompetentinelcircondariodiRomaavvocaturaecentriantiviolenza(1).txt | 12_2406_rta_12_241003115345_4166---1.PROTOCOLLOTAVOLOINTERISTITUZIONALE.txt | 12_2406_rta_12_241003121816_4166---Copiadi1.PROTOCOLLOTAVOLOINTERISTITUZIONALE.txt,3
Toscana,,,CISMAI – Coordinamento Italiano dei Servizi contro il Maltrattamento e l'Abuso all'Infanzia,Altro,altro,09_APUANE_2015 Protocollo Prefettura.txt | 09_FIRENZE Linee-di-indirizzo2024.txt,2
Abruzzo,Chieti,Chieti,CNA Chieti/ Patronato / Epasa-ITACO,Altro,altro,13_2406_rta_13_241122101453_4166---ProtocollodiRete_AlphaChieti.txt,1
Abruzzo,,,CNA/ Patronato / Epasa,Altro,altro,13_2406_rta_13_241122101453_4166---ProtocollodiRete_AlphaChieti.txt,1
Lombardia,,,COMUNITA' MONTANA DI VALLE TROMPIA,Altro,altro,03_2406_rta_03_240923171949_4166---PROTOCOLLOD'INTESARETETERRITORIALEANTIVIOLENZAVALLETROMPIA2024.txt,1
Emilia-Romagna,,,CONFABITARE,Altro,altro,08_2406_rta_08_241015091330_4166---Protocollo_intesa_autonomia_abitativa_donne_vittime_di_violenza_CittMtrBO.txt,1
Lazio,,,CONI,Altro,altro,12_2406_rta_12_241004090303_4166---2ProtCAVPAOLALATTESTorraccia(1).txt | 12_2406_rta_12_241004144338_4166---06-ProtocolloComunediVALLECORSA.txt | 12_2406_rta_12_241007235530_4166---ProtocolloconilComunediPastena.txt,3
Piemonte,,,CONSIP,Altro,altro,01_2406_rta_01_240909113151_4166---CONVENZIONERIVOLI.txt,1
Lombardia,,,CONSORZIO DI COOPERATIVE SOCIALI SOLCO,Altro,altro,03_2406_rta_03_240923171949_4166---PROTOCOLLOD'INTESARETETERRITORIALEANTIVIOLENZAVALLETROMPIA2024.txt,1
Lombardia,,,CONSORZIO DI COOPERATIVE SOCIALI VALLI,Altro,altro,03_2406_rta_03_240923171949_4166---PROTOCOLLOD'INTESARETETERRITORIALEANTIVIOLENZAVALLETROMPIA2024.txt,1
Lazio,,,CREDICI s.r.l,Altro,altro,12_2406_rta_12_241003113710_4166---Accordodicollaborazione_CREDICI.txt,1
Piemonte,,,CSIPiemonte,Altro,altro,01_2406_rta_01_241003113501_4166---CCVD1deliberaprotocolloccvd-2024eall1prot.txt,1
Puglia,,,CSM,Altro,altro,16_2406_rta_16_250312150114_4166---ProtocolloGioiadelColle_ATS_Retelocale.txt | 16_2406_rta_16_250407164310_4166---protocollooperativoPutignano_EMI.txt | 16_bari_Protocollo Gioia del Colle_ATS_Rete locale.txt | 16_bari_protocollo operativo Mola di Bari_rete Antiviolenza.txt,4
Emilia-Romagna,,,CTSSM,Altro,altro,08_2406_rta_08_241015091500_4166---Protocollo_autonomia_lavorativa_def.txt,1
Lombardia,,,Cabina di Regia,Altro,altro,03_2406_rta_03_240923163715_4166---PROTOCOLLOD'INTESA2017_2020.txt,1
Marche,,,Cabina regia contrasto Violenza di Genere,Altro,altro,11_2406_rta_11_240911113911_4166---AscoliPPROTOCOLLOoperativo_2019_2021.txt,1
Piemonte,,,Call Center Mamma Bambino,Altro,altro,01_2406_rta_01_241003113501_4166---CCVD1deliberaprotocolloccvd-2024eall1prot.txt,1
Abruzzo,,,Call center 1522,Altro,altro,13_2406_rta_13_241122104428_4166---Protocollorete_ortonaCAVconsultoriodiocesano.txt,1
Lazio,Viterbo,Viterbo,Camera Civile di Viterbo,Altro,altro,12_2406_rta_12_241008112319_4166---protocollo25.11.2023.txt,1
Puglia,,,Camera Minorile,Altro,altro,16_2406_rta_16_250410122122_4166---Protocollo_Viola.txt | 16_foggia_Protocollo_Viola.txt,2
Puglia,,,Camera Minorile di Capitanata,Altro,altro,16_2406_rta_16_250410122122_4166---Protocollo_Viola.txt,1
Calabria,Catanzaro,Catanzaro,Camera di Commercio di Catanzaro,Altro,altro,18_2406_rta_18_240926102706_4166---protocollomondorosa2013.txt,1
Lazio,,,Campo Sportivo XXV Aprile di Pietralata,Altro,altro,12_2406_rta_12_241004092644_4166---5potCAVPAOLALATTESnantes(1).txt,1
Lazio,,,Cancelleria del Tribunale,Altro,altro,12_2406_rta_12_241004135803_4166---03-ConvenzioneTribunaleOrdinariodiFrosinone.txt,1
Emilia-Romagna,,,Carcere,Altro,altro,08_2406_rta_08_241015091430_4166---Protocollo_Distrettuale_Contrasto_violenza_Donne2023.stamped.txt,1
Emilia-Romagna,,,Caritas Diocesana,Altro,altro,08_2406_rta_08_241015091621_4166---PROTOCOLLO_22.txt,1
Puglia,Foggia,Foggia,Caritas Diocesana,Altro,altro,16_foggia_Protocollo_Viola.txt,1
Abruzzo,,,Caritas Diocesana Arcidiocesi Lanciano-Vasto-Ortona,Altro,altro,13_2406_rta_13_241122103901_4166---Protocollirete_ortonaelancianoCAVdonn.ÿ.txt | 13_2406_rta_13_241122104158_4166---Protocollirete_ortonaelancianoCAVdonn.ÿ.txt | 13_2406_rta_13_241122104428_4166---Protocollorete_ortonaCAVconsultoriodiocesano.txt,3
Friuli-Venezia Giulia,Gorizia,Gorizia,Caritas Diocesana Gorizia,Altro,altro,06_2406_rta_06_240916164258_4166---Protocolloviolenzadomesticaedigenere_30.09.2019.txt,1
Lombardia,Como,Como,Caritas Diocesana di Como,Altro,altro,03_2406_rta_03_240925144919_4166---RETEDICOMO-PROTOCOLLOINTERIST.17novembre2023(1).txt,1
Lombardia,Cremona,Crema,Caritas Diocesana di Crema,Altro,altro,03_2406_rta_03_240918153252_4166---Protocollo+Appendice+LineeGuida_Datatodafirmare.txt,1
Lombardia,Cremona,Cremona,Caritas Diocesana di Cremona,Altro,altro,03_2406_rta_03_240918153252_4166---Protocollo+Appendice+LineeGuida_Datatodafirmare.txt,1
Puglia,Foggia,Foggia,Caritas Diocesana di Foggia,Altro,altro,16_2406_rta_16_250410122122_4166---Protocollo_Viola.txt,1
Lombardia,Milano,Milano,Caritas Diocesana di Milano,Altro,altro,03_2406_rta_03_240925144919_4166---RETEDICOMO-PROTOCOLLOINTERIST.17novembre2023(1).txt,1
Calabria,,,Caritas Diocesi di Catanzaro/Squillace,Altro,altro,18_2406_rta_18_240926102706_4166---protocollomondorosa2013.txt,1
Lombardia,Milano,Sesto San Giovanni,Caritas Volontariato Salesiani Onlus di Sesto San Giovanni,Altro,altro,03_2406_rta_03_240923103647_4166---protocolloreteantiviolenzacinisello2019(1).txt,1
Abruzzo,,,Caritas diocesana,Altro,altro,13_2406_rta_13_241122101453_4166---ProtocollodiRete_AlphaChieti.txt | 13_2406_rta_13_241122103901_4166---Protocollirete_ortonaelancianoCAVdonn.ÿ.txt | 13_2406_rta_13_241122104158_4166---Protocollirete_ortonaelancianoCAVdonn.ÿ.txt | 13_2406_rta_13_241122104842_4166---Protocollodirete_DAFNE.txt,4
Abruzzo,Chieti,Chieti,Casa Circondariale Chieti,Altro,altro,13_2406_rta_13_241122101453_4166---ProtocollodiRete_AlphaChieti.txt,1
Veneto,Belluno,Belluno,Casa Circondariale di Belluno,Altro,altro,05_2406_rta_05_240917141534_4166---protocollodiretefirmato.txt,1
Abruzzo,Chieti,Lanciano,Casa Circondariale di Lanciano,Altro,altro,13_2406_rta_13_241122103901_4166---Protocollirete_ortonaelancianoCAVdonn.ÿ.txt | 13_2406_rta_13_241122104158_4166---Protocollirete_ortonaelancianoCAVdonn.ÿ.txt | 13_2406_rta_13_241122104842_4166---Protocollodirete_DAFNE.txt,3
Emilia-Romagna,Rimini,Rimini,Casa Circondariale di Rimini,Altro,altro,08_2406_rta_08_241015091553_4166---Protocollosullaviolenzadigenere_confirme_prot.txt,1
Veneto,Treviso,Treviso,Casa Circondariale di Treviso,Altro,altro,05_2406_rta_05_240917141534_4166---protocollodiretefirmato.txt,1
Lazio,,,Casa Famiglia Leroux,Altro,altro,12_2406_rta_12_241004144338_4166---06-ProtocolloComunediVALLECORSA.txt,1
Lombardia,Como,Como,Casa della Giovane di Como,Altro,altro,03_2406_rta_03_240925144919_4166---RETEDICOMO-PROTOCOLLOINTERIST.17novembre2023(1).txt,1
Lazio,,,Casa di semiautonomia per donne in difficolta,Altro,altro,12_2406_rta_12_240926143343_4166---2.1protocolloIntegra-CavMerlin(1).txt,1
Lazio,,,Case di Semiautonomia,Altro,altro,12_2406_rta_12_241003101925_4166---ProtocolloFormazioneObiettivoUomo.txt | 12_2406_rta_12_241003114137_4166---PROTOCOLLODIINTESAROMAVOLLEYEDD.txt,2
Lazio,,,Case di Semiautonomia gestite dall'Associazione Differenza Donna,Altro,altro,12_2406_rta_12_241003112247_4166---Accordodicollaborazione_CREDICI.txt | 12_2406_rta_12_241003113710_4166---Accordodicollaborazione_CREDICI.txt,2
Lazio,,,Case di semi-autonomia,Altro,altro,12_2406_rta_12_241004141331_4166---ConvenzioneconilComunediCECCANO.txt,1
Lazio,,,Case famiglie/Centri Accoglienza,Altro,altro,12_2406_rta_12_241004090846_4166---3protCAVPAOLALATTESgenitoriperlascuola(1).txt,1
Lazio,,,Case per la semi autonomia,Altro,altro,12_2406_rta_12_241003111748_4166---ACCORDOMUNICIPIOROMAVeDIPPARIOPPROMACAPITALE_DD.txt,1
Lazio,,,Centrale Preneste,Altro,altro,12_2406_rta_12_241002110904_4166---5protCAVSAPIENZA-RUOTALIBERACOOPERATIVASOCIALE.txt,1
Lazio,,,Centri antitratta gestiti dall'Associazione Differenza Donna,Altro,altro,12_2406_rta_12_241003112247_4166---Accordodicollaborazione_CREDICI.txt | 12_2406_rta_12_241003113710_4166---Accordodicollaborazione_CREDICI.txt,2
Calabria,Catanzaro,Lamezia Terme,Centro Clinico di Lamezia Terme,Altro,altro,18_2406_rta_18_240926102407_4166---ProtocollointesaAISM_CentroLanzino_ReteREDCALABRIA_firmadigitale.txt,1
Lombardia,Brescia,Brescia,Centro Culturale Islamico Via Corsica - Brescia,Altro,altro,03_2406_rta_03_240923101524_4166---PROTOCOLLO_DI_INTESA_versione_DEFINITIVA2021.stamped.txt,1
Lazio,,,Centro Famiglie Nuovi Legami,Altro,altro,12_2406_rta_12_241003101925_4166---ProtocolloFormazioneObiettivoUomo.txt,1
Sardegna,,,Centro Giustizia Minorile della Sardegna,Altro,altro,20_2406_rta_20_250620094616_4166---Delibera52-22del23.12.2024-Allegato1.txt,1
Friuli-Venezia Giulia,Udine,Udine,Centro Regionale di Orientamento di Udine,Altro,altro,06_2406_rta_06_240916164153_4166---protocolloprefettura.txt,1
Lombardia,,,Centro Risorse Donne,Altro,altro,03_2406_rta_03_240918153240_4166---Protocollod'intesaperl'IstituzionediunSistemaTerritorialeAntiviolenzainReteconAddendumSindacati.txt,2
Puglia,,,Centro Servizio Famiglie,Altro,altro,16_ex_Convenzione Triggiano.txt,1
Lombardia,,,Centro Sirio,Altro,altro,03_2406_rta_03_240923101524_4166---PROTOCOLLO_DI_INTESA_versione_DEFINITIVA2021.stamped.txt,1
Puglia,,,Centro Specialistico di II livello,Altro,altro,16_2406_rta_16_250407164310_4166---protocollooperativoPutignano_EMI.txt | 16_bari_protocollo operativo Putignano_EMI.txt,2
Puglia,,,Centro Specialistico di riferimento per la cura del trauma,Altro,altro,16_2406_rta_16_250407164310_4166---protocollooperativoPutignano_EMI.txt | 16_bari_protocollo operativo Mola di Bari_rete Antiviolenza.txt | 16_bari_protocollo operativo Putignano_EMI.txt,3
Puglia,Lecce,Lecce,"Centro Specialistico per la Cura del Trauma Interpersonale (CSCTI ""Anemone",Altro,altro,16_lecce_Protocollo Operativo - Procedure integrate per la prevenzione e il contrasto alla violenza contro donne e minori - Copia_Marcato.txt,1
Puglia,Lecce,Lecce,Centro Specialistico per la Cura del Trauma Interpersonale (CSCTI/Anemone,Altro,altro,16_2406_rta_16_250410144304_4166---ProtocolloOperativo-Procedureintegrateperlaprevenzioneeilcontrastoallaviolenzacontrodonneeminori-Copia_Marcato.txt,1
Calabria,Vibo Valentia,Vibo Valentia,Centro clinico di Vibo Valentia,Altro,altro,18_2406_rta_18_240926102407_4166---ProtocollointesaAISM_CentroLanzino_ReteREDCALABRIA_firmadigitale.txt,1
Lazio,Roma,Roma,Centro di Riabilitazione Accreditato (DCA U00389 del 19/09/2019,Altro,altro,12_2406_rta_12_241002114038_4166---1protCAVTITANO-8-10DidascoSoc.Coop.Soc.txt,1
Lazio,,,"Centro per le famiglie ""Famiglie in Centro",Altro,altro,12_2406_rta_12_241003101925_4166---ProtocolloFormazioneObiettivoUomo.txt,1
Lazio,,,Centro per le famiglie di II livello,Altro,altro,12_2406_rta_12_241003101925_4166---ProtocolloFormazioneObiettivoUomo.txt,1
Lazio,,,Chiesa Valdese,Altro,altro,12_2406_rta_12_241003101925_4166---ProtocolloFormazioneObiettivoUomo.txt,1
Lazio,,,Cilo,Altro,altro,12_2406_rta_12_240926133706_4166---STAR.txt,1
Veneto,Vicenza,Bassano del Grappa,Circolo Giuridico Bassanese,Altro,altro,05_2406_rta_05_240919114041_4166---protocollounicorevisionato2024.txt,1
Piemonte,,,Circoscrizioni,Altro,altro,01_2406_rta_01_241002150739_4166---DeliberaCostituzioneOsservatorioSaluteDonne.txt,1
Friuli-Venezia Giulia,Gorizia,Gorizia,Club per UNESCO Gorizia,Altro,altro,06_2406_rta_06_240916164258_4166---Protocolloviolenzadomesticaedigenere_30.09.2019.txt,1
Toscana,,,Codice Rosa,Altro,altro,09_FIRENZE Linee-di-indirizzo2024.txt,1
Lazio,,,Coldiretti,Altro,altro,12_2406_rta_12_241004145108_4166---07-ProtocolloCONilComunediVILLASANTOSTEFANO.txt,1
Puglia,,,Comando Provinciale Vigili del Fuoco,Altro,altro,16_2406_rta_16_250410122122_4166---Protocollo_Viola.txt | 16_foggia_Protocollo_Viola.txt,3
Trento,,,Comitati dei Sindaci dei Distretti 1 e 2,Altro,altro,05_2406_rta_05_240919114041_4166---protocollounicorevisionato2024.txt,1
Lombardia,,,Comitato Area Sud Milano della Croce Rossa Italiana,Altro,altro,03_2406_rta_03_240926122707_4166---ProtocolloReteAntiviolenzaconfirme.txt,1
Abruzzo,,,Comitato CEDAW,Altro,altro,13_2406_rta_13_241122105540_4166---protocollodirete_vastodonnattiva.txt,1
Calabria,,,Comitato Imprenditoria Femminile (CIF,Altro,altro,18_2406_rta_18_240926102706_4166---protocollomondorosa2013.txt,1
Lombardia,,,Comitato Locale della Croce Rossa Italiana,Altro,altro,03_2406_rta_03_240923103647_4166---protocolloreteantiviolenzacinisello2019(1).txt,1
Piemonte,,,Comitato Ospedaliero,Altro,altro,01_2406_rta_01_240909114524_4166---CONVENZIONEUNITO-SPORTANTIVIOLENZA.txt,1
Puglia,Brindisi,Brindisi,Comitato Provinciale per l'Ordine e la Sicurezza Pubblica,Altro,altro,16_2406_rta_16_250409174252_4166---Protocollo_Intesa_LARA.txt,1
Puglia,Foggia,Foggia,Comitato Scientifico (Commissione VIOLA OMCeO Foggia,Altro,altro,16_2406_rta_16_250410122122_4166---Protocollo_Viola.txt,1
Toscana,,,Comitato di Area Vasta,Altro,altro,09_SENESE Delibera-n.1196-del-24-10-2022-allegato-a_SENESE_2.txt,1
Piemonte,,,Comitato di Bioetica di Ateneo,Altro,altro,01_2406_rta_01_240909114524_4166---CONVENZIONEUNITO-SPORTANTIVIOLENZA.txt,1
Piemonte,,,Comitato di Categoria,Altro,altro,01_2406_rta_01_240909114524_4166---CONVENZIONEUNITO-SPORTANTIVIOLENZA.txt,1
Lazio,,,"Comitato di Quartiere ""Cittadini di Colli Aniene Bene Comune",Altro,altro,12_2406_rta_12_241004093800_4166---6protCavPaolaLattesComitatodiQuartiere“CittadinidiColliAniene.txt,1
Lazio,Roma,Roma,Comitato di Quartiere Rebibbia,Altro,altro,12_2406_rta_12_241004095020_4166---8protCAVPAOLALATTES(ComitatodiQuartiereRebibbia(1).txt,1
Lazio,,,Comitato di Quartiere San Lorenzo,Altro,altro,12_2406_rta_12_241001133138_4166---1protCAVSAPIENZA-COMITATODIQUARTIERESANLORENZO(1).txt,1
Lazio,,,Comitato di Quartiere Torraccia,Altro,altro,12_2406_rta_12_241004103912_4166---9protCAVPAOLALATTESComitatodiQuartiereTorraccia(1).txt,1
Piemonte,,,Comitato di Raccordo,Altro,altro,01_2406_rta_01_241003113501_4166---CCVD1deliberaprotocolloccvd-2024eall1prot.txt,1
Piemonte,Torino,Torino,Commissione Consiliare permanente Diritti e Pari Opportunita del Comune di Torino,Altro,altro,01_2406_rta_01_241003113501_4166---CCVD1deliberaprotocolloccvd-2024eall1prot.txt,1
Liguria,,,Commissione Territoriale,Altro,altro,07_2406_rta_07_240916163933_4166---sub_14574431199510849525_Protocollo_LVLS-signed.txt,1
Lombardia,,,Commissione Territoriale per il riconoscimento della protezione internazionale,Altro,altro,03_2406_rta_03_240923105244_4166---ProtocolloViolenzaMilanoFirme2023.txt,1
Calabria,Crotone,Crotone,Commissione Territoriale per il riconoscimento della protezione internazionale di Crotone,Altro,altro,18_2406_rta_18_240926102259_4166---Protocollod’intesaperlaprotezioneel’assistenzadellevittimediviolenzadigenererichiedentiasilo.txt,1
Lazio,,,"Commissione Territoriale, competente per territorio",Altro,altro,12_2406_rta_12_241004113737_4166---AccordodicollaborazioneArteinsieme.txt,1
Trento,,,Commissione dei Sindaci di Distretto,Altro,altro,05_2406_rta_05_240916173648_4166---ULSS5Polesana_Protocollodirete.txt,1
Calabria,,,Commissione di Valutazione,Altro,altro,18_2406_rta_18_240926102943_4166---schemaAccordoCollaborazione499ARIEL_signed.txt,1
Piemonte,,,Commissioni Consiliari (IV e Pari Opportunita,Altro,altro,01_2406_rta_01_241002150739_4166---DeliberaCostituzioneOsservatorioSaluteDonne.txt,1
Emilia-Romagna,,,Comuni dell'Area Nord,Altro,altro,08_2406_rta_08_241015092024_4166---Protocollooperativo.txt,1
Abruzzo,,,Comunita Papa Giovanni XXIII,Altro,altro,13_2406_rta_13_241122101453_4166---ProtocollodiRete_AlphaChieti.txt,1
Lombardia,,,"Comunita d'accoglienza ""G. Colbert",Altro,altro,03_2406_rta_03_240918153252_4166---Protocollo+Appendice+LineeGuida_Datatodafirmare.txt,1
Lombardia,,,Comunite Montana Valsassina Valvarrone Val d'Esino e Riviera,Altro,altro,03_2406_rta_03_240918153240_4166---Protocollod'intesaperl'IstituzionediunSistemaTerritorialeAntiviolenzainReteconAddendumSindacati.txt,1
Veneto,,,"Conferenza Permanente per i rapporti tra lo Stato, le Regioni e le Province Autonome di Trento e Bolzano",Altro,altro,06_2406_rta_06_240916164122_4166---prot_n_0119980_2024_Accordo(firmato).txt,1
Lazio,,,"Conferenza Permanente per i rapporti tra lo Stato, le Regioni e le Province autonome di Trento e Bolzano",Altro,altro,12_2406_rta_12_241008103001_4166---16-Convenzioneconl'UniversitàECAMPUS.txt,1
Emilia-Romagna,,,Conferenza Provinciale Permanente,Altro,altro,08_2406_rta_08_241015091355_4166---PROTOCOLLO_CONTRO_VIOLENZA_firmato2023.txt,1
Lombardia,,,Conferenza Unificata Stato Regioni,Altro,altro,03_2406_rta_03_240926122051_4166---Protocollomonz.txt,1
Puglia,,,Conferenza dei Sindaci,Altro,altro,16_2406_rta_16_250410144304_4166---ProtocolloOperativo-Procedureintegrateperlaprevenzioneeilcontrastoallaviolenzacontrodonneeminori-Copia_Marcato.txt | 16_lecce_Protocollo Operativo - Procedure integrate per la prevenzione e il contrasto alla violenza contro donne e minori - Copia_Marcato.txt,2
Trento,,,Conferenza dei Sindaci,Altro,altro,05_2406_rta_05_240916173648_4166---ULSS5Polesana_Protocollodirete.txt,1
Emilia-Romagna,,,Conferenza delle Elette,Altro,altro,08_2406_rta_08_241015091725_4166---Protoc-Prefett-2017.txt,1
Trento,,,Congregazione Suore Orsoline del Sacro Cuore di Maria,Altro,altro,05_2406_rta_05_240919114041_4166---protocollounicorevisionato2024.txt,1
Piemonte,,,Consigliera di Fiducia,Altro,altro,01_2406_rta_01_240909114524_4166---CONVENZIONEUNITO-SPORTANTIVIOLENZA.txt,1
Emilia-Romagna,,,Consigliera di Fiducia della Città metropolitana,Altro,altro,08_2406_rta_08_241015091500_4166---Protocollo_autonomia_lavorativa_def.txt,1
Emilia-Romagna,Bologna,Bologna,Consiglieri di Fiducia del Comune di Bologna,Altro,altro,08_2406_rta_08_241015091500_4166---Protocollo_autonomia_lavorativa_def.txt,1
Calabria,,,Consiglio Metropolitano,Altro,altro,18_2406_rta_18_240926102943_4166---schemaAccordoCollaborazione499ARIEL_signed.txt,1
Lazio,,,Consiglio Superiore della Magistratura,Altro,altro,12_2406_rta_12_241002130504_4166---3Protocollid'intesa-TavoloInteristituzionaletraUfficiGiudiziaricompetentinelcircondariodiRomaavvocaturaecentriantiviolenza(1).txt | 12_2406_rta_12_241003115345_4166---1.PROTOCOLLOTAVOLOINTERISTITUZIONALE.txt | 12_2406_rta_12_241003121816_4166---Copiadi1.PROTOCOLLOTAVOLOINTERISTITUZIONALE.txt,3
Lazio,,,Consiglio del Cibo,Altro,altro,12_2406_rta_12_241009123601_4166---5.accordo.txt,1
Emilia-Romagna,,,Consiglio della Giunta Provinciale,Altro,altro,08_2406_rta_08_241015092024_4166---Protocollooperativo.txt,1
Emilia-Romagna,,,Consiglio metropolitano,Altro,altro,08_2406_rta_08_241015091330_4166---Protocollo_intesa_autonomia_abitativa_donne_vittime_di_violenza_CittMtrBO.txt,1
Valle d'Aosta/Vallée d'Aoste,,,Consiglio permanente degli enti locali (CPEL,Altro,altro,02_2406_rta_02_240904124958_4166---lrn4del25feb2013.txt,1
Liguria,,,Consolati,Altro,altro,07_2406_rta_07_240916163933_4166---sub_14574431199510849525_Protocollo_LVLS-signed.txt,1
Piemonte,Biella,Cossato,Consorzio C.I.S.S.A.B.0,Altro,altro,01_2406_rta_01_240904122512_4166---accordoSFD.txt,1
Lombardia,,,Consorzio CS&L,Altro,altro,03_2406_rta_03_240923113114_4166---ProtocolloReteAddaMartesanasottoscritto.txt,1
Lombardia,,,Consorzio Famiglie e Accoglienza Fa,Altro,altro,03_2406_rta_03_240923114012_4166---23-9-2024ProtocolloReteRita_signed_signed_signedDEF_signed_signed-signed_signed(1).txt,1
Piemonte,Biella,Biella,Consorzio I.R.I.S,Altro,altro,01_2406_rta_01_240904122512_4166---accordoSFD.txt,1
Lazio,,,Consorzio Valle del Tevere,Altro,altro,12_2406_rta_12_241003112656_4166---AccordodicollaborazioneconsultorieDifferenzaDonna.txt | 12_2406_rta_12_241003113235_4166---Accordodifferenzadonna-29.09.2023-signed.txt,2
Abruzzo,Chieti,Ortona,Consulta Giovanile Ortona,Altro,altro,13_2406_rta_13_241122103901_4166---Protocollirete_ortonaelancianoCAVdonn.ÿ.txt | 13_2406_rta_13_241122104158_4166---Protocollirete_ortonaelancianoCAVdonn.ÿ.txt | 13_2406_rta_13_241122104428_4166---Protocollorete_ortonaCAVconsultoriodiocesano.txt,3
Lombardia,Milano,Legnano,Cooperativa Albatros di Legnano,Altro,altro,03_2406_rta_03_240920120751_4166---protocollodiintesa.txt,1
Lombardia,Milano,Milano,Cooperativa CTA di Milano,Altro,altro,03_2406_rta_03_240920120751_4166---protocollodiintesa.txt,1
Lombardia,,,Cooperativa Fraternita Creativa,Altro,altro,03_2406_rta_03_240925150245_4166---ProtocolloReteARIAPalazzolo.txt,1
Puglia,,,Cooperativa Sociale Medihospes,Altro,altro,16_2406_rta_16_250409123532_4166---protocollooperativoTriggiano_reteantiviolenza.pdf.txt,1
Lombardia,Brescia,Palazzolo sull'Oglio,Cooperativa Sociale Palazzolese di Palazzolo sull'Oglio,Altro,altro,03_2406_rta_03_240925150245_4166---ProtocolloReteARIAPalazzolo.txt,1
Lombardia,Milano,Cinisello Balsamo,Cooperativa Uniabita di Cinisello Balsamo,Altro,altro,03_2406_rta_03_240923103647_4166---protocolloreteantiviolenzacinisello2019(1).txt,1
Lombardia,Milano,Cormano,"Cooperative Edificatrici di Cormano: La Vignetta, La Vittoria, Dar Casa",Altro,altro,03_2406_rta_03_240923103647_4166---protocolloreteantiviolenzacinisello2019(1).txt,1
Piemonte,,,Coordinamento Cittadino sulla Violenza contro le Donne,Altro,altro,01_2406_rta_01_241002150739_4166---DeliberaCostituzioneOsservatorioSaluteDonne.txt,1
Piemonte,,,Coordinamento Contro la Violenza sulle Donne (CCVD,Altro,altro,01_2406_rta_01_241003113501_4166---CCVD1deliberaprotocolloccvd-2024eall1prot.txt,1
Trento,,,Coordinamento Iris,Altro,altro,05_2406_rta_05_240919124736_4166---Protocollo_per_contrasto_alla_violenza_di_genere.stamped.txt,1
Puglia,,,Coordinamento Istituzionale,Altro,altro,16_ex_Convenzione Gioia del Colle.txt,1
Lombardia,Milano,Cinisello Balsamo,Corpo Volontari Protezione Civile di Cinisello Balsamo,Altro,altro,03_2406_rta_03_240923103647_4166---protocolloreteantiviolenzacinisello2019(1).txt,1
Lombardia,,,Croce Rossa Italiana U.T. Seriate,Altro,altro,03_2406_rta_03_240923114012_4166---23-9-2024ProtocolloReteRita_signed_signed_signedDEF_signed_signed-signed_signed(1).txt,1
Lombardia,Cremona,Casalmaggiore,Croce Rossa di Casalmaggiore,Altro,altro,03_2406_rta_03_240918153252_4166---Protocollo+Appendice+LineeGuida_Datatodafirmare.txt,1
Piemonte,,,DIREZIONE SERVIZI ECONOMICO FINANZIARI,Altro,altro,01_2406_rta_01_240909113151_4166---CONVENZIONERIVOLI.txt,1
Emilia-Romagna,,,DIRe Donne in Rete contro la violenza,Altro,altro,08_2406_rta_08_241015091430_4166---Protocollo_Distrettuale_Contrasto_violenza_Donne2023.stamped.txt,1
Lombardia,,,Delegata del Sindaco alle Pari Opportunita di Genere,Altro,altro,03_2406_rta_03_240923105244_4166---ProtocolloViolenzaMilanoFirme2023.txt,1
Piemonte,,,Difensore civico regionale,Altro,altro,01_2406_rta_01_240904120005_4166---protocollo.txt,1
Lombardia,,,Diocesi di Brescia - Area pastorale per la Società,Altro,altro,03_2406_rta_03_240923101524_4166---PROTOCOLLO_DI_INTESA_versione_DEFINITIVA2021.stamped.txt,1
Piemonte,,,Dipartimento Materno Infantile ASL BI,Altro,altro,01_2406_rta_01_240904121349_4166---convenzione.txt,1
Friuli-Venezia Giulia,Udine,Udine,"Dipartimento Politiche Sociali, Educative e Culturali del Comune di Udine",Altro,altro,06_2406_rta_06_240916164122_4166---prot_n_0119980_2024_Accordo(firmato).txt,1
Piemonte,,,Dipartimento Servizi Educativi,Altro,altro,01_2406_rta_01_241002150739_4166---DeliberaCostituzioneOsservatorioSaluteDonne.txt,1
Piemonte,,,"Dipartimento di Culture, Politica e Società",Altro,altro,01_2406_rta_01_240909114524_4166---CONVENZIONEUNITO-SPORTANTIVIOLENZA.txt,1
Piemonte,,,Dipartimento di Economia Cognetti de Martiis,Altro,altro,01_2406_rta_01_240909114524_4166---CONVENZIONEUNITO-SPORTANTIVIOLENZA.txt,1
Piemonte,,,Dipartimento di Filosofia e Scienze dell'Educazione,Altro,altro,01_2406_rta_01_240909114524_4166---CONVENZIONEUNITO-SPORTANTIVIOLENZA.txt,1
Piemonte,,,Dipartimento di Giurisprudenza,Altro,altro,01_2406_rta_01_240909114524_4166---CONVENZIONEUNITO-SPORTANTIVIOLENZA.txt,1
Piemonte,,,Dipartimento di Management,Altro,altro,01_2406_rta_01_240909114524_4166---CONVENZIONEUNITO-SPORTANTIVIOLENZA.txt,1
Piemonte,,,"Dipartimento di Neuroscienze ""Rita Levi Montalcini",Altro,altro,01_2406_rta_01_240909114524_4166---CONVENZIONEUNITO-SPORTANTIVIOLENZA.txt,1
Piemonte,,,Dipartimento di Prevenzione,Altro,altro,01_2406_rta_01_241002150739_4166---DeliberaCostituzioneOsservatorioSaluteDonne.txt,1
Piemonte,,,Dipartimento di Psicologia,Altro,altro,01_2406_rta_01_240909114524_4166---CONVENZIONEUNITO-SPORTANTIVIOLENZA.txt,1
Lazio,,,Dipartimento di Scienze Cliniche Applicate e Biotecnologiche,Altro,altro,12_2406_rta_12_241008102339_4166---15-ConvenzionePreepost-Laureauniversitàdell'AQUILA.txt,1
Piemonte,,,Dipartimento per le Pari Opportunita,Altro,altro,01_2406_rta_01_240904121349_4166---convenzione.txt,1
Lazio,,,Direzione Centrale della Polizia Criminale - Servizio Analisi Criminale,Altro,altro,12_2406_rta_12_241004140636_4166---04-ProtocolloconlaQuesturadiFrosinone.txt,1
Piemonte,,,Direzione Coesione Sociale,Altro,altro,01_2406_rta_01_240904110730_4166---protocollocontuttelefirme(1).txt,1
Piemonte,,,"Direzione Coesione Sociale Settore Politiche per le famiglie, giovani e migranti, pari opportunita e diritti (Regione Piemonte",Altro,altro,01_2406_rta_01_241018134519_4166---Protocollooperativointeristituzionaleviolenzadigenere2023-2026def.txt,1
Toscana,,,Direzione Diritti di cittadinanza e coesione sociale,Altro,altro,09_SENESE Delibera-n.1196-del-24-10-2022-allegato-a_SENESE_2.txt,1
Basilicata,,,Direzione Generale per la Salute e Politiche della Persona,Altro,altro,17_2406_rta_17_250506142731_4166---Tavolodicoordinamentoemonitoraggio30-01-24.txt | 17_2406_rta_17_250506142746_4166---Tavolodicoordinamentoemonitoraggio30-01-24.txt,2
Piemonte,Torino,Torino,Direzione Politiche Sociali e Rapporti con le Aziende Sanitarie del Comune di Torino,Altro,altro,01_2406_rta_01_241003113501_4166---CCVD1deliberaprotocolloccvd-2024eall1prot.txt,1
Emilia-Romagna,Rimini,Rimini,Direzione della Casa Circondariale di Rimini,Altro,altro,08_2406_rta_08_241015091553_4166---Protocollosullaviolenzadigenere_confirme_prot.txt,2
Trento,,,Discepole del Vangelo,Altro,altro,05_2406_rta_05_240918144304_4166---Protocollo_ULSS2-DistrettoTreviso.txt,1
Trento,,,Domus Nostra,Altro,altro,05_2406_rta_05_240918144304_4166---Protocollo_ULSS2-DistrettoTreviso.txt,1
Abruzzo,L'Aquila,Sulmona,EAS 18 Comune di Sulmona,Altro,altro,13_2406_rta_13_241122111153_4166---PROTOCOLLOCASTELDISANGROEASL.txt,1
Puglia,,,EMI - Equipe Multidisciplinare Integrata,Altro,altro,16_2406_rta_16_250410144304_4166---ProtocolloOperativo-Procedureintegrateperlaprevenzioneeilcontrastoallaviolenzacontrodonneeminori-Copia_Marcato.txt,1
Lombardia,,,ETAss,Altro,altro,03_2406_rta_03_240926122051_4166---Protocollomonz.txt,1
Lombardia,Bergamo,Bergamo,Ente Bilaterale Territoriale del Terziario di Bergamo,Altro,altro,03_2406_rta_03_240923114012_4166---23-9-2024ProtocolloReteRita_signed_signed_signedDEF_signed_signed-signed_signed(1).txt,1
Lazio,,,Ente Locale,Altro,altro,12_2406_rta_12_241003094302_4166---4VerbaleIncontroGiorgieLaGinestra-PROTOCOLLO.txt,1
Lombardia,,,Ente del Turismo - Bergamo,Altro,altro,03_2406_rta_03_240923114012_4166---23-9-2024ProtocolloReteRita_signed_signed_signedDEF_signed_signed-signed_signed(1).txt,1
Abruzzo,,,Enti Locali,Altro,altro,13_2406_rta_13_241122110421_4166---PROTOCOLLOOPERATIVO.txt,1
Lazio,,,Enti Privati,Altro,altro,12_2406_rta_12_241004144338_4166---06-ProtocolloComunediVALLECORSA.txt | 12_2406_rta_12_241007235530_4166---ProtocolloconilComunediPastena.txt,2
Calabria,,,Enti locali,Altro,altro,18_2406_rta_18_240926102943_4166---schemaAccordoCollaborazione499ARIEL_signed.txt,1
Lazio,,,Enti locali,Altro,altro,12_2406_rta_12_241003105319_4166---PROTOCOLLODIINTES1_2601def-signed-signed.txt | 12_2406_rta_12_241004114912_4166---ProtocolloRetePrantiviolenzaFrosinone.txt,2
Lazio,,,Enti pubblici,Altro,altro,12_2406_rta_12_241004144338_4166---06-ProtocolloComunediVALLECORSA.txt | 12_2406_rta_12_241007235530_4166---ProtocolloconilComunediPastena.txt,2
Puglia,,,Equipe Integrata Multidisciplinare di Ambito per il contrasto alla violenza,Altro,altro,16_2406_rta_16_250407164310_4166---protocollooperativoPutignano_EMI.txt | 16_bari_protocollo operativo Putignano_EMI.txt,2
Liguria,,,Equipe Integrata Sovradistrettuale Maltrattamento e Abuso,Altro,altro,07_2406_rta_07_240916163905_4166---PROTOCOLLOFIRMATO(002).txt,1
Puglia,,,Equipe Integrata di Ambito di contrasto alla violenza di genere,Altro,altro,16_bar_protocollo operativo Triggiano_rete antiviolenza.pdf.txt,1
Piemonte,,,Equipe Multidisciplinare ASL BI,Altro,altro,01_2406_rta_01_240904121349_4166---convenzione.txt,1
Puglia,,,Equipe Multidisciplinare Integrata,Altro,altro,16_bar_protocollo operativo Triggiano_rete antiviolenza.pdf.txt,1
Puglia,,,Equipe Multidisciplinare Integrata di Ambito sulla Tutela dei Minori e contrasto della violenza di genere,Altro,altro,16_2406_rta_16_250312164250_4166---protocollooperativoGrumo_EMI.txt | 16_bari_protocollo operativo Gioia del Colle_EMI.txt,2
Puglia,,,Equipe Multidisciplinare Integrata per la prevenzione e il contrasto alla violenza su donne e minori dell'Ambito Territoriale,Altro,altro,16_ex_Convenzione Triggiano.txt,1
Puglia,,,Equipe Multidisciplinare Integrata per la prevenzione ed il contrasto alla violenza su donne e minori,Altro,altro,16_ex_Convenzione Mola di Bari.txt,1
Liguria,,,Equipe Multiprofessionale Sovradistrettuale Maltrattamento e Abuso,Altro,altro,07_2406_rta_07_240916163905_4166---PROTOCOLLOFIRMATO(002).txt,1
Trento,,,Equipe Specialistica Interprovinciale in materia di abuso sessuale e grave maltrattamento dei bambini/e e dei ragazzi/e minori di eta,Altro,altro,05_2406_rta_05_240918144304_4166---Protocollo_ULSS2-DistrettoTreviso.txt,1
Puglia,,,Equipe integrata su abuso e maltrattamento di Ambito,Altro,altro,16_2406_rta_16_250409174252_4166---Protocollo_Intesa_LARA.txt,1
Puglia,,,Equipe multidisciplinare di contrasto alla violenza,Altro,altro,16_2406_rta_16_250409145030_4166---protollodiintesaPutignano_reteantiviolenza.txt | 16_bari_protollo di intesa Putignano_rete antiviolenza.txt,2
Puglia,,,Eures,Altro,altro,16_brindisi_Protocollo_Intesa_LARA.txt,1
Toscana,,,European Society Stress Traumatic Studies,Altro,altro,09_FIRENZE Linee-di-indirizzo2024.txt,1
Lombardia,,,FABI - Federazione delle Associazioni Bresciane per l'Immigrazione,Altro,altro,03_2406_rta_03_240923101524_4166---PROTOCOLLO_DI_INTESA_versione_DEFINITIVA2021.stamped.txt,1
Emilia-Romagna,,,FEDER.CASA,Altro,altro,08_2406_rta_08_241015091330_4166---Protocollo_intesa_autonomia_abitativa_donne_vittime_di_violenza_CittMtrBO.txt,1
Lombardia,,,FONDAZIONE OPERA CARITAS SAN MARTINO,Altro,altro,03_2406_rta_03_240923171949_4166---PROTOCOLLOD'INTESARETETERRITORIALEANTIVIOLENZAVALLETROMPIA2024.txt,1
Lazio,,,Famiglie in Centro,Altro,altro,12_2406_rta_12_241003101925_4166---ProtocolloFormazioneObiettivoUomo.txt,1
Toscana,Livorno,,Filiale di Livorno della Banca d'Italia,Altro,altro,09_LIVORNO Protocollo_ RETE ANTIVIOLENZA_ LIVORNO.txt,1
Toscana,,,Fiorentina Nord Ovest: Codice Rosa,Altro,altro,09_FIRENZE Linee-di-indirizzo2024.txt,1
Toscana,,,Fiorentina Sud Est: Codice Rosa,Altro,altro,09_FIRENZE Linee-di-indirizzo2024.txt,1
Lombardia,,,Fondazione Angelo Custode,Altro,altro,03_2406_rta_03_240923114012_4166---23-9-2024ProtocolloReteRita_signed_signed_signedDEF_signed_signed-signed_signed(1).txt,1
Lazio,,,Fondazione Arche Onlus,Altro,altro,12_2406_rta_12_241008150442_4166---1.Protocollo.txt,1
Lombardia,,,Fondazione Bignaschi,Altro,altro,03_2406_rta_03_240926122051_4166---Protocollomonz.txt,1
Calabria,,,Fondazione Calabria Etica,Altro,altro,18_2406_rta_18_240926102706_4166---protocollomondorosa2013.txt,1
Lombardia,Cremona,Cremona,Fondazione Casa Famiglia S. Omobono Onlus di Cremona,Altro,altro,03_2406_rta_03_240918153252_4166---Protocollo+Appendice+LineeGuida_Datatodafirmare.txt,1
Friuli-Venezia Giulia,Gorizia,Gorizia,Fondazione Cassa di Risparmio di Gorizia,Altro,altro,06_2406_rta_06_240916164258_4166---Protocolloviolenzadomesticaedigenere_30.09.2019.txt,1
Lombardia,,,Fondazione Centro Per La Famiglia Cardinal Carlo Maria Martini Onlus,Altro,altro,03_2406_rta_03_240920093134_4166---Protocollo_Intesa_Rete_Antiviolenza_SudEstMilano_Paullese_2021-2023.txt,1
Lombardia,,,Fondazione Don Silvano Caccia Onlus,Altro,altro,03_2406_rta_03_240925144919_4166---RETEDICOMO-PROTOCOLLOINTERIST.17novembre2023(1).txt,1
Lombardia,,,Fondazione Fare Famiglia Onlus,Altro,altro,03_2406_rta_03_240926122707_4166---ProtocolloReteAntiviolenzaconfirme.txt,1
Emilia-Romagna,,,Fondazione Forense di Forli-Cesena,Altro,altro,08_2406_rta_08_241015091621_4166---PROTOCOLLO_22.txt,1
Abruzzo,,,Fondazione Genova Rulli Casa famiglia per minori,Altro,altro,13_2406_rta_13_241122105540_4166---protocollodirete_vastodonnattiva.txt,1
Lazio,,,Fondazione Laureus,Altro,altro,12_2406_rta_12_241004092644_4166---5potCAVPAOLALATTESnantes(1).txt,1
Lombardia,,,Fondazione Madre Rosa Gozzoli,Altro,altro,03_2406_rta_03_240918153252_4166---Protocollo+Appendice+LineeGuida_Datatodafirmare.txt,1
Abruzzo,,,Fondazione Onlus Figlie dell'Amore di Gesti e Maria,Altro,altro,13_2406_rta_13_241122101453_4166---ProtocollodiRete_AlphaChieti.txt,1
Abruzzo,,,Fondazione S. Camillo De Lellis,Altro,altro,13_2406_rta_13_241122101453_4166---ProtocollodiRete_AlphaChieti.txt,1
Emilia-Romagna,,,Fondazione San Petronio Onlus,Altro,altro,08_2406_rta_08_241015091500_4166---Protocollo_autonomia_lavorativa_def.txt,1
Lombardia,,,Fondazione per la Famiglia Edith Stein ONLUS,Altro,altro,03_2406_rta_03_240923103647_4166---protocolloreteantiviolenzacinisello2019(1).txt,1
Lombardia,,,Fondo Carla Zanetti,Altro,altro,03_2406_rta_03_240918153240_4166---Protocollod'intesaperl'IstituzionediunSistemaTerritorialeAntiviolenzainReteconAddendumSindacati.txt,1
Piemonte,,,Fondo Regionale per il patrocinio legale delle donne vittime di violenza e maltrattamenti,Altro,altro,01_2406_rta_01_240909103717_4166---PROTOCOLLORETEANTIVIOLENZASVOLTADONNA.txt,1
Lazio,,,Frosinone Formazione e Lavoro,Altro,altro,12_2406_rta_12_241004130514_4166---PROTOCOLLODIINTESAPERLAPROMOZIONEDISTRATEGIECONDIVISESULFENOMENODELLAVIOLENZADIGENERE(1).txt,1
Umbria,,,Garante per l'infanzia e l'adolescenza - Regione Umbria,Altro,altro,10_2406_rta_10_250506141901_4166---ProtocollounicoregionaleRINNOVATO.txt,1
Sardegna,,,Garante per l'infanzia e l'adolescenza della Sardegna,Altro,altro,20_2406_rta_20_250620094616_4166---Delibera52-22del23.12.2024-Allegato1.txt,1
Lazio,,,Garante per la Protezione dei Dati Personali,Altro,altro,12_2406_rta_12_241003105319_4166---PROTOCOLLODIINTES1_2601def-signed-signed.txt | 12_2406_rta_12_241008103001_4166---16-Convenzioneconl'UniversitàECAMPUS.txt,2
Puglia,Bari,Putignano,Giudice Onorario di Pace di Putignano,Altro,altro,16_2406_rta_16_250409145030_4166---protollodiintesaPutignano_reteantiviolenza.txt,1
Toscana,,,Giudice tutelare,Altro,altro,09_SENESE Delibera-n.1196-del-24-10-2022-allegato-a_SENESE_2.txt,1
Lazio,,,Governo,Altro,altro,12_2406_rta_12_241003104626_4166---PROTOCOLLODIINTESAMUNICIPIOXV.txt | 12_2406_rta_12_241003105319_4166---PROTOCOLLODIINTES1_2601def-signed-signed.txt,2
Piemonte,,,Governo,Altro,altro,01_2406_rta_01_240920112211_4166---367772-4-Protocollo_intesa_Completo.txt,1
Veneto,,,Governo,Altro,altro,06_2406_rta_06_240916164122_4166---prot_n_0119980_2024_Accordo(firmato).txt,1
Lombardia,,,Governo Italiano,Altro,altro,03_2406_rta_03_240926122051_4166---Protocollomonz.txt | 03_2406_rta_03_240926122707_4166---ProtocolloReteAntiviolenzaconfirme.txt,2
Puglia,,,Governo Italiano,Altro,altro,16_2406_rta_16_250410170705_4166---protocolloPrefetturaProvinciaTaranto.txt | 16_taranto_protocollo Prefettura ProvinciaTaranto.txt,2
Abruzzo,,,Governo italiano,Altro,altro,13_2406_rta_13_241122102615_4166---PROTOCOLLOD_INTESACOMUNEAQ_donatellatelliniCAV2023.txt | 13_2406_rta_13_241122103901_4166---Protocollirete_ortonaelancianoCAVdonn.ÿ.txt | 13_2406_rta_13_241122104428_4166---Protocollorete_ortonaCAVconsultoriodiocesano.txt | 13_2406_rta_13_241122105540_4166---protocollodirete_vastodonnattiva.txt | 13_2406_rta_13_241122115416_4166---PROTOCOLLOPESCARA.txt,5
Piemonte,,,Gruppi di Lavoro del Coordinamento,Altro,altro,01_2406_rta_01_241003113501_4166---CCVD1deliberaprotocolloccvd-2024eall1prot.txt,1
Piemonte,,,Gruppo Aziendale per il Maltrattamento e l'Abuso,Altro,altro,01_2406_rta_01_240904162242_4166---CONVENZIONETRAASLTO3ESVOLTADONNA.txt,1
Lombardia,Milano,Cinisello Balsamo,Gruppo Volontariato Vincenziano di Cinisello Balsamo,Altro,altro,03_2406_rta_03_240923103647_4166---protocolloreteantiviolenzacinisello2019(1).txt,1
Toscana,,,Gruppo di lavoro Tavolo Privacy di Regione Toscana,Altro,altro,09_SENESE Delibera-n.1196-del-24-10-2022-allegato-a_SENESE_2.txt,1
Lazio,,,INAIL,Altro,altro,12_2406_rta_12_240926124601_4166---ACCORDOtrlepartiITSETLOIeMarielleFranco(1).txt | 12_2406_rta_12_241008095626_4166---Convenzioneconl'UniversitàLASAPIENZARoma.txt | 12_2406_rta_12_241008101410_4166---ConvenzioneconUniversitàMERCATORUM.txt | 12_2406_rta_12_241008102339_4166---15-ConvenzionePreepost-Laureauniversitàdell'AQUILA.txt | 12_2406_rta_12_241008103723_4166---17-ConvenzioneconilLiceoScientificoeLinguisticoCECCANO.txt,5
Piemonte,,,INAIL,Altro,altro,01_2406_rta_01_240909113151_4166---CONVENZIONERIVOLI.txt,1
Puglia,,,INAIL,Altro,altro,16_ex_Convenzione Gioia del Colle.txt,1
Emilia-Romagna,,,INPS,Altro,altro,08_2406_rta_08_241015091430_4166---Protocollo_Distrettuale_Contrasto_violenza_Donne2023.stamped.txt,1
Lombardia,Como,Como,INPS Istituto Nazionale della previdenza sociale di Como,Altro,altro,03_2406_rta_03_240925144919_4166---RETEDICOMO-PROTOCOLLOINTERIST.17novembre2023(1).txt,1
Lazio,,,ITALIANA ASSICURAZIONI,Altro,altro,12_2406_rta_12_241008101410_4166---ConvenzioneconUniversitàMERCATORUM.txt,1
Marche,,,Il Faro Società Cooperativa Sociale Onlus,Altro,altro,11_2406_rta_11_240911113235_4166---MacerataProtocollo2019_2022Firmato.txt,1
Lombardia,,,InClaRis - Associazione Italiana per il Benessere e la Sicurezza,Altro,altro,03_2406_rta_03_240923101524_4166---PROTOCOLLO_DI_INTESA_versione_DEFINITIVA2021.stamped.txt,1
Emilia-Romagna,,,Insieme per il lavoro,Altro,altro,08_2406_rta_08_241015091500_4166---Protocollo_autonomia_lavorativa_def.txt,1
Abruzzo,,,International Police Association,Altro,altro,13_2406_rta_13_241122104158_4166---Protocollirete_ortonaelancianoCAVdonn.ÿ.txt | 13_2406_rta_13_241122104842_4166---Protocollodirete_DAFNE.txt,2
Lombardia,Milano,Milano,Intesa Sanpaolo,Altro,altro,01_2406_rta_01_240924140705_4166---LesConvenzionecoprogettazione.txt,1
Emilia-Romagna,Piacenza,Piacenza,Ispettorato territoriale del lavoro di Piacenza,Altro,altro,08_2406_rta_08_241015092005_4166---DG216-2024.txt,1
Lazio,,,Istituto Nazionale per l'assicurazione contro gli infortuni sul lavoro,Altro,altro,12_2406_rta_12_241008103001_4166---16-Convenzioneconl'UniversitàECAMPUS.txt,1
Marche,,,Istituto Prot per Hindus,Altro,altro,11_2406_rta_11_240911113757_4166---All.4ProtocolloReteAntiviolenzasottoscritto18.12.2023.txt,1
Abruzzo,,,Istituto S. Camillo De Lellis,Altro,altro,13_2406_rta_13_241122101453_4166---ProtocollodiRete_AlphaChieti.txt,1
Piemonte,,,Istituto Superiore di Sanita,Altro,altro,01_2406_rta_01_241002150739_4166---DeliberaCostituzioneOsservatorioSaluteDonne.txt,1
Puglia,,,Istituto Superiore di Sanita,Altro,altro,16_lecce_Protocollo Operativo - Procedure integrate per la prevenzione e il contrasto alla violenza contro donne e minori - Copia_Marcato.txt,1
Lombardia,,,Istituto Vittoria Razzetti,Altro,altro,03_2406_rta_03_240923101524_4166---PROTOCOLLO_DI_INTESA_versione_DEFINITIVA2021.stamped.txt,1
Lombardia,,,Istituto delle Suore Poverelle - Istituto Palazzolo,Altro,altro,03_2406_rta_03_240925150245_4166---ProtocolloReteARIAPalazzolo.txt,1
Toscana,,,Istituto di assistenza pubblico privato,Altro,altro,09_SENESE Delibera-n.1196-del-24-10-2022-allegato-a_SENESE_2.txt,1
Veneto,Padova,Padova,"Istituto penale ""Due Palazzi"" di Padova",Altro,altro,05_2406_rta_05_240917141534_4166---protocollodiretefirmato.txt,1
Liguria,,,Istituzioni,Altro,altro,07_2406_rta_07_240916163933_4166---sub_14574431199510849525_Protocollo_LVLS-signed.txt,1
Lombardia,,,LA SORGENTE - Società Cooperativa Sociale Onius,Altro,altro,03_2406_rta_03_240923165401_4166---PROTOCOLLODIrete2020-2023_rev2confirmescan.txt,1
Lazio,,,Liberi Nantes ASD,Altro,altro,12_2406_rta_12_241004092644_4166---5potCAVPAOLALATTESnantes(1).txt,1
Lombardia,Milano,San Vittore Olona,Lions Club di San Vittore Olona,Altro,altro,03_2406_rta_03_240920120751_4166---protocollodiintesa.txt,1
Lazio,,,LoosenArt,Altro,altro,12_2406_rta_12_241009123601_4166---5.accordo.txt,1
Emilia-Romagna,Modena,Modena,MEDIBASE Area Nord - Cooperativa dei Medici di Famiglia dell‘Area Nord della Provincia di Modena,Altro,altro,08_2406_rta_08_241015092024_4166---Protocollooperativo.txt,1
Puglia,,,MEDIHOSPES COOPERATIVA SOCIALE,Altro,altro,16_ex_Convenzione Triggiano.txt,1
Lazio,,,MIUR,Altro,altro,12_2406_rta_12_241003094302_4166---4VerbaleIncontroGiorgieLaGinestra-PROTOCOLLO.txt | 12_2406_rta_12_241008101410_4166---ConvenzioneconUniversitàMERCATORUM.txt,2
Emilia-Romagna,,,MMG,Altro,altro,08_2406_rta_08_241015091430_4166---Protocollo_Distrettuale_Contrasto_violenza_Donne2023.stamped.txt,1
Lazio,Roma,Roma,MUNICIPIO XV di ROMA CAPITALE,Altro,altro,12_2406_rta_12_241003104626_4166---PROTOCOLLODIINTESAMUNICIPIOXV.txt,1
Veneto,,,Magistratura,Altro,altro,06_2406_rta_06_240916164153_4166---protocolloprefettura.txt,1
Toscana,,,Magistratura di Sorveglianza,Altro,altro,09_PISA PREF E PROV.txt,1
Piemonte,,,MePA,Altro,altro,01_2406_rta_01_240909113151_4166---CONVENZIONERIVOLI.txt,1
Emilia-Romagna,,,Medici di Medicina Generale,Altro,altro,08_2406_rta_08_241015091725_4166---Protoc-Prefett-2017.txt,1
Liguria,,,Medici di Medicina generale,Altro,altro,07_2406_rta_07_240916163905_4166---PROTOCOLLOFIRMATO(002).txt,1
Trento,,,Medici di medicina generale,Altro,altro,05_2406_rta_05_240917141534_4166---protocollodiretefirmato.txt,1
Lazio,,,Ministero del Lavoro e della Previdenza sociale,Altro,altro,12_2406_rta_12_241008102339_4166---15-ConvenzionePreepost-Laureauniversitàdell'AQUILA.txt,1
Lombardia,,,Ministero del Lavoro e delle Politiche Sociali,Altro,altro,03_2406_rta_03_240918153252_4166---Protocollo+Appendice+LineeGuida_Datatodafirmare.txt,1
Piemonte,,,Ministero del Lavoro e delle Politiche Sociali,Altro,altro,01_2406_rta_01_241018142804_4166---ConvenzioneASL-Prontosoccorsoceva.txt,1
Lazio,,,Ministero del lavoro e delle politiche sociali,Altro,altro,12_2406_rta_12_241004112805_4166---protocollod'intesa.txt,1
Emilia-Romagna,,,Ministero dell'Interno,Altro,altro,08_2406_rta_08_241015091355_4166---PROTOCOLLO_CONTRO_VIOLENZA_firmato2023.txt,1
Lazio,,,Ministero dell'Interno,Altro,altro,12_2406_rta_12_241004145108_4166---07-ProtocolloCONilComunediVILLASANTOSTEFANO.txt | 12_2406_rta_12_241004145702_4166---08-ProtocolloComunediFalvaterra.txt | 12_2406_rta_12_241007235530_4166---ProtocolloconilComunediPastena.txt,3
Trento,,,Ministero dell'Interno,Altro,altro,05_2406_rta_05_240919114041_4166---protocollounicorevisionato2024.txt | 05_2406_rta_05_240919122126_4166---PROTOCOLLOULSS8BERICA.txt,2
Lazio,,,Ministero dell'Interno - Dipartimento di Pubblica Sicurezza - Direzione Centrale Anticrimine,Altro,altro,12_2406_rta_12_240927093424_4166---ProtVMunMerlin.txt | 12_2406_rta_12_241003111748_4166---ACCORDOMUNICIPIOROMAVeDIPPARIOPPROMACAPITALE_DD.txt,2
Lombardia,,,Ministero dell'Istruzione,Altro,altro,03_2406_rta_03_240918153240_4166---Protocollod'intesaperl'IstituzionediunSistemaTerritorialeAntiviolenzainReteconAddendumSindacati.txt,1
Trento,,,Ministero dell'Istruzione,Altro,altro,05_2406_rta_05_240916173648_4166---ULSS5Polesana_Protocollodirete.txt,1
Lazio,,,Ministero dell'Università e della Ricerca (MUR,Altro,altro,12_2406_rta_12_241008101410_4166---ConvenzioneconUniversitàMERCATORUM.txt,1
Lazio,,,Ministero dell'istruzione e del merito,Altro,altro,12_2406_rta_12_240926113409_4166---AccordoICSPietroVanniFormazionePontedonna.txt | 12_2406_rta_12_240926124601_4166---ACCORDOtrlepartiITSETLOIeMarielleFranco(1).txt,2
Lazio,,,Ministero della Giustizia,Altro,altro,12_2406_rta_12_241004135803_4166---03-ConvenzioneTribunaleOrdinariodiFrosinone.txt,1
Puglia,,,Ministero della Giustizia,Altro,altro,16_2406_rta_16_250409174252_4166---Protocollo_Intesa_LARA.txt | 16_brindisi_Protocollo_Intesa_LARA.txt,2
Lazio,,,"Ministero della Giustizia - Dipartimento Giustizia Minorile e di Comunita, Direzione Generale per l'Esecuzione Penale Esterna e di Messa alla Prova",Altro,altro,12_2406_rta_12_241004135803_4166---03-ConvenzioneTribunaleOrdinariodiFrosinone.txt,1
Lazio,,,Ministero della Salute,Altro,altro,12_2406_rta_12_241008101410_4166---ConvenzioneconUniversitàMERCATORUM.txt,1
Piemonte,,,Ministero della Salute,Altro,altro,01_2406_rta_01_241002150739_4166---DeliberaCostituzioneOsservatorioSaluteDonne.txt,1
Puglia,,,Ministero della Salute,Altro,altro,16_lecce_Protocollo Operativo - Procedure integrate per la prevenzione e il contrasto alla violenza contro donne e minori - Copia_Marcato.txt,1
Lazio,,,Ministero dell‘Istruzione,Altro,altro,12_2406_rta_12_240926133706_4166---STAR.txt,1
Lazio,,,Ministro della Giustizia,Altro,altro,12_2406_rta_12_240926115028_4166---ProtICROASLazioePonteDonna.txt,1
Trento,,,Ministro per le Disabilita,Altro,altro,05_2406_rta_05_240919122126_4166---PROTOCOLLOULSS8BERICA.txt,1
Emilia-Romagna,,,Modena Group Stalking,Altro,altro,08_2406_rta_08_241015091655_4166---Aggiornamentointegrazioneprotocollooperativoapprovatonelgiugno2008.txt,1
Toscana,,,Mugello: Codice Rosa,Altro,altro,09_FIRENZE Linee-di-indirizzo2024.txt,1
Lazio,,,Municipio II,Altro,altro,12_2406_rta_12_241003101925_4166---ProtocolloFormazioneObiettivoUomo.txt,1
Lazio,,,Municipio Roma IX,Altro,altro,12_2406_rta_12_241003101925_4166---ProtocolloFormazioneObiettivoUomo.txt,1
Lazio,,,Municipio Roma VIII,Altro,altro,12_2406_rta_12_241009125640_4166---7.accordo.txt,1
Lazio,,,Municipio Roma XIII,Altro,altro,12_2406_rta_12_241009125640_4166---7.accordo.txt,1
Lazio,,,Municipio Roma XIV,Altro,altro,12_2406_rta_12_241009125640_4166---7.accordo.txt,1
Lazio,Roma,Roma,Municipio Roma XV,Altro,altro,12_2406_rta_12_241003105319_4166---PROTOCOLLODIINTES1_2601def-signed-signed.txt,1
Lazio,,,Municipio V,Altro,altro,12_2406_rta_12_241003101925_4166---ProtocolloFormazioneObiettivoUomo.txt,1
Lazio,,,Municipio VII,Altro,altro,12_2406_rta_12_241003101925_4166---ProtocolloFormazioneObiettivoUomo.txt,1
Lazio,,,Municipio VIII,Altro,altro,12_2406_rta_12_241008150836_4166---2.prot.txt | 12_2406_rta_12_241008151247_4166---3.prot.txt | 12_2406_rta_12_241009123601_4166---5.accordo.txt,3
Lazio,,,Municipio XV,Altro,altro,12_2406_rta_12_241008151247_4166---3.prot.txt,1
Lazio,,Rema,NAPTENZAC UN MOVIMENTOR,Altro,altro,12_2406_rta_12_241002111710_4166---6protCAVSAPIENZA-SAPIENZAINMOVIMENTO.txt,1
Abruzzo,,,Nazioni Unite,Altro,altro,13_2406_rta_13_241122102615_4166---PROTOCOLLOD_INTESACOMUNEAQ_donatellatelliniCAV2023.txt | 13_2406_rta_13_241122105540_4166---protocollodirete_vastodonnattiva.txt,2
Piemonte,,,Nazioni Unite,Altro,altro,01_2406_rta_01_241003115621_4166---ProtocolloCISCirie.txt,1
Puglia,,,Nazioni Unite,Altro,altro,16_bari_Protocollo Gioia del Colle_ATS_Rete locale.txt,1
Puglia,,,Neuropsichiatria infantile,Altro,altro,16_2406_rta_16_250407164310_4166---protocollooperativoPutignano_EMI.txt | 16_bari_protocollo operativo Mola di Bari_rete Antiviolenza.txt,2
Piemonte,,,Numero Verde,Altro,altro,01_2406_rta_01_240909103717_4166---PROTOCOLLORETEANTIVIOLENZASVOLTADONNA.txt,1
Piemonte,,,Numero ministeriale 1522,Altro,altro,01_2406_rta_01_240904162242_4166---CONVENZIONETRAASLTO3ESVOLTADONNA.txt,1
Piemonte,,,O.M.S,Altro,altro,01_2406_rta_01_241003115621_4166---ProtocolloCISCirie.txt,1
Abruzzo,,,ONU,Altro,altro,13_2406_rta_13_241122104428_4166---Protocollorete_ortonaCAVconsultoriodiocesano.txt | 13_2406_rta_13_241122105540_4166---protocollodirete_vastodonnattiva.txt,2
Puglia,,,ONU,Altro,altro,16_2406_rta_16_250409174252_4166---Protocollo_Intesa_LARA.txt | 16_bari_Protocollo Gioia del Colle_ATS_Rete locale.txt,2
Puglia,,,ONU (Organizzazione delle Nazioni Unite,Altro,altro,16_brindisi_Protocollo_Intesa_LARA.txt,1
Puglia,Barletta-Andria-Trani,Trani,OdV Gruppo di Volontariato e Protezione Civile dell'Associazione Nazionale Polizia di Stato,Altro,altro,16_2406_rta_16_250409161633_4166---29_prot_n_0090671_2024_PROT_OP-ODVPOLIZIADISTATO-RISCOPRIRSI.txt | 16_bat_29_prot_n_0090671_2024_PROT_OP - ODV POLIZIA DI STATO- RISCOPRIRSI.txt,2
Lombardia,,,Offertasociale,Altro,altro,03_2406_rta_03_240926122051_4166---Protocollomonz.txt,1
Lombardia,,,Onu,Altro,altro,03_2406_rta_03_240926122051_4166---Protocollomonz.txt | 03_2406_rta_03_240926122707_4166---ProtocolloReteAntiviolenzaconfirme.txt,2
Puglia,,,Ordinamento giudiziario,Altro,altro,16_2406_rta_16_250409174252_4166---Protocollo_Intesa_LARA.txt,1
Puglia,,,Organismi del Terzo Settore,Altro,altro,16_2406_rta_16_250410172220_4166---protocollod'intesaCAVGinosasottoscritto.txt,1
Piemonte,,,"Organismi internazionali, quali le Nazioni Unite e O.M.S",Altro,altro,01_2406_rta_01_241003120726_4166---Protocollod'intesaCISSAC-Puntoacapo.txt,1
Abruzzo,,,Organizzazione delle Nazioni Unite (ONU,Altro,altro,13_2406_rta_13_241122115416_4166---PROTOCOLLOPESCARA.txt,1
Lombardia,Bergamo,Bergamo,Osservatori provinciali della Provincia di Bergamo,Altro,altro,03_2406_rta_03_240926114940_4166---ProtocollodiintesaeAllegatoTecnico_SOTTOSCRITTO.txt,1
Lazio,,,Osservatori regionali permanenti sul bullismo,Altro,altro,12_2406_rta_12_241003104626_4166---PROTOCOLLODIINTESAMUNICIPIOXV.txt,1
Piemonte,,,Osservatorio Epidemiologico Regionale,Altro,altro,01_2406_rta_01_241002150739_4166---DeliberaCostituzioneOsservatorioSaluteDonne.txt,1
Marche,Fermo,Fermo,Osservatorio Nazionale Diritto di Famiglia Sezione Territoriale di Fermo,Altro,altro,11_2406_rta_11_240911113757_4166---All.4ProtocolloReteAntiviolenzasottoscritto18.12.2023.txt,1
Friuli-Venezia Giulia,Gorizia,Gorizia,Osservatorio Nazionale sul Diritto di Famiglia - Sezione di Gorizia,Altro,altro,06_2406_rta_06_240916164258_4166---Protocolloviolenzadomesticaedigenere_30.09.2019.txt,1
Puglia,,,Osservatorio Regionale,Altro,altro,16_2406_rta_16_250312162108_4166---protocollooperativoGioiadelColle_EMI.txt | 16_2406_rta_16_250312164250_4166---protocollooperativoGrumo_EMI.txt | 16_2406_rta_16_250409123532_4166---protocollooperativoTriggiano_reteantiviolenza.pdf.txt | 16_bar_protocollo operativo Triggiano_rete antiviolenza.pdf.txt,4
Emilia-Romagna,,,Osservatorio Regionale R.E.R,Altro,altro,08_2406_rta_08_241015091832_4166---P.G.111546-2023PROTOCOLLOOPERATIVOFENOMENOVIOLENZADONNE(1).txt,1
Toscana,,,Osservatorio Sociale Regionale,Altro,altro,09_LIVORNO Protocollo_ RETE ANTIVIOLENZA_ LIVORNO.txt,1
Lazio,,,Osservatorio nazionale sul fenomeno della violenza,Altro,altro,12_2406_rta_12_241003104626_4166---PROTOCOLLODIINTESAMUNICIPIOXV.txt,1
Valle d'Aosta/Vallée d'Aoste,,,Osservatorio regionale per il contrasto alla violenza di genere,Altro,altro,02_2406_rta_02_240904124958_4166---lrn4del25feb2013.txt,1
Lazio,Roma,Roma,Osservatorio sul fenomeno della violenza di genere nel territorio del Municipio Roma V,Altro,altro,12_2406_rta_12_240927093424_4166---ProtVMunMerlin.txt,1
Emilia-Romagna,,,Ostetricia e Ginecologia,Altro,altro,08_2406_rta_08_241015091917_4166---Protocollo2022-2024.txt,1
Emilia-Romagna,,,PLS,Altro,altro,08_2406_rta_08_241015091430_4166---Protocollo_Distrettuale_Contrasto_violenza_Donne2023.stamped.txt,1
Puglia,,,PLS/MMG,Altro,altro,16_2406_rta_16_250312164250_4166---protocollooperativoGrumo_EMI.txt | 16_bari_protocollo operativo Grumo_EMI.txt,2
Lazio,,,PUC Cura del Verde,Altro,altro,12_2406_rta_12_241009125640_4166---7.accordo.txt,1
Lazio,,,PUC Decor-Azion,Altro,altro,12_2406_rta_12_241009125640_4166---7.accordo.txt,1
Lazio,,,PUC Insieme per La Nuova Arca e la Scuola e il Quartiere,Altro,altro,12_2406_rta_12_241009125640_4166---7.accordo.txt,1
Lazio,,,Parco delle Valli,Altro,altro,12_2406_rta_12_241002115125_4166---2protCAVTITANO-AmiciDiConcaD’oro.txt,1
Lombardia,,,Parlamento Europeo,Altro,altro,03_2406_rta_03_240926122051_4166---Protocollomonz.txt | 03_2406_rta_03_240926122707_4166---ProtocolloReteAntiviolenzaconfirme.txt,2
Piemonte,,,Parlamento Europeo,Altro,altro,01_2406_rta_01_241002150739_4166---DeliberaCostituzioneOsservatorioSaluteDonne.txt,1
Lombardia,Milano,Cassano d'Adda,Parrocchia di San Zeno,Altro,altro,03_2406_rta_03_240923113114_4166---ProtocolloReteAddaMartesanasottoscritto.txt,1
Emilia-Romagna,,,Pediatri di Libera Scelta,Altro,altro,08_2406_rta_08_241015091725_4166---Protoc-Prefett-2017.txt,1
Liguria,,,Pediatri di Libera Scelta,Altro,altro,07_2406_rta_07_240916163905_4166---PROTOCOLLOFIRMATO(002).txt,1
Puglia,,,Piattaforma Traspare Cuc Unione Comuni Montedoro,Altro,altro,16_ex_Convenzione Gioia del Colle.txt,1
Puglia,,,Presidente del Consiglio dei Ministri,Altro,altro,16_2406_rta_16_250409164629_4166---convenzioneCAV-ASLBT.txt,1
Lombardia,,,Presidente della Commissione Consiliare Pari Opportunita e Diritti Civili,Altro,altro,03_2406_rta_03_240923105244_4166---ProtocolloViolenzaMilanoFirme2023.txt,1
Lombardia,,,Presidenza del Consiglio dei Ministri - Dipartimento delle Pari Opportunita,Altro,altro,03_2406_rta_03_240926122051_4166---Protocollomonz.txt,1
Abruzzo,,,Presidenza del Consiglio dei Ministri- Dipartimento Pari Opportunita,Altro,altro,13_2406_rta_13_241122102615_4166---PROTOCOLLOD_INTESACOMUNEAQ_donatellatelliniCAV2023.txt,1
Puglia,Brindisi,Brindisi,Progetto Giada,Altro,altro,16_2406_rta_16_250409174252_4166---Protocollo_Intesa_LARA.txt,1
Trento,,,Progetto N.a.Ve,Altro,altro,05_2406_rta_05_240918144304_4166---Protocollo_ULSS2-DistrettoTreviso.txt,1
Emilia-Romagna,Modena,Modena,Pronto Intervento Emergenza Minori Provincia di Modena,Altro,altro,08_2406_rta_08_241015092024_4166---Protocollooperativo.txt,1
Puglia,,,Pronto Intervento Sociale (PIS,Altro,altro,16_2406_rta_16_250409164629_4166---convenzioneCAV-ASLBT.txt,1
Piemonte,,,Pronto Intervento Sociale (PrinS,Altro,altro,01_2406_rta_01_241003113501_4166---CCVD1deliberaprotocolloccvd-2024eall1prot.txt,1
Sardegna,,,Provveditorato regionale Amministrazione Penitenziaria della Regione Sardegna,Altro,altro,20_2406_rta_20_250620094616_4166---Delibera52-22del23.12.2024-Allegato1.txt,1
Piemonte,,,Psichiatria,Altro,altro,01_2406_rta_01_240904162242_4166---CONVENZIONETRAASLTO3ESVOLTADONNA.txt,1
Piemonte,,,Psicologia,Altro,altro,01_2406_rta_01_240904162242_4166---CONVENZIONETRAASLTO3ESVOLTADONNA.txt,1
Emilia-Romagna,,,Psicologia Clinica,Altro,altro,08_2406_rta_08_241015091725_4166---Protoc-Prefett-2017.txt,1
Emilia-Romagna,,,Psicologia di Base,Altro,altro,08_2406_rta_08_241015091917_4166---Protocollo2022-2024.txt,1
Valle d'Aosta/Vallée d'Aoste,,,Pubbliche amministrazioni,Altro,altro,02_2406_rta_02_240904124958_4166---lrn4del25feb2013.txt,1
Lombardia,,,Punti di ascolto di Caritas Diocesana,Altro,altro,03_2406_rta_03_240918153156_4166---Protocollo_d'Intesa_Rete_Mantova.prot.txt,1
Lazio,,,ROMA VOLLEY SSD ARL,Altro,altro,12_2406_rta_12_241003114137_4166---PROTOCOLLODIINTESAROMAVOLLEYEDD.txt,1
Lazio,,,RUNTS,Altro,altro,12_2406_rta_12_241004134724_4166---02-ProtocolloconlaProvinciadiFrosinone.txt,1
Piemonte,Vercelli,Vercelli,Referente Nodo Territoriale contro le discriminazioni della Provincia di Vercelli,Altro,altro,01_2406_rta_01_241018142716_4166---protocolloreteVC.txt,1
Trento,,,Regina Mundi,Altro,altro,05_2406_rta_05_240918144304_4166---Protocollo_ULSS2-DistrettoTreviso.txt,1
Puglia,,,Regolamento Regionale n. 4/2007,Altro,altro,16_2406_rta_16_250409174252_4166---Protocollo_Intesa_LARA.txt,1
Puglia,,,Relive,Altro,altro,16_2406_rta_16_250410122122_4166---Protocollo_Viola.txt,1
Emilia-Romagna,,,Rete DO.MINO,Altro,altro,08_2406_rta_08_241015091621_4166---PROTOCOLLO_22.txt,1
Sardegna,,,Rete Dafne Sardegna,Altro,altro,20_2406_rta_20_250620094616_4166---Delibera52-22del23.12.2024-Allegato1.txt,1
Emilia-Romagna,,,Rete IRENE,Altro,altro,08_2406_rta_08_241015091621_4166---PROTOCOLLO_22.txt,1
Calabria,,,Rete RED,Altro,altro,18_2406_rta_18_240926102528_4166---PROTOCOLLOAISM_PICCOLAOPERA_firma.txt,1
Toscana,,,Rete Regionale Codice Rosa,Altro,altro,09_SENESE Delibera-n.1196-del-24-10-2022-allegato-a_SENESE_2.txt,1
Lombardia,,,Rete Regionale Lombarda,Altro,altro,03_2406_rta_03_240926122707_4166---ProtocolloReteAntiviolenzaconfirme.txt,1
Puglia,,,Rete locale di associazioni per la promozione delle Politiche di genere,Altro,altro,16_2406_rta_16_250410170705_4166---protocolloPrefetturaProvinciaTaranto.txt | 16_taranto_protocollo Prefettura ProvinciaTaranto.txt,2
Emilia-Romagna,,,Rete nazionale D.i.R.e,Altro,altro,08_2406_rta_08_241015091917_4166---Protocollo2022-2024.txt,1
Lazio,Roma,Anzio,Riserva Naturale Regionale di Tor Caldara,Altro,altro,12_2406_rta_12_240926123509_4166---2024.1153010-ACCORDOtraAPSPonteDonnaeAPSMammeFuoriCAVMarielleFranco-10-11(1).txt,1
Lazio,,,Risorse Sociali Territoriali,Altro,altro,12_2406_rta_12_241003113235_4166---Accordodifferenzadonna-29.09.2023-signed.txt,1
Lazio,Roma,Roma,Roma Capitale,Altro,altro,12_2406_rta_12_241003104626_4166---PROTOCOLLODIINTESAMUNICIPIOXV.txt,1
Lazio,,,"Roma Capitale - Dipartimento Partecipazione, Comunicazione e Pari Opportunita",Altro,altro,12_2406_rta_12_240927093424_4166---ProtVMunMerlin.txt | 12_2406_rta_12_241003111748_4166---ACCORDOMUNICIPIOROMAVeDIPPARIOPPROMACAPITALE_DD.txt,2
Emilia-Romagna,Ferrara,Ferrara,Rotary Club Ferrara,Altro,altro,08_2406_rta_08_241015091355_4166---PROTOCOLLO_CONTRO_VIOLENZA_firmato2023.txt,1
Abruzzo,Chieti,Lanciano,Rotary Club di Lanciano,Altro,altro,13_2406_rta_13_241122103901_4166---Protocollirete_ortonaelancianoCAVdonn.ÿ.txt | 13_2406_rta_13_241122104158_4166---Protocollirete_ortonaelancianoCAVdonn.ÿ.txt | 13_2406_rta_13_241122104842_4166---Protocollodirete_DAFNE.txt,3
Puglia,,,S.E. l'Arcivescovo,Altro,altro,16_2406_rta_16_250410122122_4166---Protocollo_Viola.txt | 16_foggia_Protocollo_Viola.txt,2
Puglia,,,SERD,Altro,altro,16_2406_rta_16_250407164310_4166---protocollooperativoPutignano_EMI.txt | 16_bari_protocollo operativo Mola di Bari_rete Antiviolenza.txt,2
Toscana,,,SERD,Altro,altro,09_ALTA VALDELSA Protocollo-violenza-valdelsa-2022_ALTA VALDELSA.txt,1
Toscana,,,SMA,Altro,altro,09_ALTA VALDELSA Protocollo-violenza-valdelsa-2022_ALTA VALDELSA.txt,1
Emilia-Romagna,,,SOLARIS s.r.l,Altro,altro,08_2406_rta_08_241015091330_4166---Protocollo_intesa_autonomia_abitativa_donne_vittime_di_violenza_CittMtrBO.txt,1
Toscana,,,SSR,Altro,altro,09_SENESE Delibera-n.1196-del-24-10-2022-allegato-a_SENESE_2.txt,1
Lazio,,,Segreteria Amministrativa Didattica del Dipartimento di Scienze Cliniche Applicate e Biotecnologiche,Altro,altro,12_2406_rta_12_241008102339_4166---15-ConvenzionePreepost-Laureauniversitàdell'AQUILA.txt,1
Lazio,,,Segreteria Studenti,Altro,altro,12_2406_rta_12_241008102339_4166---15-ConvenzionePreepost-Laureauniversitàdell'AQUILA.txt,1
Liguria,Genova,Chiavari,Segreteria Tecnica del DSS 15 (Comune di Chiavari,Altro,altro,07_2406_rta_07_240916163905_4166---PROTOCOLLOFIRMATO(002).txt,1
Lazio,,,Servizi coinvolti nel trattamento della violenza alle donne ed ai minorenni,Altro,altro,12_2406_rta_12_241002112428_4166---7prot(mancapagina)CAVSAPIENZA-UNIVERSITàPOPOLAREVITAATIVA.txt,1
Emilia-Romagna,,,Servizi del Comune di Residenza,Altro,altro,08_2406_rta_08_241015091917_4166---Protocollo2022-2024.txt,1
Lombardia,,,Servizi di Tutela Minori degli Ambiti,Altro,altro,03_2406_rta_03_240920124656_4166---ProtocolloantiviolenzaDEFINITIVO(1).txt,1
Piemonte,,,Servizi per la salute mentale,Altro,altro,01_2406_rta_01_240904162242_4166---CONVENZIONETRAASLTO3ESVOLTADONNA.txt,1
Piemonte,,,Servizi per le dipendenze patologiche,Altro,altro,01_2406_rta_01_240904162242_4166---CONVENZIONETRAASLTO3ESVOLTADONNA.txt,1
Veneto,,,Servizi pubblici di assistenza alloggiativa,Altro,altro,06_2406_rta_06_240916164122_4166---prot_n_0119980_2024_Accordo(firmato).txt,1
Piemonte,,,Servizi specialistici sulle malattie sessualmente trasmesse,Altro,altro,01_2406_rta_01_241002150739_4166---DeliberaCostituzioneOsservatorioSaluteDonne.txt,1
Puglia,,,Servizi territoriali,Altro,altro,16_ex_Convenzione Mola di Bari.txt,1
Lombardia,,,Servizio Collocamento Disabili e Fasce Deboli,Altro,altro,03_2406_rta_03_240918153240_4166---Protocollod'intesaperl'IstituzionediunSistemaTerritorialeAntiviolenzainReteconAddendumSindacati.txt,1
Lazio,,,Servizio Cultura,Altro,altro,12_2406_rta_12_241003110309_4166---ProtocollodiIntesaMunicipio1eDD.txt,1
Lombardia,,,Servizio Disagio Donne della Caritas,Altro,altro,03_2406_rta_03_240920120751_4166---protocollodiintesa.txt,1
Lombardia,,,Servizio Educativo al Lavoro gestito dalla Comunite Montana Valsassina Valvarrone Val d'Esino e Riviera,Altro,altro,03_2406_rta_03_240918153240_4166---Protocollod'intesaperl'IstituzionediunSistemaTerritorialeAntiviolenzainReteconAddendumSindacati.txt,1
Piemonte,,,Servizio Giovani e Pari Opportunita,Altro,altro,01_2406_rta_01_241002150739_4166---DeliberaCostituzioneOsservatorioSaluteDonne.txt,1
Valle d'Aosta/Vallée d'Aoste,,,Servizio Migranti (ex CCIE,Altro,altro,02_2406_rta_02_240904124958_4166---lrn4del25feb2013.txt,1
Piemonte,,,Servizio Nodo Provinciale Antidiscriminazioni,Altro,altro,01_2406_rta_01_241003124847_4166---2024-8928-2perinvio.txt,1
Lombardia,,,Servizio Politiche del lavoro per i disabili,Altro,altro,03_2406_rta_03_240918153252_4166---Protocollo+Appendice+LineeGuida_Datatodafirmare.txt,1
Emilia-Romagna,,,"Servizio Sociale Minori, Famiglie, Giovani - Unione Comuni Area Nord",Altro,altro,08_2406_rta_08_241015092024_4166---Protocollooperativo.txt,1
Piemonte,Torino,Grugliasco,Servizio Sovrazionale di Epidemiologia di Grugliasco (ASL TO3,Altro,altro,01_2406_rta_01_240904162242_4166---CONVENZIONETRAASLTO3ESVOLTADONNA.txt,1
Emilia-Romagna,,,Servizio Tutela Minori dell'Unione,Altro,altro,08_2406_rta_08_241015092024_4166---Protocollooperativo.txt,1
Piemonte,Torino,Torino,Servizio competente in materia di Pari Opportunita della Città di Torino,Altro,altro,01_2406_rta_01_241003113501_4166---CCVD1deliberaprotocolloccvd-2024eall1prot.txt,1
Emilia-Romagna,Modena,Modena,Servizio di Pronto Intervento Emergenza Minori della Provincia di Modena,Altro,altro,08_2406_rta_08_241015092024_4166---Protocollooperativo.txt,1
Puglia,,,Servizio di Pronto Intervento Sociale (PIS,Altro,altro,16_ex_Convenzione Mola di Bari.txt,1
Lazio,,,Servizio di Sostegno piscologico ai nuclei familiari,Altro,altro,12_2406_rta_12_241003101925_4166---ProtocolloFormazioneObiettivoUomo.txt,1
Piemonte,,,Servizio di prevenzione e sicurezza in ambiente di lavoro,Altro,altro,01_2406_rta_01_241002150739_4166---DeliberaCostituzioneOsservatorioSaluteDonne.txt,1
Lombardia,Cremona,Cremona,Settore Lavoro e Formazione Provincia di Cremona,Altro,altro,03_2406_rta_03_240918153252_4166---Protocollo+Appendice+LineeGuida_Datatodafirmare.txt,1
Abruzzo,L'Aquila,L'Aquila,Settore Orientamento Tutorato e Placement dell'Università degli Studi di L'Aquila,Altro,altro,12_2406_rta_12_241008102339_4166---15-ConvenzionePreepost-Laureauniversitàdell'AQUILA.txt,1
Calabria,,,Settore Politiche Sociali,Altro,altro,18_2406_rta_18_240926102943_4166---schemaAccordoCollaborazione499ARIEL_signed.txt,1
Lombardia,,,Sistema Bibliotecario Brescia Est,Altro,altro,03_2406_rta_03_240923165401_4166---PROTOCOLLODIrete2020-2023_rev2confirmescan.txt,1
Lombardia,,,Sistema Bibliotecario Brescia Nord Est,Altro,altro,03_2406_rta_03_240923165401_4166---PROTOCOLLODIrete2020-2023_rev2confirmescan.txt,1
Lazio,,,Società interinali,Altro,altro,12_2406_rta_12_241003095202_4166---8ProtocolloUIL.txt,1
Lombardia,Brescia,Brescia,Soroptimist Club Brescia,Altro,altro,03_2406_rta_03_240923101524_4166---PROTOCOLLO_DI_INTESA_versione_DEFINITIVA2021.stamped.txt,1
Veneto,Treviso,Treviso,Soroptimist Club Treviso,Altro,altro,05_2406_rta_05_240918144304_4166---Protocollo_ULSS2-DistrettoTreviso.txt,1
Lombardia,Sondrio,Chiavenna,Soroptimist International Club di Chiavenna,Altro,altro,03_2406_rta_03_240923102947_4166---ProtSOTTOSCRITTO_ReteAntiviolenzaPiuIntegrazioneAprile2024(1).txt,1
Lombardia,Lecco,Lecco,Soroptimist International Club di Lecco,Altro,altro,03_2406_rta_03_240918153240_4166---Protocollod'intesaperl'IstituzionediunSistemaTerritorialeAntiviolenzainReteconAddendumSindacati.txt,1
Marche,Macerata,Macerata,Soroptimist International Club di Macerata,Altro,altro,11_2406_rta_11_240911113235_4166---MacerataProtocollo2019_2022Firmato.txt,1
Lombardia,Lecco,Merate,Soroptimist International Club di Merate,Altro,altro,03_2406_rta_03_240918153240_4166---Protocollod'intesaperl'IstituzionediunSistemaTerritorialeAntiviolenzainReteconAddendumSindacati.txt,1
Lombardia,Sondrio,Sondrio,Soroptimist International Club di Sondrio,Altro,altro,03_2406_rta_03_240923102947_4166---ProtSOTTOSCRITTO_ReteAntiviolenzaPiuIntegrazioneAprile2024(1).txt,1
Lombardia,Como,Como,Soroptimist International d'Italia Club di Como,Altro,altro,03_2406_rta_03_240925144919_4166---RETEDICOMO-PROTOCOLLOINTERIST.17novembre2023(1).txt,1
Lazio,,,Spazio educativo Linkiostro,Altro,altro,12_2406_rta_12_241009125640_4166---7.accordo.txt,1
Lazio,,,Spazio educativo Myo,Altro,altro,12_2406_rta_12_241009125640_4166---7.accordo.txt,1
Lazio,,,Spazio famiglie e minori,Altro,altro,12_2406_rta_12_241002130504_4166---3Protocollid'intesa-TavoloInteristituzionaletraUfficiGiudiziaricompetentinelcircondariodiRomaavvocaturaecentriantiviolenza(1).txt,1
Lazio,,,Spazio famiglie e minori istituito presso la Prima Sezione Civile del TO,Altro,altro,12_2406_rta_12_241003115345_4166---1.PROTOCOLLOTAVOLOINTERISTITUZIONALE.txt | 12_2406_rta_12_241003121816_4166---Copiadi1.PROTOCOLLOTAVOLOINTERISTITUZIONALE.txt,2
Emilia-Romagna,,,Sportelli PUA Unione Terre e Fiumi,Altro,altro,08_2406_rta_08_241015091430_4166---Protocollo_Distrettuale_Contrasto_violenza_Donne2023.stamped.txt,1
Emilia-Romagna,,,Sportello presso sede Ordine degli Avvocati,Altro,altro,08_2406_rta_08_241015091655_4166---Aggiornamentointegrazioneprotocollooperativoapprovatonelgiugno2008.txt,1
Lazio,,,Stato,Altro,altro,12_2406_rta_12_241003104626_4166---PROTOCOLLODIINTESAMUNICIPIOXV.txt | 12_2406_rta_12_241004135803_4166---03-ConvenzioneTribunaleOrdinariodiFrosinone.txt | 12_2406_rta_12_241008103001_4166---16-Convenzioneconl'UniversitàECAMPUS.txt,3
Lombardia,,,Stato,Altro,altro,03_2406_rta_03_240926122051_4166---Protocollomonz.txt,1
Lazio,,,Stato Italiano,Altro,altro,12_2406_rta_12_241001133138_4166---1protCAVSAPIENZA-COMITATODIQUARTIERESANLORENZO(1).txt | 12_2406_rta_12_241004094402_4166---7ProtCAVPAOLALATTESAPSedIlComitatodiQuartiere“ComprensorioPratolungo(1).txt | 12_2406_rta_12_241004103912_4166---9protCAVPAOLALATTESComitatodiQuartiereTorraccia(1).txt,3
Piemonte,,,Struttura Complessa Neuropsichiatria Infantile ASL BI,Altro,altro,01_2406_rta_01_240904121349_4166---convenzione.txt,1
Piemonte,,,Struttura di Ginecologia e Ostetricia,Altro,altro,01_2406_rta_01_240904162242_4166---CONVENZIONETRAASLTO3ESVOLTADONNA.txt,1
Valle d'Aosta/Vallée d'Aoste,,,Struttura regionale competente in materia di politiche familiari e sociali,Altro,altro,02_2406_rta_02_240904124958_4166---lrn4del25feb2013.txt,1
Trento,,,Strutture di Ospitalita del territorio,Altro,altro,05_2406_rta_05_240917141534_4166---protocollodiretefirmato.txt,1
Puglia,,,Strutture di Pronta Accoglienza,Altro,altro,16_2406_rta_16_250312162108_4166---protocollooperativoGioiadelColle_EMI.txt | 16_2406_rta_16_250312164250_4166---protocollooperativoGrumo_EMI.txt,2
Lombardia,,,Suore Poverelle - Istituto Palazzolo,Altro,altro,03_2406_rta_03_240923101524_4166---PROTOCOLLO_DI_INTESA_versione_DEFINITIVA2021.stamped.txt,1
Lazio,,,TSMREE,Altro,altro,12_2406_rta_12_241003120714_4166---ASLROMA5_.txt,1
Lombardia,,,Tavoli Tecnici,Altro,altro,03_2406_rta_03_240923163715_4166---PROTOCOLLOD'INTESA2017_2020.txt,1
Lazio,,,Tavolo Interistituzionale,Altro,altro,12_2406_rta_12_240926113237_4166---Accordocavunuiversitari.txt,1
Emilia-Romagna,,,Tavolo Interistituzionale di contrasto alla violenza alle donne,Altro,altro,08_2406_rta_08_241015091655_4166---Aggiornamentointegrazioneprotocollooperativoapprovatonelgiugno2008.txt,1
Piemonte,,,Tavolo della Città Metropolitana di Torino per la Promozione del Cambiamento degli Autori di Violenza di Genere,Altro,altro,01_2406_rta_01_241003113501_4166---CCVD1deliberaprotocolloccvd-2024eall1prot.txt,1
Liguria,,,"Tavolo di Coordinamento del sistema degli interventi per il contrasto, il trattamento della violenza maschile contro le donne e il loro reinserimento socio-lavorativo",Altro,altro,07_2406_rta_07_240916163905_4166---PROTOCOLLOFIRMATO(002).txt,1
Lombardia,,,Tavolo di lavoro della Rete Territoriale Interistituzionale,Altro,altro,03_2406_rta_03_240926123135_4166---ProtocollodiRete.txt,1
Emilia-Romagna,,,Tavolo tecnico,Altro,altro,08_2406_rta_08_241015091655_4166---Aggiornamentointegrazioneprotocollooperativoapprovatonelgiugno2008.txt,1
Lombardia,Bergamo,Treviglio,Team Giuridico Sportello Donna di Treviglio,Altro,altro,03_2406_rta_03_240926114940_4166---ProtocollodiintesaeAllegatoTecnico_SOTTOSCRITTO.txt,1
Emilia-Romagna,,,UDI - Unione Donne Italiane,Altro,altro,08_2406_rta_08_241015091500_4166---Protocollo_autonomia_lavorativa_def.txt,1
Trento,,,UEPE (Ufficio Esecuzione Penale Esterna,Altro,altro,05_2406_rta_05_240917141534_4166---protocollodiretefirmato.txt,1
Puglia,,,UEPE (Ufficio Esecuzione Penale Esterna - Ministero della Giustizia,Altro,altro,16_2406_rta_16_250409174252_4166---Protocollo_Intesa_LARA.txt | 16_brindisi_Protocollo_Intesa_LARA.txt,2
Lazio,,,ULEPE,Altro,altro,12_2406_rta_12_241004135803_4166---03-ConvenzioneTribunaleOrdinariodiFrosinone.txt,1
Lazio,,,UNAR,Altro,altro,12_2406_rta_12_241003101925_4166---ProtocolloFormazioneObiettivoUomo.txt,1
Liguria,,,UNHCR,Altro,altro,07_2406_rta_07_240916163933_4166---sub_14574431199510849525_Protocollo_LVLS-signed.txt,1
Lazio,,,UNICEF,Altro,altro,12_2406_rta_12_241004144338_4166---06-ProtocolloComunediVALLECORSA.txt,1
Emilia-Romagna,,,UNIONCASA,Altro,altro,08_2406_rta_08_241015091330_4166---Protocollo_intesa_autonomia_abitativa_donne_vittime_di_violenza_CittMtrBO.txt,1
Piemonte,Novara,Novara,UNIPOL SAI - Novara,Altro,altro,01_2406_rta_01_240924140705_4166---LesConvenzionecoprogettazione.txt,1
Emilia-Romagna,,,UPPI,Altro,altro,08_2406_rta_08_241015091330_4166---Protocollo_intesa_autonomia_abitativa_donne_vittime_di_violenza_CittMtrBO.txt,1
Lazio,,,Udepe,Altro,altro,12_2406_rta_12_241008112319_4166---protocollo25.11.2023.txt,1
Lombardia,,,Uffici di Piano,Altro,altro,03_2406_rta_03_240923163715_4166---PROTOCOLLOD'INTESA2017_2020.txt,1
Liguria,,,Ufficio Asilo Politico,Altro,altro,07_2406_rta_07_240916163933_4166---sub_14574431199510849525_Protocollo_LVLS-signed.txt,1
Emilia-Romagna,,,Ufficio Esecuzione Penale Esterna,Altro,altro,08_2406_rta_08_241015091430_4166---Protocollo_Distrettuale_Contrasto_violenza_Donne2023.stamped.txt,1
Emilia-Romagna,Rimini,Rimini,Ufficio Esecuzione Penale Esterna di Rimini,Altro,altro,08_2406_rta_08_241015091553_4166---Protocollosullaviolenzadigenere_confirme_prot.txt,1
Trento,,,Ufficio Interdistrettuale di Esecuzione Penale Esterna - Dipartimento per la Giustizia Minorile e di Comunita - Ministero della Giustizia,Altro,altro,05_2406_rta_05_240916131522_4166---protocolloaggiornamento2023.txt,1
Sardegna,,,Ufficio Interdistrettuale di Esecuzione Penale Esterna per la Sardegna,Altro,altro,20_2406_rta_20_250620094616_4166---Delibera52-22del23.12.2024-Allegato1.txt,1
Piemonte,,,Ufficio Pari Opportunita,Altro,altro,01_2406_rta_01_240909113151_4166---CONVENZIONERIVOLI.txt,1
Puglia,,,Ufficio Ragioneria,Altro,altro,16_ex_Convenzione Gioia del Colle.txt,1
Lazio,,,Ufficio Regionale preposto,Altro,altro,12_2406_rta_12_241004141331_4166---ConvenzioneconilComunediCECCANO.txt,1
Puglia,,,Ufficio Segreteria,Altro,altro,16_ex_Convenzione Gioia del Colle.txt,1
Basilicata,,,Ufficio Sistemi di Welfare,Altro,altro,17_2406_rta_17_250506142731_4166---Tavolodicoordinamentoemonitoraggio30-01-24.txt | 17_2406_rta_17_250506142746_4166---Tavolodicoordinamentoemonitoraggio30-01-24.txt,2
Piemonte,Torino,Torino,Ufficio competente in materia di Pari Opportunita della Città Metropolitana di Torino,Altro,altro,01_2406_rta_01_241003113501_4166---CCVD1deliberaprotocolloccvd-2024eall1prot.txt,1
Puglia,,,Ufficio del Garante regionale dei diritti del minore,Altro,altro,16_2406_rta_16_250410122122_4166---Protocollo_Viola.txt | 16_foggia_Protocollo_Viola.txt,2
Lombardia,Lecco,Lecco,Ufficio di Coordinamento dei Sindaci del Distretto di Lecco,Altro,altro,03_2406_rta_03_240918153240_4166---Protocollod'intesaperl'IstituzionediunSistemaTerritorialeAntiviolenzainReteconAddendumSindacati.txt,1
Piemonte,,,Ufficio di Esecuzione Penale Esterna,Altro,altro,01_2406_rta_01_240920123646_4166---vercellieos.txt | 01_2406_rta_01_241018142716_4166---protocolloreteVC.txt,2
Puglia,,,Ufficio di Piano,Altro,altro,16_bari_Protocollo Gioia del Colle_ATS_Rete locale.txt | 16_bari_protollo di intesa Putignano_rete antiviolenza.txt | 16_ex_Convenzione Mola di Bari.txt,3
Puglia,Bari,Gioia del Colle,Ufficio di Piano di Gioia del Colle,Altro,altro,16_ex_Convenzione Gioia del Colle.txt,1
Emilia-Romagna,Piacenza,Piacenza,Ufficio di Presidenza della Conferenza Territoriale Sociale e Sanitaria (CTSS) della Provincia di Piacenza,Altro,altro,08_2406_rta_08_241015091917_4166---Protocollo2022-2024.txt,1
Puglia,,,UnipolSai Assicurazioni S.p.A,Altro,altro,16_ex_Convenzione Triggiano.txt,1
Piemonte,,,UnipolSai Assicurazioni spa,Altro,altro,01_2406_rta_01_240924140705_4166---LesConvenzionecoprogettazione.txt,1
Trento,,,Unità Operativa Complessa IAF,Altro,altro,05_2406_rta_05_240918144304_4166---Protocollo_ULSS2-DistrettoTreviso.txt,1
Piemonte,,,Unità di Progetto Supporto al CUG e alla Consigliera di Fiducia,Altro,altro,01_2406_rta_01_240909114524_4166---CONVENZIONEUNITO-SPORTANTIVIOLENZA.txt,1
Veneto,,,Unità di Valutazione Multidisciplinare - UVM,Altro,altro,06_2406_rta_06_240924164454_4166---protocollo_tempo_sospeso.txt,1
Lombardia,,,Univa,Altro,altro,03_2406_rta_03_240923163715_4166---PROTOCOLLOD'INTESA2017_2020.txt,1
Lazio,Roma,ROMA,"Università' POPOLARE VITATTIVA a.p.6,8.d",Altro,altro,12_2406_rta_12_241002112428_4166---7prot(mancapagina)CAVSAPIENZA-UNIVERSITàPOPOLAREVITAATIVA.txt,1
Lazio,,,agenzie per la casa,Altro,altro,12_2406_rta_12_240926134140_4166---Protocollointesa.txt | 12_2406_rta_12_241004114912_4166---ProtocolloRetePrantiviolenzaFrosinone.txt | 12_2406_rta_12_241004130514_4166---PROTOCOLLODIINTESAPERLAPROMOZIONEDISTRATEGIECONDIVISESULFENOMENODELLAVIOLENZADIGENERE(1).txt | 12_2406_rta_12_241004133706_4166---ProtocollodiretePREFETTURAFrosinone(1).txt,4
Piemonte,,,associazioni,Altro,altro,01_2406_rta_01_241002150739_4166---DeliberaCostituzioneOsservatorioSaluteDonne.txt,1
Lazio,,,autonomie locali,Altro,altro,12_2406_rta_12_241003104626_4166---PROTOCOLLODIINTESAMUNICIPIOXV.txt,1
Lazio,,,cabina di regia inter istituzionale,Altro,altro,12_2406_rta_12_241003104626_4166---PROTOCOLLODIINTESAMUNICIPIOXV.txt,1
Calabria,,,casa di modaMaryLu,Altro,altro,18_2406_rta_18_240926102419_4166---protocollodiintesaterritorialeunito.txt,1
Lazio,,,case per la semiautonomia,Altro,altro,12_2406_rta_12_241002122243_4166---2ProtocolloAssociazioneAllianceforAfricanAssistance(002).txt,1
Liguria,,,centri di accoglienza straordinaria predisposto dalle Prefetture,Altro,altro,07_2406_rta_07_240916163933_4166---sub_14574431199510849525_Protocollo_LVLS-signed.txt,1
Lazio,,,centro di risorse PROXIMA,Altro,altro,12_2406_rta_12_241009125640_4166---7.accordo.txt,1
Lazio,,,coop. agricola sociale integrate G. Garibaldi,Altro,altro,12_2406_rta_12_241009125640_4166---7.accordo.txt,1
Piemonte,,,coordinamenti,Altro,altro,01_2406_rta_01_241002150739_4166---DeliberaCostituzioneOsservatorioSaluteDonne.txt,1
Piemonte,,,"gli Enti pubblici, le Associazioni, le Fondazioni, le Cooperative e le altre Istituzioni di carattere privato sottoscrittori/sottoscrittrici del presente Protocollo",Altro,altro,01_2406_rta_01_241003113501_4166---CCVD1deliberaprotocolloccvd-2024eall1prot.txt,1
Valle d'Aosta/Vallée d'Aoste,,,istituzioni pubbliche e private,Altro,altro,02_2406_rta_02_240904124958_4166---lrn4del25feb2013.txt,1
Liguria,,,la rete D.iRe,Altro,altro,07_2406_rta_07_240916163933_4166---sub_14574431199510849525_Protocollo_LVLS-signed.txt,1
Puglia,,,medihospes,Altro,altro,16_bar_protocollo operativo Triggiano_rete antiviolenza.pdf.txt,1
Piemonte,,,numero nazionale 1522,Altro,altro,01_2406_rta_01_241003113501_4166---CCVD1deliberaprotocolloccvd-2024eall1prot.txt,1
Piemonte,,,organizzazioni di base e di cura,Altro,altro,01_2406_rta_01_241002150739_4166---DeliberaCostituzioneOsservatorioSaluteDonne.txt,1
Piemonte,,,organizzazioni femminili e/o impegnate nella promozione e nella tutela della salute della donna,Altro,altro,01_2406_rta_01_241002150739_4166---DeliberaCostituzioneOsservatorioSaluteDonne.txt,1
Lazio,,,parrocchie,Altro,altro,12_2406_rta_12_241004092644_4166---5potCAVPAOLALATTESnantes(1).txt,1
Lazio,,,progetto Artemis,Altro,altro,12_2406_rta_12_241004133706_4166---ProtocollodiretePREFETTURAFrosinone(1).txt,1
Valle d'Aosta/Vallée d'Aoste,,,struttura regionale competente,Altro,altro,02_2406_rta_02_240904124958_4166---lrn4del25feb2013.txt,1
Emilia-Romagna,Bologna,Bologna,Conferenza Territoriale Sociale e Sanitaria Metropolitana di Bologna (CTSSM,Altro,altro,08_2406_rta_08_241015091310_4166---Accordo_Contrasto_alla_violenza_CittMtrBO.txt,1
Lombardia,,,A.S.S.E.M.1. - Azienda Sociale Sud Est Milano,"Ambiti della programmazione sociale e socio-sanitaria (Ambiti Sociali, Piani di Zona, Distretti socio-sanitari, Società della Salute)",Territorio,03_2406_rta_03_240920093134_4166---Protocollo_Intesa_Rete_Antiviolenza_SudEstMilano_Paullese_2021-2023.txt,1
Lombardia,Monza e della Brianza,Carate Brianza,AMBITO TERRITORIALE DI CARATE BRIANZA,"Ambiti della programmazione sociale e socio-sanitaria (Ambiti Sociali, Piani di Zona, Distretti socio-sanitari, Società della Salute)",Territorio,03_2406_rta_03_240926122051_4166---Protocollomonz.txt,1
Lombardia,Monza e della Brianza,Desio,AMBITO TERRITORIALE DI DESIO,"Ambiti della programmazione sociale e socio-sanitaria (Ambiti Sociali, Piani di Zona, Distretti socio-sanitari, Società della Salute)",Territorio,03_2406_rta_03_240926122051_4166---Protocollomonz.txt,1
Lombardia,Monza e della Brianza,Seregno,AMBITO TERRITORIALE DI SEREGNO,"Ambiti della programmazione sociale e socio-sanitaria (Ambiti Sociali, Piani di Zona, Distretti socio-sanitari, Società della Salute)",Territorio,03_2406_rta_03_240926122051_4166---Protocollomonz.txt,1
Puglia,Bari,Triggiano,AMBITO TERRITORIALE DI TRIGGIANO,"Ambiti della programmazione sociale e socio-sanitaria (Ambiti Sociali, Piani di Zona, Distretti socio-sanitari, Società della Salute)",Territorio,16_bar_protocollo operativo Triggiano_rete antiviolenza.pdf.txt,1
Lombardia,Monza e della Brianza,Vimercate,AMBITO TERRITORIALE DI VIMERCATE,"Ambiti della programmazione sociale e socio-sanitaria (Ambiti Sociali, Piani di Zona, Distretti socio-sanitari, Società della Salute)",Territorio,03_2406_rta_03_240926122051_4166---Protocollomonz.txt,1
Puglia,,,AMBITO TERRITORIALE N. 5 TRIGGIANO,"Ambiti della programmazione sociale e socio-sanitaria (Ambiti Sociali, Piani di Zona, Distretti socio-sanitari, Società della Salute)",Territorio,16_2406_rta_16_250409123532_4166---protocollooperativoTriggiano_reteantiviolenza.pdf.txt,1
Puglia,,,AMBITO TERRITORIALE SOCIALE N. 11,"Ambiti della programmazione sociale e socio-sanitaria (Ambiti Sociali, Piani di Zona, Distretti socio-sanitari, Società della Salute)",Territorio,16_ex_Convenzione Mola di Bari.txt,1
Marche,Ancona,Fabriano,ATS 10 Fabriano,"Ambiti della programmazione sociale e socio-sanitaria (Ambiti Sociali, Piani di Zona, Distretti socio-sanitari, Società della Salute)",Territorio,11_2406_rta_11_240911113105_4166---PROTOCOLLO_OPERATIVO2024_CONINDIRIZZARIO_FIRMATO.txt,1
Marche,Ancona,Ancona,ATS 11 Ancona,"Ambiti della programmazione sociale e socio-sanitaria (Ambiti Sociali, Piani di Zona, Distretti socio-sanitari, Società della Salute)",Territorio,11_2406_rta_11_240911113105_4166---PROTOCOLLO_OPERATIVO2024_CONINDIRIZZARIO_FIRMATO.txt,1
Marche,Ancona,Falconara Marittima,ATS 12 Falconara Marittima,"Ambiti della programmazione sociale e socio-sanitaria (Ambiti Sociali, Piani di Zona, Distretti socio-sanitari, Società della Salute)",Territorio,11_2406_rta_11_240911113105_4166---PROTOCOLLO_OPERATIVO2024_CONINDIRIZZARIO_FIRMATO.txt,1
Marche,Ancona,Osimo,ATS 13 Osimo,"Ambiti della programmazione sociale e socio-sanitaria (Ambiti Sociali, Piani di Zona, Distretti socio-sanitari, Società della Salute)",Territorio,11_2406_rta_11_240911113105_4166---PROTOCOLLO_OPERATIVO2024_CONINDIRIZZARIO_FIRMATO.txt,1
Marche,Ancona,Senigallia,ATS 8 Senigallia,"Ambiti della programmazione sociale e socio-sanitaria (Ambiti Sociali, Piani di Zona, Distretti socio-sanitari, Società della Salute)",Territorio,11_2406_rta_11_240911113105_4166---PROTOCOLLO_OPERATIVO2024_CONINDIRIZZARIO_FIRMATO.txt,1
Marche,Ancona,Jesi,ATS 9 Jesi,"Ambiti della programmazione sociale e socio-sanitaria (Ambiti Sociali, Piani di Zona, Distretti socio-sanitari, Società della Salute)",Territorio,11_2406_rta_11_240911113105_4166---PROTOCOLLO_OPERATIVO2024_CONINDIRIZZARIO_FIRMATO.txt,1
Liguria,,,ATS di riferimento per residenza,"Ambiti della programmazione sociale e socio-sanitaria (Ambiti Sociali, Piani di Zona, Distretti socio-sanitari, Società della Salute)",Territorio,07_2406_rta_07_240916163905_4166---PROTOCOLLOFIRMATO(002).txt,1
Puglia,,,Ambiti Sociali Territoriali,"Ambiti della programmazione sociale e socio-sanitaria (Ambiti Sociali, Piani di Zona, Distretti socio-sanitari, Società della Salute)",Territorio,16_2406_rta_16_250411124608_4166---Prot_CGIL-CISL-CONFINDUSTRIA_CAV.txt | 16_terreg_Prot_CGIL - CISL - CONFINDUSTRIA_CAV.txt,2
Lombardia,,,Ambiti Territoriali,"Ambiti della programmazione sociale e socio-sanitaria (Ambiti Sociali, Piani di Zona, Distretti socio-sanitari, Società della Salute)",Territorio,03_2406_rta_03_240920120751_4166---protocollodiintesa.txt,1
Lombardia,,,Ambiti Territoriali Sociali,"Ambiti della programmazione sociale e socio-sanitaria (Ambiti Sociali, Piani di Zona, Distretti socio-sanitari, Società della Salute)",Territorio,"03_2406_rta_03_240923164603_4166---ProtocolloreteantiviolenzaBusto,Gallarate,Saronno,SommaLombardo-2024.txt",1
Puglia,,,Ambiti Territoriali Sociali della Provincia,"Ambiti della programmazione sociale e socio-sanitaria (Ambiti Sociali, Piani di Zona, Distretti socio-sanitari, Società della Salute)",Territorio,16_lecce_Protocollo Operativo - Procedure integrate per la prevenzione e il contrasto alla violenza contro donne e minori - Copia_Marcato.txt,1
Marche,Ancona,Ancona,Ambiti Territoriali Sociali della Provincia di Ancona,"Ambiti della programmazione sociale e socio-sanitaria (Ambiti Sociali, Piani di Zona, Distretti socio-sanitari, Società della Salute)",Territorio,11_2406_rta_11_240911113105_4166---PROTOCOLLO_OPERATIVO2024_CONINDIRIZZARIO_FIRMATO.txt,1
Puglia,Brindisi,Brindisi,Ambiti Territoriali Sociali di Zona della Provincia di Brindisi,"Ambiti della programmazione sociale e socio-sanitaria (Ambiti Sociali, Piani di Zona, Distretti socio-sanitari, Società della Salute)",Territorio,16_2406_rta_16_250409174252_4166---Protocollo_Intesa_LARA.txt | 16_brindisi_Protocollo_Intesa_LARA.txt,2
Lazio,Rieti,Rieti,Ambiti Territoriali della Provincia di Rieti,"Ambiti della programmazione sociale e socio-sanitaria (Ambiti Sociali, Piani di Zona, Distretti socio-sanitari, Società della Salute)",Territorio,12_2406_rta_12_241001130527_4166---protocollocontrolaviolenzadigenere.pdfpdf.txt,1
Puglia,,,Ambiti Territoriali di Andria e Canosa-Minervino-Spinazzola,"Ambiti della programmazione sociale e socio-sanitaria (Ambiti Sociali, Piani di Zona, Distretti socio-sanitari, Società della Salute)",Territorio,16_2406_rta_16_250409164629_4166---convenzioneCAV-ASLBT.txt,1
Puglia,,,"Ambiti Territoriali di Barletta e Margherita, San Ferdinando, Trinitapoli","Ambiti della programmazione sociale e socio-sanitaria (Ambiti Sociali, Piani di Zona, Distretti socio-sanitari, Società della Salute)",Territorio,16_2406_rta_16_250409164629_4166---convenzioneCAV-ASLBT.txt,1
Lombardia,Milano,Abbiategrasso,Ambiti distrettuali di Abbiategrasso,"Ambiti della programmazione sociale e socio-sanitaria (Ambiti Sociali, Piani di Zona, Distretti socio-sanitari, Società della Salute)",Territorio,03_2406_rta_03_240920120751_4166---protocollodiintesa.txt,1
Lombardia,Milano,Castano Primo,Ambiti distrettuali di Castano Primo,"Ambiti della programmazione sociale e socio-sanitaria (Ambiti Sociali, Piani di Zona, Distretti socio-sanitari, Società della Salute)",Territorio,03_2406_rta_03_240920120751_4166---protocollodiintesa.txt,1
Lombardia,Milano,Legnano,Ambiti distrettuali di Legnano,"Ambiti della programmazione sociale e socio-sanitaria (Ambiti Sociali, Piani di Zona, Distretti socio-sanitari, Società della Salute)",Territorio,03_2406_rta_03_240920120751_4166---protocollodiintesa.txt,1
Lombardia,Milano,Magenta,Ambiti distrettuali di Magenta,"Ambiti della programmazione sociale e socio-sanitaria (Ambiti Sociali, Piani di Zona, Distretti socio-sanitari, Società della Salute)",Territorio,03_2406_rta_03_240920120751_4166---protocollodiintesa.txt,1
Puglia,,,Ambiti territoriali,"Ambiti della programmazione sociale e socio-sanitaria (Ambiti Sociali, Piani di Zona, Distretti socio-sanitari, Società della Salute)",Territorio,16_2406_rta_16_250410170705_4166---protocolloPrefetturaProvinciaTaranto.txt | 16_taranto_protocollo Prefettura ProvinciaTaranto.txt,2
Veneto,,,Ambito Carso Giuliano,"Ambiti della programmazione sociale e socio-sanitaria (Ambiti Sociali, Piani di Zona, Distretti socio-sanitari, Società della Salute)",Territorio,06_2406_rta_06_240924164454_4166---protocollo_tempo_sospeso.txt,1
Lombardia,Milano,Pioltello,Ambito Distretto 3 Est Milano Pioltello,"Ambiti della programmazione sociale e socio-sanitaria (Ambiti Sociali, Piani di Zona, Distretti socio-sanitari, Società della Salute)",Territorio,03_2406_rta_03_240923113114_4166---ProtocolloReteAddaMartesanasottoscritto.txt,1
Lombardia,Milano,Cernusco sul Naviglio,Ambito Distretto 4 Cernusco sul Naviglio,"Ambiti della programmazione sociale e socio-sanitaria (Ambiti Sociali, Piani di Zona, Distretti socio-sanitari, Società della Salute)",Territorio,03_2406_rta_03_240923113114_4166---ProtocolloReteAddaMartesanasottoscritto.txt,1
Lombardia,Milano,Melzo,Ambito Distretto 5 Melzo,"Ambiti della programmazione sociale e socio-sanitaria (Ambiti Sociali, Piani di Zona, Distretti socio-sanitari, Società della Salute)",Territorio,03_2406_rta_03_240923113114_4166---ProtocolloReteAddaMartesanasottoscritto.txt,1
Lombardia,Milano,Trezzo sull'Adda,Ambito Distretto 8 Trezzo sull'Adda,"Ambiti della programmazione sociale e socio-sanitaria (Ambiti Sociali, Piani di Zona, Distretti socio-sanitari, Società della Salute)",Territorio,03_2406_rta_03_240923113114_4166---ProtocolloReteAddaMartesanasottoscritto.txt,1
Veneto,,,Ambito Distrettuale 6.1,"Ambiti della programmazione sociale e socio-sanitaria (Ambiti Sociali, Piani di Zona, Distretti socio-sanitari, Società della Salute)",Territorio,06_2406_rta_06_240916164102_4166---protocollopordenoneprefettura.txt,1
Veneto,,,Ambito Distrettuale 6.2,"Ambiti della programmazione sociale e socio-sanitaria (Ambiti Sociali, Piani di Zona, Distretti socio-sanitari, Società della Salute)",Territorio,06_2406_rta_06_240916164102_4166---protocollopordenoneprefettura.txt,1
Veneto,,,Ambito Distrettuale 6.3,"Ambiti della programmazione sociale e socio-sanitaria (Ambiti Sociali, Piani di Zona, Distretti socio-sanitari, Società della Salute)",Territorio,06_2406_rta_06_240916164102_4166---protocollopordenoneprefettura.txt,1
Veneto,,,Ambito Distrettuale 6.4,"Ambiti della programmazione sociale e socio-sanitaria (Ambiti Sociali, Piani di Zona, Distretti socio-sanitari, Società della Salute)",Territorio,06_2406_rta_06_240916164102_4166---protocollopordenoneprefettura.txt,1
Lombardia,Varese,Azzate,Ambito Distrettuale Sociale di Azzate,"Ambiti della programmazione sociale e socio-sanitaria (Ambiti Sociali, Piani di Zona, Distretti socio-sanitari, Società della Salute)",Territorio,03_2406_rta_03_240923163715_4166---PROTOCOLLOD'INTESA2017_2020.txt,1
Lombardia,Varese,Luino,Ambito Distrettuale Sociale di Luino,"Ambiti della programmazione sociale e socio-sanitaria (Ambiti Sociali, Piani di Zona, Distretti socio-sanitari, Società della Salute)",Territorio,03_2406_rta_03_240923163715_4166---PROTOCOLLOD'INTESA2017_2020.txt,1
Lombardia,Varese,Sesto Calende,Ambito Distrettuale Sociale di Sesto Calende,"Ambiti della programmazione sociale e socio-sanitaria (Ambiti Sociali, Piani di Zona, Distretti socio-sanitari, Società della Salute)",Territorio,03_2406_rta_03_240923163715_4166---PROTOCOLLOD'INTESA2017_2020.txt,1
Lombardia,Varese,Tradate,Ambito Distrettuale Sociale di Tradate,"Ambiti della programmazione sociale e socio-sanitaria (Ambiti Sociali, Piani di Zona, Distretti socio-sanitari, Società della Salute)",Territorio,03_2406_rta_03_240923163715_4166---PROTOCOLLOD'INTESA2017_2020.txt,1
Lombardia,Varese,Varese,Ambito Distrettuale Sociale di Varese,"Ambiti della programmazione sociale e socio-sanitaria (Ambiti Sociali, Piani di Zona, Distretti socio-sanitari, Società della Salute)",Territorio,03_2406_rta_03_240923163715_4166---PROTOCOLLOD'INTESA2017_2020.txt,1
Abruzzo,,,"Ambito Distrettuale Sociale n. 11 ""Frentano","Ambiti della programmazione sociale e socio-sanitaria (Ambiti Sociali, Piani di Zona, Distretti socio-sanitari, Società della Salute)",Territorio,13_2406_rta_13_241122104842_4166---Protocollodirete_DAFNE.txt,1
Abruzzo,,,"Ambito Distrettuale Sociale n.11 ""Frentano","Ambiti della programmazione sociale e socio-sanitaria (Ambiti Sociali, Piani di Zona, Distretti socio-sanitari, Società della Salute)",Territorio,13_2406_rta_13_241122103901_4166---Protocollirete_ortonaelancianoCAVdonn.ÿ.txt,1
Lombardia,Lecco,Bellano,Ambito Distrettuale di Bellano,"Ambiti della programmazione sociale e socio-sanitaria (Ambiti Sociali, Piani di Zona, Distretti socio-sanitari, Società della Salute)",Territorio,03_2406_rta_03_240918153240_4166---Protocollod'intesaperl'IstituzionediunSistemaTerritorialeAntiviolenzainReteconAddendumSindacati.txt,1
Lombardia,Lecco,Lecco,Ambito Distrettuale di Lecco,"Ambiti della programmazione sociale e socio-sanitaria (Ambiti Sociali, Piani di Zona, Distretti socio-sanitari, Società della Salute)",Territorio,03_2406_rta_03_240918153240_4166---Protocollod'intesaperl'IstituzionediunSistemaTerritorialeAntiviolenzainReteconAddendumSindacati.txt,1
Lombardia,Lecco,Merate,Ambito Distrettuale di Merate,"Ambiti della programmazione sociale e socio-sanitaria (Ambiti Sociali, Piani di Zona, Distretti socio-sanitari, Società della Salute)",Territorio,03_2406_rta_03_240918153240_4166---Protocollod'intesaperl'IstituzionediunSistemaTerritorialeAntiviolenzainReteconAddendumSindacati.txt,1
Sardegna,,,Ambito Plus Ales Terralba,"Ambiti della programmazione sociale e socio-sanitaria (Ambiti Sociali, Piani di Zona, Distretti socio-sanitari, Società della Salute)",Territorio,20_2406_rta_20_250620094616_4166---Delibera52-22del23.12.2024-Allegato1.txt,1
Sardegna,Sassari,Alghero,Ambito Plus Alghero,"Ambiti della programmazione sociale e socio-sanitaria (Ambiti Sociali, Piani di Zona, Distretti socio-sanitari, Società della Salute)",Territorio,20_2406_rta_20_250620094616_4166---Delibera52-22del23.12.2024-Allegato1.txt,1
Sardegna,,,Ambito Plus Anglona Coros Figulinas,"Ambiti della programmazione sociale e socio-sanitaria (Ambiti Sociali, Piani di Zona, Distretti socio-sanitari, Società della Salute)",Territorio,20_2406_rta_20_250620094616_4166---Delibera52-22del23.12.2024-Allegato1.txt,1
Sardegna,,,Ambito Plus Arcipelago del Sulcis,"Ambiti della programmazione sociale e socio-sanitaria (Ambiti Sociali, Piani di Zona, Distretti socio-sanitari, Società della Salute)",Territorio,20_2406_rta_20_250620094616_4166---Delibera52-22del23.12.2024-Allegato1.txt,1
Sardegna,,,Ambito Plus Area Ovest,"Ambiti della programmazione sociale e socio-sanitaria (Ambiti Sociali, Piani di Zona, Distretti socio-sanitari, Società della Salute)",Territorio,20_2406_rta_20_250620094616_4166---Delibera52-22del23.12.2024-Allegato1.txt,1
Sardegna,,,Ambito Plus Cagliari 21,"Ambiti della programmazione sociale e socio-sanitaria (Ambiti Sociali, Piani di Zona, Distretti socio-sanitari, Società della Salute)",Territorio,20_2406_rta_20_250620094616_4166---Delibera52-22del23.12.2024-Allegato1.txt,1
Sardegna,Sulcis Iglesiente,Carbonia,Ambito Plus Carbonia,"Ambiti della programmazione sociale e socio-sanitaria (Ambiti Sociali, Piani di Zona, Distretti socio-sanitari, Società della Salute)",Territorio,20_2406_rta_20_250620094616_4166---Delibera52-22del23.12.2024-Allegato1.txt,1
Sardegna,Cagliari,Cagliari,Ambito Plus Città di Cagliari,"Ambiti della programmazione sociale e socio-sanitaria (Ambiti Sociali, Piani di Zona, Distretti socio-sanitari, Società della Salute)",Territorio,20_2406_rta_20_250620094616_4166---Delibera52-22del23.12.2024-Allegato1.txt,1
Sardegna,Oristano,Ghilarza,Ambito Plus Ghilarza,"Ambiti della programmazione sociale e socio-sanitaria (Ambiti Sociali, Piani di Zona, Distretti socio-sanitari, Società della Salute)",Territorio,20_2406_rta_20_250620094616_4166---Delibera52-22del23.12.2024-Allegato1.txt,1
Sardegna,Medio Campidano,Guspini,Ambito Plus Guspini,"Ambiti della programmazione sociale e socio-sanitaria (Ambiti Sociali, Piani di Zona, Distretti socio-sanitari, Società della Salute)",Territorio,20_2406_rta_20_250620094616_4166---Delibera52-22del23.12.2024-Allegato1.txt,1
Sardegna,Sulcis Iglesiente,Iglesias,Ambito Plus Iglesias,"Ambiti della programmazione sociale e socio-sanitaria (Ambiti Sociali, Piani di Zona, Distretti socio-sanitari, Società della Salute)",Territorio,20_2406_rta_20_250620094616_4166---Delibera52-22del23.12.2024-Allegato1.txt,1
Sardegna,Nuoro,Macomer,Ambito Plus Macomer,"Ambiti della programmazione sociale e socio-sanitaria (Ambiti Sociali, Piani di Zona, Distretti socio-sanitari, Società della Salute)",Territorio,20_2406_rta_20_250620094616_4166---Delibera52-22del23.12.2024-Allegato1.txt,1
Sardegna,Nuoro,Nuoro,Ambito Plus Nuoro,"Ambiti della programmazione sociale e socio-sanitaria (Ambiti Sociali, Piani di Zona, Distretti socio-sanitari, Società della Salute)",Territorio,20_2406_rta_20_250620094616_4166---Delibera52-22del23.12.2024-Allegato1.txt,1
Sardegna,,Ogliastra,Ambito Plus Ogliastra,"Ambiti della programmazione sociale e socio-sanitaria (Ambiti Sociali, Piani di Zona, Distretti socio-sanitari, Società della Salute)",Territorio,20_2406_rta_20_250620094616_4166---Delibera52-22del23.12.2024-Allegato1.txt,1
Sardegna,Gallura Nord-Est Sardegna,Olbia,Ambito Plus Olbia,"Ambiti della programmazione sociale e socio-sanitaria (Ambiti Sociali, Piani di Zona, Distretti socio-sanitari, Società della Salute)",Territorio,20_2406_rta_20_250620094616_4166---Delibera52-22del23.12.2024-Allegato1.txt,1
Sardegna,Oristano,Oristano,Ambito Plus Oristano,"Ambiti della programmazione sociale e socio-sanitaria (Ambiti Sociali, Piani di Zona, Distretti socio-sanitari, Società della Salute)",Territorio,20_2406_rta_20_250620094616_4166---Delibera52-22del23.12.2024-Allegato1.txt,1
Sardegna,Sassari,Ozieri,Ambito Plus Ozieri,"Ambiti della programmazione sociale e socio-sanitaria (Ambiti Sociali, Piani di Zona, Distretti socio-sanitari, Società della Salute)",Territorio,20_2406_rta_20_250620094616_4166---Delibera52-22del23.12.2024-Allegato1.txt,1
Sardegna,,,Ambito Plus Quartu Parteolla,"Ambiti della programmazione sociale e socio-sanitaria (Ambiti Sociali, Piani di Zona, Distretti socio-sanitari, Società della Salute)",Territorio,20_2406_rta_20_250620094616_4166---Delibera52-22del23.12.2024-Allegato1.txt,1
Sardegna,Medio Campidano,Sanluri,Ambito Plus Sanluri,"Ambiti della programmazione sociale e socio-sanitaria (Ambiti Sociali, Piani di Zona, Distretti socio-sanitari, Società della Salute)",Territorio,20_2406_rta_20_250620094616_4166---Delibera52-22del23.12.2024-Allegato1.txt,1
Sardegna,,,Ambito Plus Sarcidano Barbagia,"Ambiti della programmazione sociale e socio-sanitaria (Ambiti Sociali, Piani di Zona, Distretti socio-sanitari, Società della Salute)",Territorio,20_2406_rta_20_250620094616_4166---Delibera52-22del23.12.2024-Allegato1.txt,1
Sardegna,,,Ambito Plus Sarrabus Gerrei,"Ambiti della programmazione sociale e socio-sanitaria (Ambiti Sociali, Piani di Zona, Distretti socio-sanitari, Società della Salute)",Territorio,20_2406_rta_20_250620094616_4166---Delibera52-22del23.12.2024-Allegato1.txt,1
Sardegna,Sassari,Sassari,Ambito Plus Sassari,"Ambiti della programmazione sociale e socio-sanitaria (Ambiti Sociali, Piani di Zona, Distretti socio-sanitari, Società della Salute)",Territorio,20_2406_rta_20_250620094616_4166---Delibera52-22del23.12.2024-Allegato1.txt,1
Sardegna,Nuoro,Siniscola,Ambito Plus Siniscola,"Ambiti della programmazione sociale e socio-sanitaria (Ambiti Sociali, Piani di Zona, Distretti socio-sanitari, Società della Salute)",Territorio,20_2406_rta_20_250620094616_4166---Delibera52-22del23.12.2024-Allegato1.txt,1
Sardegna,Nuoro,Sorgono,Ambito Plus Sorgono,"Ambiti della programmazione sociale e socio-sanitaria (Ambiti Sociali, Piani di Zona, Distretti socio-sanitari, Società della Salute)",Territorio,20_2406_rta_20_250620094616_4166---Delibera52-22del23.12.2024-Allegato1.txt,1
Sardegna,Gallura Nord-Est Sardegna,Tempio Pausania,Ambito Plus Tempio Pausania,"Ambiti della programmazione sociale e socio-sanitaria (Ambiti Sociali, Piani di Zona, Distretti socio-sanitari, Società della Salute)",Territorio,20_2406_rta_20_250620094616_4166---Delibera52-22del23.12.2024-Allegato1.txt,1
Sardegna,,,Ambito Plus Trexenta,"Ambiti della programmazione sociale e socio-sanitaria (Ambiti Sociali, Piani di Zona, Distretti socio-sanitari, Società della Salute)",Territorio,20_2406_rta_20_250620094616_4166---Delibera52-22del23.12.2024-Allegato1.txt,1
Abruzzo,,,Ambito Sociale Distrettuale n. 6 Sangrino,"Ambiti della programmazione sociale e socio-sanitaria (Ambiti Sociali, Piani di Zona, Distretti socio-sanitari, Società della Salute)",Territorio,13_2406_rta_13_241122111153_4166---PROTOCOLLOCASTELDISANGROEASL.txt,1
Abruzzo,,,"Ambito Sociale Distrettuale n.4 ""Peligno","Ambiti della programmazione sociale e socio-sanitaria (Ambiti Sociali, Piani di Zona, Distretti socio-sanitari, Società della Salute)",Territorio,13_2406_rta_13_241122105938_4166---ACCORDOOPERATIVO.txt,1
Abruzzo,,,Ambito Sociale Distrettuale n.4 Peligno,"Ambiti della programmazione sociale e socio-sanitaria (Ambiti Sociali, Piani di Zona, Distretti socio-sanitari, Società della Salute)",Territorio,13_2406_rta_13_241122111153_4166---PROTOCOLLOCASTELDISANGROEASL.txt,1
Puglia,,,Ambito Sociale Territoriale TA/1,"Ambiti della programmazione sociale e socio-sanitaria (Ambiti Sociali, Piani di Zona, Distretti socio-sanitari, Società della Salute)",Territorio,16_ex_Convenzione Ginosa.txt,1
Lombardia,,,Ambito Territoriale Isola Bergamasca e Bassa Val San Martino,"Ambiti della programmazione sociale e socio-sanitaria (Ambiti Sociali, Piani di Zona, Distretti socio-sanitari, Società della Salute)",Territorio,03_2406_rta_03_240924144947_4166---Protocollod'IntesaReteAntiviolenzaIsolaBergamascaeBassaValSanMartino2024.txt,1
Lombardia,,,Ambito Territoriale Sociale Alto Sebino,"Ambiti della programmazione sociale e socio-sanitaria (Ambiti Sociali, Piani di Zona, Distretti socio-sanitari, Società della Salute)",Territorio,03_2406_rta_03_240923114012_4166---23-9-2024ProtocolloReteRita_signed_signed_signedDEF_signed_signed-signed_signed(1).txt,1
Marche,,,Ambito Territoriale Sociale Montana Sibillini,"Ambiti della programmazione sociale e socio-sanitaria (Ambiti Sociali, Piani di Zona, Distretti socio-sanitari, Società della Salute)",Territorio,11_2406_rta_11_240911113757_4166---All.4ProtocolloReteAntiviolenzasottoscritto18.12.2023.txt,1
Marche,Pesaro e Urbino,Urbino,Ambito Territoriale Sociale N. 4 Urbino,"Ambiti della programmazione sociale e socio-sanitaria (Ambiti Sociali, Piani di Zona, Distretti socio-sanitari, Società della Salute)",Territorio,11_2406_rta_11_240911113034_4166---protocollodireteantiviolenza2020-2022-uuvv.txt,1
Marche,Pesaro e Urbino,Carpegna,Ambito Territoriale Sociale N. 5 Carpegna,"Ambiti della programmazione sociale e socio-sanitaria (Ambiti Sociali, Piani di Zona, Distretti socio-sanitari, Società della Salute)",Territorio,11_2406_rta_11_240911113034_4166---protocollodireteantiviolenza2020-2022-uuvv.txt,1
Marche,Pesaro e Urbino,Cagli,Ambito Territoriale Sociale N.3 Cagli,"Ambiti della programmazione sociale e socio-sanitaria (Ambiti Sociali, Piani di Zona, Distretti socio-sanitari, Società della Salute)",Territorio,11_2406_rta_11_240911113034_4166---protocollodireteantiviolenza2020-2022-uuvv.txt,1
Marche,Pesaro e Urbino,Fano,Ambito Territoriale Sociale N.6 Fano,"Ambiti della programmazione sociale e socio-sanitaria (Ambiti Sociali, Piani di Zona, Distretti socio-sanitari, Società della Salute)",Territorio,11_2406_rta_11_240911113034_4166---protocollodireteantiviolenza2020-2022-uuvv.txt,1
Marche,Pesaro e Urbino,Fossombrone,Ambito Territoriale Sociale N.7 Fossombrone,"Ambiti della programmazione sociale e socio-sanitaria (Ambiti Sociali, Piani di Zona, Distretti socio-sanitari, Società della Salute)",Territorio,11_2406_rta_11_240911113034_4166---protocollodireteantiviolenza2020-2022-uuvv.txt,1
Lombardia,,,Ambito Territoriale Sociale Val Seriana Superiore - Val di Scalve,"Ambiti della programmazione sociale e socio-sanitaria (Ambiti Sociali, Piani di Zona, Distretti socio-sanitari, Società della Salute)",Territorio,03_2406_rta_03_240923114012_4166---23-9-2024ProtocolloReteRita_signed_signed_signedDEF_signed_signed-signed_signed(1).txt,1
Lombardia,,,Ambito Territoriale Sociale Valle Brembana,"Ambiti della programmazione sociale e socio-sanitaria (Ambiti Sociali, Piani di Zona, Distretti socio-sanitari, Società della Salute)",Territorio,03_2406_rta_03_240920124656_4166---ProtocolloantiviolenzaDEFINITIVO(1).txt,1
Lombardia,,,Ambito Territoriale Sociale Valle Imagna-Villa d'Alme,"Ambiti della programmazione sociale e socio-sanitaria (Ambiti Sociali, Piani di Zona, Distretti socio-sanitari, Società della Salute)",Territorio,03_2406_rta_03_240920124656_4166---ProtocolloantiviolenzaDEFINITIVO(1).txt,1
Lombardia,,,Ambito Territoriale Sociale Valle Seriana,"Ambiti della programmazione sociale e socio-sanitaria (Ambiti Sociali, Piani di Zona, Distretti socio-sanitari, Società della Salute)",Territorio,03_2406_rta_03_240923114012_4166---23-9-2024ProtocolloReteRita_signed_signed_signedDEF_signed_signed-signed_signed(1).txt,1
Marche,,,Ambito Territoriale Sociale XIX,"Ambiti della programmazione sociale e socio-sanitaria (Ambiti Sociali, Piani di Zona, Distretti socio-sanitari, Società della Salute)",Territorio,11_2406_rta_11_240911113757_4166---All.4ProtocolloReteAntiviolenzasottoscritto18.12.2023.txt,1
Marche,,,Ambito Territoriale Sociale XX,"Ambiti della programmazione sociale e socio-sanitaria (Ambiti Sociali, Piani di Zona, Distretti socio-sanitari, Società della Salute)",Territorio,11_2406_rta_11_240911113757_4166---All.4ProtocolloReteAntiviolenzasottoscritto18.12.2023.txt,1
Marche,,,Ambito Territoriale Sociale XXIV,"Ambiti della programmazione sociale e socio-sanitaria (Ambiti Sociali, Piani di Zona, Distretti socio-sanitari, Società della Salute)",Territorio,11_2406_rta_11_240911113757_4166---All.4ProtocolloReteAntiviolenzasottoscritto18.12.2023.txt,1
Puglia,Bari,Gioia del Colle,Ambito Territoriale Sociale di Gioia del Colle,"Ambiti della programmazione sociale e socio-sanitaria (Ambiti Sociali, Piani di Zona, Distretti socio-sanitari, Società della Salute)",Territorio,16_2406_rta_16_250312162108_4166---protocollooperativoGioiadelColle_EMI.txt | 16_bari_protocollo operativo Gioia del Colle_EMI.txt,2
Puglia,Bari,Bari,"Ambito Territoriale Sociale di Gioia del Colle, Casamassima, Turi e Sammichele di Bari","Ambiti della programmazione sociale e socio-sanitaria (Ambiti Sociali, Piani di Zona, Distretti socio-sanitari, Società della Salute)",Territorio,16_2406_rta_16_250312150114_4166---ProtocolloGioiadelColle_ATS_Retelocale.txt | 16_bari_Protocollo Gioia del Colle_ATS_Rete locale.txt | 16_ex_Convenzione Gioia del Colle.txt,3
Lombardia,Bergamo,Grumello del Monte,Ambito Territoriale Sociale di Grumello del Monte,"Ambiti della programmazione sociale e socio-sanitaria (Ambiti Sociali, Piani di Zona, Distretti socio-sanitari, Società della Salute)",Territorio,03_2406_rta_03_240923114012_4166---23-9-2024ProtocolloReteRita_signed_signed_signedDEF_signed_signed-signed_signed(1).txt,1
Puglia,Bari,Grumo Appula,Ambito Territoriale Sociale di Grumo Appula,"Ambiti della programmazione sociale e socio-sanitaria (Ambiti Sociali, Piani di Zona, Distretti socio-sanitari, Società della Salute)",Territorio,16_2406_rta_16_250312164250_4166---protocollooperativoGrumo_EMI.txt | 16_bari_protocollo operativo Grumo_EMI.txt,2
Lombardia,,,Ambito Territoriale Sociale di Monte Bronzone - Basso Sebino,"Ambiti della programmazione sociale e socio-sanitaria (Ambiti Sociali, Piani di Zona, Distretti socio-sanitari, Società della Salute)",Territorio,03_2406_rta_03_240923114012_4166---23-9-2024ProtocolloReteRita_signed_signed_signedDEF_signed_signed-signed_signed(1).txt,1
Puglia,Bari,Putignano,Ambito Territoriale Sociale di Putignano,"Ambiti della programmazione sociale e socio-sanitaria (Ambiti Sociali, Piani di Zona, Distretti socio-sanitari, Società della Salute)",Territorio,16_2406_rta_16_250407164310_4166---protocollooperativoPutignano_EMI.txt | 16_bari_protocollo operativo Putignano_EMI.txt,2
Lombardia,Bergamo,Seriate,Ambito Territoriale Sociale di Seriate,"Ambiti della programmazione sociale e socio-sanitaria (Ambiti Sociali, Piani di Zona, Distretti socio-sanitari, Società della Salute)",Territorio,03_2406_rta_03_240923114012_4166---23-9-2024ProtocolloReteRita_signed_signed_signedDEF_signed_signed-signed_signed(1).txt,1
Marche,Macerata,Civitanova Marche,Ambito Territoriale Sociale n. 14 Civitanova Marche,"Ambiti della programmazione sociale e socio-sanitaria (Ambiti Sociali, Piani di Zona, Distretti socio-sanitari, Società della Salute)",Territorio,11_2406_rta_11_240911113235_4166---MacerataProtocollo2019_2022Firmato.txt,1
Marche,Macerata,Macerata,Ambito Territoriale Sociale n. 15 Macerata,"Ambiti della programmazione sociale e socio-sanitaria (Ambiti Sociali, Piani di Zona, Distretti socio-sanitari, Società della Salute)",Territorio,11_2406_rta_11_240911113235_4166---MacerataProtocollo2019_2022Firmato.txt,1
Marche,,,Ambito Territoriale Sociale n. 16,"Ambiti della programmazione sociale e socio-sanitaria (Ambiti Sociali, Piani di Zona, Distretti socio-sanitari, Società della Salute)",Territorio,11_2406_rta_11_240911113235_4166---MacerataProtocollo2019_2022Firmato.txt,1
Marche,,,Ambito Territoriale Sociale n. 17,"Ambiti della programmazione sociale e socio-sanitaria (Ambiti Sociali, Piani di Zona, Distretti socio-sanitari, Società della Salute)",Territorio,11_2406_rta_11_240911113235_4166---MacerataProtocollo2019_2022Firmato.txt,1
Marche,,,Ambito Territoriale Sociale n. 18,"Ambiti della programmazione sociale e socio-sanitaria (Ambiti Sociali, Piani di Zona, Distretti socio-sanitari, Società della Salute)",Territorio,11_2406_rta_11_240911113235_4166---MacerataProtocollo2019_2022Firmato.txt,1
Marche,,,Ambito Territoriale Sociale n. 19,"Ambiti della programmazione sociale e socio-sanitaria (Ambiti Sociali, Piani di Zona, Distretti socio-sanitari, Società della Salute)",Territorio,11_2406_rta_11_240911113911_4166---AscoliPPROTOCOLLOoperativo_2019_2021.txt,1
Marche,,,Ambito Territoriale Sociale n. 21,"Ambiti della programmazione sociale e socio-sanitaria (Ambiti Sociali, Piani di Zona, Distretti socio-sanitari, Società della Salute)",Territorio,11_2406_rta_11_240911113911_4166---AscoliPPROTOCOLLOoperativo_2019_2021.txt,1
Marche,,,Ambito Territoriale Sociale n. 22,"Ambiti della programmazione sociale e socio-sanitaria (Ambiti Sociali, Piani di Zona, Distretti socio-sanitari, Società della Salute)",Territorio,11_2406_rta_11_240911113911_4166---AscoliPPROTOCOLLOoperativo_2019_2021.txt,1
Marche,,,Ambito Territoriale Sociale n. 23,"Ambiti della programmazione sociale e socio-sanitaria (Ambiti Sociali, Piani di Zona, Distretti socio-sanitari, Società della Salute)",Territorio,11_2406_rta_11_240911113911_4166---AscoliPPROTOCOLLOoperativo_2019_2021.txt,1
Marche,,,Ambito Territoriale Sociale n. 24,"Ambiti della programmazione sociale e socio-sanitaria (Ambiti Sociali, Piani di Zona, Distretti socio-sanitari, Società della Salute)",Territorio,11_2406_rta_11_240911113911_4166---AscoliPPROTOCOLLOoperativo_2019_2021.txt,1
Marche,,,Ambito Territoriale Sociale n. 9,"Ambiti della programmazione sociale e socio-sanitaria (Ambiti Sociali, Piani di Zona, Distretti socio-sanitari, Società della Salute)",Territorio,11_2406_rta_11_240911113235_4166---MacerataProtocollo2019_2022Firmato.txt,1
Marche,Pesaro e Urbino,Pesaro,Ambito Territoriale Sociale n.1 di Pesaro,"Ambiti della programmazione sociale e socio-sanitaria (Ambiti Sociali, Piani di Zona, Distretti socio-sanitari, Società della Salute)",Territorio,11_2406_rta_11_240911113034_4166---protocollodireteantiviolenza2020-2022-uuvv.txt,1
Puglia,,,Ambito Territoriale Sociale n°11,"Ambiti della programmazione sociale e socio-sanitaria (Ambiti Sociali, Piani di Zona, Distretti socio-sanitari, Società della Salute)",Territorio,16_2406_rta_16_250407161043_4166---protocollooperativoMoladiBari_reteAntiviolenza.txt | 16_bari_protocollo operativo Mola di Bari_rete Antiviolenza.txt,2
Puglia,,,Ambito Territoriale Tavoliere Meridionale (Margherita-San Ferdinando-Trinitapoli,"Ambiti della programmazione sociale e socio-sanitaria (Ambiti Sociali, Piani di Zona, Distretti socio-sanitari, Società della Salute)",Territorio,16_2406_rta_16_250409164629_4166---convenzioneCAV-ASLBT.txt | 16_bat_convenzione CAV - ASL BT.txt,2
Piemonte,Biella,Biella,Ambito Territoriale X di Biella,"Ambiti della programmazione sociale e socio-sanitaria (Ambiti Sociali, Piani di Zona, Distretti socio-sanitari, Società della Salute)",Territorio,01_2406_rta_01_240904122512_4166---accordoSFD.txt,1
Puglia,Barletta-Andria-Trani,Andria,Ambito Territoriale di Andria,"Ambiti della programmazione sociale e socio-sanitaria (Ambiti Sociali, Piani di Zona, Distretti socio-sanitari, Società della Salute)",Territorio,16_bat_convenzione CAV - ASL BT.txt,1
Puglia,Barletta-Andria-Trani,Barletta,Ambito Territoriale di Barletta,"Ambiti della programmazione sociale e socio-sanitaria (Ambiti Sociali, Piani di Zona, Distretti socio-sanitari, Società della Salute)",Territorio,16_bat_convenzione CAV - ASL BT.txt,1
Puglia,,,Ambito Territoriale di Canosa-Minervino-Spinazzola,"Ambiti della programmazione sociale e socio-sanitaria (Ambiti Sociali, Piani di Zona, Distretti socio-sanitari, Società della Salute)",Territorio,16_bat_convenzione CAV - ASL BT.txt,1
Lombardia,,,Ambito Territoriale di Cittiglio ISPe Valli del Verbano,"Ambiti della programmazione sociale e socio-sanitaria (Ambiti Sociali, Piani di Zona, Distretti socio-sanitari, Società della Salute)",Territorio,03_2406_rta_03_240923163715_4166---PROTOCOLLOD'INTESA2017_2020.txt,1
Emilia-Romagna,,,Ambito Territoriale di Rete (ATR,"Ambiti della programmazione sociale e socio-sanitaria (Ambiti Sociali, Piani di Zona, Distretti socio-sanitari, Società della Salute)",Territorio,08_2406_rta_08_241015091655_4166---Aggiornamentointegrazioneprotocollooperativoapprovatonelgiugno2008.txt,1
Puglia,,,Ambito Territoriale di Trani-Bisceglie,"Ambiti della programmazione sociale e socio-sanitaria (Ambiti Sociali, Piani di Zona, Distretti socio-sanitari, Società della Salute)",Territorio,16_2406_rta_16_250409164629_4166---convenzioneCAV-ASLBT.txt | 16_bat_convenzione CAV - ASL BT.txt,2
Piemonte,Biella,Biella,Ambito Territoriale n. 10 di Biella,"Ambiti della programmazione sociale e socio-sanitaria (Ambiti Sociali, Piani di Zona, Distretti socio-sanitari, Società della Salute)",Territorio,01_2406_rta_01_240904121349_4166---convenzione.txt,1
Puglia,,,Ambito Territoriale n. 5,"Ambiti della programmazione sociale e socio-sanitaria (Ambiti Sociali, Piani di Zona, Distretti socio-sanitari, Società della Salute)",Territorio,16_ex_Convenzione Triggiano.txt,1
Veneto,,,Ambito Triestino,"Ambiti della programmazione sociale e socio-sanitaria (Ambiti Sociali, Piani di Zona, Distretti socio-sanitari, Società della Salute)",Territorio,06_2406_rta_06_240924164454_4166---protocollo_tempo_sospeso.txt,1
Veneto,,,Ambito Urbano 6.5,"Ambiti della programmazione sociale e socio-sanitaria (Ambiti Sociali, Piani di Zona, Distretti socio-sanitari, Società della Salute)",Territorio,06_2406_rta_06_240916164102_4166---protocollopordenoneprefettura.txt,1
Lombardia,,,Ambito territoriale 10 - Bassa Bresciana Orientale,"Ambiti della programmazione sociale e socio-sanitaria (Ambiti Sociali, Piani di Zona, Distretti socio-sanitari, Società della Salute)",Territorio,03_2406_rta_03_240923165401_4166---PROTOCOLLODIrete2020-2023_rev2confirmescan.txt,1
Lombardia,,,Ambito territoriale 11 - Garda,"Ambiti della programmazione sociale e socio-sanitaria (Ambiti Sociali, Piani di Zona, Distretti socio-sanitari, Società della Salute)",Territorio,03_2406_rta_03_240923165401_4166---PROTOCOLLODIrete2020-2023_rev2confirmescan.txt,1
Lombardia,,,Ambito territoriale 12 - Valle Sabbia,"Ambiti della programmazione sociale e socio-sanitaria (Ambiti Sociali, Piani di Zona, Distretti socio-sanitari, Società della Salute)",Territorio,03_2406_rta_03_240923165401_4166---PROTOCOLLODIrete2020-2023_rev2confirmescan.txt,1
Lombardia,,,Ambito territoriale 9 - Bassa Bresciana Centrale,"Ambiti della programmazione sociale e socio-sanitaria (Ambiti Sociali, Piani di Zona, Distretti socio-sanitari, Società della Salute)",Territorio,03_2406_rta_03_240923165401_4166---PROTOCOLLODIrete2020-2023_rev2confirmescan.txt,1
Puglia,Taranto,Ginosa,Ambito territoriale di Ginosa,"Ambiti della programmazione sociale e socio-sanitaria (Ambiti Sociali, Piani di Zona, Distretti socio-sanitari, Società della Salute)",Territorio,16_2406_rta_16_250410172220_4166---protocollod'intesaCAVGinosasottoscritto.txt | 16_taranto_protocollo d'intesa CAVGinosa sottoscritto.txt,2
Lombardia,Monza e della Brianza,Monza,Ambito territoriale di Monza,"Ambiti della programmazione sociale e socio-sanitaria (Ambiti Sociali, Piani di Zona, Distretti socio-sanitari, Società della Salute)",Territorio,03_2406_rta_03_240926122051_4166---Protocollomonz.txt,1
Puglia,Bari,Putignano,Ambito territoriale di Putignano,"Ambiti della programmazione sociale e socio-sanitaria (Ambiti Sociali, Piani di Zona, Distretti socio-sanitari, Società della Salute)",Territorio,16_2406_rta_16_250409145030_4166---protollodiintesaPutignano_reteantiviolenza.txt | 16_bari_protollo di intesa Putignano_rete antiviolenza.txt,2
Lombardia,Milano,Garbagnate Milanese,Assemblea dei Sindaci Ambito di Garbagnate Milanese,"Ambiti della programmazione sociale e socio-sanitaria (Ambiti Sociali, Piani di Zona, Distretti socio-sanitari, Società della Salute)",Territorio,03_2406_rta_03_240926144324_4166---Protocollodiintesa.txt,1
Lombardia,Milano,Rho,Assemblea dei Sindaci Ambito di Rho,"Ambiti della programmazione sociale e socio-sanitaria (Ambiti Sociali, Piani di Zona, Distretti socio-sanitari, Società della Salute)",Territorio,03_2406_rta_03_240926144324_4166---Protocollodiintesa.txt,1
Lombardia,,,Azienda Isola,"Ambiti della programmazione sociale e socio-sanitaria (Ambiti Sociali, Piani di Zona, Distretti socio-sanitari, Società della Salute)",Territorio,03_2406_rta_03_240924144947_4166---Protocollod'IntesaReteAntiviolenzaIsolaBergamascaeBassaValSanMartino2024.txt,1
Lombardia,Como,Menaggio,Azienda Sociale Centro Lario e Valli di Porlezza (Ufficio di Piano di Menaggio,"Ambiti della programmazione sociale e socio-sanitaria (Ambiti Sociali, Piani di Zona, Distretti socio-sanitari, Società della Salute)",Territorio,03_2406_rta_03_240925144919_4166---RETEDICOMO-PROTOCOLLOINTERIST.17novembre2023(1).txt,1
Lombardia,Como,Como,Azienda Sociale Comasca e Lariana (Ufficio di Piano di Como,"Ambiti della programmazione sociale e socio-sanitaria (Ambiti Sociali, Piani di Zona, Distretti socio-sanitari, Società della Salute)",Territorio,03_2406_rta_03_240925144919_4166---RETEDICOMO-PROTOCOLLOINTERIST.17novembre2023(1).txt,1
Lombardia,,,Azienda Sociale Comuni Insieme di Lomazzo (Ufficio di Piano di Lomazzo/Fino Mornasco,"Ambiti della programmazione sociale e socio-sanitaria (Ambiti Sociali, Piani di Zona, Distretti socio-sanitari, Società della Salute)",Territorio,03_2406_rta_03_240925144919_4166---RETEDICOMO-PROTOCOLLOINTERIST.17novembre2023(1).txt,1
Lombardia,,,Azienda Sociale del Cremonese,"Ambiti della programmazione sociale e socio-sanitaria (Ambiti Sociali, Piani di Zona, Distretti socio-sanitari, Società della Salute)",Territorio,03_2406_rta_03_240918153252_4166---Protocollo+Appendice+LineeGuida_Datatodafirmare.txt,1
Lombardia,,,Azienda Speciale Consortile Comuni Insieme per lo sviluppo sociale,"Ambiti della programmazione sociale e socio-sanitaria (Ambiti Sociali, Piani di Zona, Distretti socio-sanitari, Società della Salute)",Territorio,03_2406_rta_03_240926144324_4166---Protocollodiintesa.txt,1
Lombardia,Como,Cantu,Azienda Speciale Consortile Galliano (Ufficio di Piano di Cantu,"Ambiti della programmazione sociale e socio-sanitaria (Ambiti Sociali, Piani di Zona, Distretti socio-sanitari, Società della Salute)",Territorio,03_2406_rta_03_240925144919_4166---RETEDICOMO-PROTOCOLLOINTERIST.17novembre2023(1).txt,1
Lombardia,,,Azienda Speciale Consortile Garda Sociale,"Ambiti della programmazione sociale e socio-sanitaria (Ambiti Sociali, Piani di Zona, Distretti socio-sanitari, Società della Salute)",Territorio,03_2406_rta_03_240923101524_4166---PROTOCOLLO_DI_INTESA_versione_DEFINITIVA2021.stamped.txt,1
Lombardia,Milano,Rho,Azienda Speciale Consortile Sercop,"Ambiti della programmazione sociale e socio-sanitaria (Ambiti Sociali, Piani di Zona, Distretti socio-sanitari, Società della Salute)",Territorio,03_2406_rta_03_240926144324_4166---Protocollodiintesa.txt,1
Lombardia,Milano,Castano Primo,Azienda sociale di Castano Primo,"Ambiti della programmazione sociale e socio-sanitaria (Ambiti Sociali, Piani di Zona, Distretti socio-sanitari, Società della Salute)",Territorio,03_2406_rta_03_240920120751_4166---protocollodiintesa.txt,1
Lombardia,Milano,Arese,Azienda speciale consortile CSBNO - Culture socialita biblioteche network operativo,"Ambiti della programmazione sociale e socio-sanitaria (Ambiti Sociali, Piani di Zona, Distretti socio-sanitari, Società della Salute)",Territorio,03_2406_rta_03_240926144324_4166---Protocollodiintesa.txt,1
Piemonte,Novara,Marano Ticino,C.I.S.A.S. di Castelletto Sopra Ticino,"Ambiti della programmazione sociale e socio-sanitaria (Ambiti Sociali, Piani di Zona, Distretti socio-sanitari, Società della Salute)",Territorio,01_2406_rta_01_240904150044_4166---Protocollocav-irene2022-2025.txt,1
Piemonte,Novara,Borgomanero,C.I.S.S. di Borgomanero,"Ambiti della programmazione sociale e socio-sanitaria (Ambiti Sociali, Piani di Zona, Distretti socio-sanitari, Società della Salute)",Territorio,01_2406_rta_01_240904150044_4166---Protocollocav-irene2022-2025.txt,1
Piemonte,Novara,San Maurizio d'Opaglio,C.I.S.S. zona Cusio-Omegna,"Ambiti della programmazione sociale e socio-sanitaria (Ambiti Sociali, Piani di Zona, Distretti socio-sanitari, Società della Salute)",Territorio,01_2406_rta_01_240904150044_4166---Protocollocav-irene2022-2025.txt,1
Piemonte,Torino,Cirie,C.LS. - Consorzio Intercomunale dei servizi socioassistenziali,"Ambiti della programmazione sociale e socio-sanitaria (Ambiti Sociali, Piani di Zona, Distretti socio-sanitari, Società della Salute)",Territorio,01_2406_rta_01_240909110828_4166---PROTOCOLLOHELP.txt,1
Piemonte,Torino,Nichelino,"CISA12 - Consorzio Intercomunale Socio-Assistenziale di Nichelino, Vinovo, None, Candiolo","Ambiti della programmazione sociale e socio-sanitaria (Ambiti Sociali, Piani di Zona, Distretti socio-sanitari, Società della Salute)",Territorio,01_2406_rta_01_240909110828_4166---PROTOCOLLOHELP.txt,1
Piemonte,Torino,Carmagnola,CISA31 Consorzio Intercomunale Socio-Assistenziale,"Ambiti della programmazione sociale e socio-sanitaria (Ambiti Sociali, Piani di Zona, Distretti socio-sanitari, Società della Salute)",Territorio,01_2406_rta_01_240909110828_4166---PROTOCOLLOHELP.txt,1
Piemonte,Torino,Susa,CONISA - Consorzio Intercomunale Socio-Assistenziale Valle di Susa,"Ambiti della programmazione sociale e socio-sanitaria (Ambiti Sociali, Piani di Zona, Distretti socio-sanitari, Società della Salute)",Territorio,01_2406_rta_01_240909110828_4166---PROTOCOLLOHELP.txt,1
Piemonte,,,CONSORZIO INTERCOMUNALE DEI SERVIZI SOCIOASSISTENZIALI ZONA CUSIO-OMEGNA,"Ambiti della programmazione sociale e socio-sanitaria (Ambiti Sociali, Piani di Zona, Distretti socio-sanitari, Società della Salute)",Territorio,01_2406_rta_01_240904150044_4166---Protocollocav-irene2022-2025.txt,1
Piemonte,Novara,Borgomanero,CONSORZIO INTERCOMUNALE PER LA GESTIONE DEI SERVIZI SOCIOASSISTENZIALI DI BORGOMANERO,"Ambiti della programmazione sociale e socio-sanitaria (Ambiti Sociali, Piani di Zona, Distretti socio-sanitari, Società della Salute)",Territorio,01_2406_rta_01_240904150044_4166---Protocollocav-irene2022-2025.txt,1
Piemonte,Novara,Castelletto sopra Ticino,CONSORZIO INTERCOMUNALE PER LA GESTIONE DEI SERVIZI SOCIOASSISTENZIALI DI CASTELLETTO SOPRA TICINO,"Ambiti della programmazione sociale e socio-sanitaria (Ambiti Sociali, Piani di Zona, Distretti socio-sanitari, Società della Salute)",Territorio,01_2406_rta_01_240904150044_4166---Protocollocav-irene2022-2025.txt,1
Piemonte,Torino,Caluso,CONSORZIO INTERCOMUNALE SERVIZI SOCIO ASSISTENZIALI DI CALUSO- C.1.S.S-AC,"Ambiti della programmazione sociale e socio-sanitaria (Ambiti Sociali, Piani di Zona, Distretti socio-sanitari, Società della Salute)",Territorio,01_2406_rta_01_241003120726_4166---Protocollod'intesaCISSAC-Puntoacapo.txt,1
Trento,,,Comitato dei Sindaci del Distretto Alta Padovana,"Ambiti della programmazione sociale e socio-sanitaria (Ambiti Sociali, Piani di Zona, Distretti socio-sanitari, Società della Salute)",Territorio,05_2406_rta_05_240918153458_4166---protocolloprovPadova.txt,1
Trento,,,"Comitato dei Sindaci del Distretto Padova Bacchiglione, Terme-Colli e Piovese","Ambiti della programmazione sociale e socio-sanitaria (Ambiti Sociali, Piani di Zona, Distretti socio-sanitari, Società della Salute)",Territorio,05_2406_rta_05_240918153458_4166---protocolloprovPadova.txt,1
Trento,,,Comitato dei Sindaci del Distretto Padova Sud,"Ambiti della programmazione sociale e socio-sanitaria (Ambiti Sociali, Piani di Zona, Distretti socio-sanitari, Società della Salute)",Territorio,05_2406_rta_05_240918153458_4166---protocolloprovPadova.txt,1
Veneto,Treviso,Asolo,Comitato dei Sindaci del Distretto Socio Sanitario di Asolo,"Ambiti della programmazione sociale e socio-sanitaria (Ambiti Sociali, Piani di Zona, Distretti socio-sanitari, Società della Salute)",Territorio,05_2406_rta_05_240917141534_4166---protocollodiretefirmato.txt,1
Trento,,,"Comitato dei Sindaci del Distretto Socio-Sanitario 1 ""Venezia Centro Storico, Isole ed Estuario"" e del Distretto Socio-Sanitario 2 ""Venezia Terraferma, Marcon e Quarto d'Altino","Ambiti della programmazione sociale e socio-sanitaria (Ambiti Sociali, Piani di Zona, Distretti socio-sanitari, Società della Salute)",Territorio,05_2406_rta_05_240916131522_4166---protocolloaggiornamento2023.txt,1
Trento,,,"Comitato dei Sindaci del Distretto Socio-Sanitario 3 ""Mirano e Dolo","Ambiti della programmazione sociale e socio-sanitaria (Ambiti Sociali, Piani di Zona, Distretti socio-sanitari, Società della Salute)",Territorio,05_2406_rta_05_240916131522_4166---protocolloaggiornamento2023.txt,1
Trento,,,"Comitato dei Sindaci del Distretto Socio-Sanitario 4 ""Chioggia","Ambiti della programmazione sociale e socio-sanitaria (Ambiti Sociali, Piani di Zona, Distretti socio-sanitari, Società della Salute)",Territorio,05_2406_rta_05_240916131522_4166---protocolloaggiornamento2023.txt,1
Trento,,,Comitato dei Sindaci del Distretto Socio-Sanitario dell'ex ULSS 9,"Ambiti della programmazione sociale e socio-sanitaria (Ambiti Sociali, Piani di Zona, Distretti socio-sanitari, Società della Salute)",Territorio,05_2406_rta_05_240918144304_4166---Protocollo_ULSS2-DistrettoTreviso.txt,1
Puglia,,,Comuni/Ambiti di Lecce e provincia,"Ambiti della programmazione sociale e socio-sanitaria (Ambiti Sociali, Piani di Zona, Distretti socio-sanitari, Società della Salute)",Territorio,16_2406_rta_16_250410144304_4166---ProtocolloOperativo-Procedureintegrateperlaprevenzioneeilcontrastoallaviolenzacontrodonneeminori-Copia_Marcato.txt | 16_lecce_Protocollo Operativo - Procedure integrate per la prevenzione e il contrasto alla violenza contro donne e minori - Copia_Marcato.txt,2
Lombardia,,,Comunita Sociale Cremasca,"Ambiti della programmazione sociale e socio-sanitaria (Ambiti Sociali, Piani di Zona, Distretti socio-sanitari, Società della Salute)",Territorio,03_2406_rta_03_240918153252_4166---Protocollo+Appendice+LineeGuida_Datatodafirmare.txt,1
Emilia-Romagna,,,Conferenza Territoriale Sociale e Sanitaria,"Ambiti della programmazione sociale e socio-sanitaria (Ambiti Sociali, Piani di Zona, Distretti socio-sanitari, Società della Salute)",Territorio,08_2406_rta_08_241015091553_4166---Protocollosullaviolenzadigenere_confirme_prot.txt,1
Emilia-Romagna,,,Conferenza Territoriale Sociale e Sanitaria Metropolitana di Bologna (CTSSM,"Ambiti della programmazione sociale e socio-sanitaria (Ambiti Sociali, Piani di Zona, Distretti socio-sanitari, Società della Salute)",Territorio,08_2406_rta_08_241015091330_4166---Protocollo_intesa_autonomia_abitativa_donne_vittime_di_violenza_CittMtrBO.txt,1
Toscana,,,Conferenza Zonale dei Sindaci del Valdarno,"Ambiti della programmazione sociale e socio-sanitaria (Ambiti Sociali, Piani di Zona, Distretti socio-sanitari, Società della Salute)",Territorio,09_AREZZO Prot_2024-2026.txt,1
Toscana,,,Conferenza Zonale dei Sindaci della Valdichiana Aretina,"Ambiti della programmazione sociale e socio-sanitaria (Ambiti Sociali, Piani di Zona, Distretti socio-sanitari, Società della Salute)",Territorio,09_AREZZO Prot_2024-2026.txt,1
Toscana,Lucca,Lucca,Conferenza dei Sindaci ASL 2 zona Piana di Lucca,"Ambiti della programmazione sociale e socio-sanitaria (Ambiti Sociali, Piani di Zona, Distretti socio-sanitari, Società della Salute)",Territorio,09_LUCCA PROV.txt,1
Toscana,,,Conferenza dei Sindaci ASL 2 zona Valle del Serchio,"Ambiti della programmazione sociale e socio-sanitaria (Ambiti Sociali, Piani di Zona, Distretti socio-sanitari, Società della Salute)",Territorio,09_LUCCA PROV.txt,1
Trento,,,"Conferenza dei Sindaci dell' Azienda ULSS 8 ""Berica","Ambiti della programmazione sociale e socio-sanitaria (Ambiti Sociali, Piani di Zona, Distretti socio-sanitari, Società della Salute)",Territorio,05_2406_rta_05_240919122126_4166---PROTOCOLLOULSS8BERICA.txt,1
Trento,,,Conferenza dei Sindaci dell'Azienda ULSS 6 Euganea,"Ambiti della programmazione sociale e socio-sanitaria (Ambiti Sociali, Piani di Zona, Distretti socio-sanitari, Società della Salute)",Territorio,05_2406_rta_05_240918153458_4166---protocolloprovPadova.txt,1
Toscana,,,Conferenza dei Sindaci della Zona Aretina,"Ambiti della programmazione sociale e socio-sanitaria (Ambiti Sociali, Piani di Zona, Distretti socio-sanitari, Società della Salute)",Territorio,09_AREZZO Prot_2024-2026.txt,1
Toscana,,,Conferenza del Sindaci ASL 12 zona Versilia,"Ambiti della programmazione sociale e socio-sanitaria (Ambiti Sociali, Piani di Zona, Distretti socio-sanitari, Società della Salute)",Territorio,09_LUCCA PROV.txt,1
Piemonte,Biella,Cossato,Consorzio CISSABO,"Ambiti della programmazione sociale e socio-sanitaria (Ambiti Sociali, Piani di Zona, Distretti socio-sanitari, Società della Salute)",Territorio,01_2406_rta_01_240904121349_4166---convenzione.txt,1
Lombardia,Como,Erba,Consorzio Erbese Servizi alla Persona di Erba (Ufficio di Piano di Erba,"Ambiti della programmazione sociale e socio-sanitaria (Ambiti Sociali, Piani di Zona, Distretti socio-sanitari, Società della Salute)",Territorio,03_2406_rta_03_240925144919_4166---RETEDICOMO-PROTOCOLLOINTERIST.17novembre2023(1).txt,1
Piemonte,Biella,Biella,Consorzio IRIS,"Ambiti della programmazione sociale e socio-sanitaria (Ambiti Sociali, Piani di Zona, Distretti socio-sanitari, Società della Salute)",Territorio,01_2406_rta_01_240904121349_4166---convenzione.txt,1
Piemonte,,,Consorzio Intercomunale Servizi Socio Assistenziali LR.LS,"Ambiti della programmazione sociale e socio-sanitaria (Ambiti Sociali, Piani di Zona, Distretti socio-sanitari, Società della Salute)",Territorio,01_2406_rta_01_240904120005_4166---protocollo.txt,1
Piemonte,,,Consorzio Intercomunale Servizi Socio Assistenziali del Biellese Orientale C.LS.S.A.B.O,"Ambiti della programmazione sociale e socio-sanitaria (Ambiti Sociali, Piani di Zona, Distretti socio-sanitari, Società della Salute)",Territorio,01_2406_rta_01_240904120005_4166---protocollo.txt,1
Piemonte,Torino,Orbassano,Consorzio Intercomunale di Servizi (C.I.diS,"Ambiti della programmazione sociale e socio-sanitaria (Ambiti Sociali, Piani di Zona, Distretti socio-sanitari, Società della Salute)",Territorio,01_2406_rta_01_240909110828_4166---PROTOCOLLOHELP.txt,1
Piemonte,,,Consorzio Monviso Solidale,"Ambiti della programmazione sociale e socio-sanitaria (Ambiti Sociali, Piani di Zona, Distretti socio-sanitari, Società della Salute)",Territorio,01_2406_rta_01_240920112211_4166---367772-4-Protocollo_intesa_Completo.txt,1
Lombardia,Pavia,Pavia,Consorzio Sociale Pavese - Piano di Zona di Pavia,"Ambiti della programmazione sociale e socio-sanitaria (Ambiti Sociali, Piani di Zona, Distretti socio-sanitari, Società della Salute)",Territorio,03_2406_rta_03_240918151606_4166---A_RetePavia_Protocollo2021_e_Integrazioni2023_firmato_compressed.txt,1
Piemonte,,,Consorzio Socio Assistenziale del Cuneese,"Ambiti della programmazione sociale e socio-sanitaria (Ambiti Sociali, Piani di Zona, Distretti socio-sanitari, Società della Salute)",Territorio,01_2406_rta_01_240920112211_4166---367772-4-Protocollo_intesa_Completo.txt,1
Piemonte,,,Consorzio per i Servizi Socio Assistenziali del Monregalese,"Ambiti della programmazione sociale e socio-sanitaria (Ambiti Sociali, Piani di Zona, Distretti socio-sanitari, Società della Salute)",Territorio,01_2406_rta_01_240920112211_4166---367772-4-Protocollo_intesa_Completo.txt,1
Liguria,,,Distretti Sociosanitari n. 14,"Ambiti della programmazione sociale e socio-sanitaria (Ambiti Sociali, Piani di Zona, Distretti socio-sanitari, Società della Salute)",Territorio,07_2406_rta_07_240916163905_4166---PROTOCOLLOFIRMATO(002).txt,1
Liguria,,,Distretti Sociosanitari n. 15,"Ambiti della programmazione sociale e socio-sanitaria (Ambiti Sociali, Piani di Zona, Distretti socio-sanitari, Società della Salute)",Territorio,07_2406_rta_07_240916163905_4166---PROTOCOLLOFIRMATO(002).txt,1
Liguria,,,Distretti Sociosanitari n. 16,"Ambiti della programmazione sociale e socio-sanitaria (Ambiti Sociali, Piani di Zona, Distretti socio-sanitari, Società della Salute)",Territorio,07_2406_rta_07_240916163905_4166---PROTOCOLLOFIRMATO(002).txt,1
Lazio,,,Distretto 1,"Ambiti della programmazione sociale e socio-sanitaria (Ambiti Sociali, Piani di Zona, Distretti socio-sanitari, Società della Salute)",Territorio,12_2406_rta_12_241003113235_4166---Accordodifferenzadonna-29.09.2023-signed.txt,1
Lazio,,,Distretto 2,"Ambiti della programmazione sociale e socio-sanitaria (Ambiti Sociali, Piani di Zona, Distretti socio-sanitari, Società della Salute)",Territorio,12_2406_rta_12_241003113235_4166---Accordodifferenzadonna-29.09.2023-signed.txt,1
Lazio,,,Distretto 3,"Ambiti della programmazione sociale e socio-sanitaria (Ambiti Sociali, Piani di Zona, Distretti socio-sanitari, Società della Salute)",Territorio,12_2406_rta_12_241003113235_4166---Accordodifferenzadonna-29.09.2023-signed.txt,1
Lazio,,,Distretto 4,"Ambiti della programmazione sociale e socio-sanitaria (Ambiti Sociali, Piani di Zona, Distretti socio-sanitari, Società della Salute)",Territorio,12_2406_rta_12_241003113235_4166---Accordodifferenzadonna-29.09.2023-signed.txt,1
Abruzzo,,,Distretto Sanitario Area Marsica,"Ambiti della programmazione sociale e socio-sanitaria (Ambiti Sociali, Piani di Zona, Distretti socio-sanitari, Società della Salute)",Territorio,13_2406_rta_13_241122111153_4166---PROTOCOLLOCASTELDISANGROEASL.txt,1
Abruzzo,,,Distretto Sanitario Area Pelino-Sangrina,"Ambiti della programmazione sociale e socio-sanitaria (Ambiti Sociali, Piani di Zona, Distretti socio-sanitari, Società della Salute)",Territorio,13_2406_rta_13_241122111153_4166---PROTOCOLLOCASTELDISANGROEASL.txt,1
Lombardia,,,Distretto Sociale Paullese,"Ambiti della programmazione sociale e socio-sanitaria (Ambiti Sociali, Piani di Zona, Distretti socio-sanitari, Società della Salute)",Territorio,03_2406_rta_03_240920093134_4166---Protocollo_Intesa_Rete_Antiviolenza_SudEstMilano_Paullese_2021-2023.txt,1
Lombardia,Mantova,Mantova,Distretto Sociale di Mantova,"Ambiti della programmazione sociale e socio-sanitaria (Ambiti Sociali, Piani di Zona, Distretti socio-sanitari, Società della Salute)",Territorio,03_2406_rta_03_240918153156_4166---Protocollo_d'Intesa_Rete_Mantova.prot.txt,1
Puglia,Lecce,Lecce,Distretto Socio Sanitario Lecce,"Ambiti della programmazione sociale e socio-sanitaria (Ambiti Sociali, Piani di Zona, Distretti socio-sanitari, Società della Salute)",Territorio,16_2406_rta_16_250410144304_4166---ProtocolloOperativo-Procedureintegrateperlaprevenzioneeilcontrastoallaviolenzacontrodonneeminori-Copia_Marcato.txt,1
Lazio,,,Distretto Socio Sanitario Lt-1,"Ambiti della programmazione sociale e socio-sanitaria (Ambiti Sociali, Piani di Zona, Distretti socio-sanitari, Società della Salute)",Territorio,12_2406_rta_12_240926133706_4166---STAR.txt,1
Puglia,Lecce,Campi Salentina,Distretto Socio Sanitario di Campi Salentina,"Ambiti della programmazione sociale e socio-sanitaria (Ambiti Sociali, Piani di Zona, Distretti socio-sanitari, Società della Salute)",Territorio,16_lecce_Protocollo Operativo - Procedure integrate per la prevenzione e il contrasto alla violenza contro donne e minori - Copia_Marcato.txt,1
Puglia,Lecce,Casarano,Distretto Socio Sanitario di Casarano,"Ambiti della programmazione sociale e socio-sanitaria (Ambiti Sociali, Piani di Zona, Distretti socio-sanitari, Società della Salute)",Territorio,16_lecce_Protocollo Operativo - Procedure integrate per la prevenzione e il contrasto alla violenza contro donne e minori - Copia_Marcato.txt,1
Puglia,Lecce,Gagliano del Capo,Distretto Socio Sanitario di Gagliano del Capo,"Ambiti della programmazione sociale e socio-sanitaria (Ambiti Sociali, Piani di Zona, Distretti socio-sanitari, Società della Salute)",Territorio,16_lecce_Protocollo Operativo - Procedure integrate per la prevenzione e il contrasto alla violenza contro donne e minori - Copia_Marcato.txt,1
Puglia,Lecce,Galatina,Distretto Socio Sanitario di Galatina,"Ambiti della programmazione sociale e socio-sanitaria (Ambiti Sociali, Piani di Zona, Distretti socio-sanitari, Società della Salute)",Territorio,16_lecce_Protocollo Operativo - Procedure integrate per la prevenzione e il contrasto alla violenza contro donne e minori - Copia_Marcato.txt,1
Puglia,Lecce,Gallipoli,Distretto Socio Sanitario di Gallipoli,"Ambiti della programmazione sociale e socio-sanitaria (Ambiti Sociali, Piani di Zona, Distretti socio-sanitari, Società della Salute)",Territorio,16_lecce_Protocollo Operativo - Procedure integrate per la prevenzione e il contrasto alla violenza contro donne e minori - Copia_Marcato.txt,1
Puglia,Lecce,Lecce,Distretto Socio Sanitario di Lecce,"Ambiti della programmazione sociale e socio-sanitaria (Ambiti Sociali, Piani di Zona, Distretti socio-sanitari, Società della Salute)",Territorio,16_lecce_Protocollo Operativo - Procedure integrate per la prevenzione e il contrasto alla violenza contro donne e minori - Copia_Marcato.txt,1
Puglia,Lecce,Maglie,Distretto Socio Sanitario di Maglie,"Ambiti della programmazione sociale e socio-sanitaria (Ambiti Sociali, Piani di Zona, Distretti socio-sanitari, Società della Salute)",Territorio,16_lecce_Protocollo Operativo - Procedure integrate per la prevenzione e il contrasto alla violenza contro donne e minori - Copia_Marcato.txt,1
Puglia,Lecce,Martano,Distretto Socio Sanitario di Martano,"Ambiti della programmazione sociale e socio-sanitaria (Ambiti Sociali, Piani di Zona, Distretti socio-sanitari, Società della Salute)",Territorio,16_lecce_Protocollo Operativo - Procedure integrate per la prevenzione e il contrasto alla violenza contro donne e minori - Copia_Marcato.txt,1
Puglia,Lecce,Nardo,Distretto Socio Sanitario di Nardo,"Ambiti della programmazione sociale e socio-sanitaria (Ambiti Sociali, Piani di Zona, Distretti socio-sanitari, Società della Salute)",Territorio,16_lecce_Protocollo Operativo - Procedure integrate per la prevenzione e il contrasto alla violenza contro donne e minori - Copia_Marcato.txt,1
Puglia,Lecce,Poggiardo,Distretto Socio Sanitario di Poggiardo,"Ambiti della programmazione sociale e socio-sanitaria (Ambiti Sociali, Piani di Zona, Distretti socio-sanitari, Società della Salute)",Territorio,16_lecce_Protocollo Operativo - Procedure integrate per la prevenzione e il contrasto alla violenza contro donne e minori - Copia_Marcato.txt,1
Puglia,,,Distretto Socio-Sanitario,"Ambiti della programmazione sociale e socio-sanitaria (Ambiti Sociali, Piani di Zona, Distretti socio-sanitari, Società della Salute)",Territorio,16_2406_rta_16_250409145030_4166---protollodiintesaPutignano_reteantiviolenza.txt | 16_bari_protollo di intesa Putignano_rete antiviolenza.txt | 16_ex_Convenzione Triggiano.txt,3
Puglia,Bari,Gioia del Colle,Distretto Socio-Sanitario di Gioia del Colle,"Ambiti della programmazione sociale e socio-sanitaria (Ambiti Sociali, Piani di Zona, Distretti socio-sanitari, Società della Salute)",Territorio,16_2406_rta_16_250312162108_4166---protocollooperativoGioiadelColle_EMI.txt | 16_bari_protocollo operativo Gioia del Colle_EMI.txt,2
Lazio,,,Distretto Sociosanitario VT4,"Ambiti della programmazione sociale e socio-sanitaria (Ambiti Sociali, Piani di Zona, Distretti socio-sanitari, Società della Salute)",Territorio,12_2406_rta_12_240926112734_4166---3AccordoDistrettoVT4ePontedonna-signed(1).txt,1
Lombardia,Lecco,Lecco,Distretto di Lecco,"Ambiti della programmazione sociale e socio-sanitaria (Ambiti Sociali, Piani di Zona, Distretti socio-sanitari, Società della Salute)",Territorio,03_2406_rta_03_240918153240_4166---Protocollod'intesaperl'IstituzionediunSistemaTerritorialeAntiviolenzainReteconAddendumSindacati.txt,1
Abruzzo,Chieti,Ortona,Distretto sanitario territoriale Ortona,"Ambiti della programmazione sociale e socio-sanitaria (Ambiti Sociali, Piani di Zona, Distretti socio-sanitari, Società della Salute)",Territorio,13_2406_rta_13_241122103901_4166---Protocollirete_ortonaelancianoCAVdonn.ÿ.txt,1
Abruzzo,,,EAS n. 17,"Ambiti della programmazione sociale e socio-sanitaria (Ambiti Sociali, Piani di Zona, Distretti socio-sanitari, Società della Salute)",Territorio,13_2406_rta_13_241122110421_4166---PROTOCOLLOOPERATIVO.txt,1
Puglia,,,Equipe Multidisciplinare Integrata (EMI,"Ambiti della programmazione sociale e socio-sanitaria (Ambiti Sociali, Piani di Zona, Distretti socio-sanitari, Società della Salute)",Territorio,16_lecce_Protocollo Operativo - Procedure integrate per la prevenzione e il contrasto alla violenza contro donne e minori - Copia_Marcato.txt,1
Puglia,,,Equipe Multidisciplinare Integrata di Ambito sulla Tutela dei Minori e contrasto della violenza di genere,"Ambiti della programmazione sociale e socio-sanitaria (Ambiti Sociali, Piani di Zona, Distretti socio-sanitari, Società della Salute)",Territorio,16_bari_protocollo operativo Grumo_EMI.txt,1
Toscana,,,Fondazione Territori Sociali Altavaldelsa,"Ambiti della programmazione sociale e socio-sanitaria (Ambiti Sociali, Piani di Zona, Distretti socio-sanitari, Società della Salute)",Territorio,09_ALTA VALDELSA Protocollo-violenza-valdelsa-2022_ALTA VALDELSA.txt,1
Lombardia,,,Piano di Zona - Ambito Distrettuale della Lomellina,"Ambiti della programmazione sociale e socio-sanitaria (Ambiti Sociali, Piani di Zona, Distretti socio-sanitari, Società della Salute)",Territorio,03_2406_rta_03_240918151606_4166---A_RetePavia_Protocollo2021_e_Integrazioni2023_firmato_compressed.txt,1
Lombardia,,,Piano di Zona - Ambito Distrettuale di Broni e Casteggio,"Ambiti della programmazione sociale e socio-sanitaria (Ambiti Sociali, Piani di Zona, Distretti socio-sanitari, Società della Salute)",Territorio,03_2406_rta_03_240918151606_4166---A_RetePavia_Protocollo2021_e_Integrazioni2023_firmato_compressed.txt,1
Lombardia,,,Piano di Zona - Ambito Territoriale dell'Alto e Basso Pavese,"Ambiti della programmazione sociale e socio-sanitaria (Ambiti Sociali, Piani di Zona, Distretti socio-sanitari, Società della Salute)",Territorio,03_2406_rta_03_240918151606_4166---A_RetePavia_Protocollo2021_e_Integrazioni2023_firmato_compressed.txt,1
Lombardia,Mantova,Asola,Piano di Zona di Asola,"Ambiti della programmazione sociale e socio-sanitaria (Ambiti Sociali, Piani di Zona, Distretti socio-sanitari, Società della Salute)",Territorio,03_2406_rta_03_240918153156_4166---Protocollo_d'Intesa_Rete_Mantova.prot.txt,1
Lombardia,Mantova,Guidizzolo,Piano di Zona di Guidizzolo,"Ambiti della programmazione sociale e socio-sanitaria (Ambiti Sociali, Piani di Zona, Distretti socio-sanitari, Società della Salute)",Territorio,03_2406_rta_03_240918153156_4166---Protocollo_d'Intesa_Rete_Mantova.prot.txt,1
Lombardia,Mantova,Mantova,Piano di Zona di Mantova,"Ambiti della programmazione sociale e socio-sanitaria (Ambiti Sociali, Piani di Zona, Distretti socio-sanitari, Società della Salute)",Territorio,03_2406_rta_03_240918153156_4166---Protocollo_d'Intesa_Rete_Mantova.prot.txt,1
Lombardia,Mantova,Ostiglia,Piano di Zona di Ostiglia,"Ambiti della programmazione sociale e socio-sanitaria (Ambiti Sociali, Piani di Zona, Distretti socio-sanitari, Società della Salute)",Territorio,03_2406_rta_03_240918153156_4166---Protocollo_d'Intesa_Rete_Mantova.prot.txt,1
Lombardia,Mantova,Suzzara,Piano di Zona di Suzzara,"Ambiti della programmazione sociale e socio-sanitaria (Ambiti Sociali, Piani di Zona, Distretti socio-sanitari, Società della Salute)",Territorio,03_2406_rta_03_240918153156_4166---Protocollo_d'Intesa_Rete_Mantova.prot.txt,1
Lombardia,Mantova,Viadana,Piano di Zona di Viadana,"Ambiti della programmazione sociale e socio-sanitaria (Ambiti Sociali, Piani di Zona, Distretti socio-sanitari, Società della Salute)",Territorio,03_2406_rta_03_240918153156_4166---Protocollo_d'Intesa_Rete_Mantova.prot.txt,1
Liguria,,,Rete dei servizi SAI,"Ambiti della programmazione sociale e socio-sanitaria (Ambiti Sociali, Piani di Zona, Distretti socio-sanitari, Società della Salute)",Territorio,07_2406_rta_07_240916163933_4166---sub_14574431199510849525_Protocollo_LVLS-signed.txt,1
Lombardia,,,Risorsa Sociale Gera d'Adda,"Ambiti della programmazione sociale e socio-sanitaria (Ambiti Sociali, Piani di Zona, Distretti socio-sanitari, Società della Salute)",Territorio,03_2406_rta_03_240926114940_4166---ProtocollodiintesaeAllegatoTecnico_SOTTOSCRITTO.txt,1
Toscana,,,Servizi Sociali e Sanitari della Società della Salute,"Ambiti della programmazione sociale e socio-sanitaria (Ambiti Sociali, Piani di Zona, Distretti socio-sanitari, Società della Salute)",Territorio,09_APUANE_2015 Protocollo Prefettura.txt,1
Veneto,,,Servizio Sociale dei Comuni dell'Ambito Territoriale Friuli Centrale,"Ambiti della programmazione sociale e socio-sanitaria (Ambiti Sociali, Piani di Zona, Distretti socio-sanitari, Società della Salute)",Territorio,06_2406_rta_06_240916164122_4166---prot_n_0119980_2024_Accordo(firmato).txt,1
Toscana,,,Società della Salute Alta Val d'Elsa,"Ambiti della programmazione sociale e socio-sanitaria (Ambiti Sociali, Piani di Zona, Distretti socio-sanitari, Società della Salute)",Territorio,09_ALTA VALDELSA Protocollo-violenza-valdelsa-2022_ALTA VALDELSA.txt,1
Toscana,,,Società della Salute Area Pratese,"Ambiti della programmazione sociale e socio-sanitaria (Ambiti Sociali, Piani di Zona, Distretti socio-sanitari, Società della Salute)",Territorio,09_PRATO PREF.txt,1
Toscana,,,Società della Salute Fiorentina Nord Ovest,"Ambiti della programmazione sociale e socio-sanitaria (Ambiti Sociali, Piani di Zona, Distretti socio-sanitari, Società della Salute)",Territorio,09_FIRENZE Linee-di-indirizzo2024.txt,1
Toscana,,,Società della Salute Fiorentina Sud Est,"Ambiti della programmazione sociale e socio-sanitaria (Ambiti Sociali, Piani di Zona, Distretti socio-sanitari, Società della Salute)",Territorio,09_FIRENZE Linee-di-indirizzo2024.txt,1
Toscana,Firenze,,Società della Salute Firenze,"Ambiti della programmazione sociale e socio-sanitaria (Ambiti Sociali, Piani di Zona, Distretti socio-sanitari, Società della Salute)",Territorio,09_FIRENZE Linee-di-indirizzo2024.txt,1
Toscana,,,Società della Salute Mugello,"Ambiti della programmazione sociale e socio-sanitaria (Ambiti Sociali, Piani di Zona, Distretti socio-sanitari, Società della Salute)",Territorio,09_FIRENZE Linee-di-indirizzo2024.txt,1
Toscana,,,Società della Salute Valdinievole,"Ambiti della programmazione sociale e socio-sanitaria (Ambiti Sociali, Piani di Zona, Distretti socio-sanitari, Società della Salute)",Territorio,09_PISTOIA PROV .txt,1
Toscana,,,Società della Salute Zona Alta Valdicecina-Valdera,"Ambiti della programmazione sociale e socio-sanitaria (Ambiti Sociali, Piani di Zona, Distretti socio-sanitari, Società della Salute)",Territorio,09_PISA PREF E PROV.txt,1
Toscana,,,Società della Salute Zona Empolese Valdarno Valdelsa,"Ambiti della programmazione sociale e socio-sanitaria (Ambiti Sociali, Piani di Zona, Distretti socio-sanitari, Società della Salute)",Territorio,09_PISA PREF E PROV.txt,1
Toscana,,,Società della Salute Zona Pisana,"Ambiti della programmazione sociale e socio-sanitaria (Ambiti Sociali, Piani di Zona, Distretti socio-sanitari, Società della Salute)",Territorio,09_PISA PREF E PROV.txt,1
Toscana,,,Società della Salute della Lunigiana,"Ambiti della programmazione sociale e socio-sanitaria (Ambiti Sociali, Piani di Zona, Distretti socio-sanitari, Società della Salute)",Territorio,09_APUANE_2015 Protocollo Prefettura.txt,1
Lombardia,Como,Mariano Comense,TECUM Azienda Territoriale per i Servizi alla Persona di Mariano Comense,"Ambiti della programmazione sociale e socio-sanitaria (Ambiti Sociali, Piani di Zona, Distretti socio-sanitari, Società della Salute)",Territorio,03_2406_rta_03_240925144919_4166---RETEDICOMO-PROTOCOLLOINTERIST.17novembre2023(1).txt,1
Trento,,,Tavoli di Zona,"Ambiti della programmazione sociale e socio-sanitaria (Ambiti Sociali, Piani di Zona, Distretti socio-sanitari, Società della Salute)",Territorio,05_2406_rta_05_240919124736_4166---Protocollo_per_contrasto_alla_violenza_di_genere.stamped.txt,1
Lombardia,,,Ufficio dei Piani di Zona,"Ambiti della programmazione sociale e socio-sanitaria (Ambiti Sociali, Piani di Zona, Distretti socio-sanitari, Società della Salute)",Territorio,03_2406_rta_03_240918153240_4166---Protocollod'intesaperl'IstituzionediunSistemaTerritorialeAntiviolenzainReteconAddendumSindacati.txt,1
Puglia,Taranto,Ginosa,Ufficio di Piano,"Ambiti della programmazione sociale e socio-sanitaria (Ambiti Sociali, Piani di Zona, Distretti socio-sanitari, Società della Salute)",Territorio,16_2406_rta_16_250410172220_4166---protocollod'intesaCAVGinosasottoscritto.txt | 16_taranto_protocollo d'intesa CAVGinosa sottoscritto.txt,2
Lombardia,,,"Ufficio di Piano - Ambito 2 (Berlingo, Castegnato, Castel Mella, Cellatica, Gussago, Ome, Ospitaletto, Rodengo Saiano, Roncadelle, Torbole Casaglia, Travagliato","Ambiti della programmazione sociale e socio-sanitaria (Ambiti Sociali, Piani di Zona, Distretti socio-sanitari, Società della Salute)",Territorio,03_2406_rta_03_240923101524_4166---PROTOCOLLO_DI_INTESA_versione_DEFINITIVA2021.stamped.txt,1
Lombardia,,,"Ufficio di Piano - Ambito 3 (Azzano Mella, Borgosatollo, Botticino, Capriano del Colle, Castenedolo, Flero, Mazzano, Montirone, Nuvolento, Nuvolera, Poncarale, Rezzato, San Zeno Naviglio","Ambiti della programmazione sociale e socio-sanitaria (Ambiti Sociali, Piani di Zona, Distretti socio-sanitari, Società della Salute)",Territorio,03_2406_rta_03_240923101524_4166---PROTOCOLLO_DI_INTESA_versione_DEFINITIVA2021.stamped.txt,1
Puglia,Bari,Gioia del Colle,Ufficio di Piano dell'Ambito Sociale Territoriale di Gioia del Colle,"Ambiti della programmazione sociale e socio-sanitaria (Ambiti Sociali, Piani di Zona, Distretti socio-sanitari, Società della Salute)",Territorio,16_bari_protocollo operativo Gioia del Colle_EMI.txt,1
Lombardia,,,"Ufficio di piano - Ambito 1 (Brescia, Collebeato","Ambiti della programmazione sociale e socio-sanitaria (Ambiti Sociali, Piani di Zona, Distretti socio-sanitari, Società della Salute)",Territorio,03_2406_rta_03_240923101524_4166---PROTOCOLLO_DI_INTESA_versione_DEFINITIVA2021.stamped.txt,1
Emilia-Romagna,,,Unione Comuni modenesi dell'Area Nord,"Ambiti della programmazione sociale e socio-sanitaria (Ambiti Sociali, Piani di Zona, Distretti socio-sanitari, Società della Salute)",Territorio,08_2406_rta_08_241015091725_4166---Protoc-Prefett-2017.txt,1
Liguria,Genova,Genova,centri di accoglienza del sistema SAI del Comune di Genova,"Ambiti della programmazione sociale e socio-sanitaria (Ambiti Sociali, Piani di Zona, Distretti socio-sanitari, Società della Salute)",Territorio,07_2406_rta_07_240916163933_4166---sub_14574431199510849525_Protocollo_LVLS-signed.txt,1
Abruzzo,Chieti,Chieti,Caritas Diocesana di Chieti - Centro di ascolto,Altro,altro,13_2406_rta_13_241122101453_4166---ProtocollodiRete_AlphaChieti.txt,1
Abruzzo,Chieti,Chieti,Caritas Diocesana di Chieti- Guardiagrele - Centro di ascolto Chieti,Altro,altro,13_2406_rta_13_241122101856_4166---Protocollodirete_AlphaGuardiagrele.txt,1
Toscana,Massa-Carrara,Carrara,Centro di Ascolto CIF di Carrara,Altro,altro,09_APUANE_2015 Protocollo Prefettura.txt,2
Lazio,,,Centro di ascolto U.LL Mobbing & Stalking contro tutte le violenze,Altro,altro,12_2406_rta_12_241003095202_4166---8ProtocolloUIL.txt,1
Abruzzo,,,Centro di ascolto diocesano,Altro,altro,13_2406_rta_13_241122101856_4166---Protocollodirete_AlphaGuardiagrele.txt,1
Veneto,Verona,Verona,NAV,Altro,altro,05_2406_rta_05_240919124736_4166---Protocollo_per_contrasto_alla_violenza_di_genere.stamped.txt,1
Lombardia,,,Orizzonte Donna,Altro,altro,03_2406_rta_03_240923113114_4166---ProtocolloReteAddaMartesanasottoscritto.txt,1
Toscana,Grosseto,Arcidosso,Punto di Ascolto territoriale di Arcidosso,Altro,altro,09_GROSSETO 2022 fpdf.txt,1
Toscana,Grosseto,Capalbio,Punto di Ascolto territoriale di Capalbio,Altro,altro,09_GROSSETO 2022 fpdf.txt,1
Toscana,Grosseto,Follonica,Punto di Ascolto territoriale di Follonica,Altro,altro,09_GROSSETO 2022 fpdf.txt,1
Toscana,Grosseto,Manciano,Punto di Ascolto territoriale di Manciano,Altro,altro,09_GROSSETO 2022 fpdf.txt,1
Toscana,Grosseto,Grosseto,Punto di ascolto territoriale di Grosseto,Altro,altro,09_GROSSETO 2022 fpdf.txt,1
Trento,,,Spazi Donna,Altro,altro,05_2406_rta_05_240917141534_4166---protocollodiretefirmato.txt,1
Lazio,,,"Sportelli di ascolto, orientamento e sostegno",Altro,altro,12_2406_rta_12_240926133706_4166---STAR.txt,1
Abruzzo,Teramo,Teramo,Sportello Ascolto A.L.I.CO.D Onlus di Teramo,Altro,altro,13_2406_rta_13_241122103653_4166---protocollodirete_cavlafenice_provinciateramo.txt,1
Piemonte,Cuneo,Cuneo,Sportello Associazione MAI+SOLE Cuneo,Altro,altro,01_2406_rta_01_240920112211_4166---367772-4-Protocollo_intesa_Completo.txt,1
Piemonte,Cuneo,Saluzzo,Sportello Associazione MAI+SOLE Saluzzo,Altro,altro,01_2406_rta_01_240920112211_4166---367772-4-Protocollo_intesa_Completo.txt,1
Piemonte,Cuneo,Savigliano,Sportello Associazione MAI+SOLE Savigliano,Altro,altro,01_2406_rta_01_240920112211_4166---367772-4-Protocollo_intesa_Completo.txt,1
Piemonte,Cuneo,Cuneo,Sportello Associazione Telefono Donna Cuneo ODV,Altro,altro,01_2406_rta_01_240920112211_4166---367772-4-Protocollo_intesa_Completo.txt,1
Lombardia,Milano,Cernusco sul Naviglio,Sportello Donna,Altro,altro,03_2406_rta_03_240923113114_4166---ProtocolloReteAddaMartesanasottoscritto.txt,1
Piemonte,Novara,Arona,Sportello Donna,Altro,altro,01_2406_rta_01_240904150044_4166---Protocollocav-irene2022-2025.txt,1
Veneto,Vicenza,Marano Vicentino,Sportello Donna Anna Filomena Barretta Marano Vicentino,Altro,altro,05_2406_rta_05_240919114041_4166---protocollounicorevisionato2024.txt,1
Veneto,Vicenza,Malo,Sportello Donna Malo,Altro,altro,05_2406_rta_05_240919114041_4166---protocollounicorevisionato2024.txt,1
Veneto,Vicenza,Thiene,Sportello Donna Thiene,Altro,altro,05_2406_rta_05_240919114041_4166---protocollounicorevisionato2024.txt,1
Lombardia,Milano,Abbiategrasso,Sportello Donna di Abbiategrasso,Altro,altro,03_2406_rta_03_240920120751_4166---protocollodiintesa.txt,1
Lazio,Roma,Civitavecchia,Sportello Famiglia e Minori presso il TC di Civitavecchia,Altro,altro,12_2406_rta_12_241003112656_4166---AccordodicollaborazioneconsultorieDifferenzaDonna.txt,1
Piemonte,Cuneo,Cuneo,Sportello Le Ali di Zena,Altro,altro,01_2406_rta_01_240920112211_4166---367772-4-Protocollo_intesa_Completo.txt,1
Lazio,,,"Sportello Ospedaliero ""Codice Rosa",Altro,altro,12_2406_rta_12_241003113235_4166---Accordodifferenzadonna-29.09.2023-signed.txt,1
Abruzzo,,,Sportello SenzaViolenza Donne&Minori,Altro,altro,13_2406_rta_13_241122103901_4166---Protocollirete_ortonaelancianoCAVdonn.ÿ.txt | 13_2406_rta_13_241122104158_4166---Protocollirete_ortonaelancianoCAVdonn.ÿ.txt,2
Piemonte,Cuneo,Dronero,Sportello Zena a Dronero,Altro,altro,01_2406_rta_01_240920112211_4166---367772-4-Protocollo_intesa_Completo.txt,1
Piemonte,Cuneo,Mondovi,Sportello della C.R.I. Mondovi - L'Orecchio di Venere,Altro,altro,01_2406_rta_01_240920112211_4166---367772-4-Protocollo_intesa_Completo.txt,1
Lombardia,Lecco,Lecco,Sportello di orientamento legale gratuito per le vittime di violenza e maltrattamenti (presso il Tribunale di Lecco,Altro,altro,03_2406_rta_03_240918153240_4166---Protocollod'intesaperl'IstituzionediunSistemaTerritorialeAntiviolenzainReteconAddendumSindacati.txt,1
Lazio,,,Sportello informativo per l'accesso ai servizi sociosanitari del territorio,Altro,altro,12_2406_rta_12_241002115801_4166---3protCAVTITANO-IdeaPrisma82Coop.Soc.txt,1
Piemonte,Cuneo,Fossano,Sportello legale Comune di Fossano,Altro,altro,01_2406_rta_01_240920112211_4166---367772-4-Protocollo_intesa_Completo.txt,1
Piemonte,Cuneo,Mondovi,Sportello presso C.so Statuto 13,Altro,altro,01_2406_rta_01_240920112211_4166---367772-4-Protocollo_intesa_Completo.txt,1
Piemonte,Cuneo,Fossano,Sportello presso Cascina Sacerdote,Altro,altro,01_2406_rta_01_240920112211_4166---367772-4-Protocollo_intesa_Completo.txt,1
Marche,,,sportello Informadonna,Altro,altro,11_2406_rta_11_240911113235_4166---MacerataProtocollo2019_2022Firmato.txt,1
Abruzzo,Pescara,Tocco da Casauria,Fondazione Caritas,Altro,altro,13_2406_rta_13_241122115416_4166---PROTOCOLLOPESCARA.txt,1
Lombardia,Milano,Rho,Fondazione Comunitaria Nord Milano,Altro,altro,03_2406_rta_03_240926144324_4166---Protocollodiintesa.txt,1
Sardegna,Nuoro,Macomer,Centro Antiviolenza dell'Unione dei Comuni del Marghine,Province/Città metropolitane,Province/Città metropolitane,20_2406_rta_20_250620094616_4166---Delibera52-22del23.12.2024-Allegato1.txt,1
Lombardia,,,Comunità Montana Alta Valtellina,Province/Città metropolitane,Province/Città metropolitane,03_2406_rta_03_240923102947_4166---ProtSOTTOSCRITTO_ReteAntiviolenzaPiuIntegrazioneAprile2024(1).txt,1
Abruzzo,,,Comunità Montana Alto Sangro e Altopiano delle Cinquemilgia EAS n. 19,Province/Città metropolitane,Province/Città metropolitane,13_2406_rta_13_241122110421_4166---PROTOCOLLOOPERATIVO.txt,1
Lombardia,,,Comunità Montana Oltrepo Pavese,Province/Città metropolitane,Province/Città metropolitane,03_2406_rta_03_240918151606_4166---A_RetePavia_Protocollo2021_e_Integrazioni2023_firmato_compressed.txt,1
Abruzzo,,,Comunità Montana Peligna,Province/Città metropolitane,Province/Città metropolitane,13_2406_rta_13_241122110421_4166---PROTOCOLLOOPERATIVO.txt,1
Lombardia,,,Comunità Montana Valchiavenna,Province/Città metropolitane,Province/Città metropolitane,03_2406_rta_03_240923102947_4166---ProtSOTTOSCRITTO_ReteAntiviolenzaPiuIntegrazioneAprile2024(1).txt,1
Lombardia,,,Comunità Montana Valle Brembana,Province/Città metropolitane,Province/Città metropolitane,03_2406_rta_03_240920124656_4166---ProtocolloantiviolenzaDEFINITIVO(1).txt,1
Lombardia,Sondrio,Morbegno,Comunità Montana Valtellina di Morbegno,Province/Città metropolitane,Province/Città metropolitane,03_2406_rta_03_240923102947_4166---ProtSOTTOSCRITTO_ReteAntiviolenzaPiuIntegrazioneAprile2024(1).txt,1
Lombardia,Sondrio,Tirano,Comunità Montana Valtellina di Tirano,Province/Città metropolitane,Province/Città metropolitane,03_2406_rta_03_240923102947_4166---ProtSOTTOSCRITTO_ReteAntiviolenzaPiuIntegrazioneAprile2024(1).txt,1
Toscana,,,Comunità Montana del Cetona,Province/Città metropolitane,Province/Città metropolitane,09_VALDICHIANA_all. decreto 37_2008 protocollo di intesa 2008.txt,1
Lombardia,,,Comunità Montana del Piambello,Province/Città metropolitane,Province/Città metropolitane,03_2406_rta_03_240923163715_4166---PROTOCOLLOD'INTESA2017_2020.txt,1
Lombardia,,,Comunità Montana di Valle Camonica - Ufficio di Piano,Province/Città metropolitane,Province/Città metropolitane,03_2406_rta_03_240926123135_4166---ProtocollodiRete.txt,1
Toscana,,,Conferenza Zonale dei Sindaci del Casentino/Unione dei Comuni Montani del Casentino,Province/Città metropolitane,Province/Città metropolitane,09_AREZZO Prot_2024-2026.txt,1
Toscana,,,Conferenza Zonale dei Sindaci della Valtiberina Toscana/Unione Montana dei Comuni della Valtiberina Toscana,Province/Città metropolitane,Province/Città metropolitane,09_AREZZO Prot_2024-2026.txt,1
Abruzzo,,,EAS 19 Comunità Montana Alto Sangro e Altopiano delle Cinquemiglia,Province/Città metropolitane,Province/Città metropolitane,13_2406_rta_13_241122111153_4166---PROTOCOLLOCASTELDISANGROEASL.txt,1
Abruzzo,,,EAS17 Comunità Montana Peligna,Province/Città metropolitane,Province/Città metropolitane,13_2406_rta_13_241122111153_4166---PROTOCOLLOCASTELDISANGROEASL.txt,1
Emilia-Romagna,Bologna,,Nuovo Circondario Imolese,Province/Città metropolitane,Province/Città metropolitane,08_2406_rta_08_241015091310_4166---Accordo_Contrasto_alla_violenza_CittMtrBO.txt,1
Lombardia,,,Piano di Zona Voghera e Comunità Montana Oltrepo Pavese,Province/Città metropolitane,Province/Città metropolitane,03_2406_rta_03_240918151606_4166---A_RetePavia_Protocollo2021_e_Integrazioni2023_firmato_compressed.txt,1
Piemonte,,,UNIONE MONTANA delle Valli Mongia Cevetta e Langa Cebana - Alta Valle Bormida - SERVIZIO SOCIO ASSISTENZIALE,Province/Città metropolitane,Province/Città metropolitane,01_2406_rta_01_241018134519_4166---Protocollooperativointeristituzionaleviolenzadigenere2023-2026def.txt,1
Emilia-Romagna,Modena,,Unione Comuni del Sorbara,Province/Città metropolitane,Province/Città metropolitane,08_2406_rta_08_241015091725_4166---Protoc-Prefett-2017.txt,1
Marche,,,Unione Montana Alte valli del Potenza e dell'Esino,Province/Città metropolitane,Province/Città metropolitane,11_2406_rta_11_240911113235_4166---MacerataProtocollo2019_2022Firmato.txt,1
Marche,Macerata,,Unione Montana Marca di Camerino,Province/Città metropolitane,Province/Città metropolitane,11_2406_rta_11_240911113235_4166---MacerataProtocollo2019_2022Firmato.txt,1
Piemonte,,,Unione Montana dei Comuni della Valsesia,Province/Città metropolitane,Province/Città metropolitane,01_2406_rta_01_240920123646_4166---vercellieos.txt | 01_2406_rta_01_241018142716_4166---protocolloreteVC.txt,2
Piemonte,Torino,Perosa Argentina,Unione Montana dei Comuni delle valli Chisone e Germanasca,Province/Città metropolitane,Province/Città metropolitane,01_2406_rta_01_240909110828_4166---PROTOCOLLOHELP.txt,1
Marche,Macerata,,Unione Montana dei Monti Azzurri,Province/Città metropolitane,Province/Città metropolitane,11_2406_rta_11_240911113235_4166---MacerataProtocollo2019_2022Firmato.txt,1
Emilia-Romagna,Bologna,,Unione Reno Galliera,Province/Città metropolitane,Province/Città metropolitane,08_2406_rta_08_241015091310_4166---Accordo_Contrasto_alla_violenza_CittMtrBO.txt,2
Emilia-Romagna,Forli-Cesena,,Unione Rubicone e Mare,Province/Città metropolitane,Province/Città metropolitane,08_2406_rta_08_241015091621_4166---PROTOCOLLO_22.txt,1
Emilia-Romagna,Bologna,,Unione Terre d'Acqua,Province/Città metropolitane,Province/Città metropolitane,08_2406_rta_08_241015091310_4166---Accordo_Contrasto_alla_violenza_CittMtrBO.txt,1
Emilia-Romagna,Modena,,Unione Terre di Castelli,Province/Città metropolitane,Province/Città metropolitane,08_2406_rta_08_241015091725_4166---Protoc-Prefett-2017.txt,1
Emilia-Romagna,Ferrara,,Unione Terre e Fiumi,Province/Città metropolitane,Province/Città metropolitane,08_2406_rta_08_241015091430_4166---Protocollo_Distrettuale_Contrasto_violenza_Donne2023.stamped.txt,1
Emilia-Romagna,Modena,,Unione dei Comuni Modenesi Area Nord,Province/Città metropolitane,Province/Città metropolitane,08_2406_rta_08_241015092024_4166---Protocollooperativo.txt,1
Piemonte,Torino,Giaveno,Unione dei Comuni Montani Valsangone - Servizi Socio Assistenziali,Province/Città metropolitane,Province/Città metropolitane,01_2406_rta_01_240909110828_4166---PROTOCOLLOHELP.txt,1
Piemonte,Torino,Settimo Torinese,Unione dei Comuni Nord Est Torino,Province/Città metropolitane,Province/Città metropolitane,01_2406_rta_01_240909110828_4166---PROTOCOLLOHELP.txt,1
Emilia-Romagna,Bologna,,"Unione dei Comuni Valli del Reno, Lavino e Samoggia",Province/Città metropolitane,Province/Città metropolitane,08_2406_rta_08_241015091310_4166---Accordo_Contrasto_alla_violenza_CittMtrBO.txt,1
Emilia-Romagna,Modena,,Unione dei Comuni del Distretto Ceramico,Province/Città metropolitane,Province/Città metropolitane,08_2406_rta_08_241015091725_4166---Protoc-Prefett-2017.txt,1
Emilia-Romagna,Modena,,Unione dei Comuni del Frignano,Province/Città metropolitane,Province/Città metropolitane,08_2406_rta_08_241015091725_4166---Protoc-Prefett-2017.txt,1
Umbria,Perugia,,Unione dei Comuni del Trasimeno,Province/Città metropolitane,Province/Città metropolitane,10_2406_rta_10_250506141901_4166---ProtocollounicoregionaleRINNOVATO.txt,1
Calabria,Catanzaro,,Unione dei Comuni del Versante Ionico,Province/Città metropolitane,Province/Città metropolitane,18_2406_rta_18_240926102706_4166---protocollomondorosa2013.txt,1
Emilia-Romagna,Bologna,,Unione dei Comuni dell'Appennino bolognese,Province/Città metropolitane,Province/Città metropolitane,08_2406_rta_08_241015091310_4166---Accordo_Contrasto_alla_violenza_CittMtrBO.txt,1
Emilia-Romagna,Ravenna,,Unione dei Comuni della Bassa Romagna,Province/Città metropolitane,Province/Città metropolitane,08_2406_rta_08_241015091748_4166---ProtocolloProvincialeCaserifugio2023.2025.txt,1
Emilia-Romagna,Ravenna,,Unione dei Comuni della Romagna Faentina,Province/Città metropolitane,Province/Città metropolitane,08_2406_rta_08_241015091748_4166---ProtocolloProvincialeCaserifugio2023.2025.txt,1
Piemonte,Torino,Moncalieri,"Unione dei Comuni di Moncalieri, Trofarello, La Loggia",Province/Città metropolitane,Province/Città metropolitane,01_2406_rta_01_240909110828_4166---PROTOCOLLOHELP.txt,1
Toscana,Grosseto,,Unione dei comuni Montani Amiata Grossetana,Province/Città metropolitane,Province/Città metropolitane,09_GROSSETO 2022 fpdf.txt,1
Emilia-Romagna,Modena,,Unione delle Terre d'Argine,Province/Città metropolitane,Province/Città metropolitane,08_2406_rta_08_241015091725_4166---Protoc-Prefett-2017.txt,1
Emilia-Romagna,,,Assessorato Pari Opportunita,Organismi di parità,Territorio,08_2406_rta_08_241015091621_4166---PROTOCOLLO_22.txt,1
Puglia,Bari,Bari,COMITATO DELLE PARI OPPORTUNITA' DELL'ORDINE DEGLI AVVOCATI DI BARI,Organismi di parità,Territorio,16_2406_rta_16_250409123532_4166---protocollooperativoTriggiano_reteantiviolenza.pdf.txt | 16_bar_protocollo operativo Triggiano_rete antiviolenza.pdf.txt,2
Lombardia,,,CONSIGLIERA DI Parità' - PROVINCIA DI MONZA E DELLA BRIANZA,Organismi di parità,Territorio,03_2406_rta_03_240926122051_4166---Protocollomonz.txt,1
Lombardia,Brescia,Brescia,CONSIGLIERA DI Parità' PROVINCIA DI BRESCIA,Organismi di parità,Territorio,03_2406_rta_03_240923171949_4166---PROTOCOLLOD'INTESARETETERRITORIALEANTIVIOLENZAVALLETROMPIA2024.txt,1
Piemonte,,,CUG,Organismi di parità,Territorio,01_2406_rta_01_240909114524_4166---CONVENZIONEUNITO-SPORTANTIVIOLENZA.txt | 01_2406_rta_01_241002150739_4166---DeliberaCostituzioneOsservatorioSaluteDonne.txt,2
Piemonte,,,CUG di UniTo,Organismi di parità,Territorio,01_2406_rta_01_240909114524_4166---CONVENZIONEUNITO-SPORTANTIVIOLENZA.txt,1
Toscana,,,Centro Pari Opportunità Valdelsa,Organismi di parità,Territorio,09_ALTA VALDELSA Protocollo-violenza-valdelsa-2022_ALTA VALDELSA.txt,1
Toscana,,,Centro Pari Opportunità Valdichiana,Organismi di parità,Territorio,09_VALDICHIANA_all. decreto 37_2008 protocollo di intesa 2008.txt,1
Piemonte,,,Centro Servizi Pari Opportunita,Organismi di parità,Territorio,01_2406_rta_01_240904150044_4166---Protocollocav-irene2022-2025.txt,1
Umbria,,,Centro per le pari opportunita - Regione Umbria,Organismi di parità,Territorio,10_2406_rta_10_250506141901_4166---ProtocollounicoregionaleRINNOVATO.txt,1
Lazio,,,Comitato Pari Opportunita (CPO,Organismi di parità,Territorio,12_2406_rta_12_241004114912_4166---ProtocolloRetePrantiviolenzaFrosinone.txt | 12_2406_rta_12_241004130514_4166---PROTOCOLLODIINTESAPERLAPROMOZIONEDISTRATEGIECONDIVISESULFENOMENODELLAVIOLENZADIGENERE(1).txt | 12_2406_rta_12_241004133706_4166---ProtocollodiretePREFETTURAFrosinone(1).txt,3
Marche,Fermo,Fermo,Comitato Pari Opportunita Consiglio dell'Ordine degli Avvocati del Tribunale di Fermo,Organismi di parità,Territorio,11_2406_rta_11_240911113757_4166---All.4ProtocolloReteAntiviolenzasottoscritto18.12.2023.txt,1
Lombardia,Mantova,Mantova,Comitato Pari Opportunita Ordine degli Avvocati di Mantova,Organismi di parità,Territorio,03_2406_rta_03_240918153156_4166---Protocollo_d'Intesa_Rete_Mantova.prot.txt,1
Calabria,Catanzaro,Catanzaro,Comitato Pari Opportunita dell'Ordine degli Avvocati di Catanzaro,Organismi di parità,Territorio,18_2406_rta_18_240926102620_4166---protocollopercorsorosa.txt,1
Toscana,Siena,Siena,Comitato Pari Opportunita dell'Ordine dei Dottori Commercialisti e degli Esperti Contabili di Siena,Organismi di parità,Territorio,09_ALTA VALDELSA Protocollo-violenza-valdelsa-2022_ALTA VALDELSA.txt,1
Piemonte,,,Comitato Pari Opportunita presso il Consiglio Giudiziario per il Distretto del Piemonte e della Valle d'Aosta,Organismi di parità,Territorio,01_2406_rta_01_240920123646_4166---vercellieos.txt | 01_2406_rta_01_241018142716_4166---protocolloreteVC.txt,2
Emilia-Romagna,Ferrara,Ferrara,Comitato Pari Opportunita presso l'Ordine degli Avvocati di Ferrara,Organismi di parità,Territorio,08_2406_rta_08_241015091430_4166---Protocollo_Distrettuale_Contrasto_violenza_Donne2023.stamped.txt,1
Lazio,,,Comitato Unico di Garanzia,Organismi di parità,Territorio,12_2406_rta_12_241003105319_4166---PROTOCOLLODIINTES1_2601def-signed-signed.txt,1
Calabria,Catanzaro,Catanzaro,Commissione P.O. Provincia di Catanzaro,Organismi di parità,Territorio,18_2406_rta_18_240926102706_4166---protocollomondorosa2013.txt,1
Emilia-Romagna,,,Commissione Pari Opportunita,Organismi di parità,Territorio,08_2406_rta_08_241015091725_4166---Protoc-Prefett-2017.txt,1
Marche,Fermo,Fermo,Commissione Pari Opportunita Provincia di Fermo,Organismi di parità,Territorio,11_2406_rta_11_240911113757_4166---All.4ProtocolloReteAntiviolenzasottoscritto18.12.2023.txt,2
Marche,,,Commissione Pari Opportunita Regione Marche,Organismi di parità,Territorio,11_2406_rta_11_240911113757_4166---All.4ProtocolloReteAntiviolenzasottoscritto18.12.2023.txt,1
Lombardia,Bergamo,Treviglio,Commissione Pari Opportunita del Comune di Treviglio,Organismi di parità,Territorio,03_2406_rta_03_240926114940_4166---ProtocollodiintesaeAllegatoTecnico_SOTTOSCRITTO.txt,1
Lombardia,Bergamo,Bergamo,Commissione Pari Opportunita della Provincia di Bergamo,Organismi di parità,Territorio,03_2406_rta_03_240926114940_4166---ProtocollodiintesaeAllegatoTecnico_SOTTOSCRITTO.txt,1
Calabria,Catanzaro,Catanzaro,Commissione Pari Opportunita della Provincia di Catanzaro,Organismi di parità,Territorio,18_2406_rta_18_240926102620_4166---protocollopercorsorosa.txt,1
Abruzzo,Teramo,Teramo,Commissione Provinciale Pari Opportunita di Teramo,Organismi di parità,Territorio,13_2406_rta_13_241122103653_4166---protocollodirete_cavlafenice_provinciateramo.txt,1
Marche,,,Commissione Regionale per le pari opportunita tra uomo e donna,Organismi di parità,Territorio,11_2406_rta_11_240911113235_4166---MacerataProtocollo2019_2022Firmato.txt,1
Calabria,,,Commissione pari opportunita della Regione Calabria,Organismi di parità,Territorio,18_2406_rta_18_240926103211_4166---PROTOCOLLOviolasottoscritto.txt,1
Marche,,,Commissione per le Pari Opportunita tra Uomo e Donna della Regione Marche,Organismi di parità,Territorio,11_2406_rta_11_240911113105_4166---PROTOCOLLO_OPERATIVO2024_CONINDIRIZZARIO_FIRMATO.txt | 11_2406_rta_11_240911113911_4166---AscoliPPROTOCOLLOoperativo_2019_2021.txt,2
Marche,,,Commissione per le Pari Opportunita tra uomo e donna della Regione,Organismi di parità,Territorio,11_2406_rta_11_240911113911_4166---AscoliPPROTOCOLLOoperativo_2019_2021.txt,1
Puglia,,,Commissioni Pari Opportunita dei comuni dell'Ambito,Organismi di parità,Territorio,16_2406_rta_16_250312162108_4166---protocollooperativoGioiadelColle_EMI.txt | 16_2406_rta_16_250312164250_4166---protocollooperativoGrumo_EMI.txt | 16_bar_protocollo operativo Triggiano_rete antiviolenza.pdf.txt | 16_bari_protocollo operativo Gioia del Colle_EMI.txt | 16_bari_protocollo operativo Grumo_EMI.txt,6
Lombardia,,,Consigliera Provinciale di Parità,Organismi di parità,Territorio,03_2406_rta_03_240918153252_4166---Protocollo+Appendice+LineeGuida_Datatodafirmare.txt | 03_2406_rta_03_240923102947_4166---ProtSOTTOSCRITTO_ReteAntiviolenzaPiuIntegrazioneAprile2024(1).txt,2
Toscana,,,Consigliera Provinciale di Parità,Organismi di parità,Territorio,09_AREZZO Prot_2024-2026.txt | 09_PISTOIA PROV .txt,2
Piemonte,Biella,Biella,Consigliera Provinciale di Parità di Biella,Organismi di parità,Territorio,01_2406_rta_01_240904120005_4166---protocollo.txt | 01_2406_rta_01_240904122512_4166---accordoSFD.txt,2
Veneto,Rovigo,Rovigo,Consigliera Provinciale di Parità di Rovigo,Organismi di parità,Territorio,05_2406_rta_05_240916173648_4166---ULSS5Polesana_Protocollodirete.txt,1
Lombardia,,,Consigliera di Parità,Organismi di parità,Territorio,03_2406_rta_03_240918153240_4166---Protocollod'intesaperl'IstituzionediunSistemaTerritorialeAntiviolenzainReteconAddendumSindacati.txt,1
Piemonte,,,Consigliera di Parità,Organismi di parità,Territorio,01_2406_rta_01_240904121349_4166---convenzione.txt,1
Lombardia,Bergamo,Bergamo,Consigliera di Parità Provincia di Bergamo,Organismi di parità,Territorio,03_2406_rta_03_240923114012_4166---23-9-2024ProtocolloReteRita_signed_signed_signedDEF_signed_signed-signed_signed(1).txt,1
Marche,Fermo,Fermo,Consigliera di Parità Provincia di Fermo,Organismi di parità,Territorio,11_2406_rta_11_240911113757_4166---All.4ProtocolloReteAntiviolenzasottoscritto18.12.2023.txt,1
Veneto,Treviso,Treviso,Consigliera di Parità Provincia di Treviso,Organismi di parità,Territorio,05_2406_rta_05_240917141534_4166---protocollodiretefirmato.txt,1
Emilia-Romagna,,Reggio Emilia,Consigliera di Parità Provinciale di Reggio Emilia,Organismi di parità,Territorio,08_2406_rta_08_241015091655_4166---Aggiornamentointegrazioneprotocollooperativoapprovatonelgiugno2008.txt,1
Calabria,,,Consigliera di Parità Regionale,Organismi di parità,Territorio,18_2406_rta_18_240926102706_4166---protocollomondorosa2013.txt,1
Puglia,,,Consigliera di Parità Regione Puglia,Organismi di parità,Territorio,16_2406_rta_16_250411124608_4166---Prot_CGIL-CISL-CONFINDUSTRIA_CAV.txt | 16_terreg_Prot_CGIL - CISL - CONFINDUSTRIA_CAV.txt,2
Sardegna,Cagliari,Cagliari,Consigliera di Parità della Città Metropolitana di Cagliari,Organismi di parità,Territorio,20_2406_rta_20_250620094616_4166---Delibera52-22del23.12.2024-Allegato1.txt,1
Piemonte,Torino,Torino,Consigliera di Parità della Città Metropolitana di Torino,Organismi di parità,Territorio,01_2406_rta_01_241003113501_4166---CCVD1deliberaprotocolloccvd-2024eall1prot.txt,1
Veneto,Venezia,Venezia,Consigliera di Parità della Città Metropolitana di Venezia,Organismi di parità,Territorio,05_2406_rta_05_240916131522_4166---protocolloaggiornamento2023.txt | 05_2406_rta_05_240916135305_4166---protocolloulss4.txt,2
Marche,Ascoli Piceno,Ascoli Piceno,Consigliera di Parità della Provincia di Ascoli Piceno,Organismi di parità,Territorio,11_2406_rta_11_240911113911_4166---AscoliPPROTOCOLLOoperativo_2019_2021.txt,1
Lombardia,Bergamo,Bergamo,Consigliera di Parità della Provincia di Bergamo,Organismi di parità,Territorio,03_2406_rta_03_240920124656_4166---ProtocolloantiviolenzaDEFINITIVO(1).txt | 03_2406_rta_03_240924144947_4166---Protocollod'IntesaReteAntiviolenzaIsolaBergamascaeBassaValSanMartino2024.txt | 03_2406_rta_03_240926114940_4166---ProtocollodiintesaeAllegatoTecnico_SOTTOSCRITTO.txt,3
Calabria,Catanzaro,Catanzaro,Consigliera di Parità della Provincia di Catanzaro,Organismi di parità,Territorio,18_2406_rta_18_240926102620_4166---protocollopercorsorosa.txt,1
Toscana,Livorno,Livorno,Consigliera di Parità della Provincia di Livorno,Organismi di parità,Territorio,09_LIVORNO Protocollo_ RETE ANTIVIOLENZA_ LIVORNO.txt,1
Lombardia,Mantova,Mantova,Consigliera di Parità della Provincia di Mantova,Organismi di parità,Territorio,03_2406_rta_03_240918153156_4166---Protocollo_d'Intesa_Rete_Mantova.prot.txt,1
Emilia-Romagna,Modena,Modena,Consigliera di Parità della Provincia di Modena,Organismi di parità,Territorio,08_2406_rta_08_241015091725_4166---Protoc-Prefett-2017.txt,1
Sardegna,Nuoro,Nuoro,Consigliera di Parità della Provincia di Nuoro,Organismi di parità,Territorio,20_2406_rta_20_250620094616_4166---Delibera52-22del23.12.2024-Allegato1.txt,1
Emilia-Romagna,Piacenza,Piacenza,Consigliera di Parità della Provincia di Piacenza,Organismi di parità,Territorio,08_2406_rta_08_241015092005_4166---DG216-2024.txt,1
Toscana,Pisa,Pisa,Consigliera di Parità della Provincia di Pisa,Organismi di parità,Territorio,09_PISA PREF E PROV.txt,1
Emilia-Romagna,Rimini,Rimini,Consigliera di Parità della Provincia di Rimini,Organismi di parità,Territorio,08_2406_rta_08_241015091553_4166---Protocollosullaviolenzadigenere_confirme_prot.txt,1
Sardegna,Sassari,Sassari,Consigliera di Parità della Provincia di Sassari,Organismi di parità,Territorio,20_2406_rta_20_250620094616_4166---Delibera52-22del23.12.2024-Allegato1.txt,1
Puglia,Taranto,Taranto,Consigliera di Parità della Provincia di Taranto,Organismi di parità,Territorio,16_2406_rta_16_250410170705_4166---protocolloPrefetturaProvinciaTaranto.txt | 16_taranto_protocollo Prefettura ProvinciaTaranto.txt,2
Lombardia,Varese,Varese,Consigliera di Parità della Provincia di Varese,Organismi di parità,Territorio,03_2406_rta_03_240923163715_4166---PROTOCOLLOD'INTESA2017_2020.txt,1
Piemonte,Vercelli,Vercelli,Consigliera di Parità della Provincia di Vercelli,Organismi di parità,Territorio,01_2406_rta_01_240920123646_4166---vercellieos.txt | 01_2406_rta_01_241018142716_4166---protocolloreteVC.txt,2
Veneto,Vicenza,Vicenza,Consigliera di Parità della Provincia di Vicenza,Organismi di parità,Territorio,05_2406_rta_05_240919122126_4166---PROTOCOLLOULSS8BERICA.txt,1
Calabria,,,Consigliera di Parità della Regione Calabria,Organismi di parità,Territorio,18_2406_rta_18_240926102620_4166---protocollopercorsorosa.txt,1
Toscana,Lucca,Lucca,Consigliera di Parità di Lucca,Organismi di parità,Territorio,09_LUCCA PROV.txt,1
Veneto,Rovigo,Rovigo,Consigliera di Parità di Rovigo,Organismi di parità,Territorio,05_2406_rta_05_240916173648_4166---ULSS5Polesana_Protocollodirete.txt,1
Marche,Ancona,Ancona,Consigliera di Parità per la Provincia di Ancona,Organismi di parità,Territorio,11_2406_rta_11_240911113105_4166---PROTOCOLLO_OPERATIVO2024_CONINDIRIZZARIO_FIRMATO.txt,1
Veneto,Padova,Padova,Consigliera di Parità per la Provincia di Padova,Organismi di parità,Territorio,05_2406_rta_05_240918153458_4166---protocolloprovPadova.txt,1
Emilia-Romagna,,,Consigliera di Parità provinciale,Organismi di parità,Territorio,08_2406_rta_08_241015092049_4166---PROTOCOLLOD.G.C.FAENZA304-2009.txt,1
Sardegna,,,Consigliera regionale di Parità,Organismi di parità,Territorio,20_2406_rta_20_250620094616_4166---Delibera52-22del23.12.2024-Allegato1.txt,1
Veneto,,,Consigliera regionale di Parità,Organismi di parità,Territorio,06_2406_rta_06_240916164258_4166---Protocolloviolenzadomesticaedigenere_30.09.2019.txt,1
Emilia-Romagna,,,Consigliere di Parità,Organismi di parità,Territorio,08_2406_rta_08_241015091725_4166---Protoc-Prefett-2017.txt,1
Lombardia,Bergamo,Treviglio,Consiglio delle Donne del Comune di Treviglio,Organismi di parità,Territorio,03_2406_rta_03_240926114940_4166---ProtocollodiintesaeAllegatoTecnico_SOTTOSCRITTO.txt,1
Piemonte,,,Consulta Femminile Comunale,Organismi di parità,Territorio,01_2406_rta_01_241002150739_4166---DeliberaCostituzioneOsservatorioSaluteDonne.txt,1
Puglia,Foggia,Foggia,Consulta per la Parità e le Pari Opportunita del Comune di Foggia,Organismi di parità,Territorio,16_2406_rta_16_250410122122_4166---Protocollo_Viola.txt | 16_foggia_Protocollo_Viola.txt,2
Emilia-Romagna,,,Consulta per le pari opportunita,Organismi di parità,Territorio,08_2406_rta_08_241015091330_4166---Protocollo_intesa_autonomia_abitativa_donne_vittime_di_violenza_CittMtrBO.txt,1
Valle d'Aosta/Vallée d'Aoste,,,Consulta per le pari opportunita,Organismi di parità,Territorio,02_2406_rta_02_240904124958_4166---lrn4del25feb2013.txt,1
Abruzzo,,,Dipartimento delle Pari Opportunita,Organismi di parità,Territorio,13_2406_rta_13_241122105938_4166---ACCORDOOPERATIVO.txt | 13_2406_rta_13_241122111153_4166---PROTOCOLLOCASTELDISANGROEASL.txt,2
Piemonte,,,Dipartimento per le Pari Opportunita,Organismi di parità,Territorio,01_2406_rta_01_240904120005_4166---protocollo.txt,1
Emilia-Romagna,,,Dipartimento per le Pari Opportunita della Presidenza del Consiglio dei Ministri,Organismi di parità,Territorio,08_2406_rta_08_241015091330_4166---Protocollo_intesa_autonomia_abitativa_donne_vittime_di_violenza_CittMtrBO.txt,1
Piemonte,,,Gender City Manager,Organismi di parità,Territorio,01_2406_rta_01_241002150739_4166---DeliberaCostituzioneOsservatorioSaluteDonne.txt,1
Lazio,,,Organismi di Parità,Organismi di parità,Territorio,12_2406_rta_12_241004144338_4166---06-ProtocolloComunediVALLECORSA.txt | 12_2406_rta_12_241004145108_4166---07-ProtocolloCONilComunediVILLASANTOSTEFANO.txt | 12_2406_rta_12_241004145702_4166---08-ProtocolloComunediFalvaterra.txt | 12_2406_rta_12_241007225239_4166---10-ProtocolloconilComunediCOLFELICE.txt | 12_2406_rta_12_241007235530_4166---ProtocolloconilComunediPastena.txt,5
Calabria,,,Organismi di Parità dei Comuni del proprio distretto,Organismi di parità,Territorio,18_2406_rta_18_240926103211_4166---PROTOCOLLOviolasottoscritto.txt,1
Lazio,,,Organismi di Parità dell'Ente Provincia,Organismi di parità,Territorio,12_2406_rta_12_241004134724_4166---02-ProtocolloconlaProvinciadiFrosinone.txt,1
Calabria,,,Osservatorio Regionale sulla Violenza di Genere,Organismi di parità,Territorio,18_2406_rta_18_240926103211_4166---PROTOCOLLOviolasottoscritto.txt,1
Veneto,,,"Presidenza del Consiglio dei Ministri, Dipartimento per i Diritti e le Pari Opportunita",Organismi di parità,Territorio,06_2406_rta_06_240916164102_4166---protocollopordenoneprefettura.txt,1
Piemonte,Vercelli,Vercelli,Referente del Nodo provinciale contro le discriminazioni della Provincia di Vercelli,Organismi di parità,Territorio,01_2406_rta_01_240920123646_4166---vercellieos.txt,1
Abruzzo,,,Servizio Pari Opportunita,Organismi di parità,Territorio,13_2406_rta_13_241122102615_4166---PROTOCOLLOD_INTESACOMUNEAQ_donatellatelliniCAV2023.txt,1
Lazio,,,Tavolo Provinciale sulle Pari Opportunita,Organismi di parità,Territorio,12_2406_rta_12_241004130514_4166---PROTOCOLLODIINTESAPERLAPROMOZIONEDISTRATEGIECONDIVISESULFENOMENODELLAVIOLENZADIGENERE(1).txt,1
Piemonte,,,Tavolo Provinciale sulle Pari Opportunita,Organismi di parità,Territorio,01_2406_rta_01_240904120005_4166---protocollo.txt,1
Emilia-Romagna,,,Uffici Pari opportunita,Organismi di parità,Territorio,08_2406_rta_08_241015091500_4166---Protocollo_autonomia_lavorativa_def.txt,1
Calabria,,,Uffici Pariterici,Organismi di parità,Territorio,18_2406_rta_18_240926103211_4166---PROTOCOLLOviolasottoscritto.txt,1
Piemonte,,,Ufficio Pari Opportunita,Organismi di parità,Territorio,01_2406_rta_01_241002150739_4166---DeliberaCostituzioneOsservatorioSaluteDonne.txt,1
Calabria,Cosenza,Cosenza,Ufficio della Consigliera di Parità della Provincia di Cosenza,Organismi di parità,Territorio,18_2406_rta_18_240926102407_4166---ProtocollointesaAISM_CentroLanzino_ReteREDCALABRIA_firmadigitale.txt | 18_2406_rta_18_240926102528_4166---PROTOCOLLOAISM_PICCOLAOPERA_firma.txt,2
Toscana,Arezzo,Arezzo,Ufficio delle Consigliere di Parità per la Provincia di Arezzo,Organismi di parità,Territorio,09_AREZZO Prot_2024-2026.txt,1
Valle d'Aosta/Vallée d'Aoste,,,consigliere regionale di Parità,Organismi di parità,Territorio,02_2406_rta_02_240904124958_4166---lrn4del25feb2013.txt,1
Toscana,,,Polizia provinciale,Altro,altro,09_GROSSETO 2022 fpdf.txt,1
Calabria,Catanzaro,Catanzaro,Presidente del Tribunale per i Minorenni di Catanzaro,Procura Minorile/ Tribunale minorile,Settore giudiziario,18_2406_rta_18_240926103211_4166---PROTOCOLLOviolasottoscritto.txt,1
Lazio,,,Amministrazione Provinciale,Province/Città metropolitane,Province/Città metropolitane,12_2406_rta_12_241007224201_4166---ProtocolloConilComunediARCE.txt,1
Piemonte,Biella,Biella,Amministrazione Provinciale di Biella,Province/Città metropolitane,Province/Città metropolitane,01_2406_rta_01_240904120005_4166---protocollo.txt | 01_2406_rta_01_240904122512_4166---accordoSFD.txt,2
Calabria,Catanzaro,Catanzaro,Amministrazione Provinciale di Catanzaro,Province/Città metropolitane,Province/Città metropolitane,18_2406_rta_18_240926102620_4166---protocollopercorsorosa.txt,1
Lazio,Frosinone,Frosinone,Amministrazione Provinciale di Frosinone,Province/Città metropolitane,Province/Città metropolitane,12_2406_rta_12_240926134140_4166---Protocollointesa.txt | 12_2406_rta_12_241004114912_4166---ProtocolloRetePrantiviolenzaFrosinone.txt | 12_2406_rta_12_241004130514_4166---PROTOCOLLODIINTESAPERLAPROMOZIONEDISTRATEGIECONDIVISESULFENOMENODELLAVIOLENZADIGENERE(1).txt | 12_2406_rta_12_241004133706_4166---ProtocollodiretePREFETTURAFrosinone(1).txt | 12_2406_rta_12_241004141331_4166---ConvenzioneconilComunediCECCANO.txt | 12_2406_rta_12_241008145357_4166---Protocollointeristituzionale2023.txt,6
Calabria,,,Amministrazione Provinciale di Reggio Calabria,Province/Città metropolitane,Province/Città metropolitane,18_2406_rta_18_240926102706_4166---protocollomondorosa2013.txt,1
Calabria,Vibo Valentia,Vibo Valentia,Amministrazione Provinciale di Vibo Valentia,Province/Città metropolitane,Province/Città metropolitane,18_2406_rta_18_240926102706_4166---protocollomondorosa2013.txt,1
Lazio,,,Amministrazioni Provinciali,Province/Città metropolitane,Province/Città metropolitane,12_2406_rta_12_241004144338_4166---06-ProtocolloComunediVALLECORSA.txt | 12_2406_rta_12_241004145108_4166---07-ProtocolloCONilComunediVILLASANTOSTEFANO.txt | 12_2406_rta_12_241004145702_4166---08-ProtocolloComunediFalvaterra.txt,3
Piemonte,,,Città Metropolitana,Province/Città metropolitane,Province/Città metropolitane,01_2406_rta_01_241002150739_4166---DeliberaCostituzioneOsservatorioSaluteDonne.txt,1
Toscana,Firenze,Firenze,Città Metropolitana di Firenze,Province/Città metropolitane,Province/Città metropolitane,09_FIRENZE Linee-di-indirizzo2024.txt,1
Liguria,Genova,Genova,Città Metropolitana di Genova,Province/Città metropolitane,Province/Città metropolitane,07_2406_rta_07_240916163956_4166---DGR477_2022_Protocollo.txt,1
Calabria,,Reggio Calabria,Città Metropolitana di Reggio Calabria,Province/Città metropolitane,Province/Città metropolitane,18_2406_rta_18_240926102943_4166---schemaAccordoCollaborazione499ARIEL_signed.txt,1
Piemonte,Torino,Torino,Città Metropolitana di Torino,Province/Città metropolitane,Province/Città metropolitane,01_2406_rta_01_240904162242_4166---CONVENZIONETRAASLTO3ESVOLTADONNA.txt | 01_2406_rta_01_241003113501_4166---CCVD1deliberaprotocolloccvd-2024eall1prot.txt,2
Veneto,Venezia,Venezia,Città Metropolitana di Venezia,Province/Città metropolitane,Province/Città metropolitane,05_2406_rta_05_240916131522_4166---protocolloaggiornamento2023.txt | 05_2406_rta_05_240916135305_4166---protocolloulss4.txt,2
Emilia-Romagna,Bologna,Bologna,Città metropolitana di Bologna,Province/Città metropolitane,Province/Città metropolitane,08_2406_rta_08_241015091310_4166---Accordo_Contrasto_alla_violenza_CittMtrBO.txt | 08_2406_rta_08_241015091330_4166---Protocollo_intesa_autonomia_abitativa_donne_vittime_di_violenza_CittMtrBO.txt | 08_2406_rta_08_241015091500_4166---Protocollo_autonomia_lavorativa_def.txt,3
Lombardia,,,PROVINCIA DI MONZA E DELLA BRIANZA,Province/Città metropolitane,Province/Città metropolitane,03_2406_rta_03_240926122051_4166---Protocollomonz.txt,1
Piemonte,Novara,Novara,PROVINCIA DI NOVARA,Province/Città metropolitane,Province/Città metropolitane,01_2406_rta_01_240904150044_4166---Protocollocav-irene2022-2025.txt,1
Lazio,,,Province,Province/Città metropolitane,Province/Città metropolitane,12_2406_rta_12_241004135803_4166---03-ConvenzioneTribunaleOrdinariodiFrosinone.txt,1
Lazio,,,Province autonome di Trento e Bolzano,Province/Città metropolitane,Province/Città metropolitane,12_2406_rta_12_241008103001_4166---16-Convenzioneconl'UniversitàECAMPUS.txt,1
Calabria,,,Provincia,Province/Città metropolitane,Province/Città metropolitane,18_2406_rta_18_240926102931_4166---PROT.2403-24.txt,1
Piemonte,,,"Provincia del Verbano Cusio Ossola, Servizio Sportello Donna",Province/Città metropolitane,Province/Città metropolitane,01_2406_rta_01_241003124847_4166---2024-8928-2perinvio.txt,1
Lazio,,,Provincia delegata,Province/Città metropolitane,Province/Città metropolitane,12_2406_rta_12_241008102339_4166---15-ConvenzionePreepost-Laureauniversitàdell'AQUILA.txt,1
Marche,Ancona,Ancona,Provincia di Ancona,Province/Città metropolitane,Province/Città metropolitane,11_2406_rta_11_240911113105_4166---PROTOCOLLO_OPERATIVO2024_CONINDIRIZZARIO_FIRMATO.txt,1
Toscana,Arezzo,Arezzo,Provincia di Arezzo,Province/Città metropolitane,Province/Città metropolitane,09_AREZZO Prot_2024-2026.txt,1
Marche,Ascoli Piceno,Ascoli Piceno,Provincia di Ascoli Piceno,Province/Città metropolitane,Province/Città metropolitane,11_2406_rta_11_240911113911_4166---AscoliPPROTOCOLLOoperativo_2019_2021.txt,1
Puglia,Bari,Bari,Provincia di Bari,Province/Città metropolitane,Province/Città metropolitane,16_2406_rta_16_250312162108_4166---protocollooperativoGioiadelColle_EMI.txt | 16_bari_protocollo operativo Gioia del Colle_EMI.txt,2
Lombardia,Bergamo,Bergamo,Provincia di Bergamo,Province/Città metropolitane,Province/Città metropolitane,03_2406_rta_03_240920124656_4166---ProtocolloantiviolenzaDEFINITIVO(1).txt | 03_2406_rta_03_240923114012_4166---23-9-2024ProtocolloReteRita_signed_signed_signedDEF_signed_signed-signed_signed(1).txt | 03_2406_rta_03_240924144947_4166---Protocollod'IntesaReteAntiviolenzaIsolaBergamascaeBassaValSanMartino2024.txt | 03_2406_rta_03_240926114940_4166---ProtocollodiintesaeAllegatoTecnico_SOTTOSCRITTO.txt,4
Piemonte,Biella,Biella,Provincia di Biella,Province/Città metropolitane,Province/Città metropolitane,01_2406_rta_01_240904121349_4166---convenzione.txt,1
Emilia-Romagna,Bologna,Bologna,Provincia di Bologna,Province/Città metropolitane,Province/Città metropolitane,08_2406_rta_08_241015091310_4166---Accordo_Contrasto_alla_violenza_CittMtrBO.txt,1
Lombardia,Brescia,Brescia,Provincia di Brescia,Province/Città metropolitane,Province/Città metropolitane,03_2406_rta_03_240923101524_4166---PROTOCOLLO_DI_INTESA_versione_DEFINITIVA2021.stamped.txt,1
Puglia,Brindisi,Brindisi,Provincia di Brindisi,Province/Città metropolitane,Province/Città metropolitane,16_2406_rta_16_250409174252_4166---Protocollo_Intesa_LARA.txt | 16_brindisi_Protocollo_Intesa_LARA.txt,2
Lombardia,Como,Como,Provincia di Como,Province/Città metropolitane,Province/Città metropolitane,03_2406_rta_03_240925144919_4166---RETEDICOMO-PROTOCOLLOINTERIST.17novembre2023(1).txt,1
Calabria,Cosenza,Cosenza,Provincia di Cosenza,Province/Città metropolitane,Province/Città metropolitane,18_2406_rta_18_240926103211_4166---PROTOCOLLOviolasottoscritto.txt,1
Lombardia,Cremona,Cremona,Provincia di Cremona,Province/Città metropolitane,Province/Città metropolitane,03_2406_rta_03_240918153252_4166---Protocollo+Appendice+LineeGuida_Datatodafirmare.txt,1
Marche,Fermo,Fermo,Provincia di Fermo,Province/Città metropolitane,Province/Città metropolitane,11_2406_rta_11_240911113757_4166---All.4ProtocolloReteAntiviolenzasottoscritto18.12.2023.txt,1
Puglia,Foggia,Foggia,Provincia di Foggia,Province/Città metropolitane,Province/Città metropolitane,16_2406_rta_16_250410122122_4166---Protocollo_Viola.txt | 16_foggia_Protocollo_Viola.txt,2
Emilia-Romagna,,,Provincia di Forli-Cesena,Province/Città metropolitane,Province/Città metropolitane,08_2406_rta_08_241015091621_4166---PROTOCOLLO_22.txt,1
Lazio,Frosinone,Frosinone,Provincia di Frosinone,Province/Città metropolitane,Province/Città metropolitane,12_2406_rta_12_241004134724_4166---02-ProtocolloconlaProvinciadiFrosinone.txt | 12_2406_rta_12_241007225239_4166---10-ProtocolloconilComunediCOLFELICE.txt | 12_2406_rta_12_241007235530_4166---ProtocolloconilComunediPastena.txt,3
Toscana,Grosseto,Grosseto,Provincia di Grosseto,Province/Città metropolitane,Province/Città metropolitane,09_GROSSETO 2022 fpdf.txt,1
Lombardia,Lecco,Lecco,Provincia di Lecco,Province/Città metropolitane,Province/Città metropolitane,03_2406_rta_03_240918153240_4166---Protocollod'intesaperl'IstituzionediunSistemaTerritorialeAntiviolenzainReteconAddendumSindacati.txt,1
Toscana,Livorno,Livorno,Provincia di Livorno,Province/Città metropolitane,Province/Città metropolitane,09_LIVORNO Protocollo_ RETE ANTIVIOLENZA_ LIVORNO.txt,1
Lombardia,Lodi,Lodi,Provincia di Lodi,Province/Città metropolitane,Province/Città metropolitane,03_2406_rta_03_240923111659_4166---ProtocolloantiviolenzaComunediLodi_scansioneconfirme_maggio2014.txt,1
Toscana,Lucca,Lucca,Provincia di Lucca,Province/Città metropolitane,Province/Città metropolitane,09_LUCCA PROV.txt,1
Marche,Macerata,Macerata,Provincia di Macerata,Province/Città metropolitane,Province/Città metropolitane,11_2406_rta_11_240911113235_4166---MacerataProtocollo2019_2022Firmato.txt,1
Lombardia,Mantova,Mantova,Provincia di Mantova,Province/Città metropolitane,Province/Città metropolitane,03_2406_rta_03_240918153156_4166---Protocollo_d'Intesa_Rete_Mantova.prot.txt,1
Toscana,Massa-Carrara,Massa Carrara,Provincia di Massa Carrara,Province/Città metropolitane,Province/Città metropolitane,09_APUANE_2015 Protocollo Prefettura.txt,1
Lombardia,Milano,Milano,Provincia di Milano,Province/Città metropolitane,Province/Città metropolitane,03_2406_rta_03_240920120751_4166---protocollodiintesa.txt,1
Emilia-Romagna,Modena,Modena,Provincia di Modena,Province/Città metropolitane,Province/Città metropolitane,08_2406_rta_08_241015091725_4166---Protoc-Prefett-2017.txt | 08_2406_rta_08_241015092024_4166---Protocollooperativo.txt,2
Veneto,Padova,Padova,Provincia di Padova,Province/Città metropolitane,Province/Città metropolitane,05_2406_rta_05_240918153458_4166---protocolloprovPadova.txt,1
Lombardia,Pavia,Pavia,Provincia di Pavia,Province/Città metropolitane,Province/Città metropolitane,03_2406_rta_03_240918151606_4166---A_RetePavia_Protocollo2021_e_Integrazioni2023_firmato_compressed.txt,1
Marche,,,Provincia di Pesaro e Urbino,Province/Città metropolitane,Province/Città metropolitane,11_2406_rta_11_240911113034_4166---protocollodireteantiviolenza2020-2022-uuvv.txt,1
Emilia-Romagna,Piacenza,Piacenza,Provincia di Piacenza,Province/Città metropolitane,Province/Città metropolitane,08_2406_rta_08_241015091832_4166---P.G.111546-2023PROTOCOLLOOPERATIVOFENOMENOVIOLENZADONNE(1).txt | 08_2406_rta_08_241015091917_4166---Protocollo2022-2024.txt | 08_2406_rta_08_241015092005_4166---DG216-2024.txt,3
Toscana,Pisa,Pisa,Provincia di Pisa,Province/Città metropolitane,Province/Città metropolitane,09_PISA PREF E PROV.txt,1
Toscana,Pistoia,Pistoia,Provincia di Pistoia,Province/Città metropolitane,Province/Città metropolitane,09_PISTOIA PROV .txt,1
Friuli-Venezia Giulia,Pordenone,Pordenone,Provincia di Pordenone,Province/Città metropolitane,Province/Città metropolitane,06_2406_rta_06_240916164102_4166---protocollopordenoneprefettura.txt,1
Toscana,Prato,Prato,Provincia di Prato,Province/Città metropolitane,Province/Città metropolitane,09_PRATO PREF.txt,1
Emilia-Romagna,,Reggio Emilia,Provincia di Reggio Emilia,Province/Città metropolitane,Province/Città metropolitane,08_2406_rta_08_241015091655_4166---Aggiornamentointegrazioneprotocollooperativoapprovatonelgiugno2008.txt,1
Emilia-Romagna,Rimini,Rimini,Provincia di Rimini,Province/Città metropolitane,Province/Città metropolitane,08_2406_rta_08_241015091553_4166---Protocollosullaviolenzadigenere_confirme_prot.txt,1
Lazio,Roma,Roma,Provincia di Roma,Province/Città metropolitane,Province/Città metropolitane,12_2406_rta_12_241008151247_4166---3.prot.txt,1
Lombardia,Sondrio,Sondrio,Provincia di Sondrio,Province/Città metropolitane,Province/Città metropolitane,03_2406_rta_03_240923102947_4166---ProtSOTTOSCRITTO_ReteAntiviolenzaPiuIntegrazioneAprile2024(1).txt,1
Puglia,Taranto,Taranto,Provincia di Taranto,Province/Città metropolitane,Province/Città metropolitane,16_2406_rta_16_250410170705_4166---protocolloPrefetturaProvinciaTaranto.txt | 16_taranto_protocollo Prefettura ProvinciaTaranto.txt,2
Abruzzo,Teramo,Teramo,Provincia di Teramo,Province/Città metropolitane,Province/Città metropolitane,13_2406_rta_13_241122103653_4166---protocollodirete_cavlafenice_provinciateramo.txt,1
Piemonte,Torino,Torino,Provincia di Torino,Province/Città metropolitane,Province/Città metropolitane,01_2406_rta_01_241003113501_4166---CCVD1deliberaprotocolloccvd-2024eall1prot.txt,1
Friuli-Venezia Giulia,Udine,Udine,Provincia di Udine,Province/Città metropolitane,Province/Città metropolitane,06_2406_rta_06_240916164153_4166---protocolloprefettura.txt,1
Lombardia,Varese,Varese,Provincia di Varese,Province/Città metropolitane,Province/Città metropolitane,"03_2406_rta_03_240923163715_4166---PROTOCOLLOD'INTESA2017_2020.txt | 03_2406_rta_03_240923164603_4166---ProtocolloreteantiviolenzaBusto,Gallarate,Saronno,SommaLombardo-2024.txt",2
Calabria,,,UPI Calabria,Province/Città metropolitane,Province/Città metropolitane,18_2406_rta_18_240926102706_4166---protocollomondorosa2013.txt,1
Lazio,,,province autonome di Trento e di Bolzano,Province/Città metropolitane,Province/Città metropolitane,12_2406_rta_12_241003104626_4166---PROTOCOLLODIINTESAMUNICIPIOXV.txt,1
Emilia-Romagna,Rimini,Rimini,Campus di Rimini,Università,Settore Educativo,08_2406_rta_08_241015091553_4166---Protocollosullaviolenzadigenere_confirme_prot.txt,1
Piemonte,,,Centro Interdisciplinare Ricerche e Studi delle Donne e di Genere dell'Università degli Studi di Torino (CIRSDE,Università,Settore Educativo,01_2406_rta_01_241002150739_4166---DeliberaCostituzioneOsservatorioSaluteDonne.txt,1
Veneto,Padova,Padova,"Centro di Ateneo per i Diritti Umani ""Antonio Papisca"" e cattedra UNESCO ""Diritti umani, democrazia e pace"" dell' Università degli Studi di Padova",Università,Settore Educativo,05_2406_rta_05_240916131522_4166---protocolloaggiornamento2023.txt,1
Lazio,Roma,Roma,Consiglio di Amministrazione di Sapienza Università di Roma,Università,Settore Educativo,12_2406_rta_12_241008095626_4166---Convenzioneconl'UniversitàLASAPIENZARoma.txt,1
Lazio,,,Dipartimenti universitari,Università,Settore Educativo,12_2406_rta_12_240926140522_4166---4ProtintCAVFRANCARAME-38-41(1).txt,1
Piemonte,Biella,Biella,Dipartimento Culture Politica e Società dell'Università degli Studi di Torino (Polo di Biella,Università,Settore Educativo,01_2406_rta_01_240904120005_4166---protocollo.txt | 01_2406_rta_01_240904121349_4166---convenzione.txt | 01_2406_rta_01_240904122512_4166---accordoSFD.txt,3
Piemonte,Torino,Torino,Dipartimento di Culture Politica e Società - Università di Torino,Università,Settore Educativo,01_2406_rta_01_240909110828_4166---PROTOCOLLOHELP.txt,1
Veneto,Verona,Verona,Dipartimento di Scienze giuridiche dell' Università di Verona,Università,Settore Educativo,05_2406_rta_05_240919124736_4166---Protocollo_per_contrasto_alla_violenza_di_genere.stamped.txt,1
Lombardia,Milano,Milano,Dipartimento di Sociologia e Ricerca Sociale dell'Università degli Studi di Milano - Bicocca,Università,Settore Educativo,03_2406_rta_03_240920120751_4166---protocollodiintesa.txt,1
Lazio,,,Facolta di Medicina e Psicologia,Università,Settore Educativo,12_2406_rta_12_241008095626_4166---Convenzioneconl'UniversitàLASAPIENZARoma.txt,1
Veneto,Venezia,Venezia,IUSVE Istituto Universitario Salesiano Venezia,Università,Settore Educativo,05_2406_rta_05_240916131522_4166---protocolloaggiornamento2023.txt,1
Lazio,Roma,Roma,Sapienza Università di Roma,Università,Settore Educativo,12_2406_rta_12_241008095626_4166---Convenzioneconl'UniversitàLASAPIENZARoma.txt,1
Lazio,,,Segreteria Studenti dei Corsi di Laurea di area psicologica della Facolta di Medicina e Psicologia,Università,Settore Educativo,12_2406_rta_12_241008095626_4166---Convenzioneconl'UniversitàLASAPIENZARoma.txt,1
Lombardia,,,Università,Università,Settore Educativo,03_2406_rta_03_240923163715_4166---PROTOCOLLOD'INTESA2017_2020.txt,1
Puglia,Bari,Bari,Università,Università,Settore Educativo,16_2406_rta_16_250409123532_4166---protocollooperativoTriggiano_reteantiviolenza.pdf.txt,1
Lombardia,,,Università Bicocca,Università,Settore Educativo,03_2406_rta_03_240923103647_4166---protocolloreteantiviolenzacinisello2019(1).txt,1
Veneto,Venezia,Venezia,Università Ca' Foscari di Venezia,Università,Settore Educativo,05_2406_rta_05_240916131522_4166---protocolloaggiornamento2023.txt,1
Veneto,Venezia,Venezia,Università Iuav di Venezia,Università,Settore Educativo,05_2406_rta_05_240916131522_4166---protocolloaggiornamento2023.txt,1
Lazio,Roma,Roma,Università ROMA TRE Roma,Università,Settore Educativo,12_2406_rta_12_240926113237_4166---Accordocavunuiversitari.txt,1
Lazio,Roma,Roma,Università Sapienza di Roma,Università,Settore Educativo,12_2406_rta_12_241002111710_4166---6protCAVSAPIENZA-SAPIENZAINMOVIMENTO.txt,1
Lazio,,,Università Telematica eCampus,Università,Settore Educativo,12_2406_rta_12_241008103001_4166---16-Convenzioneconl'UniversitàECAMPUS.txt,1
Abruzzo,,,"Università degli Studi ""Gabriele D'Annunzio"" Chieti-Pescara",Università,Settore Educativo,13_2406_rta_13_241122115416_4166---PROTOCOLLOPESCARA.txt,1
Lazio,Roma,Roma,Università degli Studi UNIVERSITAS MERCATORUM,Università,Settore Educativo,12_2406_rta_12_241008101410_4166---ConvenzioneconUniversitàMERCATORUM.txt,1
Abruzzo,L'Aquila,L'Aquila,Università degli Studi dell'Aquila,Università,Settore Educativo,12_2406_rta_12_241008102339_4166---15-ConvenzionePreepost-Laureauniversitàdell'AQUILA.txt,1
Lombardia,Bergamo,Bergamo,Università degli Studi di Bergamo,Università,Settore Educativo,03_2406_rta_03_240920124656_4166---ProtocolloantiviolenzaDEFINITIVO(1).txt | 03_2406_rta_03_240923114012_4166---23-9-2024ProtocolloReteRita_signed_signed_signedDEF_signed_signed-signed_signed(1).txt,2
Emilia-Romagna,,,Università degli Studi di Bologna - Dipartimento di Psicologia,Università,Settore Educativo,08_2406_rta_08_241015091621_4166---PROTOCOLLO_22.txt,1
Emilia-Romagna,Ferrara,Ferrara,Università degli Studi di Ferrara,Università,Settore Educativo,08_2406_rta_08_241015091355_4166---PROTOCOLLO_CONTRO_VIOLENZA_firmato2023.txt | 08_2406_rta_08_241015091430_4166---Protocollo_Distrettuale_Contrasto_violenza_Donne2023.stamped.txt,2
Toscana,Firenze,Firenze,Università degli Studi di Firenze,Università,Settore Educativo,09_LIVORNO Protocollo_ RETE ANTIVIOLENZA_ LIVORNO.txt,1
Puglia,Foggia,Foggia,Università degli Studi di Foggia,Università,Settore Educativo,16_2406_rta_16_250410122122_4166---Protocollo_Viola.txt | 16_foggia_Protocollo_Viola.txt,2
Liguria,Genova,Genova,Università degli Studi di Genova,Università,Settore Educativo,07_2406_rta_07_240916163956_4166---DGR477_2022_Protocollo.txt,1
Emilia-Romagna,,,Università degli Studi di Modena e Reggio Emilia,Università,Settore Educativo,08_2406_rta_08_241015091725_4166---Protoc-Prefett-2017.txt,1
Veneto,Padova,Padova,Università degli Studi di Padova,Università,Settore Educativo,05_2406_rta_05_240918153458_4166---protocolloprovPadova.txt,1
Lombardia,Pavia,Pavia,Università degli Studi di Pavia - CUG,Università,Settore Educativo,03_2406_rta_03_240918151606_4166---A_RetePavia_Protocollo2021_e_Integrazioni2023_firmato_compressed.txt,1
Toscana,Pisa,Pisa,Università degli Studi di Pisa,Università,Settore Educativo,09_PISA PREF E PROV.txt,1
Lazio,Roma,Roma,Università degli Studi di Roma Foro Italico,Università,Settore Educativo,12_2406_rta_12_241003105319_4166---PROTOCOLLODIINTES1_2601def-signed-signed.txt,1
Abruzzo,Teramo,Teramo,Università degli Studi di Teramo,Università,Settore Educativo,13_2406_rta_13_241122103653_4166---protocollodirete_cavlafenice_provinciateramo.txt,1
Piemonte,Torino,Torino,Università degli Studi di Torino,Università,Settore Educativo,01_2406_rta_01_240904121349_4166---convenzione.txt | 01_2406_rta_01_240909114524_4166---CONVENZIONEUNITO-SPORTANTIVIOLENZA.txt,2
Friuli-Venezia Giulia,Trieste,Trieste,Università degli Studi di Trieste,Università,Settore Educativo,06_2406_rta_06_240916164258_4166---Protocolloviolenzadomesticaedigenere_30.09.2019.txt,1
Lazio,,,Università della Tuscia,Università,Settore Educativo,12_2406_rta_12_240926115028_4166---ProtICROASLazioePonteDonna.txt | 12_2406_rta_12_241008112319_4166---protocollo25.11.2023.txt,2
Lazio,Viterbo,Viterbo,Università della Tuscia,Università,Settore Educativo,12_2406_rta_12_240926113237_4166---Accordocavunuiversitari.txt | 12_2406_rta_12_240926114327_4166---1AccordoPonteDonnaAliceNova.txt,2
Valle d'Aosta/Vallée d'Aoste,,,Università della Valle d'Aosta/Universite de la Vallee d'Aoste,Università,Settore Educativo,02_2406_rta_02_240904124958_4166---lrn4del25feb2013.txt,1
Marche,Macerata,Camerino,Università di Camerino,Università,Settore Educativo,11_2406_rta_11_240911113235_4166---MacerataProtocollo2019_2022Firmato.txt,1
Marche,Macerata,Macerata,Università di Macerata,Università,Settore Educativo,11_2406_rta_11_240911113235_4166---MacerataProtocollo2019_2022Firmato.txt,1
Emilia-Romagna,Modena,Modena,Università di Modena,Università,Settore Educativo,08_2406_rta_08_241015091655_4166---Aggiornamentointegrazioneprotocollooperativoapprovatonelgiugno2008.txt,1
Lazio,Roma,Roma,Università di Tor Vergata Roma,Università,Settore Educativo,12_2406_rta_12_240926113237_4166---Accordocavunuiversitari.txt,1
Piemonte,Torino,Torino,Università di Torino,Università,Settore Educativo,01_2406_rta_01_241002150739_4166---DeliberaCostituzioneOsservatorioSaluteDonne.txt,1
Veneto,Verona,Verona,Università di Verona,Università,Settore Educativo,05_2406_rta_05_240919124736_4166---Protocollo_per_contrasto_alla_violenza_di_genere.stamped.txt,1
Lombardia,Pavia,Pavia,OPI Pavia - Ordine delle Professioni Infermieristiche,"Altri ordini professionali (infermieri, ostetriche, giornalisti, commercialisti, ecc.)",associazionismo,03_2406_rta_03_240918151606_4166---A_RetePavia_Protocollo2021_e_Integrazioni2023_firmato_compressed.txt,1
Lombardia,Bergamo,Bergamo,Ordine Professioni Infermieristiche di Bergamo,"Altri ordini professionali (infermieri, ostetriche, giornalisti, commercialisti, ecc.)",associazionismo,03_2406_rta_03_240923114012_4166---23-9-2024ProtocolloReteRita_signed_signed_signedDEF_signed_signed-signed_signed(1).txt,1
Toscana,Siena,Siena,Ordine dei Dottori Commercialisti e degli Esperti Contabili di Siena,"Altri ordini professionali (infermieri, ostetriche, giornalisti, commercialisti, ecc.)",associazionismo,09_ALTA VALDELSA Protocollo-violenza-valdelsa-2022_ALTA VALDELSA.txt,1
Veneto,,,Ordine dei Giornalisti Friuli Venezia Giulia,"Altri ordini professionali (infermieri, ostetriche, giornalisti, commercialisti, ecc.)",associazionismo,06_2406_rta_06_240916164258_4166---Protocolloviolenzadomesticaedigenere_30.09.2019.txt,1
Marche,,,Ordine dei Giornalisti Marche,"Altri ordini professionali (infermieri, ostetriche, giornalisti, commercialisti, ecc.)",associazionismo,11_2406_rta_11_240911113235_4166---MacerataProtocollo2019_2022Firmato.txt,1
Piemonte,,,Ordine dei Giornalisti del Piemonte,"Altri ordini professionali (infermieri, ostetriche, giornalisti, commercialisti, ecc.)",associazionismo,01_2406_rta_01_240920123646_4166---vercellieos.txt | 01_2406_rta_01_241018142716_4166---protocolloreteVC.txt,2
Trento,,,Ordine dei Giornalisti del Veneto,"Altri ordini professionali (infermieri, ostetriche, giornalisti, commercialisti, ecc.)",associazionismo,05_2406_rta_05_240916131522_4166---protocolloaggiornamento2023.txt,1
Sardegna,,,Ordine dei Giornalisti della Sardegna,"Altri ordini professionali (infermieri, ostetriche, giornalisti, commercialisti, ecc.)",associazionismo,20_2406_rta_20_250620094616_4166---Delibera52-22del23.12.2024-Allegato1.txt,1
Emilia-Romagna,Ferrara,Ferrara,Ordine dei Giornalisti di Ferrara,"Altri ordini professionali (infermieri, ostetriche, giornalisti, commercialisti, ecc.)",associazionismo,08_2406_rta_08_241015091355_4166---PROTOCOLLO_CONTRO_VIOLENZA_firmato2023.txt,1
Trento,,,"Ordine dei Tecnici Sanitari di Radiologia Medica e Professioni Sanitarie Tecniche, della Riabilitazione e della Prevenzione","Altri ordini professionali (infermieri, ostetriche, giornalisti, commercialisti, ecc.)",associazionismo,05_2406_rta_05_240916131522_4166---protocolloaggiornamento2023.txt,1
Sardegna,,,"Ordine dei Tecnici sanitari di Radiologia Medica e delle Professioni Sanitarie tecniche, della riabilitazione e della Prevenzione di Cagliari e Oristano","Altri ordini professionali (infermieri, ostetriche, giornalisti, commercialisti, ecc.)",associazionismo,20_2406_rta_20_250620094616_4166---Delibera52-22del23.12.2024-Allegato1.txt,1
Sardegna,Nuoro,Nuoro,"Ordine dei Tecnici sanitari di Radiologia Medica e delle Professioni Sanitarie tecniche, della riabilitazione e della Prevenzione di Nuoro","Altri ordini professionali (infermieri, ostetriche, giornalisti, commercialisti, ecc.)",associazionismo,20_2406_rta_20_250620094616_4166---Delibera52-22del23.12.2024-Allegato1.txt,1
Sardegna,Sassari,Sassari,"Ordine dei Tecnici sanitari di Radiologia Medica e delle Professioni Sanitarie tecniche, della riabilitazione e della Prevenzione di Sassari","Altri ordini professionali (infermieri, ostetriche, giornalisti, commercialisti, ecc.)",associazionismo,20_2406_rta_20_250620094616_4166---Delibera52-22del23.12.2024-Allegato1.txt,1
Sardegna,,,"Ordine della Professione di Ostetrica di Cagliari e delle Province di Nuoro, Oristano e Sud Sardegna","Altri ordini professionali (infermieri, ostetriche, giornalisti, commercialisti, ecc.)",associazionismo,20_2406_rta_20_250620094616_4166---Delibera52-22del23.12.2024-Allegato1.txt,1
Sardegna,Sassari,Sassari,Ordine della Professione di Ostetrica di Sassari,"Altri ordini professionali (infermieri, ostetriche, giornalisti, commercialisti, ecc.)",associazionismo,20_2406_rta_20_250620094616_4166---Delibera52-22del23.12.2024-Allegato1.txt,1
Marche,Macerata,Macerata,Ordine delle Professioni Infermieristiche - Macerata,"Altri ordini professionali (infermieri, ostetriche, giornalisti, commercialisti, ecc.)",associazionismo,11_2406_rta_11_240911113235_4166---MacerataProtocollo2019_2022Firmato.txt,1
Sardegna,Cagliari,Cagliari,Ordine delle Professioni Infermieristiche di Cagliari,"Altri ordini professionali (infermieri, ostetriche, giornalisti, commercialisti, ecc.)",associazionismo,20_2406_rta_20_250620094616_4166---Delibera52-22del23.12.2024-Allegato1.txt,1
Sardegna,,,Ordine delle Professioni Infermieristiche di Carbonia Iglesias,"Altri ordini professionali (infermieri, ostetriche, giornalisti, commercialisti, ecc.)",associazionismo,20_2406_rta_20_250620094616_4166---Delibera52-22del23.12.2024-Allegato1.txt,1
Sardegna,Nuoro,Nuoro,Ordine delle Professioni Infermieristiche di Nuoro,"Altri ordini professionali (infermieri, ostetriche, giornalisti, commercialisti, ecc.)",associazionismo,20_2406_rta_20_250620094616_4166---Delibera52-22del23.12.2024-Allegato1.txt,1
Sardegna,Oristano,Oristano,Ordine delle Professioni Infermieristiche di Oristano,"Altri ordini professionali (infermieri, ostetriche, giornalisti, commercialisti, ecc.)",associazionismo,20_2406_rta_20_250620094616_4166---Delibera52-22del23.12.2024-Allegato1.txt,1
Sardegna,Sassari,Sassari,Ordine delle Professioni Infermieristiche di Sassari,"Altri ordini professionali (infermieri, ostetriche, giornalisti, commercialisti, ecc.)",associazionismo,20_2406_rta_20_250620094616_4166---Delibera52-22del23.12.2024-Allegato1.txt,1
Lombardia,Brescia,Ghedi,ASSOCIAZIONE IL CERCHIO DEGLI UOMINI,"Associazioni che si occupano di programmi di prevenzione, recupero e trattamento per uomini maltrattanti",associazionismo,03_2406_rta_03_240923171949_4166---PROTOCOLLOD'INTESARETETERRITORIALEANTIVIOLENZAVALLETROMPIA2024.txt | 03_2406_rta_03_240925150245_4166---ProtocolloReteARIAPalazzolo.txt,2
Lombardia,Milano,Milano,Associazione Forum Lou Salome' di Milano,"Associazioni che si occupano di programmi di prevenzione, recupero e trattamento per uomini maltrattanti",associazionismo,03_2406_rta_03_240920120751_4166---protocollodiintesa.txt,1
Lombardia,Brescia,Ghedi,Associazione La Svolta,"Associazioni che si occupano di programmi di prevenzione, recupero e trattamento per uomini maltrattanti",associazionismo,03_2406_rta_03_240923114012_4166---23-9-2024ProtocolloReteRita_signed_signed_signedDEF_signed_signed-signed_signed(1).txt,1
Lombardia,Brescia,Ghedi,Associazione La Svolta - Spazio ascolto uomini maltrattanti (CUAV,"Associazioni che si occupano di programmi di prevenzione, recupero e trattamento per uomini maltrattanti",associazionismo,03_2406_rta_03_240924144947_4166---Protocollod'IntesaReteAntiviolenzaIsolaBergamascaeBassaValSanMartino2024.txt,1
Puglia,,,CAM,"Associazioni che si occupano di programmi di prevenzione, recupero e trattamento per uomini maltrattanti",associazionismo,16_bari_protocollo operativo Putignano_EMI.txt,1
Toscana,,,CAM Centro Uomini Maltrattanti,"Associazioni che si occupano di programmi di prevenzione, recupero e trattamento per uomini maltrattanti",associazionismo,09_FIRENZE Linee-di-indirizzo2024.txt,1
Emilia-Romagna,Ferrara,Ferrara,CAM Centro di Ascolto per Uomini Maltrattanti APS di Ferrara,"Associazioni che si occupano di programmi di prevenzione, recupero e trattamento per uomini maltrattanti",associazionismo,08_2406_rta_08_241015091430_4166---Protocollo_Distrettuale_Contrasto_violenza_Donne2023.stamped.txt,1
Toscana,,,CAM Firenze,"Associazioni che si occupano di programmi di prevenzione, recupero e trattamento per uomini maltrattanti",associazionismo,09_ALTA VALDELSA Protocollo-violenza-valdelsa-2022_ALTA VALDELSA.txt,1
Lombardia,,,CIPM - Centro Italiano per la Promozione della Mediazione,"Associazioni che si occupano di programmi di prevenzione, recupero e trattamento per uomini maltrattanti",associazionismo,03_2406_rta_03_240923105244_4166---ProtocolloViolenzaMilanoFirme2023.txt,1
Basilicata,,,CUAV,"Associazioni che si occupano di programmi di prevenzione, recupero e trattamento per uomini maltrattanti",associazionismo,17_2406_rta_17_250506142731_4166---Tavolodicoordinamentoemonitoraggio30-01-24.txt,1
Marche,Ancona,Ancona,CUAV Centro Uomini Autori di Violenza Ancona,"Associazioni che si occupano di programmi di prevenzione, recupero e trattamento per uomini maltrattanti",associazionismo,11_2406_rta_11_240911113105_4166---PROTOCOLLO_OPERATIVO2024_CONINDIRIZZARIO_FIRMATO.txt,1
Abruzzo,,,CUAV-Centro Uomini Autori di Violenza,"Associazioni che si occupano di programmi di prevenzione, recupero e trattamento per uomini maltrattanti",associazionismo,13_2406_rta_13_241122115416_4166---PROTOCOLLOPESCARA.txt,1
Trento,,,Cambiamento Maschile,"Associazioni che si occupano di programmi di prevenzione, recupero e trattamento per uomini maltrattanti",associazionismo,05_2406_rta_05_240917141534_4166---protocollodiretefirmato.txt,1
Emilia-Romagna,,,"Centri LDV ""liberiamoci dalla Violenza","Associazioni che si occupano di programmi di prevenzione, recupero e trattamento per uomini maltrattanti",associazionismo,08_2406_rta_08_241015091553_4166---Protocollosullaviolenzadigenere_confirme_prot.txt,1
Lombardia,,,Centri di Ascolto Uomini Maltrattanti,"Associazioni che si occupano di programmi di prevenzione, recupero e trattamento per uomini maltrattanti",associazionismo,03_2406_rta_03_240918153252_4166---Protocollo+Appendice+LineeGuida_Datatodafirmare.txt,1
Veneto,Vicenza,Bassano del Grappa,Centro Ares,"Associazioni che si occupano di programmi di prevenzione, recupero e trattamento per uomini maltrattanti",associazionismo,05_2406_rta_05_240919114041_4166---protocollounicorevisionato2024.txt,1
Sardegna,,,Centro Ascolto Uomini Maltrattanti Sardegna (CAM Sardegna,"Associazioni che si occupano di programmi di prevenzione, recupero e trattamento per uomini maltrattanti",associazionismo,20_2406_rta_20_250620094616_4166---Delibera52-22del23.12.2024-Allegato1.txt,1
Trento,,,Centro Educativo Relazioni Affettive C.E.R.A per il recupero di chi agisce con violenza,"Associazioni che si occupano di programmi di prevenzione, recupero e trattamento per uomini maltrattanti",associazionismo,05_2406_rta_05_240916135305_4166---protocolloulss4.txt,1
Sardegna,,,Centro Italiano per la Promozione della Mediazione e la giustizia riparativa Sardegna (CIPM Sardegna,"Associazioni che si occupano di programmi di prevenzione, recupero e trattamento per uomini maltrattanti",associazionismo,20_2406_rta_20_250620094616_4166---Delibera52-22del23.12.2024-Allegato1.txt,1
Emilia-Romagna,,,Centro LDV (Liberiamoci dalla violenza - Centro di accompagnamento al cambiamento per uomini dell'Azienda Unità Sanitaria Locale di Modena - Servizio sanitario regionale Emilia Romagna,"Associazioni che si occupano di programmi di prevenzione, recupero e trattamento per uomini maltrattanti",associazionismo,08_2406_rta_08_241015091725_4166---Protoc-Prefett-2017.txt,1
Emilia-Romagna,,,Centro Pubblico LIBERIAMOCI DALLA VIOLENZA (LDV,"Associazioni che si occupano di programmi di prevenzione, recupero e trattamento per uomini maltrattanti",associazionismo,08_2406_rta_08_241015091430_4166---Protocollo_Distrettuale_Contrasto_violenza_Donne2023.stamped.txt,1
Abruzzo,,,Centro Uomini Autori di Violenza,"Associazioni che si occupano di programmi di prevenzione, recupero e trattamento per uomini maltrattanti",associazionismo,13_2406_rta_13_241122115416_4166---PROTOCOLLOPESCARA.txt,1
Toscana,Firenze,Firenze,Centro di Ascolto Uomini Maltrattanti,"Associazioni che si occupano di programmi di prevenzione, recupero e trattamento per uomini maltrattanti",associazionismo,09_PRATO PREF.txt,1
Lombardia,Cremona,Castelleone,Centro di Ascolto Uomini Maltrattanti - Castelleone,"Associazioni che si occupano di programmi di prevenzione, recupero e trattamento per uomini maltrattanti",associazionismo,03_2406_rta_03_240918153252_4166---Protocollo+Appendice+LineeGuida_Datatodafirmare.txt,1
Emilia-Romagna,Ferrara,Ferrara,Centro di Ascolto per Uomini Maltrattanti di Ferrara,"Associazioni che si occupano di programmi di prevenzione, recupero e trattamento per uomini maltrattanti",associazionismo,08_2406_rta_08_241015091355_4166---PROTOCOLLO_CONTRO_VIOLENZA_firmato2023.txt,1
Puglia,,,Centro per Uomini Autori di Violenza (CUAV,"Associazioni che si occupano di programmi di prevenzione, recupero e trattamento per uomini maltrattanti",associazionismo,16_lecce_Protocollo Operativo - Procedure integrate per la prevenzione e il contrasto alla violenza contro donne e minori - Copia_Marcato.txt,1
Puglia,Lecce,Campi Salentina,Centro per Uomini Autori di Violenza (CUAV,"Associazioni che si occupano di programmi di prevenzione, recupero e trattamento per uomini maltrattanti",associazionismo,16_2406_rta_16_250410144304_4166---ProtocolloOperativo-Procedureintegrateperlaprevenzioneeilcontrastoallaviolenzacontrodonneeminori-Copia_Marcato.txt,1
Veneto,Venezia,Venezia,Centro per gli autori di violenza GRU di Venezia Cooperativa Iside,"Associazioni che si occupano di programmi di prevenzione, recupero e trattamento per uomini maltrattanti",associazionismo,05_2406_rta_05_240916131522_4166---protocolloaggiornamento2023.txt,1
Trento,,,Centro per il trattamento degli autori di violenza 'Cambiamento Maschile,"Associazioni che si occupano di programmi di prevenzione, recupero e trattamento per uomini maltrattanti",associazionismo,05_2406_rta_05_240918144304_4166---Protocollo_ULSS2-DistrettoTreviso.txt,1
Trento,,,Gestori progettualita o servizi rivolti a uomini autori di violenza nelle relazioni affettive,"Associazioni che si occupano di programmi di prevenzione, recupero e trattamento per uomini maltrattanti",associazionismo,05_2406_rta_05_240916173648_4166---ULSS5Polesana_Protocollodirete.txt,1
Sardegna,,,Gruppo Ascolto Maltrattanti in Emersione (GAME) - Associazione Donne al Traguardo,"Associazioni che si occupano di programmi di prevenzione, recupero e trattamento per uomini maltrattanti",associazionismo,20_2406_rta_20_250620094616_4166---Delibera52-22del23.12.2024-Allegato1.txt,1
Lombardia,,,Il Cerchio degli Uomini,"Associazioni che si occupano di programmi di prevenzione, recupero e trattamento per uomini maltrattanti",associazionismo,03_2406_rta_03_240923101524_4166---PROTOCOLLO_DI_INTESA_versione_DEFINITIVA2021.stamped.txt,1
Lombardia,Milano,Legnano,Il Fiocco Bianco: Centro Clinico per Autori di Violenza di Legnano,"Associazioni che si occupano di programmi di prevenzione, recupero e trattamento per uomini maltrattanti",associazionismo,03_2406_rta_03_240920120751_4166---protocollodiintesa.txt,1
Emilia-Romagna,,,LDV Liberiamoci dalla Violenza,"Associazioni che si occupano di programmi di prevenzione, recupero e trattamento per uomini maltrattanti",associazionismo,08_2406_rta_08_241015092024_4166---Protocollooperativo.txt,1
Toscana,,,Nuovo Maschile. Uomini liberi dalla violenza,"Associazioni che si occupano di programmi di prevenzione, recupero e trattamento per uomini maltrattanti",associazionismo,09_PISA PREF E PROV.txt,1
Piemonte,,,Servizio Psicologico rivolto agli Autori di Violenza (S.P.A.M,"Associazioni che si occupano di programmi di prevenzione, recupero e trattamento per uomini maltrattanti",associazionismo,01_2406_rta_01_240904120005_4166---protocollo.txt,1
Trento,,,Servizio Un Nuovo Maschile (Cooperativa Sociale Peter Pan,"Associazioni che si occupano di programmi di prevenzione, recupero e trattamento per uomini maltrattanti",associazionismo,05_2406_rta_05_240916173648_4166---ULSS5Polesana_Protocollodirete.txt,1
Puglia,,,Servizio Uomini oltre la Violenza - Impegno Donna,"Associazioni che si occupano di programmi di prevenzione, recupero e trattamento per uomini maltrattanti",associazionismo,16_2406_rta_16_250410122122_4166---Protocollo_Viola.txt | 16_foggia_Protocollo_Viola.txt,2
Trento,,,Servizio uomini maltrattanti,"Associazioni che si occupano di programmi di prevenzione, recupero e trattamento per uomini maltrattanti",associazionismo,05_2406_rta_05_240919124736_4166---Protocollo_per_contrasto_alla_violenza_di_genere.stamped.txt,1
Abruzzo,Pescara,Pescara,A.R.C.I. Pescara APS,Ente terzo settore - ETS (iscritto al RUNTS)[1],associazionismo,13_2406_rta_13_241122115416_4166---PROTOCOLLOPESCARA.txt,1
Lombardia,Milano,Rho,ACLI - Associazioni Cristiane Lavoratori Italiani Circolo Acli Aperta...mente APS,Ente terzo settore - ETS (iscritto al RUNTS)[1],associazionismo,03_2406_rta_03_240926144324_4166---Protocollodiintesa.txt,1
Lombardia,,,ADPI - Donne Politica e Istituzioni,Ente terzo settore - ETS (iscritto al RUNTS)[1],associazionismo,03_2406_rta_03_240923101524_4166---PROTOCOLLO_DI_INTESA_versione_DEFINITIVA2021.stamped.txt,1
Lombardia,,,AICS - Ass. Italiana Cultura Sport,Ente terzo settore - ETS (iscritto al RUNTS)[1],associazionismo,03_2406_rta_03_240923101524_4166---PROTOCOLLO_DI_INTESA_versione_DEFINITIVA2021.stamped.txt,1
Emilia-Romagna,Bologna,Bologna,AIPI,Ente terzo settore - ETS (iscritto al RUNTS)[1],associazionismo,08_2406_rta_08_241015091330_4166---Protocollo_intesa_autonomia_abitativa_donne_vittime_di_violenza_CittMtrBO.txt,1
Lombardia,Milano,Bussero,ANPI Bussero,Ente terzo settore - ETS (iscritto al RUNTS)[1],associazionismo,03_2406_rta_03_240923113114_4166---ProtocolloReteAddaMartesanasottoscritto.txt,1
Lazio,Roma,Roma,ANTEAS Roma,Ente terzo settore - ETS (iscritto al RUNTS)[1],associazionismo,12_2406_rta_12_240927093424_4166---ProtVMunMerlin.txt | 12_2406_rta_12_241003111748_4166---ACCORDOMUNICIPIOROMAVeDIPPARIOPPROMACAPITALE_DD.txt,2
Lazio,Frosinone,Fiuggi,APS Calcutta,Ente terzo settore - ETS (iscritto al RUNTS)[1],associazionismo,12_2406_rta_12_240926134140_4166---Protocollointesa.txt,1
Lazio,Roma,Nettuno,APS MammeFuori,Ente terzo settore - ETS (iscritto al RUNTS)[1],associazionismo,12_2406_rta_12_240926123509_4166---2024.1153010-ACCORDOtraAPSPonteDonnaeAPSMammeFuoriCAVMarielleFranco-10-11(1).txt,1
Lazio,Roma,Grottaferrata,APS Ponte Donna,Ente terzo settore - ETS (iscritto al RUNTS)[1],associazionismo,12_2406_rta_12_240926112734_4166---3AccordoDistrettoVT4ePontedonna-signed(1).txt,1
Lazio,Latina,FORMIA,ARTEINSIEME Società' COOPERATIVA SOCIALE,Ente terzo settore - ETS (iscritto al RUNTS)[1],associazionismo,12_2406_rta_12_241004113737_4166---AccordodicollaborazioneArteinsieme.txt,1
Lombardia,,,ASI Ente di promozione sportiva e sociale - Comitato provinciale Bs,Ente terzo settore - ETS (iscritto al RUNTS)[1],associazionismo,03_2406_rta_03_240923101524_4166---PROTOCOLLO_DI_INTESA_versione_DEFINITIVA2021.stamped.txt,1
Lazio,Roma,Roma,ASS. DONNA & POLITICHE FAMILIARI,Ente terzo settore - ETS (iscritto al RUNTS)[1],associazionismo,12_2406_rta_12_240927093424_4166---ProtVMunMerlin.txt,1
Lombardia,Brescia,Ghedi,ASSOCIAZIONE ACLI,Ente terzo settore - ETS (iscritto al RUNTS)[1],associazionismo,03_2406_rta_03_240923171949_4166---PROTOCOLLOD'INTESARETETERRITORIALEANTIVIOLENZAVALLETROMPIA2024.txt,1
Lombardia,Brescia,Ghedi,ASSOCIAZIONE EVA,Ente terzo settore - ETS (iscritto al RUNTS)[1],associazionismo,03_2406_rta_03_240923171949_4166---PROTOCOLLOD'INTESARETETERRITORIALEANTIVIOLENZAVALLETROMPIA2024.txt,1
Lombardia,Brescia,Ghedi,ASSOCIAZIONE IRIDE,Ente terzo settore - ETS (iscritto al RUNTS)[1],associazionismo,03_2406_rta_03_240923171949_4166---PROTOCOLLOD'INTESARETETERRITORIALEANTIVIOLENZAVALLETROMPIA2024.txt,1
Piemonte,Novara,Borgomanero,ASSOCIAZIONE MAMRE ONLUS,Ente terzo settore - ETS (iscritto al RUNTS)[1],associazionismo,01_2406_rta_01_240904150044_4166---Protocollocav-irene2022-2025.txt,1
Lazio,,,ASSOCIAZIONE NAZIONALE VOLONTARIE TELEFONO ROSA - APS,Ente terzo settore - ETS (iscritto al RUNTS)[1],associazionismo,12_2406_rta_12_240926135421_4166---3protCAVFRANCARAME-28-30(1).txt | 12_2406_rta_12_241002115801_4166---3protCAVTITANO-IdeaPrisma82Coop.Soc.txt,2
Lazio,Roma,Roma,ASSOCIAZIONE NAZIONALE VOLONTARIE TELEFONO ROSA ONLUS,Ente terzo settore - ETS (iscritto al RUNTS)[1],associazionismo,12_2406_rta_12_241003093443_4166---7Protocollod'intesa-Donneinrinascita.txt,1
Lazio,,,ASSOCIAZIONE SOlidarieta LAica e REsponsabile - SO.LA.RE. ONLUS,Ente terzo settore - ETS (iscritto al RUNTS)[1],associazionismo,12_2406_rta_12_241002120506_4166---4protCAVTITANO-ASSOCIAZIONESolidarietàLaicaeResponsabileSO.LA.RE.Onlus.txt,1
Lazio,Frosinone,Ceccano,ASSOCIAZIONE VOLONTARIE TELEFONO ROSA FROSINONE REGIONELAZIO-ODV Centro di Orientamento per le Donne,Ente terzo settore - ETS (iscritto al RUNTS)[1],associazionismo,12_2406_rta_12_241008102339_4166---15-ConvenzionePreepost-Laureauniversitàdell'AQUILA.txt,1
Lombardia,Brescia,Brescia,AUSER Comprensorio di Brescia,Ente terzo settore - ETS (iscritto al RUNTS)[1],associazionismo,03_2406_rta_03_240923101524_4166---PROTOCOLLO_DI_INTESA_versione_DEFINITIVA2021.stamped.txt,1
Lazio,Latina,Sezze,AVIS,Ente terzo settore - ETS (iscritto al RUNTS)[1],associazionismo,12_2406_rta_12_241004144338_4166---06-ProtocolloComunediVALLECORSA.txt,1
Lombardia,Brescia,Brescia,Actionaid Gruppo locale Brescia,Ente terzo settore - ETS (iscritto al RUNTS)[1],associazionismo,03_2406_rta_03_240923101524_4166---PROTOCOLLO_DI_INTESA_versione_DEFINITIVA2021.stamped.txt,1
Liguria,Genova,Genova,Agora soc. coop. soc,Ente terzo settore - ETS (iscritto al RUNTS)[1],associazionismo,07_2406_rta_07_240916163933_4166---sub_14574431199510849525_Protocollo_LVLS-signed.txt,1
Toscana,Firenze,Firenze,Alice Cooperativa Sociale,Ente terzo settore - ETS (iscritto al RUNTS)[1],associazionismo,09_PRATO PREF.txt,1
Lazio,,,Alliance for African Assistance Italy,Ente terzo settore - ETS (iscritto al RUNTS)[1],associazionismo,12_2406_rta_12_241003110812_4166---ALLIANCEFORAFRICANASSISTANCE_colasantilopez.txt,1
Lazio,Roma,Roma,Amaita Intercultura APS,Ente terzo settore - ETS (iscritto al RUNTS)[1],associazionismo,12_2406_rta_12_241009123601_4166---5.accordo.txt,1
Piemonte,Biella,Biella,Anteo Impresa Cooperativa Sociale,Ente terzo settore - ETS (iscritto al RUNTS)[1],associazionismo,01_2406_rta_01_240904121349_4166---convenzione.txt,1
Puglia,Bari,Conversano,Aps Sud Est Donne,Ente terzo settore - ETS (iscritto al RUNTS)[1],associazionismo,16_bari_protocollo operativo Gioia del Colle_EMI.txt | 16_bari_protocollo operativo Grumo_EMI.txt,2
Lombardia,Cremona,Cremona,Arci Cremona,Ente terzo settore - ETS (iscritto al RUNTS)[1],associazionismo,03_2406_rta_03_240918153252_4166---Protocollo+Appendice+LineeGuida_Datatodafirmare.txt,1
Liguria,Genova,Genova,Arci Solidarieta Genova ODV,Ente terzo settore - ETS (iscritto al RUNTS)[1],associazionismo,07_2406_rta_07_240916163933_4166---sub_14574431199510849525_Protocollo_LVLS-signed.txt,1
Toscana,Pisa,Pontedera,Arnera Società Cooperativa Sociale,Ente terzo settore - ETS (iscritto al RUNTS)[1],associazionismo,09_PISA PREF E PROV.txt,1
Lombardia,,,Arti & Mestieri Sociali,Ente terzo settore - ETS (iscritto al RUNTS)[1],associazionismo,03_2406_rta_03_240923113114_4166---ProtocolloReteAddaMartesanasottoscritto.txt,1
Lazio,Frosinone,Ceccano,Ass.Volont. Telefono Rosa WAG FALCONE FrosinoneReg.Lazio-ODV,Ente terzo settore - ETS (iscritto al RUNTS)[1],associazionismo,12_2406_rta_12_241008095626_4166---Convenzioneconl'UniversitàLASAPIENZARoma.txt,1
Abruzzo,,,"Associazione ""DeA- Donne e Aiuto",Ente terzo settore - ETS (iscritto al RUNTS)[1],associazionismo,13_2406_rta_13_241122103901_4166---Protocollirete_ortonaelancianoCAVdonn.ÿ.txt | 13_2406_rta_13_241122104158_4166---Protocollirete_ortonaelancianoCAVdonn.ÿ.txt | 13_2406_rta_13_241122104842_4166---Protocollodirete_DAFNE.txt,3
Lombardia,Bergamo,Terno d'Isola,"Associazione ""Done de Teren"" - APS",Ente terzo settore - ETS (iscritto al RUNTS)[1],associazionismo,03_2406_rta_03_240924144947_4166---Protocollod'IntesaReteAntiviolenzaIsolaBergamascaeBassaValSanMartino2024.txt,1
Abruzzo,,,"Associazione ""I Colori dell'Iride",Ente terzo settore - ETS (iscritto al RUNTS)[1],associazionismo,13_2406_rta_13_241122103901_4166---Protocollirete_ortonaelancianoCAVdonn.ÿ.txt | 13_2406_rta_13_241122104158_4166---Protocollirete_ortonaelancianoCAVdonn.ÿ.txt,2
Abruzzo,,,"Associazione ""I Colori dell'lride",Ente terzo settore - ETS (iscritto al RUNTS)[1],associazionismo,13_2406_rta_13_241122104842_4166---Protocollodirete_DAFNE.txt,1
Marche,Macerata,Treia,"Associazione ""Il Lume",Ente terzo settore - ETS (iscritto al RUNTS)[1],associazionismo,11_2406_rta_11_240911113235_4166---MacerataProtocollo2019_2022Firmato.txt,1
Veneto,,,"Associazione ""Inter Pares",Ente terzo settore - ETS (iscritto al RUNTS)[1],associazionismo,06_2406_rta_06_240924164454_4166---protocollo_tempo_sospeso.txt,1
Abruzzo,,,"Associazione ""La Ninfea"" Onlus",Ente terzo settore - ETS (iscritto al RUNTS)[1],associazionismo,13_2406_rta_13_241122110421_4166---PROTOCOLLOOPERATIVO.txt,1
Puglia,Barletta-Andria-Trani,Andria,"Associazione ""RiscoprirSi... - APS",Ente terzo settore - ETS (iscritto al RUNTS)[1],associazionismo,16_2406_rta_16_250409161633_4166---29_prot_n_0090671_2024_PROT_OP-ODVPOLIZIADISTATO-RISCOPRIRSI.txt | 16_bat_29_prot_n_0090671_2024_PROT_OP - ODV POLIZIA DI STATO- RISCOPRIRSI.txt,2
Toscana,Massa-Carrara,Massa,Associazione A.R.P.A,Ente terzo settore - ETS (iscritto al RUNTS)[1],associazionismo,09_APUANE_2015 Protocollo Prefettura.txt,1
Lombardia,Brescia,Ghedi,Associazione ADL Zavidovici ONLUS - Impresa Sociale,Ente terzo settore - ETS (iscritto al RUNTS)[1],associazionismo,03_2406_rta_03_240923101524_4166---PROTOCOLLO_DI_INTESA_versione_DEFINITIVA2021.stamped.txt,1
Lazio,Viterbo,Viterbo,Associazione AMAN,Ente terzo settore - ETS (iscritto al RUNTS)[1],associazionismo,12_2406_rta_12_240926112823_4166---2AccordoDemetra_Aman.txt,1
Lazio,Roma,Morlupo,Associazione APS Happy Coaching and Counseling Roma,Ente terzo settore - ETS (iscritto al RUNTS)[1],associazionismo,12_2406_rta_12_241002105403_4166---2ProtCAVSAPIENZA-HAPPYCOACHINGANDCOUNSELING.txt,1
Lazio,Roma,Roma,Associazione Agedo Roma,Ente terzo settore - ETS (iscritto al RUNTS)[1],associazionismo,12_2406_rta_12_241003111748_4166---ACCORDOMUNICIPIOROMAVeDIPPARIOPPROMACAPITALE_DD.txt,1
Lazio,,,Associazione Alliance for African Assistance,Ente terzo settore - ETS (iscritto al RUNTS)[1],associazionismo,12_2406_rta_12_241002122243_4166---2ProtocolloAssociazioneAllianceforAfricanAssistance(002).txt,1
Toscana,Siena,Montepulciano,Associazione Amica Donna,Ente terzo settore - ETS (iscritto al RUNTS)[1],associazionismo,09_VALDICHIANA_all. decreto 37_2008 protocollo di intesa 2008.txt,1
Lombardia,Milano,Cinisello Balsamo,Associazione Amici della Casa dell'Accoglienza di Cinisello Balsamo,Ente terzo settore - ETS (iscritto al RUNTS)[1],associazionismo,03_2406_rta_03_240923103647_4166---protocolloreteantiviolenzacinisello2019(1).txt,1
Lombardia,Brescia,Ghedi,Associazione Amico Fragile,Ente terzo settore - ETS (iscritto al RUNTS)[1],associazionismo,03_2406_rta_03_240923163715_4166---PROTOCOLLOD'INTESA2017_2020.txt,1
Lombardia,Brescia,Ghedi,Associazione Argonaute,Ente terzo settore - ETS (iscritto al RUNTS)[1],associazionismo,03_2406_rta_03_240923102947_4166---ProtSOTTOSCRITTO_ReteAntiviolenzaPiuIntegrazioneAprile2024(1).txt,1
Toscana,Firenze,Castelfiorentino,Associazione Atelier Vantaggio Donna,Ente terzo settore - ETS (iscritto al RUNTS)[1],associazionismo,09_ALTA VALDELSA Protocollo-violenza-valdelsa-2022_ALTA VALDELSA.txt,1
Lazio,Roma,Castelnuovo di Porto,Associazione Avis,Ente terzo settore - ETS (iscritto al RUNTS)[1],associazionismo,12_2406_rta_12_241007235530_4166---ProtocolloconilComunediPastena.txt,1
Toscana,Massa-Carrara,Carrara,Associazione C.LF,Ente terzo settore - ETS (iscritto al RUNTS)[1],associazionismo,09_APUANE_2015 Protocollo Prefettura.txt,1
Lombardia,Brescia,Ghedi,Associazione Casa Betel 2000 ONLUS,Ente terzo settore - ETS (iscritto al RUNTS)[1],associazionismo,03_2406_rta_03_240923101524_4166---PROTOCOLLO_DI_INTESA_versione_DEFINITIVA2021.stamped.txt,1
Veneto,Vicenza,Bassano del Grappa,Associazione Casa Sichem,Ente terzo settore - ETS (iscritto al RUNTS)[1],associazionismo,05_2406_rta_05_240919114041_4166---protocollounicorevisionato2024.txt,1
Lazio,Roma,Roma,Associazione Casa delle Donne Lucha y Siesta,Ente terzo settore - ETS (iscritto al RUNTS)[1],associazionismo,12_2406_rta_12_240926143343_4166---2.1protocolloIntegra-CavMerlin(1).txt,1
Emilia-Romagna,Forli-Cesena,Cesena,Associazione Centro di Aiuto alla Vita di Cesena,Ente terzo settore - ETS (iscritto al RUNTS)[1],associazionismo,08_2406_rta_08_241015091621_4166---PROTOCOLLO_22.txt,1
Lombardia,Brescia,Ghedi,Associazione Comuni Bresciani,Ente terzo settore - ETS (iscritto al RUNTS)[1],associazionismo,03_2406_rta_03_240923101524_4166---PROTOCOLLO_DI_INTESA_versione_DEFINITIVA2021.stamped.txt,1
Lombardia,Milano,Cormano,Associazione Creazione Donna di Cormano,Ente terzo settore - ETS (iscritto al RUNTS)[1],associazionismo,03_2406_rta_03_240923103647_4166---protocolloreteantiviolenzacinisello2019(1).txt,1
Lombardia,Milano,Cinisello Balsamo,Associazione Culturale Domnia di Cinisello Balsamo,Ente terzo settore - ETS (iscritto al RUNTS)[1],associazionismo,03_2406_rta_03_240923103647_4166---protocolloreteantiviolenzacinisello2019(1).txt,1
Lombardia,Brescia,Brescia,"Associazione Culturale Islamica ""MUAMMADIAH"" via Volta - Brescia",Ente terzo settore - ETS (iscritto al RUNTS)[1],associazionismo,03_2406_rta_03_240923101524_4166---PROTOCOLLO_DI_INTESA_versione_DEFINITIVA2021.stamped.txt,1
Abruzzo,Chieti,Lanciano,Associazione Culturale Maria Luisa Brasile,Ente terzo settore - ETS (iscritto al RUNTS)[1],associazionismo,13_2406_rta_13_241122103901_4166---Protocollirete_ortonaelancianoCAVdonn.ÿ.txt | 13_2406_rta_13_241122104158_4166---Protocollirete_ortonaelancianoCAVdonn.ÿ.txt | 13_2406_rta_13_241122104842_4166---Protocollodirete_DAFNE.txt,3
Lombardia,Brescia,Ghedi,Associazione Culturale Orizzonte,Ente terzo settore - ETS (iscritto al RUNTS)[1],associazionismo,03_2406_rta_03_240920093134_4166---Protocollo_Intesa_Rete_Antiviolenza_SudEstMilano_Paullese_2021-2023.txt,1
Lombardia,Brescia,Ghedi,Associazione Culturale Theao,Ente terzo settore - ETS (iscritto al RUNTS)[1],associazionismo,03_2406_rta_03_240923113114_4166---ProtocolloReteAddaMartesanasottoscritto.txt,1
Lazio,Roma,Roma,Associazione Culturale Torraccia A.S.D,Ente terzo settore - ETS (iscritto al RUNTS)[1],associazionismo,12_2406_rta_12_241004090303_4166---2ProtCAVPAOLALATTESTorraccia(1).txt,1
Calabria,,,Associazione Differenza Donna,Ente terzo settore - ETS (iscritto al RUNTS)[1],associazionismo,18_2406_rta_18_240926102706_4166---protocollomondorosa2013.txt,1
Lazio,Roma,Roma,Associazione Differenza Donna - Associazione di Donne contro la violenza alle donne Onlus,Ente terzo settore - ETS (iscritto al RUNTS)[1],associazionismo,12_2406_rta_12_241003120714_4166---ASLROMA5_.txt,1
Lazio,Roma,Roma,Associazione Differenza Donna - ONLUS,Ente terzo settore - ETS (iscritto al RUNTS)[1],associazionismo,12_2406_rta_12_241003110309_4166---ProtocollodiIntesaMunicipio1eDD.txt,1
Lazio,Roma,Roma,Associazione Differenza Donna APS,Ente terzo settore - ETS (iscritto al RUNTS)[1],associazionismo,12_2406_rta_12_241003105319_4166---PROTOCOLLODIINTES1_2601def-signed-signed.txt | 12_2406_rta_12_241003105855_4166---ProtocollodiintesafirmatoASL1.txt | 12_2406_rta_12_241003110812_4166---ALLIANCEFORAFRICANASSISTANCE_colasantilopez.txt | 12_2406_rta_12_241003112247_4166---Accordodicollaborazione_CREDICI.txt | 12_2406_rta_12_241003112656_4166---AccordodicollaborazioneconsultorieDifferenzaDonna.txt | 12_2406_rta_12_241003113235_4166---Accordodifferenzadonna-29.09.2023-signed.txt | 12_2406_rta_12_241003113710_4166---Accordodicollaborazione_CREDICI.txt | 12_2406_rta_12_241003114931_4166---ProtocollodiintesaDifferenzaDonnaeMunicipio13.txt | 12_2406_rta_12_241003115852_4166---SISTEMABIBLIOTECARIOLASAPIENZA.txt,9
Lazio,Roma,Ladispoli,Associazione Dire,Ente terzo settore - ETS (iscritto al RUNTS)[1],associazionismo,12_2406_rta_12_241003111748_4166---ACCORDOMUNICIPIOROMAVeDIPPARIOPPROMACAPITALE_DD.txt,1
Abruzzo,Chieti,Ortona,Associazione Donn'e di Ortona,Ente terzo settore - ETS (iscritto al RUNTS)[1],associazionismo,13_2406_rta_13_241122103901_4166---Protocollirete_ortonaelancianoCAVdonn.ÿ.txt | 13_2406_rta_13_241122104158_4166---Protocollirete_ortonaelancianoCAVdonn.ÿ.txt | 13_2406_rta_13_241122104842_4166---Protocollodirete_DAFNE.txt,3
Lombardia,Brescia,Ghedi,Associazione Donna Sicura,Ente terzo settore - ETS (iscritto al RUNTS)[1],associazionismo,03_2406_rta_03_240923163715_4166---PROTOCOLLOD'INTESA2017_2020.txt,1
Lombardia,Brescia,Ghedi,Associazione Donne Giuriste -sezione di Como,Ente terzo settore - ETS (iscritto al RUNTS)[1],associazionismo,03_2406_rta_03_240925144919_4166---RETEDICOMO-PROTOCOLLOINTERIST.17novembre2023(1).txt,1
Toscana,Pisa,Pisa,Associazione Donne In Movimento,Ente terzo settore - ETS (iscritto al RUNTS)[1],associazionismo,09_PISA PREF E PROV.txt,1
Piemonte,Biella,Biella,Associazione Donne Nuove,Ente terzo settore - ETS (iscritto al RUNTS)[1],associazionismo,01_2406_rta_01_240904120005_4166---protocollo.txt | 01_2406_rta_01_240904121349_4166---convenzione.txt | 01_2406_rta_01_240904122512_4166---accordoSFD.txt,3
Lombardia,Brescia,Manerbio,Associazione Donne Oltre - Manerbio,Ente terzo settore - ETS (iscritto al RUNTS)[1],associazionismo,03_2406_rta_03_240923165401_4166---PROTOCOLLODIrete2020-2023_rev2confirmescan.txt,1
Lombardia,Brescia,Ghedi,Associazione Donne Senza Frontiere,Ente terzo settore - ETS (iscritto al RUNTS)[1],associazionismo,03_2406_rta_03_240918153252_4166---Protocollo+Appendice+LineeGuida_Datatodafirmare.txt,1
Friuli-Venezia Giulia,Udine,Udine,Associazione Donne in Rinascita,Ente terzo settore - ETS (iscritto al RUNTS)[1],associazionismo,12_2406_rta_12_241003093443_4166---7Protocollod'intesa-Donneinrinascita.txt,1
Lombardia,Brescia,Ghedi,Associazione Eos,Ente terzo settore - ETS (iscritto al RUNTS)[1],associazionismo,03_2406_rta_03_240923163715_4166---PROTOCOLLOD'INTESA2017_2020.txt,1
Toscana,Pisa,Pontedera,Associazione Eunice,Ente terzo settore - ETS (iscritto al RUNTS)[1],associazionismo,09_PISA PREF E PROV.txt,1
Lombardia,Brescia,Ghedi,Associazione Federfarma di Como,Ente terzo settore - ETS (iscritto al RUNTS)[1],associazionismo,03_2406_rta_03_240925144919_4166---RETEDICOMO-PROTOCOLLOINTERIST.17novembre2023(1).txt,1
Lombardia,Brescia,Ghedi,Associazione Fior di Loto,Ente terzo settore - ETS (iscritto al RUNTS)[1],associazionismo,03_2406_rta_03_240923114012_4166---23-9-2024ProtocolloReteRita_signed_signed_signedDEF_signed_signed-signed_signed(1).txt,1
Lombardia,Milano,Legnano,Associazione For My Security di Legnano,Ente terzo settore - ETS (iscritto al RUNTS)[1],associazionismo,03_2406_rta_03_240920120751_4166---protocollodiintesa.txt,1
Lombardia,Brescia,Ghedi,Associazione GenerAzione,Ente terzo settore - ETS (iscritto al RUNTS)[1],associazionismo,03_2406_rta_03_240920093134_4166---Protocollo_Intesa_Rete_Antiviolenza_SudEstMilano_Paullese_2021-2023.txt,1
Lazio,Roma,Roma,Associazione Gli Amici di Roberto OdV,Ente terzo settore - ETS (iscritto al RUNTS)[1],associazionismo,12_2406_rta_12_241004101038_4166---911protCAVPAOLALATTESAssociazioneGliAmicidiRobertoOdV(1).txt,1
Lombardia,Brescia,Desenzano del Garda,Associazione Gratitudine Onlus di Desenzano del Garda,Ente terzo settore - ETS (iscritto al RUNTS)[1],associazionismo,03_2406_rta_03_240923165401_4166---PROTOCOLLODIrete2020-2023_rev2confirmescan.txt,1
Emilia-Romagna,Forli-Cesena,Cesena,Associazione Grazia e Pace,Ente terzo settore - ETS (iscritto al RUNTS)[1],associazionismo,08_2406_rta_08_241015091621_4166---PROTOCOLLO_22.txt,1
Emilia-Romagna,Modena,Modena,Associazione Gruppo Donne e Giustizia,Ente terzo settore - ETS (iscritto al RUNTS)[1],associazionismo,08_2406_rta_08_241015091725_4166---Protoc-Prefett-2017.txt,1
Lombardia,Brescia,Ghedi,Associazione I care we care,Ente terzo settore - ETS (iscritto al RUNTS)[1],associazionismo,03_2406_rta_03_240918153252_4166---Protocollo+Appendice+LineeGuida_Datatodafirmare.txt,1
Lombardia,Brescia,Ghedi,Associazione Icore,Ente terzo settore - ETS (iscritto al RUNTS)[1],associazionismo,03_2406_rta_03_240923163715_4166---PROTOCOLLOD'INTESA2017_2020.txt,1
Lombardia,Brescia,Palazzolo sull'Oglio,Associazione Il Club APS di Palazzolo,Ente terzo settore - ETS (iscritto al RUNTS)[1],associazionismo,03_2406_rta_03_240925150245_4166---ProtocolloReteARIAPalazzolo.txt,1
Marche,Fermo,Fermo,Associazione Il Tempio di Bellona ASD - APS,Ente terzo settore - ETS (iscritto al RUNTS)[1],associazionismo,11_2406_rta_11_240911113757_4166---All.4ProtocolloReteAntiviolenzasottoscritto18.12.2023.txt,1
Lombardia,Como,Como,Associazione InfraMente,Ente terzo settore - ETS (iscritto al RUNTS)[1],associazionismo,03_2406_rta_03_240925144919_4166---RETEDICOMO-PROTOCOLLOINTERIST.17novembre2023(1).txt,1
Friuli-Venezia Giulia,Trieste,Trieste,Associazione InterPares Trieste,Ente terzo settore - ETS (iscritto al RUNTS)[1],associazionismo,06_2406_rta_06_240916164258_4166---Protocolloviolenzadomesticaedigenere_30.09.2019.txt,1
Friuli-Venezia Giulia,Trieste,Trieste,Associazione Interpares di Trieste,Ente terzo settore - ETS (iscritto al RUNTS)[1],associazionismo,06_2406_rta_06_240924164454_4166---protocollo_tempo_sospeso.txt,1
Lombardia,Milano,Legnano,Associazione Ipazia di Legnano,Ente terzo settore - ETS (iscritto al RUNTS)[1],associazionismo,03_2406_rta_03_240920120751_4166---protocollodiintesa.txt,1
Lazio,Roma,Roma,Associazione Italiana Sclerosi Multipla - AISM - Associazione di Promozione Sociale/APS - Ente del Terzo Settore/ETS - AISM APS ETS,Ente terzo settore - ETS (iscritto al RUNTS)[1],associazionismo,18_2406_rta_18_240926102407_4166---ProtocollointesaAISM_CentroLanzino_ReteREDCALABRIA_firmadigitale.txt,1
Calabria,,,Associazione Italiana Sclerosi Multipla - AISM APS ETS,Ente terzo settore - ETS (iscritto al RUNTS)[1],associazionismo,18_2406_rta_18_240926102528_4166---PROTOCOLLOAISM_PICCOLAOPERA_firma.txt,1
Lazio,Frosinone,Cassino,Associazione Kalimess ODV,Ente terzo settore - ETS (iscritto al RUNTS)[1],associazionismo,12_2406_rta_12_241004112805_4166---protocollod'intesa.txt,1
Abruzzo,Teramo,Atri,Associazione L'Elefante S.C.S. di Atri,Ente terzo settore - ETS (iscritto al RUNTS)[1],associazionismo,13_2406_rta_13_241122103653_4166---protocollodirete_cavlafenice_provinciateramo.txt,1
Lombardia,Brescia,Ghedi,"Associazione LEDHA, lega per i diritti delle persone con disabilita",Ente terzo settore - ETS (iscritto al RUNTS)[1],associazionismo,03_2406_rta_03_240923114012_4166---23-9-2024ProtocolloReteRita_signed_signed_signedDEF_signed_signed-signed_signed(1).txt,1
Toscana,Livorno,Livorno,Associazione LUI APS,Ente terzo settore - ETS (iscritto al RUNTS)[1],associazionismo,09_LIVORNO Protocollo_ RETE ANTIVIOLENZA_ LIVORNO.txt,1
Lazio,Roma,Roma,Associazione La GRU - Germogli di Rinascita Urbana APS,Ente terzo settore - ETS (iscritto al RUNTS)[1],associazionismo,12_2406_rta_12_241002110138_4166---3protCAVSAPIENZA-laGRU.txt,1
Lombardia,Milano,Baranzate,Associazione La Rotonda,Ente terzo settore - ETS (iscritto al RUNTS)[1],associazionismo,03_2406_rta_03_240926144324_4166---Protocollodiintesa.txt,1
Lombardia,Brescia,Ghedi,Associazione La Svolta,Ente terzo settore - ETS (iscritto al RUNTS)[1],associazionismo,03_2406_rta_03_240920124656_4166---ProtocolloantiviolenzaDEFINITIVO(1).txt,1
Lombardia,Cremona,San Giovanni in Croce,Associazione La Tenda di Cristo Onlus,Ente terzo settore - ETS (iscritto al RUNTS)[1],associazionismo,03_2406_rta_03_240918153252_4166---Protocollo+Appendice+LineeGuida_Datatodafirmare.txt,1
Marche,Ancona,Ancona,Associazione La Voce dei Bambini Onlus,Ente terzo settore - ETS (iscritto al RUNTS)[1],associazionismo,11_2406_rta_11_240911113105_4166---PROTOCOLLO_OPERATIVO2024_CONINDIRIZZARIO_FIRMATO.txt,1
Toscana,Pisa,Pomarance,Associazione Le Amiche di Mafalda,Ente terzo settore - ETS (iscritto al RUNTS)[1],associazionismo,09_PISA PREF E PROV.txt,1
Lombardia,Brescia,Ghedi,Associazione Ledha,Ente terzo settore - ETS (iscritto al RUNTS)[1],associazionismo,03_2406_rta_03_240920124656_4166---ProtocolloantiviolenzaDEFINITIVO(1).txt,1
Lombardia,Brescia,Ghedi,Associazione Lombarda Studi Politici Economici e Sociali (A.L.S.P.E.S,Ente terzo settore - ETS (iscritto al RUNTS)[1],associazionismo,03_2406_rta_03_240923113114_4166---ProtocolloReteAddaMartesanasottoscritto.txt,1
Lombardia,Milano,Abbiategrasso,Associazione Lule Onlus di Abbiategrasso,Ente terzo settore - ETS (iscritto al RUNTS)[1],associazionismo,03_2406_rta_03_240920120751_4166---protocollodiintesa.txt,1
Lombardia,Cremona,Cremona,Associazione Lyceum Club Internazionale di Cremona,Ente terzo settore - ETS (iscritto al RUNTS)[1],associazionismo,03_2406_rta_03_240918153252_4166---Protocollo+Appendice+LineeGuida_Datatodafirmare.txt,1
Lombardia,Cremona,Casalmaggiore,Associazione M.I.A. Onlus di Casalmaggiore,Ente terzo settore - ETS (iscritto al RUNTS)[1],associazionismo,03_2406_rta_03_240918153252_4166---Protocollo+Appendice+LineeGuida_Datatodafirmare.txt,1
Puglia,Brindisi,Brindisi,Associazione M.I.T.A.G. ONLUS,Ente terzo settore - ETS (iscritto al RUNTS)[1],associazionismo,16_2406_rta_16_250409174252_4166---Protocollo_Intesa_LARA.txt | 16_brindisi_Protocollo_Intesa_LARA.txt,2
Piemonte,Cuneo,Savigliano,Associazione MAI+SOLE,Ente terzo settore - ETS (iscritto al RUNTS)[1],associazionismo,01_2406_rta_01_240904110730_4166---protocollocontuttelefirme(1).txt | 01_2406_rta_01_240920112211_4166---367772-4-Protocollo_intesa_Completo.txt,2
Calabria,Catanzaro,Lamezia Terme,Associazione Mago Merlino onlus,Ente terzo settore - ETS (iscritto al RUNTS)[1],associazionismo,18_2406_rta_18_240926102814_4166---convenzDemetraIISCostanzoDecollatura2020.txt,1
Lombardia,Milano,Castano Primo,Associazione Maryflo' Children Onlus di Castano Primo,Ente terzo settore - ETS (iscritto al RUNTS)[1],associazionismo,03_2406_rta_03_240920120751_4166---protocollodiintesa.txt,1
Emilia-Romagna,Forli-Cesena,Cesena,Associazione Mater Caritatis,Ente terzo settore - ETS (iscritto al RUNTS)[1],associazionismo,08_2406_rta_08_241015091621_4166---PROTOCOLLO_22.txt,1
Lombardia,Milano,Sesto San Giovanni,Associazione Medici di Base di Sesto San Giovanni,Ente terzo settore - ETS (iscritto al RUNTS)[1],associazionismo,03_2406_rta_03_240923103647_4166---protocolloreteantiviolenzacinisello2019(1).txt,1
Emilia-Romagna,Bologna,Bologna,Associazione MondoDonna Onlus,Ente terzo settore - ETS (iscritto al RUNTS)[1],associazionismo,08_2406_rta_08_241015091500_4166---Protocollo_autonomia_lavorativa_def.txt,1
Lombardia,Brescia,Ghedi,Associazione Multietnica Terre Unite,Ente terzo settore - ETS (iscritto al RUNTS)[1],associazionismo,03_2406_rta_03_240923101524_4166---PROTOCOLLO_DI_INTESA_versione_DEFINITIVA2021.stamped.txt,1
Lombardia,Brescia,Ghedi,Associazione Nazionale Comuni Italiani - A.N.C.L,Ente terzo settore - ETS (iscritto al RUNTS)[1],associazionismo,03_2406_rta_03_240926123135_4166---ProtocollodiRete.txt,1
Lazio,Roma,Roma,Associazione Nazionale Volontarie Telefono Rosa - APS,Ente terzo settore - ETS (iscritto al RUNTS)[1],associazionismo,12_2406_rta_12_241002114038_4166---1protCAVTITANO-8-10DidascoSoc.Coop.Soc.txt | 12_2406_rta_12_241004095020_4166---8protCAVPAOLALATTES(ComitatodiQuartiereRebibbia(1).txt,2
Lazio,Roma,Roma,Associazione Nazionale Volontarie Telefono Rosa - ONLUS,Ente terzo settore - ETS (iscritto al RUNTS)[1],associazionismo,12_2406_rta_12_241003091037_4166---5Protocollid'intesa-Ass.Salvamamme(002).txt,1
Lazio,,,Associazione Nazionale Volontarie Telefono Rosa - OdV,Ente terzo settore - ETS (iscritto al RUNTS)[1],associazionismo,12_2406_rta_12_240926133452_4166---PISPICGIL.txt | 12_2406_rta_12_241001133138_4166---1protCAVSAPIENZA-COMITATODIQUARTIERESANLORENZO(1).txt | 12_2406_rta_12_241002111710_4166---6protCAVSAPIENZA-SAPIENZAINMOVIMENTO.txt | 12_2406_rta_12_241002120506_4166---4protCAVTITANO-ASSOCIAZIONESolidarietàLaicaeResponsabileSO.LA.RE.Onlus.txt | 12_2406_rta_12_241004093800_4166---6protCavPaolaLattesComitatodiQuartiere“CittadinidiColliAniene.txt,5
Lazio,Roma,Roma,Associazione Nazionale Volontarie Telefono Rosa - OdV,Ente terzo settore - ETS (iscritto al RUNTS)[1],associazionismo,12_2406_rta_12_241002110904_4166---5protCAVSAPIENZA-RUOTALIBERACOOPERATIVASOCIALE.txt | 12_2406_rta_12_241002113235_4166---8protCAVSAPIENZA-RETAKEROMAODV.txt | 12_2406_rta_12_241004090846_4166---3protCAVPAOLALATTESgenitoriperlascuola(1).txt,3
Lazio,,,Associazione Nazionale Volontarie Telefono Rosa Onlus,Ente terzo settore - ETS (iscritto al RUNTS)[1],associazionismo,12_2406_rta_12_241003095202_4166---8ProtocolloUIL.txt,1
Lazio,Roma,Roma,Associazione Nazionale Volontarie del Telefono Rosa - Onlus,Ente terzo settore - ETS (iscritto al RUNTS)[1],associazionismo,12_2406_rta_12_241003094302_4166---4VerbaleIncontroGiorgieLaGinestra-PROTOCOLLO.txt,1
Piemonte,,,Associazione Non Sei Sola Uscire dal Silenzio Contro la Violenza,Ente terzo settore - ETS (iscritto al RUNTS)[1],associazionismo,01_2406_rta_01_240904120005_4166---protocollo.txt | 01_2406_rta_01_240904122512_4166---accordoSFD.txt,2
Piemonte,Biella,Biella,Associazione Non sei sola. Uscire dal silenzio - Contro la violenza OdV,Ente terzo settore - ETS (iscritto al RUNTS)[1],associazionismo,01_2406_rta_01_240904121349_4166---convenzione.txt,1
Lombardia,Brescia,Ghedi,Associazione ONLUS Familiarmentenoi ETS,Ente terzo settore - ETS (iscritto al RUNTS)[1],associazionismo,03_2406_rta_03_240925144919_4166---RETEDICOMO-PROTOCOLLOINTERIST.17novembre2023(1).txt,1
Veneto,,,Associazione ONLUS S.O.S. Rosa,Ente terzo settore - ETS (iscritto al RUNTS)[1],associazionismo,06_2406_rta_06_240916164258_4166---Protocolloviolenzadomesticaedigenere_30.09.2019.txt,1
Veneto,,,Associazione ONLUS donna a DONNA,Ente terzo settore - ETS (iscritto al RUNTS)[1],associazionismo,06_2406_rta_06_240916164258_4166---Protocolloviolenzadomesticaedigenere_30.09.2019.txt,1
Toscana,Grosseto,Grosseto,Associazione Olympia de Gouges,Ente terzo settore - ETS (iscritto al RUNTS)[1],associazionismo,09_GROSSETO 2022 fpdf.txt,1
Marche,Ascoli Piceno,Folignano,Associazione On The Road Onlus,Ente terzo settore - ETS (iscritto al RUNTS)[1],associazionismo,11_2406_rta_11_240911113911_4166---AscoliPPROTOCOLLOoperativo_2019_2021.txt,1
Abruzzo,Teramo,Martinsicuro,Associazione On The Road di Martinsicuro,Ente terzo settore - ETS (iscritto al RUNTS)[1],associazionismo,13_2406_rta_13_241122103653_4166---protocollodirete_cavlafenice_provinciateramo.txt,1
Lombardia,Brescia,Ghedi,Associazione Onlus Con Noi e Dopo di Noi,Ente terzo settore - ETS (iscritto al RUNTS)[1],associazionismo,03_2406_rta_03_240923103647_4166---protocolloreteantiviolenzacinisello2019(1).txt,1
Toscana,,,Associazione P.A. Humanitas,Ente terzo settore - ETS (iscritto al RUNTS)[1],associazionismo,09_GROSSETO 2022 fpdf.txt,1
Lombardia,Milano,Abbiategrasso,Associazione Paroikia Onlus di Abbiategrasso,Ente terzo settore - ETS (iscritto al RUNTS)[1],associazionismo,03_2406_rta_03_240920120751_4166---protocollodiintesa.txt,1
Emilia-Romagna,,,Associazione Per le Donne,Ente terzo settore - ETS (iscritto al RUNTS)[1],associazionismo,08_2406_rta_08_241015091621_4166---PROTOCOLLO_22.txt,1
Calabria,,Reggio Calabria,Associazione Piccola Opera Papa Giovanni Onlus,Ente terzo settore - ETS (iscritto al RUNTS)[1],associazionismo,18_2406_rta_18_240926102528_4166---PROTOCOLLOAISM_PICCOLAOPERA_firma.txt,1
Lazio,Roma,Grottaferrata,Associazione Ponte Donna APS,Ente terzo settore - ETS (iscritto al RUNTS)[1],associazionismo,12_2406_rta_12_240926113112_4166---4AccordoSpaziosupportodonnaAPSPonteDonna.txt | 12_2406_rta_12_240926115028_4166---ProtICROASLazioePonteDonna.txt | 12_2406_rta_12_240926124601_4166---ACCORDOtrlepartiITSETLOIeMarielleFranco(1).txt,3
Lombardia,Brescia,Ghedi,Associazione Primo Passo,Ente terzo settore - ETS (iscritto al RUNTS)[1],associazionismo,03_2406_rta_03_240923113114_4166---ProtocolloReteAddaMartesanasottoscritto.txt,1
Lombardia,Milano,Abbiategrasso,Associazione Prospettiva Svezzamento Onlus di Abbiategrasso,Ente terzo settore - ETS (iscritto al RUNTS)[1],associazionismo,03_2406_rta_03_240920120751_4166---protocollodiintesa.txt,1
Toscana,Livorno,Livorno,Associazione Psicosfera,Ente terzo settore - ETS (iscritto al RUNTS)[1],associazionismo,09_LIVORNO Protocollo_ RETE ANTIVIOLENZA_ LIVORNO.txt,1
Veneto,Vicenza,Bassano del Grappa,Associazione Questacitta,Ente terzo settore - ETS (iscritto al RUNTS)[1],associazionismo,05_2406_rta_05_240919114041_4166---protocollounicorevisionato2024.txt,1
Toscana,Livorno,Livorno,Associazione Randi APS,Ente terzo settore - ETS (iscritto al RUNTS)[1],associazionismo,09_LIVORNO Protocollo_ RETE ANTIVIOLENZA_ LIVORNO.txt,1
Veneto,,,Associazione Rete DPI,Ente terzo settore - ETS (iscritto al RUNTS)[1],associazionismo,06_2406_rta_06_240916164258_4166---Protocolloviolenzadomesticaedigenere_30.09.2019.txt,1
Lombardia,Brescia,Iseo,Associazione Rete di Daphne di Iseo,Ente terzo settore - ETS (iscritto al RUNTS)[1],associazionismo,03_2406_rta_03_240925150245_4166---ProtocolloReteARIAPalazzolo.txt,1
Lazio,Frosinone,Sora,Associazione Risorse Donna APS,Ente terzo settore - ETS (iscritto al RUNTS)[1],associazionismo,12_2406_rta_12_241004112805_4166---protocollod'intesa.txt,1
Emilia-Romagna,Ravenna,Faenza,Associazione SOS Donna,Ente terzo settore - ETS (iscritto al RUNTS)[1],associazionismo,08_2406_rta_08_241015091500_4166---Protocollo_autonomia_lavorativa_def.txt,1
Lazio,,,Associazione Salvamamme,Ente terzo settore - ETS (iscritto al RUNTS)[1],associazionismo,12_2406_rta_12_241003091037_4166---5Protocollid'intesa-Ass.Salvamamme(002).txt,1
Piemonte,,,Associazione Save The Children Italia ONLUS,Ente terzo settore - ETS (iscritto al RUNTS)[1],associazionismo,01_2406_rta_01_240904120005_4166---protocollo.txt | 01_2406_rta_01_240904122512_4166---accordoSFD.txt,2
Piemonte,,,Associazione Se Non Ora Quando? Biella,Ente terzo settore - ETS (iscritto al RUNTS)[1],associazionismo,01_2406_rta_01_240904121349_4166---convenzione.txt,1
Piemonte,Biella,Biella,Associazione Se Non Ora Quando? Biella,Ente terzo settore - ETS (iscritto al RUNTS)[1],associazionismo,01_2406_rta_01_240904120005_4166---protocollo.txt | 01_2406_rta_01_240904122512_4166---accordoSFD.txt,2
Friuli-Venezia Giulia,Gorizia,Gorizia,Associazione Soroptimist Gorizia,Ente terzo settore - ETS (iscritto al RUNTS)[1],associazionismo,06_2406_rta_06_240916164258_4166---Protocolloviolenzadomesticaedigenere_30.09.2019.txt,1
Lombardia,Cremona,Crema,Associazione Soroptimist International d'Italia - Club di Crema,Ente terzo settore - ETS (iscritto al RUNTS)[1],associazionismo,03_2406_rta_03_240918153252_4166---Protocollo+Appendice+LineeGuida_Datatodafirmare.txt,1
Lombardia,Cremona,Cremona,Associazione Soroptimist International d'Italia - Club di Cremona,Ente terzo settore - ETS (iscritto al RUNTS)[1],associazionismo,03_2406_rta_03_240918153252_4166---Protocollo+Appendice+LineeGuida_Datatodafirmare.txt,1
Lombardia,Lecco,Lecco,Associazione Soroptimist International d'Italia - Club di Lecco,Ente terzo settore - ETS (iscritto al RUNTS)[1],associazionismo,03_2406_rta_03_240918153240_4166---Protocollod'intesaperl'IstituzionediunSistemaTerritorialeAntiviolenzainReteconAddendumSindacati.txt,1
Marche,Fermo,Fermo,Associazione Soroptimist International di Fermo,Ente terzo settore - ETS (iscritto al RUNTS)[1],associazionismo,11_2406_rta_11_240911113757_4166---All.4ProtocolloReteAntiviolenzasottoscritto18.12.2023.txt,1
Lazio,Viterbo,Oriolo Romano,Associazione Spazio Supporto Donna-APS,Ente terzo settore - ETS (iscritto al RUNTS)[1],associazionismo,12_2406_rta_12_240926113112_4166---4AccordoSpaziosupportodonnaAPSPonteDonna.txt,1
Puglia,Bari,Conversano,Associazione Sud Est Donne,Ente terzo settore - ETS (iscritto al RUNTS)[1],associazionismo,16_2406_rta_16_250312164250_4166---protocollooperativoGrumo_EMI.txt,1
Piemonte,Torino,Pinerolo,Associazione SvoltaDonna,Ente terzo settore - ETS (iscritto al RUNTS)[1],associazionismo,01_2406_rta_01_240909103717_4166---PROTOCOLLORETEANTIVIOLENZASVOLTADONNA.txt,1
Piemonte,Cuneo,Cuneo,Associazione Telefono Donna Cuneo ODV,Ente terzo settore - ETS (iscritto al RUNTS)[1],associazionismo,01_2406_rta_01_240920112211_4166---367772-4-Protocollo_intesa_Completo.txt,1
Lombardia,Milano,Pero,Associazione Terra Luna,Ente terzo settore - ETS (iscritto al RUNTS)[1],associazionismo,03_2406_rta_03_240926144324_4166---Protocollodiintesa.txt,1
Lazio,Roma,Roma,Associazione Tra le Donne,Ente terzo settore - ETS (iscritto al RUNTS)[1],associazionismo,12_2406_rta_12_240926140522_4166---4ProtintCAVFRANCARAME-38-41(1).txt,1
Lombardia,Brescia,Ghedi,Associazione Tutela la Persona,Ente terzo settore - ETS (iscritto al RUNTS)[1],associazionismo,03_2406_rta_03_240923163715_4166---PROTOCOLLOD'INTESA2017_2020.txt,1
Piemonte,Biella,Biella,Associazione Underground,Ente terzo settore - ETS (iscritto al RUNTS)[1],associazionismo,01_2406_rta_01_240904120005_4166---protocollo.txt | 01_2406_rta_01_240904122512_4166---accordoSFD.txt,2
Piemonte,Biella,Biella,Associazione Underground OdV,Ente terzo settore - ETS (iscritto al RUNTS)[1],associazionismo,01_2406_rta_01_240904121349_4166---convenzione.txt,1
Lombardia,Milano,Milano,Associazione Valeria di Milano,Ente terzo settore - ETS (iscritto al RUNTS)[1],associazionismo,03_2406_rta_03_240920120751_4166---protocollodiintesa.txt,1
Lombardia,Milano,Corsico,Associazione Ventunesimodonna di Corsico,Ente terzo settore - ETS (iscritto al RUNTS)[1],associazionismo,03_2406_rta_03_240926122707_4166---ProtocolloReteAntiviolenzaconfirme.txt,1
Piemonte,,,Associazione VocidiDONNE,Ente terzo settore - ETS (iscritto al RUNTS)[1],associazionismo,01_2406_rta_01_240904120005_4166---protocollo.txt | 01_2406_rta_01_240904121349_4166---convenzione.txt | 01_2406_rta_01_240904122512_4166---accordoSFD.txt,3
Lazio,Frosinone,Ceccano,Associazione Volontarie Telefono Rosa Frosinone,Ente terzo settore - ETS (iscritto al RUNTS)[1],associazionismo,12_2406_rta_12_241008101410_4166---ConvenzioneconUniversitàMERCATORUM.txt,1
Lazio,Frosinone,Ceccano,Associazione Volontarie Telefono Rosa Frosinone Regione Lazio ODV,Ente terzo settore - ETS (iscritto al RUNTS)[1],associazionismo,12_2406_rta_12_241004134724_4166---02-ProtocolloconlaProvinciadiFrosinone.txt,1
Lazio,,,Associazione Volontarie Telefono Rosa Frosinone- Regione Lazio ODV,Ente terzo settore - ETS (iscritto al RUNTS)[1],associazionismo,12_2406_rta_12_240926134140_4166---Protocollointesa.txt,1
Lazio,,,Associazione Volontarie del Telefono Rosa Frosinone Regione Lazio ODV,Ente terzo settore - ETS (iscritto al RUNTS)[1],associazionismo,12_2406_rta_12_241004135803_4166---03-ConvenzioneTribunaleOrdinariodiFrosinone.txt,1
Lombardia,Cremona,Cremona,Associazione Zonta International - Zonta Club Cremona,Ente terzo settore - ETS (iscritto al RUNTS)[1],associazionismo,03_2406_rta_03_240918153252_4166---Protocollo+Appendice+LineeGuida_Datatodafirmare.txt,1
Abruzzo,Chieti,San Giovanni Teatino,"Associazione di Promozione Sociale ""La Ninfea",Ente terzo settore - ETS (iscritto al RUNTS)[1],associazionismo,13_2406_rta_13_241122105938_4166---ACCORDOOPERATIVO.txt,1
Abruzzo,L'Aquila,Sulmona,"Associazione di Promozione Sociale ""La Ninfea"" di Sulmona",Ente terzo settore - ETS (iscritto al RUNTS)[1],associazionismo,13_2406_rta_13_241122111153_4166---PROTOCOLLOCASTELDISANGROEASL.txt,1
Calabria,Cosenza,Cosenza,"Associazione di Promozione Sociale Centro contro la violenza alle donne ""Roberta Lanzino"" APS",Ente terzo settore - ETS (iscritto al RUNTS)[1],associazionismo,18_2406_rta_18_240926102407_4166---ProtocollointesaAISM_CentroLanzino_ReteREDCALABRIA_firmadigitale.txt,1
Lazio,Roma,Roma,Associazione di Promozione Sociale Genitori x la Scuola - APS,Ente terzo settore - ETS (iscritto al RUNTS)[1],associazionismo,12_2406_rta_12_241004090846_4166---3protCAVPAOLALATTESgenitoriperlascuola(1).txt,1
Lombardia,Milano,Paderno Dugnano,Associazione di Promozione Sociale White Mathilda,Ente terzo settore - ETS (iscritto al RUNTS)[1],associazionismo,03_2406_rta_03_240926144324_4166---Protocollodiintesa.txt,1
Calabria,Cosenza,Paterno Calabro,"Associazione di Promozione sociale ""Donneincammino",Ente terzo settore - ETS (iscritto al RUNTS)[1],associazionismo,18_2406_rta_18_240926102419_4166---protocollodiintesaterritorialeunito.txt,1
Abruzzo,Chieti,San Giovanni Teatino,"Associazione di promozione sociale ""La Ninfea"" Onlus",Ente terzo settore - ETS (iscritto al RUNTS)[1],associazionismo,13_2406_rta_13_241122111153_4166---PROTOCOLLOCASTELDISANGROEASL.txt,1
Lazio,Roma,Roma,Associazione di promozione sociale DOMUS ASF,Ente terzo settore - ETS (iscritto al RUNTS)[1],associazionismo,12_2406_rta_12_241008150836_4166---2.prot.txt,1
Abruzzo,Chieti,San Giovanni Teatino,Associazione di promozione sociale Donn.e,Ente terzo settore - ETS (iscritto al RUNTS)[1],associazionismo,13_2406_rta_13_241122103901_4166---Protocollirete_ortonaelancianoCAVdonn.ÿ.txt | 13_2406_rta_13_241122104158_4166---Protocollirete_ortonaelancianoCAVdonn.ÿ.txt | 13_2406_rta_13_241122104428_4166---Protocollorete_ortonaCAVconsultoriodiocesano.txt,3
Lombardia,Brescia,Ghedi,Associazione di promozione sociale Metafamiglia,Ente terzo settore - ETS (iscritto al RUNTS)[1],associazionismo,03_2406_rta_03_240923102947_4166---ProtSOTTOSCRITTO_ReteAntiviolenzaPiuIntegrazioneAprile2024(1).txt,1
Puglia,Foggia,Foggia,Associazione di volontariato ViOLA Dauna,Ente terzo settore - ETS (iscritto al RUNTS)[1],associazionismo,16_2406_rta_16_250410122122_4166---Protocollo_Viola.txt | 16_foggia_Protocollo_Viola.txt,2
Lazio,Frosinone,Ceccano,Associazione volontarie Telefono Rosa Frosinone Regione Lazio ODV - Centro di Orientamento per le Donne,Ente terzo settore - ETS (iscritto al RUNTS)[1],associazionismo,12_2406_rta_12_241008103723_4166---17-ConvenzioneconilLiceoScientificoeLinguisticoCECCANO.txt | 12_2406_rta_12_241008104436_4166---18-ConvenzioneconilLiceoScientificoelinguisticoMartinoFileticodiFERENTINO.txt,2
Veneto,,,Associazioni,Ente terzo settore - ETS (iscritto al RUNTS)[1],associazionismo,06_2406_rta_06_240916164122_4166---prot_n_0119980_2024_Accordo(firmato).txt,1
Lazio,,,Associazioni Terzo Settore,Ente terzo settore - ETS (iscritto al RUNTS)[1],associazionismo,12_2406_rta_12_241008112319_4166---protocollo25.11.2023.txt,1
Lazio,,,Associazioni contro la violenza,Ente terzo settore - ETS (iscritto al RUNTS)[1],associazionismo,12_2406_rta_12_241004145108_4166---07-ProtocolloCONilComunediVILLASANTOSTEFANO.txt,1
Lazio,,,Associazioni del Terzo Settore,Ente terzo settore - ETS (iscritto al RUNTS)[1],associazionismo,12_2406_rta_12_240926133706_4166---STAR.txt,1
Toscana,,,Associazioni del Terzo Settore,Ente terzo settore - ETS (iscritto al RUNTS)[1],associazionismo,09_LUCCA PROV.txt,1
Lombardia,,,Associazioni del privato sociale,Ente terzo settore - ETS (iscritto al RUNTS)[1],associazionismo,03_2406_rta_03_240923163715_4166---PROTOCOLLOD'INTESA2017_2020.txt,1
Lombardia,Milano,Legnano,Auser Ticino Olona di Legnano,Ente terzo settore - ETS (iscritto al RUNTS)[1],associazionismo,03_2406_rta_03_240920120751_4166---protocollodiintesa.txt,1
Lazio,Frosinone,Frosinone,Auser del Frusinate,Ente terzo settore - ETS (iscritto al RUNTS)[1],associazionismo,12_2406_rta_12_240926134140_4166---Protocollointesa.txt,1
Lombardia,Bergamo,Zanica,Banca del Tempo,Ente terzo settore - ETS (iscritto al RUNTS)[1],associazionismo,03_2406_rta_03_240920093134_4166---Protocollo_Intesa_Rete_Antiviolenza_SudEstMilano_Paullese_2021-2023.txt,1
Lazio,Roma,Roma,Be Free,Ente terzo settore - ETS (iscritto al RUNTS)[1],associazionismo,12_2406_rta_12_241003111748_4166---ACCORDOMUNICIPIOROMAVeDIPPARIOPPROMACAPITALE_DD.txt,1
Lazio,Roma,Roma,Be Free Società Cooperativa Sociale,Ente terzo settore - ETS (iscritto al RUNTS)[1],associazionismo,12_2406_rta_12_241004113215_4166---Protocollod'intesaP.L.Cerveteri-BeFree.txt | 12_2406_rta_12_241008150836_4166---2.prot.txt | 12_2406_rta_12_241008151247_4166---3.prot.txt,3
Lombardia,,,Brigata Volontaria Lupo Rosso,Ente terzo settore - ETS (iscritto al RUNTS)[1],associazionismo,03_2406_rta_03_240920093134_4166---Protocollo_Intesa_Rete_Antiviolenza_SudEstMilano_Paullese_2021-2023.txt,1
Lombardia,Brescia,Brescia,Butterfly Società Cooperativa Sociale,Ente terzo settore - ETS (iscritto al RUNTS)[1],associazionismo,03_2406_rta_03_240923101524_4166---PROTOCOLLO_DI_INTESA_versione_DEFINITIVA2021.stamped.txt,1
Abruzzo,Pescara,Pescara,C.L.F. Provinciale Pescara APS,Ente terzo settore - ETS (iscritto al RUNTS)[1],associazionismo,13_2406_rta_13_241122115416_4166---PROTOCOLLOPESCARA.txt,1
Lombardia,,,C.T.A.-Centro di Terapia dell'Adolescenza SCRL Onlus,Ente terzo settore - ETS (iscritto al RUNTS)[1],associazionismo,03_2406_rta_03_240923113114_4166---ProtocolloReteAddaMartesanasottoscritto.txt,1
Abruzzo,Pescara,Pescara,CAMBIAMENTI APS,Ente terzo settore - ETS (iscritto al RUNTS)[1],associazionismo,13_2406_rta_13_241122115416_4166---PROTOCOLLOPESCARA.txt,1
Lombardia,Bergamo,Lovere,CIF,Ente terzo settore - ETS (iscritto al RUNTS)[1],associazionismo,03_2406_rta_03_240923171949_4166---PROTOCOLLOD'INTESARETETERRITORIALEANTIVIOLENZAVALLETROMPIA2024.txt,1
Lombardia,Cremona,Cremona,CIVITAS,Ente terzo settore - ETS (iscritto al RUNTS)[1],associazionismo,03_2406_rta_03_240923171949_4166---PROTOCOLLOD'INTESARETETERRITORIALEANTIVIOLENZAVALLETROMPIA2024.txt,1
Piemonte,Torino,Pinerolo,COESA PINEROLO s.c.a. a r.l,Ente terzo settore - ETS (iscritto al RUNTS)[1],associazionismo,01_2406_rta_01_240909110828_4166---PROTOCOLLOHELP.txt,1
Puglia,,,COOP. SOC. PROMOZIONE SOCIALE E SOLIDARIETA,Ente terzo settore - ETS (iscritto al RUNTS)[1],associazionismo,16_bat_convenzione CAV - ASL BT.txt,1
Lombardia,Brescia,Ospitaletto,COOPERATIVA SOCIALE FRATERNITA' IMPRONTA,Ente terzo settore - ETS (iscritto al RUNTS)[1],associazionismo,03_2406_rta_03_240923171949_4166---PROTOCOLLOD'INTESARETETERRITORIALEANTIVIOLENZAVALLETROMPIA2024.txt,1
Lombardia,Como,Fino Mornasco,COOPERATIVA SOCIALE LA VELA,Ente terzo settore - ETS (iscritto al RUNTS)[1],associazionismo,03_2406_rta_03_240923171949_4166---PROTOCOLLOD'INTESARETETERRITORIALEANTIVIOLENZAVALLETROMPIA2024.txt,1
Lombardia,Cremona,Cremona,COSPER Società Cooperativa Sociale Impresa Sociale,Ente terzo settore - ETS (iscritto al RUNTS)[1],associazionismo,03_2406_rta_03_240918153252_4166---Protocollo+Appendice+LineeGuida_Datatodafirmare.txt,1
Lombardia,,,CSI - Centro Sportivo Italiano,Ente terzo settore - ETS (iscritto al RUNTS)[1],associazionismo,03_2406_rta_03_240923101524_4166---PROTOCOLLO_DI_INTESA_versione_DEFINITIVA2021.stamped.txt,1
Lombardia,,,CSV - Centro Servizi Volontariato,Ente terzo settore - ETS (iscritto al RUNTS)[1],associazionismo,03_2406_rta_03_240923101524_4166---PROTOCOLLO_DI_INTESA_versione_DEFINITIVA2021.stamped.txt,1
Abruzzo,,,Caritas Diocesana,Ente terzo settore - ETS (iscritto al RUNTS)[1],associazionismo,13_2406_rta_13_241122101856_4166---Protocollodirete_AlphaGuardiagrele.txt | 13_2406_rta_13_241122105540_4166---protocollodirete_vastodonnattiva.txt,2
Abruzzo,Chieti,Chieti,Caritas Diocesana di Chieti,Ente terzo settore - ETS (iscritto al RUNTS)[1],associazionismo,13_2406_rta_13_241122101856_4166---Protocollodirete_AlphaGuardiagrele.txt,1
Friuli-Venezia Giulia,Pordenone,Pordenone,Caritas Diocesi Concordia- Pordenone,Ente terzo settore - ETS (iscritto al RUNTS)[1],associazionismo,06_2406_rta_06_240916164102_4166---protocollopordenoneprefettura.txt,1
Lombardia,Milano,Mediglia,Caritas Mediglia,Ente terzo settore - ETS (iscritto al RUNTS)[1],associazionismo,03_2406_rta_03_240920093134_4166---Protocollo_Intesa_Rete_Antiviolenza_SudEstMilano_Paullese_2021-2023.txt,1
Lombardia,Milano,Rho,Caritas cittadina - Associazione Briciole di pane - Charity Rho - ODV,Ente terzo settore - ETS (iscritto al RUNTS)[1],associazionismo,03_2406_rta_03_240926144324_4166---Protocollodiintesa.txt,1
Friuli-Venezia Giulia,Pordenone,Pordenone,Caritas della Diocesi Concordia ~ Pordenone,Ente terzo settore - ETS (iscritto al RUNTS)[1],associazionismo,06_2406_rta_06_240916164102_4166---protocollopordenoneprefettura.txt,1
Lombardia,,,Ce.A.S. Onlus - Centro Ambrosiano di Solidarieta,Ente terzo settore - ETS (iscritto al RUNTS)[1],associazionismo,03_2406_rta_03_240923113114_4166---ProtocolloReteAddaMartesanasottoscritto.txt,1
Lazio,Roma,Roma,Centro Astalli per l'assistenza agli immigrati ODV,Ente terzo settore - ETS (iscritto al RUNTS)[1],associazionismo,12_2406_rta_12_240926133329_4166---ProtInt2CAVFRANCARAME-18-20(1).txt,1
Lazio,Latina,Latina,Centro Donna Lilith Aps,Ente terzo settore - ETS (iscritto al RUNTS)[1],associazionismo,12_2406_rta_12_241004113737_4166---AccordodicollaborazioneArteinsieme.txt,1
Lombardia,Milano,Melzo,Centro di Aiuto alla Vita ONLUS-Melzo,Ente terzo settore - ETS (iscritto al RUNTS)[1],associazionismo,03_2406_rta_03_240923113114_4166---ProtocolloReteAddaMartesanasottoscritto.txt,1
Lombardia,,,Centro di Terapia dell'Adolescenza,Ente terzo settore - ETS (iscritto al RUNTS)[1],associazionismo,03_2406_rta_03_240923113114_4166---ProtocolloReteAddaMartesanasottoscritto.txt,1
Lazio,Roma,Roma,Centro per la famiglia,Ente terzo settore - ETS (iscritto al RUNTS)[1],associazionismo,12_2406_rta_12_241003101925_4166---ProtocolloFormazioneObiettivoUomo.txt,1
Lombardia,Milano,Melzo,"Circolo Acli ""A. Grandi"" Melzo",Ente terzo settore - ETS (iscritto al RUNTS)[1],associazionismo,03_2406_rta_03_240923113114_4166---ProtocolloReteAddaMartesanasottoscritto.txt,1
Lombardia,,,Circolo Arci L'Isola che non c'e APS,Ente terzo settore - ETS (iscritto al RUNTS)[1],associazionismo,03_2406_rta_03_240920093134_4166---Protocollo_Intesa_Rete_Antiviolenza_SudEstMilano_Paullese_2021-2023.txt,1
Trento,,,Comitato Donne XXV aprile,Ente terzo settore - ETS (iscritto al RUNTS)[1],associazionismo,05_2406_rta_05_240916131522_4166---protocolloaggiornamento2023.txt,1
Toscana,Firenze,Empoli,Comitato Regionale,Ente terzo settore - ETS (iscritto al RUNTS)[1],associazionismo,09_SENESE Delibera-n.1196-del-24-10-2022-allegato-a_SENESE_2.txt,1
Abruzzo,,,Comunita Papa Giovanni XXIII,Ente terzo settore - ETS (iscritto al RUNTS)[1],associazionismo,13_2406_rta_13_241122101856_4166---Protocollodirete_AlphaGuardiagrele.txt,1
Puglia,,,Comunita San Francesco,Ente terzo settore - ETS (iscritto al RUNTS)[1],associazionismo,16_2406_rta_16_250312162108_4166---protocollooperativoGioiadelColle_EMI.txt | 16_bari_protocollo operativo Gioia del Colle_EMI.txt,2
Lazio,Roma,Roma,Con i Bambini,Ente terzo settore - ETS (iscritto al RUNTS)[1],associazionismo,12_2406_rta_12_241004092644_4166---5potCAVPAOLALATTESnantes(1).txt,1
Lombardia,Milano,Milano,Consorzio SIR - Società Cooperativa Sociale Onlus,Ente terzo settore - ETS (iscritto al RUNTS)[1],associazionismo,03_2406_rta_03_240926144324_4166---Protocollodiintesa.txt,1
Piemonte,Cuneo,Cuneo,Coop. Fiordaliso Soc. Coop. Sociale Onlus,Ente terzo settore - ETS (iscritto al RUNTS)[1],associazionismo,01_2406_rta_01_240920112211_4166---367772-4-Protocollo_intesa_Completo.txt,1
Lombardia,Milano,Abbiategrasso,Coop. Soc. A Stefano Casati Onlus di Abbiategrasso,Ente terzo settore - ETS (iscritto al RUNTS)[1],associazionismo,03_2406_rta_03_240920120751_4166---protocollodiintesa.txt,1
Lombardia,,,Coop. Soc. Il Cerchio,Ente terzo settore - ETS (iscritto al RUNTS)[1],associazionismo,03_2406_rta_03_240918153252_4166---Protocollo+Appendice+LineeGuida_Datatodafirmare.txt,1
Lombardia,,,Coop. Soc. Koala,Ente terzo settore - ETS (iscritto al RUNTS)[1],associazionismo,03_2406_rta_03_240918153252_4166---Protocollo+Appendice+LineeGuida_Datatodafirmare.txt,1
Lombardia,,,Coop. Soc. Nazareth,Ente terzo settore - ETS (iscritto al RUNTS)[1],associazionismo,03_2406_rta_03_240918153252_4166---Protocollo+Appendice+LineeGuida_Datatodafirmare.txt,1
Lombardia,,,Coop. Soc. Rinnovamento,Ente terzo settore - ETS (iscritto al RUNTS)[1],associazionismo,03_2406_rta_03_240918153252_4166---Protocollo+Appendice+LineeGuida_Datatodafirmare.txt,1
Emilia-Romagna,,,Coop.va Sociale Librazione,Ente terzo settore - ETS (iscritto al RUNTS)[1],associazionismo,08_2406_rta_08_241015091621_4166---PROTOCOLLO_22.txt,1
Abruzzo,,,"Cooperativa ""ICSole",Ente terzo settore - ETS (iscritto al RUNTS)[1],associazionismo,13_2406_rta_13_241122103901_4166---Protocollirete_ortonaelancianoCAVdonn.ÿ.txt | 13_2406_rta_13_241122104158_4166---Protocollirete_ortonaelancianoCAVdonn.ÿ.txt | 13_2406_rta_13_241122104842_4166---Protocollodirete_DAFNE.txt,3
Lazio,Latina,Priverno,"Cooperativa ""La Ginestra",Ente terzo settore - ETS (iscritto al RUNTS)[1],associazionismo,12_2406_rta_12_241003094302_4166---4VerbaleIncontroGiorgieLaGinestra-PROTOCOLLO.txt,1
Lombardia,,,Cooperativa A&I,Ente terzo settore - ETS (iscritto al RUNTS)[1],associazionismo,03_2406_rta_03_240923103647_4166---protocolloreteantiviolenzacinisello2019(1).txt,1
Lazio,Viterbo,Tarquinia,Cooperativa Alicenova,Ente terzo settore - ETS (iscritto al RUNTS)[1],associazionismo,12_2406_rta_12_240926114327_4166---1AccordoPonteDonnaAliceNova.txt,1
Lombardia,Sondrio,Sondrio,Cooperativa Altra Via,Ente terzo settore - ETS (iscritto al RUNTS)[1],associazionismo,03_2406_rta_03_240923102947_4166---ProtSOTTOSCRITTO_ReteAntiviolenzaPiuIntegrazioneAprile2024(1).txt,1
Lazio,Roma,Roma,Cooperativa Be Free,Ente terzo settore - ETS (iscritto al RUNTS)[1],associazionismo,12_2406_rta_12_241008151837_4166---4.prot..txt,1
Lombardia,Milano,Milano,Cooperativa Dialogica,Ente terzo settore - ETS (iscritto al RUNTS)[1],associazionismo,03_2406_rta_03_240926144324_4166---Protocollodiintesa.txt,1
Lombardia,Bergamo,Bergamo,Cooperativa Generazioni FA,Ente terzo settore - ETS (iscritto al RUNTS)[1],associazionismo,03_2406_rta_03_240920124656_4166---ProtocolloantiviolenzaDEFINITIVO(1).txt,1
Emilia-Romagna,,,Cooperativa Girogirotondo,Ente terzo settore - ETS (iscritto al RUNTS)[1],associazionismo,08_2406_rta_08_241015091430_4166---Protocollo_Distrettuale_Contrasto_violenza_Donne2023.stamped.txt,1
Lombardia,Monza e della Brianza,Giussano,Cooperativa Il Mosaico,Ente terzo settore - ETS (iscritto al RUNTS)[1],associazionismo,03_2406_rta_03_240923101524_4166---PROTOCOLLO_DI_INTESA_versione_DEFINITIVA2021.stamped.txt | 03_2406_rta_03_240923171949_4166---PROTOCOLLOD'INTESARETETERRITORIALEANTIVIOLENZAVALLETROMPIA2024.txt,2
Lombardia,Lecco,Barzio,Cooperativa La Fucina - Onlus,Ente terzo settore - ETS (iscritto al RUNTS)[1],associazionismo,03_2406_rta_03_240926144324_4166---Protocollodiintesa.txt,1
Lombardia,,,Cooperativa Lotta Contro l'Emarginazione,Ente terzo settore - ETS (iscritto al RUNTS)[1],associazionismo,03_2406_rta_03_240923102947_4166---ProtSOTTOSCRITTO_ReteAntiviolenzaPiuIntegrazioneAprile2024(1).txt | 03_2406_rta_03_240923103647_4166---protocolloreteantiviolenzacinisello2019(1).txt,2
Lombardia,Lecco,Lecco,Cooperativa Omnia Language Società Cooperativa Sociale,Ente terzo settore - ETS (iscritto al RUNTS)[1],associazionismo,03_2406_rta_03_240918153240_4166---Protocollod'intesaperl'IstituzionediunSistemaTerritorialeAntiviolenzainReteconAddendumSindacati.txt,1
Abruzzo,Pescara,Pescara,Cooperativa Orizzonte,Ente terzo settore - ETS (iscritto al RUNTS)[1],associazionismo,13_2406_rta_13_241122115416_4166---PROTOCOLLOPESCARA.txt,1
Marche,Ancona,Ancona,Cooperativa Polo 9,Ente terzo settore - ETS (iscritto al RUNTS)[1],associazionismo,11_2406_rta_11_240911113105_4166---PROTOCOLLO_OPERATIVO2024_CONINDIRIZZARIO_FIRMATO.txt,1
Lombardia,,,Cooperativa Rinnovamento,Ente terzo settore - ETS (iscritto al RUNTS)[1],associazionismo,03_2406_rta_03_240923101524_4166---PROTOCOLLO_DI_INTESA_versione_DEFINITIVA2021.stamped.txt,1
Lazio,Roma,Roma,Cooperativa Ruotalibera Coop. Soc. Onlus,Ente terzo settore - ETS (iscritto al RUNTS)[1],associazionismo,12_2406_rta_12_241002110904_4166---5protCAVSAPIENZA-RUOTALIBERACOOPERATIVASOCIALE.txt,1
Veneto,Vicenza,Schio,Cooperativa Samarcanda,Ente terzo settore - ETS (iscritto al RUNTS)[1],associazionismo,05_2406_rta_05_240919114041_4166---protocollounicorevisionato2024.txt,1
Veneto,Treviso,Montebelluna,"Cooperativa Sociale ""Una Casa per l'Uomo",Ente terzo settore - ETS (iscritto al RUNTS)[1],associazionismo,05_2406_rta_05_240917141534_4166---protocollodiretefirmato.txt,1
Lombardia,Milano,Nerviano,Cooperativa Sociale Anfibia di Nerviano,Ente terzo settore - ETS (iscritto al RUNTS)[1],associazionismo,03_2406_rta_03_240920120751_4166---protocollodiintesa.txt,1
Piemonte,Biella,Biella,Cooperativa Sociale Anteo,Ente terzo settore - ETS (iscritto al RUNTS)[1],associazionismo,01_2406_rta_01_240904122512_4166---accordoSFD.txt,1
Puglia,Brindisi,Latiano,Cooperativa Sociale Artemide a.r.l. - ONLUS,Ente terzo settore - ETS (iscritto al RUNTS)[1],associazionismo,16_2406_rta_16_250409174252_4166---Protocollo_Intesa_LARA.txt | 16_brindisi_Protocollo_Intesa_LARA.txt,2
Lazio,,,Cooperativa Sociale BeFree,Ente terzo settore - ETS (iscritto al RUNTS)[1],associazionismo,12_2406_rta_12_241009125640_4166---7.accordo.txt,1
Abruzzo,L'Aquila,Sulmona,Cooperativa Sociale Horizon Service,Ente terzo settore - ETS (iscritto al RUNTS)[1],associazionismo,13_2406_rta_13_241122110421_4166---PROTOCOLLOOPERATIVO.txt,1
Veneto,Venezia,Venezia,Cooperativa Sociale Iside,Ente terzo settore - ETS (iscritto al RUNTS)[1],associazionismo,05_2406_rta_05_240917141534_4166---protocollodiretefirmato.txt,1
Lazio,Roma,Roma,Cooperativa Sociale LINEA SOCIALE - Onlus,Ente terzo settore - ETS (iscritto al RUNTS)[1],associazionismo,12_2406_rta_12_241004100148_4166---910protCAVPAOLALATTESCooperativaSocialeLineaSociale-Onlus(1).txt,1
Abruzzo,L'Aquila,Avezzano,Cooperativa Sociale Leonardo,Ente terzo settore - ETS (iscritto al RUNTS)[1],associazionismo,13_2406_rta_13_241122110421_4166---PROTOCOLLOOPERATIVO.txt,1
Lombardia,Milano,Sesto San Giovanni,Cooperativa Sociale Onlus La Grande Casa di Sesto San Giovanni,Ente terzo settore - ETS (iscritto al RUNTS)[1],associazionismo,03_2406_rta_03_240923103647_4166---protocolloreteantiviolenzacinisello2019(1).txt,1
Puglia,Barletta-Andria-Trani,Trani,Cooperativa Sociale Promozione Sociale e Solidarieta,Ente terzo settore - ETS (iscritto al RUNTS)[1],associazionismo,16_2406_rta_16_250409164629_4166---convenzioneCAV-ASLBT.txt,1
Lombardia,Bergamo,Treviglio,Cooperativa Sociale SIRIO,Ente terzo settore - ETS (iscritto al RUNTS)[1],associazionismo,03_2406_rta_03_240920124656_4166---ProtocolloantiviolenzaDEFINITIVO(1).txt | 03_2406_rta_03_240926114940_4166---ProtocollodiintesaeAllegatoTecnico_SOTTOSCRITTO.txt,2
Puglia,Brindisi,Latiano,Cooperativa Sociale Siderea,Ente terzo settore - ETS (iscritto al RUNTS)[1],associazionismo,16_2406_rta_16_250409174252_4166---Protocollo_Intesa_LARA.txt | 16_brindisi_Protocollo_Intesa_LARA.txt,2
Lombardia,Milano,Rho,Cooperativa Stripes,Ente terzo settore - ETS (iscritto al RUNTS)[1],associazionismo,03_2406_rta_03_240926144324_4166---Protocollodiintesa.txt,1
Lombardia,Monza e della Brianza,Vimercate,Cooperativa sociale AERIS a.r.l,Ente terzo settore - ETS (iscritto al RUNTS)[1],associazionismo,03_2406_rta_03_240923113114_4166---ProtocolloReteAddaMartesanasottoscritto.txt,1
Puglia,,,Cooperativa sociale Comunita S. Francesco,Ente terzo settore - ETS (iscritto al RUNTS)[1],associazionismo,16_bari_protocollo operativo Grumo_EMI.txt,1
Puglia,,,Cooperativa sociale Comunita San Francesco,Ente terzo settore - ETS (iscritto al RUNTS)[1],associazionismo,16_2406_rta_16_250312164250_4166---protocollooperativoGrumo_EMI.txt,1
Lazio,,,Coordinamento Sociale Onlus AN,Ente terzo settore - ETS (iscritto al RUNTS)[1],associazionismo,12_2406_rta_12_241003111748_4166---ACCORDOMUNICIPIOROMAVeDIPPARIOPPROMACAPITALE_DD.txt,1
Lazio,Viterbo,Orte,Croce Rossa Italiana,Ente terzo settore - ETS (iscritto al RUNTS)[1],associazionismo,12_2406_rta_12_241003094302_4166---4VerbaleIncontroGiorgieLaGinestra-PROTOCOLLO.txt,1
Friuli-Venezia Giulia,Gorizia,Gorizia,Croce Rossa Italiana - Comitato di Gorizia,Ente terzo settore - ETS (iscritto al RUNTS)[1],associazionismo,06_2406_rta_06_240916164258_4166---Protocolloviolenzadomesticaedigenere_30.09.2019.txt,1
Lombardia,Milano,Paderno Dugnano,Croce Rossa Italiana Comitato Paderno Dugnano ODV,Ente terzo settore - ETS (iscritto al RUNTS)[1],associazionismo,03_2406_rta_03_240926144324_4166---Protocollodiintesa.txt,1
Lazio,Roma,Roma,DEDASCO Cooperativa Sociale,Ente terzo settore - ETS (iscritto al RUNTS)[1],associazionismo,12_2406_rta_12_241002114038_4166---1protCAVTITANO-8-10DidascoSoc.Coop.Soc.txt,1
Lazio,Roma,Roma,DIFFERENZA DONNA,Ente terzo settore - ETS (iscritto al RUNTS)[1],associazionismo,12_2406_rta_12_240927093424_4166---ProtVMunMerlin.txt,1
Lazio,Roma,Roma,DIFFERENZA DONNA - ASSOCIAZIONE DI DONNE CONTRO LA VIOLENZA ALLE DONNE APS,Ente terzo settore - ETS (iscritto al RUNTS)[1],associazionismo,12_2406_rta_12_241003104626_4166---PROTOCOLLODIINTESAMUNICIPIOXV.txt,1
Lazio,Roma,Roma,DIFFERENZA DONNA APS,Ente terzo settore - ETS (iscritto al RUNTS)[1],associazionismo,12_2406_rta_12_241003114137_4166---PROTOCOLLODIINTESAROMAVOLLEYEDD.txt,1
Lazio,,,Diaconia Soc.Coop Sociale,Ente terzo settore - ETS (iscritto al RUNTS)[1],associazionismo,12_2406_rta_12_240926134140_4166---Protocollointesa.txt,1
Lombardia,Milano,Milano,Dialogica Cooperativa Sociale,Ente terzo settore - ETS (iscritto al RUNTS)[1],associazionismo,03_2406_rta_03_240923113114_4166---ProtocolloReteAddaMartesanasottoscritto.txt,1
Liguria,Genova,Genova,Dono Società cooperativa sociale,Ente terzo settore - ETS (iscritto al RUNTS)[1],associazionismo,07_2406_rta_07_240916163933_4166---sub_14574431199510849525_Protocollo_LVLS-signed.txt,1
Piemonte,Novara,Novara,ELIOS Società Cooperativa Sociale,Ente terzo settore - ETS (iscritto al RUNTS)[1],associazionismo,01_2406_rta_01_240924140705_4166---LesConvenzionecoprogettazione.txt,1
Lombardia,,,Elefanti Volanti Società cooperativa sociale Onius,Ente terzo settore - ETS (iscritto al RUNTS)[1],associazionismo,03_2406_rta_03_240923165401_4166---PROTOCOLLODIrete2020-2023_rev2confirmescan.txt,1
Lombardia,Milano,Milano,FORUM TERRITORIALE TERZO SETTORE,Ente terzo settore - ETS (iscritto al RUNTS)[1],associazionismo,03_2406_rta_03_240923171949_4166---PROTOCOLLOD'INTESARETETERRITORIALEANTIVIOLENZAVALLETROMPIA2024.txt,1
Lombardia,Milano,Assago,"Fondazione ""Fare Famiglia-Onlus",Ente terzo settore - ETS (iscritto al RUNTS)[1],associazionismo,03_2406_rta_03_240926144324_4166---Protocollodiintesa.txt,1
Liguria,Genova,Genova,Fondazione Auxilium,Ente terzo settore - ETS (iscritto al RUNTS)[1],associazionismo,07_2406_rta_07_240916163933_4166---sub_14574431199510849525_Protocollo_LVLS-signed.txt,1
Valle d'Aosta/Vallée d'Aoste,,,Fondazione Caritas,Ente terzo settore - ETS (iscritto al RUNTS)[1],associazionismo,02_2406_rta_02_240904124958_4166---lrn4del25feb2013.txt,1
Lombardia,Milano,Rho,Fondazione Centro di consulenza per la famiglia-onlus,Ente terzo settore - ETS (iscritto al RUNTS)[1],associazionismo,03_2406_rta_03_240926144324_4166---Protocollodiintesa.txt,1
Calabria,,,Fondazione Città Solidale Onlus,Ente terzo settore - ETS (iscritto al RUNTS)[1],associazionismo,18_2406_rta_18_240926102333_4166---accordodiretecentroaiutodonna.txt,1
Calabria,,,Fondazione Italiana Sclerosi Multipla - FISM ETS,Ente terzo settore - ETS (iscritto al RUNTS)[1],associazionismo,18_2406_rta_18_240926102407_4166---ProtocollointesaAISM_CentroLanzino_ReteREDCALABRIA_firmadigitale.txt | 18_2406_rta_18_240926102528_4166---PROTOCOLLOAISM_PICCOLAOPERA_firma.txt,2
Marche,,,Fondazione Sagrini Onlus,Ente terzo settore - ETS (iscritto al RUNTS)[1],associazionismo,11_2406_rta_11_240911113757_4166---All.4ProtocolloReteAntiviolenzasottoscritto18.12.2023.txt,1
Abruzzo,Chieti,Chieti,Fondazione San Camillo De Lellis,Ente terzo settore - ETS (iscritto al RUNTS)[1],associazionismo,13_2406_rta_13_241122101856_4166---Protocollodirete_AlphaGuardiagrele.txt,1
Lombardia,,,Fondazione Somaschi ONLUS,Ente terzo settore - ETS (iscritto al RUNTS)[1],associazionismo,03_2406_rta_03_240923103647_4166---protocolloreteantiviolenzacinisello2019(1).txt,1
Lombardia,Milano,Milano,Fondazione Somaschi Onlus,Ente terzo settore - ETS (iscritto al RUNTS)[1],associazionismo,03_2406_rta_03_240926144324_4166---Protocollodiintesa.txt,1
Valle d'Aosta/Vallée d'Aoste,,,Fondazione opere Caritas,Ente terzo settore - ETS (iscritto al RUNTS)[1],associazionismo,02_2406_rta_02_240904124958_4166---lrn4del25feb2013.txt,1
Lazio,Roma,Roma,Formazione Obiettivo Uomo Società Cooperativa Sociale Onlus,Ente terzo settore - ETS (iscritto al RUNTS)[1],associazionismo,12_2406_rta_12_241003101925_4166---ProtocolloFormazioneObiettivoUomo.txt,1
Emilia-Romagna,,Reggio Emilia,Forum Donne Giuriste di Reggio Emilia,Ente terzo settore - ETS (iscritto al RUNTS)[1],associazionismo,08_2406_rta_08_241015091655_4166---Aggiornamentointegrazioneprotocollooperativoapprovatonelgiugno2008.txt,1
Lombardia,Milano,Milano,Forum provinciale del Terzo Settore,Ente terzo settore - ETS (iscritto al RUNTS)[1],associazionismo,03_2406_rta_03_240923101524_4166---PROTOCOLLO_DI_INTESA_versione_DEFINITIVA2021.stamped.txt,1
Lazio,Roma,Roma,Gli Amici di Conca D'Oro APS,Ente terzo settore - ETS (iscritto al RUNTS)[1],associazionismo,12_2406_rta_12_241002115125_4166---2protCAVTITANO-AmiciDiConcaD’oro.txt,1
Lombardia,,,Gruppo Aleimar Onlus,Ente terzo settore - ETS (iscritto al RUNTS)[1],associazionismo,03_2406_rta_03_240923113114_4166---ProtocolloReteAddaMartesanasottoscritto.txt,1
Piemonte,Torino,Torino,IDEA Agenzia per il Lavoro scs onlus,Ente terzo settore - ETS (iscritto al RUNTS)[1],associazionismo,01_2406_rta_01_240909110828_4166---PROTOCOLLOHELP.txt,1
Lazio,Roma,Roma,IDEA PRISMA 82 Cooperativa Sociale,Ente terzo settore - ETS (iscritto al RUNTS)[1],associazionismo,12_2406_rta_12_241002115801_4166---3protCAVTITANO-IdeaPrisma82Coop.Soc.txt,1
Piemonte,,,IRENE Società' COOPERATIVA IMPRESA SOCIALE,Ente terzo settore - ETS (iscritto al RUNTS)[1],associazionismo,01_2406_rta_01_240904150044_4166---Protocollocav-irene2022-2025.txt,1
Liguria,Genova,Genova,Il Biscione Società Cooperativa Sociale,Ente terzo settore - ETS (iscritto al RUNTS)[1],associazionismo,07_2406_rta_07_240916163933_4166---sub_14574431199510849525_Protocollo_LVLS-signed.txt,1
Liguria,Genova,Genova,Il Cesto Onlus Cooperativa Sociale,Ente terzo settore - ETS (iscritto al RUNTS)[1],associazionismo,07_2406_rta_07_240916163933_4166---sub_14574431199510849525_Protocollo_LVLS-signed.txt,1
Lombardia,,,Il Melograno SCS ONLUS,Ente terzo settore - ETS (iscritto al RUNTS)[1],associazionismo,03_2406_rta_03_240923113114_4166---ProtocolloReteAddaMartesanasottoscritto.txt,1
Lazio,Roma,Capena,Impresa Donne,Ente terzo settore - ETS (iscritto al RUNTS)[1],associazionismo,12_2406_rta_12_241004145108_4166---07-ProtocolloCONilComunediVILLASANTOSTEFANO.txt | 12_2406_rta_12_241004145702_4166---08-ProtocolloComunediFalvaterra.txt,2
Puglia,,,Intervita Onlus,Ente terzo settore - ETS (iscritto al RUNTS)[1],associazionismo,16_2406_rta_16_250409174252_4166---Protocollo_Intesa_LARA.txt | 16_brindisi_Protocollo_Intesa_LARA.txt,2
Lombardia,Milano,Rho,Intrecci Cooperativa Sociale Onlus,Ente terzo settore - ETS (iscritto al RUNTS)[1],associazionismo,03_2406_rta_03_240926144324_4166---Protocollodiintesa.txt,1
Toscana,Livorno,Livorno,Ippogrifo APS,Ente terzo settore - ETS (iscritto al RUNTS)[1],associazionismo,09_LIVORNO Protocollo_ RETE ANTIVIOLENZA_ LIVORNO.txt,1
Lombardia,,,Koine coop sociale ONLUS,Ente terzo settore - ETS (iscritto al RUNTS)[1],associazionismo,03_2406_rta_03_240923113114_4166---ProtocolloReteAddaMartesanasottoscritto.txt,1
Lombardia,Lecco,Lecco,L'Arcobaleno Società Cooperativa Sociale Onlus,Ente terzo settore - ETS (iscritto al RUNTS)[1],associazionismo,03_2406_rta_03_240918153240_4166---Protocollod'intesaperl'IstituzionediunSistemaTerritorialeAntiviolenzainReteconAddendumSindacati.txt,1
Piemonte,Novara,Novara,LIBERAZIONE E SPERANZA Società Cooperativa Sociale,Ente terzo settore - ETS (iscritto al RUNTS)[1],associazionismo,01_2406_rta_01_240924140705_4166---LesConvenzionecoprogettazione.txt,1
Lombardia,Milano,Sesto San Giovanni,La Grande Casa,Ente terzo settore - ETS (iscritto al RUNTS)[1],associazionismo,03_2406_rta_03_240926122051_4166---Protocollomonz.txt,1
Lazio,Roma,Roma,La Nuova Arca Società Cooperativa Sociale,Ente terzo settore - ETS (iscritto al RUNTS)[1],associazionismo,12_2406_rta_12_241008151837_4166---4.prot..txt,1
Lombardia,,,La nuvola nel sacco ~ Cooperativa Sociale Onlus,Ente terzo settore - ETS (iscritto al RUNTS)[1],associazionismo,03_2406_rta_03_240923165401_4166---PROTOCOLLODIrete2020-2023_rev2confirmescan.txt,1
Liguria,Genova,Genova,Lanza del Vasto Società Cooperativa Sociale,Ente terzo settore - ETS (iscritto al RUNTS)[1],associazionismo,07_2406_rta_07_240916163933_4166---sub_14574431199510849525_Protocollo_LVLS-signed.txt,1
Lombardia,,,Le Città delle donne,Ente terzo settore - ETS (iscritto al RUNTS)[1],associazionismo,03_2406_rta_03_240918153252_4166---Protocollo+Appendice+LineeGuida_Datatodafirmare.txt,1
Piemonte,Torino,Torino,Liberitutti Società Cooperativa Sociale,Ente terzo settore - ETS (iscritto al RUNTS)[1],associazionismo,07_2406_rta_07_240916163933_4166---sub_14574431199510849525_Protocollo_LVLS-signed.txt,1
Lombardia,Brescia,Brescia,Libertas CPS Brescia,Ente terzo settore - ETS (iscritto al RUNTS)[1],associazionismo,03_2406_rta_03_240923101524_4166---PROTOCOLLO_DI_INTESA_versione_DEFINITIVA2021.stamped.txt,1
Veneto,Venezia,Venezia,Lievito Cooperativa Sociale a R.L. Mestre Venezia,Ente terzo settore - ETS (iscritto al RUNTS)[1],associazionismo,05_2406_rta_05_240916131522_4166---protocolloaggiornamento2023.txt,1
Puglia,,,MEDIHOSPES COOPERATIVA SOCIALE,Ente terzo settore - ETS (iscritto al RUNTS)[1],associazionismo,16_ex_Convenzione Mola di Bari.txt,1
Lombardia,,,Milagro Società Cooperativa Sociale Onlus,Ente terzo settore - ETS (iscritto al RUNTS)[1],associazionismo,03_2406_rta_03_240923113114_4166---ProtocolloReteAddaMartesanasottoscritto.txt,1
Lazio,Roma,Roma,Millepiani APS,Ente terzo settore - ETS (iscritto al RUNTS)[1],associazionismo,12_2406_rta_12_241009123601_4166---5.accordo.txt,1
Lombardia,,,Naikan Do Shotokan Academy asd,Ente terzo settore - ETS (iscritto al RUNTS)[1],associazionismo,03_2406_rta_03_240920093134_4166---Protocollo_Intesa_Rete_Antiviolenza_SudEstMilano_Paullese_2021-2023.txt,1
Lombardia,,,No alla violenza sulle donne SGM,Ente terzo settore - ETS (iscritto al RUNTS)[1],associazionismo,03_2406_rta_03_240920093134_4166---Protocollo_Intesa_Rete_Antiviolenza_SudEstMilano_Paullese_2021-2023.txt,1
Lombardia,Monza e della Brianza,Monza,Novo Millennio,Ente terzo settore - ETS (iscritto al RUNTS)[1],associazionismo,03_2406_rta_03_240926122051_4166---Protocollomonz.txt,1
Lazio,Roma,Roma,Nuove Risposte,Ente terzo settore - ETS (iscritto al RUNTS)[1],associazionismo,12_2406_rta_12_241003111748_4166---ACCORDOMUNICIPIOROMAVeDIPPARIOPPROMACAPITALE_DD.txt,1
Piemonte,Torino,Torino,ORSO SCS (Società Cooperativa Sociale,Ente terzo settore - ETS (iscritto al RUNTS)[1],associazionismo,01_2406_rta_01_240909110828_4166---PROTOCOLLOHELP.txt,1
Lazio,Roma,Roma,Obiettivo Uomo Società Cooperativa Sociale Ets,Ente terzo settore - ETS (iscritto al RUNTS)[1],associazionismo,12_2406_rta_12_241003101925_4166---ProtocolloFormazioneObiettivoUomo.txt,1
Lazio,Rieti,Torricella in Sabina,Ohana,Ente terzo settore - ETS (iscritto al RUNTS)[1],associazionismo,12_2406_rta_12_241003101925_4166---ProtocolloFormazioneObiettivoUomo.txt,1
Abruzzo,,,On the Road Cooperativa Sociale,Ente terzo settore - ETS (iscritto al RUNTS)[1],associazionismo,13_2406_rta_13_241122115416_4166---PROTOCOLLOPESCARA.txt,1
Marche,,,On the Road Società Cooperativa Sociale,Ente terzo settore - ETS (iscritto al RUNTS)[1],associazionismo,11_2406_rta_11_240911113757_4166---All.4ProtocolloReteAntiviolenzasottoscritto18.12.2023.txt,1
Puglia,,,Organismi del Terzo Settore,Ente terzo settore - ETS (iscritto al RUNTS)[1],associazionismo,16_2406_rta_16_250312150114_4166---ProtocolloGioiadelColle_ATS_Retelocale.txt,1
Veneto,,,Organismi del privato sociale,Ente terzo settore - ETS (iscritto al RUNTS)[1],associazionismo,06_2406_rta_06_240916164122_4166---prot_n_0119980_2024_Accordo(firmato).txt,1
Piemonte,Cuneo,Ceva,Organizzazione di Volontariato FUTURO DONNA OdV,Ente terzo settore - ETS (iscritto al RUNTS)[1],associazionismo,01_2406_rta_01_241018142804_4166---ConvenzioneASL-Prontosoccorsoceva.txt,1
Puglia,,,Organizzazioni del Terzo Settore specializzate del territorio,Ente terzo settore - ETS (iscritto al RUNTS)[1],associazionismo,16_2406_rta_16_250312162108_4166---protocollooperativoGioiadelColle_EMI.txt | 16_2406_rta_16_250312164250_4166---protocollooperativoGrumo_EMI.txt | 16_bar_protocollo operativo Triggiano_rete antiviolenza.pdf.txt | 16_bari_protocollo operativo Grumo_EMI.txt,4
Marche,Macerata,Macerata,Osservatorio di Genere,Ente terzo settore - ETS (iscritto al RUNTS)[1],associazionismo,11_2406_rta_11_240911113235_4166---MacerataProtocollo2019_2022Firmato.txt,1
Lazio,Roma,Roma,PARSEC COOPERATIVA SOCIALE A R.L,Ente terzo settore - ETS (iscritto al RUNTS)[1],associazionismo,12_2406_rta_12_240926135421_4166---3protCAVFRANCARAME-28-30(1).txt,1
Lombardia,,,POP Società Cooperativa Sociale,Ente terzo settore - ETS (iscritto al RUNTS)[1],associazionismo,03_2406_rta_03_240923113114_4166---ProtocolloReteAddaMartesanasottoscritto.txt,1
Lazio,Roma,Roma,Patronato,Ente terzo settore - ETS (iscritto al RUNTS)[1],associazionismo,12_2406_rta_12_241003095202_4166---8ProtocolloUIL.txt,1
Veneto,Padova,Selvazzano Dentro,Pediatri,Ente terzo settore - ETS (iscritto al RUNTS)[1],associazionismo,05_2406_rta_05_240917141534_4166---protocollodiretefirmato.txt,1
Lombardia,,,Pepita Società cooperativa sociale ONLUS,Ente terzo settore - ETS (iscritto al RUNTS)[1],associazionismo,03_2406_rta_03_240923113114_4166---ProtocolloReteAddaMartesanasottoscritto.txt,1
Lazio,,,Play for Change,Ente terzo settore - ETS (iscritto al RUNTS)[1],associazionismo,12_2406_rta_12_241004092644_4166---5potCAVPAOLALATTESnantes(1).txt,1
Lombardia,Milano,Rho,Polisportiva Oratorio San Carlo ASD-APS,Ente terzo settore - ETS (iscritto al RUNTS)[1],associazionismo,03_2406_rta_03_240926144324_4166---Protocollodiintesa.txt,1
Lombardia,,,Progetto Integrazione Cooperativa Sociale a.R.L. ONLUS,Ente terzo settore - ETS (iscritto al RUNTS)[1],associazionismo,03_2406_rta_03_240923113114_4166---ProtocolloReteAddaMartesanasottoscritto.txt,1
Lazio,Roma,Roma,Programma Integra scs,Ente terzo settore - ETS (iscritto al RUNTS)[1],associazionismo,12_2406_rta_12_240926143343_4166---2.1protocolloIntegra-CavMerlin(1).txt,1
Lazio,Roma,Roma,RETAKE ROMA ODV,Ente terzo settore - ETS (iscritto al RUNTS)[1],associazionismo,12_2406_rta_12_241002113235_4166---8protCAVSAPIENZA-RETAKEROMAODV.txt,1
Puglia,Barletta-Andria-Trani,Andria,RISCOPRIRSI... - APS,Ente terzo settore - ETS (iscritto al RUNTS)[1],associazionismo,16_bat_convenzione CAV - ASL BT.txt,1
Lazio,Roma,Roma,Replay Network aps,Ente terzo settore - ETS (iscritto al RUNTS)[1],associazionismo,12_2406_rta_12_241009125640_4166---7.accordo.txt,1
Lazio,Viterbo,Nepi,Riconoscere OdV,Ente terzo settore - ETS (iscritto al RUNTS)[1],associazionismo,12_2406_rta_12_241009123601_4166---5.accordo.txt,1
Puglia,Barletta-Andria-Trani,Andria,Riscoprirsi... APS,Ente terzo settore - ETS (iscritto al RUNTS)[1],associazionismo,16_2406_rta_16_250409164629_4166---convenzioneCAV-ASLBT.txt,1
Lazio,Frosinone,Sora,Risorse Donna APS,Ente terzo settore - ETS (iscritto al RUNTS)[1],associazionismo,12_2406_rta_12_240926134140_4166---Protocollointesa.txt,1
Piemonte,,,Save The Children Italia ONLUS,Ente terzo settore - ETS (iscritto al RUNTS)[1],associazionismo,01_2406_rta_01_240904121349_4166---convenzione.txt,1
Lombardia,,,Sirio Centro Servizi per le Famiglie Società Cooperativa Sociale ONLUS,Ente terzo settore - ETS (iscritto al RUNTS)[1],associazionismo,03_2406_rta_03_240926114940_4166---ProtocollodiintesaeAllegatoTecnico_SOTTOSCRITTO.txt,1
Lazio,,,Soc. Coop. BeFree,Ente terzo settore - ETS (iscritto al RUNTS)[1],associazionismo,12_2406_rta_12_241009123601_4166---5.accordo.txt,1
Lombardia,Milano,Abbiategrasso,Soc. Coop. Lule di Abbiategrasso,Ente terzo settore - ETS (iscritto al RUNTS)[1],associazionismo,03_2406_rta_03_240920120751_4166---protocollodiintesa.txt,1
Lombardia,,,Soc. Coop. Soc. Onlus Servizi per l'Accoglienza,Ente terzo settore - ETS (iscritto al RUNTS)[1],associazionismo,03_2406_rta_03_240918153252_4166---Protocollo+Appendice+LineeGuida_Datatodafirmare.txt,1
Lombardia,Cremona,Cremona,Società Centrale Femminile S. Vincenzo Cremona ONLUS,Ente terzo settore - ETS (iscritto al RUNTS)[1],associazionismo,03_2406_rta_03_240918153252_4166---Protocollo+Appendice+LineeGuida_Datatodafirmare.txt,1
Abruzzo,L'Aquila,Sulmona,Società Cooperativa Sociale Horizon Service,Ente terzo settore - ETS (iscritto al RUNTS)[1],associazionismo,13_2406_rta_13_241122105938_4166---ACCORDOOPERATIVO.txt | 13_2406_rta_13_241122111153_4166---PROTOCOLLOCASTELDISANGROEASL.txt,2
Lombardia,Milano,Bollate,Società Cooperativa Sociale L' Arcobaleno Onlus,Ente terzo settore - ETS (iscritto al RUNTS)[1],associazionismo,03_2406_rta_03_240918153240_4166---Protocollod'intesaperl'IstituzionediunSistemaTerritorialeAntiviolenzainReteconAddendumSindacati.txt,1
Abruzzo,Chieti,Ortona,Soggiorno Proposta Onlus,Ente terzo settore - ETS (iscritto al RUNTS)[1],associazionismo,13_2406_rta_13_241122103901_4166---Protocollirete_ortonaelancianoCAVdonn.ÿ.txt | 13_2406_rta_13_241122104158_4166---Protocollirete_ortonaelancianoCAVdonn.ÿ.txt | 13_2406_rta_13_241122104428_4166---Protocollorete_ortonaCAVconsultoriodiocesano.txt,3
Lombardia,,,Spazio Giovani Onlus Società Cooperativa Sociale,Ente terzo settore - ETS (iscritto al RUNTS)[1],associazionismo,03_2406_rta_03_240923113114_4166---ProtocolloReteAddaMartesanasottoscritto.txt,1
Puglia,Bari,Conversano,Sud Est Donne - APS,Ente terzo settore - ETS (iscritto al RUNTS)[1],associazionismo,16_ex_Convenzione Gioia del Colle.txt | 16_ex_Convenzione Grumo Appula.txt,2
Puglia,Bari,Conversano,Sud est donne,Ente terzo settore - ETS (iscritto al RUNTS)[1],associazionismo,16_2406_rta_16_250407164310_4166---protocollooperativoPutignano_EMI.txt | 16_bari_protocollo operativo Putignano_EMI.txt | 16_ex_Convenzione Ginosa.txt,3
Lombardia,Como,Como,Telefono Donna ONLUS,Ente terzo settore - ETS (iscritto al RUNTS)[1],associazionismo,03_2406_rta_03_240923103647_4166---protocolloreteantiviolenzacinisello2019(1).txt,1
Lazio,,,Terzo settore attivo sulla tematica,Ente terzo settore - ETS (iscritto al RUNTS)[1],associazionismo,12_2406_rta_12_241003114931_4166---ProtocollodiintesaDifferenzaDonnaeMunicipio13.txt,1
Liguria,Genova,Genova,Tl Melograno Cooperativa Sociale Onlus,Ente terzo settore - ETS (iscritto al RUNTS)[1],associazionismo,07_2406_rta_07_240916163933_4166---sub_14574431199510849525_Protocollo_LVLS-signed.txt,1
Emilia-Romagna,Ferrara,Ferrara,UDI Unione Donne in Italia - Sede di Ferrara,Ente terzo settore - ETS (iscritto al RUNTS)[1],associazionismo,08_2406_rta_08_241015091430_4166---Protocollo_Distrettuale_Contrasto_violenza_Donne2023.stamped.txt,1
Lombardia,,,UISP Unione Italiana Sport per Tutti,Ente terzo settore - ETS (iscritto al RUNTS)[1],associazionismo,03_2406_rta_03_240923101524_4166---PROTOCOLLO_DI_INTESA_versione_DEFINITIVA2021.stamped.txt,1
Emilia-Romagna,Ferrara,Ferrara,Unione Donne in Italia - APS Ferrara,Ente terzo settore - ETS (iscritto al RUNTS)[1],associazionismo,08_2406_rta_08_241015091355_4166---PROTOCOLLO_CONTRO_VIOLENZA_firmato2023.txt,1
Abruzzo,,,We World Onlus,Ente terzo settore - ETS (iscritto al RUNTS)[1],associazionismo,13_2406_rta_13_241122115416_4166---PROTOCOLLOPESCARA.txt,1
Lazio,,,associazioni,Ente terzo settore - ETS (iscritto al RUNTS)[1],associazionismo,12_2406_rta_12_241004092644_4166---5potCAVPAOLALATTESnantes(1).txt,1
Lazio,,,coop ALICENOVA,Ente terzo settore - ETS (iscritto al RUNTS)[1],associazionismo,12_2406_rta_12_240926113237_4166---Accordocavunuiversitari.txt,1
Lazio,,,cooperative sociali,Ente terzo settore - ETS (iscritto al RUNTS)[1],associazionismo,12_2406_rta_12_241004092644_4166---5potCAVPAOLALATTESnantes(1).txt,1
Piemonte,,,enti del terzo settore,Ente terzo settore - ETS (iscritto al RUNTS)[1],associazionismo,01_2406_rta_01_241002150739_4166---DeliberaCostituzioneOsservatorioSaluteDonne.txt,1
Lazio,Roma,Capena,impresa sociale Oltre,Ente terzo settore - ETS (iscritto al RUNTS)[1],associazionismo,12_2406_rta_12_241009125640_4166---7.accordo.txt,1
Liguria,,,operatori del III settore,Ente terzo settore - ETS (iscritto al RUNTS)[1],associazionismo,07_2406_rta_07_240916163905_4166---PROTOCOLLOFIRMATO(002).txt,1
Valle d'Aosta/Vallée d'Aoste,,,realta associative e di volontariato,Ente terzo settore - ETS (iscritto al RUNTS)[1],associazionismo,02_2406_rta_02_240904124958_4166---lrn4del25feb2013.txt,1
Lazio,Roma,Roma,APS Casa delle Donne Lucha y Siesta,Ente terzo settore - ETS (iscritto al RUNTS) costituito da donne per le donne,associazionismo,12_2406_rta_12_240926113237_4166---Accordocavunuiversitari.txt,1
Lazio,Roma,Roma,APS Differenza Donna,Ente terzo settore - ETS (iscritto al RUNTS) costituito da donne per le donne,associazionismo,12_2406_rta_12_240926113237_4166---Accordocavunuiversitari.txt,1
Lazio,Roma,Grottaferrata,APS Ponte Donna,Ente terzo settore - ETS (iscritto al RUNTS) costituito da donne per le donne,associazionismo,12_2406_rta_12_240926112823_4166---2AccordoDemetra_Aman.txt | 12_2406_rta_12_240926113237_4166---Accordocavunuiversitari.txt | 12_2406_rta_12_240926114327_4166---1AccordoPonteDonnaAliceNova.txt | 12_2406_rta_12_240926122148_4166---2024.1153010-AccordotralepartiPonteDonna–UnderdogSocialClubCAVMarielleFranco-2(1).txt | 12_2406_rta_12_240926123509_4166---2024.1153010-ACCORDOtraAPSPonteDonnaeAPSMammeFuoriCAVMarielleFranco-10-11(1).txt,5
Puglia,Bari,Conversano,Aps Sud Est Donne,Ente terzo settore - ETS (iscritto al RUNTS) costituito da donne per le donne,associazionismo,16_2406_rta_16_250312162108_4166---protocollooperativoGioiadelColle_EMI.txt,1
Umbria,Perugia,Città della Pieve,Associazione Accademia Pietro Vannucci,Ente terzo settore - ETS (iscritto al RUNTS) costituito da donne per le donne,associazionismo,10_2406_rta_10_250506141901_4166---ProtocollounicoregionaleRINNOVATO.txt,1
Lombardia,Brescia,Ghedi,Associazione Blimunde - Sguardi di donne su salute e medicina,Ente terzo settore - ETS (iscritto al RUNTS) costituito da donne per le donne,associazionismo,03_2406_rta_03_240923113114_4166---ProtocolloReteAddaMartesanasottoscritto.txt,1
Umbria,Perugia,Spoleto,Associazione Donne contro la guerra,Ente terzo settore - ETS (iscritto al RUNTS) costituito da donne per le donne,associazionismo,10_2406_rta_10_250506141901_4166---ProtocollounicoregionaleRINNOVATO.txt,1
Umbria,Terni,Amelia,Associazione Donne forum amelia,Ente terzo settore - ETS (iscritto al RUNTS) costituito da donne per le donne,associazionismo,10_2406_rta_10_250506141901_4166---ProtocollounicoregionaleRINNOVATO.txt,1
Umbria,Perugia,Città della Pieve,Associazione Donne la Rosa,Ente terzo settore - ETS (iscritto al RUNTS) costituito da donne per le donne,associazionismo,10_2406_rta_10_250506141901_4166---ProtocollounicoregionaleRINNOVATO.txt,1
Puglia,Brindisi,Brindisi,Associazione IO DONNA,Ente terzo settore - ETS (iscritto al RUNTS) costituito da donne per le donne,associazionismo,16_2406_rta_16_250409174252_4166---Protocollo_Intesa_LARA.txt | 16_brindisi_Protocollo_Intesa_LARA.txt,2
Umbria,Terni,Orvieto,Associazione L'Albero di Antonia,Ente terzo settore - ETS (iscritto al RUNTS) costituito da donne per le donne,associazionismo,10_2406_rta_10_250506141901_4166---ProtocollounicoregionaleRINNOVATO.txt,1
Umbria,Perugia,Perugia,Associazione Liberamente Donna,Ente terzo settore - ETS (iscritto al RUNTS) costituito da donne per le donne,associazionismo,10_2406_rta_10_250506141901_4166---ProtocollounicoregionaleRINNOVATO.txt,1
Lombardia,Milano,Trezzo sull' Adda,Associazione Mariposa,Ente terzo settore - ETS (iscritto al RUNTS) costituito da donne per le donne,associazionismo,03_2406_rta_03_240923113114_4166---ProtocolloReteAddaMartesanasottoscritto.txt,1
Lazio,Roma,Roma,Associazione Nazionale Volontarie Telefono Rosa - APS,Ente terzo settore - ETS (iscritto al RUNTS) costituito da donne per le donne,associazionismo,12_2406_rta_12_241002105403_4166---2ProtCAVSAPIENZA-HAPPYCOACHINGANDCOUNSELING.txt,1
Lazio,Roma,Roma,Associazione Nazionale Volontarie Telefono Rosa - ODV,Ente terzo settore - ETS (iscritto al RUNTS) costituito da donne per le donne,associazionismo,12_2406_rta_12_241002122243_4166---2ProtocolloAssociazioneAllianceforAfricanAssistance(002).txt,1
Lazio,,,Associazione Nazionale Volontarie Telefono Rosa - OdV,Ente terzo settore - ETS (iscritto al RUNTS) costituito da donne per le donne,associazionismo,12_2406_rta_12_241002110138_4166---3protCAVSAPIENZA-laGRU.txt,1
Lombardia,Brescia,Ghedi,Associazione RetedonneLAB OdV,Ente terzo settore - ETS (iscritto al RUNTS) costituito da donne per le donne,associazionismo,03_2406_rta_03_240918153252_4166---Protocollo+Appendice+LineeGuida_Datatodafirmare.txt,1
Emilia-Romagna,,,Di.Re - Donne in Rete contro la violenza,Ente terzo settore - ETS (iscritto al RUNTS) costituito da donne per le donne,associazionismo,08_2406_rta_08_241015091553_4166---Protocollosullaviolenzadigenere_confirme_prot.txt,1
Veneto,,,UDI - Unione donne in Italia,Ente terzo settore - ETS (iscritto al RUNTS) costituito da donne per le donne,associazionismo,06_2406_rta_06_240916164258_4166---Protocolloviolenzadomesticaedigenere_30.09.2019.txt,1
Veneto,Verona,Verona,"AIAF Associazione Italiana degli Avvocati per la Famiglia e i Minori, Sezione di Verona",Ordine avvocati,associazionismo,05_2406_rta_05_240919124736_4166---Protocollo_per_contrasto_alla_violenza_di_genere.stamped.txt,1
Emilia-Romagna,Rimini,Rimini,Avvocati,Ordine avvocati,associazionismo,08_2406_rta_08_241015091430_4166---Protocollo_Distrettuale_Contrasto_violenza_Donne2023.stamped.txt,1
Trento,,,Avvocatura,Ordine avvocati,associazionismo,05_2406_rta_05_240919124736_4166---Protocollo_per_contrasto_alla_violenza_di_genere.stamped.txt,1
Lombardia,Lecco,Lecco,C.P.O. Ordine Avvocati della provincia di Lecco,Ordine avvocati,associazionismo,03_2406_rta_03_240918153240_4166---Protocollod'intesaperl'IstituzionediunSistemaTerritorialeAntiviolenzainReteconAddendumSindacati.txt,1
Toscana,Siena,Siena,CPO dell'Ordine degli Avvocati di Siena,Ordine avvocati,associazionismo,09_ALTA VALDELSA Protocollo-violenza-valdelsa-2022_ALTA VALDELSA.txt,1
Veneto,Verona,Verona,Camera Minorile di Verona,Ordine avvocati,associazionismo,05_2406_rta_05_240919124736_4166---Protocollo_per_contrasto_alla_violenza_di_genere.stamped.txt,1
Veneto,Verona,Verona,"Cammino, Camera Nazionale Avvocati per le persone, per i minorenni e per le famiglie, Sezione di Verona",Ordine avvocati,associazionismo,05_2406_rta_05_240919124736_4166---Protocollo_per_contrasto_alla_violenza_di_genere.stamped.txt,1
Lombardia,,,Comitato Pari Opportunita Ordine degli Avvocati,Ordine avvocati,associazionismo,03_2406_rta_03_240923101524_4166---PROTOCOLLO_DI_INTESA_versione_DEFINITIVA2021.stamped.txt,1
Lazio,Roma,Roma,Consiglio Ordine Avvocati di Roma,Ordine avvocati,associazionismo,12_2406_rta_12_241002130504_4166---3Protocollid'intesa-TavoloInteristituzionaletraUfficiGiudiziaricompetentinelcircondariodiRomaavvocaturaecentriantiviolenza(1).txt | 12_2406_rta_12_241003115345_4166---1.PROTOCOLLOTAVOLOINTERISTITUZIONALE.txt | 12_2406_rta_12_241003121816_4166---Copiadi1.PROTOCOLLOTAVOLOINTERISTITUZIONALE.txt,3
Lazio,,,Consiglio dell'Ordine degli Avvocati,Ordine avvocati,associazionismo,12_2406_rta_12_241003115345_4166---1.PROTOCOLLOTAVOLOINTERISTITUZIONALE.txt,1
Lazio,Frosinone,Frosinone,Consiglio dell'Ordine degli Avvocati di Frosinone,Ordine avvocati,associazionismo,12_2406_rta_12_240926134140_4166---Protocollointesa.txt | 12_2406_rta_12_241004114912_4166---ProtocolloRetePrantiviolenzaFrosinone.txt | 12_2406_rta_12_241004130514_4166---PROTOCOLLODIINTESAPERLAPROMOZIONEDISTRATEGIECONDIVISESULFENOMENODELLAVIOLENZADIGENERE(1).txt | 12_2406_rta_12_241004133706_4166---ProtocollodiretePREFETTURAFrosinone(1).txt | 12_2406_rta_12_241008145357_4166---Protocollointeristituzionale2023.txt,5
Veneto,Verona,Verona,"ONDIF, Osservatorio Nazionale sul Diritto di Famiglia, Sezione di Verona",Ordine avvocati,associazionismo,05_2406_rta_05_240919124736_4166---Protocollo_per_contrasto_alla_violenza_di_genere.stamped.txt,1
Marche,Macerata,Macerata,Ordine Avvocati Macerata,Ordine avvocati,associazionismo,11_2406_rta_11_240911113235_4166---MacerataProtocollo2019_2022Firmato.txt,1
Lazio,Viterbo,Viterbo,Ordine Awvocati di Viterbo,Ordine avvocati,associazionismo,12_2406_rta_12_241008112319_4166---protocollo25.11.2023.txt,1
Puglia,,,Ordine Forense,Ordine avvocati,associazionismo,16_2406_rta_16_250410122122_4166---Protocollo_Viola.txt | 16_foggia_Protocollo_Viola.txt,2
Calabria,,,Ordine degli Avvocati,Ordine avvocati,associazionismo,18_2406_rta_18_240926103211_4166---PROTOCOLLOviolasottoscritto.txt,1
Emilia-Romagna,,,Ordine degli Avvocati,Ordine avvocati,associazionismo,08_2406_rta_08_241015091621_4166---PROTOCOLLO_22.txt,1
Lazio,,,Ordine degli Avvocati,Ordine avvocati,associazionismo,12_2406_rta_12_240926113237_4166---Accordocavunuiversitari.txt | 12_2406_rta_12_241004144338_4166---06-ProtocolloComunediVALLECORSA.txt | 12_2406_rta_12_241007224201_4166---ProtocolloConilComunediARCE.txt | 12_2406_rta_12_241007225239_4166---10-ProtocolloconilComunediCOLFELICE.txt | 12_2406_rta_12_241007235530_4166---ProtocolloconilComunediPastena.txt,5
Piemonte,,,Ordine degli Avvocati,Ordine avvocati,associazionismo,01_2406_rta_01_240920112211_4166---367772-4-Protocollo_intesa_Completo.txt,1
Puglia,,,Ordine degli Avvocati,Ordine avvocati,associazionismo,16_ex_Convenzione Triggiano.txt,1
Lombardia,Como,Como,Ordine degli Avvocati - Commissione Pari Opportunita di Como,Ordine avvocati,associazionismo,03_2406_rta_03_240925144919_4166---RETEDICOMO-PROTOCOLLOINTERIST.17novembre2023(1).txt,1
Lombardia,,,Ordine degli Avvocati - Sondrio,Ordine avvocati,associazionismo,03_2406_rta_03_240923102947_4166---ProtSOTTOSCRITTO_ReteAntiviolenzaPiuIntegrazioneAprile2024(1).txt,1
Umbria,Perugia,Spoleto,Ordine degli Avvocati Spoleto,Ordine avvocati,associazionismo,10_2406_rta_10_250506141901_4166---ProtocollounicoregionaleRINNOVATO.txt,1
Umbria,Terni,Terni,Ordine degli Avvocati Terni,Ordine avvocati,associazionismo,10_2406_rta_10_250506141901_4166---ProtocollounicoregionaleRINNOVATO.txt,1
Marche,Fermo,Fermo,Ordine degli Avvocati del Tribunale di Fermo,Ordine avvocati,associazionismo,11_2406_rta_11_240911113757_4166---All.4ProtocolloReteAntiviolenzasottoscritto18.12.2023.txt,1
Veneto,Venezia,Venezia,Ordine degli Avvocati della Provincia di Venezia,Ordine avvocati,associazionismo,05_2406_rta_05_240916131522_4166---protocolloaggiornamento2023.txt,1
Lombardia,Lecco,Lecco,Ordine degli Avvocati della provincia di Lecco,Ordine avvocati,associazionismo,03_2406_rta_03_240918153240_4166---Protocollod'intesaperl'IstituzionediunSistemaTerritorialeAntiviolenzainReteconAddendumSindacati.txt,1
Puglia,Bari,Bari,Ordine degli Avvocati di Bari,Ordine avvocati,associazionismo,16_2406_rta_16_250409123532_4166---protocollooperativoTriggiano_reteantiviolenza.pdf.txt | 16_bar_protocollo operativo Triggiano_rete antiviolenza.pdf.txt,2
Sardegna,Cagliari,Cagliari,Ordine degli Avvocati di Cagliari,Ordine avvocati,associazionismo,20_2406_rta_20_250620094616_4166---Delibera52-22del23.12.2024-Allegato1.txt,1
Lombardia,Cremona,Cremona,Ordine degli Avvocati di Cremona,Ordine avvocati,associazionismo,03_2406_rta_03_240918153252_4166---Protocollo+Appendice+LineeGuida_Datatodafirmare.txt,1
Emilia-Romagna,Ferrara,Ferrara,Ordine degli Avvocati di Ferrara,Ordine avvocati,associazionismo,08_2406_rta_08_241015091355_4166---PROTOCOLLO_CONTRO_VIOLENZA_firmato2023.txt | 08_2406_rta_08_241015091430_4166---Protocollo_Distrettuale_Contrasto_violenza_Donne2023.stamped.txt,2
Sardegna,Ogliastra,Lanusei,Ordine degli Avvocati di Lanusei,Ordine avvocati,associazionismo,20_2406_rta_20_250620094616_4166---Delibera52-22del23.12.2024-Allegato1.txt,1
Sardegna,Nuoro,Nuoro,Ordine degli Avvocati di Nuoro,Ordine avvocati,associazionismo,20_2406_rta_20_250620094616_4166---Delibera52-22del23.12.2024-Allegato1.txt,1
Sardegna,Oristano,Oristano,Ordine degli Avvocati di Oristano,Ordine avvocati,associazionismo,20_2406_rta_20_250620094616_4166---Delibera52-22del23.12.2024-Allegato1.txt,1
Lombardia,Pavia,Pavia,Ordine degli Avvocati di Pavia,Ordine avvocati,associazionismo,03_2406_rta_03_240918151606_4166---A_RetePavia_Protocollo2021_e_Integrazioni2023_firmato_compressed.txt,1
Umbria,Perugia,Perugia,Ordine degli Avvocati di Perugia,Ordine avvocati,associazionismo,10_2406_rta_10_250506141901_4166---ProtocollounicoregionaleRINNOVATO.txt,1
Marche,Pesaro e Urbino,Pesaro,Ordine degli Avvocati di Pesaro,Ordine avvocati,associazionismo,11_2406_rta_11_240911113034_4166---protocollodireteantiviolenza2020-2022-uuvv.txt,1
Abruzzo,Pescara,Pescara,Ordine degli Avvocati di Pescara,Ordine avvocati,associazionismo,13_2406_rta_13_241122115416_4166---PROTOCOLLOPESCARA.txt,1
Friuli-Venezia Giulia,Pordenone,Pordenone,Ordine degli Avvocati di Pordenone,Ordine avvocati,associazionismo,05_2406_rta_05_240916135305_4166---protocolloulss4.txt,1
Emilia-Romagna,,Reggio Emilia,Ordine degli Avvocati di Reggio Emilia,Ordine avvocati,associazionismo,08_2406_rta_08_241015091655_4166---Aggiornamentointegrazioneprotocollooperativoapprovatonelgiugno2008.txt,1
Veneto,Rovigo,Rovigo,Ordine degli Avvocati di Rovigo,Ordine avvocati,associazionismo,05_2406_rta_05_240916173648_4166---ULSS5Polesana_Protocollodirete.txt,1
Sardegna,Sassari,Sassari,Ordine degli Avvocati di Sassari,Ordine avvocati,associazionismo,20_2406_rta_20_250620094616_4166---Delibera52-22del23.12.2024-Allegato1.txt,1
Toscana,Siena,Siena,Ordine degli Avvocati di Siena,Ordine avvocati,associazionismo,09_ALTA VALDELSA Protocollo-violenza-valdelsa-2022_ALTA VALDELSA.txt,1
Puglia,Taranto,Taranto,Ordine degli Avvocati di Taranto,Ordine avvocati,associazionismo,16_2406_rta_16_250410170705_4166---protocolloPrefetturaProvinciaTaranto.txt | 16_taranto_protocollo Prefettura ProvinciaTaranto.txt,2
Sardegna,Gallura Nord-Est Sardegna,Tempio Pausania,Ordine degli Avvocati di Tempio Pausania,Ordine avvocati,associazionismo,20_2406_rta_20_250620094616_4166---Delibera52-22del23.12.2024-Allegato1.txt,1
Veneto,Treviso,Treviso,Ordine degli Avvocati di Treviso,Ordine avvocati,associazionismo,05_2406_rta_05_240917141534_4166---protocollodiretefirmato.txt,1
Friuli-Venezia Giulia,Udine,Udine,Ordine degli Avvocati di Udine,Ordine avvocati,associazionismo,06_2406_rta_06_240916164153_4166---protocolloprefettura.txt,1
Marche,Pesaro e Urbino,Urbino,Ordine degli Avvocati di Urbino,Ordine avvocati,associazionismo,11_2406_rta_11_240911113034_4166---protocollodireteantiviolenza2020-2022-uuvv.txt,1
Veneto,Venezia,Venezia,Ordine degli Avvocati di Venezia,Ordine avvocati,associazionismo,05_2406_rta_05_240916135305_4166---protocolloulss4.txt,1
Piemonte,Vercelli,Vercelli,Ordine degli Avvocati di Vercelli,Ordine avvocati,associazionismo,01_2406_rta_01_240920123646_4166---vercellieos.txt | 01_2406_rta_01_241018142716_4166---protocolloreteVC.txt,2
Veneto,Verona,Verona,Ordine degli Avvocati di Verona,Ordine avvocati,associazionismo,05_2406_rta_05_240919124736_4166---Protocollo_per_contrasto_alla_violenza_di_genere.stamped.txt,1
Veneto,Vicenza,Vicenza,Ordine degli Avvocati di Vicenza,Ordine avvocati,associazionismo,05_2406_rta_05_240919122126_4166---PROTOCOLLOULSS8BERICA.txt,1
Friuli-Venezia Giulia,Gorizia,Gorizia,Ordine degli Avvocati provincia di Gorizia,Ordine avvocati,associazionismo,06_2406_rta_06_240916164258_4166---Protocolloviolenzadomesticaedigenere_30.09.2019.txt,1
Veneto,Vicenza,Vicenza,Ordine provinciale degli Avvocati di Vicenza,Ordine avvocati,associazionismo,05_2406_rta_05_240919122126_4166---PROTOCOLLOULSS8BERICA.txt,1
Lazio,,,Ordini forensi del Lazio,Ordine avvocati,associazionismo,12_2406_rta_12_241004114912_4166---ProtocolloRetePrantiviolenzaFrosinone.txt | 12_2406_rta_12_241004130514_4166---PROTOCOLLODIINTESAPERLAPROMOZIONEDISTRATEGIECONDIVISESULFENOMENODELLAVIOLENZADIGENERE(1).txt | 12_2406_rta_12_241004133706_4166---ProtocollodiretePREFETTURAFrosinone(1).txt,3
Veneto,Verona,Verona,"Unione Giuristi Cattolici Italiani, Unione di Verona",Ordine avvocati,associazionismo,05_2406_rta_05_240919124736_4166---Protocollo_per_contrasto_alla_violenza_di_genere.stamped.txt,1
Puglia,Foggia,Foggia,OMCeO di Foggia,Ordine medici e odontoiatri e Ordine farmacisti,associazionismo,16_2406_rta_16_250410122122_4166---Protocollo_Viola.txt,1
Lombardia,,,ORDINE DEI MEDICI CHIRURGHI E DEGLI ODONTOIATRI DELLA PROVINCIA DI MONZA E BRIANZA,Ordine medici e odontoiatri e Ordine farmacisti,associazionismo,03_2406_rta_03_240926122051_4166---Protocollomonz.txt,1
Marche,,,Omop - Ordine dei Medici Chirurghi della Provincia di Pesaro e Urbino,Ordine medici e odontoiatri e Ordine farmacisti,associazionismo,11_2406_rta_11_240911113034_4166---protocollodireteantiviolenza2020-2022-uuvv.txt,1
Lombardia,Como,Como,Ordine Provinciale dei Medici Chirurghi e degli Odontoiatri di Como,Ordine medici e odontoiatri e Ordine farmacisti,associazionismo,03_2406_rta_03_240925144919_4166---RETEDICOMO-PROTOCOLLOINTERIST.17novembre2023(1).txt,1
Marche,,,Ordine Provinciale dei Medici-Chirurghi e Odontoiatri,Ordine medici e odontoiatri e Ordine farmacisti,associazionismo,11_2406_rta_11_240911113235_4166---MacerataProtocollo2019_2022Firmato.txt,1
Trento,,,Ordine dei Farmacisti,Ordine medici e odontoiatri e Ordine farmacisti,associazionismo,05_2406_rta_05_240918144304_4166---Protocollo_ULSS2-DistrettoTreviso.txt,1
Veneto,Venezia,Venezia,Ordine dei Farmacisti della Provincia di Venezia,Ordine medici e odontoiatri e Ordine farmacisti,associazionismo,05_2406_rta_05_240916131522_4166---protocolloaggiornamento2023.txt,1
Emilia-Romagna,Ferrara,Ferrara,Ordine dei Farmacisti di Ferrara,Ordine medici e odontoiatri e Ordine farmacisti,associazionismo,08_2406_rta_08_241015091355_4166---PROTOCOLLO_CONTRO_VIOLENZA_firmato2023.txt,1
Lombardia,Sondrio,Sondrio,Ordine dei Farmacisti di Sondrio,Ordine medici e odontoiatri e Ordine farmacisti,associazionismo,03_2406_rta_03_240923102947_4166---ProtSOTTOSCRITTO_ReteAntiviolenzaPiuIntegrazioneAprile2024(1).txt,1
Trento,,,Ordine dei Medici,Ordine medici e odontoiatri e Ordine farmacisti,associazionismo,05_2406_rta_05_240918144304_4166---Protocollo_ULSS2-DistrettoTreviso.txt,1
Sardegna,Cagliari,Cagliari,Ordine dei Medici Chirurghi e Odontoiatri della Provincia di Cagliari,Ordine medici e odontoiatri e Ordine farmacisti,associazionismo,20_2406_rta_20_250620094616_4166---Delibera52-22del23.12.2024-Allegato1.txt,1
Sardegna,Nuoro,Nuoro,Ordine dei Medici Chirurghi e Odontoiatri della Provincia di Nuoro,Ordine medici e odontoiatri e Ordine farmacisti,associazionismo,20_2406_rta_20_250620094616_4166---Delibera52-22del23.12.2024-Allegato1.txt,1
Sardegna,Oristano,Oristano,Ordine dei Medici Chirurghi e Odontoiatri della Provincia di Oristano,Ordine medici e odontoiatri e Ordine farmacisti,associazionismo,20_2406_rta_20_250620094616_4166---Delibera52-22del23.12.2024-Allegato1.txt,1
Sardegna,Sassari,Sassari,Ordine dei Medici Chirurghi e Odontoiatri della Provincia di Sassari,Ordine medici e odontoiatri e Ordine farmacisti,associazionismo,20_2406_rta_20_250620094616_4166---Delibera52-22del23.12.2024-Allegato1.txt,1
Veneto,Venezia,Venezia,Ordine dei Medici Chirurghi e Odontoiatri della Provincia di Venezia,Ordine medici e odontoiatri e Ordine farmacisti,associazionismo,05_2406_rta_05_240916131522_4166---protocolloaggiornamento2023.txt,1
Veneto,Vicenza,Vicenza,Ordine dei Medici Chirurghi e Odontoiatri della Provincia di Vicenza,Ordine medici e odontoiatri e Ordine farmacisti,associazionismo,05_2406_rta_05_240919122126_4166---PROTOCOLLOULSS8BERICA.txt,1
Lombardia,Bergamo,Bergamo,Ordine dei Medici Chirurghi e Odontoiatri di Bergamo,Ordine medici e odontoiatri e Ordine farmacisti,associazionismo,03_2406_rta_03_240923114012_4166---23-9-2024ProtocolloReteRita_signed_signed_signedDEF_signed_signed-signed_signed(1).txt,1
Veneto,Verona,Verona,Ordine dei Medici Chirurghi e Odontoiatri di Verona,Ordine medici e odontoiatri e Ordine farmacisti,associazionismo,05_2406_rta_05_240919124736_4166---Protocollo_per_contrasto_alla_violenza_di_genere.stamped.txt,1
Lombardia,Pavia,Pavia,Ordine dei Medici Chirurghi e degli Odontoiatri della Provincia di Pavia,Ordine medici e odontoiatri e Ordine farmacisti,associazionismo,03_2406_rta_03_240918151606_4166---A_RetePavia_Protocollo2021_e_Integrazioni2023_firmato_compressed.txt,1
Abruzzo,Pescara,Pescara,Ordine dei Medici Chirurghi e degli Odontoiatri della Provincia di Pescara,Ordine medici e odontoiatri e Ordine farmacisti,associazionismo,13_2406_rta_13_241122115416_4166---PROTOCOLLOPESCARA.txt,1
Emilia-Romagna,Ferrara,Ferrara,Ordine dei Medici Chirurghi e degli Odontoiatri di Ferrara,Ordine medici e odontoiatri e Ordine farmacisti,associazionismo,08_2406_rta_08_241015091355_4166---PROTOCOLLO_CONTRO_VIOLENZA_firmato2023.txt,1
Marche,Ascoli Piceno,Ascoli Piceno,Ordine dei Medici Chirurghi e odontoiatri della provincia di Ascoli Piceno,Ordine medici e odontoiatri e Ordine farmacisti,associazionismo,11_2406_rta_11_240911113911_4166---AscoliPPROTOCOLLOoperativo_2019_2021.txt,1
Veneto,Rovigo,Rovigo,Ordine dei Medici Chirurghi ed Odontoiatri della provincia di Rovigo,Ordine medici e odontoiatri e Ordine farmacisti,associazionismo,05_2406_rta_05_240916173648_4166---ULSS5Polesana_Protocollodirete.txt,1
Lazio,Rieti,Rieti,Ordine dei Medici della Provincia di Rieti,Ordine medici e odontoiatri e Ordine farmacisti,associazionismo,12_2406_rta_12_241001130527_4166---protocollocontrolaviolenzadigenere.pdfpdf.txt,1
Puglia,Foggia,Foggia,Ordine dei Medici di Foggia,Ordine medici e odontoiatri e Ordine farmacisti,associazionismo,16_2406_rta_16_250410122122_4166---Protocollo_Viola.txt | 16_foggia_Protocollo_Viola.txt,2
Veneto,Venezia,Venezia,Ordine dei Medici di Venezia,Ordine medici e odontoiatri e Ordine farmacisti,associazionismo,05_2406_rta_05_240916135305_4166---protocolloulss4.txt,1
Piemonte,Vercelli,Vercelli,Ordine dei Medici di Vercelli,Ordine medici e odontoiatri e Ordine farmacisti,associazionismo,01_2406_rta_01_240920123646_4166---vercellieos.txt | 01_2406_rta_01_241018142716_4166---protocolloreteVC.txt,2
Friuli-Venezia Giulia,Gorizia,Gorizia,Ordine dei farmacisti della provincia di Gorizia,Ordine medici e odontoiatri e Ordine farmacisti,associazionismo,06_2406_rta_06_240916164258_4166---Protocolloviolenzadomesticaedigenere_30.09.2019.txt,1
Friuli-Venezia Giulia,Gorizia,Gorizia,Ordine dei medici chirurghi e odontoiatri della provincia di Gorizia,Ordine medici e odontoiatri e Ordine farmacisti,associazionismo,06_2406_rta_06_240916164258_4166---Protocolloviolenzadomesticaedigenere_30.09.2019.txt,1
Lombardia,,,Ordine della Professione Ostetrica Interprovinciale Bg-Cr-Lo-Mi-MB,Ordine medici e odontoiatri e Ordine farmacisti,associazionismo,03_2406_rta_03_240923114012_4166---23-9-2024ProtocolloReteRita_signed_signed_signedDEF_signed_signed-signed_signed(1).txt,1
Veneto,Vicenza,Vicenza,Ordine provinciale dei Medici Chirurghi e degli Odontoiatri di Vicenza,Ordine medici e odontoiatri e Ordine farmacisti,associazionismo,05_2406_rta_05_240919122126_4166---PROTOCOLLOULSS8BERICA.txt,1
Sardegna,,,Ordini dei Farmacisti della Sardegna,Ordine medici e odontoiatri e Ordine farmacisti,associazionismo,20_2406_rta_20_250620094616_4166---Delibera52-22del23.12.2024-Allegato1.txt,1
Lazio,,,Consiglio Nazionale dell'Ordine degli Assistenti Sociali,Ordine psicologi e Ordine assistenti sociali,associazionismo,12_2406_rta_12_241003101925_4166---ProtocolloFormazioneObiettivoUomo.txt,1
Lazio,Roma,Roma,Consiglio Regionale dell'Ordine degli Assistenti Sociali del Lazio,Ordine psicologi e Ordine assistenti sociali,associazionismo,12_2406_rta_12_240926115028_4166---ProtICROASLazioePonteDonna.txt,1
Puglia,,,ORDINE DEGLI ASSISTENTI SOCIALI REGIONE PUGLIA,Ordine psicologi e Ordine assistenti sociali,associazionismo,16_2406_rta_16_250409123532_4166---protocollooperativoTriggiano_reteantiviolenza.pdf.txt | 16_bar_protocollo operativo Triggiano_rete antiviolenza.pdf.txt,3
Puglia,,,ORDINE DEGLI PSICOLOGI REGIONE PUGLIA,Ordine psicologi e Ordine assistenti sociali,associazionismo,16_2406_rta_16_250409123532_4166---protocollooperativoTriggiano_reteantiviolenza.pdf.txt | 16_bar_protocollo operativo Triggiano_rete antiviolenza.pdf.txt,3
Lazio,Roma,Roma,Ordine,Ordine psicologi e Ordine assistenti sociali,associazionismo,12_2406_rta_12_241008095626_4166---Convenzioneconl'UniversitàLASAPIENZARoma.txt,1
Lombardia,,,Ordine Assistenti Sociali CROAS Lombardia,Ordine psicologi e Ordine assistenti sociali,associazionismo,03_2406_rta_03_240923114012_4166---23-9-2024ProtocolloReteRita_signed_signed_signedDEF_signed_signed-signed_signed(1).txt,1
Marche,,,Ordine Assistenti Sociali delle Marche,Ordine psicologi e Ordine assistenti sociali,associazionismo,11_2406_rta_11_240911113235_4166---MacerataProtocollo2019_2022Firmato.txt,1
Marche,,,Ordine Psicologi Marche,Ordine psicologi e Ordine assistenti sociali,associazionismo,11_2406_rta_11_240911113235_4166---MacerataProtocollo2019_2022Firmato.txt,1
Sardegna,,,Ordine degli Assistenti Sociali Regione Sardegna,Ordine psicologi e Ordine assistenti sociali,associazionismo,20_2406_rta_20_250620094616_4166---Delibera52-22del23.12.2024-Allegato1.txt,1
Trento,,,Ordine degli Assistenti Sociali del Veneto,Ordine psicologi e Ordine assistenti sociali,associazionismo,05_2406_rta_05_240916131522_4166---protocolloaggiornamento2023.txt,1
Calabria,,,Ordine degli Assistenti Sociali della Calabria,Ordine psicologi e Ordine assistenti sociali,associazionismo,18_2406_rta_18_240926102620_4166---protocollopercorsorosa.txt,1
Abruzzo,,,Ordine degli Assistenti Sociali della Regione Abruzzo,Ordine psicologi e Ordine assistenti sociali,associazionismo,13_2406_rta_13_241122115416_4166---PROTOCOLLOPESCARA.txt,1
Lombardia,,,Ordine degli Assistenti Sociali della Regione Lombardia,Ordine psicologi e Ordine assistenti sociali,associazionismo,03_2406_rta_03_240918151606_4166---A_RetePavia_Protocollo2021_e_Integrazioni2023_firmato_compressed.txt,1
Puglia,,,Ordine degli Assistenti Sociali della Regione Puglia,Ordine psicologi e Ordine assistenti sociali,associazionismo,16_2406_rta_16_250410170705_4166---protocolloPrefetturaProvinciaTaranto.txt | 16_taranto_protocollo Prefettura ProvinciaTaranto.txt,2
Lazio,,,Ordine degli Psicologi,Ordine psicologi e Ordine assistenti sociali,associazionismo,12_2406_rta_12_241008101410_4166---ConvenzioneconUniversitàMERCATORUM.txt,1
Lazio,,,Ordine degli Psicologi del Lazio,Ordine psicologi e Ordine assistenti sociali,associazionismo,12_2406_rta_12_241001130527_4166---protocollocontrolaviolenzadigenere.pdfpdf.txt,1
Trento,,,Ordine degli Psicologi del Veneto,Ordine psicologi e Ordine assistenti sociali,associazionismo,05_2406_rta_05_240916131522_4166---protocolloaggiornamento2023.txt | 05_2406_rta_05_240919124736_4166---Protocollo_per_contrasto_alla_violenza_di_genere.stamped.txt,2
Lombardia,,,Ordine degli Psicologi della Lombardia,Ordine psicologi e Ordine assistenti sociali,associazionismo,03_2406_rta_03_240923114012_4166---23-9-2024ProtocolloReteRita_signed_signed_signedDEF_signed_signed-signed_signed(1).txt,1
Lombardia,Milano,Milano,Ordine degli Psicologi della Lombardia,Ordine psicologi e Ordine assistenti sociali,associazionismo,03_2406_rta_03_240918151606_4166---A_RetePavia_Protocollo2021_e_Integrazioni2023_firmato_compressed.txt,1
Abruzzo,,,Ordine degli Psicologi della Regione Abruzzo,Ordine psicologi e Ordine assistenti sociali,associazionismo,13_2406_rta_13_241122115416_4166---PROTOCOLLOPESCARA.txt,1
Lazio,,,Ordine degli Psicologi della Regione Abruzzo,Ordine psicologi e Ordine assistenti sociali,associazionismo,12_2406_rta_12_241008102339_4166---15-ConvenzionePreepost-Laureauniversitàdell'AQUILA.txt,1
Marche,,,Ordine degli Psicologi della Regione Marche,Ordine psicologi e Ordine assistenti sociali,associazionismo,11_2406_rta_11_240911113034_4166---protocollodireteantiviolenza2020-2022-uuvv.txt,1
Sardegna,,,Ordine degli Psicologi della Sardegna,Ordine psicologi e Ordine assistenti sociali,associazionismo,20_2406_rta_20_250620094616_4166---Delibera52-22del23.12.2024-Allegato1.txt,1
Lazio,,,Ordine degli assistenti sociali,Ordine psicologi e Ordine assistenti sociali,associazionismo,12_2406_rta_12_240926113237_4166---Accordocavunuiversitari.txt,1
Veneto,,,Ordine degli assistenti sociali FVG,Ordine psicologi e Ordine assistenti sociali,associazionismo,06_2406_rta_06_240916164258_4166---Protocolloviolenzadomesticaedigenere_30.09.2019.txt,1
Veneto,,,Ordine degli psicologi Consiglio FVG,Ordine psicologi e Ordine assistenti sociali,associazionismo,06_2406_rta_06_240916164258_4166---Protocolloviolenzadomesticaedigenere_30.09.2019.txt,1
Marche,,,Ordine delle Assistenti Sociali della Marche,Ordine psicologi e Ordine assistenti sociali,associazionismo,11_2406_rta_11_240911113034_4166---protocollodireteantiviolenza2020-2022-uuvv.txt,1
Trento,,,AAROI-Emac,Sindacati/Associazioni di categoria,associazionismo,05_2406_rta_05_240916131522_4166---protocolloaggiornamento2023.txt,1
Trento,,,ANAAO,Sindacati/Associazioni di categoria,associazionismo,05_2406_rta_05_240916131522_4166---protocolloaggiornamento2023.txt,1
Trento,,,ANPO-ASCOTI-FIALS MEDICI,Sindacati/Associazioni di categoria,associazionismo,05_2406_rta_05_240916131522_4166---protocolloaggiornamento2023.txt,1
Emilia-Romagna,,,APPC,Sindacati/Associazioni di categoria,associazionismo,08_2406_rta_08_241015091330_4166---Protocollo_intesa_autonomia_abitativa_donne_vittime_di_violenza_CittMtrBO.txt,1
Lombardia,,,ASCOM Confcommercio Bergamo,Sindacati/Associazioni di categoria,associazionismo,03_2406_rta_03_240923114012_4166---23-9-2024ProtocolloReteRita_signed_signed_signedDEF_signed_signed-signed_signed(1).txt,1
Trento,,,AUPI,Sindacati/Associazioni di categoria,associazionismo,05_2406_rta_05_240916131522_4166---protocolloaggiornamento2023.txt,1
Toscana,,,Ascom,Sindacati/Associazioni di categoria,associazionismo,09_GROSSETO 2022 fpdf.txt,1
Emilia-Romagna,Ferrara,Ferrara,Ascom Confcommercio Ferrara,Sindacati/Associazioni di categoria,associazionismo,08_2406_rta_08_241015091355_4166---PROTOCOLLO_CONTRO_VIOLENZA_firmato2023.txt,1
Emilia-Romagna,,,Associazione Piccoli Proprietari Case,Sindacati/Associazioni di categoria,associazionismo,08_2406_rta_08_241015091330_4166---Protocollo_intesa_autonomia_abitativa_donne_vittime_di_violenza_CittMtrBO.txt,1
Lombardia,,,Associazioni di categoria,Sindacati/Associazioni di categoria,associazionismo,03_2406_rta_03_240923163715_4166---PROTOCOLLOD'INTESA2017_2020.txt,1
Emilia-Romagna,,,CGIL,Sindacati/Associazioni di categoria,associazionismo,08_2406_rta_08_241015091330_4166---Protocollo_intesa_autonomia_abitativa_donne_vittime_di_violenza_CittMtrBO.txt,1
Lombardia,,,CGIL,Sindacati/Associazioni di categoria,associazionismo,03_2406_rta_03_240918153252_4166---Protocollo+Appendice+LineeGuida_Datatodafirmare.txt | 03_2406_rta_03_240923101524_4166---PROTOCOLLO_DI_INTESA_versione_DEFINITIVA2021.stamped.txt | 03_2406_rta_03_240923103647_4166---protocolloreteantiviolenzacinisello2019(1).txt | 03_2406_rta_03_240923163715_4166---PROTOCOLLOD'INTESA2017_2020.txt | 03_2406_rta_03_240926122051_4166---Protocollomonz.txt,5
Marche,,,CGIL,Sindacati/Associazioni di categoria,associazionismo,11_2406_rta_11_240911113235_4166---MacerataProtocollo2019_2022Firmato.txt,1
Emilia-Romagna,Bologna,Bologna,CGIL - Bologna,Sindacati/Associazioni di categoria,associazionismo,08_2406_rta_08_241015091500_4166---Protocollo_autonomia_lavorativa_def.txt,1
Marche,Ancona,Ancona,CGIL Ancona,Sindacati/Associazioni di categoria,associazionismo,11_2406_rta_11_240911113105_4166---PROTOCOLLO_OPERATIVO2024_CONINDIRIZZARIO_FIRMATO.txt,1
Puglia,,,CGIL CISL UIL,Sindacati/Associazioni di categoria,associazionismo,16_terreg_Prot_CGIL - CISL - CONFINDUSTRIA_CAV.txt,1
Lombardia,Milano,Milano,CGIL Camera del Lavoro Metropolitana di Milano,Sindacati/Associazioni di categoria,associazionismo,03_2406_rta_03_240923113114_4166---ProtocolloReteAddaMartesanasottoscritto.txt,1
Lombardia,Brescia,Brescia,CGIL Camera del Lavoro Territoriale di Brescia,Sindacati/Associazioni di categoria,associazionismo,03_2406_rta_03_240923165401_4166---PROTOCOLLODIrete2020-2023_rev2confirmescan.txt,1
Trento,,,CGIL FPL e Gruppo Medici,Sindacati/Associazioni di categoria,associazionismo,05_2406_rta_05_240916131522_4166---protocolloaggiornamento2023.txt,1
Lombardia,Lecco,Lecco,CGIL Lecco,Sindacati/Associazioni di categoria,associazionismo,03_2406_rta_03_240918153240_4166---Protocollod'intesaperl'IstituzionediunSistemaTerritorialeAntiviolenzainReteconAddendumSindacati.txt,1
Lombardia,,,CGIL Mantova,Sindacati/Associazioni di categoria,associazionismo,03_2406_rta_03_240918153156_4166---Protocollo_d'Intesa_Rete_Mantova.prot.txt,1
Lombardia,Pavia,Pavia,CGIL Pavia,Sindacati/Associazioni di categoria,associazionismo,03_2406_rta_03_240918151606_4166---A_RetePavia_Protocollo2021_e_Integrazioni2023_firmato_compressed.txt,1
Toscana,,,CGIL Provinciale,Sindacati/Associazioni di categoria,associazionismo,09_PISTOIA PROV .txt,1
Puglia,,,CGIL Puglia,Sindacati/Associazioni di categoria,associazionismo,16_2406_rta_16_250411124608_4166---Prot_CGIL-CISL-CONFINDUSTRIA_CAV.txt | 16_terreg_Prot_CGIL - CISL - CONFINDUSTRIA_CAV.txt,2
Lazio,,,CGIL Rieti Roma Eva,Sindacati/Associazioni di categoria,associazionismo,12_2406_rta_12_241003111748_4166---ACCORDOMUNICIPIOROMAVeDIPPARIOPPROMACAPITALE_DD.txt,1
Veneto,Venezia,Venezia,CGIL Venezia,Sindacati/Associazioni di categoria,associazionismo,05_2406_rta_05_240916131522_4166---protocolloaggiornamento2023.txt,1
Toscana,,,CIA,Sindacati/Associazioni di categoria,associazionismo,09_GROSSETO 2022 fpdf.txt,1
Trento,,,CIMO,Sindacati/Associazioni di categoria,associazionismo,05_2406_rta_05_240916131522_4166---protocolloaggiornamento2023.txt,1
Emilia-Romagna,,,CISL,Sindacati/Associazioni di categoria,associazionismo,08_2406_rta_08_241015091330_4166---Protocollo_intesa_autonomia_abitativa_donne_vittime_di_violenza_CittMtrBO.txt,1
Lombardia,,,CISL,Sindacati/Associazioni di categoria,associazionismo,03_2406_rta_03_240918153156_4166---Protocollo_d'Intesa_Rete_Mantova.prot.txt | 03_2406_rta_03_240918153252_4166---Protocollo+Appendice+LineeGuida_Datatodafirmare.txt | 03_2406_rta_03_240923101524_4166---PROTOCOLLO_DI_INTESA_versione_DEFINITIVA2021.stamped.txt | 03_2406_rta_03_240923103647_4166---protocolloreteantiviolenzacinisello2019(1).txt | 03_2406_rta_03_240923163715_4166---PROTOCOLLOD'INTESA2017_2020.txt | 03_2406_rta_03_240926122051_4166---Protocollomonz.txt,6
Marche,,,CISL,Sindacati/Associazioni di categoria,associazionismo,11_2406_rta_11_240911113235_4166---MacerataProtocollo2019_2022Firmato.txt,1
Puglia,,,CISL,Sindacati/Associazioni di categoria,associazionismo,16_2406_rta_16_250411124608_4166---Prot_CGIL-CISL-CONFINDUSTRIA_CAV.txt,1
Lombardia,Brescia,Brescia,CISL - Unione Sindacale Territoriale di Brescia,Sindacati/Associazioni di categoria,associazionismo,03_2406_rta_03_240923165401_4166---PROTOCOLLODIrete2020-2023_rev2confirmescan.txt,1
Marche,Ancona,Ancona,CISL Ancona,Sindacati/Associazioni di categoria,associazionismo,11_2406_rta_11_240911113105_4166---PROTOCOLLO_OPERATIVO2024_CONINDIRIZZARIO_FIRMATO.txt,1
Emilia-Romagna,,,CISL Area metropolitana Bolognese,Sindacati/Associazioni di categoria,associazionismo,08_2406_rta_08_241015091500_4166---Protocollo_autonomia_lavorativa_def.txt,1
Trento,,,CISL FP,Sindacati/Associazioni di categoria,associazionismo,05_2406_rta_05_240916131522_4166---protocolloaggiornamento2023.txt,1
Friuli-Venezia Giulia,Gorizia,Gorizia,CISL Gorizia,Sindacati/Associazioni di categoria,associazionismo,06_2406_rta_06_240916164258_4166---Protocolloviolenzadomesticaedigenere_30.09.2019.txt,1
Lombardia,,,CISL Monza Brianza Lecco,Sindacati/Associazioni di categoria,associazionismo,03_2406_rta_03_240918153240_4166---Protocollod'intesaperl'IstituzionediunSistemaTerritorialeAntiviolenzainReteconAddendumSindacati.txt,1
Toscana,,,CISL Provinciale,Sindacati/Associazioni di categoria,associazionismo,09_PISTOIA PROV .txt,1
Lazio,,,CISL Roma Capitale Rieti,Sindacati/Associazioni di categoria,associazionismo,12_2406_rta_12_241003111748_4166---ACCORDOMUNICIPIOROMAVeDIPPARIOPPROMACAPITALE_DD.txt,1
Veneto,Venezia,Venezia,CISL Venezia,Sindacati/Associazioni di categoria,associazionismo,05_2406_rta_05_240916131522_4166---protocolloaggiornamento2023.txt,1
Abruzzo,,,CNA,Sindacati/Associazioni di categoria,associazionismo,13_2406_rta_13_241122101856_4166---Protocollodirete_AlphaGuardiagrele.txt,1
Emilia-Romagna,Bologna,Bologna,CNA Bologna,Sindacati/Associazioni di categoria,associazionismo,08_2406_rta_08_241015091500_4166---Protocollo_autonomia_lavorativa_def.txt,1
Emilia-Romagna,,,CNA Piacenza,Sindacati/Associazioni di categoria,associazionismo,08_2406_rta_08_241015092005_4166---DG216-2024.txt,1
Marche,Macerata,Macerata,CNA di Macerata,Sindacati/Associazioni di categoria,associazionismo,11_2406_rta_11_240911113235_4166---MacerataProtocollo2019_2022Firmato.txt,1
Emilia-Romagna,,,CONIA,Sindacati/Associazioni di categoria,associazionismo,08_2406_rta_08_241015091330_4166---Protocollo_intesa_autonomia_abitativa_donne_vittime_di_violenza_CittMtrBO.txt,1
Lombardia,,,CST UIL del Lario,Sindacati/Associazioni di categoria,associazionismo,03_2406_rta_03_240918153240_4166---Protocollod'intesaperl'IstituzionediunSistemaTerritorialeAntiviolenzainReteconAddendumSindacati.txt,1
Marche,Macerata,Macerata,Casartigiani Macerata,Sindacati/Associazioni di categoria,associazionismo,11_2406_rta_11_240911113235_4166---MacerataProtocollo2019_2022Firmato.txt,1
Lombardia,,,Cgil Lombardia,Sindacati/Associazioni di categoria,associazionismo,03_2406_rta_03_240923102947_4166---ProtSOTTOSCRITTO_ReteAntiviolenzaPiuIntegrazioneAprile2024(1).txt,1
Lazio,,,Coldiretti,Sindacati/Associazioni di categoria,associazionismo,12_2406_rta_12_241004144338_4166---06-ProtocolloComunediVALLECORSA.txt | 12_2406_rta_12_241004145702_4166---08-ProtocolloComunediFalvaterra.txt | 12_2406_rta_12_241007224201_4166---ProtocolloConilComunediARCE.txt | 12_2406_rta_12_241007225239_4166---10-ProtocolloconilComunediCOLFELICE.txt | 12_2406_rta_12_241007235530_4166---ProtocolloconilComunediPastena.txt,5
Marche,Macerata,Macerata,Coldiretti Macerata,Sindacati/Associazioni di categoria,associazionismo,11_2406_rta_11_240911113235_4166---MacerataProtocollo2019_2022Firmato.txt,1
Emilia-Romagna,,,Confapi Piacenza,Sindacati/Associazioni di categoria,associazionismo,08_2406_rta_08_241015092005_4166---DG216-2024.txt,1
Friuli-Venezia Giulia,Gorizia,Gorizia,Confartigianato Gorizia,Sindacati/Associazioni di categoria,associazionismo,06_2406_rta_06_240916164258_4166---Protocolloviolenzadomesticaedigenere_30.09.2019.txt,1
Emilia-Romagna,,,Confartigianato Imprese di Bologna e Imola,Sindacati/Associazioni di categoria,associazionismo,08_2406_rta_08_241015091500_4166---Protocollo_autonomia_lavorativa_def.txt,1
Marche,Macerata,Macerata,Confartigianato Macerata,Sindacati/Associazioni di categoria,associazionismo,11_2406_rta_11_240911113235_4166---MacerataProtocollo2019_2022Firmato.txt,1
Emilia-Romagna,Bologna,Bologna,Confcommercio ASCOM Bologna,Sindacati/Associazioni di categoria,associazionismo,08_2406_rta_08_241015091500_4166---Protocollo_autonomia_lavorativa_def.txt,1
Emilia-Romagna,,,Confcommercio Ascom Bologna,Sindacati/Associazioni di categoria,associazionismo,08_2406_rta_08_241015091330_4166---Protocollo_intesa_autonomia_abitativa_donne_vittime_di_violenza_CittMtrBO.txt,1
Lombardia,,,Confcommercio Bergamo,Sindacati/Associazioni di categoria,associazionismo,03_2406_rta_03_240920124656_4166---ProtocolloantiviolenzaDEFINITIVO(1).txt,1
Lombardia,Milano,Bollate,Confcommercio Imprese per l'Italia Milano Lodi Monza e Brianza Associazione Territoriale di Bollate,Sindacati/Associazioni di categoria,associazionismo,03_2406_rta_03_240926144324_4166---Protocollodiintesa.txt,1
Lombardia,Milano,Rho,Confcommercio Imprese per l'Italia Milano Lodi Monza e Brianza Associazione Territoriale di Rho,Sindacati/Associazioni di categoria,associazionismo,03_2406_rta_03_240926144324_4166---Protocollodiintesa.txt,1
Marche,Macerata,Macerata,Confcommercio Macerata,Sindacati/Associazioni di categoria,associazionismo,11_2406_rta_11_240911113235_4166---MacerataProtocollo2019_2022Firmato.txt,1
Emilia-Romagna,,,Confcommercio Piacenza,Sindacati/Associazioni di categoria,associazionismo,08_2406_rta_08_241015092005_4166---DG216-2024.txt,1
Marche,Macerata,Macerata,Confcooperative Macerata,Sindacati/Associazioni di categoria,associazionismo,11_2406_rta_11_240911113235_4166---MacerataProtocollo2019_2022Firmato.txt,1
Toscana,,,Confesercenti,Sindacati/Associazioni di categoria,associazionismo,09_GROSSETO 2022 fpdf.txt,1
Emilia-Romagna,Bologna,Bologna,Confesercenti Bologna,Sindacati/Associazioni di categoria,associazionismo,08_2406_rta_08_241015091500_4166---Protocollo_autonomia_lavorativa_def.txt,1
Marche,Macerata,Macerata,Confesercenti Macerata,Sindacati/Associazioni di categoria,associazionismo,11_2406_rta_11_240911113235_4166---MacerataProtocollo2019_2022Firmato.txt,1
Emilia-Romagna,,,Confesercenti Piacenza,Sindacati/Associazioni di categoria,associazionismo,08_2406_rta_08_241015092005_4166---DG216-2024.txt,1
Emilia-Romagna,,,"Confindustria Emilia Area Centro: le imprese di Bologna, Ferrara e Modena",Sindacati/Associazioni di categoria,associazionismo,08_2406_rta_08_241015091500_4166---Protocollo_autonomia_lavorativa_def.txt,1
Marche,Macerata,Macerata,Confindustria Macerata,Sindacati/Associazioni di categoria,associazionismo,11_2406_rta_11_240911113235_4166---MacerataProtocollo2019_2022Firmato.txt,1
Emilia-Romagna,,,Confindustria Piacenza,Sindacati/Associazioni di categoria,associazionismo,08_2406_rta_08_241015092005_4166---DG216-2024.txt,1
Marche,,,Confindustria Provincia Ascoli Piceno,Sindacati/Associazioni di categoria,associazionismo,11_2406_rta_11_240911113911_4166---AscoliPPROTOCOLLOoperativo_2019_2021.txt,1
Puglia,,,Confindustria Puglia,Sindacati/Associazioni di categoria,associazionismo,16_2406_rta_16_250411124608_4166---Prot_CGIL-CISL-CONFINDUSTRIA_CAV.txt | 16_terreg_Prot_CGIL - CISL - CONFINDUSTRIA_CAV.txt,2
Piemonte,,,Coordinamenti femminili delle organizzazioni sindacali,Sindacati/Associazioni di categoria,associazionismo,01_2406_rta_01_241002150739_4166---DeliberaCostituzioneOsservatorioSaluteDonne.txt,1
Emilia-Romagna,,,Coordinamento Donne CGIL Piacenza,Sindacati/Associazioni di categoria,associazionismo,08_2406_rta_08_241015092005_4166---DG216-2024.txt,1
Lombardia,Sondrio,Sondrio,Coordinamento Donne Cisl di Sondrio,Sindacati/Associazioni di categoria,associazionismo,03_2406_rta_03_240923102947_4166---ProtSOTTOSCRITTO_ReteAntiviolenzaPiuIntegrazioneAprile2024(1).txt,1
Emilia-Romagna,Piacenza,Piacenza,Coordinamento Donne UIL Emilia Romagna sede di Piacenza,Sindacati/Associazioni di categoria,associazionismo,08_2406_rta_08_241015092005_4166---DG216-2024.txt,1
Emilia-Romagna,,,Coordinamento Pari Opportunita CISL Parma Piacenza,Sindacati/Associazioni di categoria,associazionismo,08_2406_rta_08_241015092005_4166---DG216-2024.txt,1
Lombardia,Sondrio,Sondrio,Donne CGIL di Sondrio,Sindacati/Associazioni di categoria,associazionismo,03_2406_rta_03_240923102947_4166---ProtSOTTOSCRITTO_ReteAntiviolenzaPiuIntegrazioneAprile2024(1).txt,1
Trento,,,FASSID Area SNR,Sindacati/Associazioni di categoria,associazionismo,05_2406_rta_05_240916131522_4166---protocolloaggiornamento2023.txt,1
Veneto,Venezia,Venezia,FSI USAE Venezia,Sindacati/Associazioni di categoria,associazionismo,05_2406_rta_05_240916131522_4166---protocolloaggiornamento2023.txt,1
Toscana,,,Federalberghi,Sindacati/Associazioni di categoria,associazionismo,09_GROSSETO 2022 fpdf.txt,1
Emilia-Romagna,Ferrara,Ferrara,Federfarma Ferrara,Sindacati/Associazioni di categoria,associazionismo,08_2406_rta_08_241015091355_4166---PROTOCOLLO_CONTRO_VIOLENZA_firmato2023.txt,1
Lombardia,,,Fisascat Cisl,Sindacati/Associazioni di categoria,associazionismo,03_2406_rta_03_240923114012_4166---23-9-2024ProtocolloReteRita_signed_signed_signedDEF_signed_signed-signed_signed(1).txt,1
Lombardia,,,Fisascat-Cisl,Sindacati/Associazioni di categoria,associazionismo,03_2406_rta_03_240920124656_4166---ProtocolloantiviolenzaDEFINITIVO(1).txt,1
Emilia-Romagna,,,Legacoop Emilia Ovest Piacenza,Sindacati/Associazioni di categoria,associazionismo,08_2406_rta_08_241015092005_4166---DG216-2024.txt,1
Lombardia,,,Movimento Donne di Confartigianato Sondrio,Sindacati/Associazioni di categoria,associazionismo,03_2406_rta_03_240923102947_4166---ProtSOTTOSCRITTO_ReteAntiviolenzaPiuIntegrazioneAprile2024(1).txt,1
Trento,,,NURSING UP,Sindacati/Associazioni di categoria,associazionismo,05_2406_rta_05_240916131522_4166---protocolloaggiornamento2023.txt,1
Lombardia,,,ORGANIZZAZIONE SINDACALE CONFEDERALE CGIL,Sindacati/Associazioni di categoria,associazionismo,03_2406_rta_03_240923171949_4166---PROTOCOLLOD'INTESARETETERRITORIALEANTIVIOLENZAVALLETROMPIA2024.txt,1
Lombardia,,,ORGANIZZAZIONE SINDACALE CONFEDERALE CISL,Sindacati/Associazioni di categoria,associazionismo,03_2406_rta_03_240923171949_4166---PROTOCOLLOD'INTESARETETERRITORIALEANTIVIOLENZAVALLETROMPIA2024.txt,1
Lombardia,,,ORGANIZZAZIONE SINDACALE CONFEDERALE UIL,Sindacati/Associazioni di categoria,associazionismo,03_2406_rta_03_240923171949_4166---PROTOCOLLOD'INTESARETETERRITORIALEANTIVIOLENZAVALLETROMPIA2024.txt,1
Marche,,,Organizzazioni Sindacali CGIL,Sindacati/Associazioni di categoria,associazionismo,11_2406_rta_11_240911113911_4166---AscoliPPROTOCOLLOoperativo_2019_2021.txt,1
Marche,,,Organizzazioni Sindacali CISL,Sindacati/Associazioni di categoria,associazionismo,11_2406_rta_11_240911113911_4166---AscoliPPROTOCOLLOoperativo_2019_2021.txt,1
Marche,,,Organizzazioni Sindacali Confederali,Sindacati/Associazioni di categoria,associazionismo,11_2406_rta_11_240911113235_4166---MacerataProtocollo2019_2022Firmato.txt,1
Marche,,,Organizzazioni Sindacali UIL,Sindacati/Associazioni di categoria,associazionismo,11_2406_rta_11_240911113911_4166---AscoliPPROTOCOLLOoperativo_2019_2021.txt,1
Lazio,,,Rappresentanze Sindacali dei Lavoratori,Sindacati/Associazioni di categoria,associazionismo,12_2406_rta_12_241008102339_4166---15-ConvenzionePreepost-Laureauniversitàdell'AQUILA.txt,1
Emilia-Romagna,,,SICET,Sindacati/Associazioni di categoria,associazionismo,08_2406_rta_08_241015091330_4166---Protocollo_intesa_autonomia_abitativa_donne_vittime_di_violenza_CittMtrBO.txt,1
Lazio,,,SPI CGIL II LEGA RREVA,Sindacati/Associazioni di categoria,associazionismo,12_2406_rta_12_240926133452_4166---PISPICGIL.txt,1
Lombardia,Milano,Melzo,SPI-CGIL-MELZO,Sindacati/Associazioni di categoria,associazionismo,03_2406_rta_03_240923113114_4166---ProtocolloReteAddaMartesanasottoscritto.txt,1
Emilia-Romagna,,,SUNIA,Sindacati/Associazioni di categoria,associazionismo,08_2406_rta_08_241015091330_4166---Protocollo_intesa_autonomia_abitativa_donne_vittime_di_violenza_CittMtrBO.txt,1
Lombardia,Como,Como,Sindacati CISL CGIL UIL di Como,Sindacati/Associazioni di categoria,associazionismo,03_2406_rta_03_240925144919_4166---RETEDICOMO-PROTOCOLLOINTERIST.17novembre2023(1).txt,1
Emilia-Romagna,Ferrara,Ferrara,Sindacato Confederale CGIL Ferrara,Sindacati/Associazioni di categoria,associazionismo,08_2406_rta_08_241015091430_4166---Protocollo_Distrettuale_Contrasto_violenza_Donne2023.stamped.txt,1
Emilia-Romagna,Ferrara,Ferrara,Sindacato Confederale CISL Ferrara,Sindacati/Associazioni di categoria,associazionismo,08_2406_rta_08_241015091430_4166---Protocollo_Distrettuale_Contrasto_violenza_Donne2023.stamped.txt,1
Emilia-Romagna,Ferrara,Ferrara,Sindacato Confederale UIL Ferrara,Sindacati/Associazioni di categoria,associazionismo,08_2406_rta_08_241015091430_4166---Protocollo_Distrettuale_Contrasto_violenza_Donne2023.stamped.txt,1
Lombardia,Pavia,Pavia,U.S.T. CISL Pavia - Lodi,Sindacati/Associazioni di categoria,associazionismo,03_2406_rta_03_240918151606_4166---A_RetePavia_Protocollo2021_e_Integrazioni2023_firmato_compressed.txt,1
Toscana,,,UGL Provinciale,Sindacati/Associazioni di categoria,associazionismo,09_PISTOIA PROV .txt,1
Emilia-Romagna,,,UIL,Sindacati/Associazioni di categoria,associazionismo,08_2406_rta_08_241015091330_4166---Protocollo_intesa_autonomia_abitativa_donne_vittime_di_violenza_CittMtrBO.txt,1
Lazio,,,UIL,Sindacati/Associazioni di categoria,associazionismo,12_2406_rta_12_241003095202_4166---8ProtocolloUIL.txt,1
Lombardia,,,UIL,Sindacati/Associazioni di categoria,associazionismo,03_2406_rta_03_240918153252_4166---Protocollo+Appendice+LineeGuida_Datatodafirmare.txt | 03_2406_rta_03_240923101524_4166---PROTOCOLLO_DI_INTESA_versione_DEFINITIVA2021.stamped.txt | 03_2406_rta_03_240923103647_4166---protocolloreteantiviolenzacinisello2019(1).txt | 03_2406_rta_03_240923163715_4166---PROTOCOLLOD'INTESA2017_2020.txt | 03_2406_rta_03_240926122051_4166---Protocollomonz.txt,5
Marche,,,UIL,Sindacati/Associazioni di categoria,associazionismo,11_2406_rta_11_240911113235_4166---MacerataProtocollo2019_2022Firmato.txt,1
Emilia-Romagna,Bologna,Bologna,UIL - Bologna,Sindacati/Associazioni di categoria,associazionismo,08_2406_rta_08_241015091500_4166---Protocollo_autonomia_lavorativa_def.txt,1
Marche,Ancona,Ancona,UIL Ancona,Sindacati/Associazioni di categoria,associazionismo,11_2406_rta_11_240911113105_4166---PROTOCOLLO_OPERATIVO2024_CONINDIRIZZARIO_FIRMATO.txt,1
Lombardia,,,UIL Cremona-Mantova,Sindacati/Associazioni di categoria,associazionismo,03_2406_rta_03_240918153156_4166---Protocollo_d'Intesa_Rete_Mantova.prot.txt,1
Trento,,,UIL FPL,Sindacati/Associazioni di categoria,associazionismo,05_2406_rta_05_240916131522_4166---protocolloaggiornamento2023.txt,1
Friuli-Venezia Giulia,Gorizia,Gorizia,UIL Gorizia,Sindacati/Associazioni di categoria,associazionismo,06_2406_rta_06_240916164258_4166---Protocolloviolenzadomesticaedigenere_30.09.2019.txt,1
Lazio,,,UIL Lazio,Sindacati/Associazioni di categoria,associazionismo,12_2406_rta_12_241003111748_4166---ACCORDOMUNICIPIOROMAVeDIPPARIOPPROMACAPITALE_DD.txt,1
Lombardia,Pavia,Pavia,UIL Pavia,Sindacati/Associazioni di categoria,associazionismo,03_2406_rta_03_240918151606_4166---A_RetePavia_Protocollo2021_e_Integrazioni2023_firmato_compressed.txt,1
Toscana,,,UIL Provinciale,Sindacati/Associazioni di categoria,associazionismo,09_PISTOIA PROV .txt,1
Puglia,,,UIL Puglia,Sindacati/Associazioni di categoria,associazionismo,16_2406_rta_16_250411124608_4166---Prot_CGIL-CISL-CONFINDUSTRIA_CAV.txt | 16_terreg_Prot_CGIL - CISL - CONFINDUSTRIA_CAV.txt,2
Veneto,Venezia,Venezia,UIL Venezia,Sindacati/Associazioni di categoria,associazionismo,05_2406_rta_05_240916131522_4166---protocolloaggiornamento2023.txt,1
Emilia-Romagna,,,UNIAT,Sindacati/Associazioni di categoria,associazionismo,08_2406_rta_08_241015091330_4166---Protocollo_intesa_autonomia_abitativa_donne_vittime_di_violenza_CittMtrBO.txt,1
Emilia-Romagna,,,UNIONE INQUILINI,Sindacati/Associazioni di categoria,associazionismo,08_2406_rta_08_241015091330_4166---Protocollo_intesa_autonomia_abitativa_donne_vittime_di_violenza_CittMtrBO.txt,1
Piemonte,,,sindacati,Sindacati/Associazioni di categoria,associazionismo,01_2406_rta_01_241002150739_4166---DeliberaCostituzioneOsservatorioSaluteDonne.txt,1
Piemonte,Cuneo,Ceva,ASSOCIAZIONE Futuro Donna OdV - CENTRO ANTIVIOLENZA Servizio Rosa,CAV,CAV,01_2406_rta_01_241018134519_4166---Protocollooperativointeristituzionaleviolenzadigenere2023-2026def.txt,1
Lombardia,Brescia,Ghedi,ASSOCIAZIONE MITTATRON - CENTRO ANTIVIOLENZA,CAV,CAV,03_2406_rta_03_240926122051_4166---Protocollomonz.txt,1
Lombardia,Brescia,Ghedi,ASSOCIAZIONE TELEFONO DONNA - CENTRO ANTIVIOLENZA,CAV,CAV,03_2406_rta_03_240926122051_4166---Protocollomonz.txt,1
Lombardia,Brescia,Ghedi,ASSOCIAZIONE WHITE MATHILDA - CENTRO ANTIVIOLENZA,CAV,CAV,03_2406_rta_03_240926122051_4166---Protocollomonz.txt,1
Piemonte,,,Albo Regionale dei Centri Antiviolenza,CAV,CAV,01_2406_rta_01_241018134519_4166---Protocollooperativointeristituzionaleviolenzadigenere2023-2026def.txt,1
Piemonte,,,Albo Regionale dei Centri Antiviolenza e delle Case Rifugio,CAV,CAV,01_2406_rta_01_240909110828_4166---PROTOCOLLOHELP.txt,1
Piemonte,,,Albo regionale dei Centri Antiviolenza e Case Rifugio della Regione Piemonte,CAV,CAV,01_2406_rta_01_240904162242_4166---CONVENZIONETRAASLTO3ESVOLTADONNA.txt,1
Lombardia,,,Altri Centri Antiviolenza,CAV,CAV,03_2406_rta_03_240918153156_4166---Protocollo_d'Intesa_Rete_Mantova.prot.txt,1
Lombardia,,,Ambito Territoriale Sociale Valle Cavallina,CAV,CAV,03_2406_rta_03_240923114012_4166---23-9-2024ProtocolloReteRita_signed_signed_signedDEF_signed_signed-signed_signed(1).txt,1
Calabria,Vibo Valentia,Pizzo,"Associazione ""Attivamente Coinvolte"" APS - Centro antiviolenza",CAV,CAV,18_2406_rta_18_240926102931_4166---PROT.2403-24.txt,1
Veneto,Vicenza,Vicenza,"Associazione ""Donna Chiama Donna"" - Ente Gestore del Centro Antiviolenza di Vicenza",CAV,CAV,05_2406_rta_05_240919122126_4166---PROTOCOLLOULSS8BERICA.txt,1
Calabria,Catanzaro,Lamezia Terme,"Associazione ""Mago Merlino"" / Centro Antiviolenza ""Demetra"" di Lamezia Terme",CAV,CAV,18_2406_rta_18_240926102407_4166---ProtocollointesaAISM_CentroLanzino_ReteREDCALABRIA_firmadigitale.txt | 18_2406_rta_18_240926102528_4166---PROTOCOLLOAISM_PICCOLAOPERA_firma.txt,2
Toscana,,,"Associazione ""Pronto Donna"" Centro Antiviolenza",CAV,CAV,09_AREZZO Prot_2024-2026.txt,1
Piemonte,,,Associazione Centri Antiviolenza E.M.M.A. Onlus,CAV,CAV,01_2406_rta_01_240909113151_4166---CONVENZIONERIVOLI.txt,1
Lombardia,Cremona,Cremona,Associazione Incontro Donne Antiviolenza di Cremona,CAV,CAV,03_2406_rta_03_240918153252_4166---Protocollo+Appendice+LineeGuida_Datatodafirmare.txt,1
Lombardia,Brescia,Ghedi,"Associazione L'Orsa Minore Onlus - Centro Antiviolenza ""La Meta di Niente",CAV,CAV,03_2406_rta_03_240923111659_4166---ProtocolloantiviolenzaComunediLodi_scansioneconfirme_maggio2014.txt,1
Piemonte,Biella,Biella,Associazione PaViol Percorsi Antiviolenza,CAV,CAV,01_2406_rta_01_240904120005_4166---protocollo.txt | 01_2406_rta_01_240904122512_4166---accordoSFD.txt,2
Calabria,,,"Associazione Piccola Opera Papa Giovanni ONLUS - Centro Antiviolenza e Casa Rifugio ""Angela Morabito",CAV,CAV,18_2406_rta_18_240926102407_4166---ProtocollointesaAISM_CentroLanzino_ReteREDCALABRIA_firmadigitale.txt,1
Piemonte,Torino,Pinerolo,Associazione SvoltaDonna OdV -Centro Antiviolenza,CAV,CAV,01_2406_rta_01_240904162242_4166---CONVENZIONETRAASLTO3ESVOLTADONNA.txt,1
Piemonte,Biella,Biella,Associazione di Promozione Sociale PaViol Percorsi Antiviolenza APS,CAV,CAV,01_2406_rta_01_240904121349_4166---convenzione.txt,1
Lazio,,,Associazioni che gestiscono i Centri Antiviolenza e le case rifugio della Regione Lazio,CAV,CAV,12_2406_rta_12_241002130504_4166---3Protocollid'intesa-TavoloInteristituzionaletraUfficiGiudiziaricompetentinelcircondariodiRomaavvocaturaecentriantiviolenza(1).txt | 12_2406_rta_12_241003115345_4166---1.PROTOCOLLOTAVOLOINTERISTITUZIONALE.txt | 12_2406_rta_12_241003121816_4166---Copiadi1.PROTOCOLLOTAVOLOINTERISTITUZIONALE.txt,3
Lombardia,Monza e della Brianza,Monza,C.A.DO.M. CENTRO AIUTO DONNE MALTRATTATE DI MONZA - CENTRO ANTIVIOLENZA,CAV,CAV,03_2406_rta_03_240926122051_4166---Protocollomonz.txt,1
Calabria,,,"CADIC, Coordinamento Antiviolenza Donne Insieme Calabria",CAV,CAV,18_2406_rta_18_240926102333_4166---accordodiretecentroaiutodonna.txt,1
Basilicata,,,CAV,CAV,CAV,17_2406_rta_17_250506142731_4166---Tavolodicoordinamentoemonitoraggio30-01-24.txt,1
Puglia,Bari,Bari,"CAV ""COMUNE DI BARI",CAV,CAV,16_2406_rta_16_250411124608_4166---Prot_CGIL-CISL-CONFINDUSTRIA_CAV.txt | 16_terreg_Prot_CGIL - CISL - CONFINDUSTRIA_CAV.txt,2
Puglia,,,"CAV ""DAENE",CAV,CAV,16_2406_rta_16_250411124608_4166---Prot_CGIL-CISL-CONFINDUSTRIA_CAV.txt | 16_terreg_Prot_CGIL - CISL - CONFINDUSTRIA_CAV.txt,2
Puglia,,,"CAV ""IL GIARDINO DELLE LUNE",CAV,CAV,16_2406_rta_16_250411124608_4166---Prot_CGIL-CISL-CONFINDUSTRIA_CAV.txt | 16_terreg_Prot_CGIL - CISL - CONFINDUSTRIA_CAV.txt,2
Puglia,,,"CAV ""IL MELOGRANO",CAV,CAV,16_2406_rta_16_250411124608_4166---Prot_CGIL-CISL-CONFINDUSTRIA_CAV.txt | 16_terreg_Prot_CGIL - CISL - CONFINDUSTRIA_CAV.txt,2
Puglia,,,"CAV ""LA LUNA",CAV,CAV,16_2406_rta_16_250411124608_4166---Prot_CGIL-CISL-CONFINDUSTRIA_CAV.txt | 16_terreg_Prot_CGIL - CISL - CONFINDUSTRIA_CAV.txt,2
Puglia,,,"CAV ""LIBERAMENTE",CAV,CAV,16_2406_rta_16_250411124608_4166---Prot_CGIL-CISL-CONFINDUSTRIA_CAV.txt | 16_terreg_Prot_CGIL - CISL - CONFINDUSTRIA_CAV.txt,2
Puglia,,,"CAV ""OSSERVATORJO GIULIA E ROSSEJLA",CAV,CAV,16_2406_rta_16_250411124608_4166---Prot_CGIL-CISL-CONFINDUSTRIA_CAV.txt,1
Puglia,,,"CAV ""Osservatorio Giulia e Rossella",CAV,CAV,16_terreg_Prot_CGIL - CISL - CONFINDUSTRIA_CAV.txt,1
Puglia,,,"CAV ""PANDORA",CAV,CAV,16_2406_rta_16_250411124608_4166---Prot_CGIL-CISL-CONFINDUSTRIA_CAV.txt | 16_terreg_Prot_CGIL - CISL - CONFINDUSTRIA_CAV.txt,2
Puglia,,,"CAV ""PAOLA LABRIOLA",CAV,CAV,16_2406_rta_16_250411124608_4166---Prot_CGIL-CISL-CONFINDUSTRIA_CAV.txt | 16_terreg_Prot_CGIL - CISL - CONFINDUSTRIA_CAV.txt,2
Puglia,,,"CAV ""RENATA FONTE",CAV,CAV,16_2406_rta_16_250411124608_4166---Prot_CGIL-CISL-CONFINDUSTRIA_CAV.txt | 16_terreg_Prot_CGIL - CISL - CONFINDUSTRIA_CAV.txt,2
Puglia,,,"CAV ""RISCOPRIRSI",CAV,CAV,16_2406_rta_16_250411124608_4166---Prot_CGIL-CISL-CONFINDUSTRIA_CAV.txt | 16_terreg_Prot_CGIL - CISL - CONFINDUSTRIA_CAV.txt,2
Puglia,,,"CAV ""ROMPIAMO IL SILENZIO",CAV,CAV,16_2406_rta_16_250411124608_4166---Prot_CGIL-CISL-CONFINDUSTRIA_CAV.txt | 16_terreg_Prot_CGIL - CISL - CONFINDUSTRIA_CAV.txt,2
Lazio,,,CAV 'Nilde lotti,CAV,CAV,12_2406_rta_12_241009125120_4166---6.accordo.txt,1
Lombardia,Monza e della Brianza,Giussano,CAV - Centro Aiuto Vita di Capriolo ODV,CAV,CAV,03_2406_rta_03_240925150245_4166---ProtocolloReteARIAPalazzolo.txt,1
Lombardia,Monza e della Brianza,Giussano,CAV - Centro Aiuto Vita di Chiari ODV,CAV,CAV,03_2406_rta_03_240925150245_4166---ProtocolloReteARIAPalazzolo.txt,1
Lazio,,,CAV Buonocore,CAV,CAV,12_2406_rta_12_241009125640_4166---7.accordo.txt,1
Lazio,,,CAV Nilde Iotti,CAV,CAV,12_2406_rta_12_241008151837_4166---4.prot..txt,1
Lazio,,,CAV Nilde lotti,CAV,CAV,12_2406_rta_12_241009123601_4166---5.accordo.txt | 12_2406_rta_12_241009125640_4166---7.accordo.txt,2
Puglia,,,CAV ROMPAMY IL SILENCIO,CAV,CAV,16_2406_rta_16_250410172220_4166---protocollod'intesaCAVGinosasottoscritto.txt,1
Puglia,,,CAV Rompiamo il Silenzio,CAV,CAV,16_taranto_protocollo d'intesa CAVGinosa sottoscritto.txt,1
Lazio,,,CAV SOS Donna - Nilde Iotti,CAV,CAV,12_2406_rta_12_241008151247_4166---3.prot.txt,1
Lazio,,,CAV del Telefono Rosa,CAV,CAV,12_2406_rta_12_241003091037_4166---5Protocollid'intesa-Ass.Salvamamme(002).txt,1
Piemonte,,,CAV n. 10/A,CAV,CAV,01_2406_rta_01_240904110730_4166---protocollocontuttelefirme(1).txt,1
Piemonte,,,CENTRI ANTIVIOLENZA E.M.M.A. ONLUS,CAV,CAV,01_2406_rta_01_240909114524_4166---CONVENZIONEUNITO-SPORTANTIVIOLENZA.txt,1
Piemonte,Torino,Torino,CENTRI ANTIVIOLENZA E.M.M.A. ONLUS,CAV,CAV,01_2406_rta_01_240909110828_4166---PROTOCOLLOHELP.txt | 01_2406_rta_01_240909112136_4166---convenzionecarmagnola.txt,2
Lombardia,,,CENTRO ANTIVIOLENZA ASSOCIAZIONE CASA DELLE DONNE BRESCIA,CAV,CAV,03_2406_rta_03_240923171949_4166---PROTOCOLLOD'INTESARETETERRITORIALEANTIVIOLENZAVALLETROMPIA2024.txt,1
Puglia,,,CENTRO ANTIVIOLENZA IL GIARDINO DELLE LUNE,CAV,CAV,16_2406_rta_16_250409123532_4166---protocollooperativoTriggiano_reteantiviolenza.pdf.txt | 16_bar_protocollo operativo Triggiano_rete antiviolenza.pdf.txt | 16_ex_Convenzione Triggiano.txt,3
Calabria,,,"CIF PROVINCIALE DI REGGIO CALABRIA. ""CENTRO ANTIVIOLENZA CASA DELLE DONNE MADONNA DI LOURDES",CAV,CAV,18_2406_rta_18_240926102317_4166---PROTOCOLLOISTITUTOSUP.NOSTRO-REPACI.txt,1
Lazio,,,"Casa Rifugio Centro Comunale Antiviolenza ""D. Colasanti e R. Lopez",CAV,CAV,12_2406_rta_12_241003110812_4166---ALLIANCEFORAFRICANASSISTANCE_colasantilopez.txt,1
Trento,,,Casa Rifugio del Centro Antiviolenza del Polesine,CAV,CAV,05_2406_rta_05_240916173648_4166---ULSS5Polesana_Protocollodirete.txt,1
Emilia-Romagna,Modena,Modena,Casa delle donne contro la violenza Centro antiviolenza onlus,CAV,CAV,08_2406_rta_08_241015091725_4166---Protoc-Prefett-2017.txt,1
Lazio,,,"Cav ""Franca Rame",CAV,CAV,12_2406_rta_12_240926133452_4166---PISPICGIL.txt,1
Lombardia,Varese,Cavaria con Premezzo,Cavaria con Premezzo,CAV,CAV,"03_2406_rta_03_240923164603_4166---ProtocolloreteantiviolenzaBusto,Gallarate,Saronno,SommaLombardo-2024.txt",1
Calabria,,,Centri Antiviolenza (CAV) autorizzati e riconosciuti dalla Regione Calabria,CAV,CAV,18_2406_rta_18_240926102943_4166---schemaAccordoCollaborazione499ARIEL_signed.txt,1
Piemonte,,,Centri Antiviolenza EMMA Onlus,CAV,CAV,01_2406_rta_01_240909103717_4166---PROTOCOLLORETEANTIVIOLENZASVOLTADONNA.txt,1
Trento,,,Centri Antiviolenza della Regione Veneto,CAV,CAV,05_2406_rta_05_240919124736_4166---Protocollo_per_contrasto_alla_violenza_di_genere.stamped.txt,1
Lombardia,Cremona,Cremona,Centri Antiviolenza della provincia di Cremona,CAV,CAV,03_2406_rta_03_240918153252_4166---Protocollo+Appendice+LineeGuida_Datatodafirmare.txt,1
Puglia,Taranto,Taranto,Centri Antiviolenza della provincia di Taranto,CAV,CAV,16_2406_rta_16_250410170705_4166---protocolloPrefetturaProvinciaTaranto.txt | 16_taranto_protocollo Prefettura ProvinciaTaranto.txt,2
Calabria,Catanzaro,Catanzaro,Centri Antiviolenza di Catanzaro,CAV,CAV,18_2406_rta_18_240926102620_4166---protocollopercorsorosa.txt,1
Calabria,Catanzaro,Lamezia Terme,Centri Antiviolenza di Lamezia Terme,CAV,CAV,18_2406_rta_18_240926102620_4166---protocollopercorsorosa.txt,1
Calabria,,,Centri Antiviolenza iscritte nell'Albo Regionale,CAV,CAV,18_2406_rta_18_240926103211_4166---PROTOCOLLOviolasottoscritto.txt,1
Veneto,,,Centri antiviolenza della Regione,CAV,CAV,06_2406_rta_06_240916164102_4166---protocollopordenoneprefettura.txt,1
Lazio,,,Centri antiviolenza gestiti dall'Associazione Differenza Donna,CAV,CAV,12_2406_rta_12_241003112247_4166---Accordodicollaborazione_CREDICI.txt | 12_2406_rta_12_241003113710_4166---Accordodicollaborazione_CREDICI.txt,2
Lazio,,,Centri antiviolenza presso le sedi di Latina e di Aprilia (Centro Donna Lilith,CAV,CAV,12_2406_rta_12_240926133706_4166---STAR.txt,1
Abruzzo,,,Centri antiviolenza territoriali Donn.¢ e Non Sei Sola,CAV,CAV,13_2406_rta_13_241122104428_4166---Protocollorete_ortonaCAVconsultoriodiocesano.txt,1
Lombardia,Brescia,Desenzano del Garda,Centro Aiuto Vita CAV di Desenzano del Garda,CAV,CAV,03_2406_rta_03_240923165401_4166---PROTOCOLLODIrete2020-2023_rev2confirmescan.txt,1
Lazio,Roma,Roma,"Centro Antiviolenza ""Angela Merlin",CAV,CAV,12_2406_rta_12_240927093424_4166---ProtVMunMerlin.txt,1
Calabria,,,"Centro Antiviolenza ""Attivamente Coinvolte Onlus",CAV,CAV,18_2406_rta_18_240926102407_4166---ProtocollointesaAISM_CentroLanzino_ReteREDCALABRIA_firmadigitale.txt | 18_2406_rta_18_240926102528_4166---PROTOCOLLOAISM_PICCOLAOPERA_firma.txt,2
Abruzzo,Chieti,Lanciano,"Centro Antiviolenza ""Dafne",CAV,CAV,13_2406_rta_13_241122103901_4166---Protocollirete_ortonaelancianoCAVdonn.ÿ.txt | 13_2406_rta_13_241122104158_4166---Protocollirete_ortonaelancianoCAVdonn.ÿ.txt | 13_2406_rta_13_241122104842_4166---Protocollodirete_DAFNE.txt,3
Abruzzo,L'Aquila,Castel di Sangro,"Centro Antiviolenza ""Donna",CAV,CAV,13_2406_rta_13_241122105938_4166---ACCORDOOPERATIVO.txt,1
Lazio,Roma,Formello,"Centro Antiviolenza ""Galassia",CAV,CAV,12_2406_rta_12_241003113235_4166---Accordodifferenzadonna-29.09.2023-signed.txt,1
Abruzzo,Teramo,Teramo,"Centro Antiviolenza ""La Fenice"" di Teramo",CAV,CAV,13_2406_rta_13_241122103653_4166---protocollodirete_cavlafenice_provinciateramo.txt,1
Abruzzo,,,"Centro Antiviolenza ""La Libellula",CAV,CAV,13_2406_rta_13_241122111153_4166---PROTOCOLLOCASTELDISANGROEASL.txt,1
Abruzzo,L'Aquila,Sulmona,"Centro Antiviolenza ""La Libellula",CAV,CAV,13_2406_rta_13_241122105938_4166---ACCORDOOPERATIVO.txt | 13_2406_rta_13_241122110421_4166---PROTOCOLLOOPERATIVO.txt,2
Lombardia,Milano,Legnano,"Centro Antiviolenza ""La Mia Opportunita"" di Legnano",CAV,CAV,03_2406_rta_03_240920120751_4166---protocollodiintesa.txt,1
Puglia,Lecce,Galatina,"Centro Antiviolenza ""Malala Yousafzai",CAV,CAV,16_lecce_Protocollo Operativo - Procedure integrate per la prevenzione e il contrasto alla violenza contro donne e minori - Copia_Marcato.txt,1
Lazio,,,"Centro Antiviolenza ""Marielle Franco",CAV,CAV,12_2406_rta_12_240926122148_4166---2024.1153010-AccordotralepartiPonteDonna–UnderdogSocialClubCAVMarielleFranco-2(1).txt | 12_2406_rta_12_240926123509_4166---2024.1153010-ACCORDOtraAPSPonteDonnaeAPSMammeFuoriCAVMarielleFranco-10-11(1).txt,2
Lazio,Frosinone,Cassino,"Centro Antiviolenza ""RINASCITA",CAV,CAV,12_2406_rta_12_241004112805_4166---protocollod'intesa.txt,1
Puglia,,,"Centro Antiviolenza ""Renata Fonte",CAV,CAV,16_lecce_Protocollo Operativo - Procedure integrate per la prevenzione e il contrasto alla violenza contro donne e minori - Copia_Marcato.txt,1
Calabria,,,"Centro Antiviolenza ""Roberta Lanzino",CAV,CAV,18_2406_rta_18_240926102528_4166---PROTOCOLLOAISM_PICCOLAOPERA_firma.txt,1
Calabria,Cosenza,Cosenza,"Centro Antiviolenza ""Roberta Lanzino",CAV,CAV,18_2406_rta_18_240926102407_4166---ProtocollointesaAISM_CentroLanzino_ReteREDCALABRIA_firmadigitale.txt,1
Puglia,,,Centro Antiviolenza 'Rompiamo il Silenzio,CAV,CAV,16_ex_Convenzione Ginosa.txt,1
Friuli-Venezia Giulia,Udine,Udine,"Centro Antiviolenza (CAV) del Servizio ""Zero Tolerance",CAV,CAV,06_2406_rta_06_240916164122_4166---prot_n_0119980_2024_Accordo(firmato).txt,1
Puglia,,,Centro Antiviolenza - Impegno Donna,CAV,CAV,16_2406_rta_16_250410122122_4166---Protocollo_Viola.txt | 16_foggia_Protocollo_Viola.txt,2
Abruzzo,,,Centro Antiviolenza ANANKE,CAV,CAV,13_2406_rta_13_241122115416_4166---PROTOCOLLOPESCARA.txt,1
Marche,,,Centro Antiviolenza ATS 22,CAV,CAV,11_2406_rta_11_240911113911_4166---AscoliPPROTOCOLLOoperativo_2019_2021.txt,1
Calabria,,,Centro Antiviolenza Angela Morabito,CAV,CAV,18_2406_rta_18_240926102528_4166---PROTOCOLLOAISM_PICCOLAOPERA_firma.txt,1
Liguria,Savona,Albenga,Centro Antiviolenza Artemisia Gentileschi,CAV,CAV,07_2406_rta_07_240916163956_4166---DGR477_2022_Protocollo.txt,1
Lombardia,Brescia,Brescia,"Centro Antiviolenza Associazione "" Casa delle Donne onlus"" con sede legale a Brescia",CAV,CAV,03_2406_rta_03_240926123135_4166---ProtocollodiRete.txt,1
Toscana,,,Centro Antiviolenza Associazione Artemisia APS,CAV,CAV,09_FIRENZE Linee-di-indirizzo2024.txt,1
Abruzzo,,Aquila,Centro Antiviolenza Associazione Donatella Tellini,CAV,CAV,13_2406_rta_13_241122102615_4166---PROTOCOLLOD_INTESACOMUNEAQ_donatellatelliniCAV2023.txt,1
Liguria,,,Centro Antiviolenza Casa Pandora Margherita Ferro,CAV,CAV,07_2406_rta_07_240916163956_4166---DGR477_2022_Protocollo.txt,1
Emilia-Romagna,,Reggio Emilia,Centro Antiviolenza Casa delle Donne,CAV,CAV,08_2406_rta_08_241015091655_4166---Aggiornamentointegrazioneprotocollooperativoapprovatonelgiugno2008.txt,1
Lombardia,Milano,Cassano d'Adda,Centro Antiviolenza Cassano d'Adda,CAV,CAV,03_2406_rta_03_240923113114_4166---ProtocolloReteAddaMartesanasottoscritto.txt,1
Toscana,Massa-Carrara,Carrara,Centro Antiviolenza Centro Donna Carrara,CAV,CAV,09_APUANE_2015 Protocollo Prefettura.txt,1
Toscana,,,Centro Antiviolenza Centro Donna Lunigiana,CAV,CAV,09_APUANE_2015 Protocollo Prefettura.txt,1
Toscana,,,Centro Antiviolenza Centro Donna della Lunigiana,CAV,CAV,09_APUANE_2015 Protocollo Prefettura.txt,1
Toscana,Massa-Carrara,Massa,Centro Antiviolenza Centro Donna di Massa,CAV,CAV,09_APUANE_2015 Protocollo Prefettura.txt,1
Calabria,Catanzaro,Catanzaro,Centro Antiviolenza Città Solidale di Catanzaro,CAV,CAV,18_2406_rta_18_240926102620_4166---protocollopercorsorosa.txt,1
Veneto,Venezia,Chioggia,Centro Antiviolenza Civico Donna - Comune di Chioggia,CAV,CAV,05_2406_rta_05_240916131522_4166---protocolloaggiornamento2023.txt,1
Veneto,Venezia,Venezia,Centro Antiviolenza Comune di Venezia,CAV,CAV,05_2406_rta_05_240916131522_4166---protocolloaggiornamento2023.txt,1
Calabria,,,Centro Antiviolenza Demetra,CAV,CAV,18_2406_rta_18_240926102706_4166---protocollomondorosa2013.txt | 18_2406_rta_18_240926102814_4166---convenzDemetraIISCostanzoDecollatura2020.txt,2
Lazio,,,Centro Antiviolenza Demetra VT4,CAV,CAV,12_2406_rta_12_240926112734_4166---3AccordoDistrettoVT4ePontedonna-signed(1).txt | 12_2406_rta_12_240926113112_4166---4AccordoSpaziosupportodonnaAPSPonteDonna.txt,2
Lazio,Viterbo,Vetralla,Centro Antiviolenza Demetra VT4,CAV,CAV,12_2406_rta_12_240926112823_4166---2AccordoDemetra_Aman.txt | 12_2406_rta_12_240926114327_4166---1AccordoPonteDonnaAliceNova.txt,2
Calabria,Catanzaro,Lamezia Terme,Centro Antiviolenza Demetra di Lamezia Terme,CAV,CAV,18_2406_rta_18_240926102620_4166---protocollopercorsorosa.txt,1
Toscana,Massa-Carrara,Carrara,Centro Antiviolenza Donna chiama Donna di Carrara,CAV,CAV,09_APUANE_2015 Protocollo Prefettura.txt,1
Veneto,Treviso,Quinto di Treviso,Centro Antiviolenza Donne Libere di Quinto di Treviso,CAV,CAV,05_2406_rta_05_240918144304_4166---Protocollo_ULSS2-DistrettoTreviso.txt,1
Piemonte,,,Centro Antiviolenza DonneFuturo,CAV,CAV,01_2406_rta_01_240909112136_4166---convenzionecarmagnola.txt,1
Toscana,Massa-Carrara,Massa,Centro Antiviolenza Duna di Massa,CAV,CAV,09_APUANE_2015 Protocollo Prefettura.txt,1
Lazio,,,Centro Antiviolenza Erinna,CAV,CAV,12_2406_rta_12_241008112319_4166---protocollo25.11.2023.txt,1
Veneto,Venezia,Venezia,Centro Antiviolenza Estia di Venezia Cooperativa Iside,CAV,CAV,05_2406_rta_05_240916131522_4166---protocolloaggiornamento2023.txt,1
Lazio,Roma,Formello,Centro Antiviolenza Galassia,CAV,CAV,12_2406_rta_12_241003112656_4166---AccordodicollaborazioneconsultorieDifferenzaDonna.txt,1
Veneto,Vicenza,Asiago,Centro Antiviolenza Hagar,CAV,CAV,05_2406_rta_05_240919114041_4166---protocollounicorevisionato2024.txt,1
Liguria,,,Centro Antiviolenza ISV,CAV,CAV,07_2406_rta_07_240916163956_4166---DGR477_2022_Protocollo.txt,1
Puglia,,,Centro Antiviolenza Il Melograno,CAV,CAV,16_ex_Convenzione Mola di Bari.txt,1
Lazio,,,Centro Antiviolenza Il Nido di Ana,CAV,CAV,12_2406_rta_12_241001130527_4166---protocollocontrolaviolenzadigenere.pdfpdf.txt,1
Sardegna,Medio Campidano,Sanluri,Centro Antiviolenza Interdistrettuale Ambiti Plus di Sanluri e Guspini Feminas,CAV,CAV,20_2406_rta_20_250620094616_4166---Delibera52-22del23.12.2024-Allegato1.txt,1
Liguria,,,Centro Antiviolenza Irene,CAV,CAV,07_2406_rta_07_240916163956_4166---DGR477_2022_Protocollo.txt,1
Emilia-Romagna,Piacenza,Piacenza,Centro Antiviolenza La Città delle Donne o.d.v,CAV,CAV,08_2406_rta_08_241015091832_4166---P.G.111546-2023PROTOCOLLOOPERATIVOFENOMENOVIOLENZADONNE(1).txt,1
Toscana,,,Centro Antiviolenza La Nara,CAV,CAV,09_PRATO PREF.txt,1
Lazio,Roma,Tivoli,Centro Antiviolenza La Sibilla,CAV,CAV,12_2406_rta_12_241003120714_4166---ASLROMA5_.txt,1
Puglia,,,Centro Antiviolenza Li.A,CAV,CAV,16_2406_rta_16_250312162108_4166---protocollooperativoGioiadelColle_EMI.txt | 16_2406_rta_16_250312164250_4166---protocollooperativoGrumo_EMI.txt | 16_bari_protocollo operativo Gioia del Colle_EMI.txt | 16_bari_protocollo operativo Grumo_EMI.txt,4
Puglia,,,Centro Antiviolenza Lia,CAV,CAV,16_ex_Convenzione Gioia del Colle.txt | 16_ex_Convenzione Grumo Appula.txt,2
Lazio,Latina,Priverno,Centro Antiviolenza LiberA di Priverno,CAV,CAV,12_2406_rta_12_241004113737_4166---AccordodicollaborazioneArteinsieme.txt,1
Liguria,,,Centro Antiviolenza Mai piu sola e Casa Rifugio Franca Viola,CAV,CAV,07_2406_rta_07_240916163956_4166---DGR477_2022_Protocollo.txt,1
Puglia,Lecce,Galatina,Centro Antiviolenza Malala ATS Galatina,CAV,CAV,16_2406_rta_16_250410144304_4166---ProtocolloOperativo-Procedureintegrateperlaprevenzioneeilcontrastoallaviolenzacontrodonneeminori-Copia_Marcato.txt,1
Liguria,,,Centro Antiviolenza Mascherona e Casa Rifugio Elisa,CAV,CAV,07_2406_rta_07_240916163956_4166---DGR477_2022_Protocollo.txt,1
Lombardia,,,Centro Antiviolenza Mittatron - VE.NU.S,CAV,CAV,03_2406_rta_03_240923103647_4166---protocolloreteantiviolenzacinisello2019(1).txt,1
Calabria,Catanzaro,Catanzaro,Centro Antiviolenza Mondorosa di Catanzaro,CAV,CAV,18_2406_rta_18_240926102620_4166---protocollopercorsorosa.txt,1
Veneto,Treviso,Castelfranco Veneto,Centro Antiviolenza NILDE del Comune di Castelfranco Veneto,CAV,CAV,05_2406_rta_05_240917141534_4166---protocollodiretefirmato.txt,1
Lombardia,,,Centro Antiviolenza Onlus - Casa delle Donne CaD Brescia,CAV,CAV,03_2406_rta_03_240923165401_4166---PROTOCOLLODIrete2020-2023_rev2confirmescan.txt,1
Liguria,,,Centro Antiviolenza Pandora,CAV,CAV,07_2406_rta_07_240916163956_4166---DGR477_2022_Protocollo.txt,1
Lazio,,,Centro Antiviolenza Penelope,CAV,CAV,12_2406_rta_12_241008112319_4166---protocollo25.11.2023.txt,1
Lombardia,,,Centro Antiviolenza Percorsi,CAV,CAV,03_2406_rta_03_240923103647_4166---protocolloreteantiviolenzacinisello2019(1).txt,1
Veneto,Verona,Verona,Centro Antiviolenza Petra,CAV,CAV,05_2406_rta_05_240919124736_4166---Protocollo_per_contrasto_alla_violenza_di_genere.stamped.txt,1
Emilia-Romagna,Piacenza,Piacenza,"Centro Antiviolenza Piacenza ""Ass. La Città delle Donne o.d.v",CAV,CAV,08_2406_rta_08_241015091832_4166---P.G.111546-2023PROTOCOLLOOPERATIVOFENOMENOVIOLENZADONNE(1).txt,1
Marche,Ancona,Ancona,Centro Antiviolenza Provinciale,CAV,CAV,11_2406_rta_11_240911113105_4166---PROTOCOLLO_OPERATIVO2024_CONINDIRIZZARIO_FIRMATO.txt,1
Puglia,,,Centro Antiviolenza RiscoprirSi,CAV,CAV,16_2406_rta_16_250409161633_4166---29_prot_n_0090671_2024_PROT_OP-ODVPOLIZIADISTATO-RISCOPRIRSI.txt,1
Puglia,Barletta-Andria-Trani,Andria,Centro Antiviolenza RiscoprirSi,CAV,CAV,16_2406_rta_16_250409164629_4166---convenzioneCAV-ASLBT.txt | 16_bat_29_prot_n_0090671_2024_PROT_OP - ODV POLIZIA DI STATO- RISCOPRIRSI.txt | 16_bat_convenzione CAV - ASL BT.txt,3
Puglia,Barletta-Andria-Trani,Trani,Centro Antiviolenza SAVE,CAV,CAV,16_2406_rta_16_250409164629_4166---convenzioneCAV-ASLBT.txt | 16_bat_convenzione CAV - ASL BT.txt,2
Veneto,Vicenza,Schio,Centro Antiviolenza Schio/Sportello Donna Maria Grazia Cutuli,CAV,CAV,05_2406_rta_05_240919114041_4166---protocollounicorevisionato2024.txt,1
Piemonte,,,Centro Antiviolenza Servizio Rosa,CAV,CAV,01_2406_rta_01_241018134519_4166---Protocollooperativointeristituzionaleviolenzadigenere2023-2026def.txt,1
Veneto,Venezia,Noale,Centro Antiviolenza Sonia di Noale Cooperativa Iside,CAV,CAV,05_2406_rta_05_240916131522_4166---protocolloaggiornamento2023.txt,1
Veneto,Vicenza,Bassano del Grappa,Centro Antiviolenza Spazio Donna,CAV,CAV,05_2406_rta_05_240919114041_4166---protocollounicorevisionato2024.txt,1
Sardegna,Sassari,Ozieri,Centro Antiviolenza Spazio donna,CAV,CAV,20_2406_rta_20_250620094616_4166---Delibera52-22del23.12.2024-Allegato1.txt,1
Trento,,,Centro Antiviolenza Stella Antares,CAV,CAV,05_2406_rta_05_240917141534_4166---protocollodiretefirmato.txt,1
Piemonte,,,Centro Antiviolenza Svolta Donna,CAV,CAV,01_2406_rta_01_240904162242_4166---CONVENZIONETRAASLTO3ESVOLTADONNA.txt,1
Piemonte,Torino,Pinerolo,Centro Antiviolenza SvoltaDonna,CAV,CAV,01_2406_rta_01_240909103717_4166---PROTOCOLLORETEANTIVIOLENZASVOLTADONNA.txt,1
Liguria,,,Centro Antiviolenza Telefono Donna,CAV,CAV,07_2406_rta_07_240916163956_4166---DGR477_2022_Protocollo.txt,1
Emilia-Romagna,Piacenza,Piacenza,Centro Antiviolenza Telefono Rosa Piacenza - Associazione La Città delle Donne - ODV Piacenza,CAV,CAV,08_2406_rta_08_241015091917_4166---Protocollo2022-2024.txt,1
Veneto,Treviso,Treviso,Centro Antiviolenza Telefono Rosa di Treviso,CAV,CAV,05_2406_rta_05_240918144304_4166---Protocollo_ULSS2-DistrettoTreviso.txt,1
Sardegna,Ogliastra,Elini,Centro Antiviolenza Unione Comuni d'Ogliastra,CAV,CAV,20_2406_rta_20_250620094616_4166---Delibera52-22del23.12.2024-Allegato1.txt,1
Lazio,,,Centro Antiviolenza Università della Tuscia,CAV,CAV,12_2406_rta_12_240926113237_4166---Accordocavunuiversitari.txt | 12_2406_rta_12_240926113409_4166---AccordoICSPietroVanniFormazionePontedonna.txt | 12_2406_rta_12_241008112319_4166---protocollo25.11.2023.txt,3
Lombardia,,,Centro Antiviolenza Valle Brembana e Valle Imagna-Villa d'Alme,CAV,CAV,03_2406_rta_03_240920124656_4166---ProtocolloantiviolenzaDEFINITIVO(1).txt,1
Veneto,,,Centro Antiviolenza da donna a DONNA,CAV,CAV,06_2406_rta_06_240916164258_4166---Protocolloviolenzadomesticaedigenere_30.09.2019.txt,1
Emilia-Romagna,Rimini,Rimini,"Centro Antiviolenza del Comune di Rimini ""Rompi il silenzio",CAV,CAV,08_2406_rta_08_241015091553_4166---Protocollosullaviolenzadigenere_confirme_prot.txt,1
Trento,,,Centro Antiviolenza del Polesine,CAV,CAV,05_2406_rta_05_240916173648_4166---ULSS5Polesana_Protocollodirete.txt,1
Puglia,Taranto,Taranto,Centro Antiviolenza della provincia di Taranto,CAV,CAV,16_taranto_protocollo Prefettura ProvinciaTaranto.txt,1
Puglia,,,Centro Antiviolenza di Ambito,CAV,CAV,16_2406_rta_16_250407161043_4166---protocollooperativoMoladiBari_reteAntiviolenza.txt | 16_2406_rta_16_250407164310_4166---protocollooperativoPutignano_EMI.txt | 16_bari_protocollo operativo Mola di Bari_rete Antiviolenza.txt | 16_bari_protocollo operativo Putignano_EMI.txt,4
Piemonte,Biella,Biella,Centro Antiviolenza di Biella,CAV,CAV,01_2406_rta_01_240904121349_4166---convenzione.txt,1
Veneto,Vicenza,Cogollo del Cengio,Centro Antiviolenza di Cogollo del Cengio,CAV,CAV,05_2406_rta_05_240919114041_4166---protocollounicorevisionato2024.txt,1
Toscana,Grosseto,Grosseto,Centro Antiviolenza di Grosseto,CAV,CAV,09_GROSSETO 2022 fpdf.txt,1
Toscana,Grosseto,Orbetello,Centro Antiviolenza di Orbetello,CAV,CAV,09_GROSSETO 2022 fpdf.txt,1
Lazio,,,"Centro Antiviolenza di Roma Capitale ""Alda Merini",CAV,CAV,12_2406_rta_12_241003104626_4166---PROTOCOLLODIINTESAMUNICIPIOXV.txt,1
Lazio,Roma,Roma,"Centro Antiviolenza di Roma Capitale ""Alda Merini",CAV,CAV,12_2406_rta_12_241003105319_4166---PROTOCOLLODIINTES1_2601def-signed-signed.txt,1
Lazio,,,"Centro Antiviolenza di Roma Capitale ""Palmina Martinelli",CAV,CAV,12_2406_rta_12_241003114931_4166---ProtocollodiintesaDifferenzaDonnaeMunicipio13.txt,1
Emilia-Romagna,Rimini,Riccione,"Centro Antiviolenza distrettuale di Riccione ""CHIAMA ChiAMA",CAV,CAV,08_2406_rta_08_241015091553_4166---Protocollosullaviolenzadigenere_confirme_prot.txt,1
Liguria,,,Centro Antiviolenza e Casa Rifugio Per non subire violenza,CAV,CAV,07_2406_rta_07_240916163956_4166---DGR477_2022_Protocollo.txt,1
Sardegna,Sassari,Sassari,Centro Antiviolenza e Casa di accoglienza Aurora,CAV,CAV,20_2406_rta_20_250620094616_4166---Delibera52-22del23.12.2024-Allegato1.txt,1
Veneto,Venezia,San Dona di Piave,Centro Antiviolenza ed antistalking La Magnolia di S. Dona di Piave,CAV,CAV,05_2406_rta_05_240916135305_4166---protocolloulss4.txt,1
Lazio,,,Centro Antiviolenza in Municipio Roma IX,CAV,CAV,12_2406_rta_12_241003101925_4166---ProtocolloFormazioneObiettivoUomo.txt,1
Lazio,Viterbo,Viterbo,Centro Antiviolenza presso L'Università della Tuscia Viterbo,CAV,CAV,12_2406_rta_12_240926113237_4166---Accordocavunuiversitari.txt,1
Lazio,Roma,Roma,Centro Antiviolenza presso L'Università di Tor Vergata Roma,CAV,CAV,12_2406_rta_12_240926113237_4166---Accordocavunuiversitari.txt,1
Lazio,Viterbo,Viterbo,Centro Antiviolenza presso l'Università della Tuscia,CAV,CAV,12_2406_rta_12_240926114327_4166---1AccordoPonteDonnaAliceNova.txt,1
Piemonte,,,Centro Antiviolenza zona nord Novara,CAV,CAV,01_2406_rta_01_240904150044_4166---Protocollocav-irene2022-2025.txt,1
Marche,,,Centro Antiviolenza ‘Parla con Noi,CAV,CAV,11_2406_rta_11_240911113034_4166---protocollodireteantiviolenza2020-2022-uuvv.txt,1
Lazio,Roma,Roma,Centro Antiviolenza ‘Sara Di Pietrantonio' Università ROMA TRE Roma,CAV,CAV,12_2406_rta_12_240926113237_4166---Accordocavunuiversitari.txt,1
Marche,,,"Centro Provinciale Antiviolenza ""S.O.S Donna",CAV,CAV,11_2406_rta_11_240911113235_4166---MacerataProtocollo2019_2022Firmato.txt,1
Trento,,,Centro Veneto Progetti Donna (Centri antiviolenza provinciali,CAV,CAV,05_2406_rta_05_240918153458_4166---protocolloprovPadova.txt,1
Toscana,Grosseto,,"Centro antiviolenza ""Olympia de Gouges"" di Grosseto e Orbetello",CAV,CAV,09_GROSSETO 2022 fpdf.txt,1
Toscana,Grosseto,Grosseto,"Centro antiviolenza ""Tutto e vita - Elisabetta Fiorilli"" Grosseto",CAV,CAV,09_GROSSETO 2022 fpdf.txt,1
Sardegna,Sulcis Iglesiente,Carbonia,Centro antiviolenza Ambiti Plus di Carbonia e Iglesias,CAV,CAV,20_2406_rta_20_250620094616_4166---Delibera52-22del23.12.2024-Allegato1.txt,1
Toscana,Firenze,Firenze,Centro antiviolenza Artemisia,CAV,CAV,09_FIRENZE Linee-di-indirizzo2024.txt,1
Veneto,Verona,Legnago,Centro antiviolenza Comune di Legnago,CAV,CAV,05_2406_rta_05_240919124736_4166---Protocollo_per_contrasto_alla_violenza_di_genere.stamped.txt,1
Sardegna,Cagliari,Cagliari,Centro antiviolenza Donna Ceteris,CAV,CAV,20_2406_rta_20_250620094616_4166---Delibera52-22del23.12.2024-Allegato1.txt,1
Sardegna,Ogliastra,Tortoli,Centro antiviolenza Mai pit violate,CAV,CAV,20_2406_rta_20_250620094616_4166---Delibera52-22del23.12.2024-Allegato1.txt,1
Puglia,,,Centro antiviolenza Renata Fonte,CAV,CAV,16_2406_rta_16_250410144304_4166---ProtocolloOperativo-Procedureintegrateperlaprevenzioneeilcontrastoallaviolenzacontrodonneeminori-Copia_Marcato.txt,1
Calabria,Cosenza,Paterno Calabro,Centro antiviolenza del Comune di Paterno Calabro,CAV,CAV,18_2406_rta_18_240926102419_4166---protocollodiintesaterritorialeunito.txt,1
Toscana,,Mantepescali,Centro antiviolenza di Mantepescali,CAV,CAV,09_GROSSETO 2022 fpdf.txt,1
Abruzzo,,,Centro antiviolenza donna Cooperativa Alpha,CAV,CAV,13_2406_rta_13_241122101453_4166---ProtocollodiRete_AlphaChieti.txt,1
Abruzzo,,,Centro antiviolenza donna Maja-Cooperativa Alpha,CAV,CAV,13_2406_rta_13_241122101856_4166---Protocollodirete_AlphaGuardiagrele.txt,1
Sardegna,Oristano,Oristano,Centro antiviolenza e Casa di accoglienza Donna Eleonora,CAV,CAV,20_2406_rta_20_250620094616_4166---Delibera52-22del23.12.2024-Allegato1.txt,1
Sardegna,Cagliari,Cagliari,Centro antiviolenza e Casa di accoglienza Donne al Traguardo,CAV,CAV,20_2406_rta_20_250620094616_4166---Delibera52-22del23.12.2024-Allegato1.txt,1
Sardegna,Nuoro,Nuoro,Centro antiviolenza e Casa di accoglienza Onda Rosa,CAV,CAV,20_2406_rta_20_250620094616_4166---Delibera52-22del23.12.2024-Allegato1.txt,1
Sardegna,Gallura Nord-Est Sardegna,Olbia,Centro antiviolenza e Casa di accoglienza Prospettiva Donna,CAV,CAV,20_2406_rta_20_250620094616_4166---Delibera52-22del23.12.2024-Allegato1.txt,1
Piemonte,,,"Cooperativa la Bitta, Servizio Antiviolenza ""Git le Mani",CAV,CAV,01_2406_rta_01_241003124847_4166---2024-8928-2perinvio.txt,1
Calabria,,,Coordinamento Antiviolenza Donne Insieme Calabria,CAV,CAV,18_2406_rta_18_240926102259_4166---Protocollod’intesaperlaprotezioneel’assistenzadellevittimediviolenzadigenererichiedentiasilo.txt,1
Calabria,,,Coordinamento Regionale dei Centri antiviolenza - C.A.D.IC,CAV,CAV,18_2406_rta_18_240926102931_4166---PROT.2403-24.txt,1
Emilia-Romagna,Bologna,Bologna,Coordinamento dei Centri Antiviolenza dell'Emilia Romagna,CAV,CAV,08_2406_rta_08_241015091430_4166---Protocollo_Distrettuale_Contrasto_violenza_Donne2023.stamped.txt | 08_2406_rta_08_241015091917_4166---Protocollo2022-2024.txt,2
Abruzzo,,,"Coordinamento regionale dei Centri antiviolenza e delle Case Rifugio della Regione Abruzzo ""Antigone",CAV,CAV,13_2406_rta_13_241122105938_4166---ACCORDOOPERATIVO.txt,1
Emilia-Romagna,,,Coordinamento regionale delle Case e dei Centri antiviolenza dell'Emilia Romagna,CAV,CAV,08_2406_rta_08_241015091553_4166---Protocollosullaviolenzadigenere_confirme_prot.txt,1
Piemonte,,,Equipe di Coordinamento del Centro Antiviolenza,CAV,CAV,01_2406_rta_01_240904120005_4166---protocollo.txt,1
Liguria,Genova,Genova,Il Cerchio delle Relazioni Società Cooperativa Sociale - Centro Antiviolenza Mascherona,CAV,CAV,07_2406_rta_07_240916163933_4166---sub_14574431199510849525_Protocollo_LVLS-signed.txt,1
Lazio,,,Numero Nazionale Antiviolenza e Stalking 1522,CAV,CAV,12_2406_rta_12_241003105319_4166---PROTOCOLLODIINTES1_2601def-signed-signed.txt,1
Lazio,,,Numero Nazionale di pubblica utilita Antiviolenza e Stalking 1522,CAV,CAV,12_2406_rta_12_241003105855_4166---ProtocollodiintesafirmatoASL1.txt | 12_2406_rta_12_241003112247_4166---Accordodicollaborazione_CREDICI.txt | 12_2406_rta_12_241003113235_4166---Accordodifferenzadonna-29.09.2023-signed.txt | 12_2406_rta_12_241003113710_4166---Accordodicollaborazione_CREDICI.txt,4
Lazio,,,Organizzazioni Antiviolenza,CAV,CAV,12_2406_rta_12_240926134140_4166---Protocollointesa.txt | 12_2406_rta_12_241004114912_4166---ProtocolloRetePrantiviolenzaFrosinone.txt | 12_2406_rta_12_241004130514_4166---PROTOCOLLODIINTESAPERLAPROMOZIONEDISTRATEGIECONDIVISESULFENOMENODELLAVIOLENZADIGENERE(1).txt,3
Puglia,Barletta-Andria-Trani,Barletta,Osservatorio Giulia e Rossella Centro Antiviolenza ONLUS,CAV,CAV,16_2406_rta_16_250409164629_4166---convenzioneCAV-ASLBT.txt | 16_bat_convenzione CAV - ASL BT.txt,2
Lombardia,,,Osservatorio Regionale Antiviolenza (ORA,CAV,CAV,03_2406_rta_03_240923163715_4166---PROTOCOLLOD'INTESA2017_2020.txt,1
Emilia-Romagna,Ferrara,Cento,Punto Antiviolenza Decentrato,CAV,CAV,08_2406_rta_08_241015091430_4166---Protocollo_Distrettuale_Contrasto_violenza_Donne2023.stamped.txt,1
Piemonte,,,Punto di Ascolto Antiviolenza,CAV,CAV,01_2406_rta_01_240904120005_4166---protocollo.txt,1
Piemonte,,,Rete Antiviolenza,CAV,CAV,01_2406_rta_01_240904120005_4166---protocollo.txt | 01_2406_rta_01_240909112136_4166---convenzionecarmagnola.txt,2
Abruzzo,,,Rete Nazionale Antiviolenza,CAV,CAV,13_2406_rta_13_241122105540_4166---protocollodirete_vastodonnattiva.txt,1
Emilia-Romagna,,,Rete Nazionale Antiviolenza,CAV,CAV,08_2406_rta_08_241015091655_4166---Aggiornamentointegrazioneprotocollooperativoapprovatonelgiugno2008.txt,1
Lazio,,,Rete Provinciale antiviolenza,CAV,CAV,12_2406_rta_12_241004141331_4166---ConvenzioneconilComunediCECCANO.txt,1
Piemonte,,,Rete Vercellese Antiviolenza,CAV,CAV,01_2406_rta_01_240920123646_4166---vercellieos.txt,1
Piemonte,Vercelli,Vercelli,Rete Vercellese Antiviolenza,CAV,CAV,01_2406_rta_01_241018142716_4166---protocolloreteVC.txt,1
Piemonte,,,Sportelli Antiviolenza,CAV,CAV,01_2406_rta_01_240909103717_4166---PROTOCOLLORETEANTIVIOLENZASVOLTADONNA.txt,1
Emilia-Romagna,,,Sportello Antiviolenza ALBA,CAV,CAV,08_2406_rta_08_241015091621_4166---PROTOCOLLO_22.txt,1
Calabria,Catanzaro,Catanzaro,Sportello Antiviolenza Astarte di Catanzaro,CAV,CAV,18_2406_rta_18_240926102620_4166---protocollopercorsorosa.txt,1
Calabria,Catanzaro,Catanzaro,Sportello Antiviolenza Attivamente Coinvolte di Catanzaro,CAV,CAV,18_2406_rta_18_240926102620_4166---protocollopercorsorosa.txt,1
Veneto,Venezia,Cavarzere,Sportello Antiviolenza Civico Donna - Comune di Cavarzere,CAV,CAV,05_2406_rta_05_240916131522_4166---protocolloaggiornamento2023.txt,1
Veneto,Venezia,Venezia,Sportello Antiviolenza Comune di Venezia sede di Venezia,CAV,CAV,05_2406_rta_05_240916131522_4166---protocolloaggiornamento2023.txt,1
Veneto,Venezia,Venezia,Sportello Antiviolenza Comune di Venezia. Sede Lido di Venezia,CAV,CAV,05_2406_rta_05_240916131522_4166---protocolloaggiornamento2023.txt,1
Abruzzo,Chieti,Vasto,Sportello Antiviolenza DonnAttiva,CAV,CAV,13_2406_rta_13_241122105540_4166---protocollodirete_vastodonnattiva.txt,1
Emilia-Romagna,Ferrara,Bondeno,Sportello Antiviolenza Girasole,CAV,CAV,08_2406_rta_08_241015091430_4166---Protocollo_Distrettuale_Contrasto_violenza_Donne2023.stamped.txt,1
Emilia-Romagna,Ferrara,Codigoro,Sportello Antiviolenza Iris - Codigoro,CAV,CAV,08_2406_rta_08_241015091430_4166---Protocollo_Distrettuale_Contrasto_violenza_Donne2023.stamped.txt,1
Emilia-Romagna,Ferrara,Comacchio,Sportello Antiviolenza Iris - Comacchio,CAV,CAV,08_2406_rta_08_241015091430_4166---Protocollo_Distrettuale_Contrasto_violenza_Donne2023.stamped.txt,1
Emilia-Romagna,Ferrara,Copparo,Sportello Antiviolenza NONtiscordardiME,CAV,CAV,08_2406_rta_08_241015091430_4166---Protocollo_Distrettuale_Contrasto_violenza_Donne2023.stamped.txt,1
Emilia-Romagna,Ferrara,Argenta,Sportello Antiviolenza Viola,CAV,CAV,08_2406_rta_08_241015091430_4166---Protocollo_Distrettuale_Contrasto_violenza_Donne2023.stamped.txt,1
Lombardia,,,Sportello Antiviolenza del Castanese: Quello che le donne non dicono,CAV,CAV,03_2406_rta_03_240920120751_4166---protocollodiintesa.txt,1
Piemonte,,,Sportello Antiviolenza di Ateneo,CAV,CAV,01_2406_rta_01_240909114524_4166---CONVENZIONEUNITO-SPORTANTIVIOLENZA.txt,1
Veneto,Venezia,Mira,Sportello Antiviolenza di Mira Cooperativa Iside,CAV,CAV,05_2406_rta_05_240916131522_4166---protocolloaggiornamento2023.txt,1
Lazio,Roma,Colleferro,Sportello Ospedaliero Antiviolenza Ospedale Leopoldo Parodi Delfino di Colleferro,CAV,CAV,12_2406_rta_12_241003120714_4166---ASLROMA5_.txt,1
Lazio,Roma,Tivoli,Sportello Ospedaliero Antiviolenza Ospedale San Giovanni Evangelista di Tivoli,CAV,CAV,12_2406_rta_12_241003120714_4166---ASLROMA5_.txt,1
Lazio,Latina,Cisterna di Latina,Sportello antiviolenza Comune di Cisterna di Latina,CAV,CAV,12_2406_rta_12_240926133706_4166---STAR.txt,1
Lazio,Latina,Cori,Sportello antiviolenza Comune di Cori,CAV,CAV,12_2406_rta_12_240926133706_4166---STAR.txt,1
Calabria,,,Tavolo di Lavoro Regionale Antiviolenza,CAV,CAV,18_2406_rta_18_240926102931_4166---PROT.2403-24.txt,1
Piemonte,,,Tavolo regionale di coordinamento dei Centri Antiviolenza,CAV,CAV,01_2406_rta_01_240904162242_4166---CONVENZIONETRAASLTO3ESVOLTADONNA.txt,1
Liguria,Genova,Chiavari,Telefono Donna Centro AntiViolenza CIF,CAV,CAV,07_2406_rta_07_240916163956_4166---DGR477_2022_Protocollo.txt,1
Liguria,Genova,Chiavari,Telefono Donna Centro AntiViolenza CIF APS,CAV,CAV,07_2406_rta_07_240916163905_4166---PROTOCOLLOFIRMATO(002).txt,1
Piemonte,,,VASSOCIAZIONE SVOLTA DONNA ODV - CENTRO ANTIVIOLENZA,CAV,CAV,01_2406_rta_01_240904162242_4166---CONVENZIONETRAASLTO3ESVOLTADONNA.txt,1
Emilia-Romagna,,,Vivere Donna onlus - Centro antiviolenza,CAV,CAV,08_2406_rta_08_241015091725_4166---Protoc-Prefett-2017.txt,1
Puglia,,,centri antiviolenza della Regione Puglia,CAV,CAV,16_2406_rta_16_250312150114_4166---ProtocolloGioiadelColle_ATS_Retelocale.txt | 16_bari_Protocollo Gioia del Colle_ATS_Rete locale.txt,2
Calabria,,,centri antiviolenza e le Case rifugio Calabresi e nazionali,CAV,CAV,18_2406_rta_18_240926102931_4166---PROT.2403-24.txt,1
Lazio,,,"centro antiviolenza Sovradistrettuale Arde, Pomezia Nettuno Anzio ""Marielle Franco",CAV,CAV,12_2406_rta_12_240926124601_4166---ACCORDOtrlepartiITSETLOIeMarielleFranco(1).txt,1
Puglia,,,rete regionale e nazionale antiviolenza,CAV,CAV,16_ex_Convenzione Mola di Bari.txt,1
Lazio,Frosinone,Fiuggi,APS Calcutta,CAV,CAV,12_2406_rta_12_241004114912_4166---ProtocolloRetePrantiviolenzaFrosinone.txt | 12_2406_rta_12_241004130514_4166---PROTOCOLLODIINTESAPERLAPROMOZIONEDISTRATEGIECONDIVISESULFENOMENODELLAVIOLENZADIGENERE(1).txt | 12_2406_rta_12_241004133706_4166---ProtocollodiretePREFETTURAFrosinone(1).txt | 12_2406_rta_12_241008145357_4166---Protocollointeristituzionale2023.txt,4
Lazio,Roma,Roma,ASSOCIAZIONE NAZIONALE VOLONTARIE TELEFONO ROSA ~ ONLUS,CAV,CAV,12_2406_rta_12_241002112428_4166---7prot(mancapagina)CAVSAPIENZA-UNIVERSITàPOPOLAREVITAATIVA.txt,1
Lazio,Frosinone,Ceccano,ASSOCIAZIONE VOLONTARIE TELEFONO ROSA FROSINONE,CAV,CAV,12_2406_rta_12_241004144338_4166---06-ProtocolloComunediVALLECORSA.txt | 12_2406_rta_12_241007235530_4166---ProtocolloconilComunediPastena.txt,2
Lazio,,,ASSOCIAZIONE VOLONTARIE TELEFONO ROSA FROSINONE Centro di Orientamento per le Donne,CAV,CAV,12_2406_rta_12_241004145108_4166---07-ProtocolloCONilComunediVILLASANTOSTEFANO.txt,1
Lazio,,,ASSOCIAZIONE VOLONTARIE TELEFONO ROSA FROSINONE REGIONE LAZIO ODV (Centro di Orientamento per le Donne,CAV,CAV,12_2406_rta_12_241007224201_4166---ProtocolloConilComunediARCE.txt | 12_2406_rta_12_241007225239_4166---10-ProtocolloconilComunediCOLFELICE.txt,2
Lombardia,Brescia,Ghedi,"Associazione ""Aiuto Donna - Uscire dalla violenza"" Onlus",CAV,CAV,03_2406_rta_03_240923114012_4166---23-9-2024ProtocolloReteRita_signed_signed_signedDEF_signed_signed-signed_signed(1).txt,1
Emilia-Romagna,Ferrara,Ferrara,"Associazione ""Centro Donna Giustizia"" di Ferrara",CAV,CAV,08_2406_rta_08_241015091355_4166---PROTOCOLLO_CONTRO_VIOLENZA_firmato2023.txt,1
Lombardia,Mantova,San Giorgio Bigarello,Associazione Abramo ETS - Ente della Diocesi di Mantova,CAV,CAV,03_2406_rta_03_240918153156_4166---Protocollo_d'Intesa_Rete_Mantova.prot.txt,1
Lombardia,Bergamo,Bergamo,Associazione Aiuto Donna - Uscire dalla violenza - ODV,CAV,CAV,03_2406_rta_03_240924144947_4166---Protocollod'IntesaReteAntiviolenzaIsolaBergamascaeBassaValSanMartino2024.txt,1
Lombardia,Pavia,Voghera,Associazione C.H.I.A.R.A. Onlus,CAV,CAV,03_2406_rta_03_240918151606_4166---A_RetePavia_Protocollo2021_e_Integrazioni2023_firmato_compressed.txt,1
Toscana,Pisa,Pisa,Associazione Casa della donna,CAV,CAV,09_PISA PREF E PROV.txt,1
Lombardia,Brescia,Ghedi,Associazione Casa delle Donne Maltrattate di Milano,CAV,CAV,03_2406_rta_03_240923105244_4166---ProtocolloViolenzaMilanoFirme2023.txt,1
Lombardia,Brescia,Ghedi,Associazione Casa delle Donne OdV,CAV,CAV,03_2406_rta_03_240923101524_4166---PROTOCOLLO_DI_INTESA_versione_DEFINITIVA2021.stamped.txt,1
Lombardia,Brescia,Brescia,Associazione Casa delle Donne di Brescia,CAV,CAV,03_2406_rta_03_240926123135_4166---ProtocollodiRete.txt,1
Lazio,Roma,Roma,Associazione Casa delle donne Lucha y Siesta,CAV,CAV,12_2406_rta_12_240927093424_4166---ProtVMunMerlin.txt,1
Emilia-Romagna,,,Associazione Casa delle donne di Modena contro la violenza,CAV,CAV,08_2406_rta_08_241015092024_4166---Protocollooperativo.txt,1
Lazio,Latina,Latina,Associazione Centro Donna Lilith,CAV,CAV,12_2406_rta_12_240926133706_4166---STAR.txt,1
Lombardia,Brescia,Ghedi,Associazione Centro di Aiuto alla Vita (C.A.V,CAV,CAV,03_2406_rta_03_240918153156_4166---Protocollo_d'Intesa_Rete_Mantova.prot.txt,1
Lombardia,Milano,Trezzano Sul Naviglio,Associazione Demetra Donne Trezzano Sul Naviglio ONLUS,CAV,CAV,03_2406_rta_03_240926122707_4166---ProtocolloReteAntiviolenzaconfirme.txt,1
Abruzzo,,Aquila,Associazione Donatella Tellini,CAV,CAV,13_2406_rta_13_241122102615_4166---PROTOCOLLOD_INTESACOMUNEAQ_donatellatelliniCAV2023.txt,1
Lombardia,Brescia,Ghedi,Associazione Donne Insieme Contro la Violenza,CAV,CAV,03_2406_rta_03_240926122707_4166---ProtocolloReteAntiviolenzaconfirme.txt,1
Toscana,Siena,Colle di Val d'Elsa,Associazione Donne Insieme Valdelsa,CAV,CAV,09_ALTA VALDELSA Protocollo-violenza-valdelsa-2022_ALTA VALDELSA.txt,1
Lombardia,Cremona,Crema,Associazione Donne contro la violenza di Crema,CAV,CAV,03_2406_rta_03_240918153252_4166---Protocollo+Appendice+LineeGuida_Datatodafirmare.txt,1
Marche,Ancona,Ancona,Associazione Donne e Giustizia di Ancona,CAV,CAV,11_2406_rta_11_240911113105_4166---PROTOCOLLO_OPERATIVO2024_CONINDIRIZZARIO_FIRMATO.txt,1
Lombardia,Brescia,Ghedi,Associazione Filo di Arianna,CAV,CAV,03_2406_rta_03_240926122707_4166---ProtocolloReteAntiviolenzaconfirme.txt,1
Toscana,Pisa,San Miniato,Associazione Frida,CAV,CAV,09_PISA PREF E PROV.txt,1
Friuli-Venezia Giulia,Trieste,Trieste,Associazione G.O.A.P. di Trieste,CAV,CAV,06_2406_rta_06_240924164454_4166---protocollo_tempo_sospeso.txt,1
Lombardia,Brescia,Ghedi,Associazione Il coraggio di Frida,CAV,CAV,03_2406_rta_03_240923102947_4166---ProtSOTTOSCRITTO_ReteAntiviolenzaPiuIntegrazioneAprile2024(1).txt,1
Lombardia,Brescia,Ghedi,Associazione Italiana degli Avvocati per la Famiglia e per i Minori (A.I.A.F.) - Sezione di Mantova,CAV,CAV,03_2406_rta_03_240918153156_4166---Protocollo_d'Intesa_Rete_Mantova.prot.txt,1
Lombardia,Lecco,Merate,Associazione L'Altra Meta del Cielo - Telefono Donna di Merate,CAV,CAV,03_2406_rta_03_240918153240_4166---Protocollod'intesaperl'IstituzionediunSistemaTerritorialeAntiviolenzainReteconAddendumSindacati.txt,1
Lazio,Roma,Montorio Romano,Associazione Libera,CAV,CAV,12_2406_rta_12_241004144338_4166---06-ProtocolloComunediVALLECORSA.txt | 12_2406_rta_12_241007235530_4166---ProtocolloconilComunediPastena.txt,2
Lombardia,Milano,Abbiategrasso,Associazione Lule Odv,CAV,CAV,03_2406_rta_03_240923105244_4166---ProtocolloViolenzaMilanoFirme2023.txt,1
Lombardia,Brescia,Ghedi,Associazione Lule Onlus,CAV,CAV,03_2406_rta_03_240923111659_4166---ProtocolloantiviolenzaComunediLodi_scansioneconfirme_maggio2014.txt,1
Lombardia,Milano,Bresso,Associazione Mittatron - Sportello Donna di Bresso,CAV,CAV,03_2406_rta_03_240923103647_4166---protocolloreteantiviolenzacinisello2019(1).txt,1
Emilia-Romagna,Bologna,Bologna,Associazione MondoDonna,CAV,CAV,08_2406_rta_08_241015091330_4166---Protocollo_intesa_autonomia_abitativa_donne_vittime_di_violenza_CittMtrBO.txt,1
Lombardia,Milano,Bresso,Associazione Movimento per la Vita di Bresso,CAV,CAV,03_2406_rta_03_240923103647_4166---protocolloreteantiviolenzacinisello2019(1).txt,1
Lombardia,Brescia,Ghedi,Associazione Nazionale D.i.Re Donne in Rete contro la violenza,CAV,CAV,03_2406_rta_03_240926122707_4166---ProtocolloReteAntiviolenzaconfirme.txt,1
Lombardia,Brescia,Ghedi,Associazione Nazionale Donne in Rete contro la violenza D.i.Re,CAV,CAV,03_2406_rta_03_240926123135_4166---ProtocollodiRete.txt,1
Lazio,,,Associazione Nazionale Volontarie Telefono Rosa - APS,CAV,CAV,12_2406_rta_12_241002115125_4166---2protCAVTITANO-AmiciDiConcaD’oro.txt,1
Lazio,Roma,Roma,Associazione Nazionale Volontarie Telefono Rosa - APS,CAV,CAV,12_2406_rta_12_241003100516_4166---1ProtCAVPAOLALATTESLibroteka(1).txt | 12_2406_rta_12_241004090303_4166---2ProtCAVPAOLALATTESTorraccia(1).txt | 12_2406_rta_12_241004100148_4166---910protCAVPAOLALATTESCooperativaSocialeLineaSociale-Onlus(1).txt,3
Lazio,Roma,Roma,Associazione Nazionale Volontarie Telefono Rosa - ODV,CAV,CAV,12_2406_rta_12_240926133329_4166---ProtInt2CAVFRANCARAME-18-20(1).txt | 12_2406_rta_12_241004091505_4166---4ProtCAVPAOLALATTESEnjoi(2).txt,2
Lazio,Roma,Roma,Associazione Nazionale Volontarie Telefono Rosa - ONLUS,CAV,CAV,12_2406_rta_12_241004101038_4166---911protCAVPAOLALATTESAssociazioneGliAmicidiRobertoOdV(1).txt,1
Lazio,,,Associazione Nazionale Volontarie Telefono Rosa - Onlus,CAV,CAV,12_2406_rta_12_240926140522_4166---4ProtintCAVFRANCARAME-38-41(1).txt | 12_2406_rta_12_241004092644_4166---5potCAVPAOLALATTESnantes(1).txt,2
Lazio,,,Associazione Nazionale Volontarie Telefono Rosa OdV,CAV,CAV,12_2406_rta_12_241004103912_4166---9protCAVPAOLALATTESComitatodiQuartiereTorraccia(1).txt,1
Lazio,Roma,Roma,Associazione Nazionale Volontarie Telefono Rosa OdV,CAV,CAV,12_2406_rta_12_241004094402_4166---7ProtCAVPAOLALATTESAPSedIlComitatodiQuartiere“ComprensorioPratolungo(1).txt,1
Emilia-Romagna,,Reggio Emilia,Associazione Nondasola di Reggio Emilia,CAV,CAV,08_2406_rta_08_241015091655_4166---Aggiornamentointegrazioneprotocollooperativoapprovatonelgiugno2008.txt,1
Lombardia,Milano,Sesto San Giovanni,Associazione Onlus Da Donna a Donna di Sesto San Giovanni,CAV,CAV,03_2406_rta_03_240923103647_4166---protocolloreteantiviolenzacinisello2019(1).txt,1
Lombardia,Varese,Cardano al Campo,Associazione Onlus Filo Rosa Auser di Cardano al Campo,CAV,CAV,03_2406_rta_03_240920120751_4166---protocollodiintesa.txt,1
Piemonte,Torino,Chivasso,Associazione Punto a Capo di Chivasso,CAV,CAV,01_2406_rta_01_241003115621_4166---ProtocolloCISCirie.txt | 01_2406_rta_01_241003120726_4166---Protocollod'intesaCISSAC-Puntoacapo.txt,2
Emilia-Romagna,Ravenna,Faenza,Associazione SOS Donna,CAV,CAV,08_2406_rta_08_241015091330_4166---Protocollo_intesa_autonomia_abitativa_donne_vittime_di_violenza_CittMtrBO.txt,1
Emilia-Romagna,Ravenna,Faenza,Associazione SOS Donna - Faenza,CAV,CAV,08_2406_rta_08_241015092049_4166---PROTOCOLLOD.G.C.FAENZA304-2009.txt,1
Lombardia,Brescia,Ghedi,Associazione SVS Donna Aiuta Donna Onlus,CAV,CAV,03_2406_rta_03_240923105244_4166---ProtocolloViolenzaMilanoFirme2023.txt,1
Piemonte,,,Associazione Svolta Donna Onlus,CAV,CAV,01_2406_rta_01_240904162242_4166---CONVENZIONETRAASLTO3ESVOLTADONNA.txt,1
Lombardia,Lecco,Lecco,Associazione Telefono Donna Lecco,CAV,CAV,03_2406_rta_03_240918153240_4166---Protocollod'intesaperl'IstituzionediunSistemaTerritorialeAntiviolenzainReteconAddendumSindacati.txt,1
Lombardia,Brescia,Ghedi,Associazione Telefono Donna ODV,CAV,CAV,03_2406_rta_03_240925144919_4166---RETEDICOMO-PROTOCOLLOINTERIST.17novembre2023(1).txt,1
Lombardia,Brescia,Ghedi,Associazione Telefono Donna Onlus,CAV,CAV,03_2406_rta_03_240923105244_4166---ProtocolloViolenzaMilanoFirme2023.txt,1
Lombardia,Milano,Milano,Associazione Telefono Donna di Milano,CAV,CAV,03_2406_rta_03_240920120751_4166---protocollodiintesa.txt,1
Friuli-Venezia Giulia,Pordenone,Pordenone,Associazione Voce Donna Onlus - Pordenone,CAV,CAV,06_2406_rta_06_240916164102_4166---protocollopordenoneprefettura.txt,1
Friuli-Venezia Giulia,Pordenone,Pordenone,Associazione Voce Donna Onlus di Pordenone,CAV,CAV,06_2406_rta_06_240916164102_4166---protocollopordenoneprefettura.txt,1
Lazio,Frosinone,Ceccano,Associazione Volontarie Telefono Rosa Frosinone - Centro di Orientamento per i diritti delle Donne Onlus,CAV,CAV,12_2406_rta_12_241004141331_4166---ConvenzioneconilComunediCECCANO.txt,1
Lazio,,,Associazione Volontarie Telefono Rosa Frosinone Regione Lazio ODV - Centro di Orientamento per le Donne,CAV,CAV,12_2406_rta_12_241008103001_4166---16-Convenzioneconl'UniversitàECAMPUS.txt,1
Lazio,,,Associazione Volontarie Telefono Rosa Frosinone Regione Lazio Odv,CAV,CAV,12_2406_rta_12_241004140636_4166---04-ProtocolloconlaQuesturadiFrosinone.txt,1
Lazio,,,Associazione Volontarie Telefono Rosa Frosinone- Regione Lazio ODV,CAV,CAV,12_2406_rta_12_241004114912_4166---ProtocolloRetePrantiviolenzaFrosinone.txt | 12_2406_rta_12_241004130514_4166---PROTOCOLLODIINTESAPERLAPROMOZIONEDISTRATEGIECONDIVISESULFENOMENODELLAVIOLENZADIGENERE(1).txt,2
Lazio,Frosinone,Frosinone,Associazione Volontarie Telefono Rosa Frosinone- Regione Lazio ODV,CAV,CAV,12_2406_rta_12_241008145357_4166---Protocollointeristituzionale2023.txt,1
Lazio,Frosinone,Ceccano,Associazione Volontarie Telefono Rosa Frosinone-Regione Lazio ODV,CAV,CAV,12_2406_rta_12_241004133706_4166---ProtocollodiretePREFETTURAFrosinone(1).txt,1
Lazio,,,Associazione Volontarie Telefono Rosa Frosinone-Regione Lazio ODV-Centro di Orientamento per le Donne,CAV,CAV,12_2406_rta_12_241004145702_4166---08-ProtocolloComunediFalvaterra.txt,1
Lombardia,Brescia,Ghedi,Associazione Volontarie del Telefono Rosa di Mantova,CAV,CAV,03_2406_rta_03_240918153156_4166---Protocollo_d'Intesa_Rete_Mantova.prot.txt,1
Emilia-Romagna,Ravenna,Lugo,Associazione di volontariato DEMETRA DONNE IN AIUTO ODV,CAV,CAV,08_2406_rta_08_241015091748_4166---ProtocolloProvincialeCaserifugio2023.2025.txt,1
Emilia-Romagna,Ravenna,Ravenna,Associazione di volontariato LINEA ROSA ODV,CAV,CAV,08_2406_rta_08_241015091748_4166---ProtocolloProvincialeCaserifugio2023.2025.txt,1
Emilia-Romagna,Ravenna,Faenza,Associazione di volontariato SOS DONNA ODV,CAV,CAV,08_2406_rta_08_241015091748_4166---ProtocolloProvincialeCaserifugio2023.2025.txt,1
Lazio,Frosinone,Frosinone,Auser del Frusinate,CAV,CAV,12_2406_rta_12_241004114912_4166---ProtocolloRetePrantiviolenzaFrosinone.txt | 12_2406_rta_12_241004130514_4166---PROTOCOLLODIINTESAPERLAPROMOZIONEDISTRATEGIECONDIVISESULFENOMENODELLAVIOLENZADIGENERE(1).txt | 12_2406_rta_12_241004133706_4166---ProtocollodiretePREFETTURAFrosinone(1).txt | 12_2406_rta_12_241008145357_4166---Protocollointeristituzionale2023.txt,4
Lazio,Roma,Roma,Bee Free Cooperativa Sociale,CAV,CAV,12_2406_rta_12_241002130504_4166---3Protocollid'intesa-TavoloInteristituzionaletraUfficiGiudiziaricompetentinelcircondariodiRomaavvocaturaecentriantiviolenza(1).txt | 12_2406_rta_12_241003115345_4166---1.PROTOCOLLOTAVOLOINTERISTITUZIONALE.txt | 12_2406_rta_12_241003121816_4166---Copiadi1.PROTOCOLLOTAVOLOINTERISTITUZIONALE.txt,3
Lombardia,,,C.A.DO.M,CAV,CAV,03_2406_rta_03_240926122051_4166---Protocollomonz.txt,1
Piemonte,Vercelli,Gattinara,C.A.S.A. (Consorzio per l'Attivita Socio Assistenziale di Gattinara,CAV,CAV,01_2406_rta_01_240920123646_4166---vercellieos.txt,1
Piemonte,Cuneo,Boves,C.A.S.A. - Consorzio per l'Attivita Socio Assistenziale di Gattinara,CAV,CAV,01_2406_rta_01_241018142716_4166---protocolloreteVC.txt,1
Lombardia,,,"C.A.S.D. Centro Ascolto Soccorso Donna Asst Santi Paolo Carlo, presidio San Carlo Borromeo",CAV,CAV,03_2406_rta_03_240923105244_4166---ProtocolloViolenzaMilanoFirme2023.txt,1
Lazio,,,"C.A.V. SOS Donna - ""Nilde Iotti",CAV,CAV,12_2406_rta_12_241008150442_4166---1.Protocollo.txt,1
Piemonte,Vercelli,Santhia,C.I.S.A.S. (Consorzio Intercomunale per i Servizi di Assistenza Sociale di Santhia,CAV,CAV,01_2406_rta_01_240920123646_4166---vercellieos.txt,1
Piemonte,Vercelli,Santhia,C.I.S.A.S. - Consorzio Intercomunale per i Servizi di Assistenza Sociale di Santhia,CAV,CAV,01_2406_rta_01_241018142716_4166---protocolloreteVC.txt,1
Emilia-Romagna,Bologna,Bologna,CASA delle donne per non subire violenza,CAV,CAV,08_2406_rta_08_241015091310_4166---Accordo_Contrasto_alla_violenza_CittMtrBO.txt | 08_2406_rta_08_241015091330_4166---Protocollo_intesa_autonomia_abitativa_donne_vittime_di_violenza_CittMtrBO.txt | 08_2406_rta_08_241015091500_4166---Protocollo_autonomia_lavorativa_def.txt,3
Lombardia,Monza e della Brianza,Monza,CROCE ROSSA ITALIANA - COMITATO DI MONZA,CAV,CAV,03_2406_rta_03_240926122051_4166---Protocollomonz.txt,1
Lombardia,,,Caritas,CAV,CAV,03_2406_rta_03_240923103647_4166---protocolloreteantiviolenzacinisello2019(1).txt,1
Emilia-Romagna,,Reggio Emilia,Casa delle Donne,CAV,CAV,08_2406_rta_08_241015091655_4166---Aggiornamentointegrazioneprotocollooperativoapprovatonelgiugno2008.txt,1
Lombardia,Milano,Milano,Casa delle Donne Maltrattate di Milano,CAV,CAV,03_2406_rta_03_240920120751_4166---protocollodiintesa.txt,1
Lombardia,Milano,Milano,Casa di Accoglienza Donne Maltrattate di Milano,CAV,CAV,03_2406_rta_03_240926122707_4166---ProtocolloReteAntiviolenzaconfirme.txt,1
Lazio,,,Centri Anti Violenza della Regione Lazio,CAV,CAV,12_2406_rta_12_241002111710_4166---6protCAVSAPIENZA-SAPIENZAINMOVIMENTO.txt,1
Calabria,,,Centri anti-violenza e Case Rifugio della Regione Calabria,CAV,CAV,18_2406_rta_18_240926102259_4166---Protocollod’intesaperlaprotezioneel’assistenzadellevittimediviolenzadigenererichiedentiasilo.txt,1
Calabria,,,Centro Aiuto Donna,CAV,CAV,18_2406_rta_18_240926102333_4166---accordodiretecentroaiutodonna.txt,1
Lombardia,,,Centro Ambrosiano di Solidarieta - Ce.A.S. Onlus,CAV,CAV,03_2406_rta_03_240923105244_4166---ProtocolloViolenzaMilanoFirme2023.txt,1
Piemonte,,,Centro Anti Violenza n. 10/A,CAV,CAV,01_2406_rta_01_240920112211_4166---367772-4-Protocollo_intesa_Completo.txt,1
Calabria,,Reggio Calabria,Centro D'Ascolto ARIEL ODV,CAV,CAV,18_2406_rta_18_240926102943_4166---schemaAccordoCollaborazione499ARIEL_signed.txt,1
Toscana,Massa-Carrara,Massa,Centro Donna Chiama Donna,CAV,CAV,09_APUANE_2015 Protocollo Prefettura.txt,1
Emilia-Romagna,Ferrara,Ferrara,Centro Donna Giustizia APS di Ferrara,CAV,CAV,08_2406_rta_08_241015091430_4166---Protocollo_Distrettuale_Contrasto_violenza_Donne2023.stamped.txt,1
Toscana,,,Centro Donna Lunigiana,CAV,CAV,09_APUANE_2015 Protocollo Prefettura.txt,1
Toscana,Massa-Carrara,Massa,Centro Donna Provinciale,CAV,CAV,09_APUANE_2015 Protocollo Prefettura.txt,1
Emilia-Romagna,Forli-Cesena,Cesena,Centro Donna del Comune di Cesena,CAV,CAV,08_2406_rta_08_241015091621_4166---PROTOCOLLO_22.txt,1
Emilia-Romagna,Forli-Cesena,Cesenatico,Centro Donna del Comune di Cesenatico,CAV,CAV,08_2406_rta_08_241015091621_4166---PROTOCOLLO_22.txt,1
Emilia-Romagna,Forli-Cesena,Forli,Centro Donna del Comune di Forli,CAV,CAV,08_2406_rta_08_241015091621_4166---PROTOCOLLO_22.txt,1
Veneto,Verona,Verona,Centro Petra,CAV,CAV,05_2406_rta_05_240919124736_4166---Protocollo_per_contrasto_alla_violenza_di_genere.stamped.txt,1
Lazio,,,Centro Sistema Bibliotecario Sapienza,CAV,CAV,12_2406_rta_12_241003115852_4166---SISTEMABIBLIOTECARIOLASAPIENZA.txt,1
Lazio,,,Centro Unico d'ascolto,CAV,CAV,12_2406_rta_12_241004133706_4166---ProtocollodiretePREFETTURAFrosinone(1).txt,1
Toscana,Massa-Carrara,Montignoso,Centro di Ascolto Sabine di Montignoso,CAV,CAV,09_APUANE_2015 Protocollo Prefettura.txt,2
Veneto,Venezia,Portogruaro,"Centro di Ascolto per la violenza di genere ""Città Gentili"" - Coop. L'Arco di Portogruaro",CAV,CAV,05_2406_rta_05_240916135305_4166---protocolloulss4.txt,1
Lazio,Frosinone,Ceccano,Centro di Orientamento per i diritti delle Donne Onlus,CAV,CAV,12_2406_rta_12_241004141331_4166---ConvenzioneconilComunediCECCANO.txt,1
Valle d'Aosta/Vallee d'Aoste,Valle d'Aosta/Vallee d'Aoste,Aosta,Centro donne contro la violenza,CAV,CAV,02_2406_rta_02_240904124958_4166---lrn4del25feb2013.txt,1
Liguria,Genova,Genova,Centro per non subire violenza (da U.D.1,CAV,CAV,07_2406_rta_07_240916163933_4166---sub_14574431199510849525_Protocollo_LVLS-signed.txt,1
Lombardia,,,Cerchi d'Acqua Onlus,CAV,CAV,03_2406_rta_03_240923105244_4166---ProtocolloViolenzaMilanoFirme2023.txt,1
Piemonte,Biella,Biella,Consorzio Intercomunale Servizi Socio Assistenziali I.R.I.S,CAV,CAV,01_2406_rta_01_240904122512_4166---accordoSFD.txt,1
Piemonte,Biella,Cossato,Consorzio Intercomunale Servizi Socio Assistenziali del Biellese Orientale C.I.S.S.A.B.0,CAV,CAV,01_2406_rta_01_240904122512_4166---accordoSFD.txt,1
Piemonte,Torino,Cirie,Consorzio Intercomunale dei Servizi Socio Assistenziali C.I.S. di Cirie,CAV,CAV,01_2406_rta_01_241003115621_4166---ProtocolloCISCirie.txt,1
Piemonte,Cuneo,Alba,Consorzio Socio Assistenziale Alba Langhe Roero,CAV,CAV,01_2406_rta_01_240904110730_4166---protocollocontuttelefirme(1).txt,1
Piemonte,,,Consorzio Socio Assistenziale del Cuneese,CAV,CAV,01_2406_rta_01_240904110730_4166---protocollocontuttelefirme(1).txt,1
Lazio,Roma,Civitavecchia,Consulta delle Donne,CAV,CAV,12_2406_rta_12_240926133706_4166---STAR.txt,1
Lombardia,,,Coop. Sociale Il Cerchio della Luna Impresa Sociale,CAV,CAV,03_2406_rta_03_240923101524_4166---PROTOCOLLO_DI_INTESA_versione_DEFINITIVA2021.stamped.txt,1
Lombardia,,,Cooperativa Lotta Contro l'Emarginazione,CAV,CAV,03_2406_rta_03_240923105244_4166---ProtocolloViolenzaMilanoFirme2023.txt,1
Lombardia,Milano,Milano,Cooperativa Sociale Cerchi d'Acqua,CAV,CAV,03_2406_rta_03_240920120751_4166---protocollodiintesa.txt,1
Lombardia,,,Cooperativa Sociale Onlus Il Mago di Oz,CAV,CAV,03_2406_rta_03_240925150245_4166---ProtocolloReteARIAPalazzolo.txt,1
Lombardia,Pavia,Vigevano,Cooperativa sociale KORE Onlus,CAV,CAV,03_2406_rta_03_240918151606_4166---A_RetePavia_Protocollo2021_e_Integrazioni2023_firmato_compressed.txt,1
Lombardia,Pavia,Pavia,Cooperativa sociale LiberaMente - Percorsi di donne contro la violenza Onlus,CAV,CAV,03_2406_rta_03_240918151606_4166---A_RetePavia_Protocollo2021_e_Integrazioni2023_firmato_compressed.txt,1
Piemonte,Cuneo,Mondovi,Croce Rossa Italiana - Comitato Locale di Mondovi O.N.L.U.S. - L'Orecchio di Venere,CAV,CAV,01_2406_rta_01_240920112211_4166---367772-4-Protocollo_intesa_Completo.txt,1
Trento,,,D.i.Re (Donne in Rete contro la violenza,CAV,CAV,05_2406_rta_05_240919114041_4166---protocollounicorevisionato2024.txt,1
Lazio,Roma,Roma,DIFFERENZA DONNA,CAV,CAV,12_2406_rta_12_241003115345_4166---1.PROTOCOLLOTAVOLOINTERISTITUZIONALE.txt,1
Piemonte,,,DIRE - Donne in Rete contro la violenza,CAV,CAV,01_2406_rta_01_240909110828_4166---PROTOCOLLOHELP.txt,1
Lazio,,,Diaconia Soc.Coop Sociale,CAV,CAV,12_2406_rta_12_241004114912_4166---ProtocolloRetePrantiviolenzaFrosinone.txt | 12_2406_rta_12_241004130514_4166---PROTOCOLLODIINTESAPERLAPROMOZIONEDISTRATEGIECONDIVISESULFENOMENODELLAVIOLENZADIGENERE(1).txt | 12_2406_rta_12_241004133706_4166---ProtocollodiretePREFETTURAFrosinone(1).txt | 12_2406_rta_12_241008145357_4166---Protocollointeristituzionale2023.txt,4
Lazio,Roma,Roma,Differenza Donna ONG,CAV,CAV,12_2406_rta_12_241002130504_4166---3Protocollid'intesa-TavoloInteristituzionaletraUfficiGiudiziaricompetentinelcircondariodiRomaavvocaturaecentriantiviolenza(1).txt | 12_2406_rta_12_241003121816_4166---Copiadi1.PROTOCOLLOTAVOLOINTERISTITUZIONALE.txt,2
Calabria,,,Donne in Rete Contro La Violenza,CAV,CAV,18_2406_rta_18_240926102931_4166---PROT.2403-24.txt,1
Piemonte,,,E.M.M.A. Onlus,CAV,CAV,01_2406_rta_01_240904162242_4166---CONVENZIONETRAASLTO3ESVOLTADONNA.txt,1
Lombardia,Varese,Busto Arsizio,E.VA Emergenza contro la violenza - ODV (E.VA ODV,CAV,CAV,"03_2406_rta_03_240923164603_4166---ProtocolloreteantiviolenzaBusto,Gallarate,Saronno,SommaLombardo-2024.txt",1
Lombardia,Brescia,Brescia,FIDAPA - Federazione Italiana Donne Arti professioni e Affari - sez. di Brescia,CAV,CAV,03_2406_rta_03_240923101524_4166---PROTOCOLLO_DI_INTESA_versione_DEFINITIVA2021.stamped.txt,1
Lombardia,Milano,Milano,Farsi Prossimo Onlus Società Cooperativa Sociale,CAV,CAV,03_2406_rta_03_240923105244_4166---ProtocolloViolenzaMilanoFirme2023.txt,1
Calabria,Cosenza,Rende,"Fondazione ""Roberta Lanzino"" Odv",CAV,CAV,18_2406_rta_18_240925130829_4166---PROTOCOLLODIINTESA_COMUNEDIMENDICINO.txt,1
Lombardia,Milano,Bresso,Fondazione Brambilla Pisoni di Bresso,CAV,CAV,03_2406_rta_03_240923103647_4166---protocolloreteantiviolenzacinisello2019(1).txt,1
Lombardia,,,Fondazione Caritas Ambrosiana,CAV,CAV,03_2406_rta_03_240923105244_4166---ProtocolloViolenzaMilanoFirme2023.txt,1
Lombardia,Varese,Varese,Fondazione Felicita Morandi,CAV,CAV,03_2406_rta_03_240923163715_4166---PROTOCOLLOD'INTESA2017_2020.txt,1
Lombardia,,,Fondazione Somaschi Onlus,CAV,CAV,03_2406_rta_03_240920093134_4166---Protocollo_Intesa_Rete_Antiviolenza_SudEstMilano_Paullese_2021-2023.txt | 03_2406_rta_03_240923105244_4166---ProtocolloViolenzaMilanoFirme2023.txt | 03_2406_rta_03_240923113114_4166---ProtocolloReteAddaMartesanasottoscritto.txt,3
Emilia-Romagna,Forli-Cesena,Cesena,Forum delle Donne di Cesena,CAV,CAV,08_2406_rta_08_241015091621_4166---PROTOCOLLO_22.txt,1
Valle d'Aosta/Vallée d'Aoste,,,Forum permanente contro le molestie e la violenza di genere,CAV,CAV,02_2406_rta_02_240904124958_4166---lrn4del25feb2013.txt,1
Veneto,,,GOAP,CAV,CAV,06_2406_rta_06_240924164454_4166---protocollo_tempo_sospeso.txt,1
Lazio,,,La Casa - Centro di Pronta Accoglienza per donne,CAV,CAV,12_2406_rta_12_241008151247_4166---3.prot.txt,1
Lazio,Latina,Priverno,La Ginestra - Centro di accoglienza per donne e minori in difficolta,CAV,CAV,12_2406_rta_12_241003094302_4166---4VerbaleIncontroGiorgieLaGinestra-PROTOCOLLO.txt,1
Lombardia,Milano,Sesto San Giovanni,La Grande Casa Società Cooperativa Sociale Onlus,CAV,CAV,03_2406_rta_03_240923105244_4166---ProtocolloViolenzaMilanoFirme2023.txt,1
Lombardia,Bergamo,Ponte San Pietro,La Strada Cooperativa Sociale Onlus,CAV,CAV,03_2406_rta_03_240923105244_4166---ProtocolloViolenzaMilanoFirme2023.txt,1
Emilia-Romagna,Bologna,Bologna,MondoDonna,CAV,CAV,08_2406_rta_08_241015091310_4166---Accordo_Contrasto_alla_violenza_CittMtrBO.txt,1
Lazio,,,Municipio Roma I Centro,CAV,CAV,12_2406_rta_12_241003101925_4166---ProtocolloFormazioneObiettivoUomo.txt,1
Puglia,Barletta-Andria-Trani,Barletta,Osservatorio Giulia e Rossella,CAV,CAV,16_2406_rta_16_250409164629_4166---convenzioneCAV-ASLBT.txt,1
Calabria,,,Osservatorio Regionale contro la Violenza,CAV,CAV,18_2406_rta_18_240926102931_4166---PROT.2403-24.txt,1
Emilia-Romagna,,,Per Le Donne - Imola,CAV,CAV,08_2406_rta_08_241015091330_4166---Protocollo_intesa_autonomia_abitativa_donne_vittime_di_violenza_CittMtrBO.txt,1
Emilia-Romagna,Bologna,Imola,PerLeDonne,CAV,CAV,08_2406_rta_08_241015091310_4166---Accordo_Contrasto_alla_violenza_CittMtrBO.txt,1
Emilia-Romagna,Bologna,Imola,PerLeDonne - Imola,CAV,CAV,08_2406_rta_08_241015091500_4166---Protocollo_autonomia_lavorativa_def.txt,1
Basilicata,,,Rete Centri Ascolto,CAV,CAV,17_2406_rta_17_250506142731_4166---Tavolodicoordinamentoemonitoraggio30-01-24.txt,1
Lombardia,Varese,Saronno,Rete Rosa ODV,CAV,CAV,"03_2406_rta_03_240923164603_4166---ProtocolloreteantiviolenzaBusto,Gallarate,Saronno,SommaLombardo-2024.txt",1
Puglia,,,"Rete SanFra - ""Il Melograno",CAV,CAV,16_lecce_Protocollo Operativo - Procedure integrate per la prevenzione e il contrasto alla violenza contro donne e minori - Copia_Marcato.txt,1
Puglia,,,Rete SanFra - Il Melograno,CAV,CAV,16_2406_rta_16_250410144304_4166---ProtocolloOperativo-Procedureintegrateperlaprevenzioneeilcontrastoallaviolenzacontrodonneeminori-Copia_Marcato.txt,1
Lazio,Frosinone,Sora,Risorse Donna APS,CAV,CAV,12_2406_rta_12_241004114912_4166---ProtocolloRetePrantiviolenzaFrosinone.txt | 12_2406_rta_12_241004130514_4166---PROTOCOLLODIINTESAPERLAPROMOZIONEDISTRATEGIECONDIVISESULFENOMENODELLAVIOLENZADIGENERE(1).txt | 12_2406_rta_12_241004133706_4166---ProtocollodiretePREFETTURAFrosinone(1).txt | 12_2406_rta_12_241008145357_4166---Protocollointeristituzionale2023.txt,4
Emilia-Romagna,Rimini,Rimini,Rompi il silenzio ONLUS,CAV,CAV,08_2406_rta_08_241015091621_4166---PROTOCOLLO_22.txt,1
Emilia-Romagna,Ravenna,Faenza,SOS Donna,CAV,CAV,08_2406_rta_08_241015091310_4166---Accordo_Contrasto_alla_violenza_CittMtrBO.txt | 08_2406_rta_08_241015091621_4166---PROTOCOLLO_22.txt,2
Lombardia,,,San Vincenzo di Bresso e Cormano,CAV,CAV,03_2406_rta_03_240923103647_4166---protocolloreteantiviolenzacinisello2019(1).txt,1
Lazio,Roma,Roma,Sapienza in Movimento,CAV,CAV,12_2406_rta_12_241002110138_4166---3protCAVSAPIENZA-laGRU.txt | 12_2406_rta_12_241002111710_4166---6protCAVSAPIENZA-SAPIENZAINMOVIMENTO.txt,2
Friuli-Venezia Giulia,Udine,Udine,"Servizio ""Zero Tolerance - contro la violenza sulle donne"" del Comune di Udine",CAV,CAV,06_2406_rta_06_240916164122_4166---prot_n_0119980_2024_Accordo(firmato).txt,1
Emilia-Romagna,,,Servizio Fenice,CAV,CAV,08_2406_rta_08_241015092049_4166---PROTOCOLLOD.G.C.FAENZA304-2009.txt,1
Lazio,,,Sistema Bibliotecario Sapienza SBS,CAV,CAV,12_2406_rta_12_241003115852_4166---SISTEMABIBLIOTECARIOLASAPIENZA.txt,1
Lombardia,,,Soccorso Violenza Sessuale e Domestica (SVSeD) della Fondazione IRCCS Ca Granda Policlinico Ospedale Maggiore,CAV,CAV,03_2406_rta_03_240923105244_4166---ProtocolloViolenzaMilanoFirme2023.txt,1
Lombardia,,,"Società Cooperativa Sociale Onlus ""Centro Donne Mantova",CAV,CAV,03_2406_rta_03_240918153156_4166---Protocollo_d'Intesa_Rete_Mantova.prot.txt,1
Lombardia,Bergamo,Treviglio,Sportello Donna di Treviglio,CAV,CAV,03_2406_rta_03_240926114940_4166---ProtocollodiintesaeAllegatoTecnico_SOTTOSCRITTO.txt,1
Abruzzo,,,Sportello SenzaViolenza Donne&Minori,CAV,CAV,13_2406_rta_13_241122104842_4166---Protocollodirete_DAFNE.txt,1
Lazio,,,"Sportello di orientamento, ascolto e accoglienza per donne e minori in difficolta",CAV,CAV,12_2406_rta_12_240926143343_4166---2.1protocolloIntegra-CavMerlin(1).txt,1
Veneto,,,Sportello informativo e di accoglienza Progetto Zero Tolerance,CAV,CAV,06_2406_rta_06_240916164153_4166---protocolloprefettura.txt,1
Lazio,,,TELEFONO ROSA FROSINONE REGIONE LAZIO ODV,CAV,CAV,12_2406_rta_12_241004140636_4166---04-ProtocolloconlaQuesturadiFrosinone.txt,1
Emilia-Romagna,,,Telefoni Rosa,CAV,CAV,08_2406_rta_08_241015092024_4166---Protocollooperativo.txt,1
Lazio,,,Telefono Rosa,CAV,CAV,12_2406_rta_12_241002112428_4166---7prot(mancapagina)CAVSAPIENZA-UNIVERSITàPOPOLAREVITAATIVA.txt | 12_2406_rta_12_241002122243_4166---2ProtocolloAssociazioneAllianceforAfricanAssistance(002).txt | 12_2406_rta_12_241002130504_4166---3Protocollid'intesa-TavoloInteristituzionaletraUfficiGiudiziaricompetentinelcircondariodiRomaavvocaturaecentriantiviolenza(1).txt | 12_2406_rta_12_241003115345_4166---1.PROTOCOLLOTAVOLOINTERISTITUZIONALE.txt | 12_2406_rta_12_241003121816_4166---Copiadi1.PROTOCOLLOTAVOLOINTERISTITUZIONALE.txt,5
Piemonte,,,Telefono Rosa,CAV,CAV,01_2406_rta_01_240909114524_4166---CONVENZIONEUNITO-SPORTANTIVIOLENZA.txt,1
Veneto,Verona,Verona,Telefono Rosa di Verona,CAV,CAV,05_2406_rta_05_240919124736_4166---Protocollo_per_contrasto_alla_violenza_di_genere.stamped.txt,1
Emilia-Romagna,Bologna,Imola,Trama di Terre,CAV,CAV,08_2406_rta_08_241015091310_4166---Accordo_Contrasto_alla_violenza_CittMtrBO.txt | 08_2406_rta_08_241015091330_4166---Protocollo_intesa_autonomia_abitativa_donne_vittime_di_violenza_CittMtrBO.txt | 08_2406_rta_08_241015091500_4166---Protocollo_autonomia_lavorativa_def.txt,3
Emilia-Romagna,Bologna,Bologna,UDI,CAV,CAV,08_2406_rta_08_241015091310_4166---Accordo_Contrasto_alla_violenza_CittMtrBO.txt | 08_2406_rta_08_241015091330_4166---Protocollo_intesa_autonomia_abitativa_donne_vittime_di_violenza_CittMtrBO.txt,2
Lombardia,,,Ufficio Esecuzione Penale Esterna Mantova-Cremona (U.E.P.E,CAV,CAV,03_2406_rta_03_240918153156_4166---Protocollo_d'Intesa_Rete_Mantova.prot.txt,1
Piemonte,,,comitato di indirizzo della convenzione Unito-Telefono Rosa,CAV,CAV,01_2406_rta_01_240909114524_4166---CONVENZIONEUNITO-SPORTANTIVIOLENZA.txt,1
Lazio,,,sportelli Codice Rosa gestiti dall'Associazione Differenza Donna,CAV,CAV,12_2406_rta_12_241003112247_4166---Accordodicollaborazione_CREDICI.txt | 12_2406_rta_12_241003113710_4166---Accordodicollaborazione_CREDICI.txt,2
Lombardia,Brescia,Ghedi,ASSOCIAZIONE MULTIETNICA TERRE UNITE,Case Rifugio,CAV,03_2406_rta_03_240923171949_4166---PROTOCOLLOD'INTESARETETERRITORIALEANTIVIOLENZAVALLETROMPIA2024.txt,1
Lombardia,,,Anfora Onlus - Comunita educativa Anfora,Case Rifugio,CAV,03_2406_rta_03_240918153240_4166---Protocollod'intesaperl'IstituzionediunSistemaTerritorialeAntiviolenzainReteconAddendumSindacati.txt,1
Lombardia,Monza e della Brianza,Macherio,Appartamenti CPF Macherio,Case Rifugio,CAV,03_2406_rta_03_240923103647_4166---protocolloreteantiviolenzacinisello2019(1).txt,1
Lombardia,Brescia,Ghedi,Associazione Casa Betel 2000,Case Rifugio,CAV,03_2406_rta_03_240925150245_4166---ProtocolloReteARIAPalazzolo.txt,1
Lombardia,Brescia,Passirano,Associazione Terre Unite Casa Rifugio Casa di Daphne di Passirano,Case Rifugio,CAV,03_2406_rta_03_240925150245_4166---ProtocolloReteARIAPalazzolo.txt,1
Lombardia,Varese,Tradate,Baobab Cooperativa Sociale,Case Rifugio,CAV,"03_2406_rta_03_240923164603_4166---ProtocolloreteantiviolenzaBusto,Gallarate,Saronno,SommaLombardo-2024.txt",1
Lombardia,,,CASA RIFUGIO IL VASO DI PANDORA,Case Rifugio,CAV,03_2406_rta_03_240923171949_4166---PROTOCOLLOD'INTESARETETERRITORIALEANTIVIOLENZAVALLETROMPIA2024.txt,1
Calabria,Cosenza,Rende,CASA di Roberta,Case Rifugio,CAV,18_2406_rta_18_240925130829_4166---PROTOCOLLODIINTESA_COMUNEDIMENDICINO.txt,1
Abruzzo,Chieti,Orsogna,CRI - Casa Rifugio di Orsogna,Case Rifugio,CAV,13_2406_rta_13_241122103901_4166---Protocollirete_ortonaelancianoCAVdonn.ÿ.txt | 13_2406_rta_13_241122104158_4166---Protocollirete_ortonaelancianoCAVdonn.ÿ.txt | 13_2406_rta_13_241122104842_4166---Protocollodirete_DAFNE.txt,3
Abruzzo,Chieti,Chieti,Caritas Diocesana di Chieti - Casa di accoglienza Mater Populi Teatina,Case Rifugio,CAV,13_2406_rta_13_241122101453_4166---ProtocollodiRete_AlphaChieti.txt,1
Abruzzo,Chieti,Chieti,Caritas Diocesana di Chieti - Casa di accoglienza Mater Populi Teatina Chieti,Case Rifugio,CAV,13_2406_rta_13_241122101856_4166---Protocollodirete_AlphaGuardiagrele.txt,1
Trento,,,Casa Alma,Case Rifugio,CAV,05_2406_rta_05_240917141534_4166---protocollodiretefirmato.txt,1
Trento,,,Casa Aurora,Case Rifugio,CAV,05_2406_rta_05_240917141534_4166---protocollodiretefirmato.txt,1
Lombardia,,,Casa Cinzia,Case Rifugio,CAV,03_2406_rta_03_240923103647_4166---protocolloreteantiviolenzacinisello2019(1).txt,1
Lombardia,,,Casa Clementina,Case Rifugio,CAV,03_2406_rta_03_240923103647_4166---protocolloreteantiviolenzacinisello2019(1).txt,1
Marche,Ancona,Ancona,Casa Demetra,Case Rifugio,CAV,11_2406_rta_11_240911113105_4166---PROTOCOLLO_OPERATIVO2024_CONINDIRIZZARIO_FIRMATO.txt,1
Marche,,,Casa Emergenza (servizio a titolarita ATS n.1,Case Rifugio,CAV,11_2406_rta_11_240911113034_4166---protocollodireteantiviolenza2020-2022-uuvv.txt,1
Marche,Pesaro e Urbino,Pesaro,Casa Emergenza a valenza regionale Pesaro,Case Rifugio,CAV,11_2406_rta_11_240911113105_4166---PROTOCOLLO_OPERATIVO2024_CONINDIRIZZARIO_FIRMATO.txt,1
Marche,Macerata,Macerata,Casa Eva,Case Rifugio,CAV,11_2406_rta_11_240911113105_4166---PROTOCOLLO_OPERATIVO2024_CONINDIRIZZARIO_FIRMATO.txt,1
Lazio,,,Casa Famiglia Leroux,Case Rifugio,CAV,12_2406_rta_12_241007235530_4166---ProtocolloconilComunediPastena.txt,1
Lombardia,Milano,Bresso,Casa Frida,Case Rifugio,CAV,03_2406_rta_03_240923103647_4166---protocolloreteantiviolenzacinisello2019(1).txt,1
Lombardia,,,Casa Futura,Case Rifugio,CAV,03_2406_rta_03_240923103647_4166---protocolloreteantiviolenzacinisello2019(1).txt,1
Marche,Macerata,Macerata,Casa Giuditta,Case Rifugio,CAV,11_2406_rta_11_240911113105_4166---PROTOCOLLO_OPERATIVO2024_CONINDIRIZZARIO_FIRMATO.txt,1
Lombardia,,,Casa Graziella Campagna,Case Rifugio,CAV,03_2406_rta_03_240923103647_4166---protocolloreteantiviolenzacinisello2019(1).txt,1
Lombardia,,,Casa Mimosa,Case Rifugio,CAV,03_2406_rta_03_240923103647_4166---protocolloreteantiviolenzacinisello2019(1).txt,1
Lazio,,,Casa Rifugio,Case Rifugio,CAV,12_2406_rta_12_240926143343_4166---2.1protocolloIntegra-CavMerlin(1).txt | 12_2406_rta_12_241008112319_4166---protocollo25.11.2023.txt,2
Lombardia,,,Casa Rifugio,Case Rifugio,CAV,03_2406_rta_03_240923163715_4166---PROTOCOLLOD'INTESA2017_2020.txt,1
Piemonte,,,Casa Rifugio,Case Rifugio,CAV,01_2406_rta_01_240904120005_4166---protocollo.txt | 01_2406_rta_01_241003113501_4166---CCVD1deliberaprotocolloccvd-2024eall1prot.txt,2
Puglia,,,Casa Rifugio,Case Rifugio,CAV,16_2406_rta_16_250312162108_4166---protocollooperativoGioiadelColle_EMI.txt | 16_2406_rta_16_250312164250_4166---protocollooperativoGrumo_EMI.txt | 16_bari_protocollo operativo Grumo_EMI.txt,3
Abruzzo,,,"Casa Rifugio ""La Casa delle Donne",Case Rifugio,CAV,13_2406_rta_13_241122111153_4166---PROTOCOLLOCASTELDISANGROEASL.txt,1
Abruzzo,L'Aquila,Sulmona,"Casa Rifugio ""La Casa delle donne",Case Rifugio,CAV,13_2406_rta_13_241122105938_4166---ACCORDOOPERATIVO.txt | 13_2406_rta_13_241122110421_4166---PROTOCOLLOOPERATIVO.txt,2
Abruzzo,Teramo,Teramo,"Casa Rifugio ""Maia"" di Teramo",Case Rifugio,CAV,13_2406_rta_13_241122103653_4166---protocollodirete_cavlafenice_provinciateramo.txt,1
Veneto,Vicenza,Breganze,"Casa Rifugio ""Meneghini"" - ""Villa Savardo"" di Breganze",Case Rifugio,CAV,05_2406_rta_05_240919122126_4166---PROTOCOLLOULSS8BERICA.txt,1
Puglia,,,"Casa Rifugio ""Nazaret",Case Rifugio,CAV,16_lecce_Protocollo Operativo - Procedure integrate per la prevenzione e il contrasto alla violenza contro donne e minori - Copia_Marcato.txt,1
Veneto,Vicenza,Vicenza,"Casa Rifugio ""Villaggio Sos"" di Vicenza",Case Rifugio,CAV,05_2406_rta_05_240919122126_4166---PROTOCOLLOULSS8BERICA.txt,1
Trento,,,Casa Rifugio 'CasaLuna,Case Rifugio,CAV,05_2406_rta_05_240918144304_4166---Protocollo_ULSS2-DistrettoTreviso.txt,1
Marche,,,Casa Rifugio (servizio in convenzione con ATS n.1,Case Rifugio,CAV,11_2406_rta_11_240911113034_4166---protocollodireteantiviolenza2020-2022-uuvv.txt,1
Calabria,,,Casa Rifugio Angela Morabito,Case Rifugio,CAV,18_2406_rta_18_240926102528_4166---PROTOCOLLOAISM_PICCOLAOPERA_firma.txt,1
Abruzzo,,Aquila,Casa Rifugio Associazione Donatella Tellini,Case Rifugio,CAV,13_2406_rta_13_241122102615_4166---PROTOCOLLOD_INTESACOMUNEAQ_donatellatelliniCAV2023.txt,1
Piemonte,,,Casa Rifugio Biellese,Case Rifugio,CAV,01_2406_rta_01_240904121349_4166---convenzione.txt | 01_2406_rta_01_240904122512_4166---accordoSFD.txt,2
Veneto,Vicenza,Thiene,Casa Rifugio Casa della Solidarieta,Case Rifugio,CAV,05_2406_rta_05_240919114041_4166---protocollounicorevisionato2024.txt,1
Veneto,Verona,Verona,Casa Rifugio Comune di Verona,Case Rifugio,CAV,05_2406_rta_05_240919124736_4166---Protocollo_per_contrasto_alla_violenza_di_genere.stamped.txt,1
Toscana,,,Casa Rifugio D.I.V.E,Case Rifugio,CAV,09_ALTA VALDELSA Protocollo-violenza-valdelsa-2022_ALTA VALDELSA.txt,1
Trento,,,Casa Rifugio Distretto 4,Case Rifugio,CAV,05_2406_rta_05_240919124736_4166---Protocollo_per_contrasto_alla_violenza_di_genere.stamped.txt,1
Lombardia,,,Casa Rifugio Emergenza in Rosa,Case Rifugio,CAV,03_2406_rta_03_240923102947_4166---ProtSOTTOSCRITTO_ReteAntiviolenzaPiuIntegrazioneAprile2024(1).txt,1
Lazio,,,Casa Rifugio Emily,Case Rifugio,CAV,12_2406_rta_12_240926133706_4166---STAR.txt,1
Trento,,,Casa Rifugio Est Veronese,Case Rifugio,CAV,05_2406_rta_05_240919124736_4166---Protocollo_per_contrasto_alla_violenza_di_genere.stamped.txt,1
Trento,,,Casa Rifugio Giovanna Meneghini,Case Rifugio,CAV,05_2406_rta_05_240919114041_4166---protocollounicorevisionato2024.txt,1
Trento,,,Casa Rifugio Il Filo di Roberta,Case Rifugio,CAV,05_2406_rta_05_240919114041_4166---protocollounicorevisionato2024.txt,1
Liguria,,,Casa Rifugio L'isola che c'e,Case Rifugio,CAV,07_2406_rta_07_240916163956_4166---DGR477_2022_Protocollo.txt,1
Liguria,,,Casa Rifugio Marina,Case Rifugio,CAV,07_2406_rta_07_240916163956_4166---DGR477_2022_Protocollo.txt,1
Marche,Pesaro e Urbino,Fano,Casa Rifugio Mimosa Fano,Case Rifugio,CAV,11_2406_rta_11_240911113105_4166---PROTOCOLLO_OPERATIVO2024_CONINDIRIZZARIO_FIRMATO.txt,1
Puglia,,,Casa Rifugio Nazaret,Case Rifugio,CAV,16_2406_rta_16_250410144304_4166---ProtocolloOperativo-Procedureintegrateperlaprevenzioneeilcontrastoallaviolenzacontrodonneeminori-Copia_Marcato.txt,1
Veneto,Vicenza,Schio,Casa Rifugio Schio,Case Rifugio,CAV,05_2406_rta_05_240919114041_4166---protocollounicorevisionato2024.txt,1
Puglia,,,Casa Rifugio TM,Case Rifugio,CAV,16_2406_rta_16_250407164310_4166---protocollooperativoPutignano_EMI.txt | 16_bari_protocollo operativo Mola di Bari_rete Antiviolenza.txt | 16_bari_protocollo operativo Putignano_EMI.txt,3
Veneto,Vicenza,Bassano del Grappa,Casa Rifugio Tabita,Case Rifugio,CAV,05_2406_rta_05_240919114041_4166---protocollounicorevisionato2024.txt,1
Trento,,,Casa Rifugio Villa Savardo,Case Rifugio,CAV,05_2406_rta_05_240919114041_4166---protocollounicorevisionato2024.txt,1
Marche,Ancona,Ancona,Casa Rifugio Zefiro Coop. Sociale Polo9,Case Rifugio,CAV,11_2406_rta_11_240911113105_4166---PROTOCOLLO_OPERATIVO2024_CONINDIRIZZARIO_FIRMATO.txt,1
Lombardia,,,Casa Rifugio ad indirizzo segreto,Case Rifugio,CAV,03_2406_rta_03_240923103647_4166---protocolloreteantiviolenzacinisello2019(1).txt,1
Lazio,,,Casa Rifugio di Roma Capitale di Via Cassia 639,Case Rifugio,CAV,12_2406_rta_12_241003104626_4166---PROTOCOLLODIINTESAMUNICIPIOXV.txt,1
Lazio,Roma,Roma,Casa Rifugio di Roma Capitale di via Cassia 639,Case Rifugio,CAV,12_2406_rta_12_241003105319_4166---PROTOCOLLODIINTES1_2601def-signed-signed.txt,1
Emilia-Romagna,,,"Casa Rifugio distrettuale ""Artemisia",Case Rifugio,CAV,08_2406_rta_08_241015091553_4166---Protocollosullaviolenzadigenere_confirme_prot.txt,1
Marche,,,Casa Rifugio presente nel territorio fermano,Case Rifugio,CAV,11_2406_rta_11_240911113911_4166---AscoliPPROTOCOLLOoperativo_2019_2021.txt,1
Lombardia,,,Casa Rosa Parks,Case Rifugio,CAV,03_2406_rta_03_240923102947_4166---ProtSOTTOSCRITTO_ReteAntiviolenzaPiuIntegrazioneAprile2024(1).txt,1
Lazio,,,Casa Save,Case Rifugio,CAV,12_2406_rta_12_241004112805_4166---protocollod'intesa.txt,1
Lombardia,,,Casa Simona,Case Rifugio,CAV,03_2406_rta_03_240923102947_4166---ProtSOTTOSCRITTO_ReteAntiviolenzaPiuIntegrazioneAprile2024(1).txt,1
Lombardia,,,Casa Viola,Case Rifugio,CAV,03_2406_rta_03_240923103647_4166---protocolloreteantiviolenzacinisello2019(1).txt,1
Lombardia,,,Casa Wilma,Case Rifugio,CAV,03_2406_rta_03_240923103647_4166---protocolloreteantiviolenzacinisello2019(1).txt,1
Marche,Fermo,Fermo,Casa dei Fiori di Mandorlo,Case Rifugio,CAV,11_2406_rta_11_240911113105_4166---PROTOCOLLO_OPERATIVO2024_CONINDIRIZZARIO_FIRMATO.txt,1
Lombardia,,,Casa del Sole,Case Rifugio,CAV,03_2406_rta_03_240923103647_4166---protocolloreteantiviolenzacinisello2019(1).txt,1
Lombardia,Milano,Magenta,Casa di Accoglienza Maria Rosa Oldani di A.V.A.S. Onlus - Magenta,Case Rifugio,CAV,03_2406_rta_03_240920120751_4166---protocollodiintesa.txt,1
Marche,Pesaro e Urbino,Pesaro,Casa di Emergenza di Pesaro,Case Rifugio,CAV,11_2406_rta_11_240911113911_4166---AscoliPPROTOCOLLOoperativo_2019_2021.txt,1
Lombardia,,,Casa di Orientamento Femminile,Case Rifugio,CAV,03_2406_rta_03_240925144919_4166---RETEDICOMO-PROTOCOLLOINTERIST.17novembre2023(1).txt,1
Abruzzo,,,Casa di accoglienza Mater Populi Teatina,Case Rifugio,CAV,13_2406_rta_13_241122101856_4166---Protocollodirete_AlphaGuardiagrele.txt,1
Lazio,,,"Casa rifugio ""Emily",Case Rifugio,CAV,12_2406_rta_12_241004113737_4166---AccordodicollaborazioneArteinsieme.txt,1
Lazio,,,"Casa rifugio ""Essere Libera",Case Rifugio,CAV,12_2406_rta_12_241004112805_4166---protocollod'intesa.txt,1
Lombardia,,,Casa rifugio Fondazione Somaschi Onlus,Case Rifugio,CAV,03_2406_rta_03_240920093134_4166---Protocollo_Intesa_Rete_Antiviolenza_SudEstMilano_Paullese_2021-2023.txt,1
Veneto,Venezia,Venezia,Casa-famiglia San Pio X- Patriarcato di Venezia,Case Rifugio,CAV,05_2406_rta_05_240916131522_4166---protocolloaggiornamento2023.txt,1
Basilicata,,,Case Rifugio,Case Rifugio,CAV,17_2406_rta_17_250506142731_4166---Tavolodicoordinamentoemonitoraggio30-01-24.txt,1
Piemonte,,,Case Rifugio,Case Rifugio,CAV,01_2406_rta_01_240904150044_4166---Protocollocav-irene2022-2025.txt | 01_2406_rta_01_241003115621_4166---ProtocolloCISCirie.txt | 01_2406_rta_01_241003120726_4166---Protocollod'intesaCISSAC-Puntoacapo.txt,3
Lombardia,Bergamo,Treviglio,Case Rifugio - Sirio C.S.F. Coop. Soc. di Treviglio,Case Rifugio,CAV,03_2406_rta_03_240926114940_4166---ProtocollodiintesaeAllegatoTecnico_SOTTOSCRITTO.txt,1
Friuli-Venezia Giulia,Udine,Udine,"Case Rifugio del Servizio ""Zero Tolerance"" del Comune di Udine",Case Rifugio,CAV,06_2406_rta_06_240916164122_4166---prot_n_0119980_2024_Accordo(firmato).txt,1
Lazio,,,Case Rifugio del Telefono Rosa,Case Rifugio,CAV,12_2406_rta_12_241003091037_4166---5Protocollid'intesa-Ass.Salvamamme(002).txt,1
Lazio,,,Case Rifugio gestite dall'Associazione Differenza Donna,Case Rifugio,CAV,12_2406_rta_12_241003112247_4166---Accordodicollaborazione_CREDICI.txt | 12_2406_rta_12_241003113710_4166---Accordodicollaborazione_CREDICI.txt,2
Calabria,,,Case Rifugio iscritte nell'Albo Regionale,Case Rifugio,CAV,18_2406_rta_18_240926103211_4166---PROTOCOLLOviolasottoscritto.txt,1
Lombardia,Lecco,Merate,Case di Accoglienza (Associazione L'Altra Meta del Cielo - Telefono Donna di Merate,Case Rifugio,CAV,03_2406_rta_03_240918153240_4166---Protocollod'intesaperl'IstituzionediunSistemaTerritorialeAntiviolenzainReteconAddendumSindacati.txt,1
Piemonte,,,Case di accoglienza,Case Rifugio,CAV,01_2406_rta_01_240904150044_4166---Protocollocav-irene2022-2025.txt,1
Lazio,,,Case per la semi autonomia,Case Rifugio,CAV,12_2406_rta_12_240927093424_4166---ProtVMunMerlin.txt,1
Puglia,,,Case protette,Case Rifugio,CAV,16_ex_Convenzione Mola di Bari.txt,1
Emilia-Romagna,,,Case rifugio,Case Rifugio,CAV,08_2406_rta_08_241015091355_4166---PROTOCOLLO_CONTRO_VIOLENZA_firmato2023.txt,1
Puglia,,,Case rifugio,Case Rifugio,CAV,16_2406_rta_16_250409164629_4166---convenzioneCAV-ASLBT.txt | 16_2406_rta_16_250409174252_4166---Protocollo_Intesa_LARA.txt | 16_ex_Convenzione Triggiano.txt,3
Piemonte,Biella,Ponderano,Centro I Germogli,Case Rifugio,CAV,01_2406_rta_01_240904120005_4166---protocollo.txt,1
Lombardia,,,Centro Rita Tonoli,Case Rifugio,CAV,03_2406_rta_03_240923102947_4166---ProtSOTTOSCRITTO_ReteAntiviolenzaPiuIntegrazioneAprile2024(1).txt,1
Lombardia,Bergamo,Bergamo,Cooperativa Generazioni Fa,Case Rifugio,CAV,03_2406_rta_03_240924144947_4166---Protocollod'IntesaReteAntiviolenzaIsolaBergamascaeBassaValSanMartino2024.txt,1
Lombardia,,,Cooperativa Rinnovamento Onlus,Case Rifugio,CAV,03_2406_rta_03_240924144947_4166---Protocollod'IntesaReteAntiviolenzaIsolaBergamascaeBassaValSanMartino2024.txt,1
Lombardia,Bergamo,Treviglio,Cooperativa Sirio,Case Rifugio,CAV,03_2406_rta_03_240924144947_4166---Protocollod'IntesaReteAntiviolenzaIsolaBergamascaeBassaValSanMartino2024.txt,1
Lombardia,Bergamo,Bergamo,Cooperativa Sociale GenerAzioni Fa,Case Rifugio,CAV,03_2406_rta_03_240923114012_4166---23-9-2024ProtocolloReteRita_signed_signed_signedDEF_signed_signed-signed_signed(1).txt,1
Lombardia,Varese,Varese,Fondazione Felicita Morandi ets,Case Rifugio,CAV,"03_2406_rta_03_240923164603_4166---ProtocolloreteantiviolenzaBusto,Gallarate,Saronno,SommaLombardo-2024.txt",1
Lombardia,Milano,Milano,Fondazione Somaschi di Milano,Case Rifugio,CAV,03_2406_rta_03_240926122707_4166---ProtocolloReteAntiviolenzaconfirme.txt,1
Trento,,,Gestori Strutture di accoglienza,Case Rifugio,CAV,05_2406_rta_05_240916173648_4166---ULSS5Polesana_Protocollodirete.txt,1
Piemonte,,,Help House Girls,Case Rifugio,CAV,01_2406_rta_01_240909112136_4166---convenzionecarmagnola.txt,1
Lazio,,,Il Giardino dei Ciliegi - Casa per la semiautonomia per donne,Case Rifugio,CAV,12_2406_rta_12_241008151247_4166---3.prot.txt,1
Lombardia,Bergamo,Bergamo,Istituto delle Suore delle Poverelle Istituto Palazzolo di Bergamo,Case Rifugio,CAV,03_2406_rta_03_240924144947_4166---Protocollod'IntesaReteAntiviolenzaIsolaBergamascaeBassaValSanMartino2024.txt,1
Lombardia,,,Istituto delle suore delle Poverelle - Istituto Palazzolo,Case Rifugio,CAV,03_2406_rta_03_240920124656_4166---ProtocolloantiviolenzaDEFINITIVO(1).txt | 03_2406_rta_03_240923114012_4166---23-9-2024ProtocolloReteRita_signed_signed_signedDEF_signed_signed-signed_signed(1).txt,2
Lombardia,Como,Como,L'Una e le altre Cooperativa Sociale,Case Rifugio,CAV,03_2406_rta_03_240925144919_4166---RETEDICOMO-PROTOCOLLOINTERIST.17novembre2023(1).txt,1
Liguria,Genova,Chiavari,Opera Diocesana Madonna dei Bambini Villaggio del Ragazzo,Case Rifugio,CAV,07_2406_rta_07_240916163905_4166---PROTOCOLLOFIRMATO(002).txt,1
Piemonte,,,Spazi per l'accoglienza in emergenza,Case Rifugio,CAV,01_2406_rta_01_240909103717_4166---PROTOCOLLORETEANTIVIOLENZASVOLTADONNA.txt,1
Puglia,,,"Struttura di riferimento (casa rifugio, comunita, ecc",Case Rifugio,CAV,16_bari_protocollo operativo Putignano_EMI.txt,1
Lombardia,,,"Villaggio SOS di Mantova - Servizio Casa ""La Rondine",Case Rifugio,CAV,03_2406_rta_03_240918153156_4166---Protocollo_d'Intesa_Rete_Mantova.prot.txt,1
Lazio,,,case rifugio,Case Rifugio,CAV,12_2406_rta_12_240926134140_4166---Protocollointesa.txt | 12_2406_rta_12_240927093424_4166---ProtVMunMerlin.txt | 12_2406_rta_12_241002122243_4166---2ProtocolloAssociazioneAllianceforAfricanAssistance(002).txt | 12_2406_rta_12_241003101925_4166---ProtocolloFormazioneObiettivoUomo.txt | 12_2406_rta_12_241003105319_4166---PROTOCOLLODIINTES1_2601def-signed-signed.txt | 12_2406_rta_12_241003110309_4166---ProtocollodiIntesaMunicipio1eDD.txt | 12_2406_rta_12_241003111748_4166---ACCORDOMUNICIPIOROMAVeDIPPARIOPPROMACAPITALE_DD.txt | 12_2406_rta_12_241003114137_4166---PROTOCOLLODIINTESAROMAVOLLEYEDD.txt | 12_2406_rta_12_241003114931_4166---ProtocollodiintesaDifferenzaDonnaeMunicipio13.txt | 12_2406_rta_12_241004091505_4166---4ProtCAVPAOLALATTESEnjoi(2).txt | 12_2406_rta_12_241004114912_4166---ProtocolloRetePrantiviolenzaFrosinone.txt | 12_2406_rta_12_241004130514_4166---PROTOCOLLODIINTESAPERLAPROMOZIONEDISTRATEGIECONDIVISESULFENOMENODELLAVIOLENZADIGENERE(1).txt | 12_2406_rta_12_241004141331_4166---ConvenzioneconilComunediCECCANO.txt,13
Lazio,,,case rifugio della Regione Lazio,Case Rifugio,CAV,12_2406_rta_12_241003115345_4166---1.PROTOCOLLOTAVOLOINTERISTITUZIONALE.txt,1
Piemonte,,,Centro Antidiscriminazioni della Regione Piemonte,Regioni/province Autonome,Regioni/province Autonome,01_2406_rta_01_241003124847_4166---2024-8928-2perinvio.txt,1
Calabria,,,Consiglio Regionale della Calabria,Regioni/province Autonome,Regioni/province Autonome,18_2406_rta_18_240926102620_4166---protocollopercorsorosa.txt,1
Puglia,,,Consiglio della Regione Puglia,Regioni/province Autonome,Regioni/province Autonome,16_2406_rta_16_250410170705_4166---protocolloPrefetturaProvinciaTaranto.txt | 16_taranto_protocollo Prefettura ProvinciaTaranto.txt,2
Valle d'Aosta/Vallée d'Aoste,,,Consiglio regionale,Regioni/province Autonome,Regioni/province Autonome,02_2406_rta_02_240904124958_4166---lrn4del25feb2013.txt,1
Emilia-Romagna,,,Dipartimento Pari Opportunita della Presidenza del Consiglio dei Ministri,Regioni/province Autonome,Regioni/province Autonome,08_2406_rta_08_241015091655_4166---Aggiornamentointegrazioneprotocollooperativoapprovatonelgiugno2008.txt,1
Puglia,,,Giunta Regionale,Regioni/province Autonome,Regioni/province Autonome,16_2406_rta_16_250410170705_4166---protocolloPrefetturaProvinciaTaranto.txt | 16_ex_Convenzione Gioia del Colle.txt,2
Piemonte,,,Giunta Regionale Piemonte,Regioni/province Autonome,Regioni/province Autonome,01_2406_rta_01_240920112211_4166---367772-4-Protocollo_intesa_Completo.txt,1
Toscana,,Toscana,Giunta della Regione Toscana,Regioni/province Autonome,Regioni/province Autonome,09_APUANE_2015 Protocollo Prefettura.txt,1
Valle d'Aosta/Vallée d'Aoste,,,Giunta regionale,Regioni/province Autonome,Regioni/province Autonome,02_2406_rta_02_240904124958_4166---lrn4del25feb2013.txt,1
Lazio,,,MIUR,Regioni/province Autonome,Regioni/province Autonome,12_2406_rta_12_241008095626_4166---Convenzioneconl'UniversitàLASAPIENZARoma.txt,1
Emilia-Romagna,,,Ministero dell'Interno,Regioni/province Autonome,Regioni/province Autonome,08_2406_rta_08_241015091655_4166---Aggiornamentointegrazioneprotocollooperativoapprovatonelgiugno2008.txt,1
Emilia-Romagna,,,Ministero dell'Istruzione,Regioni/province Autonome,Regioni/province Autonome,08_2406_rta_08_241015091655_4166---Aggiornamentointegrazioneprotocollooperativoapprovatonelgiugno2008.txt,1
Emilia-Romagna,,,Ministero della Difesa,Regioni/province Autonome,Regioni/province Autonome,08_2406_rta_08_241015091655_4166---Aggiornamentointegrazioneprotocollooperativoapprovatonelgiugno2008.txt,1
Lazio,,,Ministero della Salute,Regioni/province Autonome,Regioni/province Autonome,12_2406_rta_12_241008095626_4166---Convenzioneconl'UniversitàLASAPIENZARoma.txt,1
Emilia-Romagna,,,Ministero per le Pari Opportunita,Regioni/province Autonome,Regioni/province Autonome,08_2406_rta_08_241015091655_4166---Aggiornamentointegrazioneprotocollooperativoapprovatonelgiugno2008.txt,1
Puglia,,,Osservatorio Regionale,Regioni/province Autonome,Regioni/province Autonome,16_bari_protocollo operativo Gioia del Colle_EMI.txt | 16_bari_protocollo operativo Grumo_EMI.txt,2
Piemonte,,,Presidente della Giunta Regionale Piemonte,Regioni/province Autonome,Regioni/province Autonome,01_2406_rta_01_240920112211_4166---367772-4-Protocollo_intesa_Completo.txt,1
Puglia,,,Presidenza Consiglio Regionale della Puglia,Regioni/province Autonome,Regioni/province Autonome,16_2406_rta_16_250411124608_4166---Prot_CGIL-CISL-CONFINDUSTRIA_CAV.txt | 16_terreg_Prot_CGIL - CISL - CONFINDUSTRIA_CAV.txt,2
Calabria,,,Presidenza del Consiglio dei Ministri - Dipartimento Pari Opportunita,Regioni/province Autonome,Regioni/province Autonome,18_2406_rta_18_240926102706_4166---protocollomondorosa2013.txt,1
Emilia-Romagna,,,Presidenza del Consiglio dei Ministri - Dipartimento per le Pari Opportunita,Regioni/province Autonome,Regioni/province Autonome,08_2406_rta_08_241015092049_4166---PROTOCOLLOD.G.C.FAENZA304-2009.txt,1
Veneto,,,Province Autonome di Trento e Bolzano,Regioni/province Autonome,Regioni/province Autonome,06_2406_rta_06_240916164122_4166---prot_n_0119980_2024_Accordo(firmato).txt,1
Lazio,,,Province autonome di Trento e Bolzano,Regioni/province Autonome,Regioni/province Autonome,12_2406_rta_12_241003105319_4166---PROTOCOLLODIINTES1_2601def-signed-signed.txt,1
Piemonte,,,Province autonome di Trento e di Bolzano,Regioni/province Autonome,Regioni/province Autonome,01_2406_rta_01_240920112211_4166---367772-4-Protocollo_intesa_Completo.txt,1
Lazio,,,Regione,Regioni/province Autonome,Regioni/province Autonome,12_2406_rta_12_241004145108_4166---07-ProtocolloCONilComunediVILLASANTOSTEFANO.txt | 12_2406_rta_12_241004145702_4166---08-ProtocolloComunediFalvaterra.txt | 12_2406_rta_12_241008102339_4166---15-ConvenzionePreepost-Laureauniversitàdell'AQUILA.txt,3
Valle d'Aosta/Vallée d'Aoste,,,Regione,Regioni/province Autonome,Regioni/province Autonome,02_2406_rta_02_240904124958_4166---lrn4del25feb2013.txt,1
Abruzzo,,,Regione Abruzzo,Regioni/province Autonome,Regioni/province Autonome,13_2406_rta_13_241122101453_4166---ProtocollodiRete_AlphaChieti.txt | 13_2406_rta_13_241122101856_4166---Protocollodirete_AlphaGuardiagrele.txt | 13_2406_rta_13_241122102615_4166---PROTOCOLLOD_INTESACOMUNEAQ_donatellatelliniCAV2023.txt | 13_2406_rta_13_241122103901_4166---Protocollirete_ortonaelancianoCAVdonn.ÿ.txt | 13_2406_rta_13_241122104428_4166---Protocollorete_ortonaCAVconsultoriodiocesano.txt | 13_2406_rta_13_241122105540_4166---protocollodirete_vastodonnattiva.txt | 13_2406_rta_13_241122105938_4166---ACCORDOOPERATIVO.txt | 13_2406_rta_13_241122111153_4166---PROTOCOLLOCASTELDISANGROEASL.txt | 13_2406_rta_13_241122115416_4166---PROTOCOLLOPESCARA.txt,9
Abruzzo,,,Regione Abruzzo - Consiglio Regionale,Regioni/province Autonome,Regioni/province Autonome,13_2406_rta_13_241122102615_4166---PROTOCOLLOD_INTESACOMUNEAQ_donatellatelliniCAV2023.txt,1
Sardegna,,,Regione Autonoma della Sardegna (RAS,Regioni/province Autonome,Regioni/province Autonome,20_2406_rta_20_250620094616_4166---Delibera52-22del23.12.2024-Allegato1.txt,1
Basilicata,,,Regione Basilicata,Regioni/province Autonome,Regioni/province Autonome,17_2406_rta_17_250506142731_4166---Tavolodicoordinamentoemonitoraggio30-01-24.txt | 17_2406_rta_17_250506142746_4166---Tavolodicoordinamentoemonitoraggio30-01-24.txt,2
Calabria,,,Regione Calabria,Regioni/province Autonome,Regioni/province Autonome,18_2406_rta_18_240925130829_4166---PROTOCOLLODIINTESA_COMUNEDIMENDICINO.txt | 18_2406_rta_18_240926102259_4166---Protocollod’intesaperlaprotezioneel’assistenzadellevittimediviolenzadigenererichiedentiasilo.txt | 18_2406_rta_18_240926102333_4166---accordodiretecentroaiutodonna.txt | 18_2406_rta_18_240926102407_4166---ProtocollointesaAISM_CentroLanzino_ReteREDCALABRIA_firmadigitale.txt | 18_2406_rta_18_240926102419_4166---protocollodiintesaterritorialeunito.txt | 18_2406_rta_18_240926102620_4166---protocollopercorsorosa.txt | 18_2406_rta_18_240926102931_4166---PROT.2403-24.txt | 18_2406_rta_18_240926102943_4166---schemaAccordoCollaborazione499ARIEL_signed.txt | 18_2406_rta_18_240926103211_4166---PROTOCOLLOviolasottoscritto.txt,9
Calabria,,,"Regione Calabria - Ass.to al Lavoro, Formazione Professionale e Politiche Sociali",Regioni/province Autonome,Regioni/province Autonome,18_2406_rta_18_240926102706_4166---protocollomondorosa2013.txt,1
Calabria,,,Regione Calabria - Dipartimento Lavoro e Welfare,Regioni/province Autonome,Regioni/province Autonome,18_2406_rta_18_240926102259_4166---Protocollod’intesaperlaprotezioneel’assistenzadellevittimediviolenzadigenererichiedentiasilo.txt,1
Calabria,,,"Regione Calabria Settore 2 - Welfare, immigrazione, nuove marginalita e inclusione sociale, Contrasto alla poverta, Famiglia e Servizi educativi, Terzo settore, Volontariato e Servizio Civile",Regioni/province Autonome,Regioni/province Autonome,18_2406_rta_18_240926102317_4166---PROTOCOLLOISTITUTOSUP.NOSTRO-REPACI.txt,1
Emilia-Romagna,,,Regione Emilia - Romagna,Regioni/province Autonome,Regioni/province Autonome,08_2406_rta_08_241015091500_4166---Protocollo_autonomia_lavorativa_def.txt,1
Emilia-Romagna,,,Regione Emilia-Romagna,Regioni/province Autonome,Regioni/province Autonome,08_2406_rta_08_241015091310_4166---Accordo_Contrasto_alla_violenza_CittMtrBO.txt | 08_2406_rta_08_241015091330_4166---Protocollo_intesa_autonomia_abitativa_donne_vittime_di_violenza_CittMtrBO.txt | 08_2406_rta_08_241015091553_4166---Protocollosullaviolenzadigenere_confirme_prot.txt | 08_2406_rta_08_241015091748_4166---ProtocolloProvincialeCaserifugio2023.2025.txt | 08_2406_rta_08_241015091832_4166---P.G.111546-2023PROTOCOLLOOPERATIVOFENOMENOVIOLENZADONNE(1).txt | 08_2406_rta_08_241015092049_4166---PROTOCOLLOD.G.C.FAENZA304-2009.txt,6
Veneto,,,Regione Friuli Venezia Giulia,Regioni/province Autonome,Regioni/province Autonome,06_2406_rta_06_240916164102_4166---protocollopordenoneprefettura.txt,1
Lazio,,,Regione Lazio,Regioni/province Autonome,Regioni/province Autonome,12_2406_rta_12_240926113237_4166---Accordocavunuiversitari.txt | 12_2406_rta_12_240926122148_4166---2024.1153010-AccordotralepartiPonteDonna–UnderdogSocialClubCAVMarielleFranco-2(1).txt | 12_2406_rta_12_240926123509_4166---2024.1153010-ACCORDOtraAPSPonteDonnaeAPSMammeFuoriCAVMarielleFranco-10-11(1).txt | 12_2406_rta_12_240926134140_4166---Protocollointesa.txt | 12_2406_rta_12_241001130527_4166---protocollocontrolaviolenzadigenere.pdfpdf.txt | 12_2406_rta_12_241002111710_4166---6protCAVSAPIENZA-SAPIENZAINMOVIMENTO.txt | 12_2406_rta_12_241002130504_4166---3Protocollid'intesa-TavoloInteristituzionaletraUfficiGiudiziaricompetentinelcircondariodiRomaavvocaturaecentriantiviolenza(1).txt | 12_2406_rta_12_241003094302_4166---4VerbaleIncontroGiorgieLaGinestra-PROTOCOLLO.txt | 12_2406_rta_12_241003101925_4166---ProtocolloFormazioneObiettivoUomo.txt | 12_2406_rta_12_241003105855_4166---ProtocollodiintesafirmatoASL1.txt | 12_2406_rta_12_241003115345_4166---1.PROTOCOLLOTAVOLOINTERISTITUZIONALE.txt | 12_2406_rta_12_241003121816_4166---Copiadi1.PROTOCOLLOTAVOLOINTERISTITUZIONALE.txt | 12_2406_rta_12_241004112805_4166---protocollod'intesa.txt | 12_2406_rta_12_241004114912_4166---ProtocolloRetePrantiviolenzaFrosinone.txt | 12_2406_rta_12_241004130514_4166---PROTOCOLLODIINTESAPERLAPROMOZIONEDISTRATEGIECONDIVISESULFENOMENODELLAVIOLENZADIGENERE(1).txt | 12_2406_rta_12_241004133706_4166---ProtocollodiretePREFETTURAFrosinone(1).txt | 12_2406_rta_12_241004134724_4166---02-ProtocolloconlaProvinciadiFrosinone.txt | 12_2406_rta_12_241004135803_4166---03-ConvenzioneTribunaleOrdinariodiFrosinone.txt | 12_2406_rta_12_241004141331_4166---ConvenzioneconilComunediCECCANO.txt | 12_2406_rta_12_241007224201_4166---ProtocolloConilComunediARCE.txt | 12_2406_rta_12_241009125640_4166---7.accordo.txt,21
Liguria,,,Regione Liguria,Regioni/province Autonome,Regioni/province Autonome,07_2406_rta_07_240916163905_4166---PROTOCOLLOFIRMATO(002).txt | 07_2406_rta_07_240916163956_4166---DGR477_2022_Protocollo.txt,2
Lombardia,,,Regione Lombardia,Regioni/province Autonome,Regioni/province Autonome,"03_2406_rta_03_240918151606_4166---A_RetePavia_Protocollo2021_e_Integrazioni2023_firmato_compressed.txt | 03_2406_rta_03_240918153240_4166---Protocollod'intesaperl'IstituzionediunSistemaTerritorialeAntiviolenzainReteconAddendumSindacati.txt | 03_2406_rta_03_240918153252_4166---Protocollo+Appendice+LineeGuida_Datatodafirmare.txt | 03_2406_rta_03_240923111659_4166---ProtocolloantiviolenzaComunediLodi_scansioneconfirme_maggio2014.txt | 03_2406_rta_03_240923163715_4166---PROTOCOLLOD'INTESA2017_2020.txt | 03_2406_rta_03_240923164603_4166---ProtocolloreteantiviolenzaBusto,Gallarate,Saronno,SommaLombardo-2024.txt | 03_2406_rta_03_240925150245_4166---ProtocolloReteARIAPalazzolo.txt | 03_2406_rta_03_240926122051_4166---Protocollomonz.txt | 03_2406_rta_03_240926122707_4166---ProtocolloReteAntiviolenzaconfirme.txt | 03_2406_rta_03_240926123135_4166---ProtocollodiRete.txt",10
Marche,,,Regione Marche,Regioni/province Autonome,Regioni/province Autonome,11_2406_rta_11_240911113105_4166---PROTOCOLLO_OPERATIVO2024_CONINDIRIZZARIO_FIRMATO.txt | 11_2406_rta_11_240911113235_4166---MacerataProtocollo2019_2022Firmato.txt | 11_2406_rta_11_240911113911_4166---AscoliPPROTOCOLLOoperativo_2019_2021.txt,3
Piemonte,,,Regione Piemonte,Regioni/province Autonome,Regioni/province Autonome,01_2406_rta_01_240904110730_4166---protocollocontuttelefirme(1).txt | 01_2406_rta_01_240904120005_4166---protocollo.txt | 01_2406_rta_01_240904121349_4166---convenzione.txt | 01_2406_rta_01_240904162242_4166---CONVENZIONETRAASLTO3ESVOLTADONNA.txt | 01_2406_rta_01_240909103717_4166---PROTOCOLLORETEANTIVIOLENZASVOLTADONNA.txt | 01_2406_rta_01_240909110828_4166---PROTOCOLLOHELP.txt | 01_2406_rta_01_240920112211_4166---367772-4-Protocollo_intesa_Completo.txt | 01_2406_rta_01_241003124847_4166---2024-8928-2perinvio.txt | 01_2406_rta_01_241018134519_4166---Protocollooperativointeristituzionaleviolenzadigenere2023-2026def.txt | 01_2406_rta_01_241018142804_4166---ConvenzioneASL-Prontosoccorsoceva.txt,10
Piemonte,,,"Regione Piemonte, Direzione Sanita e Welfare",Regioni/province Autonome,Regioni/province Autonome,01_2406_rta_01_241002150739_4166---DeliberaCostituzioneOsservatorioSaluteDonne.txt,1
Puglia,,,Regione Puglia,Regioni/province Autonome,Regioni/province Autonome,16_2406_rta_16_250312150114_4166---ProtocolloGioiadelColle_ATS_Retelocale.txt | 16_2406_rta_16_250409123532_4166---protocollooperativoTriggiano_reteantiviolenza.pdf.txt | 16_2406_rta_16_250409145030_4166---protollodiintesaPutignano_reteantiviolenza.txt | 16_2406_rta_16_250409164629_4166---convenzioneCAV-ASLBT.txt | 16_2406_rta_16_250409174252_4166---Protocollo_Intesa_LARA.txt | 16_2406_rta_16_250410170705_4166---protocolloPrefetturaProvinciaTaranto.txt | 16_2406_rta_16_250410172220_4166---protocollod'intesaCAVGinosasottoscritto.txt | 16_bari_Protocollo Gioia del Colle_ATS_Rete locale.txt | 16_bat_convenzione CAV - ASL BT.txt | 16_brindisi_Protocollo_Intesa_LARA.txt | 16_ex_Convenzione Ginosa.txt | 16_ex_Convenzione Gioia del Colle.txt | 16_ex_Convenzione Grumo Appula.txt | 16_ex_Convenzione Triggiano.txt | 16_lecce_Protocollo Operativo - Procedure integrate per la prevenzione e il contrasto alla violenza contro donne e minori - Copia_Marcato.txt | 16_taranto_protocollo Prefettura ProvinciaTaranto.txt | 16_taranto_protocollo d'intesa CAVGinosa sottoscritto.txt,17
Toscana,,Toscana,Regione Toscana,Regioni/province Autonome,Regioni/province Autonome,09_APUANE_2015 Protocollo Prefettura.txt | 09_FIRENZE Linee-di-indirizzo2024.txt | 09_GROSSETO 2022 fpdf.txt | 09_LIVORNO Protocollo_ RETE ANTIVIOLENZA_ LIVORNO.txt | 09_PISA PREF E PROV.txt | 09_PRATO PREF.txt,6
Toscana,Firenze,Firenze,Regione Toscana,Regioni/province Autonome,Regioni/province Autonome,09_SENESE Delibera-n.1196-del-24-10-2022-allegato-a_SENESE_2.txt,1
Umbria,,,Regione Umbria,Regioni/province Autonome,Regioni/province Autonome,10_2406_rta_10_250506141901_4166---ProtocollounicoregionaleRINNOVATO.txt,1
Trento,,,Regione del Veneto,Regioni/province Autonome,Regioni/province Autonome,05_2406_rta_05_240916173648_4166---ULSS5Polesana_Protocollodirete.txt | 05_2406_rta_05_240917141534_4166---protocollodiretefirmato.txt | 05_2406_rta_05_240918144304_4166---Protocollo_ULSS2-DistrettoTreviso.txt | 05_2406_rta_05_240918153458_4166---protocolloprovPadova.txt | 05_2406_rta_05_240919114041_4166---protocollounicorevisionato2024.txt | 05_2406_rta_05_240919122126_4166---PROTOCOLLOULSS8BERICA.txt | 05_2406_rta_05_240919124736_4166---Protocollo_per_contrasto_alla_violenza_di_genere.stamped.txt,7
Lazio,,,Regioni,Regioni/province Autonome,Regioni/province Autonome,12_2406_rta_12_241003104626_4166---PROTOCOLLODIINTESAMUNICIPIOXV.txt | 12_2406_rta_12_241003105319_4166---PROTOCOLLODIINTES1_2601def-signed-signed.txt | 12_2406_rta_12_241004135803_4166---03-ConvenzioneTribunaleOrdinariodiFrosinone.txt | 12_2406_rta_12_241008103001_4166---16-Convenzioneconl'UniversitàECAMPUS.txt,4
Veneto,,,Regioni,Regioni/province Autonome,Regioni/province Autonome,06_2406_rta_06_240916164122_4166---prot_n_0119980_2024_Accordo(firmato).txt,1
Emilia-Romagna,,,SERVIZIO SANITARIO REGIONALE EMILIA-ROMAGNA,Regioni/province Autonome,Regioni/province Autonome,08_2406_rta_08_241015091832_4166---P.G.111546-2023PROTOCOLLOOPERATIVOFENOMENOVIOLENZADONNE(1).txt,1
Emilia-Romagna,,,Ufficio di Statistica della Regione Emilia Romagna,Regioni/province Autonome,Regioni/province Autonome,08_2406_rta_08_241015091832_4166---P.G.111546-2023PROTOCOLLOOPERATIVOFENOMENOVIOLENZADONNE(1).txt,1
Calabria,,,settore regionale delle politiche sociali,Regioni/province Autonome,Regioni/province Autonome,18_2406_rta_18_240925130829_4166---PROTOCOLLODIINTESA_COMUNEDIMENDICINO.txt,1
Lazio,Frosinone,Arce,AMMINISTRAZIONE LOCALE DI ARCE,Comuni,Servizi comunali,12_2406_rta_12_241007224201_4166---ProtocolloConilComunediARCE.txt,1
Lazio,Frosinone,Colfelice,AMMINISTRAZIONE LOCALE DI COLFELICE,Comuni,Servizi comunali,12_2406_rta_12_241007225239_4166---10-ProtocolloconilComunediCOLFELICE.txt,1
Lazio,Frosinone,Pastena,AMMINISTRAZIONE LOCALE DI PASTENA,Comuni,Servizi comunali,12_2406_rta_12_241007235530_4166---ProtocolloconilComunediPastena.txt,1
Lazio,Frosinone,Vallecorsa,AMMINISTRAZIONE LOCALE DI VALLECORSA,Comuni,Servizi comunali,12_2406_rta_12_241004144338_4166---06-ProtocolloComunediVALLECORSA.txt,1
Lazio,Frosinone,Villa Santo Stefano,AMMINISTRAZIONE LOCALE DI VILLA SANTO STEFANO,Comuni,Servizi comunali,12_2406_rta_12_241004145108_4166---07-ProtocolloCONilComunediVILLASANTOSTEFANO.txt,1
Lombardia,Varese,Albizzate,Albizzate,Comuni,Servizi comunali,"03_2406_rta_03_240923164603_4166---ProtocolloreteantiviolenzaBusto,Gallarate,Saronno,SommaLombardo-2024.txt",1
Abruzzo,Chieti,Lanciano,Amministrazione Comunale di Lanciano,Comuni,Servizi comunali,13_2406_rta_13_241122104842_4166---Protocollodirete_DAFNE.txt,1
Lazio,Frosinone,Falvaterra,Amministrazione Locale di Falvaterra,Comuni,Servizi comunali,12_2406_rta_12_241004145702_4166---08-ProtocolloComunediFalvaterra.txt,1
Lazio,,,Amministrazioni Civiche dei Comuni,Comuni,Servizi comunali,12_2406_rta_12_241004144338_4166---06-ProtocolloComunediVALLECORSA.txt | 12_2406_rta_12_241007235530_4166---ProtocolloconilComunediPastena.txt,2
Lazio,,,Amministrazioni Locali,Comuni,Servizi comunali,12_2406_rta_12_241004145108_4166---07-ProtocolloCONilComunediVILLASANTOSTEFANO.txt | 12_2406_rta_12_241004145702_4166---08-ProtocolloComunediFalvaterra.txt,2
Lombardia,Varese,Arsago Seprio,Arsago Seprio,Comuni,Servizi comunali,"03_2406_rta_03_240923164603_4166---ProtocolloreteantiviolenzaBusto,Gallarate,Saronno,SommaLombardo-2024.txt",1
Lombardia,Varese,Besnate,Besnate,Comuni,Servizi comunali,"03_2406_rta_03_240923164603_4166---ProtocolloreteantiviolenzaBusto,Gallarate,Saronno,SommaLombardo-2024.txt",1
Piemonte,Novara,Arona,COMUNE DI ARONA,Comuni,Servizi comunali,01_2406_rta_01_240904150044_4166---Protocollocav-irene2022-2025.txt,1
Lombardia,Monza e della Brianza,Brugherio,COMUNE DI BRUGHERIO,Comuni,Servizi comunali,03_2406_rta_03_240926122051_4166---Protocollomonz.txt,1
Lombardia,Monza e della Brianza,Monza,COMUNE DI MONZA,Comuni,Servizi comunali,03_2406_rta_03_240926122051_4166---Protocollomonz.txt,1
Lombardia,Monza e della Brianza,Villasanta,COMUNE DI VILLASANTA,Comuni,Servizi comunali,03_2406_rta_03_240926122051_4166---Protocollomonz.txt,1
Lombardia,Varese,Cairate,Cairate,Comuni,Servizi comunali,"03_2406_rta_03_240923164603_4166---ProtocolloreteantiviolenzaBusto,Gallarate,Saronno,SommaLombardo-2024.txt",1
Lombardia,Varese,Cardano al Campo,Cardano al Campo,Comuni,Servizi comunali,"03_2406_rta_03_240923164603_4166---ProtocolloreteantiviolenzaBusto,Gallarate,Saronno,SommaLombardo-2024.txt",1
Lombardia,Varese,Caronno Pertusella,Caronno Pertusella,Comuni,Servizi comunali,"03_2406_rta_03_240923164603_4166---ProtocolloreteantiviolenzaBusto,Gallarate,Saronno,SommaLombardo-2024.txt",1
Lombardia,Varese,Casorate Sempione,Casorate Sempione,Comuni,Servizi comunali,"03_2406_rta_03_240923164603_4166---ProtocolloreteantiviolenzaBusto,Gallarate,Saronno,SommaLombardo-2024.txt",1
Lombardia,Varese,Cassano Magnago,Cassano Magnago,Comuni,Servizi comunali,"03_2406_rta_03_240923164603_4166---ProtocolloreteantiviolenzaBusto,Gallarate,Saronno,SommaLombardo-2024.txt",1
Lombardia,Varese,Cislago,Cislago,Comuni,Servizi comunali,"03_2406_rta_03_240923164603_4166---ProtocolloreteantiviolenzaBusto,Gallarate,Saronno,SommaLombardo-2024.txt",1
Piemonte,Biella,Biella,Città di Biella,Comuni,Servizi comunali,01_2406_rta_01_240904122512_4166---accordoSFD.txt,1
Emilia-Romagna,Modena,Castelfranco Emilia,Città di Castelfranco Emilia,Comuni,Servizi comunali,08_2406_rta_08_241015091725_4166---Protoc-Prefett-2017.txt,1
Piemonte,Torino,Torino,Città di Torino,Comuni,Servizi comunali,01_2406_rta_01_241002150739_4166---DeliberaCostituzioneOsservatorioSaluteDonne.txt | 01_2406_rta_01_241003113501_4166---CCVD1deliberaprotocolloccvd-2024eall1prot.txt,2
Calabria,,,Comune,Comuni,Servizi comunali,18_2406_rta_18_240926102931_4166---PROT.2403-24.txt,1
Lazio,Frosinone,Piglio,Comune,Comuni,Servizi comunali,12_2406_rta_12_240926113237_4166---Accordocavunuiversitari.txt | 12_2406_rta_12_241004094402_4166---7ProtCAVPAOLALATTESAPSedIlComitatodiQuartiere“ComprensorioPratolungo(1).txt,2
Basilicata,Potenza,Paterno,Comune Paterno,Comuni,Servizi comunali,18_2406_rta_18_240926103211_4166---PROTOCOLLOviolasottoscritto.txt,1
Abruzzo,,Aquila,Comune dell'Aquila,Comuni,Servizi comunali,13_2406_rta_13_241122102615_4166---PROTOCOLLOD_INTESACOMUNEAQ_donatellatelliniCAV2023.txt,1
Lombardia,Milano,Abbiategrasso,Comune di Abbiategrasso,Comuni,Servizi comunali,03_2406_rta_03_240920120751_4166---protocollodiintesa.txt,1
Toscana,,Abetone,Comune di Abetone,Comuni,Servizi comunali,09_PISTOIA PROV .txt,1
Puglia,Bari,Acquaviva delle Fonti,Comune di Acquaviva delle Fonti,Comuni,Servizi comunali,16_2406_rta_16_250312164250_4166---protocollooperativoGrumo_EMI.txt | 16_bari_protocollo operativo Grumo_EMI.txt | 16_ex_Convenzione Grumo Appula.txt,3
Puglia,Bari,Adelfia,Comune di Adelfia,Comuni,Servizi comunali,16_ex_Convenzione Triggiano.txt,1
Veneto,Rovigo,Adria,Comune di Adria,Comuni,Servizi comunali,05_2406_rta_05_240916173648_4166---ULSS5Polesana_Protocollodirete.txt,1
Lombardia,Brescia,Adro,Comune di Adro,Comuni,Servizi comunali,03_2406_rta_03_240925150245_4166---ProtocolloReteARIAPalazzolo.txt,1
Toscana,Pistoia,Agliana,Comune di Agliana,Comuni,Servizi comunali,09_PISTOIA PROV .txt,1
Piemonte,Cuneo,Alba,Comune di Alba,Comuni,Servizi comunali,01_2406_rta_01_240904110730_4166---protocollocontuttelefirme(1).txt,1
Abruzzo,Teramo,Alba Adriatica,Comune di Alba Adriatica,Comuni,Servizi comunali,13_2406_rta_13_241122103653_4166---protocollodirete_cavlafenice_provinciateramo.txt,1
Puglia,Bari,Alberobello,Comune di Alberobello,Comuni,Servizi comunali,16_2406_rta_16_250407164310_4166---protocollooperativoPutignano_EMI.txt | 16_2406_rta_16_250409145030_4166---protollodiintesaPutignano_reteantiviolenza.txt | 16_bari_protocollo operativo Putignano_EMI.txt | 16_bari_protollo di intesa Putignano_rete antiviolenza.txt,4
Abruzzo,L'Aquila,Alfedena,Comune di Alfedena,Comuni,Servizi comunali,13_2406_rta_13_241122111153_4166---PROTOCOLLOCASTELDISANGROEASL.txt,1
Emilia-Romagna,Bologna,Alto Reno Terme,Comune di Alto Reno Terme,Comuni,Servizi comunali,08_2406_rta_08_241015091330_4166---Protocollo_intesa_autonomia_abitativa_donne_vittime_di_violenza_CittMtrBO.txt,1
Lombardia,Bergamo,Ambivere,Comune di Ambivere,Comuni,Servizi comunali,03_2406_rta_03_240924144947_4166---Protocollod'IntesaReteAntiviolenzaIsolaBergamascaeBassaValSanMartino2024.txt,1
Marche,Ancona,Ancona,Comune di Ancona,Comuni,Servizi comunali,11_2406_rta_11_240911113105_4166---PROTOCOLLO_OPERATIVO2024_CONINDIRIZZARIO_FIRMATO.txt,1
Puglia,Barletta-Andria-Trani,Andria,Comune di Andria,Comuni,Servizi comunali,16_2406_rta_16_250409164629_4166---convenzioneCAV-ASLBT.txt | 16_bat_convenzione CAV - ASL BT.txt,2
Veneto,Venezia,Annone Veneto,Comune di Annone Veneto,Comuni,Servizi comunali,05_2406_rta_05_240916135305_4166---protocolloulss4.txt,1
Emilia-Romagna,Bologna,Anzola dell'Emilia,Comune di Anzola dell'Emilia,Comuni,Servizi comunali,08_2406_rta_08_241015091330_4166---Protocollo_intesa_autonomia_abitativa_donne_vittime_di_violenza_CittMtrBO.txt,1
Lombardia,Milano,Arese,Comune di Arese,Comuni,Servizi comunali,03_2406_rta_03_240926144324_4166---Protocollodiintesa.txt,1
Toscana,Arezzo,Arezzo,Comune di Arezzo,Comuni,Servizi comunali,09_AREZZO Prot_2024-2026.txt,1
Emilia-Romagna,Bologna,Argelato,Comune di Argelato,Comuni,Servizi comunali,08_2406_rta_08_241015091330_4166---Protocollo_intesa_autonomia_abitativa_donne_vittime_di_violenza_CittMtrBO.txt,1
Veneto,Vicenza,Arzignano,Comune di Arzignano,Comuni,Servizi comunali,05_2406_rta_05_240919122126_4166---PROTOCOLLOULSS8BERICA.txt,1
Marche,Ascoli Piceno,Ascoli Piceno,Comune di Ascoli Piceno,Comuni,Servizi comunali,11_2406_rta_11_240911113911_4166---AscoliPPROTOCOLLOoperativo_2019_2021.txt,1
Veneto,Treviso,Asolo,Comune di Asolo,Comuni,Servizi comunali,05_2406_rta_05_240917141534_4166---protocollodiretefirmato.txt,1
Lombardia,Milano,Assago,Comune di Assago,Comuni,Servizi comunali,03_2406_rta_03_240926122707_4166---ProtocolloReteAntiviolenzaconfirme.txt,1
Umbria,Perugia,Assisi,Comune di Assisi,Comuni,Servizi comunali,10_2406_rta_10_250506141901_4166---ProtocollounicoregionaleRINNOVATO.txt,1
Abruzzo,Teramo,Atri,Comune di Atri,Comuni,Servizi comunali,13_2406_rta_13_241122103653_4166---protocollodirete_cavlafenice_provinciateramo.txt,1
Friuli-Venezia Giulia,Pordenone,Azzano Decimo,Comune di Azzano Decimo,Comuni,Servizi comunali,06_2406_rta_06_240916164102_4166---protocollopordenoneprefettura.txt,1
Lombardia,Brescia,Azzano Mella,Comune di Azzano Mella,Comuni,Servizi comunali,03_2406_rta_03_240923101524_4166---PROTOCOLLO_DI_INTESA_versione_DEFINITIVA2021.stamped.txt,1
Lombardia,Milano,Baranzate,Comune di Baranzate,Comuni,Servizi comunali,03_2406_rta_03_240926144324_4166---Protocollodiintesa.txt,1
Lombardia,Brescia,Barbariga,Comune di Barbariga,Comuni,Servizi comunali,03_2406_rta_03_240925150245_4166---ProtocolloReteARIAPalazzolo.txt,1
Toscana,,Barberino del Mugello,Comune di Barberino del Mugello,Comuni,Servizi comunali,09_FIRENZE Linee-di-indirizzo2024.txt,1
Lombardia,Milano,Bareggio,Comune di Bareggio,Comuni,Servizi comunali,03_2406_rta_03_240920120751_4166---protocollodiintesa.txt,1
Puglia,Bari,Bari,Comune di Bari,Comuni,Servizi comunali,16_2406_rta_16_250312150114_4166---ProtocolloGioiadelColle_ATS_Retelocale.txt | 16_2406_rta_16_250409145030_4166---protollodiintesaPutignano_reteantiviolenza.txt | 16_bari_Protocollo Gioia del Colle_ATS_Rete locale.txt,3
Emilia-Romagna,Bologna,Baricella,Comune di Baricella,Comuni,Servizi comunali,08_2406_rta_08_241015091330_4166---Protocollo_intesa_autonomia_abitativa_donne_vittime_di_violenza_CittMtrBO.txt,1
Puglia,Barletta-Andria-Trani,Barletta,Comune di Barletta,Comuni,Servizi comunali,16_2406_rta_16_250409164629_4166---convenzioneCAV-ASLBT.txt | 16_bat_convenzione CAV - ASL BT.txt,2
Abruzzo,L'Aquila,Barrea,Comune di Barrea,Comuni,Servizi comunali,13_2406_rta_13_241122111153_4166---PROTOCOLLOCASTELDISANGROEASL.txt,1
Abruzzo,Teramo,Basciano,Comune di Basciano,Comuni,Servizi comunali,13_2406_rta_13_241122103653_4166---protocollodirete_cavlafenice_provinciateramo.txt,1
Lombardia,Milano,Basiglio,Comune di Basiglio,Comuni,Servizi comunali,03_2406_rta_03_240926122707_4166---ProtocolloReteAntiviolenzaconfirme.txt,1
Lazio,Viterbo,Bassano Romano,Comune di Bassano Romano,Comuni,Servizi comunali,12_2406_rta_12_240926112734_4166---3AccordoDistrettoVT4ePontedonna-signed(1).txt,1
Veneto,Vicenza,Bassano del Grappa,Comune di Bassano del Grappa,Comuni,Servizi comunali,05_2406_rta_05_240919114041_4166---protocollounicorevisionato2024.txt,1
Lombardia,Milano,Bellinzago lombardo,Comune di Bellinzago lombardo,Comuni,Servizi comunali,03_2406_rta_03_240923113114_4166---ProtocolloReteAddaMartesanasottoscritto.txt,1
Emilia-Romagna,Bologna,Bentivoglio,Comune di Bentivoglio,Comuni,Servizi comunali,08_2406_rta_08_241015091330_4166---Protocollo_intesa_autonomia_abitativa_donne_vittime_di_violenza_CittMtrBO.txt,1
Lombardia,Brescia,Berlingo,Comune di Berlingo,Comuni,Servizi comunali,03_2406_rta_03_240923101524_4166---PROTOCOLLO_DI_INTESA_versione_DEFINITIVA2021.stamped.txt,1
Piemonte,Biella,Biella,Comune di Biella,Comuni,Servizi comunali,01_2406_rta_01_240904122512_4166---accordoSFD.txt,1
Toscana,Pisa,Bientina,Comune di Bientina,Comuni,Servizi comunali,09_PISA PREF E PROV.txt,1
Lombardia,Milano,Binasco,Comune di Binasco,Comuni,Servizi comunali,03_2406_rta_03_240926122707_4166---ProtocolloReteAntiviolenzaconfirme.txt,1
Puglia,Bari,Binetto,Comune di Binetto,Comuni,Servizi comunali,16_2406_rta_16_250312164250_4166---protocollooperativoGrumo_EMI.txt | 16_bari_protocollo operativo Grumo_EMI.txt | 16_ex_Convenzione Grumo Appula.txt,3
Puglia,Barletta-Andria-Trani,Bisceglie,Comune di Bisceglie,Comuni,Servizi comunali,16_bat_convenzione CAV - ASL BT.txt,1
Lazio,Viterbo,Blera,Comune di Blera,Comuni,Servizi comunali,12_2406_rta_12_240926112734_4166---3AccordoDistrettoVT4ePontedonna-signed(1).txt,1
Lombardia,Milano,Bollate,Comune di Bollate,Comuni,Servizi comunali,03_2406_rta_03_240926144324_4166---Protocollodiintesa.txt,1
Emilia-Romagna,Bologna,Bologna,Comune di Bologna,Comuni,Servizi comunali,08_2406_rta_08_241015091310_4166---Accordo_Contrasto_alla_violenza_CittMtrBO.txt | 08_2406_rta_08_241015091330_4166---Protocollo_intesa_autonomia_abitativa_donne_vittime_di_violenza_CittMtrBO.txt | 08_2406_rta_08_241015091500_4166---Protocollo_autonomia_lavorativa_def.txt,5
Lombardia,Bergamo,Bonate Sopra,Comune di Bonate Sopra,Comuni,Servizi comunali,03_2406_rta_03_240924144947_4166---Protocollod'IntesaReteAntiviolenzaIsolaBergamascaeBassaValSanMartino2024.txt,1
Lombardia,Bergamo,Bonate Sotto,Comune di Bonate Sotto,Comuni,Servizi comunali,03_2406_rta_03_240924144947_4166---Protocollod'IntesaReteAntiviolenzaIsolaBergamascaeBassaValSanMartino2024.txt,1
Calabria,Catanzaro,Borgia,Comune di Borgia,Comuni,Servizi comunali,18_2406_rta_18_240926102407_4166---ProtocollointesaAISM_CentroLanzino_ReteREDCALABRIA_firmadigitale.txt | 18_2406_rta_18_240926102528_4166---PROTOCOLLOAISM_PICCOLAOPERA_firma.txt,2
Lombardia,Brescia,Borgo San Giacomo,Comune di Borgo San Giacomo,Comuni,Servizi comunali,03_2406_rta_03_240925150245_4166---ProtocolloReteARIAPalazzolo.txt,1
Toscana,Firenze,Borgo San Lorenzo,Comune di Borgo San Lorenzo,Comuni,Servizi comunali,09_FIRENZE Linee-di-indirizzo2024.txt,1
Emilia-Romagna,Bologna,Borgo Tossignano,Comune di Borgo Tossignano,Comuni,Servizi comunali,08_2406_rta_08_241015091330_4166---Protocollo_intesa_autonomia_abitativa_donne_vittime_di_violenza_CittMtrBO.txt,1
Lombardia,Brescia,Borgosatollo,Comune di Borgosatollo,Comuni,Servizi comunali,03_2406_rta_03_240923101524_4166---PROTOCOLLO_DI_INTESA_versione_DEFINITIVA2021.stamped.txt,1
Lombardia,Bergamo,Bottanuco,Comune di Bottanuco,Comuni,Servizi comunali,03_2406_rta_03_240924144947_4166---Protocollod'IntesaReteAntiviolenzaIsolaBergamascaeBassaValSanMartino2024.txt,1
Lombardia,Brescia,Botticino,Comune di Botticino,Comuni,Servizi comunali,03_2406_rta_03_240923101524_4166---PROTOCOLLO_DI_INTESA_versione_DEFINITIVA2021.stamped.txt,1
Lombardia,Brescia,Bovegno,Comune di Bovegno,Comuni,Servizi comunali,03_2406_rta_03_240923171949_4166---PROTOCOLLOD'INTESARETETERRITORIALEANTIVIOLENZAVALLETROMPIA2024.txt,1
Lombardia,Brescia,Bovezzo,Comune di Bovezzo,Comuni,Servizi comunali,03_2406_rta_03_240923171949_4166---PROTOCOLLOD'INTESARETETERRITORIALEANTIVIOLENZAVALLETROMPIA2024.txt,1
Piemonte,Cuneo,Bra,Comune di Bra,Comuni,Servizi comunali,01_2406_rta_01_240904110730_4166---protocollocontuttelefirme(1).txt,1
Piemonte,Cuneo,Bra,"Comune di Bra - gestione associata dei Servizi Socio Assistenziali, ambito di Bra",Comuni,Servizi comunali,01_2406_rta_01_240920112211_4166---367772-4-Protocollo_intesa_Completo.txt,1
Lombardia,Brescia,Brandico,Comune di Brandico,Comuni,Servizi comunali,03_2406_rta_03_240925150245_4166---ProtocolloReteARIAPalazzolo.txt,1
Lombardia,Bergamo,Brembate,Comune di Brembate,Comuni,Servizi comunali,03_2406_rta_03_240924144947_4166---Protocollod'IntesaReteAntiviolenzaIsolaBergamascaeBassaValSanMartino2024.txt,1
Lombardia,Bergamo,Brembate di Sopra,Comune di Brembate di Sopra,Comuni,Servizi comunali,03_2406_rta_03_240924144947_4166---Protocollod'IntesaReteAntiviolenzaIsolaBergamascaeBassaValSanMartino2024.txt,1
Lombardia,Brescia,Brescia,Comune di Brescia,Comuni,Servizi comunali,03_2406_rta_03_240923101524_4166---PROTOCOLLO_DI_INTESA_versione_DEFINITIVA2021.stamped.txt | 03_2406_rta_03_240926123135_4166---ProtocollodiRete.txt,2
Lombardia,Milano,Bresso,Comune di Bresso,Comuni,Servizi comunali,03_2406_rta_03_240923103647_4166---protocolloreteantiviolenzacinisello2019(1).txt,1
Lombardia,Brescia,Brione,Comune di Brione,Comuni,Servizi comunali,03_2406_rta_03_240923171949_4166---PROTOCOLLOD'INTESARETETERRITORIALEANTIVIOLENZAVALLETROMPIA2024.txt,1
Emilia-Romagna,Ravenna,Brisighella,Comune di Brisighella,Comuni,Servizi comunali,08_2406_rta_08_241015092049_4166---PROTOCOLLOD.G.C.FAENZA304-2009.txt,1
Lombardia,Pavia,Broni,Comune di Broni,Comuni,Servizi comunali,03_2406_rta_03_240918151606_4166---A_RetePavia_Protocollo2021_e_Integrazioni2023_firmato_compressed.txt,1
Lombardia,Milano,Buccinasco,Comune di Buccinasco,Comuni,Servizi comunali,03_2406_rta_03_240926122707_4166---ProtocolloReteAntiviolenzaconfirme.txt,1
Emilia-Romagna,Bologna,Budrio,Comune di Budrio,Comuni,Servizi comunali,08_2406_rta_08_241015091330_4166---Protocollo_intesa_autonomia_abitativa_donne_vittime_di_violenza_CittMtrBO.txt,1
Toscana,Pistoia,Buggiano,Comune di Buggiano,Comuni,Servizi comunali,09_PISTOIA PROV .txt,1
Lombardia,Milano,Bussero,Comune di Bussero,Comuni,Servizi comunali,03_2406_rta_03_240923113114_4166---ProtocolloReteAddaMartesanasottoscritto.txt,1
Lombardia,Varese,Busto Arsizio,Comune di Busto Arsizio,Comuni,Servizi comunali,"03_2406_rta_03_240923164603_4166---ProtocolloreteantiviolenzaBusto,Gallarate,Saronno,SommaLombardo-2024.txt",1
Lombardia,Milano,Busto Garolfo,Comune di Busto Garolfo,Comuni,Servizi comunali,03_2406_rta_03_240920120751_4166---protocollodiintesa.txt,1
Toscana,Pisa,Buti,Comune di Buti,Comuni,Servizi comunali,09_PISA PREF E PROV.txt,1
Marche,Pesaro e Urbino,Cagli,Comune di Cagli,Comuni,Servizi comunali,11_2406_rta_11_240911113034_4166---protocollodireteantiviolenza2020-2022-uuvv.txt,1
Lombardia,Brescia,Caino,Comune di Caino,Comuni,Servizi comunali,03_2406_rta_03_240923171949_4166---PROTOCOLLOD'INTESARETETERRITORIALEANTIVIOLENZAVALLETROMPIA2024.txt,1
Toscana,Pisa,Calci,Comune di Calci,Comuni,Servizi comunali,09_PISA PREF E PROV.txt,1
Toscana,Pisa,Calcinaia,Comune di Calcinaia,Comuni,Servizi comunali,09_PISA PREF E PROV.txt,1
Emilia-Romagna,Bologna,Calderara di Reno,Comune di Calderara di Reno,Comuni,Servizi comunali,08_2406_rta_08_241015091330_4166---Protocollo_intesa_autonomia_abitativa_donne_vittime_di_violenza_CittMtrBO.txt,1
Lombardia,Bergamo,Calusco d'Adda,Comune di Calusco d'Adda,Comuni,Servizi comunali,03_2406_rta_03_240924144947_4166---Protocollod'IntesaReteAntiviolenzaIsolaBergamascaeBassaValSanMartino2024.txt,1
Lombardia,Milano,Cambiago,Comune di Cambiago,Comuni,Servizi comunali,03_2406_rta_03_240923113114_4166---ProtocolloReteAddaMartesanasottoscritto.txt,1
Veneto,Venezia,Campagna Lupia,Comune di Campagna Lupia,Comuni,Servizi comunali,05_2406_rta_05_240916131522_4166---protocolloaggiornamento2023.txt,1
Toscana,Grosseto,Campagnatico,Comune di Campagnatico,Comuni,Servizi comunali,09_GROSSETO 2022 fpdf.txt,1
Toscana,Firenze,Campi Bisenzio,Comune di Campi Bisenzio,Comuni,Servizi comunali,09_FIRENZE Linee-di-indirizzo2024.txt,1
Puglia,Lecce,Campi Salentina,Comune di Campi Salentina,Comuni,Servizi comunali,16_2406_rta_16_250410144304_4166---ProtocolloOperativo-Procedureintegrateperlaprevenzioneeilcontrastoallaviolenzacontrodonneeminori-Copia_Marcato.txt,1
Abruzzo,Teramo,Campli,Comune di Campli,Comuni,Servizi comunali,13_2406_rta_13_241122103653_4166---protocollodirete_cavlafenice_provinciateramo.txt,1
Veneto,Venezia,Campolongo Maggiore,Comune di Campolongo Maggiore,Comuni,Servizi comunali,05_2406_rta_05_240916131522_4166---protocolloaggiornamento2023.txt,1
Veneto,Venezia,Camponogara,Comune di Camponogara,Comuni,Servizi comunali,05_2406_rta_05_240916131522_4166---protocolloaggiornamento2023.txt,1
Emilia-Romagna,Bologna,Camugnano,Comune di Camugnano,Comuni,Servizi comunali,08_2406_rta_08_241015091330_4166---Protocollo_intesa_autonomia_abitativa_donne_vittime_di_violenza_CittMtrBO.txt,1
Lombardia,Milano,Canegrate,Comune di Canegrate,Comuni,Servizi comunali,03_2406_rta_03_240920120751_4166---protocollodiintesa.txt,1
Puglia,Barletta-Andria-Trani,Canosa di Puglia,Comune di Canosa di Puglia,Comuni,Servizi comunali,16_2406_rta_16_250409164629_4166---convenzioneCAV-ASLBT.txt | 16_bat_convenzione CAV - ASL BT.txt,2
Toscana,Prato,Cantagallo,Comune di Cantagallo,Comuni,Servizi comunali,09_PRATO PREF.txt,1
Abruzzo,Teramo,Canzano,Comune di Canzano,Comuni,Servizi comunali,13_2406_rta_13_241122103653_4166---protocollodirete_cavlafenice_provinciateramo.txt,1
Veneto,Venezia,Caorle,Comune di Caorle,Comuni,Servizi comunali,05_2406_rta_05_240916135305_4166---protocolloulss4.txt,1
Toscana,Grosseto,Capalbio,Comune di Capalbio,Comuni,Servizi comunali,09_GROSSETO 2022 fpdf.txt,1
Toscana,Pisa,Capannoli,Comune di Capannoli,Comuni,Servizi comunali,09_PISA PREF E PROV.txt,1
Lazio,Viterbo,Capranica,Comune di Capranica,Comuni,Servizi comunali,12_2406_rta_12_240926112734_4166---3AccordoDistrettoVT4ePontedonna-signed(1).txt,1
Lazio,Viterbo,Caprarola,Comune di Caprarola,Comuni,Servizi comunali,12_2406_rta_12_240926112734_4166---3AccordoDistrettoVT4ePontedonna-signed(1).txt,1
Lombardia,Brescia,Capriano del Colle,Comune di Capriano del Colle,Comuni,Servizi comunali,03_2406_rta_03_240923101524_4166---PROTOCOLLO_DI_INTESA_versione_DEFINITIVA2021.stamped.txt,1
Lombardia,Bergamo,Capriate San Gervasio,Comune di Capriate San Gervasio,Comuni,Servizi comunali,03_2406_rta_03_240924144947_4166---Protocollod'IntesaReteAntiviolenzaIsolaBergamascaeBassaValSanMartino2024.txt,1
Lombardia,Bergamo,Caprino Bergamasco,Comune di Caprino Bergamasco,Comuni,Servizi comunali,03_2406_rta_03_240924144947_4166---Protocollod'IntesaReteAntiviolenzaIsolaBergamascaeBassaValSanMartino2024.txt,1
Lombardia,Brescia,Capriolo,Comune di Capriolo,Comuni,Servizi comunali,03_2406_rta_03_240925150245_4166---ProtocolloReteARIAPalazzolo.txt,1
Friuli-Venezia Giulia,Gorizia,Capriva del Friuli,Comune di Capriva del Friuli,Comuni,Servizi comunali,06_2406_rta_06_240916164258_4166---Protocolloviolenzadomesticaedigenere_30.09.2019.txt,1
Puglia,Bari,Capurso,Comune di Capurso,Comuni,Servizi comunali,16_ex_Convenzione Triggiano.txt,1
Lazio,Viterbo,Carbognano,Comune di Carbognano,Comuni,Servizi comunali,12_2406_rta_12_240926112734_4166---3AccordoDistrettoVT4ePontedonna-signed(1).txt,1
Piemonte,Torino,Carmagnola,Comune di Carmagnola,Comuni,Servizi comunali,01_2406_rta_01_240909112136_4166---convenzionecarmagnola.txt,1
Toscana,Prato,Carmignano,Comune di Carmignano,Comuni,Servizi comunali,09_PRATO PREF.txt,1
Marche,Pesaro e Urbino,Carpegna,Comune di Carpegna,Comuni,Servizi comunali,11_2406_rta_11_240911113034_4166---protocollodireteantiviolenza2020-2022-uuvv.txt,1
Lombardia,Milano,Carpiano,Comune di Carpiano,Comuni,Servizi comunali,03_2406_rta_03_240920093134_4166---Protocollo_Intesa_Rete_Antiviolenza_SudEstMilano_Paullese_2021-2023.txt,1
Toscana,Massa-Carrara,Carrara,Comune di Carrara,Comuni,Servizi comunali,09_APUANE_2015 Protocollo Prefettura.txt,1
Lombardia,Milano,Carugate,Comune di Carugate,Comuni,Servizi comunali,03_2406_rta_03_240923113114_4166---ProtocolloReteAddaMartesanasottoscritto.txt,1
Lombardia,Bergamo,Carvico,Comune di Carvico,Comuni,Servizi comunali,03_2406_rta_03_240924144947_4166---Protocollod'IntesaReteAntiviolenzaIsolaBergamascaeBassaValSanMartino2024.txt,1
Toscana,Pisa,Casale Marittimo,Comune di Casale Marittimo,Comuni,Servizi comunali,09_PISA PREF E PROV.txt,1
Emilia-Romagna,Bologna,Casalecchio di Reno,Comune di Casalecchio di Reno,Comuni,Servizi comunali,08_2406_rta_08_241015091330_4166---Protocollo_intesa_autonomia_abitativa_donne_vittime_di_violenza_CittMtrBO.txt,1
Emilia-Romagna,Bologna,Casalfiumanese,Comune di Casalfiumanese,Comuni,Servizi comunali,08_2406_rta_08_241015091330_4166---Protocollo_intesa_autonomia_abitativa_donne_vittime_di_violenza_CittMtrBO.txt,1
Lombardia,Cremona,Casalmaggiore,Comune di Casalmaggiore,Comuni,Servizi comunali,03_2406_rta_03_240918153252_4166---Protocollo+Appendice+LineeGuida_Datatodafirmare.txt,1
Lombardia,Lodi,Casalpusterlengo,Comune di Casalpusterlengo,Comuni,Servizi comunali,03_2406_rta_03_240923111659_4166---ProtocolloantiviolenzaComunediLodi_scansioneconfirme_maggio2014.txt,1
Puglia,Bari,Casamassima,Comune di Casamassima,Comuni,Servizi comunali,16_2406_rta_16_250312162108_4166---protocollooperativoGioiadelColle_EMI.txt | 16_bari_protocollo operativo Gioia del Colle_EMI.txt | 16_ex_Convenzione Gioia del Colle.txt,3
Puglia,Lecce,Casarano,Comune di Casarano,Comuni,Servizi comunali,16_2406_rta_16_250410144304_4166---ProtocolloOperativo-Procedureintegrateperlaprevenzioneeilcontrastoallaviolenzacontrodonneeminori-Copia_Marcato.txt,1
Lombardia,Milano,Casarile,Comune di Casarile,Comuni,Servizi comunali,03_2406_rta_03_240926122707_4166---ProtocolloReteAntiviolenzaconfirme.txt,1
Toscana,Pisa,Casciana Terme-Lari,Comune di Casciana Terme-Lari,Comuni,Servizi comunali,09_PISA PREF E PROV.txt,1
Toscana,Pisa,Cascina,Comune di Cascina,Comuni,Servizi comunali,09_PISA PREF E PROV.txt,1
Emilia-Romagna,Ravenna,Casola Valsenio,Comune di Casola Valsenio,Comuni,Servizi comunali,08_2406_rta_08_241015092049_4166---PROTOCOLLOD.G.C.FAENZA304-2009.txt,1
Toscana,Siena,Casole d'Elsa,Comune di Casole d'Elsa,Comuni,Servizi comunali,09_ALTA VALDELSA Protocollo-violenza-valdelsa-2022_ALTA VALDELSA.txt,1
Lombardia,Milano,Cassano d'Adda,Comune di Cassano d'Adda,Comuni,Servizi comunali,03_2406_rta_03_240923113114_4166---ProtocolloReteAddaMartesanasottoscritto.txt,1
Puglia,Bari,Cassano delle Murge,Comune di Cassano delle Murge,Comuni,Servizi comunali,16_2406_rta_16_250312164250_4166---protocollooperativoGrumo_EMI.txt | 16_bari_protocollo operativo Grumo_EMI.txt | 16_ex_Convenzione Grumo Appula.txt,3
Lombardia,Milano,Cassina de'Pecchi,Comune di Cassina de'Pecchi,Comuni,Servizi comunali,03_2406_rta_03_240923113114_4166---ProtocolloReteAddaMartesanasottoscritto.txt,1
Lombardia,Milano,Castano Primo,Comune di Castano Primo,Comuni,Servizi comunali,03_2406_rta_03_240920120751_4166---protocollodiintesa.txt,1
Lombardia,Brescia,Castegnato,Comune di Castegnato,Comuni,Servizi comunali,03_2406_rta_03_240923101524_4166---PROTOCOLLO_DI_INTESA_versione_DEFINITIVA2021.stamped.txt,1
Emilia-Romagna,Ravenna,Castel Bolognese,Comune di Castel Bolognese,Comuni,Servizi comunali,08_2406_rta_08_241015092049_4166---PROTOCOLLOD.G.C.FAENZA304-2009.txt,1
Abruzzo,Chieti,Castel Frentano,Comune di Castel Frentano,Comuni,Servizi comunali,13_2406_rta_13_241122103901_4166---Protocollirete_ortonaelancianoCAVdonn.ÿ.txt | 13_2406_rta_13_241122104158_4166---Protocollirete_ortonaelancianoCAVdonn.ÿ.txt | 13_2406_rta_13_241122104842_4166---Protocollodirete_DAFNE.txt,3
Emilia-Romagna,Bologna,Castel Guelfo di Bologna,Comune di Castel Guelfo di Bologna,Comuni,Servizi comunali,08_2406_rta_08_241015091330_4166---Protocollo_intesa_autonomia_abitativa_donne_vittime_di_violenza_CittMtrBO.txt,1
Emilia-Romagna,Bologna,Castel Maggiore,Comune di Castel Maggiore,Comuni,Servizi comunali,08_2406_rta_08_241015091330_4166---Protocollo_intesa_autonomia_abitativa_donne_vittime_di_violenza_CittMtrBO.txt,1
Lombardia,Brescia,Castel Mella,Comune di Castel Mella,Comuni,Servizi comunali,03_2406_rta_03_240923101524_4166---PROTOCOLLO_DI_INTESA_versione_DEFINITIVA2021.stamped.txt,1
Emilia-Romagna,Piacenza,Castel San Giovanni,Comune di Castel San Giovanni,Comuni,Servizi comunali,08_2406_rta_08_241015091917_4166---Protocollo2022-2024.txt,1
Emilia-Romagna,Bologna,Castel San Pietro Terme,Comune di Castel San Pietro Terme,Comuni,Servizi comunali,08_2406_rta_08_241015091330_4166---Protocollo_intesa_autonomia_abitativa_donne_vittime_di_violenza_CittMtrBO.txt,1
Emilia-Romagna,Bologna,Castel d'Aiano,Comune di Castel d'Aiano,Comuni,Servizi comunali,08_2406_rta_08_241015091330_4166---Protocollo_intesa_autonomia_abitativa_donne_vittime_di_violenza_CittMtrBO.txt,1
Emilia-Romagna,Bologna,Castel del Rio,Comune di Castel del Rio,Comuni,Servizi comunali,08_2406_rta_08_241015091330_4166---Protocollo_intesa_autonomia_abitativa_donne_vittime_di_violenza_CittMtrBO.txt,1
Emilia-Romagna,Bologna,Castel di Casio,Comune di Castel di Casio,Comuni,Servizi comunali,08_2406_rta_08_241015091330_4166---Protocollo_intesa_autonomia_abitativa_donne_vittime_di_violenza_CittMtrBO.txt,1
Abruzzo,L'Aquila,Castel di Sangro,Comune di Castel di Sangro,Comuni,Servizi comunali,13_2406_rta_13_241122105938_4166---ACCORDOOPERATIVO.txt | 13_2406_rta_13_241122111153_4166---PROTOCOLLOCASTELDISANGROEASL.txt,2
Lombardia,Brescia,Castelcovati,Comune di Castelcovati,Comuni,Servizi comunali,03_2406_rta_03_240925150245_4166---ProtocolloReteARIAPalazzolo.txt,1
Veneto,Treviso,Castelfranco Veneto,Comune di Castelfranco Veneto,Comuni,Servizi comunali,05_2406_rta_05_240917141534_4166---protocollodiretefirmato.txt,1
Toscana,Pisa,Castelfranco di Sotto,Comune di Castelfranco di Sotto,Comuni,Servizi comunali,09_PISA PREF E PROV.txt,1
Abruzzo,Teramo,Castellalto,Comune di Castellalto,Comuni,Servizi comunali,13_2406_rta_13_241122103653_4166---protocollodirete_cavlafenice_provinciateramo.txt,1
Puglia,Bari,Castellana Grotte,Comune di Castellana Grotte,Comuni,Servizi comunali,16_2406_rta_16_250407164310_4166---protocollooperativoPutignano_EMI.txt | 16_2406_rta_16_250409145030_4166---protollodiintesaPutignano_reteantiviolenza.txt | 16_bari_protocollo operativo Putignano_EMI.txt | 16_bari_protollo di intesa Putignano_rete antiviolenza.txt,4
Puglia,Taranto,Castellaneta,Comune di Castellaneta,Comuni,Servizi comunali,16_2406_rta_16_250410172220_4166---protocollod'intesaCAVGinosasottoscritto.txt | 16_ex_Convenzione Ginosa.txt | 16_taranto_protocollo d'intesa CAVGinosa sottoscritto.txt,3
Abruzzo,Teramo,Castelli,Comune di Castelli,Comuni,Servizi comunali,13_2406_rta_13_241122103653_4166---protocollodirete_cavlafenice_provinciateramo.txt,1
Toscana,Pisa,Castellina Marittima,Comune di Castellina Marittima,Comuni,Servizi comunali,09_PISA PREF E PROV.txt,1
Emilia-Romagna,Bologna,Castello d'Argile,Comune di Castello d'Argile,Comuni,Servizi comunali,08_2406_rta_08_241015091330_4166---Protocollo_intesa_autonomia_abitativa_donne_vittime_di_violenza_CittMtrBO.txt,1
Toscana,,Castelnuovo Val di Cecina,Comune di Castelnuovo Val di Cecina,Comuni,Servizi comunali,09_PISA PREF E PROV.txt,1
Emilia-Romagna,Bologna,Castenaso,Comune di Castenaso,Comuni,Servizi comunali,08_2406_rta_08_241015091330_4166---Protocollo_intesa_autonomia_abitativa_donne_vittime_di_violenza_CittMtrBO.txt,1
Lombardia,Brescia,Castenedolo,Comune di Castenedolo,Comuni,Servizi comunali,03_2406_rta_03_240923101524_4166---PROTOCOLLO_DI_INTESA_versione_DEFINITIVA2021.stamped.txt,1
Lombardia,Lodi,Castiglione d'Adda,Comune di Castiglione d'Adda,Comuni,Servizi comunali,03_2406_rta_03_240923111659_4166---ProtocolloantiviolenzaComunediLodi_scansioneconfirme_maggio2014.txt,1
Emilia-Romagna,Bologna,Castiglione dei Pepoli,Comune di Castiglione dei Pepoli,Comuni,Servizi comunali,08_2406_rta_08_241015091330_4166---Protocollo_intesa_autonomia_abitativa_donne_vittime_di_violenza_CittMtrBO.txt,1
Toscana,Grosseto,Castiglione della Pescaia,Comune di Castiglione della Pescaia,Comuni,Servizi comunali,09_GROSSETO 2022 fpdf.txt,1
Abruzzo,Teramo,Castilenti,Comune di Castilenti,Comuni,Servizi comunali,13_2406_rta_13_241122103653_4166---protocollodirete_cavlafenice_provinciateramo.txt,1
Lombardia,Brescia,Castrezzato,Comune di Castrezzato,Comuni,Servizi comunali,03_2406_rta_03_240925150245_4166---ProtocolloReteARIAPalazzolo.txt,1
Calabria,Catanzaro,Catanzaro,Comune di Catanzaro,Comuni,Servizi comunali,18_2406_rta_18_240926102620_4166---protocollopercorsorosa.txt | 18_2406_rta_18_240926102706_4166---protocollomondorosa2013.txt,2
Emilia-Romagna,Rimini,Cattolica,Comune di Cattolica,Comuni,Servizi comunali,08_2406_rta_08_241015091553_4166---Protocollosullaviolenzadigenere_confirme_prot.txt,1
Veneto,Venezia,Cavarzere,Comune di Cavarzere,Comuni,Servizi comunali,05_2406_rta_05_240916131522_4166---protocolloaggiornamento2023.txt,1
Lombardia,,Cazzago S. Martino,Comune di Cazzago S. Martino,Comuni,Servizi comunali,03_2406_rta_03_240925150245_4166---ProtocolloReteARIAPalazzolo.txt,1
Lazio,Frosinone,Ceccano,Comune di Ceccano,Comuni,Servizi comunali,12_2406_rta_12_241004141331_4166---ConvenzioneconilComunediCECCANO.txt | 12_2406_rta_12_241008103001_4166---16-Convenzioneconl'UniversitàECAMPUS.txt,3
Veneto,Venezia,Ceggia,Comune di Ceggia,Comuni,Servizi comunali,05_2406_rta_05_240916135305_4166---protocolloulss4.txt,1
Puglia,Bari,Cellamare,Comune di Cellamare,Comuni,Servizi comunali,16_ex_Convenzione Triggiano.txt,1
Lombardia,Brescia,Cellatica,Comune di Cellatica,Comuni,Servizi comunali,03_2406_rta_03_240923101524_4166---PROTOCOLLO_DI_INTESA_versione_DEFINITIVA2021.stamped.txt,1
Abruzzo,Teramo,Cellino Attanasio,Comune di Cellino Attanasio,Comuni,Servizi comunali,13_2406_rta_13_241122103653_4166---protocollodirete_cavlafenice_provinciateramo.txt,1
Emilia-Romagna,Ferrara,Cento,Comune di Cento,Comuni,Servizi comunali,08_2406_rta_08_241015091355_4166---PROTOCOLLO_CONTRO_VIOLENZA_firmato2023.txt,1
Lombardia,Milano,Cernusco sul Naviglio,Comune di Cernusco sul Naviglio,Comuni,Servizi comunali,03_2406_rta_03_240923113114_4166---ProtocolloReteAddaMartesanasottoscritto.txt,1
Lombardia,Milano,Cerro Maggiore,Comune di Cerro Maggiore,Comuni,Servizi comunali,03_2406_rta_03_240920120751_4166---protocollodiintesa.txt,1
Lombardia,Milano,Cerro al Lambro,Comune di Cerro al Lambro,Comuni,Servizi comunali,03_2406_rta_03_240920093134_4166---Protocollo_Intesa_Rete_Antiviolenza_SudEstMilano_Paullese_2021-2023.txt,1
Emilia-Romagna,Ravenna,Cervia,Comune di Cervia,Comuni,Servizi comunali,08_2406_rta_08_241015091748_4166---ProtocolloProvincialeCaserifugio2023.2025.txt,1
Lombardia,,Cesano,Comune di Cesano,Comuni,Servizi comunali,03_2406_rta_03_240926122707_4166---ProtocolloReteAntiviolenzaconfirme.txt,1
Lombardia,Milano,Cesate,Comune di Cesate,Comuni,Servizi comunali,03_2406_rta_03_240926144324_4166---Protocollodiintesa.txt,1
Emilia-Romagna,Forli-Cesena,Cesena,Comune di Cesena,Comuni,Servizi comunali,08_2406_rta_08_241015091621_4166---PROTOCOLLO_22.txt,1
Toscana,Siena,Cetona,Comune di Cetona,Comuni,Servizi comunali,09_VALDICHIANA_all. decreto 37_2008 protocollo di intesa 2008.txt,1
Toscana,Siena,Chianciano Terme,Comune di Chianciano Terme,Comuni,Servizi comunali,09_VALDICHIANA_all. decreto 37_2008 protocollo di intesa 2008.txt,1
Toscana,Pisa,Chianni,Comune di Chianni,Comuni,Servizi comunali,09_PISA PREF E PROV.txt,1
Lombardia,Brescia,Chiari,Comune di Chiari,Comuni,Servizi comunali,03_2406_rta_03_240925150245_4166---ProtocolloReteARIAPalazzolo.txt,1
Liguria,Genova,Chiavari,Comune di Chiavari,Comuni,Servizi comunali,07_2406_rta_07_240916163905_4166---PROTOCOLLOFIRMATO(002).txt | 07_2406_rta_07_240916163956_4166---DGR477_2022_Protocollo.txt,2
Toscana,Pistoia,Chiesina Uzzanese,Comune di Chiesina Uzzanese,Comuni,Servizi comunali,09_PISTOIA PROV .txt,1
Abruzzo,Chieti,Chieti,Comune di Chieti,Comuni,Servizi comunali,13_2406_rta_13_241122101453_4166---ProtocollodiRete_AlphaChieti.txt,1
Lombardia,Bergamo,Chignolo d'Isola,Comune di Chignolo d'Isola,Comuni,Servizi comunali,03_2406_rta_03_240924144947_4166---Protocollod'IntesaReteAntiviolenzaIsolaBergamascaeBassaValSanMartino2024.txt,1
Veneto,Venezia,Chioggia,Comune di Chioggia,Comuni,Servizi comunali,05_2406_rta_05_240916131522_4166---protocolloaggiornamento2023.txt,1
Toscana,Siena,Chiusi,Comune di Chiusi,Comuni,Servizi comunali,09_VALDICHIANA_all. decreto 37_2008 protocollo di intesa 2008.txt,1
Toscana,Grosseto,Cinigiano,Comune di Cinigiano,Comuni,Servizi comunali,09_GROSSETO 2022 fpdf.txt,1
Lombardia,Milano,Cinisello Balsamo,Comune di Cinisello Balsamo,Comuni,Servizi comunali,03_2406_rta_03_240923103647_4166---protocolloreteantiviolenzacinisello2019(1).txt,1
Veneto,Venezia,Cinto Caomaggiore,Comune di Cinto Caomaggiore,Comuni,Servizi comunali,05_2406_rta_05_240916135305_4166---protocolloulss4.txt,1
Lombardia,Bergamo,Cisano Bergamasco,Comune di Cisano Bergamasco,Comuni,Servizi comunali,03_2406_rta_03_240924144947_4166---Protocollod'IntesaReteAntiviolenzaIsolaBergamascaeBassaValSanMartino2024.txt,1
Lazio,Latina,Cisterna di Latina,Comune di Cisterna di Latina,Comuni,Servizi comunali,12_2406_rta_12_240926133706_4166---STAR.txt,1
Umbria,Perugia,Città di Castello,Comune di Città di Castello,Comuni,Servizi comunali,10_2406_rta_10_250506141901_4166---ProtocollounicoregionaleRINNOVATO.txt,1
Marche,Macerata,Civitanova Marche,Comune di Civitanova Marche,Comuni,Servizi comunali,11_2406_rta_11_240911113235_4166---MacerataProtocollo2019_2022Firmato.txt,1
Abruzzo,L'Aquila,Civitella Alfedena,Comune di Civitella Alfedena,Comuni,Servizi comunali,13_2406_rta_13_241122111153_4166---PROTOCOLLOCASTELDISANGROEASL.txt,1
Toscana,Grosseto,Civitella Paganico,Comune di Civitella Paganico,Comuni,Servizi comunali,09_GROSSETO 2022 fpdf.txt,1
Abruzzo,Teramo,Civitella del Tronto,Comune di Civitella del Tronto,Comuni,Servizi comunali,13_2406_rta_13_241122103653_4166---protocollodirete_cavlafenice_provinciateramo.txt,1
Lombardia,Brescia,Coccaglio,Comune di Coccaglio,Comuni,Servizi comunali,03_2406_rta_03_240925150245_4166---ProtocolloReteARIAPalazzolo.txt,1
Emilia-Romagna,Ferrara,Codigoro,Comune di Codigoro,Comuni,Servizi comunali,08_2406_rta_08_241015091355_4166---PROTOCOLLO_CONTRO_VIOLENZA_firmato2023.txt,1
Lombardia,Lodi,Codogno,Comune di Codogno,Comuni,Servizi comunali,03_2406_rta_03_240923111659_4166---ProtocolloantiviolenzaComunediLodi_scansioneconfirme_maggio2014.txt,1
Veneto,Vicenza,Cogollo del Cengio,Comune di Cogollo del Cengio,Comuni,Servizi comunali,05_2406_rta_05_240919114041_4166---protocollounicorevisionato2024.txt,1
Toscana,Siena,Colle di Val d'Elsa,Comune di Colle di Val d'Elsa,Comuni,Servizi comunali,09_ALTA VALDELSA Protocollo-violenza-valdelsa-2022_ALTA VALDELSA.txt,1
Lombardia,Brescia,Collebeato,Comune di Collebeato,Comuni,Servizi comunali,03_2406_rta_03_240923101524_4166---PROTOCOLLO_DI_INTESA_versione_DEFINITIVA2021.stamped.txt,1
Lombardia,,Collio VT,Comune di Collio VT,Comuni,Servizi comunali,03_2406_rta_03_240923171949_4166---PROTOCOLLOD'INTESARETETERRITORIALEANTIVIOLENZAVALLETROMPIA2024.txt,1
Lombardia,Brescia,Cologne,Comune di Cologne,Comuni,Servizi comunali,03_2406_rta_03_240925150245_4166---ProtocolloReteARIAPalazzolo.txt,1
Lombardia,Milano,Colturano,Comune di Colturano,Comuni,Servizi comunali,03_2406_rta_03_240920093134_4166---Protocollo_Intesa_Rete_Antiviolenza_SudEstMilano_Paullese_2021-2023.txt,1
Emilia-Romagna,Ferrara,Comacchio,Comune di Comacchio,Comuni,Servizi comunali,08_2406_rta_08_241015091430_4166---Protocollo_Distrettuale_Contrasto_violenza_Donne2023.stamped.txt,1
Lombardia,Brescia,Comezzano-Cizzago,Comune di Comezzano-Cizzago,Comuni,Servizi comunali,03_2406_rta_03_240925150245_4166---ProtocolloReteARIAPalazzolo.txt,1
Lombardia,Como,Como,Comune di Como,Comuni,Servizi comunali,"03_2406_rta_03_240923164603_4166---ProtocolloreteantiviolenzaBusto,Gallarate,Saronno,SommaLombardo-2024.txt | 03_2406_rta_03_240925144919_4166---RETEDICOMO-PROTOCOLLOINTERIST.17novembre2023(1).txt",2
Veneto,Venezia,Cona,Comune di Cona,Comuni,Servizi comunali,05_2406_rta_05_240916131522_4166---protocolloaggiornamento2023.txt,1
Lombardia,Brescia,Concesio,Comune di Concesio,Comuni,Servizi comunali,03_2406_rta_03_240923171949_4166---PROTOCOLLOD'INTESARETETERRITORIALEANTIVIOLENZAVALLETROMPIA2024.txt,1
Veneto,Venezia,Concordia Sagittaria,Comune di Concordia Sagittaria,Comuni,Servizi comunali,05_2406_rta_05_240916135305_4166---protocolloulss4.txt,1
Emilia-Romagna,Ferrara,Copparo,Comune di Copparo,Comuni,Servizi comunali,08_2406_rta_08_241015091355_4166---PROTOCOLLO_CONTRO_VIOLENZA_firmato2023.txt | 08_2406_rta_08_241015091430_4166---Protocollo_Distrettuale_Contrasto_violenza_Donne2023.stamped.txt,2
Emilia-Romagna,Rimini,Coriano,Comune di Coriano,Comuni,Servizi comunali,08_2406_rta_08_241015091553_4166---Protocollosullaviolenzadigenere_confirme_prot.txt,1
Friuli-Venezia Giulia,Gorizia,Cormons,Comune di Cormons,Comuni,Servizi comunali,06_2406_rta_06_240916164258_4166---Protocolloviolenzadomesticaedigenere_30.09.2019.txt,1
Lombardia,Milano,Cornaredo,Comune di Cornaredo,Comuni,Servizi comunali,03_2406_rta_03_240926144324_4166---Protocollodiintesa.txt,1
Lombardia,Milano,Corsico,Comune di Corsico,Comuni,Servizi comunali,03_2406_rta_03_240926122707_4166---ProtocolloReteAntiviolenzaconfirme.txt,1
Lombardia,Brescia,Corte Franca,Comune di Corte Franca,Comuni,Servizi comunali,03_2406_rta_03_240925150245_4166---ProtocolloReteARIAPalazzolo.txt,1
Lombardia,Brescia,Corzano,Comune di Corzano,Comuni,Servizi comunali,03_2406_rta_03_240925150245_4166---ProtocolloReteARIAPalazzolo.txt,1
Calabria,Cosenza,Cosenza,Comune di Cosenza,Comuni,Servizi comunali,18_2406_rta_18_240926102407_4166---ProtocollointesaAISM_CentroLanzino_ReteREDCALABRIA_firmadigitale.txt | 18_2406_rta_18_240926102528_4166---PROTOCOLLOAISM_PICCOLAOPERA_firma.txt,2
Lombardia,Cremona,Crema,Comune di Crema,Comuni,Servizi comunali,03_2406_rta_03_240918153252_4166---Protocollo+Appendice+LineeGuida_Datatodafirmare.txt,1
Lombardia,Cremona,Cremona,Comune di Cremona,Comuni,Servizi comunali,03_2406_rta_03_240918153252_4166---Protocollo+Appendice+LineeGuida_Datatodafirmare.txt,1
Toscana,Pisa,Crespina-Lorenzana,Comune di Crespina-Lorenzana,Comuni,Servizi comunali,09_PISA PREF E PROV.txt,1
Emilia-Romagna,Bologna,Crevalcore,Comune di Crevalcore,Comuni,Servizi comunali,08_2406_rta_08_241015091330_4166---Protocollo_intesa_autonomia_abitativa_donne_vittime_di_violenza_CittMtrBO.txt,1
Piemonte,Cuneo,Cuneo,Comune di Cuneo,Comuni,Servizi comunali,01_2406_rta_01_240920112211_4166---367772-4-Protocollo_intesa_Completo.txt,1
Lombardia,Milano,Cusago,Comune di Cusago,Comuni,Servizi comunali,03_2406_rta_03_240926122707_4166---ProtocolloReteAntiviolenzaconfirme.txt,1
Toscana,,Cutigliano,Comune di Cutigliano,Comuni,Servizi comunali,09_PISTOIA PROV .txt,1
Lombardia,Milano,Dairago,Comune di Dairago,Comuni,Servizi comunali,03_2406_rta_03_240920120751_4166---protocollodiintesa.txt,1
Lombardia,Brescia,Darfo Boario Terme,Comune di Darfo Boario Terme,Comuni,Servizi comunali,03_2406_rta_03_240926123135_4166---ProtocollodiRete.txt,1
Lombardia,Brescia,Dello,Comune di Dello,Comuni,Servizi comunali,03_2406_rta_03_240925150245_4166---ProtocolloReteARIAPalazzolo.txt,1
Lombardia,Brescia,Desenzano del Garda,Comune di Desenzano del Garda,Comuni,Servizi comunali,03_2406_rta_03_240923165401_4166---PROTOCOLLODIrete2020-2023_rev2confirmescan.txt,1
Calabria,Cosenza,Dipignano,Comune di Dipignano,Comuni,Servizi comunali,18_2406_rta_18_240926102419_4166---protocollodiintesaterritorialeunito.txt,1
Veneto,,Doberdo del Lago,Comune di Doberdo del Lago,Comuni,Servizi comunali,06_2406_rta_06_240916164258_4166---Protocolloviolenzadomesticaedigenere_30.09.2019.txt,1
Friuli-Venezia Giulia,Gorizia,Dolegna del Collio,Comune di Dolegna del Collio,Comuni,Servizi comunali,06_2406_rta_06_240916164258_4166---Protocolloviolenzadomesticaedigenere_30.09.2019.txt,1
Veneto,Venezia,Dolo,Comune di Dolo,Comuni,Servizi comunali,05_2406_rta_05_240916131522_4166---protocolloaggiornamento2023.txt,1
Emilia-Romagna,Bologna,Dozza,Comune di Dozza,Comuni,Servizi comunali,08_2406_rta_08_241015091330_4166---Protocollo_intesa_autonomia_abitativa_donne_vittime_di_violenza_CittMtrBO.txt,1
Lombardia,Milano,Dresano,Comune di Dresano,Comuni,Servizi comunali,03_2406_rta_03_240920093134_4166---Protocollo_Intesa_Rete_Antiviolenza_SudEstMilano_Paullese_2021-2023.txt,1
Veneto,Venezia,Eraclea,Comune di Eraclea,Comuni,Servizi comunali,05_2406_rta_05_240916135305_4166---protocolloulss4.txt,1
Lombardia,Brescia,Erbusco,Comune di Erbusco,Comuni,Servizi comunali,03_2406_rta_03_240925150245_4166---ProtocolloReteARIAPalazzolo.txt,1
Emilia-Romagna,Ravenna,Faenza,Comune di Faenza,Comuni,Servizi comunali,08_2406_rta_08_241015092049_4166---PROTOCOLLOD.G.C.FAENZA304-2009.txt,1
Marche,Pesaro e Urbino,Fano,Comune di Fano,Comuni,Servizi comunali,11_2406_rta_11_240911113034_4166---protocollodireteantiviolenza2020-2022-uuvv.txt,1
Friuli-Venezia Giulia,Gorizia,Farra d'Isonzo,Comune di Farra d'Isonzo,Comuni,Servizi comunali,06_2406_rta_06_240916164258_4166---Protocolloviolenzadomesticaedigenere_30.09.2019.txt,1
Toscana,Pisa,Fauglia,Comune di Fauglia,Comuni,Servizi comunali,09_PISA PREF E PROV.txt,1
Emilia-Romagna,Ferrara,Ferrara,Comune di Ferrara,Comuni,Servizi comunali,08_2406_rta_08_241015091355_4166---PROTOCOLLO_CONTRO_VIOLENZA_firmato2023.txt | 08_2406_rta_08_241015091430_4166---Protocollo_Distrettuale_Contrasto_violenza_Donne2023.stamped.txt,2
Veneto,Venezia,Fiesso D'Artico,Comune di Fiesso D'Artico,Comuni,Servizi comunali,05_2406_rta_05_240916131522_4166---protocolloaggiornamento2023.txt,1
Toscana,Firenze,Figline e Incisa Valdarno,Comune di Figline e Incisa Valdarno,Comuni,Servizi comunali,09_FIRENZE Linee-di-indirizzo2024.txt,1
Lombardia,Bergamo,Filago,Comune di Filago,Comuni,Servizi comunali,03_2406_rta_03_240924144947_4166---Protocollod'IntesaReteAntiviolenzaIsolaBergamascaeBassaValSanMartino2024.txt,1
Emilia-Romagna,Modena,Fiorano Modenese,Comune di Fiorano Modenese,Comuni,Servizi comunali,08_2406_rta_08_241015091725_4166---Protoc-Prefett-2017.txt,1
Emilia-Romagna,Piacenza,Fiorenzuola d'Arda,Comune di Fiorenzuola d'Arda,Comuni,Servizi comunali,08_2406_rta_08_241015091917_4166---Protocollo2022-2024.txt,1
Toscana,Firenze,Firenze,Comune di Firenze,Comuni,Servizi comunali,09_FIRENZE Linee-di-indirizzo2024.txt,1
Toscana,Firenze,Firenze,Comune di Firenze: Area Tutela Valery,Comuni,Servizi comunali,09_FIRENZE Linee-di-indirizzo2024.txt,1
Toscana,Firenze,Firenze,Comune di Firenze: Servizi sociali,Comuni,Servizi comunali,09_FIRENZE Linee-di-indirizzo2024.txt,1
Lombardia,Brescia,Flero,Comune di Flero,Comuni,Servizi comunali,03_2406_rta_03_240923101524_4166---PROTOCOLLO_DI_INTESA_versione_DEFINITIVA2021.stamped.txt,1
Puglia,Foggia,Foggia,Comune di Foggia,Comuni,Servizi comunali,16_2406_rta_16_250410122122_4166---Protocollo_Viola.txt | 16_foggia_Protocollo_Viola.txt,2
Friuli-Venezia Giulia,Gorizia,Fogliano Redipuglia,Comune di Fogliano Redipuglia,Comuni,Servizi comunali,06_2406_rta_06_240916164258_4166---Protocolloviolenzadomesticaedigenere_30.09.2019.txt,1
Umbria,Perugia,Foligno,Comune di Foligno,Comuni,Servizi comunali,10_2406_rta_10_250506141901_4166---ProtocollounicoregionaleRINNOVATO.txt,1
Toscana,Grosseto,Follonica,Comune di Follonica,Comuni,Servizi comunali,09_GROSSETO 2022 fpdf.txt,1
Emilia-Romagna,Bologna,Fontanelice,Comune di Fontanelice,Comuni,Servizi comunali,08_2406_rta_08_241015091330_4166---Protocollo_intesa_autonomia_abitativa_donne_vittime_di_violenza_CittMtrBO.txt,1
Emilia-Romagna,Forli-Cesena,Forli,Comune di Forli,Comuni,Servizi comunali,08_2406_rta_08_241015091621_4166---PROTOCOLLO_22.txt,1
Emilia-Romagna,Modena,Formigine,Comune di Formigine,Comuni,Servizi comunali,08_2406_rta_08_241015091725_4166---Protoc-Prefett-2017.txt,1
Abruzzo,Chieti,Fossacesia,Comune di Fossacesia,Comuni,Servizi comunali,13_2406_rta_13_241122103901_4166---Protocollirete_ortonaelancianoCAVdonn.ÿ.txt | 13_2406_rta_13_241122104158_4166---Protocollirete_ortonaelancianoCAVdonn.ÿ.txt | 13_2406_rta_13_241122104842_4166---Protocollodirete_DAFNE.txt,3
Veneto,Venezia,Fossalta di Piave,Comune di Fossalta di Piave,Comuni,Servizi comunali,05_2406_rta_05_240916135305_4166---protocolloulss4.txt,1
Veneto,Venezia,Fossalta di Portogruaro,Comune di Fossalta di Portogruaro,Comuni,Servizi comunali,05_2406_rta_05_240916135305_4166---protocolloulss4.txt,1
Piemonte,Cuneo,Fossano,Comune di Fossano,Comuni,Servizi comunali,01_2406_rta_01_240920112211_4166---367772-4-Protocollo_intesa_Completo.txt,1
Veneto,Venezia,Fosso,Comune di Fosso,Comuni,Servizi comunali,05_2406_rta_05_240916131522_4166---protocolloaggiornamento2023.txt,1
Marche,Pesaro e Urbino,Fossombrone,Comune di Fossombrone,Comuni,Servizi comunali,11_2406_rta_11_240911113034_4166---protocollodireteantiviolenza2020-2022-uuvv.txt,1
Abruzzo,Chieti,Frisa,Comune di Frisa,Comuni,Servizi comunali,13_2406_rta_13_241122103901_4166---Protocollirete_ortonaelancianoCAVdonn.ÿ.txt | 13_2406_rta_13_241122104158_4166---Protocollirete_ortonaelancianoCAVdonn.ÿ.txt | 13_2406_rta_13_241122104842_4166---Protocollodirete_DAFNE.txt,3
Emilia-Romagna,Bologna,Gaggio Montano,Comune di Gaggio Montano,Comuni,Servizi comunali,08_2406_rta_08_241015091330_4166---Protocollo_intesa_autonomia_abitativa_donne_vittime_di_violenza_CittMtrBO.txt,1
Puglia,Lecce,Gagliano del Capo,Comune di Gagliano del Capo,Comuni,Servizi comunali,16_2406_rta_16_250410144304_4166---ProtocolloOperativo-Procedureintegrateperlaprevenzioneeilcontrastoallaviolenzacontrodonneeminori-Copia_Marcato.txt,1
Puglia,Lecce,Galatina,Comune di Galatina,Comuni,Servizi comunali,16_2406_rta_16_250410144304_4166---ProtocolloOperativo-Procedureintegrateperlaprevenzioneeilcontrastoallaviolenzacontrodonneeminori-Copia_Marcato.txt,1
Lombardia,Varese,Gallarate,Comune di Gallarate,Comuni,Servizi comunali,"03_2406_rta_03_240923164603_4166---ProtocolloreteantiviolenzaBusto,Gallarate,Saronno,SommaLombardo-2024.txt",1
Emilia-Romagna,Bologna,Galliera,Comune di Galliera,Comuni,Servizi comunali,08_2406_rta_08_241015091330_4166---Protocollo_intesa_autonomia_abitativa_donne_vittime_di_violenza_CittMtrBO.txt,1
Puglia,Lecce,Gallipoli,Comune di Gallipoli,Comuni,Servizi comunali,16_2406_rta_16_250410144304_4166---ProtocolloOperativo-Procedureintegrateperlaprevenzioneeilcontrastoallaviolenzacontrodonneeminori-Copia_Marcato.txt,1
Lombardia,Milano,Garbagnate Milanese,Comune di Garbagnate Milanese,Comuni,Servizi comunali,03_2406_rta_03_240926144324_4166---Protocollodiintesa.txt,1
Lombardia,Brescia,Gardone Val Trompia,Comune di Gardone Val Trompia,Comuni,Servizi comunali,03_2406_rta_03_240923171949_4166---PROTOCOLLOD'INTESARETETERRITORIALEANTIVIOLENZAVALLETROMPIA2024.txt,1
Toscana,Grosseto,Gavorrano,Comune di Gavorrano,Comuni,Servizi comunali,09_GROSSETO 2022 fpdf.txt,1
Emilia-Romagna,Rimini,Gemmano,Comune di Gemmano,Comuni,Servizi comunali,08_2406_rta_08_241015091553_4166---Protocollosullaviolenzadigenere_confirme_prot.txt,1
Liguria,Genova,Genova,Comune di Genova,Comuni,Servizi comunali,07_2406_rta_07_240916163933_4166---sub_14574431199510849525_Protocollo_LVLS-signed.txt | 07_2406_rta_07_240916163956_4166---DGR477_2022_Protocollo.txt,2
Lombardia,Milano,Gessate,Comune di Gessate,Comuni,Servizi comunali,03_2406_rta_03_240923113114_4166---ProtocolloReteAddaMartesanasottoscritto.txt,1
Puglia,Taranto,Ginosa,Comune di Ginosa,Comuni,Servizi comunali,16_2406_rta_16_250410170705_4166---protocolloPrefetturaProvinciaTaranto.txt | 16_2406_rta_16_250410172220_4166---protocollod'intesaCAVGinosasottoscritto.txt | 16_ex_Convenzione Ginosa.txt | 16_taranto_protocollo Prefettura ProvinciaTaranto.txt | 16_taranto_protocollo d'intesa CAVGinosa sottoscritto.txt,5
Puglia,Bari,Gioia del Colle,Comune di Gioia del Colle,Comuni,Servizi comunali,16_2406_rta_16_250312162108_4166---protocollooperativoGioiadelColle_EMI.txt | 16_bari_protocollo operativo Gioia del Colle_EMI.txt | 16_ex_Convenzione Gioia del Colle.txt,3
Abruzzo,Teramo,Giulianova,Comune di Giulianova,Comuni,Servizi comunali,13_2406_rta_13_241122103653_4166---protocollodirete_cavlafenice_provinciateramo.txt,1
Lombardia,Milano,Gorgonzola,Comune di Gorgonzola,Comuni,Servizi comunali,03_2406_rta_03_240923113114_4166---ProtocolloReteAddaMartesanasottoscritto.txt,1
Friuli-Venezia Giulia,Gorizia,Gorizia,Comune di Gorizia,Comuni,Servizi comunali,06_2406_rta_06_240916164258_4166---Protocolloviolenzadomesticaedigenere_30.09.2019.txt,1
Friuli-Venezia Giulia,Gorizia,Gradisca d'Isonzo,Comune di Gradisca d'Isonzo,Comuni,Servizi comunali,06_2406_rta_06_240916164258_4166---Protocolloviolenzadomesticaedigenere_30.09.2019.txt,1
Friuli-Venezia Giulia,Gorizia,Grado,Comune di Grado,Comuni,Servizi comunali,06_2406_rta_06_240916164258_4166---Protocolloviolenzadomesticaedigenere_30.09.2019.txt,1
Emilia-Romagna,Bologna,Granarolo dell'Emilia,Comune di Granarolo dell'Emilia,Comuni,Servizi comunali,08_2406_rta_08_241015091330_4166---Protocollo_intesa_autonomia_abitativa_donne_vittime_di_violenza_CittMtrBO.txt,1
Lombardia,Milano,Grezzago,Comune di Grezzago,Comuni,Servizi comunali,03_2406_rta_03_240923113114_4166---ProtocolloReteAddaMartesanasottoscritto.txt,1
Emilia-Romagna,Bologna,Grizzana Morandi,Comune di Grizzana Morandi,Comuni,Servizi comunali,08_2406_rta_08_241015091330_4166---Protocollo_intesa_autonomia_abitativa_donne_vittime_di_violenza_CittMtrBO.txt,1
Toscana,Grosseto,Grosseto,Comune di Grosseto,Comuni,Servizi comunali,09_GROSSETO 2022 fpdf.txt,1
Veneto,Venezia,Gruaro,Comune di Gruaro,Comuni,Servizi comunali,05_2406_rta_05_240916135305_4166---protocolloulss4.txt,1
Puglia,Bari,Grumo Appula,Comune di Grumo Appula,Comuni,Servizi comunali,16_2406_rta_16_250312164250_4166---protocollooperativoGrumo_EMI.txt | 16_bari_protocollo operativo Grumo_EMI.txt | 16_ex_Convenzione Grumo Appula.txt,3
Abruzzo,Chieti,Guardiagrele,Comune di Guardiagrele,Comuni,Servizi comunali,13_2406_rta_13_241122101856_4166---Protocollodirete_AlphaGuardiagrele.txt,1
Abruzzo,Chieti,Guardiagrele,Comune di Guardiagrele - Assessorato alle Politiche Sociali e Pari Opportunita,Comuni,Servizi comunali,13_2406_rta_13_241122101856_4166---Protocollodirete_AlphaGuardiagrele.txt,1
Abruzzo,Chieti,Guardiagrele,Comune di Guardiagrele - Corpo di Polizia Municipale,Comuni,Servizi comunali,13_2406_rta_13_241122101856_4166---Protocollodirete_AlphaGuardiagrele.txt,1
Abruzzo,Chieti,Guardiagrele,Comune di Guardiagrele- Servizio Politiche Sociali,Comuni,Servizi comunali,13_2406_rta_13_241122101856_4166---Protocollodirete_AlphaGuardiagrele.txt,1
Toscana,Pisa,Guardistallo,Comune di Guardistallo,Comuni,Servizi comunali,09_PISA PREF E PROV.txt,1
Umbria,Perugia,Gubbio,Comune di Gubbio,Comuni,Servizi comunali,10_2406_rta_10_250506141901_4166---ProtocollounicoregionaleRINNOVATO.txt,1
Lombardia,Brescia,Gussago,Comune di Gussago,Comuni,Servizi comunali,03_2406_rta_03_240923101524_4166---PROTOCOLLO_DI_INTESA_versione_DEFINITIVA2021.stamped.txt,1
Emilia-Romagna,Bologna,Imola,Comune di Imola,Comuni,Servizi comunali,08_2406_rta_08_241015091310_4166---Accordo_Contrasto_alla_violenza_CittMtrBO.txt | 08_2406_rta_08_241015091330_4166---Protocollo_intesa_autonomia_abitativa_donne_vittime_di_violenza_CittMtrBO.txt,3
Lombardia,Milano,Inzago,Comune di Inzago,Comuni,Servizi comunali,03_2406_rta_03_240923113114_4166---ProtocolloReteAddaMartesanasottoscritto.txt,1
Calabria,,Ionadi,Comune di Ionadi,Comuni,Servizi comunali,18_2406_rta_18_240926102407_4166---ProtocollointesaAISM_CentroLanzino_ReteREDCALABRIA_firmadigitale.txt | 18_2406_rta_18_240926102528_4166---PROTOCOLLOAISM_PICCOLAOPERA_firma.txt,2
Lombardia,Brescia,Irma,Comune di Irma,Comuni,Servizi comunali,03_2406_rta_03_240923171949_4166---PROTOCOLLOD'INTESARETETERRITORIALEANTIVIOLENZAVALLETROMPIA2024.txt,1
Lombardia,Brescia,Iseo,Comune di Iseo,Comuni,Servizi comunali,03_2406_rta_03_240925150245_4166---ProtocolloReteARIAPalazzolo.txt,1
Toscana,Grosseto,Isola del Giglio,Comune di Isola del Giglio,Comuni,Servizi comunali,09_GROSSETO 2022 fpdf.txt,1
Abruzzo,,Isola del Gran Sasso,Comune di Isola del Gran Sasso,Comuni,Servizi comunali,13_2406_rta_13_241122103653_4166---protocollodirete_cavlafenice_provinciateramo.txt,1
Veneto,Venezia,Jesolo,Comune di Jesolo,Comuni,Servizi comunali,05_2406_rta_05_240916135305_4166---protocolloulss4.txt,1
Emilia-Romagna,Ferrara,Jolanda di Savoia,Comune di Jolanda di Savoia,Comuni,Servizi comunali,08_2406_rta_08_241015091430_4166---Protocollo_Distrettuale_Contrasto_violenza_Donne2023.stamped.txt,1
Liguria,La Spezia,La Spezia,Comune di La Spezia,Comuni,Servizi comunali,07_2406_rta_07_240916163956_4166---DGR477_2022_Protocollo.txt,1
Lombardia,Milano,Lacchiarella,Comune di Lacchiarella,Comuni,Servizi comunali,03_2406_rta_03_240926122707_4166---ProtocolloReteAntiviolenzaconfirme.txt,1
Lombardia,Milano,Lainate,Comune di Lainate,Comuni,Servizi comunali,03_2406_rta_03_240926144324_4166---Protocollodiintesa.txt,1
Toscana,Pisa,Lajatico,Comune di Lajatico,Comuni,Servizi comunali,09_PISA PREF E PROV.txt,1
Calabria,Catanzaro,Lamezia Terme,Comune di Lamezia Terme,Comuni,Servizi comunali,18_2406_rta_18_240926102620_4166---protocollopercorsorosa.txt | 18_2406_rta_18_240926102706_4166---protocollomondorosa2013.txt | 18_2406_rta_18_240926102814_4166---convenzDemetraIISCostanzoDecollatura2020.txt,3
Toscana,Pistoia,Lamporecchio,Comune di Lamporecchio,Comuni,Servizi comunali,09_PISTOIA PROV .txt,1
Abruzzo,Chieti,Lanciano,Comune di Lanciano,Comuni,Servizi comunali,13_2406_rta_13_241122103901_4166---Protocollirete_ortonaelancianoCAVdonn.ÿ.txt | 13_2406_rta_13_241122104158_4166---Protocollirete_ortonaelancianoCAVdonn.ÿ.txt | 13_2406_rta_13_241122104842_4166---Protocollodirete_DAFNE.txt,3
Toscana,Pistoia,Larciano,Comune di Larciano,Comuni,Servizi comunali,09_PISTOIA PROV .txt,1
Toscana,Firenze,Lastra a Signa,Comune di Lastra a Signa,Comuni,Servizi comunali,09_FIRENZE Linee-di-indirizzo2024.txt,1
Puglia,Taranto,Laterza,Comune di Laterza,Comuni,Servizi comunali,16_2406_rta_16_250410172220_4166---protocollod'intesaCAVGinosasottoscritto.txt | 16_ex_Convenzione Ginosa.txt | 16_taranto_protocollo d'intesa CAVGinosa sottoscritto.txt,3
Puglia,Lecce,Lecce,Comune di Lecce,Comuni,Servizi comunali,16_2406_rta_16_250410144304_4166---ProtocolloOperativo-Procedureintegrateperlaprevenzioneeilcontrastoallaviolenzacontrodonneeminori-Copia_Marcato.txt | 16_lecce_Protocollo Operativo - Procedure integrate per la prevenzione e il contrasto alla violenza contro donne e minori - Copia_Marcato.txt,2
Lombardia,Lecco,Lecco,Comune di Lecco,Comuni,Servizi comunali,03_2406_rta_03_240918153240_4166---Protocollod'intesaperl'IstituzionediunSistemaTerritorialeAntiviolenzainReteconAddendumSindacati.txt,1
Veneto,Verona,Legnago,Comune di Legnago,Comuni,Servizi comunali,05_2406_rta_05_240919124736_4166---Protocollo_per_contrasto_alla_violenza_di_genere.stamped.txt,1
Lombardia,Milano,Legnano,Comune di Legnano,Comuni,Servizi comunali,03_2406_rta_03_240920120751_4166---protocollodiintesa.txt,1
Veneto,Rovigo,Lendinara,Comune di Lendinara,Comuni,Servizi comunali,05_2406_rta_05_240916173648_4166---ULSS5Polesana_Protocollodirete.txt,1
Lombardia,Milano,Liscate,Comune di Liscate,Comuni,Servizi comunali,03_2406_rta_03_240923113114_4166---ProtocolloReteAddaMartesanasottoscritto.txt,1
Toscana,Livorno,Livorno,Comune di Livorno,Comuni,Servizi comunali,09_LIVORNO Protocollo_ RETE ANTIVIOLENZA_ LIVORNO.txt,1
Emilia-Romagna,Bologna,Lizzano in Belvedere,Comune di Lizzano in Belvedere,Comuni,Servizi comunali,08_2406_rta_08_241015091330_4166---Protocollo_intesa_autonomia_abitativa_donne_vittime_di_violenza_CittMtrBO.txt,1
Lombardia,Milano,Locate di Triulzi,Comune di Locate di Triulzi,Comuni,Servizi comunali,03_2406_rta_03_240926122707_4166---ProtocolloReteAntiviolenzaconfirme.txt,1
Puglia,Bari,Locorotondo,Comune di Locorotondo,Comuni,Servizi comunali,16_2406_rta_16_250407164310_4166---protocollooperativoPutignano_EMI.txt | 16_2406_rta_16_250409145030_4166---protollodiintesaPutignano_reteantiviolenza.txt | 16_bari_protocollo operativo Putignano_EMI.txt | 16_bari_protollo di intesa Putignano_rete antiviolenza.txt,4
Lombardia,Lodi,Lodi,Comune di Lodi,Comuni,Servizi comunali,03_2406_rta_03_240923111659_4166---ProtocolloantiviolenzaComunediLodi_scansioneconfirme_maggio2014.txt,1
Lombardia,Lodi,Lodi Vecchio,Comune di Lodi Vecchio,Comuni,Servizi comunali,03_2406_rta_03_240923111659_4166---ProtocolloantiviolenzaComunediLodi_scansioneconfirme_maggio2014.txt,1
Lombardia,Brescia,Lodrino,Comune di Lodrino,Comuni,Servizi comunali,03_2406_rta_03_240923171949_4166---PROTOCOLLOD'INTESARETETERRITORIALEANTIVIOLENZAVALLETROMPIA2024.txt,1
Lombardia,Brescia,Lograto,Comune di Lograto,Comuni,Servizi comunali,03_2406_rta_03_240925150245_4166---ProtocolloReteARIAPalazzolo.txt,1
Emilia-Romagna,Bologna,Loiano,Comune di Loiano,Comuni,Servizi comunali,08_2406_rta_08_241015091330_4166---Protocollo_intesa_autonomia_abitativa_donne_vittime_di_violenza_CittMtrBO.txt,1
Lombardia,Brescia,Longhena,Comune di Longhena,Comuni,Servizi comunali,03_2406_rta_03_240925150245_4166---ProtocolloReteARIAPalazzolo.txt,1
Lombardia,Brescia,Lumezzane,Comune di Lumezzane,Comuni,Servizi comunali,03_2406_rta_03_240923171949_4166---PROTOCOLLOD'INTESARETETERRITORIALEANTIVIOLENZAVALLETROMPIA2024.txt,1
Marche,Macerata,Macerata,Comune di Macerata,Comuni,Servizi comunali,11_2406_rta_11_240911113235_4166---MacerataProtocollo2019_2022Firmato.txt,1
Lombardia,Brescia,Maclodio,Comune di Maclodio,Comuni,Servizi comunali,03_2406_rta_03_240925150245_4166---ProtocolloReteARIAPalazzolo.txt,1
Lombardia,Bergamo,Madone,Comune di Madone,Comuni,Servizi comunali,03_2406_rta_03_240924144947_4166---Protocollod'IntesaReteAntiviolenzaIsolaBergamascaeBassaValSanMartino2024.txt,1
Lombardia,Milano,Magenta,Comune di Magenta,Comuni,Servizi comunali,03_2406_rta_03_240920120751_4166---protocollodiintesa.txt,1
Toscana,Grosseto,Magliano in Toscana,Comune di Magliano in Toscana,Comuni,Servizi comunali,09_GROSSETO 2022 fpdf.txt,1
Lombardia,Brescia,Mairano,Comune di Mairano,Comuni,Servizi comunali,03_2406_rta_03_240925150245_4166---ProtocolloReteARIAPalazzolo.txt,1
Emilia-Romagna,Bologna,Malalbergo,Comune di Malalbergo,Comuni,Servizi comunali,08_2406_rta_08_241015091330_4166---Protocollo_intesa_autonomia_abitativa_donne_vittime_di_violenza_CittMtrBO.txt,1
Calabria,Cosenza,Malito,Comune di Malito,Comuni,Servizi comunali,18_2406_rta_18_240926102419_4166---protocollodiintesaterritorialeunito.txt,1
Veneto,Vicenza,Malo,Comune di Malo,Comuni,Servizi comunali,05_2406_rta_05_240919114041_4166---protocollounicorevisionato2024.txt,1
Toscana,Grosseto,Manciano,Comune di Manciano,Comuni,Servizi comunali,09_GROSSETO 2022 fpdf.txt,1
Puglia,Taranto,Manduria,Comune di Manduria,Comuni,Servizi comunali,16_2406_rta_16_250410170705_4166---protocolloPrefetturaProvinciaTaranto.txt | 16_taranto_protocollo Prefettura ProvinciaTaranto.txt,2
Friuli-Venezia Giulia,Pordenone,Maniago,Comune di Maniago,Comuni,Servizi comunali,06_2406_rta_06_240916164102_4166---protocollopordenoneprefettura.txt,1
Lombardia,Mantova,Mantova,Comune di Mantova,Comuni,Servizi comunali,03_2406_rta_03_240918153156_4166---Protocollo_d'Intesa_Rete_Mantova.prot.txt,1
Lombardia,Bergamo,Mapello,Comune di Mapello,Comuni,Servizi comunali,03_2406_rta_03_240924144947_4166---Protocollod'IntesaReteAntiviolenzaIsolaBergamascaeBassaValSanMartino2024.txt,1
Emilia-Romagna,Modena,Maranello,Comune di Maranello,Comuni,Servizi comunali,08_2406_rta_08_241015091725_4166---Protoc-Prefett-2017.txt,1
Veneto,Vicenza,Marano Vicentino,Comune di Marano Vicentino,Comuni,Servizi comunali,05_2406_rta_05_240919114041_4166---protocollounicorevisionato2024.txt,1
Lombardia,Brescia,Marcheno,Comune di Marcheno,Comuni,Servizi comunali,03_2406_rta_03_240923171949_4166---PROTOCOLLOD'INTESARETETERRITORIALEANTIVIOLENZAVALLETROMPIA2024.txt,1
Veneto,Venezia,Marcon,Comune di Marcon,Comuni,Servizi comunali,05_2406_rta_05_240916131522_4166---protocolloaggiornamento2023.txt,1
Puglia,Barletta-Andria-Trani,Margherita di Savoia,Comune di Margherita di Savoia,Comuni,Servizi comunali,16_2406_rta_16_250409164629_4166---convenzioneCAV-ASLBT.txt | 16_bat_convenzione CAV - ASL BT.txt,2
Friuli-Venezia Giulia,Gorizia,Mariano del Friuli,Comune di Mariano del Friuli,Comuni,Servizi comunali,06_2406_rta_06_240916164258_4166---Protocolloviolenzadomesticaedigenere_30.09.2019.txt,1
Toscana,Pistoia,Marliana,Comune di Marliana,Comuni,Servizi comunali,09_PISTOIA PROV .txt,1
Lombardia,Brescia,Marmentino,Comune di Marmentino,Comuni,Servizi comunali,03_2406_rta_03_240923171949_4166---PROTOCOLLOD'INTESARETETERRITORIALEANTIVIOLENZAVALLETROMPIA2024.txt,1
Lombardia,Varese,Marnate,Comune di Marnate,Comuni,Servizi comunali,03_2406_rta_03_240923163715_4166---PROTOCOLLOD'INTESA2017_2020.txt,1
Lombardia,Brescia,Marone,Comune di Marone,Comuni,Servizi comunali,03_2406_rta_03_240925150245_4166---ProtocolloReteARIAPalazzolo.txt,1
Umbria,Perugia,Marsciano,Comune di Marsciano,Comuni,Servizi comunali,10_2406_rta_10_250506141901_4166---ProtocollounicoregionaleRINNOVATO.txt,1
Veneto,Venezia,Martellago,Comune di Martellago,Comuni,Servizi comunali,05_2406_rta_05_240916131522_4166---protocolloaggiornamento2023.txt,1
Abruzzo,Teramo,Martinsicuro,Comune di Martinsicuro,Comuni,Servizi comunali,13_2406_rta_13_241122103653_4166---protocollodirete_cavlafenice_provinciateramo.txt,1
Emilia-Romagna,Bologna,Marzabotto,Comune di Marzabotto,Comuni,Servizi comunali,08_2406_rta_08_241015091330_4166---Protocollo_intesa_autonomia_abitativa_donne_vittime_di_violenza_CittMtrBO.txt,1
Calabria,Cosenza,Marzi,Comune di Marzi,Comuni,Servizi comunali,18_2406_rta_18_240926102419_4166---protocollodiintesaterritorialeunito.txt,1
Emilia-Romagna,Ferrara,Masi Torello,Comune di Masi Torello,Comuni,Servizi comunali,08_2406_rta_08_241015091430_4166---Protocollo_Distrettuale_Contrasto_violenza_Donne2023.stamped.txt,1
Toscana,Massa-Carrara,Massa,Comune di Massa,Comuni,Servizi comunali,09_APUANE_2015 Protocollo Prefettura.txt,1
Toscana,Grosseto,Massa Marittima,Comune di Massa Marittima,Comuni,Servizi comunali,09_GROSSETO 2022 fpdf.txt,1
Toscana,Pistoia,Massa e Cozzile,Comune di Massa e Cozzile,Comuni,Servizi comunali,09_PISTOIA PROV .txt,1
Basilicata,Matera,Matera,Comune di Matera,Comuni,Servizi comunali,17_2406_rta_17_250506142731_4166---Tavolodicoordinamentoemonitoraggio30-01-24.txt,1
Lombardia,Brescia,Mazzano,Comune di Mazzano,Comuni,Servizi comunali,03_2406_rta_03_240923101524_4166---PROTOCOLLO_DI_INTESA_versione_DEFINITIVA2021.stamped.txt,1
Friuli-Venezia Giulia,Gorizia,Medea,Comune di Medea,Comuni,Servizi comunali,06_2406_rta_06_240916164258_4166---Protocolloviolenzadomesticaedigenere_30.09.2019.txt,1
Emilia-Romagna,Bologna,Medicina,Comune di Medicina,Comuni,Servizi comunali,08_2406_rta_08_241015091330_4166---Protocollo_intesa_autonomia_abitativa_donne_vittime_di_violenza_CittMtrBO.txt,1
Lombardia,Milano,Mediglia,Comune di Mediglia,Comuni,Servizi comunali,03_2406_rta_03_240920093134_4166---Protocollo_Intesa_Rete_Antiviolenza_SudEstMilano_Paullese_2021-2023.txt,1
Lombardia,Bergamo,Medolago,Comune di Medolago,Comuni,Servizi comunali,03_2406_rta_03_240924144947_4166---Protocollod'IntesaReteAntiviolenzaIsolaBergamascaeBassaValSanMartino2024.txt,1
Lombardia,Milano,Melegnano,Comune di Melegnano,Comuni,Servizi comunali,03_2406_rta_03_240920093134_4166---Protocollo_Intesa_Rete_Antiviolenza_SudEstMilano_Paullese_2021-2023.txt,1
Lombardia,Milano,Melzo,Comune di Melzo,Comuni,Servizi comunali,03_2406_rta_03_240923113114_4166---ProtocolloReteAddaMartesanasottoscritto.txt,1
Calabria,Cosenza,Mendicino,Comune di Mendicino,Comuni,Servizi comunali,18_2406_rta_18_240925130829_4166---PROTOCOLLODIINTESA_COMUNEDIMENDICINO.txt,1
Veneto,Venezia,Meolo,Comune di Meolo,Comuni,Servizi comunali,05_2406_rta_05_240916135305_4166---protocolloulss4.txt,1
Lombardia,Milano,Mesero,Comune di Mesero,Comuni,Servizi comunali,03_2406_rta_03_240920120751_4166---protocollodiintesa.txt,1
Lombardia,Milano,Milano,Comune di Milano,Comuni,Servizi comunali,03_2406_rta_03_240923102947_4166---ProtSOTTOSCRITTO_ReteAntiviolenzaPiuIntegrazioneAprile2024(1).txt | 03_2406_rta_03_240923105244_4166---ProtocolloViolenzaMilanoFirme2023.txt,2
Emilia-Romagna,Bologna,Minerbio,Comune di Minerbio,Comuni,Servizi comunali,08_2406_rta_08_241015091330_4166---Protocollo_intesa_autonomia_abitativa_donne_vittime_di_violenza_CittMtrBO.txt,1
Puglia,Barletta-Andria-Trani,Minervino Murge,Comune di Minervino Murge,Comuni,Servizi comunali,16_2406_rta_16_250409164629_4166---convenzioneCAV-ASLBT.txt | 16_bat_convenzione CAV - ASL BT.txt,2
Veneto,Venezia,Mira,Comune di Mira,Comuni,Servizi comunali,05_2406_rta_05_240916131522_4166---protocolloaggiornamento2023.txt,1
Emilia-Romagna,Modena,Mirandola,Comune di Mirandola,Comuni,Servizi comunali,08_2406_rta_08_241015092024_4166---Protocollooperativo.txt,1
Veneto,Venezia,Mirano,Comune di Mirano,Comuni,Servizi comunali,05_2406_rta_05_240916131522_4166---protocolloaggiornamento2023.txt,1
Emilia-Romagna,Rimini,Misano Adriatico,Comune di Misano Adriatico,Comuni,Servizi comunali,08_2406_rta_08_241015091553_4166---Protocollosullaviolenzadigenere_confirme_prot.txt,1
Emilia-Romagna,Modena,Modena,Comune di Modena,Comuni,Servizi comunali,08_2406_rta_08_241015091725_4166---Protoc-Prefett-2017.txt,1
Puglia,Bari,Mola di Bari,Comune di Mola di Bari,Comuni,Servizi comunali,16_2406_rta_16_250407161043_4166---protocollooperativoMoladiBari_reteAntiviolenza.txt | 16_bari_protocollo operativo Mola di Bari_rete Antiviolenza.txt | 16_ex_Convenzione Mola di Bari.txt,3
Emilia-Romagna,Bologna,Molinella,Comune di Molinella,Comuni,Servizi comunali,08_2406_rta_08_241015091330_4166---Protocollo_intesa_autonomia_abitativa_donne_vittime_di_violenza_CittMtrBO.txt,1
Piemonte,Cuneo,Mombasiglio,Comune di Mombasiglio,Comuni,Servizi comunali,01_2406_rta_01_241018134519_4166---Protocollooperativointeristituzionaleviolenzadigenere2023-2026def.txt,1
Emilia-Romagna,Rimini,Mondaino,Comune di Mondaino,Comuni,Servizi comunali,08_2406_rta_08_241015091553_4166---Protocollosullaviolenzadigenere_confirme_prot.txt,1
Piemonte,Cuneo,Mondovi,Comune di Mondovi,Comuni,Servizi comunali,01_2406_rta_01_240920112211_4166---367772-4-Protocollo_intesa_Completo.txt,1
Friuli-Venezia Giulia,Gorizia,Monfalcone,Comune di Monfalcone,Comuni,Servizi comunali,06_2406_rta_06_240916164258_4166---Protocolloviolenzadomesticaedigenere_30.09.2019.txt,1
Emilia-Romagna,Bologna,Monghidoro,Comune di Monghidoro,Comuni,Servizi comunali,08_2406_rta_08_241015091330_4166---Protocollo_intesa_autonomia_abitativa_donne_vittime_di_violenza_CittMtrBO.txt,1
Toscana,Pistoia,Monsummano Terme,Comune di Monsummano Terme,Comuni,Servizi comunali,09_PISTOIA PROV .txt,1
Toscana,Pistoia,Montale,Comune di Montale,Comuni,Servizi comunali,09_PISTOIA PROV .txt,1
Toscana,Grosseto,Monte Argentario,Comune di Monte Argentario,Comuni,Servizi comunali,09_GROSSETO 2022 fpdf.txt,1
Lombardia,Brescia,Monte Isola,Comune di Monte Isola,Comuni,Servizi comunali,03_2406_rta_03_240925150245_4166---ProtocolloReteARIAPalazzolo.txt,1
Emilia-Romagna,Bologna,Monte San Pietro,Comune di Monte San Pietro,Comuni,Servizi comunali,08_2406_rta_08_241015091330_4166---Protocollo_intesa_autonomia_abitativa_donne_vittime_di_violenza_CittMtrBO.txt,1
Veneto,Treviso,Montebelluna,Comune di Montebelluna,Comuni,Servizi comunali,05_2406_rta_05_240917141534_4166---protocollodiretefirmato.txt,1
Toscana,Pistoia,Montecatini Terme,Comune di Montecatini Terme,Comuni,Servizi comunali,09_PISTOIA PROV .txt,1
Toscana,Pisa,Montecatini Val Di Cecina,Comune di Montecatini Val Di Cecina,Comuni,Servizi comunali,09_PISA PREF E PROV.txt,1
Abruzzo,Teramo,Montefino,Comune di Montefino,Comuni,Servizi comunali,13_2406_rta_13_241122103653_4166---protocollodirete_cavlafenice_provinciateramo.txt,1
Emilia-Romagna,Rimini,Montefiore Conca,Comune di Montefiore Conca,Comuni,Servizi comunali,08_2406_rta_08_241015091553_4166---Protocollosullaviolenzadigenere_confirme_prot.txt,1
Emilia-Romagna,Rimini,Montegridolfo,Comune di Montegridolfo,Comuni,Servizi comunali,08_2406_rta_08_241015091553_4166---Protocollosullaviolenzadigenere_confirme_prot.txt,1
Toscana,Prato,Montemurlo,Comune di Montemurlo,Comuni,Servizi comunali,09_PRATO PREF.txt,1
Toscana,Siena,Montepulciano,Comune di Montepulciano,Comuni,Servizi comunali,09_VALDICHIANA_all. decreto 37_2008 protocollo di intesa 2008.txt,1
Emilia-Romagna,Bologna,Monterenzio,Comune di Monterenzio,Comuni,Servizi comunali,08_2406_rta_08_241015091330_4166---Protocollo_intesa_autonomia_abitativa_donne_vittime_di_violenza_CittMtrBO.txt,1
Lazio,Viterbo,Monterosi,Comune di Monterosi,Comuni,Servizi comunali,12_2406_rta_12_240926112734_4166---3AccordoDistrettoVT4ePontedonna-signed(1).txt,1
Toscana,Grosseto,Monterotondo Marittimo,Comune di Monterotondo Marittimo,Comuni,Servizi comunali,09_GROSSETO 2022 fpdf.txt,1
Toscana,Pisa,Montescudaio,Comune di Montescudaio,Comuni,Servizi comunali,09_PISA PREF E PROV.txt,1
Emilia-Romagna,Rimini,Montescudo-Montecolombo,Comune di Montescudo-Montecolombo,Comuni,Servizi comunali,08_2406_rta_08_241015091553_4166---Protocollosullaviolenzadigenere_confirme_prot.txt,1
Emilia-Romagna,Modena,Montese,Comune di Montese,Comuni,Servizi comunali,08_2406_rta_08_241015091725_4166---Protoc-Prefett-2017.txt,1
Toscana,Pisa,Monteverdi Marittimo,Comune di Monteverdi Marittimo,Comuni,Servizi comunali,09_PISA PREF E PROV.txt,1
Lombardia,Brescia,Monticelli Brusati,Comune di Monticelli Brusati,Comuni,Servizi comunali,03_2406_rta_03_240925150245_4166---ProtocolloReteARIAPalazzolo.txt,1
Toscana,Grosseto,Montieri,Comune di Montieri,Comuni,Servizi comunali,09_GROSSETO 2022 fpdf.txt,1
Toscana,Massa-Carrara,Montignoso,Comune di Montignoso,Comuni,Servizi comunali,09_APUANE_2015 Protocollo Prefettura.txt,1
Lombardia,Brescia,Montirone,Comune di Montirone,Comuni,Servizi comunali,03_2406_rta_03_240923101524_4166---PROTOCOLLO_DI_INTESA_versione_DEFINITIVA2021.stamped.txt,1
Toscana,,Montopoli Valdarno,Comune di Montopoli Valdarno,Comuni,Servizi comunali,09_PISA PREF E PROV.txt,1
Abruzzo,Teramo,Montorio al Vomano,Comune di Montorio al Vomano,Comuni,Servizi comunali,13_2406_rta_13_241122103653_4166---protocollodirete_cavlafenice_provinciateramo.txt,1
Emilia-Romagna,Bologna,Monzuno,Comune di Monzuno,Comuni,Servizi comunali,08_2406_rta_08_241015091330_4166---Protocollo_intesa_autonomia_abitativa_donne_vittime_di_violenza_CittMtrBO.txt,1
Friuli-Venezia Giulia,Gorizia,Moraro,Comune di Moraro,Comuni,Servizi comunali,06_2406_rta_06_240916164258_4166---Protocolloviolenzadomesticaedigenere_30.09.2019.txt,1
Emilia-Romagna,Rimini,Morciano di Romagna,Comune di Morciano di Romagna,Comuni,Servizi comunali,08_2406_rta_08_241015091553_4166---Protocollosullaviolenzadigenere_confirme_prot.txt,1
Emilia-Romagna,Bologna,Mordano,Comune di Mordano,Comuni,Servizi comunali,08_2406_rta_08_241015091330_4166---Protocollo_intesa_autonomia_abitativa_donne_vittime_di_violenza_CittMtrBO.txt,1
Friuli-Venezia Giulia,Gorizia,Mossa,Comune di Mossa,Comuni,Servizi comunali,06_2406_rta_06_240916164258_4166---Protocolloviolenzadomesticaedigenere_30.09.2019.txt,1
Lombardia,Milano,Motta Visconti,Comune di Motta Visconti,Comuni,Servizi comunali,03_2406_rta_03_240920120751_4166---protocollodiintesa.txt,1
Abruzzo,Chieti,Mozzagrogna,Comune di Mozzagrogna,Comuni,Servizi comunali,13_2406_rta_13_241122103901_4166---Protocollirete_ortonaelancianoCAVdonn.ÿ.txt | 13_2406_rta_13_241122104158_4166---Protocollirete_ortonaelancianoCAVdonn.ÿ.txt | 13_2406_rta_13_241122104842_4166---Protocollodirete_DAFNE.txt,3
Veneto,Venezia,Musile di Piave,Comune di Musile di Piave,Comuni,Servizi comunali,05_2406_rta_05_240916135305_4166---protocolloulss4.txt,1
Puglia,Lecce,Nardo,Comune di Nardo,Comuni,Servizi comunali,16_2406_rta_16_250410144304_4166---ProtocolloOperativo-Procedureintegrateperlaprevenzioneeilcontrastoallaviolenzacontrodonneeminori-Copia_Marcato.txt,1
Umbria,Terni,Narni,Comune di Narni,Comuni,Servizi comunali,10_2406_rta_10_250506141901_4166---ProtocollounicoregionaleRINNOVATO.txt,1
Lombardia,Brescia,Nave,Comune di Nave,Comuni,Servizi comunali,03_2406_rta_03_240923171949_4166---PROTOCOLLOD'INTESARETETERRITORIALEANTIVIOLENZAVALLETROMPIA2024.txt,1
Lombardia,Milano,Nerviano,Comune di Nerviano,Comuni,Servizi comunali,03_2406_rta_03_240920120751_4166---protocollodiintesa.txt,1
Piemonte,Cuneo,Niella Tanaro,Comune di Niella Tanaro,Comuni,Servizi comunali,01_2406_rta_01_241018134519_4166---Protocollooperativointeristituzionaleviolenzadigenere2023-2026def.txt,1
Veneto,Venezia,Noale,Comune di Noale,Comuni,Servizi comunali,05_2406_rta_05_240916131522_4166---protocolloaggiornamento2023.txt,1
Puglia,Bari,Noci,Comune di Noci,Comuni,Servizi comunali,16_2406_rta_16_250407164310_4166---protocollooperativoPutignano_EMI.txt | 16_2406_rta_16_250409145030_4166---protollodiintesaPutignano_reteantiviolenza.txt | 16_bari_protocollo operativo Putignano_EMI.txt | 16_bari_protollo di intesa Putignano_rete antiviolenza.txt,4
Puglia,Bari,Noicattaro,Comune di Noicattaro,Comuni,Servizi comunali,16_2406_rta_16_250407161043_4166---protocollooperativoMoladiBari_reteAntiviolenza.txt | 16_bari_protocollo operativo Mola di Bari_rete Antiviolenza.txt | 16_ex_Convenzione Mola di Bari.txt,3
Umbria,Perugia,Norcia,Comune di Norcia,Comuni,Servizi comunali,10_2406_rta_10_250506141901_4166---ProtocollounicoregionaleRINNOVATO.txt,1
Emilia-Romagna,Rimini,Novafeltria,Comune di Novafeltria,Comuni,Servizi comunali,08_2406_rta_08_241015091553_4166---Protocollosullaviolenzadigenere_confirme_prot.txt,1
Piemonte,Novara,Novara,Comune di Novara,Comuni,Servizi comunali,01_2406_rta_01_240924140705_4166---LesConvenzionecoprogettazione.txt,1
Lombardia,Milano,Novate Milanese,Comune di Novate Milanese,Comuni,Servizi comunali,03_2406_rta_03_240926144324_4166---Protocollodiintesa.txt,1
Veneto,Venezia,Noventa di Piave,Comune di Noventa di Piave,Comuni,Servizi comunali,05_2406_rta_05_240916135305_4166---protocolloulss4.txt,1
Lombardia,Milano,Noviglio,Comune di Noviglio,Comuni,Servizi comunali,03_2406_rta_03_240926122707_4166---ProtocolloReteAntiviolenzaconfirme.txt,1
Lombardia,Brescia,Nuvolento,Comune di Nuvolento,Comuni,Servizi comunali,03_2406_rta_03_240923101524_4166---PROTOCOLLO_DI_INTESA_versione_DEFINITIVA2021.stamped.txt,1
Lombardia,Brescia,Nuvolera,Comune di Nuvolera,Comuni,Servizi comunali,03_2406_rta_03_240923101524_4166---PROTOCOLLO_DI_INTESA_versione_DEFINITIVA2021.stamped.txt,1
Lombardia,Brescia,Ome,Comune di Ome,Comuni,Servizi comunali,03_2406_rta_03_240923101524_4166---PROTOCOLLO_DI_INTESA_versione_DEFINITIVA2021.stamped.txt,1
Lombardia,Milano,Opera,Comune di Opera,Comuni,Servizi comunali,03_2406_rta_03_240926122707_4166---ProtocolloReteAntiviolenzaconfirme.txt,1
Abruzzo,L'Aquila,Opi,Comune di Opi,Comuni,Servizi comunali,13_2406_rta_13_241122111153_4166---PROTOCOLLOCASTELDISANGROEASL.txt,1
Toscana,Grosseto,Orbetello,Comune di Orbetello,Comuni,Servizi comunali,09_GROSSETO 2022 fpdf.txt,1
Toscana,Pisa,Orciano Pisano,Comune di Orciano Pisano,Comuni,Servizi comunali,09_PISA PREF E PROV.txt,1
Lazio,Viterbo,Oriolo Romano,Comune di Oriolo Romano,Comuni,Servizi comunali,12_2406_rta_12_240926112734_4166---3AccordoDistrettoVT4ePontedonna-signed(1).txt,1
Abruzzo,Chieti,Ortona,Comune di Ortona,Comuni,Servizi comunali,13_2406_rta_13_241122103901_4166---Protocollirete_ortonaelancianoCAVdonn.ÿ.txt | 13_2406_rta_13_241122104158_4166---Protocollirete_ortonaelancianoCAVdonn.ÿ.txt | 13_2406_rta_13_241122104428_4166---Protocollorete_ortonaCAVconsultoriodiocesano.txt,3
Umbria,Terni,Orvieto,Comune di Orvieto,Comuni,Servizi comunali,10_2406_rta_10_250506141901_4166---ProtocollounicoregionaleRINNOVATO.txt,1
Lombardia,Brescia,Orzinuovi,Comune di Orzinuovi,Comuni,Servizi comunali,03_2406_rta_03_240925150245_4166---ProtocolloReteARIAPalazzolo.txt,1
Lombardia,Brescia,Orzivecchi,Comune di Orzivecchi,Comuni,Servizi comunali,03_2406_rta_03_240925150245_4166---ProtocolloReteARIAPalazzolo.txt,1
Lombardia,Brescia,Ospitaletto,Comune di Ospitaletto,Comuni,Servizi comunali,03_2406_rta_03_240923101524_4166---PROTOCOLLO_DI_INTESA_versione_DEFINITIVA2021.stamped.txt,1
Emilia-Romagna,Bologna,Ozzano dell'Emilia,Comune di Ozzano dell'Emilia,Comuni,Servizi comunali,08_2406_rta_08_241015091330_4166---Protocollo_intesa_autonomia_abitativa_donne_vittime_di_violenza_CittMtrBO.txt,1
Lombardia,Milano,Paderno Dugnano,Comune di Paderno Dugnano,Comuni,Servizi comunali,03_2406_rta_03_240926144324_4166---Protocollodiintesa.txt,1
Lombardia,Brescia,Paderno Franciacorta,Comune di Paderno Franciacorta,Comuni,Servizi comunali,03_2406_rta_03_240925150245_4166---ProtocolloReteARIAPalazzolo.txt,1
Veneto,Padova,Padova,Comune di Padova,Comuni,Servizi comunali,05_2406_rta_05_240918153458_4166---protocolloprovPadova.txt,1
Puglia,Taranto,Palagianello,Comune di Palagianello,Comuni,Servizi comunali,16_2406_rta_16_250410172220_4166---protocollod'intesaCAVGinosasottoscritto.txt | 16_ex_Convenzione Ginosa.txt | 16_taranto_protocollo d'intesa CAVGinosa sottoscritto.txt,3
Toscana,Pisa,Palaia,Comune di Palaia,Comuni,Servizi comunali,09_PISA PREF E PROV.txt,1
Lombardia,Brescia,Palazzolo sull'Oglio,Comune di Palazzolo sull'Oglio,Comuni,Servizi comunali,03_2406_rta_03_240925150245_4166---ProtocolloReteARIAPalazzolo.txt,1
Calabria,Reggio Calabria,Palmi,Comune di Palmi,Comuni,Servizi comunali,18_2406_rta_18_240926102407_4166---ProtocollointesaAISM_CentroLanzino_ReteREDCALABRIA_firmadigitale.txt | 18_2406_rta_18_240926102528_4166---PROTOCOLLOAISM_PICCOLAOPERA_firma.txt,2
Lombardia,Milano,Pantigliate,Comune di Pantigliate,Comuni,Servizi comunali,03_2406_rta_03_240920093134_4166---Protocollo_Intesa_Rete_Antiviolenza_SudEstMilano_Paullese_2021-2023.txt,1
Lombardia,Milano,Parabiago,Comune di Parabiago,Comuni,Servizi comunali,03_2406_rta_03_240920120751_4166---protocollodiintesa.txt,1
Lombardia,Brescia,Paratico,Comune di Paratico,Comuni,Servizi comunali,03_2406_rta_03_240925150245_4166---ProtocolloReteARIAPalazzolo.txt,1
Calabria,Cosenza,Parenti,Comune di Parenti,Comuni,Servizi comunali,18_2406_rta_18_240926102419_4166---protocollodiintesaterritorialeunito.txt,1
Lombardia,Brescia,Passirano,Comune di Passirano,Comuni,Servizi comunali,03_2406_rta_03_240925150245_4166---ProtocolloReteARIAPalazzolo.txt,1
Calabria,Cosenza,Paterno Calabro,Comune di Paterno Calabro,Comuni,Servizi comunali,18_2406_rta_18_240926102419_4166---protocollodiintesaterritorialeunito.txt,1
Lombardia,Milano,Paullo,Comune di Paullo,Comuni,Servizi comunali,03_2406_rta_03_240920093134_4166---Protocollo_Intesa_Rete_Antiviolenza_SudEstMilano_Paullese_2021-2023.txt,1
Lombardia,Pavia,Pavia,Comune di Pavia,Comuni,Servizi comunali,03_2406_rta_03_240918151606_4166---A_RetePavia_Protocollo2021_e_Integrazioni2023_firmato_compressed.txt,1
Toscana,Pisa,Peccioli,Comune di Peccioli,Comuni,Servizi comunali,09_PISA PREF E PROV.txt,1
Lombardia,Milano,Pero,Comune di Pero,Comuni,Servizi comunali,03_2406_rta_03_240926144324_4166---Protocollodiintesa.txt,1
Umbria,Perugia,Perugia,Comune di Perugia,Comuni,Servizi comunali,10_2406_rta_10_250506141901_4166---ProtocollounicoregionaleRINNOVATO.txt,1
Marche,Pesaro e Urbino,Pesaro,Comune di Pesaro,Comuni,Servizi comunali,11_2406_rta_11_240911113034_4166---protocollodireteantiviolenza2020-2022-uuvv.txt,1
Abruzzo,Pescara,Pescara,Comune di Pescara,Comuni,Servizi comunali,13_2406_rta_13_241122115416_4166---PROTOCOLLOPESCARA.txt,1
Lombardia,Milano,Peschiera Borromeo,Comune di Peschiera Borromeo,Comuni,Servizi comunali,03_2406_rta_03_240920093134_4166---Protocollo_Intesa_Rete_Antiviolenza_SudEstMilano_Paullese_2021-2023.txt,1
Toscana,Pistoia,Pescia,Comune di Pescia,Comuni,Servizi comunali,09_PISTOIA PROV .txt,1
Abruzzo,L'Aquila,Pescocostanzo,Comune di Pescocostanzo,Comuni,Servizi comunali,13_2406_rta_13_241122111153_4166---PROTOCOLLOCASTELDISANGROEASL.txt,1
Lombardia,Milano,Pessano con Bornago,Comune di Pessano con Bornago,Comuni,Servizi comunali,03_2406_rta_03_240923113114_4166---ProtocolloReteAddaMartesanasottoscritto.txt,1
Lombardia,Brescia,Pezzaze,Comune di Pezzaze,Comuni,Servizi comunali,03_2406_rta_03_240923171949_4166---PROTOCOLLOD'INTESARETETERRITORIALEANTIVIOLENZAVALLETROMPIA2024.txt,1
Emilia-Romagna,Piacenza,Piacenza,Comune di Piacenza,Comuni,Servizi comunali,08_2406_rta_08_241015091832_4166---P.G.111546-2023PROTOCOLLOOPERATIVOFENOMENOVIOLENZADONNE(1).txt | 08_2406_rta_08_241015091917_4166---Protocollo2022-2024.txt | 08_2406_rta_08_241015092005_4166---DG216-2024.txt,3
Veneto,Venezia,Pianiga,Comune di Pianiga,Comuni,Servizi comunali,05_2406_rta_05_240916131522_4166---protocolloaggiornamento2023.txt,1
Emilia-Romagna,Bologna,Pianoro,Comune di Pianoro,Comuni,Servizi comunali,08_2406_rta_08_241015091330_4166---Protocollo_intesa_autonomia_abitativa_donne_vittime_di_violenza_CittMtrBO.txt,1
Lombardia,Milano,Pieve Emanuele,Comune di Pieve Emanuele,Comuni,Servizi comunali,03_2406_rta_03_240926122707_4166---ProtocolloReteAntiviolenzaconfirme.txt,1
Toscana,Pistoia,Pieve a Nievole,Comune di Pieve a Nievole,Comuni,Servizi comunali,09_PISTOIA PROV .txt,1
Emilia-Romagna,Bologna,Pieve di Cento,Comune di Pieve di Cento,Comuni,Servizi comunali,08_2406_rta_08_241015091330_4166---Protocollo_intesa_autonomia_abitativa_donne_vittime_di_violenza_CittMtrBO.txt,1
Abruzzo,Teramo,Pineto,Comune di Pineto,Comuni,Servizi comunali,13_2406_rta_13_241122103653_4166---protocollodirete_cavlafenice_provinciateramo.txt,1
Lombardia,Milano,Pioltello,Comune di Pioltello,Comuni,Servizi comunali,03_2406_rta_03_240923113114_4166---ProtocolloReteAddaMartesanasottoscritto.txt,1
Toscana,Pisa,Pisa,Comune di Pisa,Comuni,Servizi comunali,09_PISA PREF E PROV.txt,1
Toscana,Pistoia,Pistoia,Comune di Pistoia,Comuni,Servizi comunali,09_PISTOIA PROV .txt,1
Toscana,,Piteglio,Comune di Piteglio,Comuni,Servizi comunali,09_PISTOIA PROV .txt,1
Toscana,Grosseto,Pitigliano,Comune di Pitigliano,Comuni,Servizi comunali,09_GROSSETO 2022 fpdf.txt,1
Puglia,Lecce,Poggiardo,Comune di Poggiardo,Comuni,Servizi comunali,16_2406_rta_16_250410144304_4166---ProtocolloOperativo-Procedureintegrateperlaprevenzioneeilcontrastoallaviolenzacontrodonneeminori-Copia_Marcato.txt,1
Toscana,Siena,Poggibonsi,Comune di Poggibonsi,Comuni,Servizi comunali,09_ALTA VALDELSA Protocollo-violenza-valdelsa-2022_ALTA VALDELSA.txt,1
Toscana,Prato,Poggio a Caiano,Comune di Poggio a Caiano,Comuni,Servizi comunali,09_PRATO PREF.txt,1
Lombardia,Milano,Pogliano Milanese,Comune di Pogliano Milanese,Comuni,Servizi comunali,03_2406_rta_03_240926144324_4166---Protocollodiintesa.txt,1
Lombardia,Brescia,Polaveno,Comune di Polaveno,Comuni,Servizi comunali,03_2406_rta_03_240923171949_4166---PROTOCOLLOD'INTESARETETERRITORIALEANTIVIOLENZAVALLETROMPIA2024.txt,1
Toscana,Pisa,Pomarance,Comune di Pomarance,Comuni,Servizi comunali,09_PISA PREF E PROV.txt,1
Lombardia,Brescia,Pompiano,Comune di Pompiano,Comuni,Servizi comunali,03_2406_rta_03_240925150245_4166---ProtocolloReteARIAPalazzolo.txt,1
Lombardia,Brescia,Poncarale,Comune di Poncarale,Comuni,Servizi comunali,03_2406_rta_03_240923101524_4166---PROTOCOLLO_DI_INTESA_versione_DEFINITIVA2021.stamped.txt,1
Toscana,Pisa,Ponsacco,Comune di Ponsacco,Comuni,Servizi comunali,09_PISA PREF E PROV.txt,1
Toscana,Firenze,Pontassieve,Comune di Pontassieve,Comuni,Servizi comunali,09_FIRENZE Linee-di-indirizzo2024.txt,1
Toscana,Pistoia,Ponte Buggianese,Comune di Ponte Buggianese,Comuni,Servizi comunali,09_PISTOIA PROV .txt,1
Lombardia,Bergamo,Ponte San Pietro,Comune di Ponte San Pietro,Comuni,Servizi comunali,03_2406_rta_03_240924144947_4166---Protocollod'IntesaReteAntiviolenzaIsolaBergamascaeBassaValSanMartino2024.txt,1
Toscana,Pisa,Pontedera,Comune di Pontedera,Comuni,Servizi comunali,09_PISA PREF E PROV.txt,1
Lombardia,Bergamo,Pontida,Comune di Pontida,Comuni,Servizi comunali,03_2406_rta_03_240924144947_4166---Protocollod'IntesaReteAntiviolenzaIsolaBergamascaeBassaValSanMartino2024.txt,1
Lombardia,Brescia,Pontoglio,Comune di Pontoglio,Comuni,Servizi comunali,03_2406_rta_03_240925150245_4166---ProtocolloReteARIAPalazzolo.txt,1
Friuli-Venezia Giulia,Pordenone,Pordenone,Comune di Pordenone,Comuni,Servizi comunali,06_2406_rta_06_240916164102_4166---protocollopordenoneprefettura.txt,1
Veneto,Venezia,Portogruaro,Comune di Portogruaro,Comuni,Servizi comunali,05_2406_rta_05_240916135305_4166---protocolloulss4.txt,1
Basilicata,Potenza,Potenza,Comune di Potenza,Comuni,Servizi comunali,17_2406_rta_17_250506142731_4166---Tavolodicoordinamentoemonitoraggio30-01-24.txt,1
Lombardia,Milano,Pozzo d'Adda,Comune di Pozzo d'Adda,Comuni,Servizi comunali,03_2406_rta_03_240923113114_4166---ProtocolloReteAddaMartesanasottoscritto.txt,1
Lombardia,Milano,Pozzuolo Martesana,Comune di Pozzuolo Martesana,Comuni,Servizi comunali,03_2406_rta_03_240923113114_4166---ProtocolloReteAddaMartesanasottoscritto.txt,1
Veneto,Venezia,Pramaggiore,Comune di Pramaggiore,Comuni,Servizi comunali,05_2406_rta_05_240916135305_4166---protocolloulss4.txt,1
Toscana,Prato,Prato,Comune di Prato,Comuni,Servizi comunali,09_PRATO PREF.txt,1
Lombardia,Milano,Pregnana Milanese,Comune di Pregnana Milanese,Comuni,Servizi comunali,03_2406_rta_03_240926144324_4166---Protocollodiintesa.txt,1
Lombardia,Bergamo,Presezzo,Comune di Presezzo,Comuni,Servizi comunali,03_2406_rta_03_240924144947_4166---Protocollod'IntesaReteAntiviolenzaIsolaBergamascaeBassaValSanMartino2024.txt,1
Piemonte,Cuneo,Priola,Comune di Priola,Comuni,Servizi comunali,01_2406_rta_01_241018134519_4166---Protocollooperativointeristituzionaleviolenzadigenere2023-2026def.txt,1
Lombardia,Brescia,Provaglio d'Iseo,Comune di Provaglio d'Iseo,Comuni,Servizi comunali,03_2406_rta_03_240925150245_4166---ProtocolloReteARIAPalazzolo.txt,1
Puglia,Bari,Putignano,Comune di Putignano,Comuni,Servizi comunali,16_2406_rta_16_250407164310_4166---protocollooperativoPutignano_EMI.txt | 16_2406_rta_16_250409145030_4166---protollodiintesaPutignano_reteantiviolenza.txt | 16_bari_protocollo operativo Putignano_EMI.txt | 16_bari_protollo di intesa Putignano_rete antiviolenza.txt,4
Toscana,Pistoia,Quarrata,Comune di Quarrata,Comuni,Servizi comunali,09_PISTOIA PROV .txt,1
Veneto,Venezia,Quarto d'Altino,Comune di Quarto d'Altino,Comuni,Servizi comunali,05_2406_rta_05_240916131522_4166---protocolloaggiornamento2023.txt,1
Lombardia,Brescia,Quinzano d'Oglio,Comune di Quinzano d'Oglio,Comuni,Servizi comunali,03_2406_rta_03_240925150245_4166---ProtocolloReteARIAPalazzolo.txt,1
Toscana,Siena,Radicondoli,Comune di Radicondoli,Comuni,Servizi comunali,09_ALTA VALDELSA Protocollo-violenza-valdelsa-2022_ALTA VALDELSA.txt,1
Emilia-Romagna,Ravenna,Ravenna,Comune di Ravenna,Comuni,Servizi comunali,08_2406_rta_08_241015091748_4166---ProtocolloProvincialeCaserifugio2023.2025.txt,1
Emilia-Romagna,,Reggio Emilia,Comune di Reggio Emilia,Comuni,Servizi comunali,08_2406_rta_08_241015091655_4166---Aggiornamentointegrazioneprotocollooperativoapprovatonelgiugno2008.txt,1
Calabria,Cosenza,Rende,Comune di Rende,Comuni,Servizi comunali,18_2406_rta_18_240925130829_4166---PROTOCOLLODIINTESA_COMUNEDIMENDICINO.txt,1
Lombardia,Milano,Rescaldina,Comune di Rescaldina,Comuni,Servizi comunali,03_2406_rta_03_240920120751_4166---protocollodiintesa.txt,1
Lombardia,Brescia,Rezzato,Comune di Rezzato,Comuni,Servizi comunali,03_2406_rta_03_240923101524_4166---PROTOCOLLO_DI_INTESA_versione_DEFINITIVA2021.stamped.txt,1
Lombardia,Milano,Rho,Comune di Rho,Comuni,Servizi comunali,03_2406_rta_03_240926144324_4166---Protocollodiintesa.txt,1
Emilia-Romagna,Rimini,Riccione,Comune di Riccione,Comuni,Servizi comunali,08_2406_rta_08_241015091553_4166---Protocollosullaviolenzadigenere_confirme_prot.txt,1
Lazio,Rieti,Rieti,Comune di Rieti,Comuni,Servizi comunali,12_2406_rta_12_241001130527_4166---protocollocontrolaviolenzadigenere.pdfpdf.txt,1
Emilia-Romagna,Rimini,Rimini,Comune di Rimini,Comuni,Servizi comunali,08_2406_rta_08_241015091553_4166---Protocollosullaviolenzadigenere_confirme_prot.txt,1
Emilia-Romagna,Ravenna,Riolo Terme,Comune di Riolo Terme,Comuni,Servizi comunali,08_2406_rta_08_241015092049_4166---PROTOCOLLOD.G.C.FAENZA304-2009.txt,1
Toscana,Pisa,Riparbella,Comune di Riparbella,Comuni,Servizi comunali,09_PISA PREF E PROV.txt,1
Emilia-Romagna,Ferrara,Riva del Po,Comune di Riva del Po,Comuni,Servizi comunali,08_2406_rta_08_241015091430_4166---Protocollo_Distrettuale_Contrasto_violenza_Donne2023.stamped.txt,1
Abruzzo,L'Aquila,Rivisondoli,Comune di Rivisondoli,Comuni,Servizi comunali,13_2406_rta_13_241122111153_4166---PROTOCOLLOCASTELDISANGROEASL.txt,1
Piemonte,Torino,Rivoli,Comune di Rivoli,Comuni,Servizi comunali,01_2406_rta_01_240909113151_4166---CONVENZIONERIVOLI.txt,1
Abruzzo,L'Aquila,Rocca Pia,Comune di Rocca Pia,Comuni,Servizi comunali,13_2406_rta_13_241122111153_4166---PROTOCOLLOCASTELDISANGROEASL.txt,1
Abruzzo,Chieti,Rocca San Giovanni,Comune di Rocca San Giovanni,Comuni,Servizi comunali,13_2406_rta_13_241122103901_4166---Protocollirete_ortonaelancianoCAVdonn.ÿ.txt | 13_2406_rta_13_241122104158_4166---Protocollirete_ortonaelancianoCAVdonn.ÿ.txt | 13_2406_rta_13_241122104842_4166---Protocollodirete_DAFNE.txt,3
Abruzzo,Teramo,Rocca Santa Maria,Comune di Rocca Santa Maria,Comuni,Servizi comunali,13_2406_rta_13_241122103653_4166---protocollodirete_cavlafenice_provinciateramo.txt,1
Lombardia,Brescia,Roccafranca,Comune di Roccafranca,Comuni,Servizi comunali,03_2406_rta_03_240925150245_4166---ProtocolloReteARIAPalazzolo.txt,1
Abruzzo,L'Aquila,Roccaraso,Comune di Roccaraso,Comuni,Servizi comunali,13_2406_rta_13_241122111153_4166---PROTOCOLLOCASTELDISANGROEASL.txt,1
Lombardia,Milano,Rodano,Comune di Rodano,Comuni,Servizi comunali,03_2406_rta_03_240923113114_4166---ProtocolloReteAddaMartesanasottoscritto.txt,1
Lombardia,Brescia,Rodengo Saiano,Comune di Rodengo Saiano,Comuni,Servizi comunali,03_2406_rta_03_240923101524_4166---PROTOCOLLO_DI_INTESA_versione_DEFINITIVA2021.stamped.txt,1
Lazio,Roma,Roma,Comune di Roma,Comuni,Servizi comunali,12_2406_rta_12_241004090303_4166---2ProtCAVPAOLALATTESTorraccia(1).txt | 12_2406_rta_12_241008151247_4166---3.prot.txt,2
Friuli-Venezia Giulia,Gorizia,Romans d'Isonzo,Comune di Romans d'Isonzo,Comuni,Servizi comunali,06_2406_rta_06_240916164258_4166---Protocolloviolenzadomesticaedigenere_30.09.2019.txt,1
Lombardia,Brescia,Roncadelle,Comune di Roncadelle,Comuni,Servizi comunali,03_2406_rta_03_240923101524_4166---PROTOCOLLO_DI_INTESA_versione_DEFINITIVA2021.stamped.txt,1
Friuli-Venezia Giulia,Gorizia,Ronchi dei Legionari,Comune di Ronchi dei Legionari,Comuni,Servizi comunali,06_2406_rta_06_240916164258_4166---Protocolloviolenzadomesticaedigenere_30.09.2019.txt,1
Lazio,Viterbo,Ronciglione,Comune di Ronciglione,Comuni,Servizi comunali,12_2406_rta_12_240926112734_4166---3AccordoDistrettoVT4ePontedonna-signed(1).txt,1
Abruzzo,Teramo,Roseto degli Abruzzi,Comune di Roseto degli Abruzzi,Comuni,Servizi comunali,13_2406_rta_13_241122103653_4166---protocollodirete_cavlafenice_provinciateramo.txt,1
Lombardia,Brescia,Rovato,Comune di Rovato,Comuni,Servizi comunali,03_2406_rta_03_240925150245_4166---ProtocolloReteARIAPalazzolo.txt,1
Veneto,Rovigo,Rovigo,Comune di Rovigo,Comuni,Servizi comunali,05_2406_rta_05_240916173648_4166---ULSS5Polesana_Protocollodirete.txt,1
Lombardia,Milano,Rozzano,Comune di Rozzano,Comuni,Servizi comunali,03_2406_rta_03_240926122707_4166---ProtocolloReteAntiviolenzaconfirme.txt,1
Lombardia,Brescia,Rudiano,Comune di Rudiano,Comuni,Servizi comunali,03_2406_rta_03_240925150245_4166---ProtocolloReteARIAPalazzolo.txt,1
Emilia-Romagna,Ravenna,Russi,Comune di Russi,Comuni,Servizi comunali,08_2406_rta_08_241015091748_4166---ProtocolloProvincialeCaserifugio2023.2025.txt,1
Puglia,Bari,Rutigliano,Comune di Rutigliano,Comuni,Servizi comunali,16_2406_rta_16_250407161043_4166---protocollooperativoMoladiBari_reteAntiviolenza.txt | 16_bari_protocollo operativo Mola di Bari_rete Antiviolenza.txt | 16_ex_Convenzione Mola di Bari.txt,3
Friuli-Venezia Giulia,Pordenone,Sacile,Comune di Sacile,Comuni,Servizi comunali,06_2406_rta_06_240916164102_4166---protocollopordenoneprefettura.txt,1
Friuli-Venezia Giulia,Gorizia,Sagrado,Comune di Sagrado,Comuni,Servizi comunali,06_2406_rta_06_240916164258_4166---Protocolloviolenzadomesticaedigenere_30.09.2019.txt,1
Emilia-Romagna,Bologna,Sala Bolognese,Comune di Sala Bolognese,Comuni,Servizi comunali,08_2406_rta_08_241015091330_4166---Protocollo_intesa_autonomia_abitativa_donne_vittime_di_violenza_CittMtrBO.txt,1
Lombardia,Brescia,Sale Marasino,Comune di Sale Marasino,Comuni,Servizi comunali,03_2406_rta_03_240925150245_4166---ProtocolloReteARIAPalazzolo.txt,1
Emilia-Romagna,Rimini,Saludecio,Comune di Saludecio,Comuni,Servizi comunali,08_2406_rta_08_241015091553_4166---Protocollosullaviolenzadigenere_confirme_prot.txt,1
Piemonte,Cuneo,Saluzzo,Comune di Saluzzo,Comuni,Servizi comunali,01_2406_rta_01_240920112211_4166---367772-4-Protocollo_intesa_Completo.txt,1
Veneto,Venezia,Salzano,Comune di Salzano,Comuni,Servizi comunali,05_2406_rta_05_240916131522_4166---protocolloaggiornamento2023.txt,1
Toscana,Pistoia,Sambuca Pistoiese,Comune di Sambuca Pistoiese,Comuni,Servizi comunali,09_PISTOIA PROV .txt,1
Puglia,Bari,Sammichele di Bari,Comune di Sammichele di Bari,Comuni,Servizi comunali,16_2406_rta_16_250312162108_4166---protocollooperativoGioiadelColle_EMI.txt | 16_bari_protocollo operativo Gioia del Colle_EMI.txt | 16_ex_Convenzione Gioia del Colle.txt,3
Emilia-Romagna,Bologna,San Benedetto Val di Sambro,Comune di San Benedetto Val di Sambro,Comuni,Servizi comunali,08_2406_rta_08_241015091330_4166---Protocollo_intesa_autonomia_abitativa_donne_vittime_di_violenza_CittMtrBO.txt,1
Marche,Ascoli Piceno,San Benedetto del Tronto,Comune di San Benedetto del Tronto con la Cabina di Regia comunale di Contrasto della Violenza relazionale,Comuni,Servizi comunali,11_2406_rta_11_240911113911_4166---AscoliPPROTOCOLLOoperativo_2019_2021.txt,1
Friuli-Venezia Giulia,Gorizia,San Canzian d'Isonzo,Comune di San Canzian d'Isonzo,Comuni,Servizi comunali,06_2406_rta_06_240916164258_4166---Protocolloviolenzadomesticaedigenere_30.09.2019.txt,1
Toscana,,San Casciano Val di Pesa,Comune di San Casciano Val di Pesa,Comuni,Servizi comunali,09_FIRENZE Linee-di-indirizzo2024.txt,1
Toscana,Siena,San Casciano dei Bagni,Comune di San Casciano dei Bagni,Comuni,Servizi comunali,09_VALDICHIANA_all. decreto 37_2008 protocollo di intesa 2008.txt,1
Emilia-Romagna,Modena,San Cesario sul Panaro,Comune di San Cesario sul Panaro,Comuni,Servizi comunali,08_2406_rta_08_241015091725_4166---Protoc-Prefett-2017.txt,1
Emilia-Romagna,Rimini,San Clemente,Comune di San Clemente,Comuni,Servizi comunali,08_2406_rta_08_241015091553_4166---Protocollosullaviolenzadigenere_confirme_prot.txt,1
Lombardia,Milano,San Colombano al Lambro,Comune di San Colombano al Lambro,Comuni,Servizi comunali,03_2406_rta_03_240923111659_4166---ProtocolloantiviolenzaComunediLodi_scansioneconfirme_maggio2014.txt,1
Veneto,Venezia,San Dona di Piave,Comune di San Dona di Piave,Comuni,Servizi comunali,05_2406_rta_05_240916135305_4166---protocolloulss4.txt,1
Lombardia,Milano,San Donato Milanese,Comune di San Donato Milanese,Comuni,Servizi comunali,03_2406_rta_03_240920093134_4166---Protocollo_Intesa_Rete_Antiviolenza_SudEstMilano_Paullese_2021-2023.txt,1
Puglia,Barletta-Andria-Trani,San Ferdinando di Puglia,Comune di San Ferdinando di Puglia,Comuni,Servizi comunali,16_2406_rta_16_250409164629_4166---convenzioneCAV-ASLBT.txt | 16_bat_convenzione CAV - ASL BT.txt,2
Veneto,,San Floriano del Collio,Comune di San Floriano del Collio,Comuni,Servizi comunali,06_2406_rta_06_240916164258_4166---Protocolloviolenzadomesticaedigenere_30.09.2019.txt,1
Toscana,Siena,San Gimignano,Comune di San Gimignano,Comuni,Servizi comunali,09_ALTA VALDELSA Protocollo-violenza-valdelsa-2022_ALTA VALDELSA.txt,1
Emilia-Romagna,Bologna,San Giorgio di Piano,Comune di San Giorgio di Piano,Comuni,Servizi comunali,08_2406_rta_08_241015091330_4166---Protocollo_intesa_autonomia_abitativa_donne_vittime_di_violenza_CittMtrBO.txt,1
Lombardia,Milano,San Giorgio su Legnano,Comune di San Giorgio su Legnano,Comuni,Servizi comunali,03_2406_rta_03_240920120751_4166---protocollodiintesa.txt,1
Emilia-Romagna,Rimini,San Giovanni in Marignano,Comune di San Giovanni in Marignano,Comuni,Servizi comunali,08_2406_rta_08_241015091553_4166---Protocollosullaviolenzadigenere_confirme_prot.txt,1
Emilia-Romagna,Bologna,San Giovanni in Persiceto,Comune di San Giovanni in Persiceto,Comuni,Servizi comunali,08_2406_rta_08_241015091330_4166---Protocollo_intesa_autonomia_abitativa_donne_vittime_di_violenza_CittMtrBO.txt,1
Lombardia,Milano,San Giuliano Milanese,Comune di San Giuliano Milanese,Comuni,Servizi comunali,03_2406_rta_03_240920093134_4166---Protocollo_Intesa_Rete_Antiviolenza_SudEstMilano_Paullese_2021-2023.txt,1
Toscana,Pisa,San Giuliano Terme,Comune di San Giuliano Terme,Comuni,Servizi comunali,09_PISA PREF E PROV.txt,1
Emilia-Romagna,Bologna,San Lazzaro di Savena,Comune di San Lazzaro di Savena,Comuni,Servizi comunali,08_2406_rta_08_241015091310_4166---Accordo_Contrasto_alla_violenza_CittMtrBO.txt | 08_2406_rta_08_241015091330_4166---Protocollo_intesa_autonomia_abitativa_donne_vittime_di_violenza_CittMtrBO.txt,3
Friuli-Venezia Giulia,Gorizia,San Lorenzo Isontino,Comune di San Lorenzo Isontino,Comuni,Servizi comunali,06_2406_rta_06_240916164258_4166---Protocolloviolenzadomesticaedigenere_30.09.2019.txt,1
Toscana,,San Marcello Pistoiese,Comune di San Marcello Pistoiese,Comuni,Servizi comunali,09_PISTOIA PROV .txt,1
Veneto,Venezia,San Michele al Tagliamento,Comune di San Michele al Tagliamento,Comuni,Servizi comunali,05_2406_rta_05_240916135305_4166---protocolloulss4.txt,1
Toscana,Pisa,San Miniato,Comune di San Miniato,Comuni,Servizi comunali,09_PISA PREF E PROV.txt,1
Lombardia,Brescia,San Paolo,Comune di San Paolo,Comuni,Servizi comunali,03_2406_rta_03_240925150245_4166---ProtocolloReteARIAPalazzolo.txt,1
Friuli-Venezia Giulia,Gorizia,San Pier d'Isonzo,Comune di San Pier d'Isonzo,Comuni,Servizi comunali,06_2406_rta_06_240916164258_4166---Protocolloviolenzadomesticaedigenere_30.09.2019.txt,1
Emilia-Romagna,Bologna,San Pietro in Casale,Comune di San Pietro in Casale,Comuni,Servizi comunali,08_2406_rta_08_241015091330_4166---Protocollo_intesa_autonomia_abitativa_donne_vittime_di_violenza_CittMtrBO.txt,1
Veneto,Venezia,San Stino di Livenza,Comune di San Stino di Livenza,Comuni,Servizi comunali,05_2406_rta_05_240916135305_4166---protocolloulss4.txt,1
Abruzzo,Chieti,San Vito Chietino,Comune di San Vito Chietino,Comuni,Servizi comunali,13_2406_rta_13_241122103901_4166---Protocollirete_ortonaelancianoCAVdonn.ÿ.txt | 13_2406_rta_13_241122104158_4166---Protocollirete_ortonaelancianoCAVdonn.ÿ.txt | 13_2406_rta_13_241122104842_4166---Protocollodirete_DAFNE.txt,3
Friuli-Venezia Giulia,Pordenone,San Vito al Tagliamento,Comune di San Vito al Tagliamento,Comuni,Servizi comunali,06_2406_rta_06_240916164102_4166---protocollopordenoneprefettura.txt,1
Lombardia,Milano,San Vittore Olona,Comune di San Vittore Olona,Comuni,Servizi comunali,03_2406_rta_03_240920120751_4166---protocollodiintesa.txt,1
Lombardia,Brescia,San Zeno Naviglio,Comune di San Zeno Naviglio,Comuni,Servizi comunali,03_2406_rta_03_240923101524_4166---PROTOCOLLO_DI_INTESA_versione_DEFINITIVA2021.stamped.txt,1
Lombardia,Milano,San Zenone al Lambro,Comune di San Zenone al Lambro,Comuni,Servizi comunali,03_2406_rta_03_240920093134_4166---Protocollo_Intesa_Rete_Antiviolenza_SudEstMilano_Paullese_2021-2023.txt,1
Puglia,Bari,Sannicandro di Bari,Comune di Sannicandro di Bari,Comuni,Servizi comunali,16_2406_rta_16_250312164250_4166---protocollooperativoGrumo_EMI.txt | 16_bari_protocollo operativo Grumo_EMI.txt | 16_ex_Convenzione Grumo Appula.txt,3
Liguria,Imperia,Sanremo,Comune di Sanremo,Comuni,Servizi comunali,07_2406_rta_07_240916163956_4166---DGR477_2022_Protocollo.txt,1
Emilia-Romagna,Bologna,Sant'Agata Bolognese,Comune di Sant'Agata Bolognese,Comuni,Servizi comunali,08_2406_rta_08_241015091330_4166---Protocollo_intesa_autonomia_abitativa_donne_vittime_di_violenza_CittMtrBO.txt,1
Lombardia,Lodi,Sant'Angelo Lodigiano,Comune di Sant'Angelo Lodigiano,Comuni,Servizi comunali,03_2406_rta_03_240923111659_4166---ProtocolloantiviolenzaComunediLodi_scansioneconfirme_maggio2014.txt,1
Toscana,Pisa,Santa Croce sull'Arno,Comune di Santa Croce sull'Arno,Comuni,Servizi comunali,09_PISA PREF E PROV.txt,1
Toscana,Pisa,Santa Luce,Comune di Santa Luce,Comuni,Servizi comunali,09_PISA PREF E PROV.txt,1
Abruzzo,Chieti,Santa Maria Imbaro,Comune di Santa Maria Imbaro,Comuni,Servizi comunali,13_2406_rta_13_241122103901_4166---Protocollirete_ortonaelancianoCAVdonn.ÿ.txt | 13_2406_rta_13_241122104158_4166---Protocollirete_ortonaelancianoCAVdonn.ÿ.txt | 13_2406_rta_13_241122104842_4166---Protocollodirete_DAFNE.txt,3
Toscana,Pisa,Santa Maria a Monte,Comune di Santa Maria a Monte,Comuni,Servizi comunali,09_PISA PREF E PROV.txt,1
Veneto,Venezia,Santa Maria di Sala,Comune di Santa Maria di Sala,Comuni,Servizi comunali,05_2406_rta_05_240916131522_4166---protocolloaggiornamento2023.txt,1
Emilia-Romagna,Rimini,Santarcangelo di Romagna,Comune di Santarcangelo di Romagna,Comuni,Servizi comunali,08_2406_rta_08_241015091553_4166---Protocollosullaviolenzadigenere_confirme_prot.txt,1
Lombardia,Brescia,Sarezzo,Comune di Sarezzo,Comuni,Servizi comunali,03_2406_rta_03_240923171949_4166---PROTOCOLLOD'INTESARETETERRITORIALEANTIVIOLENZAVALLETROMPIA2024.txt,1
Lombardia,Varese,Saronno,Comune di Saronno,Comuni,Servizi comunali,"03_2406_rta_03_240923164603_4166---ProtocolloreteantiviolenzaBusto,Gallarate,Saronno,SommaLombardo-2024.txt",1
Toscana,Siena,Sarteano,Comune di Sarteano,Comuni,Servizi comunali,09_VALDICHIANA_all. decreto 37_2008 protocollo di intesa 2008.txt,1
Emilia-Romagna,Bologna,Sasso Marconi,Comune di Sasso Marconi,Comuni,Servizi comunali,08_2406_rta_08_241015091330_4166---Protocollo_intesa_autonomia_abitativa_donne_vittime_di_violenza_CittMtrBO.txt,2
Emilia-Romagna,Modena,Sassuolo,Comune di Sassuolo,Comuni,Servizi comunali,08_2406_rta_08_241015091725_4166---Protoc-Prefett-2017.txt,1
Piemonte,Cuneo,Savigliano,Comune di Savigliano,Comuni,Servizi comunali,01_2406_rta_01_240920112211_4166---367772-4-Protocollo_intesa_Completo.txt,1
Veneto,,Savogna d'Isonzo,Comune di Savogna d'Isonzo,Comuni,Servizi comunali,06_2406_rta_06_240916164258_4166---Protocolloviolenzadomesticaedigenere_30.09.2019.txt,1
Liguria,Savona,Savona,Comune di Savona,Comuni,Servizi comunali,07_2406_rta_07_240916163956_4166---DGR477_2022_Protocollo.txt,1
Toscana,Firenze,Scandicci,Comune di Scandicci,Comuni,Servizi comunali,09_FIRENZE Linee-di-indirizzo2024.txt,1
Toscana,Grosseto,Scansano,Comune di Scansano,Comuni,Servizi comunali,09_GROSSETO 2022 fpdf.txt,1
Toscana,Grosseto,Scarlino,Comune di Scarlino,Comuni,Servizi comunali,09_GROSSETO 2022 fpdf.txt,1
Veneto,Vicenza,Schio,Comune di Schio,Comuni,Servizi comunali,05_2406_rta_05_240919114041_4166---protocollounicorevisionato2024.txt,1
Calabria,Cosenza,Scigliano,Comune di Scigliano,Comuni,Servizi comunali,18_2406_rta_18_240926102419_4166---protocollodiintesaterritorialeunito.txt,1
Abruzzo,L'Aquila,Scontrone,Comune di Scontrone,Comuni,Servizi comunali,13_2406_rta_13_241122111153_4166---PROTOCOLLOCASTELDISANGROEASL.txt,1
Veneto,Venezia,Scorze,Comune di Scorze,Comuni,Servizi comunali,05_2406_rta_05_240916131522_4166---protocolloaggiornamento2023.txt,1
Lombardia,Milano,Segrate,Comune di Segrate,Comuni,Servizi comunali,03_2406_rta_03_240923113114_4166---ProtocolloReteAddaMartesanasottoscritto.txt,1
Lombardia,Milano,Senago,Comune di Senago,Comuni,Servizi comunali,03_2406_rta_03_240926144324_4166---Protocollodiintesa.txt,1
Lombardia,Bergamo,Seriate,Comune di Seriate,Comuni,Servizi comunali,03_2406_rta_03_240923114012_4166---23-9-2024ProtocolloReteRita_signed_signed_signedDEF_signed_signed-signed_signed(1).txt,1
Toscana,Pistoia,Serravalle Pistoiese,Comune di Serravalle Pistoiese,Comuni,Servizi comunali,09_PISTOIA PROV .txt,1
Toscana,Firenze,Sesto Fiorentino,Comune di Sesto Fiorentino,Comuni,Servizi comunali,09_FIRENZE Linee-di-indirizzo2024.txt,1
Lombardia,Milano,Sesto San Giovanni,Comune di Sesto San Giovanni,Comuni,Servizi comunali,03_2406_rta_03_240923103647_4166---protocolloreteantiviolenzacinisello2019(1).txt,1
Lombardia,Milano,Settala,Comune di Settala,Comuni,Servizi comunali,03_2406_rta_03_240923113114_4166---ProtocolloReteAddaMartesanasottoscritto.txt,1
Lombardia,,Settimo,Comune di Settimo,Comuni,Servizi comunali,03_2406_rta_03_240926144324_4166---Protocollodiintesa.txt,1
Calabria,Catanzaro,Settingiano,Comune di Settingiano,Comuni,Servizi comunali,18_2406_rta_18_240926102706_4166---protocollomondorosa2013.txt,1
Abruzzo,Teramo,Silvi,Comune di Silvi,Comuni,Servizi comunali,13_2406_rta_13_241122103653_4166---protocollodirete_cavlafenice_provinciateramo.txt,1
Calabria,,Simeri,Comune di Simeri,Comuni,Servizi comunali,18_2406_rta_18_240926102706_4166---protocollomondorosa2013.txt,1
Toscana,Siena,Sinalunga,Comune di Sinalunga,Comuni,Servizi comunali,09_VALDICHIANA_all. decreto 37_2008 protocollo di intesa 2008.txt,1
Lombardia,Milano,Solaro,Comune di Solaro,Comuni,Servizi comunali,03_2406_rta_03_240926144324_4166---Protocollodiintesa.txt,1
Emilia-Romagna,Ravenna,Solarolo,Comune di Solarolo,Comuni,Servizi comunali,08_2406_rta_08_241015092049_4166---PROTOCOLLOD.G.C.FAENZA304-2009.txt,1
Lombardia,Bergamo,Solza,Comune di Solza,Comuni,Servizi comunali,03_2406_rta_03_240924144947_4166---Protocollod'IntesaReteAntiviolenzaIsolaBergamascaeBassaValSanMartino2024.txt,1
Lombardia,Varese,Somma Lombardo,Comune di Somma Lombardo,Comuni,Servizi comunali,"03_2406_rta_03_240923164603_4166---ProtocolloreteantiviolenzaBusto,Gallarate,Saronno,SommaLombardo-2024.txt",1
Lombardia,Sondrio,Sondrio,Comune di Sondrio,Comuni,Servizi comunali,03_2406_rta_03_240923102947_4166---ProtSOTTOSCRITTO_ReteAntiviolenzaPiuIntegrazioneAprile2024(1).txt,1
Toscana,Grosseto,Sorano,Comune di Sorano,Comuni,Servizi comunali,09_GROSSETO 2022 fpdf.txt,1
Lombardia,Bergamo,Sotto il Monte Giovanni XXIII,Comune di Sotto il Monte Giovanni XXIII,Comuni,Servizi comunali,03_2406_rta_03_240924144947_4166---Protocollod'IntesaReteAntiviolenzaIsolaBergamascaeBassaValSanMartino2024.txt,1
Puglia,Barletta-Andria-Trani,Spinazzola,Comune di Spinazzola,Comuni,Servizi comunali,16_2406_rta_16_250409164629_4166---convenzioneCAV-ASLBT.txt | 16_bat_convenzione CAV - ASL BT.txt,2
Veneto,Venezia,Spinea,Comune di Spinea,Comuni,Servizi comunali,05_2406_rta_05_240916131522_4166---protocolloaggiornamento2023.txt,1
Umbria,Perugia,Spoleto,Comune di Spoleto,Comuni,Servizi comunali,10_2406_rta_10_250506141901_4166---ProtocollounicoregionaleRINNOVATO.txt,1
Calabria,Catanzaro,Staletti,Comune di Staletti,Comuni,Servizi comunali,18_2406_rta_18_240926102333_4166---accordodiretecentroaiutodonna.txt,1
Friuli-Venezia Giulia,Gorizia,Staranzano,Comune di Staranzano,Comuni,Servizi comunali,06_2406_rta_06_240916164258_4166---Protocolloviolenzadomesticaedigenere_30.09.2019.txt,1
Veneto,Venezia,Stra,Comune di Stra,Comuni,Servizi comunali,05_2406_rta_05_240916131522_4166---protocolloaggiornamento2023.txt,1
Lombardia,Pavia,Stradella,Comune di Stradella,Comuni,Servizi comunali,03_2406_rta_03_240918151606_4166---A_RetePavia_Protocollo2021_e_Integrazioni2023_firmato_compressed.txt,1
Lombardia,Bergamo,Suisio,Comune di Suisio,Comuni,Servizi comunali,03_2406_rta_03_240924144947_4166---Protocollod'IntesaReteAntiviolenzaIsolaBergamascaeBassaValSanMartino2024.txt,1
Abruzzo,L'Aquila,Sulmona,Comune di Sulmona,Comuni,Servizi comunali,13_2406_rta_13_241122105938_4166---ACCORDOOPERATIVO.txt,1
Lombardia,Brescia,Sulzano,Comune di Sulzano,Comuni,Servizi comunali,03_2406_rta_03_240925150245_4166---ProtocolloReteARIAPalazzolo.txt,1
Lazio,Viterbo,Sutri,Comune di Sutri,Comuni,Servizi comunali,12_2406_rta_12_240926112734_4166---3AccordoDistrettoVT4ePontedonna-signed(1).txt,1
Toscana,,Tavarnelle Val di Pesa,Comune di Tavarnelle Val di Pesa,Comuni,Servizi comunali,09_FIRENZE Linee-di-indirizzo2024.txt,1
Lombardia,Brescia,Tavernole sul Mella,Comune di Tavernole sul Mella,Comuni,Servizi comunali,03_2406_rta_03_240923171949_4166---PROTOCOLLOD'INTESARETETERRITORIALEANTIVIOLENZAVALLETROMPIA2024.txt,1
Veneto,Venezia,Teglio Veneto,Comune di Teglio Veneto,Comuni,Servizi comunali,05_2406_rta_05_240916135305_4166---protocolloulss4.txt,1
Abruzzo,Teramo,Teramo,Comune di Teramo,Comuni,Servizi comunali,13_2406_rta_13_241122103653_4166---protocollodirete_cavlafenice_provinciateramo.txt,1
Umbria,Terni,Terni,Comune di Terni,Comuni,Servizi comunali,10_2406_rta_10_250506141901_4166---ProtocollounicoregionaleRINNOVATO.txt,1
Lombardia,Bergamo,Terno d'Isola,Comune di Terno d'Isola,Comuni,Servizi comunali,03_2406_rta_03_240924144947_4166---Protocollod'IntesaReteAntiviolenzaIsolaBergamascaeBassaValSanMartino2024.txt,1
Toscana,Pisa,Terricciola,Comune di Terricciola,Comuni,Servizi comunali,09_PISA PREF E PROV.txt,1
Veneto,Vicenza,Thiene,Comune di Thiene,Comuni,Servizi comunali,05_2406_rta_05_240919114041_4166---protocollounicorevisionato2024.txt,1
Lombardia,Brescia,Torbole Casaglia,Comune di Torbole Casaglia,Comuni,Servizi comunali,03_2406_rta_03_240923101524_4166---PROTOCOLLO_DI_INTESA_versione_DEFINITIVA2021.stamped.txt,1
Puglia,Bari,Toritto,Comune di Toritto,Comuni,Servizi comunali,16_2406_rta_16_250312164250_4166---protocollooperativoGrumo_EMI.txt | 16_bari_protocollo operativo Grumo_EMI.txt | 16_ex_Convenzione Grumo Appula.txt,3
Lombardia,Bergamo,Torre De Busi,Comune di Torre De Busi,Comuni,Servizi comunali,03_2406_rta_03_240924144947_4166---Protocollod'IntesaReteAntiviolenzaIsolaBergamascaeBassaValSanMartino2024.txt,1
Veneto,Venezia,Torre di Mosto,Comune di Torre di Mosto,Comuni,Servizi comunali,05_2406_rta_05_240916135305_4166---protocolloulss4.txt,1
Abruzzo,Teramo,Torricella Sicura,Comune di Torricella Sicura,Comuni,Servizi comunali,13_2406_rta_13_241122103653_4166---protocollodirete_cavlafenice_provinciateramo.txt,1
Toscana,Siena,Torrita di Siena,Comune di Torrita di Siena,Comuni,Servizi comunali,09_VALDICHIANA_all. decreto 37_2008 protocollo di intesa 2008.txt,1
Abruzzo,Teramo,Tortoreto,Comune di Tortoreto,Comuni,Servizi comunali,13_2406_rta_13_241122103653_4166---protocollodirete_cavlafenice_provinciateramo.txt,1
Puglia,Barletta-Andria-Trani,Trani,Comune di Trani,Comuni,Servizi comunali,16_2406_rta_16_250409164629_4166---convenzioneCAV-ASLBT.txt | 16_bat_convenzione CAV - ASL BT.txt,2
Lombardia,Brescia,Travagliato,Comune di Travagliato,Comuni,Servizi comunali,03_2406_rta_03_240923101524_4166---PROTOCOLLO_DI_INTESA_versione_DEFINITIVA2021.stamped.txt,1
Abruzzo,Chieti,Treglio,Comune di Treglio,Comuni,Servizi comunali,13_2406_rta_13_241122103901_4166---Protocollirete_ortonaelancianoCAVdonn.ÿ.txt | 13_2406_rta_13_241122104158_4166---Protocollirete_ortonaelancianoCAVdonn.ÿ.txt | 13_2406_rta_13_241122104842_4166---Protocollodirete_DAFNE.txt,3
Lombardia,Brescia,Trenzano,Comune di Trenzano,Comuni,Servizi comunali,03_2406_rta_03_240925150245_4166---ProtocolloReteARIAPalazzolo.txt,1
Toscana,Siena,Trequanda,Comune di Trequanda,Comuni,Servizi comunali,09_VALDICHIANA_all. decreto 37_2008 protocollo di intesa 2008.txt,1
Emilia-Romagna,Ferrara,Tresignana,Comune di Tresignana,Comuni,Servizi comunali,08_2406_rta_08_241015091430_4166---Protocollo_Distrettuale_Contrasto_violenza_Donne2023.stamped.txt,1
Lombardia,Bergamo,Treviglio,Comune di Treviglio,Comuni,Servizi comunali,03_2406_rta_03_240926114940_4166---ProtocollodiintesaeAllegatoTecnico_SOTTOSCRITTO.txt,1
Lazio,Roma,Trevignano Romano,Comune di Trevignano Romano,Comuni,Servizi comunali,12_2406_rta_12_241003113235_4166---Accordodifferenzadonna-29.09.2023-signed.txt,1
Lombardia,,Trezzano,Comune di Trezzano,Comuni,Servizi comunali,03_2406_rta_03_240926122707_4166---ProtocolloReteAntiviolenzaconfirme.txt,1
Lombardia,Milano,Trezzano Rosa,Comune di Trezzano Rosa,Comuni,Servizi comunali,03_2406_rta_03_240923113114_4166---ProtocolloReteAddaMartesanasottoscritto.txt,1
Lombardia,Milano,Trezzo sull'Adda,Comune di Trezzo sull'Adda,Comuni,Servizi comunali,03_2406_rta_03_240923113114_4166---ProtocolloReteAddaMartesanasottoscritto.txt,1
Lombardia,Milano,Tribiano,Comune di Tribiano,Comuni,Servizi comunali,03_2406_rta_03_240920093134_4166---Protocollo_Intesa_Rete_Antiviolenza_SudEstMilano_Paullese_2021-2023.txt,1
Friuli-Venezia Giulia,Trieste,Trieste,Comune di Trieste,Comuni,Servizi comunali,06_2406_rta_06_240924164454_4166---protocollo_tempo_sospeso.txt,1
Puglia,Bari,Triggiano,Comune di Triggiano,Comuni,Servizi comunali,16_2406_rta_16_250409123532_4166---protocollooperativoTriggiano_reteantiviolenza.pdf.txt | 16_ex_Convenzione Triggiano.txt,2
Puglia,Barletta-Andria-Trani,Trinitapoli,Comune di Trinitapoli,Comuni,Servizi comunali,16_2406_rta_16_250409164629_4166---convenzioneCAV-ASLBT.txt | 16_bat_convenzione CAV - ASL BT.txt,2
Lombardia,Milano,Trucazzano,Comune di Trucazzano,Comuni,Servizi comunali,03_2406_rta_03_240923113114_4166---ProtocolloReteAddaMartesanasottoscritto.txt,1
Puglia,Bari,Turi,Comune di Turi,Comuni,Servizi comunali,16_2406_rta_16_250312162108_4166---protocollooperativoGioiadelColle_EMI.txt | 16_bari_protocollo operativo Gioia del Colle_EMI.txt | 16_ex_Convenzione Gioia del Colle.txt,3
Friuli-Venezia Giulia,Gorizia,Turriaco,Comune di Turriaco,Comuni,Servizi comunali,06_2406_rta_06_240916164258_4166---Protocolloviolenzadomesticaedigenere_30.09.2019.txt,1
Friuli-Venezia Giulia,Udine,Udine,Comune di Udine,Comuni,Servizi comunali,06_2406_rta_06_240916164122_4166---prot_n_0119980_2024_Accordo(firmato).txt | 06_2406_rta_06_240916164153_4166---protocolloprefettura.txt,2
Lombardia,Brescia,Urago d'Oglio,Comune di Urago d'Oglio,Comuni,Servizi comunali,03_2406_rta_03_240925150245_4166---ProtocolloReteARIAPalazzolo.txt,1
Marche,Pesaro e Urbino,Urbino,Comune di Urbino,Comuni,Servizi comunali,11_2406_rta_11_240911113034_4166---protocollodireteantiviolenza2020-2022-uuvv.txt,1
Toscana,Pistoia,Uzzano,Comune di Uzzano,Comuni,Servizi comunali,09_PISTOIA PROV .txt,1
Toscana,Prato,Vaiano,Comune di Vaiano,Comuni,Servizi comunali,09_PRATO PREF.txt,1
Veneto,Treviso,Valdobbiadene,Comune di Valdobbiadene,Comuni,Servizi comunali,05_2406_rta_05_240917141534_4166---protocollodiretefirmato.txt,1
Emilia-Romagna,Bologna,Valsamoggia,Comune di Valsamoggia,Comuni,Servizi comunali,08_2406_rta_08_241015091330_4166---Protocollo_intesa_autonomia_abitativa_donne_vittime_di_violenza_CittMtrBO.txt,1
Lombardia,Milano,Vanzago,Comune di Vanzago,Comuni,Servizi comunali,03_2406_rta_03_240926144324_4166---Protocollodiintesa.txt,1
Lombardia,Milano,Vaprio d'Adda,Comune di Vaprio d'Adda,Comuni,Servizi comunali,03_2406_rta_03_240923113114_4166---ProtocolloReteAddaMartesanasottoscritto.txt,1
Lombardia,Varese,Varese,Comune di Varese,Comuni,Servizi comunali,"03_2406_rta_03_240923163715_4166---PROTOCOLLOD'INTESA2017_2020.txt | 03_2406_rta_03_240923164603_4166---ProtocolloreteantiviolenzaBusto,Gallarate,Saronno,SommaLombardo-2024.txt",2
Abruzzo,Chieti,Vasto,Comune di Vasto,Comuni,Servizi comunali,13_2406_rta_13_241122105540_4166---protocollodirete_vastodonnattiva.txt,1
Toscana,Pisa,Vecchiano,Comune di Vecchiano,Comuni,Servizi comunali,09_PISA PREF E PROV.txt,1
Veneto,Treviso,Vedelago,Comune di Vedelago,Comuni,Servizi comunali,05_2406_rta_05_240917141534_4166---protocollodiretefirmato.txt,1
Lazio,Viterbo,Vejano,Comune di Vejano,Comuni,Servizi comunali,12_2406_rta_12_240926112734_4166---3AccordoDistrettoVT4ePontedonna-signed(1).txt,1
Veneto,Venezia,Venezia,Comune di Venezia,Comuni,Servizi comunali,05_2406_rta_05_240916131522_4166---protocolloaggiornamento2023.txt,1
Piemonte,Vercelli,Vercelli,Comune di Vercelli,Comuni,Servizi comunali,01_2406_rta_01_240920123646_4166---vercellieos.txt | 01_2406_rta_01_241018142716_4166---protocolloreteVC.txt,2
Emilia-Romagna,Bologna,Vergato,Comune di Vergato,Comuni,Servizi comunali,08_2406_rta_08_241015091330_4166---Protocollo_intesa_autonomia_abitativa_donne_vittime_di_violenza_CittMtrBO.txt,1
Lombardia,Milano,Vernate,Comune di Vernate,Comuni,Servizi comunali,03_2406_rta_03_240926122707_4166---ProtocolloReteAntiviolenzaconfirme.txt,1
Toscana,Prato,Vernio,Comune di Vernio,Comuni,Servizi comunali,09_PRATO PREF.txt,1
Veneto,Verona,Verona,Comune di Verona,Comuni,Servizi comunali,05_2406_rta_05_240919124736_4166---Protocollo_per_contrasto_alla_violenza_di_genere.stamped.txt,1
Emilia-Romagna,Rimini,Verucchio,Comune di Verucchio,Comuni,Servizi comunali,08_2406_rta_08_241015091553_4166---Protocollosullaviolenzadigenere_confirme_prot.txt,1
Lazio,Viterbo,Vetralla,Comune di Vetralla,Comuni,Servizi comunali,12_2406_rta_12_240926112734_4166---3AccordoDistrettoVT4ePontedonna-signed(1).txt,1
Calabria,Vibo Valentia,Vibo Valentia,Comune di Vibo Valentia,Comuni,Servizi comunali,18_2406_rta_18_240926102407_4166---ProtocollointesaAISM_CentroLanzino_ReteREDCALABRIA_firmadigitale.txt | 18_2406_rta_18_240926102528_4166---PROTOCOLLOAISM_PICCOLAOPERA_firma.txt,2
Veneto,Vicenza,Vicenza,Comune di Vicenza,Comuni,Servizi comunali,05_2406_rta_05_240919122126_4166---PROTOCOLLOULSS8BERICA.txt,1
Toscana,Pisa,Vicopisano,Comune di Vicopisano,Comuni,Servizi comunali,09_PISA PREF E PROV.txt,1
Lombardia,Pavia,Vigevano,Comune di Vigevano,Comuni,Servizi comunali,03_2406_rta_03_240918151606_4166---A_RetePavia_Protocollo2021_e_Integrazioni2023_firmato_compressed.txt,1
Lombardia,Milano,Vignate,Comune di Vignate,Comuni,Servizi comunali,03_2406_rta_03_240923113114_4166---ProtocolloReteAddaMartesanasottoscritto.txt,1
Veneto,Venezia,Vigonovo,Comune di Vigonovo,Comuni,Servizi comunali,05_2406_rta_05_240916131522_4166---protocolloaggiornamento2023.txt,1
Lombardia,Brescia,Villa Carcina,Comune di Villa Carcina,Comuni,Servizi comunali,03_2406_rta_03_240923171949_4166---PROTOCOLLOD'INTESARETETERRITORIALEANTIVIOLENZAVALLETROMPIA2024.txt,1
Lombardia,Milano,Villa Cortese,Comune di Villa Cortese,Comuni,Servizi comunali,03_2406_rta_03_240920120751_4166---protocollodiintesa.txt,1
Lazio,Viterbo,Villa San Giovanni in Tuscia,Comune di Villa San Giovanni in Tuscia,Comuni,Servizi comunali,12_2406_rta_12_240926112734_4166---3AccordoDistrettoVT4ePontedonna-signed(1).txt,1
Lombardia,Bergamo,Villa d'Adda,Comune di Villa d'Adda,Comuni,Servizi comunali,03_2406_rta_03_240924144947_4166---Protocollod'IntesaReteAntiviolenzaIsolaBergamascaeBassaValSanMartino2024.txt,1
Lombardia,Brescia,Villachiara,Comune di Villachiara,Comuni,Servizi comunali,03_2406_rta_03_240925150245_4166---ProtocolloReteARIAPalazzolo.txt,1
Friuli-Venezia Giulia,Gorizia,Villesse,Comune di Villesse,Comuni,Servizi comunali,06_2406_rta_06_240916164258_4166---Protocolloviolenzadomesticaedigenere_30.09.2019.txt,1
Abruzzo,L'Aquila,Villetta Barrea,Comune di Villetta Barrea,Comuni,Servizi comunali,13_2406_rta_13_241122111153_4166---PROTOCOLLOCASTELDISANGROEASL.txt,1
Lombardia,Milano,Vimodrone,Comune di Vimodrone,Comuni,Servizi comunali,03_2406_rta_03_240923113114_4166---ProtocolloReteAddaMartesanasottoscritto.txt,1
Lazio,Viterbo,Viterbo,Comune di Viterbo,Comuni,Servizi comunali,12_2406_rta_12_240926113237_4166---Accordocavunuiversitari.txt | 12_2406_rta_12_241008112319_4166---protocollo25.11.2023.txt,2
Lombardia,Milano,Vizzolo Predabissi,Comune di Vizzolo Predabissi,Comuni,Servizi comunali,03_2406_rta_03_240920093134_4166---Protocollo_Intesa_Rete_Antiviolenza_SudEstMilano_Paullese_2021-2023.txt,1
Lombardia,Pavia,Voghera,Comune di Voghera,Comuni,Servizi comunali,03_2406_rta_03_240918151606_4166---A_RetePavia_Protocollo2021_e_Integrazioni2023_firmato_compressed.txt,1
Emilia-Romagna,Ferrara,Voghiera,Comune di Voghiera,Comuni,Servizi comunali,08_2406_rta_08_241015091430_4166---Protocollo_Distrettuale_Contrasto_violenza_Donne2023.stamped.txt,1
Toscana,Pisa,Volterra,Comune di Volterra,Comuni,Servizi comunali,09_PISA PREF E PROV.txt,1
Lombardia,Milano,Zibido San Giacomo,Comune di Zibido San Giacomo,Comuni,Servizi comunali,03_2406_rta_03_240926122707_4166---ProtocolloReteAntiviolenzaconfirme.txt,1
Emilia-Romagna,Bologna,Zola Predosa,Comune di Zola Predosa,Comuni,Servizi comunali,08_2406_rta_08_241015091330_4166---Protocollo_intesa_autonomia_abitativa_donne_vittime_di_violenza_CittMtrBO.txt,1
Lombardia,Brescia,Zone,Comune di Zone,Comuni,Servizi comunali,03_2406_rta_03_240925150245_4166---ProtocolloReteARIAPalazzolo.txt,1
Liguria,,,Comune di residenza della donna,Comuni,Servizi comunali,07_2406_rta_07_240916163905_4166---PROTOCOLLOFIRMATO(002).txt,1
Trento,,,Comuni afferenti all'A.ULSS 5 Polesana,Comuni,Servizi comunali,05_2406_rta_05_240916173648_4166---ULSS5Polesana_Protocollodirete.txt,1
Piemonte,Novara,Arona,Comuni convenzionati con Arona,Comuni,Servizi comunali,01_2406_rta_01_240904150044_4166---Protocollocav-irene2022-2025.txt,1
Trento,,,"Comuni costituenti l'ambito territoriale dell' Azienda ULSS 8 ""Berica",Comuni,Servizi comunali,05_2406_rta_05_240919122126_4166---PROTOCOLLOULSS8BERICA.txt,1
Trento,,,Comuni dei Distretti 1-2,Comuni,Servizi comunali,05_2406_rta_05_240919124736_4166---Protocollo_per_contrasto_alla_violenza_di_genere.stamped.txt,1
Lombardia,,,Comuni dei territori limitrofi,Comuni,Servizi comunali,03_2406_rta_03_240926123135_4166---ProtocollodiRete.txt,1
Calabria,,,Comuni del territorio,Comuni,Servizi comunali,18_2406_rta_18_240926103211_4166---PROTOCOLLOviolasottoscritto.txt,1
Lombardia,Milano,Cinisello Balsamo,Comuni dell'Ambito territoriale di Cinisello Balsamo,Comuni,Servizi comunali,03_2406_rta_03_240923103647_4166---protocolloreteantiviolenzacinisello2019(1).txt,1
Lombardia,Milano,Sesto San Giovanni,Comuni dell'Ambito territoriale di Sesto San Giovanni,Comuni,Servizi comunali,03_2406_rta_03_240923103647_4166---protocolloreteantiviolenzacinisello2019(1).txt,1
Abruzzo,,Aquila,Consiglio Comunale dell'Aquila,Comuni,Servizi comunali,13_2406_rta_13_241122102615_4166---PROTOCOLLOD_INTESACOMUNEAQ_donatellatelliniCAV2023.txt,1
Friuli-Venezia Giulia,Gorizia,Gorizia,Ente Gestore Comune di Gorizia,Comuni,Servizi comunali,06_2406_rta_06_240916164258_4166---Protocolloviolenzadomesticaedigenere_30.09.2019.txt,1
Friuli-Venezia Giulia,Gorizia,Monfalcone,Ente Gestore Comune di Monfalcone,Comuni,Servizi comunali,06_2406_rta_06_240916164258_4166---Protocolloviolenzadomesticaedigenere_30.09.2019.txt,1
Lombardia,Varese,Ferno,Ferno,Comuni,Servizi comunali,"03_2406_rta_03_240923164603_4166---ProtocolloreteantiviolenzaBusto,Gallarate,Saronno,SommaLombardo-2024.txt",1
Lombardia,Varese,Gerenzano,Gerenzano,Comuni,Servizi comunali,"03_2406_rta_03_240923164603_4166---ProtocolloreteantiviolenzaBusto,Gallarate,Saronno,SommaLombardo-2024.txt",1
Abruzzo,,Aquila,Giunta Comunale dell'Aquila,Comuni,Servizi comunali,13_2406_rta_13_241122102615_4166---PROTOCOLLOD_INTESACOMUNEAQ_donatellatelliniCAV2023.txt,1
Lombardia,Varese,Golasecca,Golasecca,Comuni,Servizi comunali,"03_2406_rta_03_240923164603_4166---ProtocolloreteantiviolenzaBusto,Gallarate,Saronno,SommaLombardo-2024.txt",1
Lombardia,,,I Comuni,Comuni,Servizi comunali,03_2406_rta_03_240918153240_4166---Protocollod'intesaperl'IstituzionediunSistemaTerritorialeAntiviolenzainReteconAddendumSindacati.txt,1
Lombardia,Varese,Jerago con Orago,Jerago con Orago,Comuni,Servizi comunali,"03_2406_rta_03_240923164603_4166---ProtocolloreteantiviolenzaBusto,Gallarate,Saronno,SommaLombardo-2024.txt",1
Lazio,,Roma Capitale,LL1 Municipio di Roma Capitale,Comuni,Servizi comunali,12_2406_rta_12_241002115801_4166---3protCAVTITANO-IdeaPrisma82Coop.Soc.txt,1
Lombardia,Varese,Lonate Pozzolo,Lonate Pozzolo,Comuni,Servizi comunali,"03_2406_rta_03_240923164603_4166---ProtocolloreteantiviolenzaBusto,Gallarate,Saronno,SommaLombardo-2024.txt",1
Lazio,,,"Municipi IV, V, VI, VII, VIII e IX",Comuni,Servizi comunali,12_2406_rta_12_240927093424_4166---ProtVMunMerlin.txt,1
Lombardia,,,Municipio 1,Comuni,Servizi comunali,03_2406_rta_03_240923105244_4166---ProtocolloViolenzaMilanoFirme2023.txt,1
Lombardia,,,Municipio 2,Comuni,Servizi comunali,03_2406_rta_03_240923105244_4166---ProtocolloViolenzaMilanoFirme2023.txt,1
Lombardia,,,Municipio 3,Comuni,Servizi comunali,03_2406_rta_03_240923105244_4166---ProtocolloViolenzaMilanoFirme2023.txt,1
Lombardia,,,Municipio 4,Comuni,Servizi comunali,03_2406_rta_03_240923105244_4166---ProtocolloViolenzaMilanoFirme2023.txt,1
Lombardia,,,Municipio 5,Comuni,Servizi comunali,03_2406_rta_03_240923105244_4166---ProtocolloViolenzaMilanoFirme2023.txt,1
Lombardia,,,Municipio 6,Comuni,Servizi comunali,03_2406_rta_03_240923105244_4166---ProtocolloViolenzaMilanoFirme2023.txt,1
Lombardia,,,Municipio 7,Comuni,Servizi comunali,03_2406_rta_03_240923105244_4166---ProtocolloViolenzaMilanoFirme2023.txt,1
Lombardia,,,Municipio 8,Comuni,Servizi comunali,03_2406_rta_03_240923105244_4166---ProtocolloViolenzaMilanoFirme2023.txt,1
Lombardia,,,Municipio 9,Comuni,Servizi comunali,03_2406_rta_03_240923105244_4166---ProtocolloViolenzaMilanoFirme2023.txt,1
Lazio,Roma,Roma,Municipio IV,Comuni,Servizi comunali,12_2406_rta_12_241003111748_4166---ACCORDOMUNICIPIOROMAVeDIPPARIOPPROMACAPITALE_DD.txt,1
Lazio,Roma,Roma,Municipio IX,Comuni,Servizi comunali,12_2406_rta_12_241003111748_4166---ACCORDOMUNICIPIOROMAVeDIPPARIOPPROMACAPITALE_DD.txt,1
Lazio,Roma,Roma,Municipio Roma I Centro,Comuni,Servizi comunali,12_2406_rta_12_241003110309_4166---ProtocollodiIntesaMunicipio1eDD.txt,1
Lazio,Roma,Roma,Municipio Roma V,Comuni,Servizi comunali,12_2406_rta_12_240927093424_4166---ProtVMunMerlin.txt | 12_2406_rta_12_241003111748_4166---ACCORDOMUNICIPIOROMAVeDIPPARIOPPROMACAPITALE_DD.txt,2
Lazio,Roma,Roma,Municipio Roma VIII,Comuni,Servizi comunali,12_2406_rta_12_241009125120_4166---6.accordo.txt,1
Lazio,Roma,Roma,Municipio V,Comuni,Servizi comunali,12_2406_rta_12_241003111748_4166---ACCORDOMUNICIPIOROMAVeDIPPARIOPPROMACAPITALE_DD.txt,1
Lazio,Roma,Roma,Municipio VI,Comuni,Servizi comunali,12_2406_rta_12_241003111748_4166---ACCORDOMUNICIPIOROMAVeDIPPARIOPPROMACAPITALE_DD.txt,1
Lazio,Roma,Roma,Municipio VII,Comuni,Servizi comunali,12_2406_rta_12_241003111748_4166---ACCORDOMUNICIPIOROMAVeDIPPARIOPPROMACAPITALE_DD.txt,1
Lazio,Roma,Roma,Municipio VIII,Comuni,Servizi comunali,12_2406_rta_12_241003111748_4166---ACCORDOMUNICIPIOROMAVeDIPPARIOPPROMACAPITALE_DD.txt,1
Lazio,Roma,Roma,Municipio XIII di Roma Capitale,Comuni,Servizi comunali,12_2406_rta_12_241003114931_4166---ProtocollodiintesaDifferenzaDonnaeMunicipio13.txt,1
Lombardia,Varese,Oggiona con Santo Stefano,Oggiona con Santo Stefano,Comuni,Servizi comunali,"03_2406_rta_03_240923164603_4166---ProtocolloreteantiviolenzaBusto,Gallarate,Saronno,SommaLombardo-2024.txt",1
Lombardia,Varese,Origgio,Origgio,Comuni,Servizi comunali,"03_2406_rta_03_240923164603_4166---ProtocolloreteantiviolenzaBusto,Gallarate,Saronno,SommaLombardo-2024.txt",1
Toscana,Firenze,Firenze,Quartiere 5 del Comune di Firenze,Comuni,Servizi comunali,09_FIRENZE Linee-di-indirizzo2024.txt,1
Lazio,,,Roma Capitale,Comuni,Servizi comunali,12_2406_rta_12_241009125120_4166---6.accordo.txt,1
Lazio,Roma,Roma,Roma Capitale,Comuni,Servizi comunali,12_2406_rta_12_241003105319_4166---PROTOCOLLODIINTES1_2601def-signed-signed.txt | 12_2406_rta_12_241009123601_4166---5.accordo.txt,2
Lombardia,Varese,Samarate,Samarate,Comuni,Servizi comunali,"03_2406_rta_03_240923164603_4166---ProtocolloreteantiviolenzaBusto,Gallarate,Saronno,SommaLombardo-2024.txt",1
Lombardia,Varese,Solbiate Arno,Solbiate Arno,Comuni,Servizi comunali,"03_2406_rta_03_240923164603_4166---ProtocolloreteantiviolenzaBusto,Gallarate,Saronno,SommaLombardo-2024.txt",1
Lombardia,Varese,Uboldo,Uboldo,Comuni,Servizi comunali,"03_2406_rta_03_240923164603_4166---ProtocolloreteantiviolenzaBusto,Gallarate,Saronno,SommaLombardo-2024.txt",1
Lombardia,,,Unione Basiano-Masate,Comuni,Servizi comunali,03_2406_rta_03_240923113114_4166---ProtocolloReteAddaMartesanasottoscritto.txt,1
Lombardia,Varese,Vizzola Ticino,Vizzola Ticino,Comuni,Servizi comunali,"03_2406_rta_03_240923164603_4166---ProtocolloreteantiviolenzaBusto,Gallarate,Saronno,SommaLombardo-2024.txt",1
Lazio,,,enti locali,Comuni,Servizi comunali,12_2406_rta_12_240926134140_4166---Protocollointesa.txt | 12_2406_rta_12_241004130514_4166---PROTOCOLLODIINTESAPERLAPROMOZIONEDISTRATEGIECONDIVISESULFENOMENODELLAVIOLENZADIGENERE(1).txt | 12_2406_rta_12_241004133706_4166---ProtocollodiretePREFETTURAFrosinone(1).txt | 12_2406_rta_12_241004145702_4166---08-ProtocolloComunediFalvaterra.txt,4
Valle d'Aosta/Vallée d'Aoste,,,enti locali,Comuni,Servizi comunali,02_2406_rta_02_240904124958_4166---lrn4del25feb2013.txt,1
Marche,,,Comandi di Polizia Locale,Polizia Municipale,Servizi comunali,11_2406_rta_11_240911113911_4166---AscoliPPROTOCOLLOoperativo_2019_2021.txt,1
Puglia,,,Comando Polizia Locale,Polizia Municipale,Servizi comunali,16_2406_rta_16_250410144304_4166---ProtocolloOperativo-Procedureintegrateperlaprevenzioneeilcontrastoallaviolenzacontrodonneeminori-Copia_Marcato.txt,1
Toscana,,,Comando Polizia Municipale,Polizia Municipale,Servizi comunali,09_LIVORNO Protocollo_ RETE ANTIVIOLENZA_ LIVORNO.txt,1
Abruzzo,Chieti,Vasto,Comando Polizia Municipale del Comune di Vasto,Polizia Municipale,Servizi comunali,13_2406_rta_13_241122105540_4166---protocollodirete_vastodonnattiva.txt,1
Lombardia,Lecco,Lecco,Comando della Polizia Locale di Lecco,Polizia Municipale,Servizi comunali,03_2406_rta_03_240918153240_4166---Protocollod'intesaperl'IstituzionediunSistemaTerritorialeAntiviolenzainReteconAddendumSindacati.txt,1
Lazio,,,Comando di Polizia Locale,Polizia Municipale,Servizi comunali,12_2406_rta_12_240926133706_4166---STAR.txt,1
Emilia-Romagna,Ravenna,Brisighella,Comando di Polizia Municipale di Brisighella,Polizia Municipale,Servizi comunali,08_2406_rta_08_241015092049_4166---PROTOCOLLOD.G.C.FAENZA304-2009.txt,1
Emilia-Romagna,Ravenna,Casola Valsenio,Comando di Polizia Municipale di Casola Valsenio,Polizia Municipale,Servizi comunali,08_2406_rta_08_241015092049_4166---PROTOCOLLOD.G.C.FAENZA304-2009.txt,1
Emilia-Romagna,Ravenna,Castel Bolognese,Comando di Polizia Municipale di Castel Bolognese,Polizia Municipale,Servizi comunali,08_2406_rta_08_241015092049_4166---PROTOCOLLOD.G.C.FAENZA304-2009.txt,1
Emilia-Romagna,Ravenna,Faenza,Comando di Polizia Municipale di Faenza,Polizia Municipale,Servizi comunali,08_2406_rta_08_241015092049_4166---PROTOCOLLOD.G.C.FAENZA304-2009.txt,1
Emilia-Romagna,Ravenna,Riolo Terme,Comando di Polizia Municipale di Riolo Terme,Polizia Municipale,Servizi comunali,08_2406_rta_08_241015092049_4166---PROTOCOLLOD.G.C.FAENZA304-2009.txt,1
Emilia-Romagna,Ravenna,Solarolo,Comando di Polizia Municipale di Solarolo,Polizia Municipale,Servizi comunali,08_2406_rta_08_241015092049_4166---PROTOCOLLOD.G.C.FAENZA304-2009.txt,1
Lazio,Roma,Cerveteri,Corpo della Polizia Locale del Comune di Cerveteri,Polizia Municipale,Servizi comunali,12_2406_rta_12_241004113215_4166---Protocollod'intesaP.L.Cerveteri-BeFree.txt,1
Piemonte,,,Dipartimento Corpo Polizia Locale - Reparto Specialistico Prossimita,Polizia Municipale,Servizi comunali,01_2406_rta_01_241003113501_4166---CCVD1deliberaprotocolloccvd-2024eall1prot.txt,1
Lombardia,Milano,Milano,Direzione Sicurezza Urbana - Nucleo Tutela Donna e Minori della Polizia Locale,Polizia Municipale,Servizi comunali,03_2406_rta_03_240923105244_4166---ProtocolloViolenzaMilanoFirme2023.txt,1
Trento,,,Forze di Polizia Locale,Polizia Municipale,Servizi comunali,05_2406_rta_05_240918144304_4166---Protocollo_ULSS2-DistrettoTreviso.txt,1
Trento,,,Forze di Polizia Municipale e/o di Polizia Locale degli Enti Locali,Polizia Municipale,Servizi comunali,05_2406_rta_05_240917141534_4166---protocollodiretefirmato.txt,1
Trento,,,Forze di Polizia locali,Polizia Municipale,Servizi comunali,05_2406_rta_05_240916173648_4166---ULSS5Polesana_Protocollodirete.txt | 05_2406_rta_05_240919122126_4166---PROTOCOLLOULSS8BERICA.txt,2
Lombardia,,,Polizia Locale,Polizia Municipale,Servizi comunali,03_2406_rta_03_240923163715_4166---PROTOCOLLOD'INTESA2017_2020.txt,1
Marche,,,Polizia Locale,Polizia Municipale,Servizi comunali,11_2406_rta_11_240911113911_4166---AscoliPPROTOCOLLOoperativo_2019_2021.txt,1
Puglia,,,Polizia Locale,Polizia Municipale,Servizi comunali,16_2406_rta_16_250409145030_4166---protollodiintesaPutignano_reteantiviolenza.txt | 16_bari_protollo di intesa Putignano_rete antiviolenza.txt,2
Marche,Ancona,Ancona,Polizia Locale Ancona,Polizia Municipale,Servizi comunali,11_2406_rta_11_240911113105_4166---PROTOCOLLO_OPERATIVO2024_CONINDIRIZZARIO_FIRMATO.txt,1
Lombardia,,,Polizia Locale dei Comuni dell'Ambito di Cinisello,Polizia Municipale,Servizi comunali,03_2406_rta_03_240923103647_4166---protocolloreteantiviolenzacinisello2019(1).txt,1
Puglia,,,Polizia Locale dei Comuni delle Province di Lecce e Brindisi,Polizia Municipale,Servizi comunali,16_lecce_Protocollo Operativo - Procedure integrate per la prevenzione e il contrasto alla violenza contro donne e minori - Copia_Marcato.txt,1
Trento,,,Polizia Locale dei suddetti Comuni,Polizia Municipale,Servizi comunali,05_2406_rta_05_240916135305_4166---protocolloulss4.txt,1
Lombardia,Bergamo,Treviglio,Polizia Locale del Comune di Treviglio,Polizia Municipale,Servizi comunali,03_2406_rta_03_240926114940_4166---ProtocollodiintesaeAllegatoTecnico_SOTTOSCRITTO.txt,1
Abruzzo,Pescara,Pescara,Polizia Locale di Pescara,Polizia Municipale,Servizi comunali,13_2406_rta_13_241122115416_4166---PROTOCOLLOPESCARA.txt,1
Emilia-Romagna,,,Polizia Municipale,Polizia Municipale,Servizi comunali,08_2406_rta_08_241015092024_4166---Protocollooperativo.txt,1
Lazio,,,Polizia Municipale,Polizia Municipale,Servizi comunali,12_2406_rta_12_241001130527_4166---protocollocontrolaviolenzadigenere.pdfpdf.txt | 12_2406_rta_12_241003114931_4166---ProtocollodiintesaDifferenzaDonnaeMunicipio13.txt | 12_2406_rta_12_241004091505_4166---4ProtCAVPAOLALATTESEnjoi(2).txt,3
Lombardia,,,Polizia Municipale,Polizia Municipale,Servizi comunali,"03_2406_rta_03_240923164603_4166---ProtocolloreteantiviolenzaBusto,Gallarate,Saronno,SommaLombardo-2024.txt",1
Marche,,,Polizia Municipale,Polizia Municipale,Servizi comunali,11_2406_rta_11_240911113034_4166---protocollodireteantiviolenza2020-2022-uuvv.txt | 11_2406_rta_11_240911113911_4166---AscoliPPROTOCOLLOoperativo_2019_2021.txt,2
Trento,,,Polizia Municipale,Polizia Municipale,Servizi comunali,05_2406_rta_05_240916173648_4166---ULSS5Polesana_Protocollodirete.txt,1
Emilia-Romagna,Modena,Cavezzo,Polizia Municipale Comune di Cavezzo,Polizia Municipale,Servizi comunali,08_2406_rta_08_241015092024_4166---Protocollooperativo.txt,1
Calabria,Cosenza,Dipignano,Polizia Municipale Comune di Dipignano,Polizia Municipale,Servizi comunali,18_2406_rta_18_240926102419_4166---protocollodiintesaterritorialeunito.txt,1
Emilia-Romagna,Modena,Finale Emilia,Polizia Municipale Comune di Finale Emilia,Polizia Municipale,Servizi comunali,08_2406_rta_08_241015092024_4166---Protocollooperativo.txt,1
Calabria,Cosenza,Malito,Polizia Municipale Comune di Malito,Polizia Municipale,Servizi comunali,18_2406_rta_18_240926102419_4166---protocollodiintesaterritorialeunito.txt,1
Calabria,Cosenza,Marzi,Polizia Municipale Comune di Marzi,Polizia Municipale,Servizi comunali,18_2406_rta_18_240926102419_4166---protocollodiintesaterritorialeunito.txt,1
Calabria,Cosenza,Parenti,Polizia Municipale Comune di Parenti,Polizia Municipale,Servizi comunali,18_2406_rta_18_240926102419_4166---protocollodiintesaterritorialeunito.txt,1
Calabria,Cosenza,Scigliano,Polizia Municipale Comune di Scigliano,Polizia Municipale,Servizi comunali,18_2406_rta_18_240926102419_4166---protocollodiintesaterritorialeunito.txt,1
Toscana,Siena,Casole d'Elsa,Polizia Municipale di Casole d'Elsa,Polizia Municipale,Servizi comunali,09_ALTA VALDELSA Protocollo-violenza-valdelsa-2022_ALTA VALDELSA.txt,1
Toscana,Siena,Colle di Val d'Elsa,Polizia Municipale di Colle Val d'Elsa,Polizia Municipale,Servizi comunali,09_ALTA VALDELSA Protocollo-violenza-valdelsa-2022_ALTA VALDELSA.txt,1
Toscana,Siena,Poggibonsi,Polizia Municipale di Poggibonsi,Polizia Municipale,Servizi comunali,09_ALTA VALDELSA Protocollo-violenza-valdelsa-2022_ALTA VALDELSA.txt,1
Toscana,Siena,Radicondoli,Polizia Municipale di Radicondoli,Polizia Municipale,Servizi comunali,09_ALTA VALDELSA Protocollo-violenza-valdelsa-2022_ALTA VALDELSA.txt,1
Toscana,Siena,San Gimignano,Polizia Municipale di San Gimignano,Polizia Municipale,Servizi comunali,09_ALTA VALDELSA Protocollo-violenza-valdelsa-2022_ALTA VALDELSA.txt,1
Piemonte,Torino,Torino,Polizia Municipale di Torino,Polizia Municipale,Servizi comunali,01_2406_rta_01_241003113501_4166---CCVD1deliberaprotocolloccvd-2024eall1prot.txt,1
Lazio,,,Polizia di Roma Capitale - V Gruppo Prenestino,Polizia Municipale,Servizi comunali,12_2406_rta_12_241003111748_4166---ACCORDOMUNICIPIOROMAVeDIPPARIOPPROMACAPITALE_DD.txt,1
Lazio,Roma,Roma,Polizia di Roma Capitale - V Gruppo Prenestino,Polizia Municipale,Servizi comunali,12_2406_rta_12_240927093424_4166---ProtVMunMerlin.txt,1
Toscana,,,Polizie Municipali dei Comuni della Valdelsa,Polizia Municipale,Servizi comunali,09_ALTA VALDELSA Protocollo-violenza-valdelsa-2022_ALTA VALDELSA.txt,1
Emilia-Romagna,,,ASP Circondario Imolese,Servizi sociali comunali,Servizi comunali,08_2406_rta_08_241015091310_4166---Accordo_Contrasto_alla_violenza_CittMtrBO.txt,1
Emilia-Romagna,Bologna,Bologna,ASP Città di Bologna,Servizi sociali comunali,Servizi comunali,08_2406_rta_08_241015091310_4166---Accordo_Contrasto_alla_violenza_CittMtrBO.txt,1
Lombardia,,,Area Territorialita e Sistema Integrato di Accesso ai Servizi Sociali - Unità Welfare Territoriale,Servizi sociali comunali,Servizi comunali,03_2406_rta_03_240923105244_4166---ProtocolloViolenzaMilanoFirme2023.txt,1
Trento,,,"Assessorato Sanita, Servizi Sociali e Programmazione socio-sanitaria della Regione del Veneto",Servizi sociali comunali,Servizi comunali,05_2406_rta_05_240919122126_4166---PROTOCOLLOULSS8BERICA.txt,1
Lombardia,Como,Dongo,Azienda Speciale Consortile Le Tre Pievi Servizi Sociali Alto Lario di Gravedona ed Uniti (Ufficio di Piano di Dongo,Servizi sociali comunali,Servizi comunali,03_2406_rta_03_240925144919_4166---RETEDICOMO-PROTOCOLLOINTERIST.17novembre2023(1).txt,1
Piemonte,Torino,Chivasso,C.LS.S. - Consorzio Intercomunale Servizi Sociali,Servizi sociali comunali,Servizi comunali,01_2406_rta_01_240909110828_4166---PROTOCOLLOHELP.txt,1
Piemonte,,,Casa Rifugio presente sul territorio del Consorzio Intercomunale dei Servizi Sociali dell'Ossola,Servizi sociali comunali,Servizi comunali,01_2406_rta_01_241003124847_4166---2024-8928-2perinvio.txt,1
Lombardia,,,Consorzio Casalasco dei Servizi Sociali,Servizi sociali comunali,Servizi comunali,03_2406_rta_03_240918153252_4166---Protocollo+Appendice+LineeGuida_Datatodafirmare.txt,1
Piemonte,,,Consorzio Intercomunale dei Servizi Sociali del Cusio,Servizi sociali comunali,Servizi comunali,01_2406_rta_01_241003124847_4166---2024-8928-2perinvio.txt,1
Piemonte,,,Consorzio Intercomunale dei Servizi Sociali dell'Ossola,Servizi sociali comunali,Servizi comunali,01_2406_rta_01_241003124847_4166---2024-8928-2perinvio.txt,1
Lombardia,Como,Olgiate Comasco,Consorzio Servizi Sociali dell'Olgiatese (Ufficio di Piano di Olgiate Comasco,Servizi sociali comunali,Servizi comunali,03_2406_rta_03_240925144919_4166---RETEDICOMO-PROTOCOLLOINTERIST.17novembre2023(1).txt,1
Emilia-Romagna,Bologna,Imola,Consorzio Servizi Sociali di Imola,Servizi sociali comunali,Servizi comunali,08_2406_rta_08_241015091310_4166---Accordo_Contrasto_alla_violenza_CittMtrBO.txt,1
Piemonte,,,Consorzio intercomunale dei Servizi Sociali del Verbano,Servizi sociali comunali,Servizi comunali,01_2406_rta_01_241003124847_4166---2024-8928-2perinvio.txt,1
Piemonte,,,"Dipartimento Servizi Sociali, Centro Antiviolenza",Servizi sociali comunali,Servizi comunali,01_2406_rta_01_241002150739_4166---DeliberaCostituzioneOsservatorioSaluteDonne.txt,1
Piemonte,,,"Dipartimento Servizi Sociali, Socio Sanitari e Abitativi",Servizi sociali comunali,Servizi comunali,01_2406_rta_01_241002150739_4166---DeliberaCostituzioneOsservatorioSaluteDonne.txt,1
Piemonte,Torino,Torino,"Dipartimento Servizi Sociali, Socio Sanitari e Abitativi della Città di Torino",Servizi sociali comunali,Servizi comunali,01_2406_rta_01_241003113501_4166---CCVD1deliberaprotocolloccvd-2024eall1prot.txt,1
Trento,,,Direzione Servizi sociali,Servizi sociali comunali,Servizi comunali,05_2406_rta_05_240918153458_4166---protocolloprovPadova.txt,1
Piemonte,,,Distretti di Coesione Sociale (Servizi Sociali - Poli Inclusione,Servizi sociali comunali,Servizi comunali,01_2406_rta_01_241003113501_4166---CCVD1deliberaprotocolloccvd-2024eall1prot.txt,1
Toscana,,,Fiorentina Nord Ovest: Servizi sociali,Servizi sociali comunali,Servizi comunali,09_FIRENZE Linee-di-indirizzo2024.txt,1
Toscana,,,Fiorentina Sud Est: Servizi sociali,Servizi sociali comunali,Servizi comunali,09_FIRENZE Linee-di-indirizzo2024.txt,1
Toscana,,,Mugello: Servizi sociali,Servizi sociali comunali,Servizi comunali,09_FIRENZE Linee-di-indirizzo2024.txt,1
Emilia-Romagna,,,Poli territoriali di Servizio Sociale,Servizi sociali comunali,Servizi comunali,08_2406_rta_08_241015091655_4166---Aggiornamentointegrazioneprotocollooperativoapprovatonelgiugno2008.txt,1
Lazio,,,Pronto Intervento Sociale,Servizi sociali comunali,Servizi comunali,12_2406_rta_12_240926133706_4166---STAR.txt,1
Puglia,,,Pronto Intervento Sociale (PIS,Servizi sociali comunali,Servizi comunali,16_bat_convenzione CAV - ASL BT.txt,1
Toscana,,,Referente Emergenza Sociale (RES) di zona,Servizi sociali comunali,Servizi comunali,09_FIRENZE Linee-di-indirizzo2024.txt,1
Lazio,,,Risorse Sociali Territoriali,Servizi sociali comunali,Servizi comunali,12_2406_rta_12_241003105855_4166---ProtocollodiintesafirmatoASL1.txt | 12_2406_rta_12_241003112656_4166---AccordodicollaborazioneconsultorieDifferenzaDonna.txt,2
Toscana,,,SEUS - Servizio Emergenza Urgenza Sociale,Servizi sociali comunali,Servizi comunali,09_ALTA VALDELSA Protocollo-violenza-valdelsa-2022_ALTA VALDELSA.txt | 09_FIRENZE Linee-di-indirizzo2024.txt,2
Lombardia,Bergamo,Treviglio,Servizi Sociali Comunali del Comune di Treviglio,Servizi sociali comunali,Servizi comunali,03_2406_rta_03_240926114940_4166---ProtocollodiintesaeAllegatoTecnico_SOTTOSCRITTO.txt,1
Veneto,Vicenza,Bassano del Grappa,Servizi Sociali Comune di Bassano del Grappa,Servizi sociali comunali,Servizi comunali,05_2406_rta_05_240919114041_4166---protocollounicorevisionato2024.txt,1
Emilia-Romagna,Modena,Camposanto,Servizi Sociali Comune di Camposanto,Servizi sociali comunali,Servizi comunali,08_2406_rta_08_241015092024_4166---Protocollooperativo.txt,1
Emilia-Romagna,Modena,Cavezzo,Servizi Sociali Comune di Cavezzo,Servizi sociali comunali,Servizi comunali,08_2406_rta_08_241015092024_4166---Protocollooperativo.txt,1
Emilia-Romagna,,Concordia,Servizi Sociali Comune di Concordia,Servizi sociali comunali,Servizi comunali,08_2406_rta_08_241015092024_4166---Protocollooperativo.txt,1
Calabria,Cosenza,Dipignano,Servizi Sociali Comune di Dipignano,Servizi sociali comunali,Servizi comunali,18_2406_rta_18_240926102419_4166---protocollodiintesaterritorialeunito.txt,1
Emilia-Romagna,Modena,Finale Emilia,Servizi Sociali Comune di Finale Emilia,Servizi sociali comunali,Servizi comunali,08_2406_rta_08_241015092024_4166---Protocollooperativo.txt,1
Calabria,Cosenza,Malito,Servizi Sociali Comune di Malito,Servizi sociali comunali,Servizi comunali,18_2406_rta_18_240926102419_4166---protocollodiintesaterritorialeunito.txt,1
Calabria,Cosenza,Marzi,Servizi Sociali Comune di Marzi,Servizi sociali comunali,Servizi comunali,18_2406_rta_18_240926102419_4166---protocollodiintesaterritorialeunito.txt,1
Emilia-Romagna,Modena,Medolla,Servizi Sociali Comune di Medolla,Servizi sociali comunali,Servizi comunali,08_2406_rta_08_241015092024_4166---Protocollooperativo.txt,1
Emilia-Romagna,Modena,Mirandola,Servizi Sociali Comune di Mirandola,Servizi sociali comunali,Servizi comunali,08_2406_rta_08_241015092024_4166---Protocollooperativo.txt,1
Calabria,Cosenza,Parenti,Servizi Sociali Comune di Parenti,Servizi sociali comunali,Servizi comunali,18_2406_rta_18_240926102419_4166---protocollodiintesaterritorialeunito.txt,1
Emilia-Romagna,Modena,San Felice sul Panaro,Servizi Sociali Comune di San Felice Panaro,Servizi sociali comunali,Servizi comunali,08_2406_rta_08_241015092024_4166---Protocollooperativo.txt,1
Emilia-Romagna,Modena,San Possidonio,Servizi Sociali Comune di San Possidonio,Servizi sociali comunali,Servizi comunali,08_2406_rta_08_241015092024_4166---Protocollooperativo.txt,1
Emilia-Romagna,Modena,San Prospero,Servizi Sociali Comune di San Prospero,Servizi sociali comunali,Servizi comunali,08_2406_rta_08_241015092024_4166---Protocollooperativo.txt,1
Calabria,Cosenza,Scigliano,Servizi Sociali Comune di Scigliano,Servizi sociali comunali,Servizi comunali,18_2406_rta_18_240926102419_4166---protocollodiintesaterritorialeunito.txt,1
Puglia,,,Servizi Sociali Professionale,Servizi sociali comunali,Servizi comunali,16_ex_Convenzione Triggiano.txt,1
Abruzzo,,,Servizi Sociali Territoriali,Servizi sociali comunali,Servizi comunali,13_2406_rta_13_241122102615_4166---PROTOCOLLOD_INTESACOMUNEAQ_donatellatelliniCAV2023.txt,1
Piemonte,,,Servizi Sociali Territoriali,Servizi sociali comunali,Servizi comunali,01_2406_rta_01_240904121349_4166---convenzione.txt,1
Liguria,,,Servizi Sociali degli Ambiti Territoriali,Servizi sociali comunali,Servizi comunali,07_2406_rta_07_240916163905_4166---PROTOCOLLOFIRMATO(002).txt,1
Trento,,,Servizi Sociali degli Enti Locali,Servizi sociali comunali,Servizi comunali,05_2406_rta_05_240918144304_4166---Protocollo_ULSS2-DistrettoTreviso.txt,1
Trento,,,Servizi Sociali degli Enti Locali con competenza sugli Adulti,Servizi sociali comunali,Servizi comunali,05_2406_rta_05_240917141534_4166---protocollodiretefirmato.txt,1
Trento,,,Servizi Sociali degli Enti Locali con competenza sui Minori,Servizi sociali comunali,Servizi comunali,05_2406_rta_05_240917141534_4166---protocollodiretefirmato.txt,1
Trento,,,Servizi Sociali dei Comuni Distretto 4 Ovest Veronese,Servizi sociali comunali,Servizi comunali,05_2406_rta_05_240919124736_4166---Protocollo_per_contrasto_alla_violenza_di_genere.stamped.txt,1
Puglia,,,Servizi Sociali dei Comuni appartenenti all'Ambito,Servizi sociali comunali,Servizi comunali,16_2406_rta_16_250312162108_4166---protocollooperativoGioiadelColle_EMI.txt | 16_2406_rta_16_250312164250_4166---protocollooperativoGrumo_EMI.txt | 16_bari_protocollo operativo Gioia del Colle_EMI.txt | 16_bari_protocollo operativo Grumo_EMI.txt,4
Lombardia,,,Servizi Sociali dei Comuni del territorio,Servizi sociali comunali,Servizi comunali,03_2406_rta_03_240918153156_4166---Protocollo_d'Intesa_Rete_Mantova.prot.txt,1
Abruzzo,,,Servizi Sociali dei Comuni dell'Ambito Sociale Distrettuale,Servizi sociali comunali,Servizi comunali,13_2406_rta_13_241122105938_4166---ACCORDOOPERATIVO.txt,1
Toscana,,,Servizi Sociali dei Comuni di Costa,Servizi sociali comunali,Servizi comunali,09_APUANE_2015 Protocollo Prefettura.txt,1
Puglia,,,Servizi Sociali dei comuni dell'Ambito Territoriale,Servizi sociali comunali,Servizi comunali,16_2406_rta_16_250407164310_4166---protocollooperativoPutignano_EMI.txt,1
Trento,,,Servizi Sociali dei suddetti Comuni,Servizi sociali comunali,Servizi comunali,05_2406_rta_05_240916135305_4166---protocolloulss4.txt,1
Puglia,Bari,Alberobello,Servizi Sociali del Comune di Alberobello,Servizi sociali comunali,Servizi comunali,16_bari_protocollo operativo Putignano_EMI.txt,1
Puglia,Bari,Castellana Grotte,Servizi Sociali del Comune di Castellana Grotte,Servizi sociali comunali,Servizi comunali,16_bari_protocollo operativo Putignano_EMI.txt,1
Puglia,Bari,Locorotondo,Servizi Sociali del Comune di Locorotondo,Servizi sociali comunali,Servizi comunali,16_bari_protocollo operativo Putignano_EMI.txt,1
Puglia,Bari,Mola di Bari,Servizi Sociali del Comune di Mola di Bari,Servizi sociali comunali,Servizi comunali,16_2406_rta_16_250407161043_4166---protocollooperativoMoladiBari_reteAntiviolenza.txt | 16_bari_protocollo operativo Mola di Bari_rete Antiviolenza.txt,2
Puglia,Bari,Noci,Servizi Sociali del Comune di Noci,Servizi sociali comunali,Servizi comunali,16_bari_protocollo operativo Putignano_EMI.txt,1
Puglia,Bari,Noicattaro,Servizi Sociali del Comune di Noicattaro,Servizi sociali comunali,Servizi comunali,16_2406_rta_16_250407161043_4166---protocollooperativoMoladiBari_reteAntiviolenza.txt | 16_bari_protocollo operativo Mola di Bari_rete Antiviolenza.txt,2
Puglia,Bari,Putignano,Servizi Sociali del Comune di Putignano,Servizi sociali comunali,Servizi comunali,16_bari_protocollo operativo Putignano_EMI.txt,1
Puglia,Bari,Rutigliano,Servizi Sociali del Comune di Rutigliano,Servizi sociali comunali,Servizi comunali,16_2406_rta_16_250407161043_4166---protocollooperativoMoladiBari_reteAntiviolenza.txt | 16_bari_protocollo operativo Mola di Bari_rete Antiviolenza.txt,2
Emilia-Romagna,,,Servizi Sociali del Comune di residenza,Servizi sociali comunali,Servizi comunali,08_2406_rta_08_241015092024_4166---Protocollooperativo.txt,1
Abruzzo,,,"Servizi Sociali dell'Ambito Sociale n.17 ""Valle Peligna",Servizi sociali comunali,Servizi comunali,13_2406_rta_13_241122105938_4166---ACCORDOOPERATIVO.txt,1
Abruzzo,,,"Servizi Sociali dell'Ambito Sociale n.19 ""Altosangro e Altipiano delle Cinque Miglia",Servizi sociali comunali,Servizi comunali,13_2406_rta_13_241122105938_4166---ACCORDOOPERATIVO.txt,1
Emilia-Romagna,,,Servizi Sociali di competenza,Servizi sociali comunali,Servizi comunali,08_2406_rta_08_241015091430_4166---Protocollo_Distrettuale_Contrasto_violenza_Donne2023.stamped.txt,1
Lombardia,,,Servizi Sociali territoriali,Servizi sociali comunali,Servizi comunali,"03_2406_rta_03_240923164603_4166---ProtocolloreteantiviolenzaBusto,Gallarate,Saronno,SommaLombardo-2024.txt",1
Emilia-Romagna,,,Servizi di tutela minori,Servizi sociali comunali,Servizi comunali,08_2406_rta_08_241015091553_4166---Protocollosullaviolenzadigenere_confirme_prot.txt,1
Lombardia,Milano,Magenta,Servizi sociali comunali dell'ambito magentino,Servizi sociali comunali,Servizi comunali,03_2406_rta_03_240920120751_4166---protocollodiintesa.txt,1
Emilia-Romagna,,,Servizi sociali dei Comuni,Servizi sociali comunali,Servizi comunali,08_2406_rta_08_241015091553_4166---Protocollosullaviolenzadigenere_confirme_prot.txt | 08_2406_rta_08_241015092024_4166---Protocollooperativo.txt,2
Lombardia,,,Servizi sociali dei comuni,Servizi sociali comunali,Servizi comunali,03_2406_rta_03_240920120751_4166---protocollodiintesa.txt,1
Lombardia,,,Servizi sociali del Comune,Servizi sociali comunali,Servizi comunali,03_2406_rta_03_240918153240_4166---Protocollod'intesaperl'IstituzionediunSistemaTerritorialeAntiviolenzainReteconAddendumSindacati.txt,1
Lazio,,,Servizi sociali dell' Amministrazione Locale,Servizi sociali comunali,Servizi comunali,12_2406_rta_12_241004145108_4166---07-ProtocolloCONilComunediVILLASANTOSTEFANO.txt,1
Lazio,,,Servizi sociali dell'Amministrazione locale,Servizi sociali comunali,Servizi comunali,12_2406_rta_12_241004144338_4166---06-ProtocolloComunediVALLECORSA.txt | 12_2406_rta_12_241007235530_4166---ProtocolloconilComunediPastena.txt,2
Veneto,,,Servizi territoriali,Servizi sociali comunali,Servizi comunali,06_2406_rta_06_240916164153_4166---protocolloprefettura.txt,1
Friuli-Venezia Giulia,Udine,Udine,Servizio Servizi Sociali del Comune di Udine,Servizi sociali comunali,Servizi comunali,06_2406_rta_06_240916164122_4166---prot_n_0119980_2024_Accordo(firmato).txt,1
Puglia,,,Servizio Sociale,Servizi sociali comunali,Servizi comunali,16_brindisi_Protocollo_Intesa_LARA.txt,1
Lazio,Roma,Roma,Servizio Sociale,Servizi sociali comunali,Servizi comunali,12_2406_rta_12_241003114931_4166---ProtocollodiintesaDifferenzaDonnaeMunicipio13.txt,1
Piemonte,Torino,Lessolo,Servizio Sociale,Servizi sociali comunali,Servizi comunali,01_2406_rta_01_240904122512_4166---accordoSFD.txt | 01_2406_rta_01_240909103717_4166---PROTOCOLLORETEANTIVIOLENZASVOLTADONNA.txt | 01_2406_rta_01_241003115621_4166---ProtocolloCISCirie.txt | 01_2406_rta_01_241018134519_4166---Protocollooperativointeristituzionaleviolenzadigenere2023-2026def.txt,4
Emilia-Romagna,,,Servizio Sociale Associato,Servizi sociali comunali,Servizi comunali,08_2406_rta_08_241015092049_4166---PROTOCOLLOD.G.C.FAENZA304-2009.txt,1
Emilia-Romagna,,,"Servizio Sociale Associato dei Comuni di Ravenna, Cervia e Russi",Servizi sociali comunali,Servizi comunali,08_2406_rta_08_241015091748_4166---ProtocolloProvincialeCaserifugio2023.2025.txt,1
Emilia-Romagna,,,Servizio Sociale Ospedaliero,Servizi sociali comunali,Servizi comunali,08_2406_rta_08_241015091655_4166---Aggiornamentointegrazioneprotocollooperativoapprovatonelgiugno2008.txt,1
Lazio,,,Servizio Sociale Professionale,Servizi sociali comunali,Servizi comunali,12_2406_rta_12_240926133706_4166---STAR.txt | 12_2406_rta_12_241001130527_4166---protocollocontrolaviolenzadigenere.pdfpdf.txt,2
Puglia,,,Servizio Sociale Professionale,Servizi sociali comunali,Servizi comunali,16_ex_Convenzione Mola di Bari.txt,1
Abruzzo,,,Servizio Sociale Professionale comunale,Servizi sociali comunali,Servizi comunali,13_2406_rta_13_241122102615_4166---PROTOCOLLOD_INTESACOMUNEAQ_donatellatelliniCAV2023.txt,1
Lazio,,,Servizio Sociale Territoriale,Servizi sociali comunali,Servizi comunali,12_2406_rta_12_241009125120_4166---6.accordo.txt,1
Trento,,,Servizio Sociale dei Comuni Distretto 3,Servizi sociali comunali,Servizi comunali,05_2406_rta_05_240919124736_4166---Protocollo_per_contrasto_alla_violenza_di_genere.stamped.txt,1
Veneto,,,"Servizio Sociale dei Comuni dell'ambito territoriale ""Carso Isonzo Adriatico",Servizi sociali comunali,Servizi comunali,06_2406_rta_06_240916164258_4166---Protocolloviolenzadomesticaedigenere_30.09.2019.txt,1
Veneto,,,"Servizio Sociale dei Comuni dell'ambito territoriale ""Collio Alto Isonzo",Servizi sociali comunali,Servizi comunali,06_2406_rta_06_240916164258_4166---Protocolloviolenzadomesticaedigenere_30.09.2019.txt,1
Veneto,Vicenza,Thiene,Servizio Sociale del Comune di Thiene,Servizi sociali comunali,Servizi comunali,05_2406_rta_05_240919114041_4166---protocollounicorevisionato2024.txt,1
Liguria,,,Servizio Sociale del Comune di residenza,Servizi sociali comunali,Servizi comunali,07_2406_rta_07_240916163905_4166---PROTOCOLLOFIRMATO(002).txt,1
Abruzzo,,,Servizio Sociale del Comune di residenza del nucleo familiare,Servizi sociali comunali,Servizi comunali,13_2406_rta_13_241122111153_4166---PROTOCOLLOCASTELDISANGROEASL.txt,1
Liguria,,,Servizio Sociale del Comune dove viene reperita la donna,Servizi sociali comunali,Servizi comunali,07_2406_rta_07_240916163905_4166---PROTOCOLLOFIRMATO(002).txt,1
Trento,,,Servizio Sociale di Base,Servizi sociali comunali,Servizi comunali,05_2406_rta_05_240917141534_4166---protocollodiretefirmato.txt,1
Puglia,,,Servizio Sociale territoriale,Servizi sociali comunali,Servizi comunali,16_bari_protocollo operativo Mola di Bari_rete Antiviolenza.txt,1
Puglia,,,Servizio di Pronto Intervento Sociale (PIS,Servizi sociali comunali,Servizi comunali,16_2406_rta_16_250410144304_4166---ProtocolloOperativo-Procedureintegrateperlaprevenzioneeilcontrastoallaviolenzacontrodonneeminori-Copia_Marcato.txt,1
Veneto,,,Servizio sociale,Servizi sociali comunali,Servizi comunali,06_2406_rta_06_240924164454_4166---protocollo_tempo_sospeso.txt,1
Veneto,,,Servizio sociale comunale,Servizi sociali comunali,Servizi comunali,06_2406_rta_06_240924164454_4166---protocollo_tempo_sospeso.txt,1
Veneto,,,Servizio sociale minori,Servizi sociali comunali,Servizi comunali,06_2406_rta_06_240924164454_4166---protocollo_tempo_sospeso.txt,2
Piemonte,,,Settore 5 - Politiche Sociali,Servizi sociali comunali,Servizi comunali,01_2406_rta_01_240924140705_4166---LesConvenzionecoprogettazione.txt,1
Piemonte,Vercelli,Vercelli,Settore Politiche Sociali del Comune di Vercelli,Servizi sociali comunali,Servizi comunali,01_2406_rta_01_241018142716_4166---protocolloreteVC.txt,1
Abruzzo,Chieti,Vasto,Settore Servizi alla persona del Comune di Vasto,Servizi sociali comunali,Servizi comunali,13_2406_rta_13_241122105540_4166---protocollodirete_vastodonnattiva.txt,1
Lazio,,,Settore VII - Servizi Sociali,Servizi sociali comunali,Servizi comunali,12_2406_rta_12_241004141331_4166---ConvenzioneconilComunediCECCANO.txt,1
Veneto,,,Sistema dei Servizi Sociali,Servizi sociali comunali,Servizi comunali,06_2406_rta_06_240916164122_4166---prot_n_0119980_2024_Accordo(firmato).txt,1
Emilia-Romagna,,,Sportelli Sociali,Servizi sociali comunali,Servizi comunali,08_2406_rta_08_241015091655_4166---Aggiornamentointegrazioneprotocollooperativoapprovatonelgiugno2008.txt,1
Puglia,,,USSM (Ufficio Servizi Sociali Minorenni - Ministero della Giustizia,Servizi sociali comunali,Servizi comunali,16_2406_rta_16_250409174252_4166---Protocollo_Intesa_LARA.txt | 16_brindisi_Protocollo_Intesa_LARA.txt,2
Toscana,,,UTES - Unità Territoriali Emergenza Sociale,Servizi sociali comunali,Servizi comunali,09_ALTA VALDELSA Protocollo-violenza-valdelsa-2022_ALTA VALDELSA.txt,1
Veneto,Rovigo,Lendinara,Ufficio Servizi Sociali del Comune di Lendinara,Servizi sociali comunali,Servizi comunali,05_2406_rta_05_240916173648_4166---ULSS5Polesana_Protocollodirete.txt,1
Lazio,,,servizi territoriali competenti per la tutela dei minori,Servizi sociali comunali,Servizi comunali,12_2406_rta_12_240926134140_4166---Protocollointesa.txt | 12_2406_rta_12_241004114912_4166---ProtocolloRetePrantiviolenzaFrosinone.txt | 12_2406_rta_12_241004130514_4166---PROTOCOLLODIINTESAPERLAPROMOZIONEDISTRATEGIECONDIVISESULFENOMENODELLAVIOLENZADIGENERE(1).txt | 12_2406_rta_12_241004133706_4166---ProtocollodiretePREFETTURAFrosinone(1).txt,4
Piemonte,,,servizi territoriali dell'area minore,Servizi sociali comunali,Servizi comunali,01_2406_rta_01_240904150044_4166---Protocollocav-irene2022-2025.txt,1
Lombardia,Milano,Milano,Servizio Disagio Donne Maltrattamento - Via San Bernardino n. 4 - Milano,Servizio abusi e maltrattamenti comunale,Servizi comunali,03_2406_rta_03_240923103647_4166---protocolloreteantiviolenzacinisello2019(1).txt,1
Veneto,Vicenza,Vicenza,Servizio Protezione e Tutela dei Minori del Comune di Vicenza,Servizio abusi e maltrattamenti comunale,Servizi comunali,05_2406_rta_05_240919122126_4166---PROTOCOLLOULSS8BERICA.txt,1
Lombardia,,,AGENZIA FORMATIVA DON TEDOLDI,Scuole/Ufficio scolastico provinciale e regionale,Settore Educativo,03_2406_rta_03_240923171949_4166---PROTOCOLLOD'INTESARETETERRITORIALEANTIVIOLENZAVALLETROMPIA2024.txt,1
Puglia,,,Agenzie Educative,Scuole/Ufficio scolastico provinciale e regionale,Settore Educativo,16_2406_rta_16_250312162108_4166---protocollooperativoGioiadelColle_EMI.txt | 16_bari_protocollo operativo Grumo_EMI.txt,2
Piemonte,,,Ambito Scolastico Provinciale,Scuole/Ufficio scolastico provinciale e regionale,Settore Educativo,01_2406_rta_01_240904120005_4166---protocollo.txt,1
Piemonte,Biella,Biella,Ambito Territoriale X di Biella - Ufficio Scolastico Regionale per il Piemonte - MIUR,Scuole/Ufficio scolastico provinciale e regionale,Settore Educativo,01_2406_rta_01_240904120005_4166---protocollo.txt,1
Emilia-Romagna,Piacenza,Piacenza,Ambito territoriale per la provincia di Piacenza,Scuole/Ufficio scolastico provinciale e regionale,Settore Educativo,08_2406_rta_08_241015091832_4166---P.G.111546-2023PROTOCOLLOOPERATIVOFENOMENOVIOLENZADONNE(1).txt,1
Marche,Fermo,Fermo,C.F.P. Artigianelli di Fermo,Scuole/Ufficio scolastico provinciale e regionale,Settore Educativo,11_2406_rta_11_240911113757_4166---All.4ProtocolloReteAntiviolenzasottoscritto18.12.2023.txt,1
Marche,Fermo,Fermo,Centro Formazione Professionale Artigianelli,Scuole/Ufficio scolastico provinciale e regionale,Settore Educativo,11_2406_rta_11_240911113757_4166---All.4ProtocolloReteAntiviolenzasottoscritto18.12.2023.txt,1
Emilia-Romagna,,,Centro Territoriale Permanente per l'Educazione degli Adulti,Scuole/Ufficio scolastico provinciale e regionale,Settore Educativo,08_2406_rta_08_241015091621_4166---PROTOCOLLO_22.txt,1
Emilia-Romagna,,,Direzioni Scolastiche,Scuole/Ufficio scolastico provinciale e regionale,Settore Educativo,08_2406_rta_08_241015091553_4166---Protocollosullaviolenzadigenere_confirme_prot.txt | 08_2406_rta_08_241015091655_4166---Aggiornamentointegrazioneprotocollooperativoapprovatonelgiugno2008.txt,2
Piemonte,,,Dirigenza scolastica autonoma,Scuole/Ufficio scolastico provinciale e regionale,Settore Educativo,01_2406_rta_01_240904120005_4166---protocollo.txt,1
Veneto,,,Dirigenza scolastica autonoma,Scuole/Ufficio scolastico provinciale e regionale,Settore Educativo,06_2406_rta_06_240916164153_4166---protocolloprefettura.txt,1
Puglia,,,I'Ufficio Scolastico Provinciale,Scuole/Ufficio scolastico provinciale e regionale,Settore Educativo,16_2406_rta_16_250410170705_4166---protocolloPrefetturaProvinciaTaranto.txt,1
Marche,,,"I.C. ""Cestoni",Scuole/Ufficio scolastico provinciale e regionale,Settore Educativo,11_2406_rta_11_240911113757_4166---All.4ProtocolloReteAntiviolenzasottoscritto18.12.2023.txt,1
Marche,Fermo,Fermo,"I.C. ""Da Vinci - Ungaretti"" di Fermo",Scuole/Ufficio scolastico provinciale e regionale,Settore Educativo,11_2406_rta_11_240911113757_4166---All.4ProtocolloReteAntiviolenzasottoscritto18.12.2023.txt,1
Marche,Fermo,Falerone,"I.C. ""Falerone",Scuole/Ufficio scolastico provinciale e regionale,Settore Educativo,11_2406_rta_11_240911113757_4166---All.4ProtocolloReteAntiviolenzasottoscritto18.12.2023.txt,1
Marche,Fermo,Fermo,"I.C. ""Fracassetti - Capodarco"" di Fermo",Scuole/Ufficio scolastico provinciale e regionale,Settore Educativo,11_2406_rta_11_240911113757_4166---All.4ProtocolloReteAntiviolenzasottoscritto18.12.2023.txt,1
Lazio,,,"I.C. ""Giorgi",Scuole/Ufficio scolastico provinciale e regionale,Settore Educativo,12_2406_rta_12_241003094302_4166---4VerbaleIncontroGiorgieLaGinestra-PROTOCOLLO.txt,1
Marche,Fermo,Monte Urano,"I.C. ""Monte Urano",Scuole/Ufficio scolastico provinciale e regionale,Settore Educativo,11_2406_rta_11_240911113757_4166---All.4ProtocolloReteAntiviolenzasottoscritto18.12.2023.txt,1
Marche,Fermo,Porto San Giorgio,"I.C. ""Nardi"" di Porto San Giorgio",Scuole/Ufficio scolastico provinciale e regionale,Settore Educativo,11_2406_rta_11_240911113757_4166---All.4ProtocolloReteAntiviolenzasottoscritto18.12.2023.txt,1
Marche,,,"I.C. ""Omnicomprensivo Interprovinciale Sibillini",Scuole/Ufficio scolastico provinciale e regionale,Settore Educativo,11_2406_rta_11_240911113757_4166---All.4ProtocolloReteAntiviolenzasottoscritto18.12.2023.txt,1
Marche,Fermo,Petritoli,"I.C. ""Petritoli",Scuole/Ufficio scolastico provinciale e regionale,Settore Educativo,11_2406_rta_11_240911113757_4166---All.4ProtocolloReteAntiviolenzasottoscritto18.12.2023.txt,1
Marche,,,"I.C. ""Rodari-Marconi",Scuole/Ufficio scolastico provinciale e regionale,Settore Educativo,11_2406_rta_11_240911113757_4166---All.4ProtocolloReteAntiviolenzasottoscritto18.12.2023.txt,1
Marche,Fermo,Sant'Elpidio a Mare,"I.C. ""Sant'Elpidio a Mare",Scuole/Ufficio scolastico provinciale e regionale,Settore Educativo,11_2406_rta_11_240911113757_4166---All.4ProtocolloReteAntiviolenzasottoscritto18.12.2023.txt,1
Marche,Fermo,Fermo,"I.C. ""U. Betti"" di Fermo",Scuole/Ufficio scolastico provinciale e regionale,Settore Educativo,11_2406_rta_11_240911113757_4166---All.4ProtocolloReteAntiviolenzasottoscritto18.12.2023.txt,1
Marche,Fermo,Monterubbiano,"I.C. ""Vincenzo Pagani"" di Monterubbiano",Scuole/Ufficio scolastico provinciale e regionale,Settore Educativo,11_2406_rta_11_240911113757_4166---All.4ProtocolloReteAntiviolenzasottoscritto18.12.2023.txt,1
Lazio,,,I.T.C. Vanni,Scuole/Ufficio scolastico provinciale e regionale,Settore Educativo,12_2406_rta_12_240926113237_4166---Accordocavunuiversitari.txt,1
Marche,,,"IISS ""Carlo Urbani",Scuole/Ufficio scolastico provinciale e regionale,Settore Educativo,11_2406_rta_11_240911113757_4166---All.4ProtocolloReteAntiviolenzasottoscritto18.12.2023.txt,1
Marche,,,IPSIA Ostilio Ricci,Scuole/Ufficio scolastico provinciale e regionale,Settore Educativo,11_2406_rta_11_240911113757_4166---All.4ProtocolloReteAntiviolenzasottoscritto18.12.2023.txt,1
Marche,,,ISS Carlo Urbani,Scuole/Ufficio scolastico provinciale e regionale,Settore Educativo,11_2406_rta_11_240911113757_4166---All.4ProtocolloReteAntiviolenzasottoscritto18.12.2023.txt,1
Calabria,Reggio Calabria,Villa San Giovanni,"ISTITUTO D'ISTRUZIONE SUPERIORE ""L. NOSTRO- L. REPACI"" DI VILLA SAN GIOVANNI",Scuole/Ufficio scolastico provinciale e regionale,Settore Educativo,18_2406_rta_18_240926102317_4166---PROTOCOLLOISTITUTOSUP.NOSTRO-REPACI.txt,1
Calabria,Catanzaro,Decollatura,ISTITUTO D'ISTRUZIONE SUPERIORE LUIGI COSTANZO DI DECOLLATURA,Scuole/Ufficio scolastico provinciale e regionale,Settore Educativo,18_2406_rta_18_240926102814_4166---convenzDemetraIISCostanzoDecollatura2020.txt,1
Lombardia,,,ISTITUTO ISTRUZIONE SUPERIORE CARLO BERETTA,Scuole/Ufficio scolastico provinciale e regionale,Settore Educativo,03_2406_rta_03_240923171949_4166---PROTOCOLLOD'INTESARETETERRITORIALEANTIVIOLENZAVALLETROMPIA2024.txt,1
Lombardia,,,ISTITUTO ISTRUZIONE SUPERIORE PRIMO LEVI,Scuole/Ufficio scolastico provinciale e regionale,Settore Educativo,03_2406_rta_03_240923171949_4166---PROTOCOLLOD'INTESARETETERRITORIALEANTIVIOLENZAVALLETROMPIA2024.txt,1
Marche,Fermo,Amandola,"ITC ""Mattei"" di Amandola",Scuole/Ufficio scolastico provinciale e regionale,Settore Educativo,11_2406_rta_11_240911113757_4166---All.4ProtocolloReteAntiviolenzasottoscritto18.12.2023.txt,1
Lazio,Roma,Nettuno,ITET EMANUELA LOI,Scuole/Ufficio scolastico provinciale e regionale,Settore Educativo,12_2406_rta_12_240926124601_4166---ACCORDOtrlepartiITSETLOIeMarielleFranco(1).txt,1
Marche,,,"ITI ""G. M. Montani",Scuole/Ufficio scolastico provinciale e regionale,Settore Educativo,11_2406_rta_11_240911113757_4166---All.4ProtocolloReteAntiviolenzasottoscritto18.12.2023.txt,1
Lombardia,Milano,Bresso,Istituti Comprensivi di Via Bologna e di Via Don Sturzo a Bresso,Scuole/Ufficio scolastico provinciale e regionale,Settore Educativo,03_2406_rta_03_240923103647_4166---protocolloreteantiviolenzacinisello2019(1).txt,1
Lazio,,,Istituti Scolastici,Scuole/Ufficio scolastico provinciale e regionale,Settore Educativo,12_2406_rta_12_241003112656_4166---AccordodicollaborazioneconsultorieDifferenzaDonna.txt | 12_2406_rta_12_241004134724_4166---02-ProtocolloconlaProvinciadiFrosinone.txt,2
Lazio,,,Istituti di formazione professionale,Scuole/Ufficio scolastico provinciale e regionale,Settore Educativo,12_2406_rta_12_241004133706_4166---ProtocollodiretePREFETTURAFrosinone(1).txt,1
Lazio,,,Istituti di istruzione,Scuole/Ufficio scolastico provinciale e regionale,Settore Educativo,12_2406_rta_12_241004133706_4166---ProtocollodiretePREFETTURAFrosinone(1).txt,1
Veneto,,,Istituti di istruzione,Scuole/Ufficio scolastico provinciale e regionale,Settore Educativo,06_2406_rta_06_240916164153_4166---protocolloprefettura.txt,1
Lazio,,,Istituti di istruzione e di formazione professionale,Scuole/Ufficio scolastico provinciale e regionale,Settore Educativo,12_2406_rta_12_241004130514_4166---PROTOCOLLODIINTESAPERLAPROMOZIONEDISTRATEGIECONDIVISESULFENOMENODELLAVIOLENZADIGENERE(1).txt,1
Piemonte,,,Istituti di istruzione e di formazione professionale,Scuole/Ufficio scolastico provinciale e regionale,Settore Educativo,01_2406_rta_01_240904120005_4166---protocollo.txt,1
Lazio,,,Istituti di istruzione e formazione professionale,Scuole/Ufficio scolastico provinciale e regionale,Settore Educativo,12_2406_rta_12_241004114912_4166---ProtocolloRetePrantiviolenzaFrosinone.txt,1
Abruzzo,,,"Istituti di istruzione superiore ""Acciaiuli-Enaudi",Scuole/Ufficio scolastico provinciale e regionale,Settore Educativo,13_2406_rta_13_241122103901_4166---Protocollirete_ortonaelancianoCAVdonn.ÿ.txt | 13_2406_rta_13_241122104158_4166---Protocollirete_ortonaelancianoCAVdonn.ÿ.txt | 13_2406_rta_13_241122104428_4166---Protocollorete_ortonaCAVconsultoriodiocesano.txt,3
Puglia,Brindisi,Brindisi,Istituti scolastici della Provincia di Brindisi,Scuole/Ufficio scolastico provinciale e regionale,Settore Educativo,16_2406_rta_16_250409174252_4166---Protocollo_Intesa_LARA.txt | 16_brindisi_Protocollo_Intesa_LARA.txt,2
Puglia,,,Istituti scolastici di ogni ordine e grado,Scuole/Ufficio scolastico provinciale e regionale,Settore Educativo,16_2406_rta_16_250312162108_4166---protocollooperativoGioiadelColle_EMI.txt,1
Veneto,,,Istituti scolastici di ogni ordine e grado operanti nel territorio,Scuole/Ufficio scolastico provinciale e regionale,Settore Educativo,06_2406_rta_06_240916164122_4166---prot_n_0119980_2024_Accordo(firmato).txt,1
Lombardia,Milano,Rho,"Istituto ""Olivetti",Scuole/Ufficio scolastico provinciale e regionale,Settore Educativo,03_2406_rta_03_240926144324_4166---Protocollodiintesa.txt,1
Lombardia,Milano,Rho,"Istituto ""Puecher",Scuole/Ufficio scolastico provinciale e regionale,Settore Educativo,03_2406_rta_03_240926144324_4166---Protocollodiintesa.txt,1
Veneto,Treviso,Castelfranco Veneto,Istituto Barsanti di Castelfranco Veneto,Scuole/Ufficio scolastico provinciale e regionale,Settore Educativo,05_2406_rta_05_240917141534_4166---protocollodiretefirmato.txt,1
Abruzzo,,,"Istituto Comprensivo ""Don Milani",Scuole/Ufficio scolastico provinciale e regionale,Settore Educativo,13_2406_rta_13_241122103901_4166---Protocollirete_ortonaelancianoCAVdonn.ÿ.txt | 13_2406_rta_13_241122104158_4166---Protocollirete_ortonaelancianoCAVdonn.ÿ.txt | 13_2406_rta_13_241122104842_4166---Protocollodirete_DAFNE.txt,3
Abruzzo,,,"Istituto Comprensivo ""G. D'Annunzio",Scuole/Ufficio scolastico provinciale e regionale,Settore Educativo,13_2406_rta_13_241122103901_4166---Protocollirete_ortonaelancianoCAVdonn.ÿ.txt | 13_2406_rta_13_241122104158_4166---Protocollirete_ortonaelancianoCAVdonn.ÿ.txt | 13_2406_rta_13_241122104842_4166---Protocollodirete_DAFNE.txt,3
Abruzzo,,,"Istituto Comprensivo ""Mario Bosco",Scuole/Ufficio scolastico provinciale e regionale,Settore Educativo,13_2406_rta_13_241122103901_4166---Protocollirete_ortonaelancianoCAVdonn.ÿ.txt | 13_2406_rta_13_241122104158_4166---Protocollirete_ortonaelancianoCAVdonn.ÿ.txt | 13_2406_rta_13_241122104842_4166---Protocollodirete_DAFNE.txt,3
Lombardia,Milano,Garbagnate Milanese,"Istituto Comprensivo ""Russel",Scuole/Ufficio scolastico provinciale e regionale,Settore Educativo,03_2406_rta_03_240926144324_4166---Protocollodiintesa.txt,1
Abruzzo,,,"Istituto Comprensivo ""Umberto I",Scuole/Ufficio scolastico provinciale e regionale,Settore Educativo,13_2406_rta_13_241122103901_4166---Protocollirete_ortonaelancianoCAVdonn.ÿ.txt | 13_2406_rta_13_241122104158_4166---Protocollirete_ortonaelancianoCAVdonn.ÿ.txt | 13_2406_rta_13_241122104842_4166---Protocollodirete_DAFNE.txt,3
Marche,,,"Istituto Comprensivo ""Umberto Preziotti - Osvaldo Licini",Scuole/Ufficio scolastico provinciale e regionale,Settore Educativo,11_2406_rta_11_240911113757_4166---All.4ProtocolloReteAntiviolenzasottoscritto18.12.2023.txt,1
Marche,,,Istituto Comprensivo 7,Scuole/Ufficio scolastico provinciale e regionale,Settore Educativo,11_2406_rta_11_240911113757_4166---All.4ProtocolloReteAntiviolenzasottoscritto18.12.2023.txt,1
Marche,Fermo,Fermo,Istituto Comprensivo Da Vinci Ungaretti,Scuole/Ufficio scolastico provinciale e regionale,Settore Educativo,11_2406_rta_11_240911113757_4166---All.4ProtocolloReteAntiviolenzasottoscritto18.12.2023.txt,1
Lombardia,Brescia,Desenzano del Garda,Istituto Comprensivo Desenzano 1,Scuole/Ufficio scolastico provinciale e regionale,Settore Educativo,03_2406_rta_03_240923165401_4166---PROTOCOLLODIrete2020-2023_rev2confirmescan.txt,1
Marche,Fermo,Falerone,Istituto Comprensivo Falerone ISC B,Scuole/Ufficio scolastico provinciale e regionale,Settore Educativo,11_2406_rta_11_240911113757_4166---All.4ProtocolloReteAntiviolenzasottoscritto18.12.2023.txt,1
Lombardia,Brescia,Gargnano,Istituto Comprensivo GARGNANO,Scuole/Ufficio scolastico provinciale e regionale,Settore Educativo,03_2406_rta_03_240923165401_4166---PROTOCOLLODIrete2020-2023_rev2confirmescan.txt,1
Marche,,,Istituto Comprensivo Gino Strada,Scuole/Ufficio scolastico provinciale e regionale,Settore Educativo,11_2406_rta_11_240911113757_4166---All.4ProtocolloReteAntiviolenzasottoscritto18.12.2023.txt,1
Marche,,,Istituto Comprensivo Interprovinciale dei Sibillini,Scuole/Ufficio scolastico provinciale e regionale,Settore Educativo,11_2406_rta_11_240911113757_4166---All.4ProtocolloReteAntiviolenzasottoscritto18.12.2023.txt,1
Marche,Fermo,Amandola,Istituto Comprensivo Omnicomprensivo di Amandola,Scuole/Ufficio scolastico provinciale e regionale,Settore Educativo,11_2406_rta_11_240911113757_4166---All.4ProtocolloReteAntiviolenzasottoscritto18.12.2023.txt,1
Lombardia,Brescia,Salo,Istituto Comprensivo Sald,Scuole/Ufficio scolastico provinciale e regionale,Settore Educativo,03_2406_rta_03_240923165401_4166---PROTOCOLLODIrete2020-2023_rev2confirmescan.txt,1
Calabria,,,"Istituto Comprensivo Statale ""Mangone - Grimaldi",Scuole/Ufficio scolastico provinciale e regionale,Settore Educativo,18_2406_rta_18_240926102419_4166---protocollodiintesaterritorialeunito.txt,1
Lazio,,,"Istituto Comprensivo Statale ""Pietro Vanni",Scuole/Ufficio scolastico provinciale e regionale,Settore Educativo,12_2406_rta_12_240926113409_4166---AccordoICSPietroVanniFormazionePontedonna.txt,1
Abruzzo,,,"Istituto Comprensivo n.1 ""Matilde Serao",Scuole/Ufficio scolastico provinciale e regionale,Settore Educativo,13_2406_rta_13_241122103901_4166---Protocollirete_ortonaelancianoCAVdonn.ÿ.txt | 13_2406_rta_13_241122104158_4166---Protocollirete_ortonaelancianoCAVdonn.ÿ.txt | 13_2406_rta_13_241122104428_4166---Protocollorete_ortonaCAVconsultoriodiocesano.txt,3
Abruzzo,,,"Istituto Comprensivo n.2 "" F.P. Tosti",Scuole/Ufficio scolastico provinciale e regionale,Settore Educativo,13_2406_rta_13_241122103901_4166---Protocollirete_ortonaelancianoCAVdonn.ÿ.txt | 13_2406_rta_13_241122104428_4166---Protocollorete_ortonaCAVconsultoriodiocesano.txt,2
Abruzzo,,,"Istituto Comprensivo n.2 ""F.P. Tosti",Scuole/Ufficio scolastico provinciale e regionale,Settore Educativo,13_2406_rta_13_241122104158_4166---Protocollirete_ortonaelancianoCAVdonn.ÿ.txt,1
Abruzzo,,,"Istituto Istruzione Superiore ""VITTORIO EMANUELE II",Scuole/Ufficio scolastico provinciale e regionale,Settore Educativo,13_2406_rta_13_241122103901_4166---Protocollirete_ortonaelancianoCAVdonn.ÿ.txt | 13_2406_rta_13_241122104158_4166---Protocollirete_ortonaelancianoCAVdonn.ÿ.txt | 13_2406_rta_13_241122104842_4166---Protocollodirete_DAFNE.txt,3
Marche,,,"Istituto Professionale ""Ostilio Ricci",Scuole/Ufficio scolastico provinciale e regionale,Settore Educativo,11_2406_rta_11_240911113757_4166---All.4ProtocolloReteAntiviolenzasottoscritto18.12.2023.txt,1
Abruzzo,,,"Istituto Professionale per i Servizi Commerciali e Socio -Sanitari ""DE GIORGIO",Scuole/Ufficio scolastico provinciale e regionale,Settore Educativo,13_2406_rta_13_241122103901_4166---Protocollirete_ortonaelancianoCAVdonn.ÿ.txt | 13_2406_rta_13_241122104158_4166---Protocollirete_ortonaelancianoCAVdonn.ÿ.txt | 13_2406_rta_13_241122104842_4166---Protocollodirete_DAFNE.txt,3
Abruzzo,,,"Istituto Secondario Superiore ""DE TITTA- FERMI",Scuole/Ufficio scolastico provinciale e regionale,Settore Educativo,13_2406_rta_13_241122103901_4166---Protocollirete_ortonaelancianoCAVdonn.ÿ.txt | 13_2406_rta_13_241122104158_4166---Protocollirete_ortonaelancianoCAVdonn.ÿ.txt | 13_2406_rta_13_241122104842_4166---Protocollodirete_DAFNE.txt,3
Abruzzo,,,"Istituto Tecnico Tecnologico ""L. DA VINCI",Scuole/Ufficio scolastico provinciale e regionale,Settore Educativo,13_2406_rta_13_241122103901_4166---Protocollirete_ortonaelancianoCAVdonn.ÿ.txt | 13_2406_rta_13_241122104158_4166---Protocollirete_ortonaelancianoCAVdonn.ÿ.txt | 13_2406_rta_13_241122104842_4166---Protocollodirete_DAFNE.txt,3
Calabria,,,Istituto comprensivo di Serrastretta-Decollatura,Scuole/Ufficio scolastico provinciale e regionale,Settore Educativo,18_2406_rta_18_240926102814_4166---convenzDemetraIISCostanzoDecollatura2020.txt,1
Lombardia,Brescia,Palazzolo sull'Oglio,"Istituto di Istruzione Superiore ""C. Marzoli"" di Palazzolo sull'Oglio",Scuole/Ufficio scolastico provinciale e regionale,Settore Educativo,03_2406_rta_03_240925150245_4166---ProtocolloReteARIAPalazzolo.txt,1
Lombardia,Brescia,Palazzolo sull'Oglio,"Istituto di Istruzione Superiore ""G. Falcone"" di Palazzolo sull'Oglio",Scuole/Ufficio scolastico provinciale e regionale,Settore Educativo,03_2406_rta_03_240925150245_4166---ProtocolloReteARIAPalazzolo.txt,1
Lazio,Frosinone,Ferentino,Istituto di Istruzione Superiore Martino Filetico,Scuole/Ufficio scolastico provinciale e regionale,Settore Educativo,12_2406_rta_12_241008104436_4166---18-ConvenzioneconilLiceoScientificoelinguisticoMartinoFileticodiFERENTINO.txt,1
Abruzzo,,,"Istituto di istruzione superiore ""Alessandra Volta",Scuole/Ufficio scolastico provinciale e regionale,Settore Educativo,13_2406_rta_13_241122103901_4166---Protocollirete_ortonaelancianoCAVdonn.ÿ.txt | 13_2406_rta_13_241122104158_4166---Protocollirete_ortonaelancianoCAVdonn.ÿ.txt | 13_2406_rta_13_241122104428_4166---Protocollorete_ortonaCAVconsultoriodiocesano.txt,3
Lazio,,,Istituzioni Scolastiche,Scuole/Ufficio scolastico provinciale e regionale,Settore Educativo,12_2406_rta_12_241004090846_4166---3protCAVPAOLALATTESgenitoriperlascuola(1).txt,1
Calabria,,,Istituzioni scolastiche,Scuole/Ufficio scolastico provinciale e regionale,Settore Educativo,18_2406_rta_18_240926102943_4166---schemaAccordoCollaborazione499ARIEL_signed.txt,1
Puglia,,,Istituzioni scolastiche,Scuole/Ufficio scolastico provinciale e regionale,Settore Educativo,16_brindisi_Protocollo_Intesa_LARA.txt | 16_ex_Convenzione Triggiano.txt,2
Veneto,,,Istituzioni scolastiche autonome,Scuole/Ufficio scolastico provinciale e regionale,Settore Educativo,06_2406_rta_06_240916164153_4166---protocolloprefettura.txt,1
Emilia-Romagna,Ferrara,Ferrara,Istituzioni scolastiche autonome della provincia di Ferrara,Scuole/Ufficio scolastico provinciale e regionale,Settore Educativo,08_2406_rta_08_241015091355_4166---PROTOCOLLO_CONTRO_VIOLENZA_firmato2023.txt,1
Lombardia,Brescia,Lonato del Garda,Istitytto Cofprensivo Ugo da Como Lonato del Garda,Scuole/Ufficio scolastico provinciale e regionale,Settore Educativo,03_2406_rta_03_240923165401_4166---PROTOCOLLODIrete2020-2023_rev2confirmescan.txt,1
Lombardia,Milano,Rho,"Liceo ""Clemente Rebora",Scuole/Ufficio scolastico provinciale e regionale,Settore Educativo,03_2406_rta_03_240926144324_4166---Protocollodiintesa.txt,1
Marche,,,"Liceo Artistico ""Preziotti - Licini",Scuole/Ufficio scolastico provinciale e regionale,Settore Educativo,11_2406_rta_11_240911113757_4166---All.4ProtocolloReteAntiviolenzasottoscritto18.12.2023.txt,1
Marche,Fermo,Fermo,"Liceo Classico Statale ""Annibal Caro",Scuole/Ufficio scolastico provinciale e regionale,Settore Educativo,11_2406_rta_11_240911113757_4166---All.4ProtocolloReteAntiviolenzasottoscritto18.12.2023.txt,1
Marche,,,"Liceo Ginnasio Statale ""A. Caro",Scuole/Ufficio scolastico provinciale e regionale,Settore Educativo,11_2406_rta_11_240911113757_4166---All.4ProtocolloReteAntiviolenzasottoscritto18.12.2023.txt,1
Abruzzo,,,"Liceo Scientifico ""G. GALILEI",Scuole/Ufficio scolastico provinciale e regionale,Settore Educativo,13_2406_rta_13_241122103901_4166---Protocollirete_ortonaelancianoCAVdonn.ÿ.txt | 13_2406_rta_13_241122104158_4166---Protocollirete_ortonaelancianoCAVdonn.ÿ.txt | 13_2406_rta_13_241122104842_4166---Protocollodirete_DAFNE.txt,3
Lazio,Frosinone,Ceccano,Liceo Scientifico e Linguistico Statale di Ceccano,Scuole/Ufficio scolastico provinciale e regionale,Settore Educativo,12_2406_rta_12_241008103723_4166---17-ConvenzioneconilLiceoScientificoeLinguisticoCECCANO.txt,1
Lombardia,Lodi,Lodi,"Liceo Statale ""Maffeo Vegio"" Lodi - Rete Scuole Lodigiane",Scuole/Ufficio scolastico provinciale e regionale,Settore Educativo,03_2406_rta_03_240923111659_4166---ProtocolloantiviolenzaComunediLodi_scansioneconfirme_maggio2014.txt,1
Lombardia,,,"Liceo delle Scienze Umane ed Economico Sociale ""S. Anguissola",Scuole/Ufficio scolastico provinciale e regionale,Settore Educativo,03_2406_rta_03_240918153252_4166---Protocollo+Appendice+LineeGuida_Datatodafirmare.txt,1
Lombardia,Milano,Bollate,"Liceo e Istituto Tecnico ""Primo Levi",Scuole/Ufficio scolastico provinciale e regionale,Settore Educativo,03_2406_rta_03_240926144324_4166---Protocollodiintesa.txt,1
Emilia-Romagna,Modena,Modena,MIUR - Ufficio Scolastico Regionale per l'Emilia Romagna - Ufficio VIII Ambito Territoriale per la provincia di Modena,Scuole/Ufficio scolastico provinciale e regionale,Settore Educativo,08_2406_rta_08_241015091725_4166---Protoc-Prefett-2017.txt,1
Toscana,Prato,Prato,MIUR Ufficio Scolastico Regionale per la Toscana XI Ambito Territoriale di Prato e Pistoia sede di Prato,Scuole/Ufficio scolastico provinciale e regionale,Settore Educativo,09_PRATO PREF.txt,1
Lazio,,,Rete Scolastica di Ambito Territoriale 3,Scuole/Ufficio scolastico provinciale e regionale,Settore Educativo,12_2406_rta_12_240927093424_4166---ProtVMunMerlin.txt | 12_2406_rta_12_241003111748_4166---ACCORDOMUNICIPIOROMAVeDIPPARIOPPROMACAPITALE_DD.txt,2
Lombardia,,,Rete Scuole Lodigiane,Scuole/Ufficio scolastico provinciale e regionale,Settore Educativo,03_2406_rta_03_240923111659_4166---ProtocolloantiviolenzaComunediLodi_scansioneconfirme_maggio2014.txt,1
Lombardia,Lecco,Lecco,Rete generale del sistema pubblico di Istruzione di ambito territoriale della provincia di Lecco,Scuole/Ufficio scolastico provinciale e regionale,Settore Educativo,03_2406_rta_03_240918153240_4166---Protocollod'intesaperl'IstituzionediunSistemaTerritorialeAntiviolenzainReteconAddendumSindacati.txt,1
Lazio,Frosinone,Fiuggi,Scuola,Scuole/Ufficio scolastico provinciale e regionale,Settore Educativo,12_2406_rta_12_241004090846_4166---3protCAVPAOLALATTESgenitoriperlascuola(1).txt,1
Toscana,Arezzo,Arezzo,Scuole,Scuole/Ufficio scolastico provinciale e regionale,Settore Educativo,09_PRATO PREF.txt,1
Puglia,Bari,Bari,Scuole,Scuole/Ufficio scolastico provinciale e regionale,Settore Educativo,16_ex_Convenzione Mola di Bari.txt,1
Veneto,Padova,Galliera Veneta,Scuole,Scuole/Ufficio scolastico provinciale e regionale,Settore Educativo,05_2406_rta_05_240919124736_4166---Protocollo_per_contrasto_alla_violenza_di_genere.stamped.txt,1
Piemonte,,,Scuole di ogni ordine e grado,Scuole/Ufficio scolastico provinciale e regionale,Settore Educativo,01_2406_rta_01_240909103717_4166---PROTOCOLLORETEANTIVIOLENZASVOLTADONNA.txt,1
Lazio,,,Scuole di ogni ordine e grado del Municipio,Scuole/Ufficio scolastico provinciale e regionale,Settore Educativo,12_2406_rta_12_241003110309_4166---ProtocollodiIntesaMunicipio1eDD.txt,1
Lombardia,,,UFFICIO SCOLASTICO TERRITORIALE BRESCIA,Scuole/Ufficio scolastico provinciale e regionale,Settore Educativo,03_2406_rta_03_240923171949_4166---PROTOCOLLOD'INTESARETETERRITORIALEANTIVIOLENZAVALLETROMPIA2024.txt,1
Veneto,Rovigo,Rovigo,USR Veneto Ufficio V - Sede di Rovigo,Scuole/Ufficio scolastico provinciale e regionale,Settore Educativo,05_2406_rta_05_240916173648_4166---ULSS5Polesana_Protocollodirete.txt,1
Lombardia,Brescia,Brescia,USRL - Ufficio IV Ambito territoriale di Brescia,Scuole/Ufficio scolastico provinciale e regionale,Settore Educativo,03_2406_rta_03_240923101524_4166---PROTOCOLLO_DI_INTESA_versione_DEFINITIVA2021.stamped.txt,1
Lazio,,,Uffici Scolastici Provinciali,Scuole/Ufficio scolastico provinciale e regionale,Settore Educativo,12_2406_rta_12_241004144338_4166---06-ProtocolloComunediVALLECORSA.txt | 12_2406_rta_12_241004145108_4166---07-ProtocolloCONilComunediVILLASANTOSTEFANO.txt | 12_2406_rta_12_241004145702_4166---08-ProtocolloComunediFalvaterra.txt | 12_2406_rta_12_241007224201_4166---ProtocolloConilComunediARCE.txt | 12_2406_rta_12_241007225239_4166---10-ProtocolloconilComunediCOLFELICE.txt | 12_2406_rta_12_241007235530_4166---ProtocolloconilComunediPastena.txt,6
Lazio,,,Uffici Scolastici del territorio,Scuole/Ufficio scolastico provinciale e regionale,Settore Educativo,12_2406_rta_12_241004114912_4166---ProtocolloRetePrantiviolenzaFrosinone.txt | 12_2406_rta_12_241004130514_4166---PROTOCOLLODIINTESAPERLAPROMOZIONEDISTRATEGIECONDIVISESULFENOMENODELLAVIOLENZADIGENERE(1).txt | 12_2406_rta_12_241004133706_4166---ProtocollodiretePREFETTURAFrosinone(1).txt,3
Lazio,,,Uffici scolastici regionali,Scuole/Ufficio scolastico provinciale e regionale,Settore Educativo,12_2406_rta_12_241003104626_4166---PROTOCOLLODIINTESAMUNICIPIOXV.txt | 12_2406_rta_12_241003114931_4166---ProtocollodiintesaDifferenzaDonnaeMunicipio13.txt,2
Lombardia,Bergamo,Bergamo,Ufficio Scolastico Ambito Territoriale di Bergamo,Scuole/Ufficio scolastico provinciale e regionale,Settore Educativo,03_2406_rta_03_240926114940_4166---ProtocollodiintesaeAllegatoTecnico_SOTTOSCRITTO.txt,1
Lazio,,,Ufficio Scolastico Provinciale,Scuole/Ufficio scolastico provinciale e regionale,Settore Educativo,12_2406_rta_12_241001130527_4166---protocollocontrolaviolenzadigenere.pdfpdf.txt,1
Puglia,,,Ufficio Scolastico Provinciale,Scuole/Ufficio scolastico provinciale e regionale,Settore Educativo,16_lecce_Protocollo Operativo - Procedure integrate per la prevenzione e il contrasto alla violenza contro donne e minori - Copia_Marcato.txt | 16_taranto_protocollo Prefettura ProvinciaTaranto.txt,2
Toscana,,,Ufficio Scolastico Provinciale,Scuole/Ufficio scolastico provinciale e regionale,Settore Educativo,09_APUANE_2015 Protocollo Prefettura.txt | 09_PISTOIA PROV .txt,2
Toscana,Arezzo,Arezzo,Ufficio Scolastico Provinciale di Arezzo,Scuole/Ufficio scolastico provinciale e regionale,Settore Educativo,09_AREZZO Prot_2024-2026.txt,1
Calabria,Catanzaro,Catanzaro,Ufficio Scolastico Provinciale di Catanzaro,Scuole/Ufficio scolastico provinciale e regionale,Settore Educativo,18_2406_rta_18_240926102620_4166---protocollopercorsorosa.txt,1
Lombardia,Como,Como,Ufficio Scolastico Provinciale di Como,Scuole/Ufficio scolastico provinciale e regionale,Settore Educativo,03_2406_rta_03_240925144919_4166---RETEDICOMO-PROTOCOLLOINTERIST.17novembre2023(1).txt,1
Toscana,Grosseto,Grosseto,Ufficio Scolastico Provinciale di Grosseto,Scuole/Ufficio scolastico provinciale e regionale,Settore Educativo,09_GROSSETO 2022 fpdf.txt,1
Toscana,Lucca,Lucca,Ufficio Scolastico Provinciale di Lucca,Scuole/Ufficio scolastico provinciale e regionale,Settore Educativo,09_LUCCA PROV.txt,1
Abruzzo,Pescara,Pescara,Ufficio Scolastico Provinciale di Pescara,Scuole/Ufficio scolastico provinciale e regionale,Settore Educativo,13_2406_rta_13_241122115416_4166---PROTOCOLLOPESCARA.txt,1
Emilia-Romagna,,Reggio Emilia,Ufficio Scolastico Provinciale di Reggio Emilia,Scuole/Ufficio scolastico provinciale e regionale,Settore Educativo,08_2406_rta_08_241015091655_4166---Aggiornamentointegrazioneprotocollooperativoapprovatonelgiugno2008.txt,1
Abruzzo,Teramo,Teramo,Ufficio Scolastico Provinciale di Teramo,Scuole/Ufficio scolastico provinciale e regionale,Settore Educativo,13_2406_rta_13_241122103653_4166---protocollodirete_cavlafenice_provinciateramo.txt,1
Veneto,Treviso,Treviso,Ufficio Scolastico Provinciale di Treviso,Scuole/Ufficio scolastico provinciale e regionale,Settore Educativo,05_2406_rta_05_240917141534_4166---protocollodiretefirmato.txt,1
Piemonte,Vercelli,Vercelli,Ufficio Scolastico Provinciale di Vercelli,Scuole/Ufficio scolastico provinciale e regionale,Settore Educativo,01_2406_rta_01_240920123646_4166---vercellieos.txt | 01_2406_rta_01_241018142716_4166---protocolloreteVC.txt,2
Lazio,,,Ufficio Scolastico Regionale,Scuole/Ufficio scolastico provinciale e regionale,Settore Educativo,12_2406_rta_12_240926133706_4166---STAR.txt | 12_2406_rta_12_241001130527_4166---protocollocontrolaviolenzadigenere.pdfpdf.txt,2
Lombardia,,,Ufficio Scolastico Regionale,Scuole/Ufficio scolastico provinciale e regionale,Settore Educativo,03_2406_rta_03_240918153240_4166---Protocollod'intesaperl'IstituzionediunSistemaTerritorialeAntiviolenzainReteconAddendumSindacati.txt,1
Veneto,Vicenza,Vicenza,Ufficio Scolastico Regionale - Ambito Territoriale VIII di Vicenza,Scuole/Ufficio scolastico provinciale e regionale,Settore Educativo,05_2406_rta_05_240919122126_4166---PROTOCOLLOULSS8BERICA.txt,1
Lazio,Rieti,Rieti,Ufficio Scolastico Regionale - Ambito Territoriale di Rieti,Scuole/Ufficio scolastico provinciale e regionale,Settore Educativo,12_2406_rta_12_241001130527_4166---protocollocontrolaviolenzadigenere.pdfpdf.txt,1
Veneto,Treviso,Treviso,Ufficio Scolastico Regionale - Ufficio VI - Ambito Territoriale di Treviso,Scuole/Ufficio scolastico provinciale e regionale,Settore Educativo,05_2406_rta_05_240918144304_4166---Protocollo_ULSS2-DistrettoTreviso.txt,1
Marche,,,Ufficio Scolastico Regionale Ufficio IV (Ambito territoriale per le Province di Ascoli Piceno e Fermo,Scuole/Ufficio scolastico provinciale e regionale,Settore Educativo,11_2406_rta_11_240911113911_4166---AscoliPPROTOCOLLOoperativo_2019_2021.txt,1
Emilia-Romagna,Ferrara,Ferrara,Ufficio Scolastico Regionale VI Ambito Territoriale di Ferrara,Scuole/Ufficio scolastico provinciale e regionale,Settore Educativo,08_2406_rta_08_241015091355_4166---PROTOCOLLO_CONTRO_VIOLENZA_firmato2023.txt,1
Sardegna,,,Ufficio Scolastico Regionale della Sardegna (USR,Scuole/Ufficio scolastico provinciale e regionale,Settore Educativo,20_2406_rta_20_250620094616_4166---Delibera52-22del23.12.2024-Allegato1.txt,1
Toscana,Pisa,Pisa,Ufficio Scolastico Regionale della Toscana Ambito Territoriale della provincia di Pisa,Scuole/Ufficio scolastico provinciale e regionale,Settore Educativo,09_PISA PREF E PROV.txt,1
Veneto,,,Ufficio Scolastico Regionale per il Friuli Venezia Giulia,Scuole/Ufficio scolastico provinciale e regionale,Settore Educativo,06_2406_rta_06_240916164102_4166---protocollopordenoneprefettura.txt,1
Friuli-Venezia Giulia,Udine,Udine,Ufficio Scolastico Regionale per il Friuli Venezia Giulia - Ufficio VIII - Ambito Territoriale per la Provincia di Udine,Scuole/Ufficio scolastico provinciale e regionale,Settore Educativo,06_2406_rta_06_240916164153_4166---protocolloprefettura.txt,1
Friuli-Venezia Giulia,Gorizia,Gorizia,Ufficio Scolastico Regionale per il Friuli Venezia Giulia Ufficio IV - Ambito Territoriale di Gorizia,Scuole/Ufficio scolastico provinciale e regionale,Settore Educativo,06_2406_rta_06_240916164258_4166---Protocolloviolenzadomesticaedigenere_30.09.2019.txt,1
Lazio,,,Ufficio Scolastico Regionale per il Lazio,Scuole/Ufficio scolastico provinciale e regionale,Settore Educativo,12_2406_rta_12_240926124601_4166---ACCORDOtrlepartiITSETLOIeMarielleFranco(1).txt,1
Piemonte,,Piemonte,Ufficio Scolastico Regionale per il Piemonte-MIUR,Scuole/Ufficio scolastico provinciale e regionale,Settore Educativo,01_2406_rta_01_240904121349_4166---convenzione.txt | 01_2406_rta_01_240904122512_4166---accordoSFD.txt,2
Trento,,,Ufficio Scolastico Regionale per il Veneto,Scuole/Ufficio scolastico provinciale e regionale,Settore Educativo,05_2406_rta_05_240918153458_4166---protocolloprovPadova.txt,1
Trento,,,Ufficio Scolastico Regionale per il Veneto (URSV,Scuole/Ufficio scolastico provinciale e regionale,Settore Educativo,05_2406_rta_05_240916131522_4166---protocolloaggiornamento2023.txt,1
Emilia-Romagna,,,Ufficio Scolastico Regionale per l'Emilia Romagna - Ufficio VII - Ambito territoriale di Forli-Cesena e Rimini,Scuole/Ufficio scolastico provinciale e regionale,Settore Educativo,08_2406_rta_08_241015091553_4166---Protocollosullaviolenzadigenere_confirme_prot.txt,1
Emilia-Romagna,Ferrara,Ferrara,"Ufficio Scolastico Regionale per l'Emilia Romagna Ufficio VI, Ambito Territoriale di Ferrara Provinciale",Scuole/Ufficio scolastico provinciale e regionale,Settore Educativo,08_2406_rta_08_241015091430_4166---Protocollo_Distrettuale_Contrasto_violenza_Donne2023.stamped.txt,1
Liguria,,,Ufficio Scolastico Regionale per la Liguria,Scuole/Ufficio scolastico provinciale e regionale,Settore Educativo,07_2406_rta_07_240916163956_4166---DGR477_2022_Protocollo.txt,1
Puglia,Foggia,Foggia,Ufficio Scolastico Regionale per la Puglia- Uff. V Ambito Territoriale Foggia,Scuole/Ufficio scolastico provinciale e regionale,Settore Educativo,16_2406_rta_16_250410122122_4166---Protocollo_Viola.txt | 16_foggia_Protocollo_Viola.txt,2
Toscana,Arezzo,Arezzo,Ufficio Scolastico Regionale per la Toscana Ambito Territoriale della Provincia di Arezzo Ufficio VI,Scuole/Ufficio scolastico provinciale e regionale,Settore Educativo,09_AREZZO Prot_2024-2026.txt,1
Marche,,,Ufficio Scolastico Regionale per le Marche,Scuole/Ufficio scolastico provinciale e regionale,Settore Educativo,11_2406_rta_11_240911113235_4166---MacerataProtocollo2019_2022Firmato.txt,1
Puglia,Brindisi,Brindisi,"Ufficio Scolastico Regionale, Ambito Territoriale di Brindisi",Scuole/Ufficio scolastico provinciale e regionale,Settore Educativo,16_2406_rta_16_250409174252_4166---Protocollo_Intesa_LARA.txt | 16_brindisi_Protocollo_Intesa_LARA.txt,2
Emilia-Romagna,,,Ufficio Scolastico Territoriale,Scuole/Ufficio scolastico provinciale e regionale,Settore Educativo,08_2406_rta_08_241015091553_4166---Protocollosullaviolenzadigenere_confirme_prot.txt,1
Lazio,,,Ufficio Scolastico Territoriale,Scuole/Ufficio scolastico provinciale e regionale,Settore Educativo,12_2406_rta_12_240926133706_4166---STAR.txt,1
Lombardia,,,Ufficio Scolastico Territoriale,Scuole/Ufficio scolastico provinciale e regionale,Settore Educativo,03_2406_rta_03_240918153240_4166---Protocollod'intesaperl'IstituzionediunSistemaTerritorialeAntiviolenzainReteconAddendumSindacati.txt | 03_2406_rta_03_240920120751_4166---protocollodiintesa.txt | 03_2406_rta_03_240923105244_4166---ProtocolloViolenzaMilanoFirme2023.txt,3
Toscana,Arezzo,Arezzo,Ufficio Scolastico Territoriale di Arezzo,Scuole/Ufficio scolastico provinciale e regionale,Settore Educativo,09_AREZZO Prot_2024-2026.txt,1
Lombardia,Bergamo,Bergamo,Ufficio Scolastico Territoriale di Bergamo,Scuole/Ufficio scolastico provinciale e regionale,Settore Educativo,03_2406_rta_03_240920124656_4166---ProtocolloantiviolenzaDEFINITIVO(1).txt,1
Lombardia,,,Ufficio Scolastico Territoriale di Bergamo Ufficio III,Scuole/Ufficio scolastico provinciale e regionale,Settore Educativo,03_2406_rta_03_240923114012_4166---23-9-2024ProtocolloReteRita_signed_signed_signedDEF_signed_signed-signed_signed(1).txt,1
Lombardia,Cremona,Cremona,Ufficio Scolastico Territoriale di Cremona,Scuole/Ufficio scolastico provinciale e regionale,Settore Educativo,03_2406_rta_03_240918153252_4166---Protocollo+Appendice+LineeGuida_Datatodafirmare.txt,1
Lombardia,Sondrio,Sondrio,Ufficio Scolastico Territoriale di Sondrio,Scuole/Ufficio scolastico provinciale e regionale,Settore Educativo,03_2406_rta_03_240923102947_4166---ProtSOTTOSCRITTO_ReteAntiviolenzaPiuIntegrazioneAprile2024(1).txt,1
Lombardia,Varese,Varese,Ufficio Scolastico Territoriale di Varese,Scuole/Ufficio scolastico provinciale e regionale,Settore Educativo,03_2406_rta_03_240923163715_4166---PROTOCOLLOD'INTESA2017_2020.txt,1
Lombardia,Pavia,Pavia,Ufficio Scolastico di Pavia - XII Ambito Territoriale dell'USR per la Lombardia,Scuole/Ufficio scolastico provinciale e regionale,Settore Educativo,03_2406_rta_03_240918151606_4166---A_RetePavia_Protocollo2021_e_Integrazioni2023_firmato_compressed.txt,1
Lombardia,Bergamo,Bergamo,Ufficio Scolastico per la Lombardia - Ambito Territoriale di Bergamo,Scuole/Ufficio scolastico provinciale e regionale,Settore Educativo,03_2406_rta_03_240924144947_4166---Protocollod'IntesaReteAntiviolenzaIsolaBergamascaeBassaValSanMartino2024.txt,1
Calabria,,,Ufficio Scolastico provinciale,Scuole/Ufficio scolastico provinciale e regionale,Settore Educativo,18_2406_rta_18_240926103211_4166---PROTOCOLLOviolasottoscritto.txt,1
Emilia-Romagna,,,Ufficio Scolastico regionale per l'Emilia-Romagna,Scuole/Ufficio scolastico provinciale e regionale,Settore Educativo,08_2406_rta_08_241015091621_4166---PROTOCOLLO_22.txt | 08_2406_rta_08_241015091832_4166---P.G.111546-2023PROTOCOLLOOPERATIVOFENOMENOVIOLENZADONNE(1).txt,2
Umbria,,,Ufficio Scolastico regionale per l'Umbria,Scuole/Ufficio scolastico provinciale e regionale,Settore Educativo,10_2406_rta_10_250506141901_4166---ProtocollounicoregionaleRINNOVATO.txt,1
Veneto,Padova,Padova,Ufficio V - Ambito Territoriale di Padova e Rovigo - Sede di Padova,Scuole/Ufficio scolastico provinciale e regionale,Settore Educativo,05_2406_rta_05_240918153458_4166---protocolloprovPadova.txt,1
Friuli-Venezia Giulia,Pordenone,Pordenone,Ufficio VI - Ambito per la Provincia di Pordenone,Scuole/Ufficio scolastico provinciale e regionale,Settore Educativo,06_2406_rta_06_240916164102_4166---protocollopordenoneprefettura.txt,1
Trento,,,Ufficio scolastico provinciale,Scuole/Ufficio scolastico provinciale e regionale,Settore Educativo,05_2406_rta_05_240916173648_4166---ULSS5Polesana_Protocollodirete.txt,1
Emilia-Romagna,Modena,Modena,Ufficio scolastico provinciale di Modena,Scuole/Ufficio scolastico provinciale e regionale,Settore Educativo,08_2406_rta_08_241015091725_4166---Protoc-Prefett-2017.txt,1
Veneto,,,operatori scolastici,Scuole/Ufficio scolastico provinciale e regionale,Settore Educativo,06_2406_rta_06_240924164454_4166---protocollo_tempo_sospeso.txt,1
Calabria,,,organismi scolastici,Scuole/Ufficio scolastico provinciale e regionale,Settore Educativo,18_2406_rta_18_240925130829_4166---PROTOCOLLODIINTESA_COMUNEDIMENDICINO.txt,1
Calabria,,,scuole,Scuole/Ufficio scolastico provinciale e regionale,Settore Educativo,18_2406_rta_18_240926102931_4166---PROT.2403-24.txt,1
Piemonte,,,scuole,Scuole/Ufficio scolastico provinciale e regionale,Settore Educativo,01_2406_rta_01_240904150044_4166---Protocollocav-irene2022-2025.txt,1
Lazio,Roma,Roma,scuole,Scuole/Ufficio scolastico provinciale e regionale,Settore Educativo,12_2406_rta_12_240926123509_4166---2024.1153010-ACCORDOtraAPSPonteDonnaeAPSMammeFuoriCAVMarielleFranco-10-11(1).txt | 12_2406_rta_12_240926134140_4166---Protocollointesa.txt | 12_2406_rta_12_241003104626_4166---PROTOCOLLODIINTESAMUNICIPIOXV.txt | 12_2406_rta_12_241003114931_4166---ProtocollodiintesaDifferenzaDonnaeMunicipio13.txt | 12_2406_rta_12_241004092644_4166---5potCAVPAOLALATTESnantes(1).txt | 12_2406_rta_12_241004113215_4166---Protocollod'intesaP.L.Cerveteri-BeFree.txt | 12_2406_rta_12_241004144338_4166---06-ProtocolloComunediVALLECORSA.txt | 12_2406_rta_12_241004145108_4166---07-ProtocolloCONilComunediVILLASANTOSTEFANO.txt | 12_2406_rta_12_241004145702_4166---08-ProtocolloComunediFalvaterra.txt | 12_2406_rta_12_241007235530_4166---ProtocolloconilComunediPastena.txt | 12_2406_rta_12_241008150442_4166---1.Protocollo.txt,11
Puglia,,,scuole di ogni ordine e grado,Scuole/Ufficio scolastico provinciale e regionale,Settore Educativo,16_2406_rta_16_250312150114_4166---ProtocolloGioiadelColle_ATS_Retelocale.txt,1
Lazio,,,scuole di ogni ordine e grado della provincia,Scuole/Ufficio scolastico provinciale e regionale,Settore Educativo,12_2406_rta_12_241004140636_4166---04-ProtocolloconlaQuesturadiFrosinone.txt,1
Piemonte,,,Centri Educativi convenzionati con il CISS,Settore educativo comunale,Settore Educativo,01_2406_rta_01_240904150044_4166---Protocollocav-irene2022-2025.txt,1
Lazio,,,Direzione Educativa Municipale,Settore educativo comunale,Settore Educativo,12_2406_rta_12_241003114931_4166---ProtocollodiintesaDifferenzaDonnaeMunicipio13.txt,1
Emilia-Romagna,,,Istituzione nidi e scuole materne,Settore educativo comunale,Settore Educativo,08_2406_rta_08_241015091655_4166---Aggiornamentointegrazioneprotocollooperativoapprovatonelgiugno2008.txt,1
Emilia-Romagna,,,Officina educativa,Settore educativo comunale,Settore Educativo,08_2406_rta_08_241015091655_4166---Aggiornamentointegrazioneprotocollooperativoapprovatonelgiugno2008.txt,1
Lazio,,,Servizi Educativi,Settore educativo comunale,Settore Educativo,12_2406_rta_12_241009125120_4166---6.accordo.txt,1
Calabria,,,Servizi educativi,Settore educativo comunale,Settore Educativo,18_2406_rta_18_240926102943_4166---schemaAccordoCollaborazione499ARIEL_signed.txt,1
Trento,,,Servizi educativi comunali,Settore educativo comunale,Settore Educativo,05_2406_rta_05_240916173648_4166---ULSS5Polesana_Protocollodirete.txt,1
Lazio,,,Servizio Educativo,Settore educativo comunale,Settore Educativo,12_2406_rta_12_241001130527_4166---protocollocontrolaviolenzadigenere.pdfpdf.txt,1
Lazio,,,Servizio Scuola,Settore educativo comunale,Settore Educativo,12_2406_rta_12_241003110309_4166---ProtocollodiIntesaMunicipio1eDD.txt,1
Lazio,,,Settore educativo comunale,Settore educativo comunale,Settore Educativo,12_2406_rta_12_241004091505_4166---4ProtCAVPAOLALATTESEnjoi(2).txt,1
Abruzzo,,,Arma dei Carabinieri,Carabinieri/Polizia/altre forze dell'ordine,Settore giudiziario,13_2406_rta_13_241122111153_4166---PROTOCOLLOCASTELDISANGROEASL.txt,1
Emilia-Romagna,,,Arma dei Carabinieri,Carabinieri/Polizia/altre forze dell'ordine,Settore giudiziario,08_2406_rta_08_241015091655_4166---Aggiornamentointegrazioneprotocollooperativoapprovatonelgiugno2008.txt,1
Puglia,,,Arma dei Carabinieri,Carabinieri/Polizia/altre forze dell'ordine,Settore giudiziario,16_2406_rta_16_250409145030_4166---protollodiintesaPutignano_reteantiviolenza.txt,1
Abruzzo,,,Arma dei Carabinieri - Comando Provinciale,Carabinieri/Polizia/altre forze dell'ordine,Settore giudiziario,13_2406_rta_13_241122101453_4166---ProtocollodiRete_AlphaChieti.txt | 13_2406_rta_13_241122101856_4166---Protocollodirete_AlphaGuardiagrele.txt,2
Abruzzo,Pescara,Pescara,Arma dei Carabinieri - Comando Provinciale di Pescara,Carabinieri/Polizia/altre forze dell'ordine,Settore giudiziario,13_2406_rta_13_241122115416_4166---PROTOCOLLOPESCARA.txt,1
Emilia-Romagna,Bologna,Bologna,"Arma dei Carabinieri, Comando Provinciale di Bologna",Carabinieri/Polizia/altre forze dell'ordine,Settore giudiziario,08_2406_rta_08_241015091330_4166---Protocollo_intesa_autonomia_abitativa_donne_vittime_di_violenza_CittMtrBO.txt,1
Toscana,Lucca,Lucca,Arma dei Carabinieri-Comando provinciale di Lucca,Carabinieri/Polizia/altre forze dell'ordine,Settore giudiziario,09_LUCCA PROV.txt,1
Lombardia,Monza e della Brianza,Monza,COMANDO PROVINCIALE ARMA DEI CARABINIERI DI MONZA,Carabinieri/Polizia/altre forze dell'ordine,Settore giudiziario,03_2406_rta_03_240926122051_4166---Protocollomonz.txt,1
Trento,,,Carabinieri del territorio Distretto 3,Carabinieri/Polizia/altre forze dell'ordine,Settore giudiziario,05_2406_rta_05_240919124736_4166---Protocollo_per_contrasto_alla_violenza_di_genere.stamped.txt,1
Emilia-Romagna,Ravenna,Ravenna,Carabinieri del territorio della provincia di Ravenna,Carabinieri/Polizia/altre forze dell'ordine,Settore giudiziario,08_2406_rta_08_241015092049_4166---PROTOCOLLOD.G.C.FAENZA304-2009.txt,1
Lazio,Latina,Cisterna di Latina,Carabinieri di Cisterna di Latina,Carabinieri/Polizia/altre forze dell'ordine,Settore giudiziario,12_2406_rta_12_240926133706_4166---STAR.txt,1
Lombardia,Lecco,Lecco,Carabinieri di Lecco - Comando Provinciale,Carabinieri/Polizia/altre forze dell'ordine,Settore giudiziario,03_2406_rta_03_240918153240_4166---Protocollod'intesaperl'IstituzionediunSistemaTerritorialeAntiviolenzainReteconAddendumSindacati.txt,1
Puglia,,,Carabinieri/Polizia/FF.OO,Carabinieri/Polizia/altre forze dell'ordine,Settore giudiziario,16_2406_rta_16_250409164629_4166---convenzioneCAV-ASLBT.txt,1
Lombardia,Bergamo,Bergamo,Comandante Prov. Carabinieri di Bg,Carabinieri/Polizia/altre forze dell'ordine,Settore giudiziario,03_2406_rta_03_240926114940_4166---ProtocollodiintesaeAllegatoTecnico_SOTTOSCRITTO.txt,1
Abruzzo,Chieti,Ortona,Comando Compagnia Carabinieri Ortona,Carabinieri/Polizia/altre forze dell'ordine,Settore giudiziario,13_2406_rta_13_241122103901_4166---Protocollirete_ortonaelancianoCAVdonn.ÿ.txt | 13_2406_rta_13_241122104158_4166---Protocollirete_ortonaelancianoCAVdonn.ÿ.txt | 13_2406_rta_13_241122104428_4166---Protocollorete_ortonaCAVconsultoriodiocesano.txt,3
Abruzzo,Chieti,Chieti,Comando Compagnia Carabinieri di Chieti,Carabinieri/Polizia/altre forze dell'ordine,Settore giudiziario,13_2406_rta_13_241122105540_4166---protocollodirete_vastodonnattiva.txt,1
Abruzzo,Chieti,Vasto,Comando Compagnia Carabinieri di Vasto,Carabinieri/Polizia/altre forze dell'ordine,Settore giudiziario,13_2406_rta_13_241122105540_4166---protocollodirete_vastodonnattiva.txt,1
Lazio,,,Comando Generale dell'Arma dei Carabinieri,Carabinieri/Polizia/altre forze dell'ordine,Settore giudiziario,12_2406_rta_12_240927093424_4166---ProtVMunMerlin.txt | 12_2406_rta_12_241003111748_4166---ACCORDOMUNICIPIOROMAVeDIPPARIOPPROMACAPITALE_DD.txt,2
Sardegna,,,Comando Legione Carabinieri Sardegna,Carabinieri/Polizia/altre forze dell'ordine,Settore giudiziario,20_2406_rta_20_250620094616_4166---Delibera52-22del23.12.2024-Allegato1.txt,1
Umbria,,,Comando Legione Carabinieri Umbria,Carabinieri/Polizia/altre forze dell'ordine,Settore giudiziario,10_2406_rta_10_250506141901_4166---ProtocollounicoregionaleRINNOVATO.txt,1
Emilia-Romagna,,,Comando Prov.le Carabinieri,Carabinieri/Polizia/altre forze dell'ordine,Settore giudiziario,08_2406_rta_08_241015091621_4166---PROTOCOLLO_22.txt,1
Emilia-Romagna,,,Comando Prov.le Guardia di Finanza,Carabinieri/Polizia/altre forze dell'ordine,Settore giudiziario,08_2406_rta_08_241015091621_4166---PROTOCOLLO_22.txt,1
Lazio,,,Comando Provinciale Arma dei Carabinieri,Carabinieri/Polizia/altre forze dell'ordine,Settore giudiziario,12_2406_rta_12_241008112319_4166---protocollo25.11.2023.txt,1
Lombardia,Cremona,Cremona,Comando Provinciale Arma dei Carabinieri di Cremona,Carabinieri/Polizia/altre forze dell'ordine,Settore giudiziario,03_2406_rta_03_240918153252_4166---Protocollo+Appendice+LineeGuida_Datatodafirmare.txt,1
Marche,Macerata,Macerata,Comando Provinciale Arma dei Carabinieri di Macerata,Carabinieri/Polizia/altre forze dell'ordine,Settore giudiziario,11_2406_rta_11_240911113235_4166---MacerataProtocollo2019_2022Firmato.txt,1
Puglia,,,Comando Provinciale Carabinieri,Carabinieri/Polizia/altre forze dell'ordine,Settore giudiziario,16_foggia_Protocollo_Viola.txt,1
Trento,,,Comando Provinciale Carabinieri,Carabinieri/Polizia/altre forze dell'ordine,Settore giudiziario,05_2406_rta_05_240918153458_4166---protocolloprovPadova.txt,1
Marche,Ancona,Ancona,Comando Provinciale Carabinieri,Carabinieri/Polizia/altre forze dell'ordine,Settore giudiziario,11_2406_rta_11_240911113105_4166---PROTOCOLLO_OPERATIVO2024_CONINDIRIZZARIO_FIRMATO.txt,1
Lombardia,Milano,Milano,Comando Provinciale Carabinieri,Carabinieri/Polizia/altre forze dell'ordine,Settore giudiziario,03_2406_rta_03_240926144324_4166---Protocollodiintesa.txt,1
Lombardia,,,Comando Provinciale Carabinieri Mantova,Carabinieri/Polizia/altre forze dell'ordine,Settore giudiziario,03_2406_rta_03_240918153156_4166---Protocollo_d'Intesa_Rete_Mantova.prot.txt,1
Puglia,Brindisi,Brindisi,Comando Provinciale Carabinieri di Brindisi,Carabinieri/Polizia/altre forze dell'ordine,Settore giudiziario,16_2406_rta_16_250410144304_4166---ProtocolloOperativo-Procedureintegrateperlaprevenzioneeilcontrastoallaviolenzacontrodonneeminori-Copia_Marcato.txt,1
Puglia,Lecce,Lecce,Comando Provinciale Carabinieri di Lecce,Carabinieri/Polizia/altre forze dell'ordine,Settore giudiziario,16_2406_rta_16_250410144304_4166---ProtocolloOperativo-Procedureintegrateperlaprevenzioneeilcontrastoallaviolenzacontrodonneeminori-Copia_Marcato.txt,1
Toscana,Livorno,Livorno,Comando Provinciale Carabinieri di Livorno,Carabinieri/Polizia/altre forze dell'ordine,Settore giudiziario,09_LIVORNO Protocollo_ RETE ANTIVIOLENZA_ LIVORNO.txt,1
Toscana,Pistoia,Pistoia,Comando Provinciale Carabinieri di Pistoia,Carabinieri/Polizia/altre forze dell'ordine,Settore giudiziario,09_PISTOIA PROV .txt,1
Emilia-Romagna,,Reggio Emilia,Comando Provinciale Carabinieri di Reggio Emilia,Carabinieri/Polizia/altre forze dell'ordine,Settore giudiziario,08_2406_rta_08_241015091655_4166---Aggiornamentointegrazioneprotocollooperativoapprovatonelgiugno2008.txt,1
Puglia,,,Comando Provinciale Guardia di Finanza,Carabinieri/Polizia/altre forze dell'ordine,Settore giudiziario,16_foggia_Protocollo_Viola.txt,1
Marche,Ancona,Ancona,Comando Provinciale Guardia di Finanza,Carabinieri/Polizia/altre forze dell'ordine,Settore giudiziario,11_2406_rta_11_240911113105_4166---PROTOCOLLO_OPERATIVO2024_CONINDIRIZZARIO_FIRMATO.txt,1
Lombardia,Milano,Milano,Comando Provinciale Guardia di Finanza,Carabinieri/Polizia/altre forze dell'ordine,Settore giudiziario,03_2406_rta_03_240926144324_4166---Protocollodiintesa.txt,1
Puglia,Brindisi,Brindisi,Comando Provinciale Guardia di Finanza di Brindisi,Carabinieri/Polizia/altre forze dell'ordine,Settore giudiziario,16_2406_rta_16_250410144304_4166---ProtocolloOperativo-Procedureintegrateperlaprevenzioneeilcontrastoallaviolenzacontrodonneeminori-Copia_Marcato.txt,1
Lombardia,Cremona,Cremona,Comando Provinciale Guardia di Finanza di Cremona,Carabinieri/Polizia/altre forze dell'ordine,Settore giudiziario,03_2406_rta_03_240918153252_4166---Protocollo+Appendice+LineeGuida_Datatodafirmare.txt,1
Puglia,Lecce,Lecce,Comando Provinciale Guardia di Finanza di Lecce,Carabinieri/Polizia/altre forze dell'ordine,Settore giudiziario,16_2406_rta_16_250410144304_4166---ProtocolloOperativo-Procedureintegrateperlaprevenzioneeilcontrastoallaviolenzacontrodonneeminori-Copia_Marcato.txt,1
Emilia-Romagna,,,Comando Provinciale dei Carabinieri,Carabinieri/Polizia/altre forze dell'ordine,Settore giudiziario,08_2406_rta_08_241015091330_4166---Protocollo_intesa_autonomia_abitativa_donne_vittime_di_violenza_CittMtrBO.txt,1
Puglia,,,Comando Provinciale dei Carabinieri,Carabinieri/Polizia/altre forze dell'ordine,Settore giudiziario,16_2406_rta_16_250410122122_4166---Protocollo_Viola.txt | 16_2406_rta_16_250410170705_4166---protocolloPrefetturaProvinciaTaranto.txt | 16_foggia_Protocollo_Viola.txt | 16_taranto_protocollo Prefettura ProvinciaTaranto.txt,4
Toscana,,,Comando Provinciale dei Carabinieri,Carabinieri/Polizia/altre forze dell'ordine,Settore giudiziario,09_ALTA VALDELSA Protocollo-violenza-valdelsa-2022_ALTA VALDELSA.txt | 09_SENESE Delibera-n.1196-del-24-10-2022-allegato-a_SENESE_2.txt,2
Trento,,,Comando Provinciale dei Carabinieri,Carabinieri/Polizia/altre forze dell'ordine,Settore giudiziario,05_2406_rta_05_240918144304_4166---Protocollo_ULSS2-DistrettoTreviso.txt,1
Veneto,,,Comando Provinciale dei Carabinieri,Carabinieri/Polizia/altre forze dell'ordine,Settore giudiziario,06_2406_rta_06_240916164153_4166---protocolloprefettura.txt,1
Lombardia,Milano,Milano,Comando Provinciale dei Carabinieri Milano,Carabinieri/Polizia/altre forze dell'ordine,Settore giudiziario,03_2406_rta_03_240923105244_4166---ProtocolloViolenzaMilanoFirme2023.txt,1
Toscana,Arezzo,Arezzo,Comando Provinciale dei Carabinieri di Arezzo,Carabinieri/Polizia/altre forze dell'ordine,Settore giudiziario,09_AREZZO Prot_2024-2026.txt,1
Puglia,Brindisi,Brindisi,Comando Provinciale dei Carabinieri di Brindisi,Carabinieri/Polizia/altre forze dell'ordine,Settore giudiziario,16_lecce_Protocollo Operativo - Procedure integrate per la prevenzione e il contrasto alla violenza contro donne e minori - Copia_Marcato.txt,1
Calabria,Cosenza,Cosenza,Comando Provinciale dei Carabinieri di Cosenza,Carabinieri/Polizia/altre forze dell'ordine,Settore giudiziario,18_2406_rta_18_240926103211_4166---PROTOCOLLOviolasottoscritto.txt,1
Marche,Fermo,Fermo,Comando Provinciale dei Carabinieri di Fermo,Carabinieri/Polizia/altre forze dell'ordine,Settore giudiziario,11_2406_rta_11_240911113757_4166---All.4ProtocolloReteAntiviolenzasottoscritto18.12.2023.txt,1
Emilia-Romagna,Ferrara,Ferrara,Comando Provinciale dei Carabinieri di Ferrara,Carabinieri/Polizia/altre forze dell'ordine,Settore giudiziario,08_2406_rta_08_241015091355_4166---PROTOCOLLO_CONTRO_VIOLENZA_firmato2023.txt | 08_2406_rta_08_241015091430_4166---Protocollo_Distrettuale_Contrasto_violenza_Donne2023.stamped.txt,2
Friuli-Venezia Giulia,Gorizia,Gorizia,Comando Provinciale dei Carabinieri di Gorizia,Carabinieri/Polizia/altre forze dell'ordine,Settore giudiziario,06_2406_rta_06_240916164258_4166---Protocolloviolenzadomesticaedigenere_30.09.2019.txt,1
Puglia,Lecce,Lecce,Comando Provinciale dei Carabinieri di Lecce,Carabinieri/Polizia/altre forze dell'ordine,Settore giudiziario,16_lecce_Protocollo Operativo - Procedure integrate per la prevenzione e il contrasto alla violenza contro donne e minori - Copia_Marcato.txt,1
Toscana,Massa-Carrara,Massa Carrara,Comando Provinciale dei Carabinieri di Massa Carrara,Carabinieri/Polizia/altre forze dell'ordine,Settore giudiziario,09_APUANE_2015 Protocollo Prefettura.txt,1
Emilia-Romagna,Modena,Modena,Comando Provinciale dei Carabinieri di Modena,Carabinieri/Polizia/altre forze dell'ordine,Settore giudiziario,08_2406_rta_08_241015091725_4166---Protoc-Prefett-2017.txt,1
Marche,,,Comando Provinciale dei Carabinieri di Pesaro e Urbino,Carabinieri/Polizia/altre forze dell'ordine,Settore giudiziario,11_2406_rta_11_240911113034_4166---protocollodireteantiviolenza2020-2022-uuvv.txt,1
Lazio,Rieti,Rieti,Comando Provinciale dei Carabinieri di Rieti,Carabinieri/Polizia/altre forze dell'ordine,Settore giudiziario,12_2406_rta_12_241001130527_4166---protocollocontrolaviolenzadigenere.pdfpdf.txt,1
Emilia-Romagna,Rimini,Rimini,Comando Provinciale dei Carabinieri di Rimini,Carabinieri/Polizia/altre forze dell'ordine,Settore giudiziario,08_2406_rta_08_241015091553_4166---Protocollosullaviolenzadigenere_confirme_prot.txt,1
Lombardia,Sondrio,Sondrio,Comando Provinciale dei Carabinieri di Sondrio,Carabinieri/Polizia/altre forze dell'ordine,Settore giudiziario,03_2406_rta_03_240923102947_4166---ProtSOTTOSCRITTO_ReteAntiviolenzaPiuIntegrazioneAprile2024(1).txt,1
Piemonte,Vercelli,Vercelli,Comando Provinciale dei Carabinieri di Vercelli,Carabinieri/Polizia/altre forze dell'ordine,Settore giudiziario,01_2406_rta_01_240920123646_4166---vercellieos.txt | 01_2406_rta_01_241018142716_4166---protocolloreteVC.txt,2
Emilia-Romagna,,,Comando Provinciale dell'Arma dei Carabinieri,Carabinieri/Polizia/altre forze dell'ordine,Settore giudiziario,08_2406_rta_08_241015091832_4166---P.G.111546-2023PROTOCOLLOOPERATIVOFENOMENOVIOLENZADONNE(1).txt,1
Lombardia,,,Comando Provinciale dell'Arma dei Carabinieri,Carabinieri/Polizia/altre forze dell'ordine,Settore giudiziario,03_2406_rta_03_240920093134_4166---Protocollo_Intesa_Rete_Antiviolenza_SudEstMilano_Paullese_2021-2023.txt | 03_2406_rta_03_240923113114_4166---ProtocolloReteAddaMartesanasottoscritto.txt,2
Marche,,,Comando Provinciale dell'Arma dei Carabinieri,Carabinieri/Polizia/altre forze dell'ordine,Settore giudiziario,11_2406_rta_11_240911113911_4166---AscoliPPROTOCOLLOoperativo_2019_2021.txt,1
Trento,,,Comando Provinciale dell'Arma dei Carabinieri,Carabinieri/Polizia/altre forze dell'ordine,Settore giudiziario,05_2406_rta_05_240916173648_4166---ULSS5Polesana_Protocollodirete.txt,1
Lazio,Frosinone,Frosinone,Comando Provinciale dell'Arma dei Carabinieri di Frosinone,Carabinieri/Polizia/altre forze dell'ordine,Settore giudiziario,12_2406_rta_12_240926134140_4166---Protocollointesa.txt | 12_2406_rta_12_241004114912_4166---ProtocolloRetePrantiviolenzaFrosinone.txt | 12_2406_rta_12_241004130514_4166---PROTOCOLLODIINTESAPERLAPROMOZIONEDISTRATEGIECONDIVISESULFENOMENODELLAVIOLENZADIGENERE(1).txt | 12_2406_rta_12_241004133706_4166---ProtocollodiretePREFETTURAFrosinone(1).txt | 12_2406_rta_12_241008145357_4166---Protocollointeristituzionale2023.txt,5
Lombardia,Lodi,Lodi,Comando Provinciale dell'Arma dei Carabinieri di Lodi,Carabinieri/Polizia/altre forze dell'ordine,Settore giudiziario,03_2406_rta_03_240923111659_4166---ProtocolloantiviolenzaComunediLodi_scansioneconfirme_maggio2014.txt,1
Toscana,Prato,Prato,Comando Provinciale dell'Arma dei Carabinieri di Prato,Carabinieri/Polizia/altre forze dell'ordine,Settore giudiziario,09_PRATO PREF.txt,1
Emilia-Romagna,,,Comando Provinciale della Guardia Finanza,Carabinieri/Polizia/altre forze dell'ordine,Settore giudiziario,08_2406_rta_08_241015091832_4166---P.G.111546-2023PROTOCOLLOOPERATIVOFENOMENOVIOLENZADONNE(1).txt,1
Lazio,,,Comando Provinciale della Guardia di Finanza,Carabinieri/Polizia/altre forze dell'ordine,Settore giudiziario,12_2406_rta_12_241001130527_4166---protocollocontrolaviolenzadigenere.pdfpdf.txt,1
Lombardia,,,Comando Provinciale della Guardia di Finanza,Carabinieri/Polizia/altre forze dell'ordine,Settore giudiziario,03_2406_rta_03_240920093134_4166---Protocollo_Intesa_Rete_Antiviolenza_SudEstMilano_Paullese_2021-2023.txt | 03_2406_rta_03_240923103647_4166---protocolloreteantiviolenzacinisello2019(1).txt | 03_2406_rta_03_240923113114_4166---ProtocolloReteAddaMartesanasottoscritto.txt,3
Puglia,,,Comando Provinciale della Guardia di Finanza,Carabinieri/Polizia/altre forze dell'ordine,Settore giudiziario,16_2406_rta_16_250410170705_4166---protocolloPrefetturaProvinciaTaranto.txt | 16_taranto_protocollo Prefettura ProvinciaTaranto.txt,2
Toscana,Arezzo,Arezzo,Comando Provinciale della Guardia di Finanza di Arezzo,Carabinieri/Polizia/altre forze dell'ordine,Settore giudiziario,09_AREZZO Prot_2024-2026.txt,1
Puglia,Brindisi,Brindisi,Comando Provinciale della Guardia di Finanza di Brindisi,Carabinieri/Polizia/altre forze dell'ordine,Settore giudiziario,16_lecce_Protocollo Operativo - Procedure integrate per la prevenzione e il contrasto alla violenza contro donne e minori - Copia_Marcato.txt,1
Abruzzo,Chieti,Chieti,Comando Provinciale della Guardia di Finanza di Chieti,Carabinieri/Polizia/altre forze dell'ordine,Settore giudiziario,13_2406_rta_13_241122105540_4166---protocollodirete_vastodonnattiva.txt,1
Calabria,Cosenza,Cosenza,Comando Provinciale della Guardia di Finanza di Cosenza,Carabinieri/Polizia/altre forze dell'ordine,Settore giudiziario,18_2406_rta_18_240926103211_4166---PROTOCOLLOviolasottoscritto.txt,1
Marche,Fermo,Fermo,Comando Provinciale della Guardia di Finanza di Fermo,Carabinieri/Polizia/altre forze dell'ordine,Settore giudiziario,11_2406_rta_11_240911113757_4166---All.4ProtocolloReteAntiviolenzasottoscritto18.12.2023.txt,1
Emilia-Romagna,Ferrara,Ferrara,Comando Provinciale della Guardia di Finanza di Ferrara,Carabinieri/Polizia/altre forze dell'ordine,Settore giudiziario,08_2406_rta_08_241015091355_4166---PROTOCOLLO_CONTRO_VIOLENZA_firmato2023.txt,1
Puglia,Lecce,Lecce,Comando Provinciale della Guardia di Finanza di Lecce,Carabinieri/Polizia/altre forze dell'ordine,Settore giudiziario,16_lecce_Protocollo Operativo - Procedure integrate per la prevenzione e il contrasto alla violenza contro donne e minori - Copia_Marcato.txt,1
Lombardia,Lodi,Lodi,Comando Provinciale della Guardia di Finanza di Lodi,Carabinieri/Polizia/altre forze dell'ordine,Settore giudiziario,03_2406_rta_03_240923111659_4166---ProtocolloantiviolenzaComunediLodi_scansioneconfirme_maggio2014.txt,1
Marche,Macerata,Macerata,Comando Provinciale della Guardia di Finanza di Macerata,Carabinieri/Polizia/altre forze dell'ordine,Settore giudiziario,11_2406_rta_11_240911113235_4166---MacerataProtocollo2019_2022Firmato.txt,1
Toscana,Massa-Carrara,Massa Carrara,Comando Provinciale della Guardia di Finanza di Massa Carrara,Carabinieri/Polizia/altre forze dell'ordine,Settore giudiziario,09_APUANE_2015 Protocollo Prefettura.txt,1
Toscana,Prato,Prato,Comando Provinciale della Guardia di Finanza di Prato,Carabinieri/Polizia/altre forze dell'ordine,Settore giudiziario,09_PRATO PREF.txt,1
Veneto,Venezia,Venezia,Comando Provinciale di Venezia dei Carabinieri,Carabinieri/Polizia/altre forze dell'ordine,Settore giudiziario,05_2406_rta_05_240916131522_4166---protocolloaggiornamento2023.txt,1
Veneto,Venezia,Venezia,Comando Provinciale di Venezia dell'Arma dei Carabinieri,Carabinieri/Polizia/altre forze dell'ordine,Settore giudiziario,05_2406_rta_05_240916135305_4166---protocolloulss4.txt,1
Veneto,Venezia,Venezia,Comando Provinciale di Venezia della Guardia di Finanza,Carabinieri/Polizia/altre forze dell'ordine,Settore giudiziario,05_2406_rta_05_240916131522_4166---protocolloaggiornamento2023.txt | 05_2406_rta_05_240916135305_4166---protocolloulss4.txt,2
Liguria,,,Comando Regionale della Guardia di Finanza della Liguria,Carabinieri/Polizia/altre forze dell'ordine,Settore giudiziario,07_2406_rta_07_240916163956_4166---DGR477_2022_Protocollo.txt,1
Lombardia,,,Comando provinciale dei Carabinieri,Carabinieri/Polizia/altre forze dell'ordine,Settore giudiziario,03_2406_rta_03_240923101524_4166---PROTOCOLLO_DI_INTESA_versione_DEFINITIVA2021.stamped.txt | 03_2406_rta_03_240923103647_4166---protocolloreteantiviolenzacinisello2019(1).txt,2
Emilia-Romagna,Bologna,Bologna,Comando provinciale dei Carabinieri di Bologna,Carabinieri/Polizia/altre forze dell'ordine,Settore giudiziario,08_2406_rta_08_241015091310_4166---Accordo_Contrasto_alla_violenza_CittMtrBO.txt,1
Friuli-Venezia Giulia,Pordenone,Pordenone,Comando provinciale dei Carabinieri di Pordenone,Carabinieri/Polizia/altre forze dell'ordine,Settore giudiziario,06_2406_rta_06_240916164102_4166---protocollopordenoneprefettura.txt,1
Abruzzo,Chieti,Chieti,Comando provinciale dei carabinieri di Chieti,Carabinieri/Polizia/altre forze dell'ordine,Settore giudiziario,13_2406_rta_13_241122103901_4166---Protocollirete_ortonaelancianoCAVdonn.ÿ.txt | 13_2406_rta_13_241122104158_4166---Protocollirete_ortonaelancianoCAVdonn.ÿ.txt | 13_2406_rta_13_241122104842_4166---Protocollodirete_DAFNE.txt,3
Friuli-Venezia Giulia,Pordenone,Pordenone,Comando provinciale della Guardia di Finanza di Pordenone,Carabinieri/Polizia/altre forze dell'ordine,Settore giudiziario,06_2406_rta_06_240916164102_4166---protocollopordenoneprefettura.txt,1
Lazio,,,Commissariato di P.S. Porta Maggiore,Carabinieri/Polizia/altre forze dell'ordine,Settore giudiziario,12_2406_rta_12_241003111748_4166---ACCORDOMUNICIPIOROMAVeDIPPARIOPPROMACAPITALE_DD.txt,1
Lazio,,,Commissariato di P.S. Prenestino,Carabinieri/Polizia/altre forze dell'ordine,Settore giudiziario,12_2406_rta_12_241003111748_4166---ACCORDOMUNICIPIOROMAVeDIPPARIOPPROMACAPITALE_DD.txt,1
Lazio,,,Commissariato di P.S. Torpignattara,Carabinieri/Polizia/altre forze dell'ordine,Settore giudiziario,12_2406_rta_12_241003111748_4166---ACCORDOMUNICIPIOROMAVeDIPPARIOPPROMACAPITALE_DD.txt,1
Emilia-Romagna,Ravenna,Faenza,Commissariato di P.S. di Faenza,Carabinieri/Polizia/altre forze dell'ordine,Settore giudiziario,08_2406_rta_08_241015092049_4166---PROTOCOLLOD.G.C.FAENZA304-2009.txt,1
Abruzzo,Chieti,Vasto,Commissariato di P.S. di Vasto,Carabinieri/Polizia/altre forze dell'ordine,Settore giudiziario,13_2406_rta_13_241122105540_4166---protocollodirete_vastodonnattiva.txt,1
Puglia,,,Commissariato di PS,Carabinieri/Polizia/altre forze dell'ordine,Settore giudiziario,16_bari_protollo di intesa Putignano_rete antiviolenza.txt,1
Lazio,Latina,Cisterna di Latina,Commissariato di Polizia di Stato di Cisterna di Latina,Carabinieri/Polizia/altre forze dell'ordine,Settore giudiziario,12_2406_rta_12_240926133706_4166---STAR.txt,1
Puglia,,,Commissariato di Pubblica Sicurezza,Carabinieri/Polizia/altre forze dell'ordine,Settore giudiziario,16_brindisi_Protocollo_Intesa_LARA.txt,1
Trento,,Bassano,Commissariato di Pubblica Sicurezza di Bassano,Carabinieri/Polizia/altre forze dell'ordine,Settore giudiziario,05_2406_rta_05_240919114041_4166---protocollounicorevisionato2024.txt,1
Trento,,Bassano,Compagnia Carabinieri di Bassano,Carabinieri/Polizia/altre forze dell'ordine,Settore giudiziario,05_2406_rta_05_240919114041_4166---protocollounicorevisionato2024.txt,1
Veneto,Vicenza,Schio,Compagnia Carabinieri di Schio,Carabinieri/Polizia/altre forze dell'ordine,Settore giudiziario,05_2406_rta_05_240919114041_4166---protocollounicorevisionato2024.txt,1
Veneto,Vicenza,Thiene,Compagnia Carabinieri di Thiene,Carabinieri/Polizia/altre forze dell'ordine,Settore giudiziario,05_2406_rta_05_240919114041_4166---protocollounicorevisionato2024.txt,1
Piemonte,,,Forza dell'Ordine,Carabinieri/Polizia/altre forze dell'ordine,Settore giudiziario,01_2406_rta_01_240904150044_4166---Protocollocav-irene2022-2025.txt,1
Piemonte,,,Forza di Polizia,Carabinieri/Polizia/altre forze dell'ordine,Settore giudiziario,01_2406_rta_01_240904120005_4166---protocollo.txt,1
Lazio,,,Forze dell'Ordine (polizia e Carabinieri,Carabinieri/Polizia/altre forze dell'ordine,Settore giudiziario,12_2406_rta_12_240926113237_4166---Accordocavunuiversitari.txt,1
Lombardia,,,Forze dell'Ordine cittadine,Carabinieri/Polizia/altre forze dell'ordine,Settore giudiziario,03_2406_rta_03_240918153240_4166---Protocollod'intesaperl'IstituzionediunSistemaTerritorialeAntiviolenzainReteconAddendumSindacati.txt,1
Calabria,,,Forze dell'Ordine del territorio,Carabinieri/Polizia/altre forze dell'ordine,Settore giudiziario,18_2406_rta_18_240926103211_4166---PROTOCOLLOviolasottoscritto.txt,1
Lazio,,,Forze dell'Ordine del territorio,Carabinieri/Polizia/altre forze dell'ordine,Settore giudiziario,12_2406_rta_12_241003114931_4166---ProtocollodiintesaDifferenzaDonnaeMunicipio13.txt,1
Lazio,,,Forze di Polizia,Carabinieri/Polizia/altre forze dell'ordine,Settore giudiziario,12_2406_rta_12_241001130527_4166---protocollocontrolaviolenzadigenere.pdfpdf.txt,1
Lombardia,,,Forze di Polizia,Carabinieri/Polizia/altre forze dell'ordine,Settore giudiziario,03_2406_rta_03_240926123135_4166---ProtocollodiRete.txt | 03_2406_rta_03_240926144324_4166---Protocollodiintesa.txt,2
Marche,,,Forze di polizia,Carabinieri/Polizia/altre forze dell'ordine,Settore giudiziario,11_2406_rta_11_240911113911_4166---AscoliPPROTOCOLLOoperativo_2019_2021.txt,1
Lombardia,,,GUARDIA DI FINANZA - COMANDO PROVINCIALE,Carabinieri/Polizia/altre forze dell'ordine,Settore giudiziario,03_2406_rta_03_240926122051_4166---Protocollomonz.txt,1
Abruzzo,Pescara,Pescara,Guardia di Finanza - Comando Provinciale di Pescara,Carabinieri/Polizia/altre forze dell'ordine,Settore giudiziario,13_2406_rta_13_241122115416_4166---PROTOCOLLOPESCARA.txt,1
Sardegna,,,Guardia di Finanza Comando regionale Sardegna,Carabinieri/Polizia/altre forze dell'ordine,Settore giudiziario,20_2406_rta_20_250620094616_4166---Delibera52-22del23.12.2024-Allegato1.txt,1
Emilia-Romagna,Modena,Modena,Guardia di Finanza di Modena,Carabinieri/Polizia/altre forze dell'ordine,Settore giudiziario,08_2406_rta_08_241015091725_4166---Protoc-Prefett-2017.txt,1
Piemonte,Vercelli,Vercelli,Guardia di Finanza di Vercelli,Carabinieri/Polizia/altre forze dell'ordine,Settore giudiziario,01_2406_rta_01_240920123646_4166---vercellieos.txt | 01_2406_rta_01_241018142716_4166---protocolloreteVC.txt,2
Liguria,,,Legione Carabinieri Liguria,Carabinieri/Polizia/altre forze dell'ordine,Settore giudiziario,07_2406_rta_07_240916163956_4166---DGR477_2022_Protocollo.txt,1
Piemonte,,,Ministero della Giustizia - Polizia Penitenziaria,Carabinieri/Polizia/altre forze dell'ordine,Settore giudiziario,01_2406_rta_01_240904150044_4166---Protocollocav-irene2022-2025.txt,1
Calabria,Catanzaro,Catanzaro,SIULP Sezione di Catanzaro,Carabinieri/Polizia/altre forze dell'ordine,Settore giudiziario,18_2406_rta_18_240926102706_4166---protocollomondorosa2013.txt,1
Emilia-Romagna,,,Sezione della Squadra Mobile - Ufficio Minori,Carabinieri/Polizia/altre forze dell'ordine,Settore giudiziario,08_2406_rta_08_241015091655_4166---Aggiornamentointegrazioneprotocollooperativoapprovatonelgiugno2008.txt,1
Emilia-Romagna,,,Squadra Mobile,Carabinieri/Polizia/altre forze dell'ordine,Settore giudiziario,08_2406_rta_08_241015091430_4166---Protocollo_Distrettuale_Contrasto_violenza_Donne2023.stamped.txt,1
Puglia,,,Stazione Carabinieri,Carabinieri/Polizia/altre forze dell'ordine,Settore giudiziario,16_brindisi_Protocollo_Intesa_LARA.txt,1
Emilia-Romagna,,,Stazione dei Carabinieri,Carabinieri/Polizia/altre forze dell'ordine,Settore giudiziario,08_2406_rta_08_241015091655_4166---Aggiornamentointegrazioneprotocollooperativoapprovatonelgiugno2008.txt,1
Calabria,Cosenza,Dipignano,Stazione dei Carabinieri Dipignano,Carabinieri/Polizia/altre forze dell'ordine,Settore giudiziario,18_2406_rta_18_240926102419_4166---protocollodiintesaterritorialeunito.txt,1
Calabria,Cosenza,Malito,Stazione dei Carabinieri Malito,Carabinieri/Polizia/altre forze dell'ordine,Settore giudiziario,18_2406_rta_18_240926102419_4166---protocollodiintesaterritorialeunito.txt,1
Calabria,Cosenza,Marzi,Stazione dei Carabinieri Marzi,Carabinieri/Polizia/altre forze dell'ordine,Settore giudiziario,18_2406_rta_18_240926102419_4166---protocollodiintesaterritorialeunito.txt,1
Calabria,Cosenza,Parenti,Stazione dei Carabinieri Parenti,Carabinieri/Polizia/altre forze dell'ordine,Settore giudiziario,18_2406_rta_18_240926102419_4166---protocollodiintesaterritorialeunito.txt,1
Calabria,Cosenza,Scigliano,Stazione dei Carabinieri Scigliano,Carabinieri/Polizia/altre forze dell'ordine,Settore giudiziario,18_2406_rta_18_240926102419_4166---protocollodiintesaterritorialeunito.txt,1
Veneto,Treviso,Asolo,Stazione dei Carabinieri di Asolo,Carabinieri/Polizia/altre forze dell'ordine,Settore giudiziario,05_2406_rta_05_240917141534_4166---protocollodiretefirmato.txt,1
Veneto,Vicenza,Asiago,Stazioni Carabinieri di Asiago,Carabinieri/Polizia/altre forze dell'ordine,Settore giudiziario,05_2406_rta_05_240919114041_4166---protocollounicorevisionato2024.txt,1
Trento,,Canove,Stazioni Carabinieri di Canove,Carabinieri/Polizia/altre forze dell'ordine,Settore giudiziario,05_2406_rta_05_240919114041_4166---protocollounicorevisionato2024.txt,1
Veneto,Treviso,Castelfranco Veneto,Stazioni dei Carabinieri di Castelfranco Veneto,Carabinieri/Polizia/altre forze dell'ordine,Settore giudiziario,05_2406_rta_05_240917141534_4166---protocollodiretefirmato.txt,1
Veneto,Treviso,Montebelluna,Stazioni dei Carabinieri di Montebelluna,Carabinieri/Polizia/altre forze dell'ordine,Settore giudiziario,05_2406_rta_05_240917141534_4166---protocollodiretefirmato.txt,1
Lombardia,,,PREFETTURA - UFFICIO TERRITORIALE DEL GOVERNO DI MONZA E DELLA BRIANZA,Prefettura,Settore giudiziario,03_2406_rta_03_240926122051_4166---Protocollomonz.txt,1
Abruzzo,Chieti,Chieti,Prefettura - U.T.G. di Chieti,Prefettura,Settore giudiziario,13_2406_rta_13_241122101453_4166---ProtocollodiRete_AlphaChieti.txt | 13_2406_rta_13_241122101856_4166---Protocollodirete_AlphaGuardiagrele.txt,2
Liguria,Genova,Genova,Prefettura - U.T.G. di Genova,Prefettura,Settore giudiziario,07_2406_rta_07_240916163956_4166---DGR477_2022_Protocollo.txt,1
Liguria,Imperia,Imperia,Prefettura - U.T.G. di Imperia,Prefettura,Settore giudiziario,07_2406_rta_07_240916163956_4166---DGR477_2022_Protocollo.txt,1
Liguria,La Spezia,La Spezia,Prefettura - U.T.G. di La Spezia,Prefettura,Settore giudiziario,07_2406_rta_07_240916163956_4166---DGR477_2022_Protocollo.txt,1
Liguria,Savona,Savona,Prefettura - U.T.G. di Savona,Prefettura,Settore giudiziario,07_2406_rta_07_240916163956_4166---DGR477_2022_Protocollo.txt,1
Lombardia,Varese,Varese,Prefettura - UTG di Varese,Prefettura,Settore giudiziario,03_2406_rta_03_240923163715_4166---PROTOCOLLOD'INTESA2017_2020.txt,1
Lombardia,Milano,Milano,Prefettura - Ufficio Territoriale del Governo di Milano,Prefettura,Settore giudiziario,03_2406_rta_03_240926122707_4166---ProtocolloReteAntiviolenzaconfirme.txt,1
Lombardia,Pavia,Pavia,Prefettura - Ufficio Territoriale del Governo di Pavia,Prefettura,Settore giudiziario,03_2406_rta_03_240918151606_4166---A_RetePavia_Protocollo2021_e_Integrazioni2023_firmato_compressed.txt,1
Abruzzo,Teramo,Teramo,Prefettura - Ufficio Territoriale del Governo di Teramo,Prefettura,Settore giudiziario,13_2406_rta_13_241122103653_4166---protocollodirete_cavlafenice_provinciateramo.txt,1
Veneto,Treviso,Treviso,Prefettura - Ufficio Territoriale del Governo di Treviso,Prefettura,Settore giudiziario,05_2406_rta_05_240918144304_4166---Protocollo_ULSS2-DistrettoTreviso.txt,1
Emilia-Romagna,,,Prefettura - Ufficio territoriale del Governo di Forli-Cesena,Prefettura,Settore giudiziario,08_2406_rta_08_241015091621_4166---PROTOCOLLO_22.txt,1
Emilia-Romagna,Piacenza,Piacenza,Prefettura - Ufficio territoriale del Governo di Piacenza,Prefettura,Settore giudiziario,08_2406_rta_08_241015091832_4166---P.G.111546-2023PROTOCOLLOOPERATIVOFENOMENOVIOLENZADONNE(1).txt,1
Veneto,Vicenza,Vicenza,Prefettura - Ufficio territoriale del Governo di Vicenza,Prefettura,Settore giudiziario,05_2406_rta_05_240919122126_4166---PROTOCOLLOULSS8BERICA.txt,1
Lombardia,Sondrio,Sondrio,Prefettura UTG di Sondrio,Prefettura,Settore giudiziario,03_2406_rta_03_240923102947_4166---ProtSOTTOSCRITTO_ReteAntiviolenzaPiuIntegrazioneAprile2024(1).txt,1
Toscana,Prato,Prato,Prefettura Ufficio Territoriale del Governo di Prato,Prefettura,Settore giudiziario,09_PRATO PREF.txt,1
Marche,Ancona,Ancona,Prefettura di Ancona,Prefettura,Settore giudiziario,11_2406_rta_11_240911113105_4166---PROTOCOLLO_OPERATIVO2024_CONINDIRIZZARIO_FIRMATO.txt,1
Toscana,Arezzo,Arezzo,Prefettura di Arezzo,Prefettura,Settore giudiziario,09_AREZZO Prot_2024-2026.txt,1
Marche,Ascoli Piceno,Ascoli Piceno,Prefettura di Ascoli Piceno,Prefettura,Settore giudiziario,11_2406_rta_11_240911113911_4166---AscoliPPROTOCOLLOoperativo_2019_2021.txt,1
Lombardia,Bergamo,Bergamo,Prefettura di Bergamo,Prefettura,Settore giudiziario,03_2406_rta_03_240926114940_4166---ProtocollodiintesaeAllegatoTecnico_SOTTOSCRITTO.txt,1
Emilia-Romagna,Bologna,Bologna,Prefettura di Bologna,Prefettura,Settore giudiziario,08_2406_rta_08_241015091310_4166---Accordo_Contrasto_alla_violenza_CittMtrBO.txt,1
Lombardia,Brescia,Brescia,Prefettura di Brescia,Prefettura,Settore giudiziario,03_2406_rta_03_240923165401_4166---PROTOCOLLODIrete2020-2023_rev2confirmescan.txt | 03_2406_rta_03_240923171949_4166---PROTOCOLLOD'INTESARETETERRITORIALEANTIVIOLENZAVALLETROMPIA2024.txt | 03_2406_rta_03_240925150245_4166---ProtocolloReteARIAPalazzolo.txt | 03_2406_rta_03_240926123135_4166---ProtocollodiRete.txt,4
Puglia,Brindisi,Brindisi,Prefettura di Brindisi,Prefettura,Settore giudiziario,16_2406_rta_16_250409174252_4166---Protocollo_Intesa_LARA.txt | 16_2406_rta_16_250410144304_4166---ProtocolloOperativo-Procedureintegrateperlaprevenzioneeilcontrastoallaviolenzacontrodonneeminori-Copia_Marcato.txt | 16_brindisi_Protocollo_Intesa_LARA.txt | 16_lecce_Protocollo Operativo - Procedure integrate per la prevenzione e il contrasto alla violenza contro donne e minori - Copia_Marcato.txt,4
Sardegna,Cagliari,Cagliari,Prefettura di Cagliari,Prefettura,Settore giudiziario,20_2406_rta_20_250620094616_4166---Delibera52-22del23.12.2024-Allegato1.txt,1
Calabria,Catanzaro,Catanzaro,Prefettura di Catanzaro,Prefettura,Settore giudiziario,18_2406_rta_18_240926102620_4166---protocollopercorsorosa.txt,1
Abruzzo,Chieti,Chieti,Prefettura di Chieti,Prefettura,Settore giudiziario,13_2406_rta_13_241122103901_4166---Protocollirete_ortonaelancianoCAVdonn.ÿ.txt | 13_2406_rta_13_241122104158_4166---Protocollirete_ortonaelancianoCAVdonn.ÿ.txt | 13_2406_rta_13_241122104428_4166---Protocollorete_ortonaCAVconsultoriodiocesano.txt | 13_2406_rta_13_241122104842_4166---Protocollodirete_DAFNE.txt | 13_2406_rta_13_241122105540_4166---protocollodirete_vastodonnattiva.txt,5
Lombardia,Como,Como,Prefettura di Como,Prefettura,Settore giudiziario,03_2406_rta_03_240925144919_4166---RETEDICOMO-PROTOCOLLOINTERIST.17novembre2023(1).txt,1
Calabria,Cosenza,Cosenza,Prefettura di Cosenza,Prefettura,Settore giudiziario,18_2406_rta_18_240926103211_4166---PROTOCOLLOviolasottoscritto.txt,1
Lombardia,Cremona,Cremona,Prefettura di Cremona,Prefettura,Settore giudiziario,03_2406_rta_03_240918153252_4166---Protocollo+Appendice+LineeGuida_Datatodafirmare.txt,1
Emilia-Romagna,Ferrara,Ferrara,Prefettura di Ferrara,Prefettura,Settore giudiziario,08_2406_rta_08_241015091355_4166---PROTOCOLLO_CONTRO_VIOLENZA_firmato2023.txt | 08_2406_rta_08_241015091430_4166---Protocollo_Distrettuale_Contrasto_violenza_Donne2023.stamped.txt,2
Puglia,Foggia,Foggia,Prefettura di Foggia,Prefettura,Settore giudiziario,16_2406_rta_16_250410122122_4166---Protocollo_Viola.txt | 16_foggia_Protocollo_Viola.txt,2
Friuli-Venezia Giulia,Gorizia,Gorizia,Prefettura di Gorizia,Prefettura,Settore giudiziario,06_2406_rta_06_240916164258_4166---Protocolloviolenzadomesticaedigenere_30.09.2019.txt,1
Puglia,Lecce,Lecce,Prefettura di Lecce,Prefettura,Settore giudiziario,16_2406_rta_16_250410144304_4166---ProtocolloOperativo-Procedureintegrateperlaprevenzioneeilcontrastoallaviolenzacontrodonneeminori-Copia_Marcato.txt | 16_lecce_Protocollo Operativo - Procedure integrate per la prevenzione e il contrasto alla violenza contro donne e minori - Copia_Marcato.txt,2
Lombardia,Lecco,Lecco,Prefettura di Lecco,Prefettura,Settore giudiziario,03_2406_rta_03_240918153240_4166---Protocollod'intesaperl'IstituzionediunSistemaTerritorialeAntiviolenzainReteconAddendumSindacati.txt,1
Toscana,Livorno,,Prefettura di Livorno - Ufficio Territoriale del Governo,Prefettura,Settore giudiziario,09_LIVORNO Protocollo_ RETE ANTIVIOLENZA_ LIVORNO.txt,1
Lombardia,Lodi,Lodi,Prefettura di Lodi,Prefettura,Settore giudiziario,03_2406_rta_03_240923111659_4166---ProtocolloantiviolenzaComunediLodi_scansioneconfirme_maggio2014.txt,1
Toscana,Lucca,Lucca,Prefettura di Lucca,Prefettura,Settore giudiziario,09_LUCCA PROV.txt,1
Lombardia,Mantova,Mantova,Prefettura di Mantova,Prefettura,Settore giudiziario,03_2406_rta_03_240918153156_4166---Protocollo_d'Intesa_Rete_Mantova.prot.txt,1
Toscana,Massa-Carrara,Massa Carrara,Prefettura di Massa-Carrara,Prefettura,Settore giudiziario,09_APUANE_2015 Protocollo Prefettura.txt,1
Lombardia,Milano,Milano,Prefettura di Milano,Prefettura,Settore giudiziario,03_2406_rta_03_240920093134_4166---Protocollo_Intesa_Rete_Antiviolenza_SudEstMilano_Paullese_2021-2023.txt | 03_2406_rta_03_240923103647_4166---protocolloreteantiviolenzacinisello2019(1).txt | 03_2406_rta_03_240923105244_4166---ProtocolloViolenzaMilanoFirme2023.txt | 03_2406_rta_03_240923113114_4166---ProtocolloReteAddaMartesanasottoscritto.txt | 03_2406_rta_03_240926144324_4166---Protocollodiintesa.txt,5
Emilia-Romagna,Modena,Modena,Prefettura di Modena,Prefettura,Settore giudiziario,08_2406_rta_08_241015091725_4166---Protoc-Prefett-2017.txt,1
Sardegna,Nuoro,Nuoro,Prefettura di Nuoro,Prefettura,Settore giudiziario,20_2406_rta_20_250620094616_4166---Delibera52-22del23.12.2024-Allegato1.txt,1
Sardegna,Oristano,Oristano,Prefettura di Oristano,Prefettura,Settore giudiziario,20_2406_rta_20_250620094616_4166---Delibera52-22del23.12.2024-Allegato1.txt,1
Veneto,Padova,Padova,Prefettura di Padova,Prefettura,Settore giudiziario,05_2406_rta_05_240918153458_4166---protocolloprovPadova.txt,1
Umbria,Perugia,Perugia,Prefettura di Perugia,Prefettura,Settore giudiziario,10_2406_rta_10_250506141901_4166---ProtocollounicoregionaleRINNOVATO.txt,1
Marche,,,Prefettura di Pesaro e Urbino,Prefettura,Settore giudiziario,11_2406_rta_11_240911113034_4166---protocollodireteantiviolenza2020-2022-uuvv.txt,1
Abruzzo,Pescara,Pescara,Prefettura di Pescara,Prefettura,Settore giudiziario,13_2406_rta_13_241122115416_4166---PROTOCOLLOPESCARA.txt,1
Emilia-Romagna,Piacenza,Piacenza,Prefettura di Piacenza,Prefettura,Settore giudiziario,08_2406_rta_08_241015092005_4166---DG216-2024.txt,1
Toscana,Pisa,Pisa,Prefettura di Pisa,Prefettura,Settore giudiziario,09_PISA PREF E PROV.txt,1
Toscana,Pistoia,Pistoia,Prefettura di Pistoia - Ufficio Territoriale di Governo,Prefettura,Settore giudiziario,09_PISTOIA PROV .txt,1
Emilia-Romagna,Ravenna,Ravenna,Prefettura di Ravenna,Prefettura,Settore giudiziario,08_2406_rta_08_241015092049_4166---PROTOCOLLOD.G.C.FAENZA304-2009.txt,1
Emilia-Romagna,,Reggio Emilia,Prefettura di Reggio Emilia,Prefettura,Settore giudiziario,08_2406_rta_08_241015091655_4166---Aggiornamentointegrazioneprotocollooperativoapprovatonelgiugno2008.txt,1
Lazio,Rieti,Rieti,Prefettura di Rieti,Prefettura,Settore giudiziario,12_2406_rta_12_241001130527_4166---protocollocontrolaviolenzadigenere.pdfpdf.txt,1
Emilia-Romagna,Rimini,Rimini,Prefettura di Rimini,Prefettura,Settore giudiziario,08_2406_rta_08_241015091553_4166---Protocollosullaviolenzadigenere_confirme_prot.txt,1
Veneto,Rovigo,Rovigo,Prefettura di Rovigo,Prefettura,Settore giudiziario,05_2406_rta_05_240916173648_4166---ULSS5Polesana_Protocollodirete.txt,1
Sardegna,Sassari,Sassari,Prefettura di Sassari,Prefettura,Settore giudiziario,20_2406_rta_20_250620094616_4166---Delibera52-22del23.12.2024-Allegato1.txt,1
Toscana,Siena,Siena,Prefettura di Siena,Prefettura,Settore giudiziario,09_ALTA VALDELSA Protocollo-violenza-valdelsa-2022_ALTA VALDELSA.txt,1
Puglia,Taranto,Taranto,Prefettura di Taranto,Prefettura,Settore giudiziario,16_2406_rta_16_250410170705_4166---protocolloPrefetturaProvinciaTaranto.txt | 16_2406_rta_16_250410172220_4166---protocollod'intesaCAVGinosasottoscritto.txt | 16_taranto_protocollo Prefettura ProvinciaTaranto.txt | 16_taranto_protocollo d'intesa CAVGinosa sottoscritto.txt,4
Umbria,Terni,Terni,Prefettura di Terni,Prefettura,Settore giudiziario,10_2406_rta_10_250506141901_4166---ProtocollounicoregionaleRINNOVATO.txt,1
Veneto,Treviso,Treviso,Prefettura di Treviso,Prefettura,Settore giudiziario,05_2406_rta_05_240917141534_4166---protocollodiretefirmato.txt,1
Friuli-Venezia Giulia,Udine,Udine,Prefettura di Udine,Prefettura,Settore giudiziario,06_2406_rta_06_240916164153_4166---protocolloprefettura.txt,1
Veneto,Venezia,Venezia,Prefettura di Venezia,Prefettura,Settore giudiziario,05_2406_rta_05_240916131522_4166---protocolloaggiornamento2023.txt | 05_2406_rta_05_240916135305_4166---protocolloulss4.txt,2
Piemonte,Vercelli,Vercelli,Prefettura di Vercelli,Prefettura,Settore giudiziario,01_2406_rta_01_240920123646_4166---vercellieos.txt | 01_2406_rta_01_241018142716_4166---protocolloreteVC.txt,2
Veneto,Vicenza,Vicenza,Prefettura di Vicenza,Prefettura,Settore giudiziario,05_2406_rta_05_240919114041_4166---protocollounicorevisionato2024.txt,1
Lazio,Frosinone,Frosinone,Prefettura- U.T.G. di Frosinone,Prefettura,Settore giudiziario,12_2406_rta_12_240926134140_4166---Protocollointesa.txt | 12_2406_rta_12_241004114912_4166---ProtocolloRetePrantiviolenzaFrosinone.txt | 12_2406_rta_12_241004130514_4166---PROTOCOLLODIINTESAPERLAPROMOZIONEDISTRATEGIECONDIVISESULFENOMENODELLAVIOLENZADIGENERE(1).txt | 12_2406_rta_12_241004133706_4166---ProtocollodiretePREFETTURAFrosinone(1).txt | 12_2406_rta_12_241008145357_4166---Protocollointeristituzionale2023.txt,5
Friuli-Venezia Giulia,Pordenone,Pordenone,Prefettura-UTG di Pordenone,Prefettura,Settore giudiziario,06_2406_rta_06_240916164102_4166---protocollopordenoneprefettura.txt,1
Marche,Macerata,Macerata,Prefettura-Ufficio Territoriale del Governo di Macerata,Prefettura,Settore giudiziario,11_2406_rta_11_240911113235_4166---MacerataProtocollo2019_2022Firmato.txt,1
Lazio,,,Prefetture,Prefettura,Settore giudiziario,12_2406_rta_12_241004144338_4166---06-ProtocolloComunediVALLECORSA.txt | 12_2406_rta_12_241004145108_4166---07-ProtocolloCONilComunediVILLASANTOSTEFANO.txt | 12_2406_rta_12_241004145702_4166---08-ProtocolloComunediFalvaterra.txt | 12_2406_rta_12_241007235530_4166---ProtocolloconilComunediPastena.txt,4
Liguria,,,Prefetture,Prefettura,Settore giudiziario,07_2406_rta_07_240916163933_4166---sub_14574431199510849525_Protocollo_LVLS-signed.txt,1
Veneto,,,Prefetture,Prefettura,Settore giudiziario,06_2406_rta_06_240916164122_4166---prot_n_0119980_2024_Accordo(firmato).txt,1
Piemonte,,,Ufficio Territoriale del Governo,Prefettura,Settore giudiziario,01_2406_rta_01_240904150044_4166---Protocollocav-irene2022-2025.txt,1
Calabria,Catanzaro,Catanzaro,Ufficio Territoriale del Governo - Catanzaro,Prefettura,Settore giudiziario,18_2406_rta_18_240926102706_4166---protocollomondorosa2013.txt,1
Marche,Fermo,Fermo,Ufficio Territoriale del Governo di Fermo,Prefettura,Settore giudiziario,11_2406_rta_11_240911113757_4166---All.4ProtocolloReteAntiviolenzasottoscritto18.12.2023.txt,1
Lazio,Roma,Roma,PROCURA PRESSO IL TRIBUNALE PER I MINORENNI,Procura Minorile/ Tribunale minorile,Settore giudiziario,12_2406_rta_12_241003115345_4166---1.PROTOCOLLOTAVOLOINTERISTITUZIONALE.txt | 12_2406_rta_12_241003121816_4166---Copiadi1.PROTOCOLLOTAVOLOINTERISTITUZIONALE.txt,2
Emilia-Romagna,,,Procura dei Minori,Procura Minorile/ Tribunale minorile,Settore giudiziario,08_2406_rta_08_241015091655_4166---Aggiornamentointegrazioneprotocollooperativoapprovatonelgiugno2008.txt,1
Liguria,Genova,Genova,Procura del Tribunale dei Minori di Genova,Procura Minorile/ Tribunale minorile,Settore giudiziario,09_APUANE_2015 Protocollo Prefettura.txt,1
Trento,,,Procura della Repubblica - Tribunale per i Minorenni,Procura Minorile/ Tribunale minorile,Settore giudiziario,05_2406_rta_05_240916131522_4166---protocolloaggiornamento2023.txt,1
Marche,Ancona,Ancona,Procura della Repubblica c/o Tribunale per i Minorenni delle Marche,Procura Minorile/ Tribunale minorile,Settore giudiziario,11_2406_rta_11_240911113105_4166---PROTOCOLLO_OPERATIVO2024_CONINDIRIZZARIO_FIRMATO.txt,1
Abruzzo,,,Procura della Repubblica minorile,Procura Minorile/ Tribunale minorile,Settore giudiziario,13_2406_rta_13_241122105938_4166---ACCORDOOPERATIVO.txt | 13_2406_rta_13_241122111153_4166---PROTOCOLLOCASTELDISANGROEASL.txt,2
Toscana,,,Procura della Repubblica minorile,Procura Minorile/ Tribunale minorile,Settore giudiziario,09_APUANE_2015 Protocollo Prefettura.txt,1
Calabria,Catanzaro,Catanzaro,Procura della Repubblica p/o il Tribunale per i minorenni Catanzaro,Procura Minorile/ Tribunale minorile,Settore giudiziario,18_2406_rta_18_240926103211_4166---PROTOCOLLOviolasottoscritto.txt,1
Toscana,Firenze,Firenze,Procura della Repubblica per i Minorenni di Firenze,Procura Minorile/ Tribunale minorile,Settore giudiziario,09_GROSSETO 2022 fpdf.txt | 09_SENESE Delibera-n.1196-del-24-10-2022-allegato-a_SENESE_2.txt,2
Marche,,,Procura della Repubblica presso il Tribunale dei Minorenni,Procura Minorile/ Tribunale minorile,Settore giudiziario,11_2406_rta_11_240911113034_4166---protocollodireteantiviolenza2020-2022-uuvv.txt,1
Lazio,Roma,Roma,Procura della Repubblica presso il Tribunale dei Minorenni di Roma,Procura Minorile/ Tribunale minorile,Settore giudiziario,12_2406_rta_12_241001130527_4166---protocollocontrolaviolenzadigenere.pdfpdf.txt,1
Liguria,,,Procura della Repubblica presso il Tribunale per i Minorenni,Procura Minorile/ Tribunale minorile,Settore giudiziario,07_2406_rta_07_240916163905_4166---PROTOCOLLOFIRMATO(002).txt,1
Lombardia,,,Procura della Repubblica presso il Tribunale per i Minorenni,Procura Minorile/ Tribunale minorile,Settore giudiziario,03_2406_rta_03_240923101524_4166---PROTOCOLLO_DI_INTESA_versione_DEFINITIVA2021.stamped.txt,1
Puglia,,,Procura della Repubblica presso il Tribunale per i Minorenni,Procura Minorile/ Tribunale minorile,Settore giudiziario,16_2406_rta_16_250407161043_4166---protocollooperativoMoladiBari_reteAntiviolenza.txt | 16_2406_rta_16_250407164310_4166---protocollooperativoPutignano_EMI.txt | 16_2406_rta_16_250410170705_4166---protocolloPrefetturaProvinciaTaranto.txt | 16_bari_protocollo operativo Mola di Bari_rete Antiviolenza.txt | 16_bari_protocollo operativo Putignano_EMI.txt | 16_taranto_protocollo Prefettura ProvinciaTaranto.txt,6
Toscana,,,Procura della Repubblica presso il Tribunale per i Minorenni,Procura Minorile/ Tribunale minorile,Settore giudiziario,09_PISA PREF E PROV.txt,1
Veneto,,,Procura della Repubblica presso il Tribunale per i Minorenni del Friuli Venezia Giulia,Procura Minorile/ Tribunale minorile,Settore giudiziario,06_2406_rta_06_240916164153_4166---protocolloprefettura.txt,1
Emilia-Romagna,Bologna,Bologna,Procura della Repubblica presso il Tribunale per i Minorenni dell'Emilia Romagna di Bologna,Procura Minorile/ Tribunale minorile,Settore giudiziario,08_2406_rta_08_241015091355_4166---PROTOCOLLO_CONTRO_VIOLENZA_firmato2023.txt,1
Lombardia,Brescia,Brescia,Procura della Repubblica presso il Tribunale per i Minorenni di Brescia,Procura Minorile/ Tribunale minorile,Settore giudiziario,03_2406_rta_03_240920124656_4166---ProtocolloantiviolenzaDEFINITIVO(1).txt | 03_2406_rta_03_240923114012_4166---23-9-2024ProtocolloReteRita_signed_signed_signedDEF_signed_signed-signed_signed(1).txt,2
Sardegna,Cagliari,Cagliari,Procura della Repubblica presso il Tribunale per i Minorenni di Cagliari,Procura Minorile/ Tribunale minorile,Settore giudiziario,20_2406_rta_20_250620094616_4166---Delibera52-22del23.12.2024-Allegato1.txt,1
Liguria,Genova,Genova,Procura della Repubblica presso il Tribunale per i Minorenni di Genova,Procura Minorile/ Tribunale minorile,Settore giudiziario,07_2406_rta_07_240916163956_4166---DGR477_2022_Protocollo.txt,1
Abruzzo,L'Aquila,L'Aquila,Procura della Repubblica presso il Tribunale per i Minorenni di L'Aquila,Procura Minorile/ Tribunale minorile,Settore giudiziario,13_2406_rta_13_241122103653_4166---protocollodirete_cavlafenice_provinciateramo.txt | 13_2406_rta_13_241122115416_4166---PROTOCOLLOPESCARA.txt,2
Puglia,Lecce,Lecce,Procura della Repubblica presso il Tribunale per i Minorenni di Lecce,Procura Minorile/ Tribunale minorile,Settore giudiziario,16_2406_rta_16_250410144304_4166---ProtocolloOperativo-Procedureintegrateperlaprevenzioneeilcontrastoallaviolenzacontrodonneeminori-Copia_Marcato.txt,1
Lombardia,Milano,Milano,Procura della Repubblica presso il Tribunale per i Minorenni di Milano,Procura Minorile/ Tribunale minorile,Settore giudiziario,03_2406_rta_03_240923105244_4166---ProtocolloViolenzaMilanoFirme2023.txt,1
Sardegna,Sassari,Sassari,Procura della Repubblica presso il Tribunale per i Minorenni di Sassari,Procura Minorile/ Tribunale minorile,Settore giudiziario,20_2406_rta_20_250620094616_4166---Delibera52-22del23.12.2024-Allegato1.txt,1
Veneto,Venezia,Venezia,Procura della Repubblica presso il Tribunale per i Minorenni di Venezia,Procura Minorile/ Tribunale minorile,Settore giudiziario,05_2406_rta_05_240918153458_4166---protocolloprovPadova.txt,1
Umbria,Perugia,Perugia,Procura della Repubblica presso il Tribunale per i minorenni di Perugia,Procura Minorile/ Tribunale minorile,Settore giudiziario,10_2406_rta_10_250506141901_4166---ProtocollounicoregionaleRINNOVATO.txt,1
Friuli-Venezia Giulia,Trieste,Trieste,Procura della Repubblica presso il Tribunale per i minorenni di Trieste,Procura Minorile/ Tribunale minorile,Settore giudiziario,06_2406_rta_06_240924164454_4166---protocollo_tempo_sospeso.txt,1
Emilia-Romagna,Bologna,Bologna,Procura presso il Tribunale dei minori di Bologna,Procura Minorile/ Tribunale minorile,Settore giudiziario,08_2406_rta_08_241015091310_4166---Accordo_Contrasto_alla_violenza_CittMtrBO.txt,1
Piemonte,,,Procura presso il Tribunale per i Minorenni,Procura Minorile/ Tribunale minorile,Settore giudiziario,01_2406_rta_01_241018134519_4166---Protocollooperativointeristituzionaleviolenzadigenere2023-2026def.txt,1
Puglia,Lecce,Lecce,Procura presso il Tribunale per i Minorenni di Lecce,Procura Minorile/ Tribunale minorile,Settore giudiziario,16_2406_rta_16_250409174252_4166---Protocollo_Intesa_LARA.txt | 16_brindisi_Protocollo_Intesa_LARA.txt | 16_lecce_Protocollo Operativo - Procedure integrate per la prevenzione e il contrasto alla violenza contro donne e minori - Copia_Marcato.txt,3
Lazio,Roma,Roma,Procura presso il Tribunale per i Minorenni di Roma,Procura Minorile/ Tribunale minorile,Settore giudiziario,12_2406_rta_12_241002130504_4166---3Protocollid'intesa-TavoloInteristituzionaletraUfficiGiudiziaricompetentinelcircondariodiRomaavvocaturaecentriantiviolenza(1).txt,1
Calabria,,,Tribunale dei Minori,Procura Minorile/ Tribunale minorile,Settore giudiziario,18_2406_rta_18_240926102931_4166---PROT.2403-24.txt,1
Puglia,,,Tribunale dei Minori,Procura Minorile/ Tribunale minorile,Settore giudiziario,16_2406_rta_16_250410122122_4166---Protocollo_Viola.txt | 16_foggia_Protocollo_Viola.txt,2
Emilia-Romagna,Bologna,Bologna,Tribunale dei Minori di Bologna,Procura Minorile/ Tribunale minorile,Settore giudiziario,08_2406_rta_08_241015091430_4166---Protocollo_Distrettuale_Contrasto_violenza_Donne2023.stamped.txt,1
Abruzzo,,,Tribunale per i Minorenni,Procura Minorile/ Tribunale minorile,Settore giudiziario,13_2406_rta_13_241122105938_4166---ACCORDOOPERATIVO.txt | 13_2406_rta_13_241122111153_4166---PROTOCOLLOCASTELDISANGROEASL.txt,2
Emilia-Romagna,,,Tribunale per i Minorenni,Procura Minorile/ Tribunale minorile,Settore giudiziario,08_2406_rta_08_241015092024_4166---Protocollooperativo.txt,1
Lombardia,,,Tribunale per i Minorenni,Procura Minorile/ Tribunale minorile,Settore giudiziario,03_2406_rta_03_240923101524_4166---PROTOCOLLO_DI_INTESA_versione_DEFINITIVA2021.stamped.txt,1
Toscana,,,Tribunale per i Minorenni,Procura Minorile/ Tribunale minorile,Settore giudiziario,09_APUANE_2015 Protocollo Prefettura.txt | 09_PRATO PREF.txt | 09_SENESE Delibera-n.1196-del-24-10-2022-allegato-a_SENESE_2.txt,3
Emilia-Romagna,Bologna,Bologna,Tribunale per i Minorenni dell'Emilia Romagna di Bologna,Procura Minorile/ Tribunale minorile,Settore giudiziario,08_2406_rta_08_241015091355_4166---PROTOCOLLO_CONTRO_VIOLENZA_firmato2023.txt,1
Marche,Ancona,Ancona,Tribunale per i Minorenni delle Marche,Procura Minorile/ Tribunale minorile,Settore giudiziario,11_2406_rta_11_240911113105_4166---PROTOCOLLO_OPERATIVO2024_CONINDIRIZZARIO_FIRMATO.txt,1
Puglia,Bari,Bari,Tribunale per i Minorenni di Bari,Procura Minorile/ Tribunale minorile,Settore giudiziario,16_2406_rta_16_250312150114_4166---ProtocolloGioiadelColle_ATS_Retelocale.txt | 16_bari_Protocollo Gioia del Colle_ATS_Rete locale.txt | 16_bari_protollo di intesa Putignano_rete antiviolenza.txt,3
Lombardia,Brescia,Brescia,Tribunale per i Minorenni di Brescia,Procura Minorile/ Tribunale minorile,Settore giudiziario,03_2406_rta_03_240920124656_4166---ProtocolloantiviolenzaDEFINITIVO(1).txt | 03_2406_rta_03_240923114012_4166---23-9-2024ProtocolloReteRita_signed_signed_signedDEF_signed_signed-signed_signed(1).txt,2
Sardegna,Cagliari,Cagliari,Tribunale per i Minorenni di Cagliari,Procura Minorile/ Tribunale minorile,Settore giudiziario,20_2406_rta_20_250620094616_4166---Delibera52-22del23.12.2024-Allegato1.txt,1
Abruzzo,L'Aquila,L'Aquila,Tribunale per i Minorenni di L'Aquila,Procura Minorile/ Tribunale minorile,Settore giudiziario,13_2406_rta_13_241122101453_4166---ProtocollodiRete_AlphaChieti.txt | 13_2406_rta_13_241122101856_4166---Protocollodirete_AlphaGuardiagrele.txt | 13_2406_rta_13_241122103653_4166---protocollodirete_cavlafenice_provinciateramo.txt | 13_2406_rta_13_241122115416_4166---PROTOCOLLOPESCARA.txt,4
Puglia,Lecce,Lecce,Tribunale per i Minorenni di Lecce,Procura Minorile/ Tribunale minorile,Settore giudiziario,16_2406_rta_16_250409174252_4166---Protocollo_Intesa_LARA.txt | 16_2406_rta_16_250410144304_4166---ProtocolloOperativo-Procedureintegrateperlaprevenzioneeilcontrastoallaviolenzacontrodonneeminori-Copia_Marcato.txt | 16_brindisi_Protocollo_Intesa_LARA.txt | 16_lecce_Protocollo Operativo - Procedure integrate per la prevenzione e il contrasto alla violenza contro donne e minori - Copia_Marcato.txt,4
Lombardia,Milano,Milano,Tribunale per i Minorenni di Milano,Procura Minorile/ Tribunale minorile,Settore giudiziario,03_2406_rta_03_240923105244_4166---ProtocolloViolenzaMilanoFirme2023.txt,1
Lazio,Roma,Roma,Tribunale per i Minorenni di Roma,Procura Minorile/ Tribunale minorile,Settore giudiziario,12_2406_rta_12_241002130504_4166---3Protocollid'intesa-TavoloInteristituzionaletraUfficiGiudiziaricompetentinelcircondariodiRomaavvocaturaecentriantiviolenza(1).txt | 12_2406_rta_12_241003115345_4166---1.PROTOCOLLOTAVOLOINTERISTITUZIONALE.txt | 12_2406_rta_12_241003121816_4166---Copiadi1.PROTOCOLLOTAVOLOINTERISTITUZIONALE.txt,3
Sardegna,Sassari,Sassari,Tribunale per i Minorenni di Sassari,Procura Minorile/ Tribunale minorile,Settore giudiziario,20_2406_rta_20_250620094616_4166---Delibera52-22del23.12.2024-Allegato1.txt,1
Friuli-Venezia Giulia,Trieste,Trieste,Tribunale per i Minorenni di Trieste,Procura Minorile/ Tribunale minorile,Settore giudiziario,06_2406_rta_06_240916164258_4166---Protocolloviolenzadomesticaedigenere_30.09.2019.txt,1
Veneto,Venezia,Venezia,Tribunale per i Minorenni di Venezia,Procura Minorile/ Tribunale minorile,Settore giudiziario,05_2406_rta_05_240918153458_4166---protocolloprovPadova.txt,1
Lombardia,Milano,Milano,Tribunale per i Minori di Milano,Procura Minorile/ Tribunale minorile,Settore giudiziario,"03_2406_rta_03_240923164603_4166---ProtocolloreteantiviolenzaBusto,Gallarate,Saronno,SommaLombardo-2024.txt",1
Puglia,,,Tribunale per i minorenni,Procura Minorile/ Tribunale minorile,Settore giudiziario,16_2406_rta_16_250312162108_4166---protocollooperativoGioiadelColle_EMI.txt | 16_2406_rta_16_250312164250_4166---protocollooperativoGrumo_EMI.txt | 16_2406_rta_16_250409145030_4166---protollodiintesaPutignano_reteantiviolenza.txt | 16_2406_rta_16_250410170705_4166---protocolloPrefetturaProvinciaTaranto.txt | 16_bari_protocollo operativo Gioia del Colle_EMI.txt | 16_bari_protocollo operativo Grumo_EMI.txt | 16_bari_protollo di intesa Putignano_rete antiviolenza.txt | 16_taranto_protocollo Prefettura ProvinciaTaranto.txt,8
Trento,,,Tribunale per i minorenni,Procura Minorile/ Tribunale minorile,Settore giudiziario,05_2406_rta_05_240916173648_4166---ULSS5Polesana_Protocollodirete.txt | 05_2406_rta_05_240917141534_4166---protocollodiretefirmato.txt,2
Calabria,Catanzaro,Catanzaro,Tribunale per i minorenni di Catanzaro,Procura Minorile/ Tribunale minorile,Settore giudiziario,18_2406_rta_18_240926102620_4166---protocollopercorsorosa.txt | 18_2406_rta_18_240926102706_4166---protocollomondorosa2013.txt,2
Umbria,Perugia,Perugia,Tribunale per i minorenni di Perugia,Procura Minorile/ Tribunale minorile,Settore giudiziario,10_2406_rta_10_250506141901_4166---ProtocollounicoregionaleRINNOVATO.txt,1
Puglia,Taranto,Taranto,Tribunale per i minorenni di Taranto,Procura Minorile/ Tribunale minorile,Settore giudiziario,16_2406_rta_16_250410172220_4166---protocollod'intesaCAVGinosasottoscritto.txt | 16_taranto_protocollo d'intesa CAVGinosa sottoscritto.txt,2
Abruzzo,,,Autorita Giudiziaria competente,Procura Ordinaria/Tribunale/Corte d'appello,Settore giudiziario,13_2406_rta_13_241122105938_4166---ACCORDOOPERATIVO.txt,1
Piemonte,,,Autorita Giudiziarie,Procura Ordinaria/Tribunale/Corte d'appello,Settore giudiziario,01_2406_rta_01_241003113501_4166---CCVD1deliberaprotocolloccvd-2024eall1prot.txt,1
Veneto,,,Autorita giudiziarie,Procura Ordinaria/Tribunale/Corte d'appello,Settore giudiziario,06_2406_rta_06_240924164454_4166---protocollo_tempo_sospeso.txt,1
Lombardia,,,Corte d'Appello,Procura Ordinaria/Tribunale/Corte d'appello,Settore giudiziario,03_2406_rta_03_240923101524_4166---PROTOCOLLO_DI_INTESA_versione_DEFINITIVA2021.stamped.txt,1
Calabria,Catanzaro,Catanzaro,Corte d'Appello di Catanzaro,Procura Ordinaria/Tribunale/Corte d'appello,Settore giudiziario,18_2406_rta_18_240926102620_4166---protocollopercorsorosa.txt,1
Toscana,Firenze,Firenze,Corte d'Appello di Firenze,Procura Ordinaria/Tribunale/Corte d'appello,Settore giudiziario,09_GROSSETO 2022 fpdf.txt,1
Lazio,Roma,Roma,Corte d'Appello di Roma,Procura Ordinaria/Tribunale/Corte d'appello,Settore giudiziario,12_2406_rta_12_241001130527_4166---protocollocontrolaviolenzadigenere.pdfpdf.txt,1
Umbria,Perugia,Perugia,Corte d'appello di Perugia,Procura Ordinaria/Tribunale/Corte d'appello,Settore giudiziario,10_2406_rta_10_250506141901_4166---ProtocollounicoregionaleRINNOVATO.txt,1
Lazio,Roma,Roma,Corte di Appello di Roma,Procura Ordinaria/Tribunale/Corte d'appello,Settore giudiziario,12_2406_rta_12_241004114912_4166---ProtocolloRetePrantiviolenzaFrosinone.txt,1
Puglia,,,Magistratura,Procura Ordinaria/Tribunale/Corte d'appello,Settore giudiziario,16_2406_rta_16_250407161043_4166---protocollooperativoMoladiBari_reteAntiviolenza.txt,1
Trento,,,Magistratura,Procura Ordinaria/Tribunale/Corte d'appello,Settore giudiziario,05_2406_rta_05_240919124736_4166---Protocollo_per_contrasto_alla_violenza_di_genere.stamped.txt,1
Veneto,,,Magistratura delle Procure e dei Tribunali,Procura Ordinaria/Tribunale/Corte d'appello,Settore giudiziario,06_2406_rta_06_240916164122_4166---prot_n_0119980_2024_Accordo(firmato).txt,1
Lazio,Roma,Roma,Nona Sezione Civile - Ufficio del giudice tutelare - Tribunale Ordinario di Roma,Procura Ordinaria/Tribunale/Corte d'appello,Settore giudiziario,12_2406_rta_12_241002130504_4166---3Protocollid'intesa-TavoloInteristituzionaletraUfficiGiudiziaricompetentinelcircondariodiRomaavvocaturaecentriantiviolenza(1).txt,1
Lombardia,Monza e della Brianza,Monza,PROCURA DELLA REPUBBLICA DI MONZA,Procura Ordinaria/Tribunale/Corte d'appello,Settore giudiziario,03_2406_rta_03_240926122051_4166---Protocollomonz.txt,1
Lombardia,Cremona,Cremona,Presidenza del Tribunale di Cremona,Procura Ordinaria/Tribunale/Corte d'appello,Settore giudiziario,03_2406_rta_03_240918153252_4166---Protocollo+Appendice+LineeGuida_Datatodafirmare.txt,1
Emilia-Romagna,Rimini,Rimini,Presidenza del Tribunale di Rimini,Procura Ordinaria/Tribunale/Corte d'appello,Settore giudiziario,08_2406_rta_08_241015091553_4166---Protocollosullaviolenzadigenere_confirme_prot.txt,1
Lazio,Roma,Roma,Prima Sezione Civile - Tribunale Ordinario di Roma,Procura Ordinaria/Tribunale/Corte d'appello,Settore giudiziario,12_2406_rta_12_241002130504_4166---3Protocollid'intesa-TavoloInteristituzionaletraUfficiGiudiziaricompetentinelcircondariodiRomaavvocaturaecentriantiviolenza(1).txt,1
Toscana,Firenze,Firenze,Procura Generale della Repubblica presso la Corte d'Appello di Firenze,Procura Ordinaria/Tribunale/Corte d'appello,Settore giudiziario,09_GROSSETO 2022 fpdf.txt | 09_SENESE Delibera-n.1196-del-24-10-2022-allegato-a_SENESE_2.txt,2
Umbria,Perugia,Perugia,Procura Generale della Repubblica presso la Corte d'appello di Perugia,Procura Ordinaria/Tribunale/Corte d'appello,Settore giudiziario,10_2406_rta_10_250506141901_4166---ProtocollounicoregionaleRINNOVATO.txt,1
Sardegna,Cagliari,Cagliari,Procura Generale presso la Corte d'Appello di Cagliari,Procura Ordinaria/Tribunale/Corte d'appello,Settore giudiziario,20_2406_rta_20_250620094616_4166---Delibera52-22del23.12.2024-Allegato1.txt,1
Liguria,Genova,Genova,Procura Generale presso la Corte d'Appello di Genova,Procura Ordinaria/Tribunale/Corte d'appello,Settore giudiziario,07_2406_rta_07_240916163956_4166---DGR477_2022_Protocollo.txt | 09_GROSSETO 2022 fpdf.txt | 09_SENESE Delibera-n.1196-del-24-10-2022-allegato-a_SENESE_2.txt,3
Lazio,Roma,Roma,Procura Generale presso la Corte d'Appello di Roma,Procura Ordinaria/Tribunale/Corte d'appello,Settore giudiziario,12_2406_rta_12_241001130527_4166---protocollocontrolaviolenzadigenere.pdfpdf.txt,1
Abruzzo,L'Aquila,L'Aquila,Procura Generale presso la Corte di Appello di L'Aquila,Procura Ordinaria/Tribunale/Corte d'appello,Settore giudiziario,13_2406_rta_13_241122103653_4166---protocollodirete_cavlafenice_provinciateramo.txt,1
Lazio,Roma,Roma,Procura Generale presso la Corte di Appello di Roma,Procura Ordinaria/Tribunale/Corte d'appello,Settore giudiziario,12_2406_rta_12_241004130514_4166---PROTOCOLLODIINTESAPERLAPROMOZIONEDISTRATEGIECONDIVISESULFENOMENODELLAVIOLENZADIGENERE(1).txt | 12_2406_rta_12_241004133706_4166---ProtocollodiretePREFETTURAFrosinone(1).txt,2
Piemonte,Torino,Torino,Procura Generale presso la Corte di Appello di Torino,Procura Ordinaria/Tribunale/Corte d'appello,Settore giudiziario,01_2406_rta_01_240904120005_4166---protocollo.txt,1
Lazio,Roma,Roma,Procura Ordinaria presso Tribunale di Roma,Procura Ordinaria/Tribunale/Corte d'appello,Settore giudiziario,12_2406_rta_12_241002130504_4166---3Protocollid'intesa-TavoloInteristituzionaletraUfficiGiudiziaricompetentinelcircondariodiRomaavvocaturaecentriantiviolenza(1).txt | 12_2406_rta_12_241003115345_4166---1.PROTOCOLLOTAVOLOINTERISTITUZIONALE.txt | 12_2406_rta_12_241003121816_4166---Copiadi1.PROTOCOLLOTAVOLOINTERISTITUZIONALE.txt,3
Marche,Pesaro e Urbino,Pesaro,Procura della Repubblica - Tribunale di Pesaro,Procura Ordinaria/Tribunale/Corte d'appello,Settore giudiziario,11_2406_rta_11_240911113034_4166---protocollodireteantiviolenza2020-2022-uuvv.txt,1
Marche,Pesaro e Urbino,Urbino,Procura della Repubblica - Tribunale di Urbino,Procura Ordinaria/Tribunale/Corte d'appello,Settore giudiziario,11_2406_rta_11_240911113034_4166---protocollodireteantiviolenza2020-2022-uuvv.txt,1
Marche,Ancona,Ancona,Procura della Repubblica c/o Tribunale di Ancona,Procura Ordinaria/Tribunale/Corte d'appello,Settore giudiziario,11_2406_rta_11_240911113105_4166---PROTOCOLLO_OPERATIVO2024_CONINDIRIZZARIO_FIRMATO.txt,1
Puglia,Bari,Bari,Procura della Repubblica di Bari,Procura Ordinaria/Tribunale/Corte d'appello,Settore giudiziario,16_2406_rta_16_250312150114_4166---ProtocolloGioiadelColle_ATS_Retelocale.txt | 16_bari_Protocollo Gioia del Colle_ATS_Rete locale.txt | 16_bari_protollo di intesa Putignano_rete antiviolenza.txt,3
Lombardia,Bergamo,Bergamo,Procura della Repubblica di Bergamo,Procura Ordinaria/Tribunale/Corte d'appello,Settore giudiziario,03_2406_rta_03_240920124656_4166---ProtocolloantiviolenzaDEFINITIVO(1).txt | 03_2406_rta_03_240924144947_4166---Protocollod'IntesaReteAntiviolenzaIsolaBergamascaeBassaValSanMartino2024.txt,2
Lombardia,Como,Como,Procura della Repubblica di Como,Procura Ordinaria/Tribunale/Corte d'appello,Settore giudiziario,03_2406_rta_03_240925144919_4166---RETEDICOMO-PROTOCOLLOINTERIST.17novembre2023(1).txt,1
Toscana,Firenze,Firenze,Procura della Repubblica di Firenze,Procura Ordinaria/Tribunale/Corte d'appello,Settore giudiziario,09_APUANE_2015 Protocollo Prefettura.txt,1
Puglia,Foggia,Foggia,Procura della Repubblica di Foggia,Procura Ordinaria/Tribunale/Corte d'appello,Settore giudiziario,16_2406_rta_16_250410122122_4166---Protocollo_Viola.txt | 16_foggia_Protocollo_Viola.txt,2
Emilia-Romagna,Forli-Cesena,Forli,Procura della Repubblica di Forli,Procura Ordinaria/Tribunale/Corte d'appello,Settore giudiziario,08_2406_rta_08_241015091621_4166---PROTOCOLLO_22.txt,1
Abruzzo,Chieti,Lanciano,Procura della Repubblica di Lanciano,Procura Ordinaria/Tribunale/Corte d'appello,Settore giudiziario,13_2406_rta_13_241122103901_4166---Protocollirete_ortonaelancianoCAVdonn.ÿ.txt | 13_2406_rta_13_241122104158_4166---Protocollirete_ortonaelancianoCAVdonn.ÿ.txt | 13_2406_rta_13_241122104842_4166---Protocollodirete_DAFNE.txt,3
Puglia,Lecce,Lecce,Procura della Repubblica di Lecce,Procura Ordinaria/Tribunale/Corte d'appello,Settore giudiziario,16_2406_rta_16_250410144304_4166---ProtocolloOperativo-Procedureintegrateperlaprevenzioneeilcontrastoallaviolenzacontrodonneeminori-Copia_Marcato.txt | 16_lecce_Protocollo Operativo - Procedure integrate per la prevenzione e il contrasto alla violenza contro donne e minori - Copia_Marcato.txt,2
Lombardia,Lodi,Lodi,Procura della Repubblica di Lodi,Procura Ordinaria/Tribunale/Corte d'appello,Settore giudiziario,03_2406_rta_03_240923111659_4166---ProtocolloantiviolenzaComunediLodi_scansioneconfirme_maggio2014.txt,1
Marche,Macerata,Macerata,Procura della Repubblica di Macerata,Procura Ordinaria/Tribunale/Corte d'appello,Settore giudiziario,11_2406_rta_11_240911113235_4166---MacerataProtocollo2019_2022Firmato.txt,1
Lombardia,Mantova,Mantova,Procura della Repubblica di Mantova,Procura Ordinaria/Tribunale/Corte d'appello,Settore giudiziario,03_2406_rta_03_240918153156_4166---Protocollo_d'Intesa_Rete_Mantova.prot.txt,1
Toscana,Massa-Carrara,Massa,Procura della Repubblica di Massa,Procura Ordinaria/Tribunale/Corte d'appello,Settore giudiziario,09_APUANE_2015 Protocollo Prefettura.txt,1
Lombardia,Pavia,Pavia,Procura della Repubblica di Pavia,Procura Ordinaria/Tribunale/Corte d'appello,Settore giudiziario,03_2406_rta_03_240918151606_4166---A_RetePavia_Protocollo2021_e_Integrazioni2023_firmato_compressed.txt,1
Emilia-Romagna,Piacenza,Piacenza,Procura della Repubblica di Piacenza,Procura Ordinaria/Tribunale/Corte d'appello,Settore giudiziario,08_2406_rta_08_241015091832_4166---P.G.111546-2023PROTOCOLLOOPERATIVOFENOMENOVIOLENZADONNE(1).txt,1
Toscana,Pistoia,Pistoia,Procura della Repubblica di Pistoia,Procura Ordinaria/Tribunale/Corte d'appello,Settore giudiziario,09_PISTOIA PROV .txt,1
Toscana,Prato,Prato,Procura della Repubblica di Prato,Procura Ordinaria/Tribunale/Corte d'appello,Settore giudiziario,09_PRATO PREF.txt,1
Emilia-Romagna,,Reggio Emilia,Procura della Repubblica di Reggio Emilia,Procura Ordinaria/Tribunale/Corte d'appello,Settore giudiziario,08_2406_rta_08_241015091655_4166---Aggiornamentointegrazioneprotocollooperativoapprovatonelgiugno2008.txt,1
Lazio,Rieti,Rieti,Procura della Repubblica di Rieti,Procura Ordinaria/Tribunale/Corte d'appello,Settore giudiziario,12_2406_rta_12_241001130527_4166---protocollocontrolaviolenzadigenere.pdfpdf.txt,1
Toscana,Siena,Siena,Procura della Repubblica di Siena,Procura Ordinaria/Tribunale/Corte d'appello,Settore giudiziario,09_ALTA VALDELSA Protocollo-violenza-valdelsa-2022_ALTA VALDELSA.txt,1
Puglia,Taranto,Taranto,Procura della Repubblica di Taranto,Procura Ordinaria/Tribunale/Corte d'appello,Settore giudiziario,16_2406_rta_16_250410172220_4166---protocollod'intesaCAVGinosasottoscritto.txt | 16_taranto_protocollo d'intesa CAVGinosa sottoscritto.txt,2
Toscana,,,Procura della Repubblica presso il Tribunale,Procura Ordinaria/Tribunale/Corte d'appello,Settore giudiziario,09_PISA PREF E PROV.txt,1
Abruzzo,,,Procura della Repubblica presso il Tribunale Ordinario,Procura Ordinaria/Tribunale/Corte d'appello,Settore giudiziario,13_2406_rta_13_241122105938_4166---ACCORDOOPERATIVO.txt | 13_2406_rta_13_241122111153_4166---PROTOCOLLOCASTELDISANGROEASL.txt,2
Lombardia,Milano,Milano,Procura della Repubblica presso il Tribunale Ordinario,Procura Ordinaria/Tribunale/Corte d'appello,Settore giudiziario,03_2406_rta_03_240923105244_4166---ProtocolloViolenzaMilanoFirme2023.txt,1
Lombardia,Bergamo,Bergamo,Procura della Repubblica presso il Tribunale Ordinario di Bergamo,Procura Ordinaria/Tribunale/Corte d'appello,Settore giudiziario,03_2406_rta_03_240923114012_4166---23-9-2024ProtocolloReteRita_signed_signed_signedDEF_signed_signed-signed_signed(1).txt,1
Piemonte,Biella,Biella,Procura della Repubblica presso il Tribunale Ordinario di Biella,Procura Ordinaria/Tribunale/Corte d'appello,Settore giudiziario,01_2406_rta_01_240904120005_4166---protocollo.txt | 01_2406_rta_01_240904122512_4166---accordoSFD.txt,2
Lombardia,Brescia,Brescia,Procura della Repubblica presso il Tribunale Ordinario di Brescia,Procura Ordinaria/Tribunale/Corte d'appello,Settore giudiziario,03_2406_rta_03_240923101524_4166---PROTOCOLLO_DI_INTESA_versione_DEFINITIVA2021.stamped.txt,1
Puglia,Brindisi,Brindisi,Procura della Repubblica presso il Tribunale Ordinario di Brindisi,Procura Ordinaria/Tribunale/Corte d'appello,Settore giudiziario,16_2406_rta_16_250409174252_4166---Protocollo_Intesa_LARA.txt | 16_brindisi_Protocollo_Intesa_LARA.txt,2
Calabria,Catanzaro,Catanzaro,Procura della Repubblica presso il Tribunale Ordinario di Catanzaro,Procura Ordinaria/Tribunale/Corte d'appello,Settore giudiziario,18_2406_rta_18_240926102706_4166---protocollomondorosa2013.txt,1
Marche,Fermo,Fermo,Procura della Repubblica presso il Tribunale Ordinario di Fermo,Procura Ordinaria/Tribunale/Corte d'appello,Settore giudiziario,11_2406_rta_11_240911113757_4166---All.4ProtocolloReteAntiviolenzasottoscritto18.12.2023.txt,1
Veneto,Rovigo,Rovigo,Procura della Repubblica presso il Tribunale Ordinario di Rovigo,Procura Ordinaria/Tribunale/Corte d'appello,Settore giudiziario,05_2406_rta_05_240916173648_4166---ULSS5Polesana_Protocollodirete.txt,1
Toscana,Arezzo,Arezzo,Procura della Repubblica presso il Tribunale di Arezzo,Procura Ordinaria/Tribunale/Corte d'appello,Settore giudiziario,09_AREZZO Prot_2024-2026.txt,1
Lombardia,Bergamo,Bergamo,Procura della Repubblica presso il Tribunale di Bergamo,Procura Ordinaria/Tribunale/Corte d'appello,Settore giudiziario,03_2406_rta_03_240926114940_4166---ProtocollodiintesaeAllegatoTecnico_SOTTOSCRITTO.txt,1
Emilia-Romagna,Bologna,Bologna,Procura della Repubblica presso il Tribunale di Bologna,Procura Ordinaria/Tribunale/Corte d'appello,Settore giudiziario,08_2406_rta_08_241015091310_4166---Accordo_Contrasto_alla_violenza_CittMtrBO.txt,1
Lombardia,Varese,Busto Arsizio,Procura della Repubblica presso il Tribunale di Busto Arsizio,Procura Ordinaria/Tribunale/Corte d'appello,Settore giudiziario,03_2406_rta_03_240920120751_4166---protocollodiintesa.txt,1
Sardegna,Cagliari,Cagliari,Procura della Repubblica presso il Tribunale di Cagliari,Procura Ordinaria/Tribunale/Corte d'appello,Settore giudiziario,20_2406_rta_20_250620094616_4166---Delibera52-22del23.12.2024-Allegato1.txt,1
Calabria,Cosenza,Castrovillari,Procura della Repubblica presso il Tribunale di Castrovillari,Procura Ordinaria/Tribunale/Corte d'appello,Settore giudiziario,18_2406_rta_18_240926103211_4166---PROTOCOLLOviolasottoscritto.txt,1
Calabria,Catanzaro,Catanzaro,Procura della Repubblica presso il Tribunale di Catanzaro,Procura Ordinaria/Tribunale/Corte d'appello,Settore giudiziario,18_2406_rta_18_240926102620_4166---protocollopercorsorosa.txt | 18_2406_rta_18_240926102931_4166---PROT.2403-24.txt,2
Abruzzo,Chieti,Chieti,Procura della Repubblica presso il Tribunale di Chieti,Procura Ordinaria/Tribunale/Corte d'appello,Settore giudiziario,13_2406_rta_13_241122101453_4166---ProtocollodiRete_AlphaChieti.txt | 13_2406_rta_13_241122101856_4166---Protocollodirete_AlphaGuardiagrele.txt | 13_2406_rta_13_241122103901_4166---Protocollirete_ortonaelancianoCAVdonn.ÿ.txt | 13_2406_rta_13_241122104158_4166---Protocollirete_ortonaelancianoCAVdonn.ÿ.txt | 13_2406_rta_13_241122104428_4166---Protocollorete_ortonaCAVconsultoriodiocesano.txt,5
Calabria,Cosenza,Cosenza,Procura della Repubblica presso il Tribunale di Cosenza,Procura Ordinaria/Tribunale/Corte d'appello,Settore giudiziario,18_2406_rta_18_240926103211_4166---PROTOCOLLOviolasottoscritto.txt,1
Emilia-Romagna,Ferrara,Ferrara,Procura della Repubblica presso il Tribunale di Ferrara,Procura Ordinaria/Tribunale/Corte d'appello,Settore giudiziario,08_2406_rta_08_241015091355_4166---PROTOCOLLO_CONTRO_VIOLENZA_firmato2023.txt,1
Lazio,Frosinone,Frosinone,Procura della Repubblica presso il Tribunale di Frosinone,Procura Ordinaria/Tribunale/Corte d'appello,Settore giudiziario,12_2406_rta_12_240926134140_4166---Protocollointesa.txt | 12_2406_rta_12_241004114912_4166---ProtocolloRetePrantiviolenzaFrosinone.txt | 12_2406_rta_12_241004130514_4166---PROTOCOLLODIINTESAPERLAPROMOZIONEDISTRATEGIECONDIVISESULFENOMENODELLAVIOLENZADIGENERE(1).txt | 12_2406_rta_12_241004133706_4166---ProtocollodiretePREFETTURAFrosinone(1).txt | 12_2406_rta_12_241008145357_4166---Protocollointeristituzionale2023.txt,5
Liguria,Genova,Genova,Procura della Repubblica presso il Tribunale di Genova,Procura Ordinaria/Tribunale/Corte d'appello,Settore giudiziario,07_2406_rta_07_240916163956_4166---DGR477_2022_Protocollo.txt,1
Friuli-Venezia Giulia,Gorizia,Gorizia,Procura della Repubblica presso il Tribunale di Gorizia,Procura Ordinaria/Tribunale/Corte d'appello,Settore giudiziario,06_2406_rta_06_240916164258_4166---Protocolloviolenzadomesticaedigenere_30.09.2019.txt,1
Liguria,Imperia,Imperia,Procura della Repubblica presso il Tribunale di Imperia,Procura Ordinaria/Tribunale/Corte d'appello,Settore giudiziario,07_2406_rta_07_240916163956_4166---DGR477_2022_Protocollo.txt,1
Liguria,La Spezia,La Spezia,Procura della Repubblica presso il Tribunale di La Spezia,Procura Ordinaria/Tribunale/Corte d'appello,Settore giudiziario,07_2406_rta_07_240916163956_4166---DGR477_2022_Protocollo.txt,1
Calabria,Catanzaro,Lamezia Terme,Procura della Repubblica presso il Tribunale di Lamezia Terme,Procura Ordinaria/Tribunale/Corte d'appello,Settore giudiziario,18_2406_rta_18_240926102620_4166---protocollopercorsorosa.txt,1
Sardegna,Ogliastra,Lanusei,Procura della Repubblica presso il Tribunale di Lanusei,Procura Ordinaria/Tribunale/Corte d'appello,Settore giudiziario,20_2406_rta_20_250620094616_4166---Delibera52-22del23.12.2024-Allegato1.txt,1
Lombardia,Lecco,Lecco,Procura della Repubblica presso il Tribunale di Lecco,Procura Ordinaria/Tribunale/Corte d'appello,Settore giudiziario,03_2406_rta_03_240918153240_4166---Protocollod'intesaperl'IstituzionediunSistemaTerritorialeAntiviolenzainReteconAddendumSindacati.txt,1
Toscana,Massa-Carrara,Massa,Procura della Repubblica presso il Tribunale di Massa,Procura Ordinaria/Tribunale/Corte d'appello,Settore giudiziario,09_GROSSETO 2022 fpdf.txt | 09_SENESE Delibera-n.1196-del-24-10-2022-allegato-a_SENESE_2.txt,2
Sardegna,Nuoro,Nuoro,Procura della Repubblica presso il Tribunale di Nuoro,Procura Ordinaria/Tribunale/Corte d'appello,Settore giudiziario,20_2406_rta_20_250620094616_4166---Delibera52-22del23.12.2024-Allegato1.txt,1
Sardegna,Oristano,Oristano,Procura della Repubblica presso il Tribunale di Oristano,Procura Ordinaria/Tribunale/Corte d'appello,Settore giudiziario,20_2406_rta_20_250620094616_4166---Delibera52-22del23.12.2024-Allegato1.txt,1
Veneto,Padova,Padova,Procura della Repubblica presso il Tribunale di Padova,Procura Ordinaria/Tribunale/Corte d'appello,Settore giudiziario,05_2406_rta_05_240918153458_4166---protocolloprovPadova.txt,1
Calabria,Cosenza,Paola,Procura della Repubblica presso il Tribunale di Paola,Procura Ordinaria/Tribunale/Corte d'appello,Settore giudiziario,18_2406_rta_18_240926103211_4166---PROTOCOLLOviolasottoscritto.txt,1
Umbria,Perugia,Perugia,Procura della Repubblica presso il Tribunale di Perugia,Procura Ordinaria/Tribunale/Corte d'appello,Settore giudiziario,10_2406_rta_10_250506141901_4166---ProtocollounicoregionaleRINNOVATO.txt,1
Abruzzo,Pescara,Pescara,Procura della Repubblica presso il Tribunale di Pescara,Procura Ordinaria/Tribunale/Corte d'appello,Settore giudiziario,13_2406_rta_13_241122115416_4166---PROTOCOLLOPESCARA.txt,1
Emilia-Romagna,Rimini,Rimini,Procura della Repubblica presso il Tribunale di Rimini,Procura Ordinaria/Tribunale/Corte d'appello,Settore giudiziario,08_2406_rta_08_241015091553_4166---Protocollosullaviolenzadigenere_confirme_prot.txt,1
Sardegna,Sassari,Sassari,Procura della Repubblica presso il Tribunale di Sassari,Procura Ordinaria/Tribunale/Corte d'appello,Settore giudiziario,20_2406_rta_20_250620094616_4166---Delibera52-22del23.12.2024-Allegato1.txt,1
Liguria,Savona,Savona,Procura della Repubblica presso il Tribunale di Savona,Procura Ordinaria/Tribunale/Corte d'appello,Settore giudiziario,07_2406_rta_07_240916163956_4166---DGR477_2022_Protocollo.txt,1
Umbria,Perugia,Spoleto,Procura della Repubblica presso il Tribunale di Spoleto,Procura Ordinaria/Tribunale/Corte d'appello,Settore giudiziario,10_2406_rta_10_250506141901_4166---ProtocollounicoregionaleRINNOVATO.txt,1
Sardegna,Gallura Nord-Est Sardegna,Tempio Pausania,Procura della Repubblica presso il Tribunale di Tempio Pausania,Procura Ordinaria/Tribunale/Corte d'appello,Settore giudiziario,20_2406_rta_20_250620094616_4166---Delibera52-22del23.12.2024-Allegato1.txt,1
Abruzzo,Teramo,Teramo,Procura della Repubblica presso il Tribunale di Teramo,Procura Ordinaria/Tribunale/Corte d'appello,Settore giudiziario,13_2406_rta_13_241122103653_4166---protocollodirete_cavlafenice_provinciateramo.txt,1
Umbria,Terni,Terni,Procura della Repubblica presso il Tribunale di Terni,Procura Ordinaria/Tribunale/Corte d'appello,Settore giudiziario,10_2406_rta_10_250506141901_4166---ProtocollounicoregionaleRINNOVATO.txt,1
Lazio,Roma,Tivoli,Procura della Repubblica presso il Tribunale di Tivoli,Procura Ordinaria/Tribunale/Corte d'appello,Settore giudiziario,12_2406_rta_12_241003120714_4166---ASLROMA5_.txt,1
Friuli-Venezia Giulia,Udine,Udine,Procura della Repubblica presso il Tribunale di Udine,Procura Ordinaria/Tribunale/Corte d'appello,Settore giudiziario,06_2406_rta_06_240916164153_4166---protocolloprefettura.txt,1
Abruzzo,Chieti,Vasto,Procura della Repubblica presso il Tribunale di Vasto,Procura Ordinaria/Tribunale/Corte d'appello,Settore giudiziario,13_2406_rta_13_241122105540_4166---protocollodirete_vastodonnattiva.txt,1
Piemonte,Vercelli,Vercelli,Procura della Repubblica presso il Tribunale di Vercelli,Procura Ordinaria/Tribunale/Corte d'appello,Settore giudiziario,01_2406_rta_01_240920123646_4166---vercellieos.txt | 01_2406_rta_01_241018142716_4166---protocolloreteVC.txt,2
Veneto,Verona,Verona,Procura della Repubblica presso il Tribunale di Verona,Procura Ordinaria/Tribunale/Corte d'appello,Settore giudiziario,05_2406_rta_05_240919124736_4166---Protocollo_per_contrasto_alla_violenza_di_genere.stamped.txt,1
Veneto,Vicenza,Vicenza,Procura della Repubblica presso il Tribunale di Vicenza,Procura Ordinaria/Tribunale/Corte d'appello,Settore giudiziario,05_2406_rta_05_240919122126_4166---PROTOCOLLOULSS8BERICA.txt,1
Toscana,,,Procura della Repubblica presso il Tribunale ordinario,Procura Ordinaria/Tribunale/Corte d'appello,Settore giudiziario,09_APUANE_2015 Protocollo Prefettura.txt,1
Trento,,,Procura della Repubblica presso il Tribunale ordinario civile e penale,Procura Ordinaria/Tribunale/Corte d'appello,Settore giudiziario,05_2406_rta_05_240917141534_4166---protocollodiretefirmato.txt,1
Friuli-Venezia Giulia,Pordenone,Pordenone,Procura della Repubblica presso il Tribunale ordinario di Pordenone,Procura Ordinaria/Tribunale/Corte d'appello,Settore giudiziario,05_2406_rta_05_240916135305_4166---protocolloulss4.txt,1
Veneto,Venezia,Venezia,Procura della Repubblica presso il Tribunale ordinario di Venezia,Procura Ordinaria/Tribunale/Corte d'appello,Settore giudiziario,05_2406_rta_05_240916131522_4166---protocolloaggiornamento2023.txt | 05_2406_rta_05_240916135305_4166---protocolloulss4.txt,2
Calabria,,,Procura di competenza,Procura Ordinaria/Tribunale/Corte d'appello,Settore giudiziario,18_2406_rta_18_240925130829_4166---PROTOCOLLODIINTESA_COMUNEDIMENDICINO.txt,1
Piemonte,,,Procure della Repubblica,Procura Ordinaria/Tribunale/Corte d'appello,Settore giudiziario,01_2406_rta_01_240904150044_4166---Protocollocav-irene2022-2025.txt,1
Toscana,,,Procure della Repubblica presso il Tribunale del Distretto,Procura Ordinaria/Tribunale/Corte d'appello,Settore giudiziario,09_GROSSETO 2022 fpdf.txt | 09_SENESE Delibera-n.1196-del-24-10-2022-allegato-a_SENESE_2.txt,2
Calabria,,,Tribunale Civile e Penale,Procura Ordinaria/Tribunale/Corte d'appello,Settore giudiziario,18_2406_rta_18_240926102931_4166---PROT.2403-24.txt,1
Veneto,Venezia,Venezia,Tribunale Civile e Penale di Venezia,Procura Ordinaria/Tribunale/Corte d'appello,Settore giudiziario,05_2406_rta_05_240916131522_4166---protocolloaggiornamento2023.txt | 05_2406_rta_05_240916135305_4166---protocolloulss4.txt,2
Lombardia,Bergamo,Bergamo,Tribunale Ordinario di Bergamo,Procura Ordinaria/Tribunale/Corte d'appello,Settore giudiziario,03_2406_rta_03_240920124656_4166---ProtocolloantiviolenzaDEFINITIVO(1).txt | 03_2406_rta_03_240923114012_4166---23-9-2024ProtocolloReteRita_signed_signed_signedDEF_signed_signed-signed_signed(1).txt,2
Puglia,Brindisi,Brindisi,Tribunale Ordinario di Brindisi,Procura Ordinaria/Tribunale/Corte d'appello,Settore giudiziario,16_2406_rta_16_250409174252_4166---Protocollo_Intesa_LARA.txt | 16_brindisi_Protocollo_Intesa_LARA.txt,2
Lombardia,Varese,Busto Arsizio,Tribunale Ordinario di Busto Arsizio,Procura Ordinaria/Tribunale/Corte d'appello,Settore giudiziario,"03_2406_rta_03_240923164603_4166---ProtocolloreteantiviolenzaBusto,Gallarate,Saronno,SommaLombardo-2024.txt",1
Sardegna,Cagliari,Cagliari,Tribunale Ordinario di Cagliari,Procura Ordinaria/Tribunale/Corte d'appello,Settore giudiziario,20_2406_rta_20_250620094616_4166---Delibera52-22del23.12.2024-Allegato1.txt,1
Lazio,Frosinone,Frosinone,Tribunale Ordinario di Frosinone,Procura Ordinaria/Tribunale/Corte d'appello,Settore giudiziario,12_2406_rta_12_241004135803_4166---03-ConvenzioneTribunaleOrdinariodiFrosinone.txt,1
Sardegna,Ogliastra,Lanusei,Tribunale Ordinario di Lanusei,Procura Ordinaria/Tribunale/Corte d'appello,Settore giudiziario,20_2406_rta_20_250620094616_4166---Delibera52-22del23.12.2024-Allegato1.txt,1
Lombardia,Milano,Milano,Tribunale Ordinario di Milano,Procura Ordinaria/Tribunale/Corte d'appello,Settore giudiziario,03_2406_rta_03_240923105244_4166---ProtocolloViolenzaMilanoFirme2023.txt,1
Sardegna,Nuoro,Nuoro,Tribunale Ordinario di Nuoro,Procura Ordinaria/Tribunale/Corte d'appello,Settore giudiziario,20_2406_rta_20_250620094616_4166---Delibera52-22del23.12.2024-Allegato1.txt,1
Sardegna,Oristano,Oristano,Tribunale Ordinario di Oristano,Procura Ordinaria/Tribunale/Corte d'appello,Settore giudiziario,20_2406_rta_20_250620094616_4166---Delibera52-22del23.12.2024-Allegato1.txt,1
Veneto,Padova,Padova,Tribunale Ordinario di Padova,Procura Ordinaria/Tribunale/Corte d'appello,Settore giudiziario,05_2406_rta_05_240918153458_4166---protocolloprovPadova.txt,1
Lazio,Roma,Roma,Tribunale Ordinario di Roma,Procura Ordinaria/Tribunale/Corte d'appello,Settore giudiziario,12_2406_rta_12_241002130504_4166---3Protocollid'intesa-TavoloInteristituzionaletraUfficiGiudiziaricompetentinelcircondariodiRomaavvocaturaecentriantiviolenza(1).txt | 12_2406_rta_12_241003115345_4166---1.PROTOCOLLOTAVOLOINTERISTITUZIONALE.txt | 12_2406_rta_12_241003121816_4166---Copiadi1.PROTOCOLLOTAVOLOINTERISTITUZIONALE.txt,3
Sardegna,Sassari,Sassari,Tribunale Ordinario di Sassari,Procura Ordinaria/Tribunale/Corte d'appello,Settore giudiziario,20_2406_rta_20_250620094616_4166---Delibera52-22del23.12.2024-Allegato1.txt,1
Sardegna,Gallura Nord-Est Sardegna,Tempio Pausania,Tribunale Ordinario di Tempio Pausania,Procura Ordinaria/Tribunale/Corte d'appello,Settore giudiziario,20_2406_rta_20_250620094616_4166---Delibera52-22del23.12.2024-Allegato1.txt,1
Friuli-Venezia Giulia,Pordenone,Pordenone,Tribunale civile e penale di Pordenone,Procura Ordinaria/Tribunale/Corte d'appello,Settore giudiziario,05_2406_rta_05_240916135305_4166---protocolloulss4.txt,1
Marche,Ancona,Ancona,Tribunale di Ancona,Procura Ordinaria/Tribunale/Corte d'appello,Settore giudiziario,11_2406_rta_11_240911113105_4166---PROTOCOLLO_OPERATIVO2024_CONINDIRIZZARIO_FIRMATO.txt,1
Toscana,Arezzo,Arezzo,Tribunale di Arezzo,Procura Ordinaria/Tribunale/Corte d'appello,Settore giudiziario,09_AREZZO Prot_2024-2026.txt,1
Marche,Ascoli Piceno,Ascoli Piceno,Tribunale di Ascoli Piceno,Procura Ordinaria/Tribunale/Corte d'appello,Settore giudiziario,11_2406_rta_11_240911113911_4166---AscoliPPROTOCOLLOoperativo_2019_2021.txt,1
Lombardia,Bergamo,Bergamo,Tribunale di Bergamo,Procura Ordinaria/Tribunale/Corte d'appello,Settore giudiziario,03_2406_rta_03_240926114940_4166---ProtocollodiintesaeAllegatoTecnico_SOTTOSCRITTO.txt,1
Calabria,Cosenza,Castrovillari,Tribunale di Castrovillari,Procura Ordinaria/Tribunale/Corte d'appello,Settore giudiziario,18_2406_rta_18_240926103211_4166---PROTOCOLLOviolasottoscritto.txt,1
Calabria,Catanzaro,Catanzaro,Tribunale di Catanzaro,Procura Ordinaria/Tribunale/Corte d'appello,Settore giudiziario,18_2406_rta_18_240926102620_4166---protocollopercorsorosa.txt,1
Calabria,Cosenza,Cosenza,Tribunale di Cosenza,Procura Ordinaria/Tribunale/Corte d'appello,Settore giudiziario,18_2406_rta_18_240926103211_4166---PROTOCOLLOviolasottoscritto.txt,1
Emilia-Romagna,Ferrara,Ferrara,Tribunale di Ferrara,Procura Ordinaria/Tribunale/Corte d'appello,Settore giudiziario,08_2406_rta_08_241015091355_4166---PROTOCOLLO_CONTRO_VIOLENZA_firmato2023.txt,1
Friuli-Venezia Giulia,Gorizia,Gorizia,Tribunale di Gorizia,Procura Ordinaria/Tribunale/Corte d'appello,Settore giudiziario,06_2406_rta_06_240916164258_4166---Protocolloviolenzadomesticaedigenere_30.09.2019.txt,1
Calabria,Catanzaro,Lamezia Terme,Tribunale di Lamezia Terme,Procura Ordinaria/Tribunale/Corte d'appello,Settore giudiziario,18_2406_rta_18_240926102620_4166---protocollopercorsorosa.txt,1
Abruzzo,Chieti,Lanciano,Tribunale di Lanciano,Procura Ordinaria/Tribunale/Corte d'appello,Settore giudiziario,13_2406_rta_13_241122103901_4166---Protocollirete_ortonaelancianoCAVdonn.ÿ.txt | 13_2406_rta_13_241122104158_4166---Protocollirete_ortonaelancianoCAVdonn.ÿ.txt | 13_2406_rta_13_241122104842_4166---Protocollodirete_DAFNE.txt,3
Puglia,Lecce,Lecce,Tribunale di Lecce,Procura Ordinaria/Tribunale/Corte d'appello,Settore giudiziario,16_2406_rta_16_250410144304_4166---ProtocolloOperativo-Procedureintegrateperlaprevenzioneeilcontrastoallaviolenzacontrodonneeminori-Copia_Marcato.txt | 16_lecce_Protocollo Operativo - Procedure integrate per la prevenzione e il contrasto alla violenza contro donne e minori - Copia_Marcato.txt,2
Lombardia,Lecco,Lecco,Tribunale di Lecco,Procura Ordinaria/Tribunale/Corte d'appello,Settore giudiziario,03_2406_rta_03_240918153240_4166---Protocollod'intesaperl'IstituzionediunSistemaTerritorialeAntiviolenzainReteconAddendumSindacati.txt,1
Toscana,Livorno,Livorno,Tribunale di Livorno,Procura Ordinaria/Tribunale/Corte d'appello,Settore giudiziario,09_LIVORNO Protocollo_ RETE ANTIVIOLENZA_ LIVORNO.txt,1
Lombardia,Mantova,Mantova,Tribunale di Mantova,Procura Ordinaria/Tribunale/Corte d'appello,Settore giudiziario,03_2406_rta_03_240918153156_4166---Protocollo_d'Intesa_Rete_Mantova.prot.txt,1
Toscana,Massa-Carrara,Massa,Tribunale di Massa,Procura Ordinaria/Tribunale/Corte d'appello,Settore giudiziario,09_APUANE_2015 Protocollo Prefettura.txt,1
Calabria,Cosenza,Paola,Tribunale di Paola,Procura Ordinaria/Tribunale/Corte d'appello,Settore giudiziario,18_2406_rta_18_240926103211_4166---PROTOCOLLOviolasottoscritto.txt,1
Lombardia,Pavia,Pavia,Tribunale di Pavia,Procura Ordinaria/Tribunale/Corte d'appello,Settore giudiziario,03_2406_rta_03_240918151606_4166---A_RetePavia_Protocollo2021_e_Integrazioni2023_firmato_compressed.txt,1
Umbria,Perugia,Perugia,Tribunale di Perugia,Procura Ordinaria/Tribunale/Corte d'appello,Settore giudiziario,10_2406_rta_10_250506141901_4166---ProtocollounicoregionaleRINNOVATO.txt,1
Abruzzo,Pescara,Pescara,Tribunale di Pescara,Procura Ordinaria/Tribunale/Corte d'appello,Settore giudiziario,13_2406_rta_13_241122115416_4166---PROTOCOLLOPESCARA.txt,1
Toscana,Pisa,Pisa,Tribunale di Pisa,Procura Ordinaria/Tribunale/Corte d'appello,Settore giudiziario,09_PISA PREF E PROV.txt,1
Toscana,Pistoia,Pistoia,Tribunale di Pistoia,Procura Ordinaria/Tribunale/Corte d'appello,Settore giudiziario,09_PISTOIA PROV .txt,1
Friuli-Venezia Giulia,Pordenone,Pordenone,Tribunale di Pordenone,Procura Ordinaria/Tribunale/Corte d'appello,Settore giudiziario,06_2406_rta_06_240916164102_4166---protocollopordenoneprefettura.txt,1
Emilia-Romagna,,Reggio Emilia,Tribunale di Reggio Emilia,Procura Ordinaria/Tribunale/Corte d'appello,Settore giudiziario,08_2406_rta_08_241015091655_4166---Aggiornamentointegrazioneprotocollooperativoapprovatonelgiugno2008.txt,1
Lazio,Rieti,Rieti,Tribunale di Rieti,Procura Ordinaria/Tribunale/Corte d'appello,Settore giudiziario,12_2406_rta_12_241001130527_4166---protocollocontrolaviolenzadigenere.pdfpdf.txt,1
Umbria,Perugia,Spoleto,Tribunale di Spoleto,Procura Ordinaria/Tribunale/Corte d'appello,Settore giudiziario,10_2406_rta_10_250506141901_4166---ProtocollounicoregionaleRINNOVATO.txt,1
Abruzzo,Teramo,Teramo,Tribunale di Teramo,Procura Ordinaria/Tribunale/Corte d'appello,Settore giudiziario,13_2406_rta_13_241122103653_4166---protocollodirete_cavlafenice_provinciateramo.txt,1
Umbria,Terni,Terni,Tribunale di Terni,Procura Ordinaria/Tribunale/Corte d'appello,Settore giudiziario,10_2406_rta_10_250506141901_4166---ProtocollounicoregionaleRINNOVATO.txt,1
Friuli-Venezia Giulia,Udine,Udine,Tribunale di Udine,Procura Ordinaria/Tribunale/Corte d'appello,Settore giudiziario,06_2406_rta_06_240916164153_4166---protocolloprefettura.txt,1
Abruzzo,Chieti,Vasto,Tribunale di Vasto,Procura Ordinaria/Tribunale/Corte d'appello,Settore giudiziario,13_2406_rta_13_241122105540_4166---protocollodirete_vastodonnattiva.txt,1
Piemonte,Vercelli,Vercelli,Tribunale di Vercelli,Procura Ordinaria/Tribunale/Corte d'appello,Settore giudiziario,01_2406_rta_01_240920123646_4166---vercellieos.txt | 01_2406_rta_01_241018142716_4166---protocolloreteVC.txt,2
Veneto,Verona,Verona,Tribunale di Verona,Procura Ordinaria/Tribunale/Corte d'appello,Settore giudiziario,05_2406_rta_05_240919124736_4166---Protocollo_per_contrasto_alla_violenza_di_genere.stamped.txt,1
Veneto,Vicenza,Vicenza,Tribunale di Vicenza,Procura Ordinaria/Tribunale/Corte d'appello,Settore giudiziario,05_2406_rta_05_240919122126_4166---PROTOCOLLOULSS8BERICA.txt,1
Lazio,Viterbo,Viterbo,Tribunale di Viterbo,Procura Ordinaria/Tribunale/Corte d'appello,Settore giudiziario,12_2406_rta_12_241008112319_4166---protocollo25.11.2023.txt,1
Lazio,,,Tribunali,Procura Ordinaria/Tribunale/Corte d'appello,Settore giudiziario,12_2406_rta_12_241003112656_4166---AccordodicollaborazioneconsultorieDifferenzaDonna.txt,1
Liguria,,,Tribunali,Procura Ordinaria/Tribunale/Corte d'appello,Settore giudiziario,07_2406_rta_07_240916163933_4166---sub_14574431199510849525_Protocollo_LVLS-signed.txt,1
Piemonte,,,Tribunali,Procura Ordinaria/Tribunale/Corte d'appello,Settore giudiziario,01_2406_rta_01_241003115621_4166---ProtocolloCISCirie.txt,1
Veneto,,,Tribunali,Procura Ordinaria/Tribunale/Corte d'appello,Settore giudiziario,06_2406_rta_06_240916164122_4166---prot_n_0119980_2024_Accordo(firmato).txt,1
Veneto,Verona,Verona,Ufficio del Giudice Tutelare di Verona,Procura Ordinaria/Tribunale/Corte d'appello,Settore giudiziario,05_2406_rta_05_240919124736_4166---Protocollo_per_contrasto_alla_violenza_di_genere.stamped.txt,1
Puglia,,,Commissariato di PS,Questura,Settore giudiziario,16_2406_rta_16_250409145030_4166---protollodiintesaPutignano_reteantiviolenza.txt,1
Lazio,Roma,Roma,Dipartimento di Pubblica Sicurezza - Questura di Roma,Questura,Settore giudiziario,12_2406_rta_12_240927093424_4166---ProtVMunMerlin.txt | 12_2406_rta_12_241003111748_4166---ACCORDOMUNICIPIOROMAVeDIPPARIOPPROMACAPITALE_DD.txt,2
Lombardia,Monza e della Brianza,Monza,QUESTURA DI MONZA - POLIZIA DI STATO,Questura,Settore giudiziario,03_2406_rta_03_240926122051_4166---Protocollomonz.txt,1
Abruzzo,Chieti,Chieti,Questura - Polizia di Stato,Questura,Settore giudiziario,13_2406_rta_13_241122101856_4166---Protocollodirete_AlphaGuardiagrele.txt,1
Liguria,,,Questura Ufficio immigrazione,Questura,Settore giudiziario,07_2406_rta_07_240916163933_4166---sub_14574431199510849525_Protocollo_LVLS-signed.txt,1
Piemonte,,,Questura del Verbano Cusio Ossola,Questura,Settore giudiziario,01_2406_rta_01_241003124847_4166---2024-8928-2perinvio.txt,1
Emilia-Romagna,,,Questura della Provincia,Questura,Settore giudiziario,08_2406_rta_08_241015091621_4166---PROTOCOLLO_22.txt,1
Marche,Ancona,Ancona,Questura di Ancona,Questura,Settore giudiziario,11_2406_rta_11_240911113105_4166---PROTOCOLLO_OPERATIVO2024_CONINDIRIZZARIO_FIRMATO.txt,1
Toscana,Arezzo,Arezzo,Questura di Arezzo,Questura,Settore giudiziario,09_AREZZO Prot_2024-2026.txt,1
Marche,Ascoli Piceno,Ascoli Piceno,Questura di Ascoli Piceno,Questura,Settore giudiziario,11_2406_rta_11_240911113911_4166---AscoliPPROTOCOLLOoperativo_2019_2021.txt,1
Lombardia,Bergamo,Bergamo,Questura di Bergamo,Questura,Settore giudiziario,03_2406_rta_03_240920124656_4166---ProtocolloantiviolenzaDEFINITIVO(1).txt | 03_2406_rta_03_240923114012_4166---23-9-2024ProtocolloReteRita_signed_signed_signedDEF_signed_signed-signed_signed(1).txt | 03_2406_rta_03_240924144947_4166---Protocollod'IntesaReteAntiviolenzaIsolaBergamascaeBassaValSanMartino2024.txt | 03_2406_rta_03_240926114940_4166---ProtocollodiintesaeAllegatoTecnico_SOTTOSCRITTO.txt,4
Emilia-Romagna,Bologna,Bologna,Questura di Bologna,Questura,Settore giudiziario,08_2406_rta_08_241015091310_4166---Accordo_Contrasto_alla_violenza_CittMtrBO.txt,1
Puglia,Brindisi,Brindisi,Questura di Brindisi,Questura,Settore giudiziario,16_2406_rta_16_250410144304_4166---ProtocolloOperativo-Procedureintegrateperlaprevenzioneeilcontrastoallaviolenzacontrodonneeminori-Copia_Marcato.txt | 16_lecce_Protocollo Operativo - Procedure integrate per la prevenzione e il contrasto alla violenza contro donne e minori - Copia_Marcato.txt,2
Sardegna,Cagliari,Cagliari,Questura di Cagliari,Questura,Settore giudiziario,20_2406_rta_20_250620094616_4166---Delibera52-22del23.12.2024-Allegato1.txt,1
Calabria,Catanzaro,Catanzaro,Questura di Catanzaro,Questura,Settore giudiziario,18_2406_rta_18_240926102706_4166---protocollomondorosa2013.txt,1
Abruzzo,Chieti,Chieti,Questura di Chieti,Questura,Settore giudiziario,13_2406_rta_13_241122103901_4166---Protocollirete_ortonaelancianoCAVdonn.ÿ.txt | 13_2406_rta_13_241122104158_4166---Protocollirete_ortonaelancianoCAVdonn.ÿ.txt | 13_2406_rta_13_241122104842_4166---Protocollodirete_DAFNE.txt | 13_2406_rta_13_241122105540_4166---protocollodirete_vastodonnattiva.txt,4
Abruzzo,Chieti,Chieti,Questura di Chieti - Polizia di Stato,Questura,Settore giudiziario,13_2406_rta_13_241122101453_4166---ProtocollodiRete_AlphaChieti.txt | 13_2406_rta_13_241122104158_4166---Protocollirete_ortonaelancianoCAVdonn.ÿ.txt,2
Abruzzo,Chieti,Chieti,Questura di Chieti -Polizia di Stato,Questura,Settore giudiziario,13_2406_rta_13_241122103901_4166---Protocollirete_ortonaelancianoCAVdonn.ÿ.txt | 13_2406_rta_13_241122104428_4166---Protocollorete_ortonaCAVconsultoriodiocesano.txt,2
Lombardia,Como,Como,Questura di Como,Questura,Settore giudiziario,03_2406_rta_03_240925144919_4166---RETEDICOMO-PROTOCOLLOINTERIST.17novembre2023(1).txt,1
Calabria,Cosenza,Cosenza,Questura di Cosenza,Questura,Settore giudiziario,18_2406_rta_18_240926103211_4166---PROTOCOLLOviolasottoscritto.txt,1
Lombardia,Cremona,Cremona,Questura di Cremona,Questura,Settore giudiziario,03_2406_rta_03_240918153252_4166---Protocollo+Appendice+LineeGuida_Datatodafirmare.txt,1
Marche,Fermo,Fermo,Questura di Fermo,Questura,Settore giudiziario,11_2406_rta_11_240911113757_4166---All.4ProtocolloReteAntiviolenzasottoscritto18.12.2023.txt,1
Emilia-Romagna,Ferrara,Ferrara,Questura di Ferrara,Questura,Settore giudiziario,08_2406_rta_08_241015091355_4166---PROTOCOLLO_CONTRO_VIOLENZA_firmato2023.txt | 08_2406_rta_08_241015091430_4166---Protocollo_Distrettuale_Contrasto_violenza_Donne2023.stamped.txt,2
Puglia,Foggia,Foggia,Questura di Foggia,Questura,Settore giudiziario,16_2406_rta_16_250410122122_4166---Protocollo_Viola.txt | 16_foggia_Protocollo_Viola.txt,2
Lazio,Frosinone,Frosinone,Questura di Frosinone,Questura,Settore giudiziario,12_2406_rta_12_240926134140_4166---Protocollointesa.txt | 12_2406_rta_12_241004114912_4166---ProtocolloRetePrantiviolenzaFrosinone.txt | 12_2406_rta_12_241004130514_4166---PROTOCOLLODIINTESAPERLAPROMOZIONEDISTRATEGIECONDIVISESULFENOMENODELLAVIOLENZADIGENERE(1).txt | 12_2406_rta_12_241004133706_4166---ProtocollodiretePREFETTURAFrosinone(1).txt | 12_2406_rta_12_241004140636_4166---04-ProtocolloconlaQuesturadiFrosinone.txt | 12_2406_rta_12_241008145357_4166---Protocollointeristituzionale2023.txt,6
Liguria,Genova,Genova,Questura di Genova,Questura,Settore giudiziario,07_2406_rta_07_240916163956_4166---DGR477_2022_Protocollo.txt,1
Friuli-Venezia Giulia,Gorizia,Gorizia,Questura di Gorizia,Questura,Settore giudiziario,06_2406_rta_06_240916164258_4166---Protocolloviolenzadomesticaedigenere_30.09.2019.txt,1
Liguria,Imperia,Imperia,Questura di Imperia,Questura,Settore giudiziario,07_2406_rta_07_240916163956_4166---DGR477_2022_Protocollo.txt,1
Liguria,La Spezia,La Spezia,Questura di La Spezia,Questura,Settore giudiziario,07_2406_rta_07_240916163956_4166---DGR477_2022_Protocollo.txt,1
Puglia,Lecce,Lecce,Questura di Lecce,Questura,Settore giudiziario,16_2406_rta_16_250410144304_4166---ProtocolloOperativo-Procedureintegrateperlaprevenzioneeilcontrastoallaviolenzacontrodonneeminori-Copia_Marcato.txt | 16_lecce_Protocollo Operativo - Procedure integrate per la prevenzione e il contrasto alla violenza contro donne e minori - Copia_Marcato.txt,2
Lombardia,Lecco,Lecco,Questura di Lecco,Questura,Settore giudiziario,03_2406_rta_03_240918153240_4166---Protocollod'intesaperl'IstituzionediunSistemaTerritorialeAntiviolenzainReteconAddendumSindacati.txt,1
Toscana,Livorno,Livorno,Questura di Livorno,Questura,Settore giudiziario,09_LIVORNO Protocollo_ RETE ANTIVIOLENZA_ LIVORNO.txt,1
Lombardia,Lodi,Lodi,Questura di Lodi,Questura,Settore giudiziario,03_2406_rta_03_240923111659_4166---ProtocolloantiviolenzaComunediLodi_scansioneconfirme_maggio2014.txt,1
Toscana,Lucca,Lucca,Questura di Lucca,Questura,Settore giudiziario,09_LUCCA PROV.txt,1
Marche,Macerata,Macerata,Questura di Macerata,Questura,Settore giudiziario,11_2406_rta_11_240911113235_4166---MacerataProtocollo2019_2022Firmato.txt,1
Lombardia,Mantova,Mantova,Questura di Mantova,Questura,Settore giudiziario,03_2406_rta_03_240918153156_4166---Protocollo_d'Intesa_Rete_Mantova.prot.txt,1
Toscana,Massa-Carrara,Massa Carrara,Questura di Massa Carrara,Questura,Settore giudiziario,09_APUANE_2015 Protocollo Prefettura.txt,1
Lombardia,Milano,Milano,Questura di Milano,Questura,Settore giudiziario,03_2406_rta_03_240920093134_4166---Protocollo_Intesa_Rete_Antiviolenza_SudEstMilano_Paullese_2021-2023.txt | 03_2406_rta_03_240920120751_4166---protocollodiintesa.txt | 03_2406_rta_03_240923103647_4166---protocolloreteantiviolenzacinisello2019(1).txt | 03_2406_rta_03_240923105244_4166---ProtocolloViolenzaMilanoFirme2023.txt | 03_2406_rta_03_240923113114_4166---ProtocolloReteAddaMartesanasottoscritto.txt | 03_2406_rta_03_240926144324_4166---Protocollodiintesa.txt,6
Emilia-Romagna,Modena,Modena,Questura di Modena,Questura,Settore giudiziario,08_2406_rta_08_241015091725_4166---Protoc-Prefett-2017.txt,1
Sardegna,Nuoro,Nuoro,Questura di Nuoro,Questura,Settore giudiziario,20_2406_rta_20_250620094616_4166---Delibera52-22del23.12.2024-Allegato1.txt,1
Sardegna,Oristano,Oristano,Questura di Oristano,Questura,Settore giudiziario,20_2406_rta_20_250620094616_4166---Delibera52-22del23.12.2024-Allegato1.txt,1
Veneto,Padova,Padova,Questura di Padova,Questura,Settore giudiziario,05_2406_rta_05_240918153458_4166---protocolloprovPadova.txt,1
Lombardia,Pavia,Pavia,Questura di Pavia,Questura,Settore giudiziario,03_2406_rta_03_240918151606_4166---A_RetePavia_Protocollo2021_e_Integrazioni2023_firmato_compressed.txt,1
Umbria,Perugia,Perugia,Questura di Perugia,Questura,Settore giudiziario,10_2406_rta_10_250506141901_4166---ProtocollounicoregionaleRINNOVATO.txt,1
Marche,,,Questura di Pesaro e Urbino,Questura,Settore giudiziario,11_2406_rta_11_240911113034_4166---protocollodireteantiviolenza2020-2022-uuvv.txt,1
Abruzzo,Pescara,Pescara,Questura di Pescara,Questura,Settore giudiziario,13_2406_rta_13_241122115416_4166---PROTOCOLLOPESCARA.txt,1
Emilia-Romagna,Piacenza,Piacenza,Questura di Piacenza,Questura,Settore giudiziario,08_2406_rta_08_241015091832_4166---P.G.111546-2023PROTOCOLLOOPERATIVOFENOMENOVIOLENZADONNE(1).txt,1
Toscana,Pistoia,Pistoia,Questura di Pistoia,Questura,Settore giudiziario,09_PISTOIA PROV .txt,1
Friuli-Venezia Giulia,Pordenone,Pordenone,Questura di Pordenone,Questura,Settore giudiziario,06_2406_rta_06_240916164102_4166---protocollopordenoneprefettura.txt,1
Toscana,Prato,Prato,Questura di Prato,Questura,Settore giudiziario,09_PRATO PREF.txt,1
Emilia-Romagna,Ravenna,Ravenna,Questura di Ravenna,Questura,Settore giudiziario,08_2406_rta_08_241015092049_4166---PROTOCOLLOD.G.C.FAENZA304-2009.txt,1
Emilia-Romagna,,Reggio Emilia,Questura di Reggio Emilia,Questura,Settore giudiziario,08_2406_rta_08_241015091655_4166---Aggiornamentointegrazioneprotocollooperativoapprovatonelgiugno2008.txt,1
Lazio,Rieti,Rieti,Questura di Rieti,Questura,Settore giudiziario,12_2406_rta_12_241001130527_4166---protocollocontrolaviolenzadigenere.pdfpdf.txt,1
Emilia-Romagna,Rimini,Rimini,Questura di Rimini,Questura,Settore giudiziario,08_2406_rta_08_241015091553_4166---Protocollosullaviolenzadigenere_confirme_prot.txt,1
Lazio,Roma,Roma,Questura di Roma,Questura,Settore giudiziario,12_2406_rta_12_241003111748_4166---ACCORDOMUNICIPIOROMAVeDIPPARIOPPROMACAPITALE_DD.txt,1
Lazio,Roma,Roma,"Questura di Roma - Commissariati di P.S. Prenestino, Torpignattara e Porta Maggiore",Questura,Settore giudiziario,12_2406_rta_12_240927093424_4166---ProtVMunMerlin.txt,1
Veneto,Rovigo,Rovigo,Questura di Rovigo,Questura,Settore giudiziario,05_2406_rta_05_240916173648_4166---ULSS5Polesana_Protocollodirete.txt,1
Sardegna,Sassari,Sassari,Questura di Sassari,Questura,Settore giudiziario,20_2406_rta_20_250620094616_4166---Delibera52-22del23.12.2024-Allegato1.txt,1
Liguria,Savona,Savona,Questura di Savona,Questura,Settore giudiziario,07_2406_rta_07_240916163956_4166---DGR477_2022_Protocollo.txt,1
Toscana,Siena,Siena,Questura di Siena,Questura,Settore giudiziario,09_ALTA VALDELSA Protocollo-violenza-valdelsa-2022_ALTA VALDELSA.txt,1
Lombardia,Sondrio,Sondrio,Questura di Sondrio,Questura,Settore giudiziario,03_2406_rta_03_240923102947_4166---ProtSOTTOSCRITTO_ReteAntiviolenzaPiuIntegrazioneAprile2024(1).txt,1
Umbria,Terni,Terni,Questura di Terni,Questura,Settore giudiziario,10_2406_rta_10_250506141901_4166---ProtocollounicoregionaleRINNOVATO.txt,1
Veneto,Treviso,Treviso,Questura di Treviso,Questura,Settore giudiziario,05_2406_rta_05_240918144304_4166---Protocollo_ULSS2-DistrettoTreviso.txt,1
Friuli-Venezia Giulia,Udine,Udine,Questura di Udine,Questura,Settore giudiziario,06_2406_rta_06_240916164153_4166---protocolloprefettura.txt,1
Lombardia,Varese,Varese,Questura di Varese,Questura,Settore giudiziario,03_2406_rta_03_240923163715_4166---PROTOCOLLOD'INTESA2017_2020.txt,1
Veneto,Venezia,Venezia,Questura di Venezia,Questura,Settore giudiziario,05_2406_rta_05_240916131522_4166---protocolloaggiornamento2023.txt | 05_2406_rta_05_240916135305_4166---protocolloulss4.txt,2
Piemonte,Vercelli,Vercelli,Questura di Vercelli,Questura,Settore giudiziario,01_2406_rta_01_240920123646_4166---vercellieos.txt | 01_2406_rta_01_241018142716_4166---protocolloreteVC.txt,2
Lazio,Viterbo,Viterbo,Questura di Viterbo,Questura,Settore giudiziario,12_2406_rta_12_241008112319_4166---protocollo25.11.2023.txt,1
Liguria,,,A.S.L. 5,ASL (consultori familiari e altri servizi territoriali),settore sanitario,07_2406_rta_07_240916163956_4166---DGR477_2022_Protocollo.txt,1
Puglia,,,A.S.L. Taranto,ASL (consultori familiari e altri servizi territoriali),settore sanitario,16_ex_Convenzione Ginosa.txt,1
Lombardia,Mantova,Mantova,A.S.S.T. - Azienda Socio Sanitaria Territoriale di Mantova,ASL (consultori familiari e altri servizi territoriali),settore sanitario,03_2406_rta_03_240918153156_4166---Protocollo_d'Intesa_Rete_Mantova.prot.txt,1
Lombardia,,,A.S.S.T. - Azienda Socio-Sanitaria Territoriale Bergamo Est,ASL (consultori familiari e altri servizi territoriali),settore sanitario,03_2406_rta_03_240923114012_4166---23-9-2024ProtocolloReteRita_signed_signed_signedDEF_signed_signed-signed_signed(1).txt,1
Lombardia,,,A.T.S. - Agenzia di Tutela della Salute della Val Padana,ASL (consultori familiari e altri servizi territoriali),settore sanitario,03_2406_rta_03_240918153156_4166---Protocollo_d'Intesa_Rete_Mantova.prot.txt,1
Lombardia,Bergamo,Bergamo,A.T.S. - Azienda di Tutela della Salute di Bergamo,ASL (consultori familiari e altri servizi territoriali),settore sanitario,03_2406_rta_03_240923114012_4166---23-9-2024ProtocolloReteRita_signed_signed_signedDEF_signed_signed-signed_signed(1).txt,1
Emilia-Romagna,Piacenza,Piacenza,A.U.S.L. di Piacenza,ASL (consultori familiari e altri servizi territoriali),settore sanitario,08_2406_rta_08_241015092005_4166---DG216-2024.txt,1
Trento,,,A.ULSS 5 Polesana,ASL (consultori familiari e altri servizi territoriali),settore sanitario,05_2406_rta_05_240916173648_4166---ULSS5Polesana_Protocollodirete.txt,1
Liguria,,,AS.L. 1,ASL (consultori familiari e altri servizi territoriali),settore sanitario,07_2406_rta_07_240916163956_4166---DGR477_2022_Protocollo.txt,1
Liguria,,,AS.L. 2,ASL (consultori familiari e altri servizi territoriali),settore sanitario,07_2406_rta_07_240916163956_4166---DGR477_2022_Protocollo.txt,1
Liguria,,,AS.L. 3,ASL (consultori familiari e altri servizi territoriali),settore sanitario,07_2406_rta_07_240916163956_4166---DGR477_2022_Protocollo.txt,1
Liguria,,,AS.L. 4,ASL (consultori familiari e altri servizi territoriali),settore sanitario,07_2406_rta_07_240916163956_4166---DGR477_2022_Protocollo.txt,1
Lazio,,,ASL,ASL (consultori familiari e altri servizi territoriali),settore sanitario,12_2406_rta_12_240926113237_4166---Accordocavunuiversitari.txt | 12_2406_rta_12_241003094302_4166---4VerbaleIncontroGiorgieLaGinestra-PROTOCOLLO.txt | 12_2406_rta_12_241004141331_4166---ConvenzioneconilComunediCECCANO.txt | 12_2406_rta_12_241004145108_4166---07-ProtocolloCONilComunediVILLASANTOSTEFANO.txt | 12_2406_rta_12_241004145702_4166---08-ProtocolloComunediFalvaterra.txt | 12_2406_rta_12_241008145357_4166---Protocollointeristituzionale2023.txt,6
Piemonte,,,ASL,ASL (consultori familiari e altri servizi territoriali),settore sanitario,01_2406_rta_01_240904150044_4166---Protocollocav-irene2022-2025.txt,1
Puglia,,,ASL,ASL (consultori familiari e altri servizi territoriali),settore sanitario,16_2406_rta_16_250312150114_4166---ProtocolloGioiadelColle_ATS_Retelocale.txt | 16_2406_rta_16_250312162108_4166---protocollooperativoGioiadelColle_EMI.txt | 16_bari_Protocollo Gioia del Colle_ATS_Rete locale.txt | 16_bari_protocollo operativo Gioia del Colle_EMI.txt,4
Piemonte,Torino,Torino,"ASL ""Città di Torino",ASL (consultori familiari e altri servizi territoriali),settore sanitario,01_2406_rta_01_240909110828_4166---PROTOCOLLOHELP.txt,1
Abruzzo,Chieti,Chieti,ASL 02 di Chieti - Vasto - Lanciano,ASL (consultori familiari e altri servizi territoriali),settore sanitario,13_2406_rta_13_241122101856_4166---Protocollodirete_AlphaGuardiagrele.txt,1
Abruzzo,,,ASL 02 di Chieti-Vasto-Lanciano,ASL (consultori familiari e altri servizi territoriali),settore sanitario,13_2406_rta_13_241122101453_4166---ProtocollodiRete_AlphaChieti.txt,1
Toscana,,,ASL 12 Versilia,ASL (consultori familiari e altri servizi territoriali),settore sanitario,09_LUCCA PROV.txt,1
Toscana,Lucca,Lucca,ASL 2 Lucca,ASL (consultori familiari e altri servizi territoriali),settore sanitario,09_LUCCA PROV.txt,1
Puglia,,,ASL BA,ASL (consultori familiari e altri servizi territoriali),settore sanitario,16_2406_rta_16_250407164310_4166---protocollooperativoPutignano_EMI.txt | 16_2406_rta_16_250409145030_4166---protollodiintesaPutignano_reteantiviolenza.txt | 16_bari_protocollo operativo Putignano_EMI.txt | 16_bari_protollo di intesa Putignano_rete antiviolenza.txt,4
Puglia,Bari,Grumo Appula,ASL BA - Distretto Socio-Sanitario di Grumo Appula,ASL (consultori familiari e altri servizi territoriali),settore sanitario,16_2406_rta_16_250312164250_4166---protocollooperativoGrumo_EMI.txt,1
Puglia,Bari,Grumo Appula,ASL BA Distretto Socio-Sanitario di Grumo Appula,ASL (consultori familiari e altri servizi territoriali),settore sanitario,16_bari_protocollo operativo Grumo_EMI.txt,1
Puglia,,,ASL BARI - Consultorio Familiare,ASL (consultori familiari e altri servizi territoriali),settore sanitario,16_2406_rta_16_250409123532_4166---protocollooperativoTriggiano_reteantiviolenza.pdf.txt | 16_bar_protocollo operativo Triggiano_rete antiviolenza.pdf.txt,2
Piemonte,Biella,Biella,ASL BI,ASL (consultori familiari e altri servizi territoriali),settore sanitario,01_2406_rta_01_240904121349_4166---convenzione.txt,1
Puglia,,,ASL BaS,ASL (consultori familiari e altri servizi territoriali),settore sanitario,16_ex_Convenzione Grumo Appula.txt,1
Piemonte,,,ASL CN1,ASL (consultori familiari e altri servizi territoriali),settore sanitario,01_2406_rta_01_240920112211_4166---367772-4-Protocollo_intesa_Completo.txt,1
Piemonte,Cuneo,Alba,ASL CN2,ASL (consultori familiari e altri servizi territoriali),settore sanitario,01_2406_rta_01_240904110730_4166---protocollocontuttelefirme(1).txt,1
Piemonte,Torino,Torino,ASL Città di Torino,ASL (consultori familiari e altri servizi territoriali),settore sanitario,01_2406_rta_01_241002150739_4166---DeliberaCostituzioneOsservatorioSaluteDonne.txt,1
Puglia,,,ASL Lecce,ASL (consultori familiari e altri servizi territoriali),settore sanitario,16_lecce_Protocollo Operativo - Procedure integrate per la prevenzione e il contrasto alla violenza contro donne e minori - Copia_Marcato.txt,1
Puglia,Lecce,Lecce,ASL Lecce,ASL (consultori familiari e altri servizi territoriali),settore sanitario,16_2406_rta_16_250410144304_4166---ProtocolloOperativo-Procedureintegrateperlaprevenzioneeilcontrastoallaviolenzacontrodonneeminori-Copia_Marcato.txt,1
Abruzzo,,,ASL N. 2 Abruzzo - Lanciano Chieti Vasto,ASL (consultori familiari e altri servizi territoriali),settore sanitario,13_2406_rta_13_241122103901_4166---Protocollirete_ortonaelancianoCAVdonn.ÿ.txt | 13_2406_rta_13_241122104158_4166---Protocollirete_ortonaelancianoCAVdonn.ÿ.txt | 13_2406_rta_13_241122104842_4166---Protocollodirete_DAFNE.txt,3
Lazio,,,ASL RM 1,ASL (consultori familiari e altri servizi territoriali),settore sanitario,12_2406_rta_12_241003101925_4166---ProtocolloFormazioneObiettivoUomo.txt | 12_2406_rta_12_241003114931_4166---ProtocollodiintesaDifferenzaDonnaeMunicipio13.txt,2
Lazio,,,ASL RM 4,ASL (consultori familiari e altri servizi territoriali),settore sanitario,12_2406_rta_12_241003113235_4166---Accordodifferenzadonna-29.09.2023-signed.txt,1
Lazio,,,"ASL ROMA 4 - UOC Tutela Salute Donna, Coppie, Prevenzione Eta Evolutiva, Soggetti Fragili ed Immigrati",ASL (consultori familiari e altri servizi territoriali),settore sanitario,12_2406_rta_12_241003112656_4166---AccordodicollaborazioneconsultorieDifferenzaDonna.txt,1
Lazio,,,ASL Roma 1,ASL (consultori familiari e altri servizi territoriali),settore sanitario,12_2406_rta_12_240926135421_4166---3protCAVFRANCARAME-28-30(1).txt,1
Lazio,Roma,Roma,ASL Roma 1 - Distretto 1,ASL (consultori familiari e altri servizi territoriali),settore sanitario,12_2406_rta_12_241003105855_4166---ProtocollodiintesafirmatoASL1.txt,1
Lazio,,,"ASL Roma 2 - 5 Distretto, UOC Tutela della Salute della Donna e dell'Eta Evolutiva, UOC Tutela e Salute Mentale e Riabilitazione in Eta Evolutiva",ASL (consultori familiari e altri servizi territoriali),settore sanitario,12_2406_rta_12_240927093424_4166---ProtVMunMerlin.txt | 12_2406_rta_12_241003111748_4166---ACCORDOMUNICIPIOROMAVeDIPPARIOPPROMACAPITALE_DD.txt,2
Lazio,,,ASL Roma 5,ASL (consultori familiari e altri servizi territoriali),settore sanitario,12_2406_rta_12_241003120714_4166---ASLROMA5_.txt,1
Piemonte,,,ASL TO3,ASL (consultori familiari e altri servizi territoriali),settore sanitario,01_2406_rta_01_240904162242_4166---CONVENZIONETRAASLTO3ESVOLTADONNA.txt,1
Lombardia,Bergamo,Bergamo,ASL della Provincia di Bergamo,ASL (consultori familiari e altri servizi territoriali),settore sanitario,03_2406_rta_03_240926114940_4166---ProtocollodiintesaeAllegatoTecnico_SOTTOSCRITTO.txt,1
Lombardia,,,ASL di Vallecamonica-Sebino,ASL (consultori familiari e altri servizi territoriali),settore sanitario,03_2406_rta_03_240926123135_4166---ProtocollodiRete.txt,1
Toscana,Pistoia,Pistoia,ASL n. 3 Pistoia,ASL (consultori familiari e altri servizi territoriali),settore sanitario,09_PISTOIA PROV .txt,1
Abruzzo,,,ASL n.1 Avezzano-Sulmona-L'Aquila,ASL (consultori familiari e altri servizi territoriali),settore sanitario,13_2406_rta_13_241122105938_4166---ACCORDOOPERATIVO.txt | 13_2406_rta_13_241122111153_4166---PROTOCOLLOCASTELDISANGROEASL.txt,2
Abruzzo,,,ASL n.2 Lanciano Chieti Vasto,ASL (consultori familiari e altri servizi territoriali),settore sanitario,13_2406_rta_13_241122105540_4166---protocollodirete_vastodonnattiva.txt,1
Abruzzo,Pescara,Pescara,ASL-Azienda Sanitaria Locale di Pescara,ASL (consultori familiari e altri servizi territoriali),settore sanitario,13_2406_rta_13_241122115416_4166---PROTOCOLLOPESCARA.txt,1
Puglia,,,ASL-Taranto,ASL (consultori familiari e altri servizi territoriali),settore sanitario,16_2406_rta_16_250410172220_4166---protocollod'intesaCAVGinosasottoscritto.txt | 16_taranto_protocollo d'intesa CAVGinosa sottoscritto.txt,2
Piemonte,Torino,Collegno,ASLTO3,ASL (consultori familiari e altri servizi territoriali),settore sanitario,01_2406_rta_01_240909110828_4166---PROTOCOLLOHELP.txt,1
Piemonte,Torino,Chieri,"ASLTO5 - Azienda Sanitaria Locale di Chieri, Carmagnola, Moncalieri, Nichelino",ASL (consultori familiari e altri servizi territoriali),settore sanitario,01_2406_rta_01_240909110828_4166---PROTOCOLLOHELP.txt,1
Calabria,Catanzaro,Catanzaro,ASP di Catanzaro,ASL (consultori familiari e altri servizi territoriali),settore sanitario,18_2406_rta_18_240926102706_4166---protocollomondorosa2013.txt,1
Lombardia,,,"ASST - Azienda Sociosanitaria Territoriale ""Spedali Civili",ASL (consultori familiari e altri servizi territoriali),settore sanitario,03_2406_rta_03_240923101524_4166---PROTOCOLLO_DI_INTESA_versione_DEFINITIVA2021.stamped.txt,1
Lombardia,Bergamo,Treviglio,ASST Bergamo OVEST di Treviglio,ASL (consultori familiari e altri servizi territoriali),settore sanitario,03_2406_rta_03_240924144947_4166---Protocollod'IntesaReteAntiviolenzaIsolaBergamascaeBassaValSanMartino2024.txt,1
Lombardia,,,ASST Fatebenefratelli Sacco,ASL (consultori familiari e altri servizi territoriali),settore sanitario,03_2406_rta_03_240923105244_4166---ProtocolloViolenzaMilanoFirme2023.txt,1
Lombardia,Brescia,Chiari,ASST Franciacorta di Chiari,ASL (consultori familiari e altri servizi territoriali),settore sanitario,03_2406_rta_03_240925150245_4166---ProtocolloReteARIAPalazzolo.txt,1
Lombardia,,,ASST Grande Ospedale Niguarda,ASL (consultori familiari e altri servizi territoriali),settore sanitario,03_2406_rta_03_240923105244_4166---ProtocolloViolenzaMilanoFirme2023.txt,1
Lombardia,,,ASST Lariana,ASL (consultori familiari e altri servizi territoriali),settore sanitario,"03_2406_rta_03_240923164603_4166---ProtocolloreteantiviolenzaBusto,Gallarate,Saronno,SommaLombardo-2024.txt | 03_2406_rta_03_240925144919_4166---RETEDICOMO-PROTOCOLLOINTERIST.17novembre2023(1).txt",2
Lombardia,,,ASST Melegnano e Martesana,ASL (consultori familiari e altri servizi territoriali),settore sanitario,03_2406_rta_03_240920093134_4166---Protocollo_Intesa_Rete_Antiviolenza_SudEstMilano_Paullese_2021-2023.txt,1
Lombardia,,,ASST Melegnano e della Martesana,ASL (consultori familiari e altri servizi territoriali),settore sanitario,03_2406_rta_03_240923113114_4166---ProtocolloReteAddaMartesanasottoscritto.txt,1
Lombardia,,,ASST Nord Milano,ASL (consultori familiari e altri servizi territoriali),settore sanitario,03_2406_rta_03_240923103647_4166---protocolloreteantiviolenzacinisello2019(1).txt,1
Lombardia,,,ASST Pini-CTO,ASL (consultori familiari e altri servizi territoriali),settore sanitario,03_2406_rta_03_240923105244_4166---ProtocolloViolenzaMilanoFirme2023.txt,1
Lombardia,Milano,Garbagnate Milanese,ASST Rhodense,ASL (consultori familiari e altri servizi territoriali),settore sanitario,03_2406_rta_03_240926144324_4166---Protocollodiintesa.txt,1
Lombardia,,,ASST S.S. Paolo e Carlo,ASL (consultori familiari e altri servizi territoriali),settore sanitario,03_2406_rta_03_240923105244_4166---ProtocolloViolenzaMilanoFirme2023.txt,1
Lombardia,,,ASST Sette Laghi,ASL (consultori familiari e altri servizi territoriali),settore sanitario,"03_2406_rta_03_240923164603_4166---ProtocolloreteantiviolenzaBusto,Gallarate,Saronno,SommaLombardo-2024.txt",1
Lombardia,,,ASST Valle Olona,ASL (consultori familiari e altri servizi territoriali),settore sanitario,"03_2406_rta_03_240923164603_4166---ProtocolloreteantiviolenzaBusto,Gallarate,Saronno,SommaLombardo-2024.txt",1
Lombardia,,,ASST della Valtellina e dell'Alto Lario,ASL (consultori familiari e altri servizi territoriali),settore sanitario,03_2406_rta_03_240923102947_4166---ProtSOTTOSCRITTO_ReteAntiviolenzaPiuIntegrazioneAprile2024(1).txt,1
Marche,Ancona,Ancona,AST Ancona,ASL (consultori familiari e altri servizi territoriali),settore sanitario,11_2406_rta_11_240911113105_4166---PROTOCOLLO_OPERATIVO2024_CONINDIRIZZARIO_FIRMATO.txt,1
Marche,Fermo,Fermo,AST di Fermo,ASL (consultori familiari e altri servizi territoriali),settore sanitario,11_2406_rta_11_240911113757_4166---All.4ProtocolloReteAntiviolenzasottoscritto18.12.2023.txt,1
Marche,,,ASUR Area Vasta 5,ASL (consultori familiari e altri servizi territoriali),settore sanitario,11_2406_rta_11_240911113911_4166---AscoliPPROTOCOLLOoperativo_2019_2021.txt,1
Lombardia,Milano,Milano,ATS (Agenzia di Tutela della Salute) Città Metropolitana di Milano,ASL (consultori familiari e altri servizi territoriali),settore sanitario,03_2406_rta_03_240923105244_4166---ProtocolloViolenzaMilanoFirme2023.txt,1
Lombardia,Brescia,Brescia,ATS - Agenzia di Tutela della Salute di Brescia,ASL (consultori familiari e altri servizi territoriali),settore sanitario,03_2406_rta_03_240923101524_4166---PROTOCOLLO_DI_INTESA_versione_DEFINITIVA2021.stamped.txt,1
Lombardia,,,ATS BRESCIA,ASL (consultori familiari e altri servizi territoriali),settore sanitario,03_2406_rta_03_240923171949_4166---PROTOCOLLOD'INTESARETETERRITORIALEANTIVIOLENZAVALLETROMPIA2024.txt,1
Lombardia,Milano,Milano,ATS Città Metropolitana di Milano,ASL (consultori familiari e altri servizi territoriali),settore sanitario,03_2406_rta_03_240926144324_4166---Protocollodiintesa.txt,1
Lombardia,,,ATS Insubria,ASL (consultori familiari e altri servizi territoriali),settore sanitario,"03_2406_rta_03_240923164603_4166---ProtocolloreteantiviolenzaBusto,Gallarate,Saronno,SommaLombardo-2024.txt | 03_2406_rta_03_240925144919_4166---RETEDICOMO-PROTOCOLLOINTERIST.17novembre2023(1).txt",2
Lombardia,,,ATS Milano Città Metropolitana,ASL (consultori familiari e altri servizi territoriali),settore sanitario,03_2406_rta_03_240920093134_4166---Protocollo_Intesa_Rete_Antiviolenza_SudEstMilano_Paullese_2021-2023.txt,1
Lombardia,Milano,Milano,ATS della Città Metropolitana di Milano,ASL (consultori familiari e altri servizi territoriali),settore sanitario,03_2406_rta_03_240923113114_4166---ProtocolloReteAddaMartesanasottoscritto.txt,1
Lombardia,,,ATS della Montagna,ASL (consultori familiari e altri servizi territoriali),settore sanitario,03_2406_rta_03_240923102947_4166---ProtSOTTOSCRITTO_ReteAntiviolenzaPiuIntegrazioneAprile2024(1).txt,1
Abruzzo,Chieti,Chieti,AUSL 02 di Chieti - Consultori familiari,ASL (consultori familiari e altri servizi territoriali),settore sanitario,13_2406_rta_13_241122101856_4166---Protocollodirete_AlphaGuardiagrele.txt,1
Abruzzo,Chieti,Chieti,AUSL 02 di Chieti - Dipartimento per le Dipendenze,ASL (consultori familiari e altri servizi territoriali),settore sanitario,13_2406_rta_13_241122101856_4166---Protocollodirete_AlphaGuardiagrele.txt,1
Emilia-Romagna,Piacenza,Piacenza,AUSL Piacenza,ASL (consultori familiari e altri servizi territoriali),settore sanitario,08_2406_rta_08_241015091832_4166---P.G.111546-2023PROTOCOLLOOPERATIVOFENOMENOVIOLENZADONNE(1).txt,1
Emilia-Romagna,,,AUSL della Romagna,ASL (consultori familiari e altri servizi territoriali),settore sanitario,08_2406_rta_08_241015091621_4166---PROTOCOLLO_22.txt,1
Lombardia,,,AZIENDA SOCIO SANITARIA TERRITORIALE (ASST) DELLA BRIANZA,ASL (consultori familiari e altri servizi territoriali),settore sanitario,03_2406_rta_03_240926122051_4166---Protocollomonz.txt,1
Lombardia,Brescia,Brescia,Agenzia Tutela della Salute di Brescia,ASL (consultori familiari e altri servizi territoriali),settore sanitario,03_2406_rta_03_240925150245_4166---ProtocolloReteARIAPalazzolo.txt,1
Lombardia,,,Agenzia di Tutela della Salute (ATS) della Brianza,ASL (consultori familiari e altri servizi territoriali),settore sanitario,03_2406_rta_03_240918153240_4166---Protocollod'intesaperl'IstituzionediunSistemaTerritorialeAntiviolenzainReteconAddendumSindacati.txt | 03_2406_rta_03_240926122051_4166---Protocollomonz.txt,2
Lombardia,Pavia,Pavia,Agenzia di Tutela della Salute (ATS) di Pavia,ASL (consultori familiari e altri servizi territoriali),settore sanitario,03_2406_rta_03_240918151606_4166---A_RetePavia_Protocollo2021_e_Integrazioni2023_firmato_compressed.txt,1
Lombardia,Bergamo,Bergamo,Agenzia di Tutela della Salute - ATS Bergamo,ASL (consultori familiari e altri servizi territoriali),settore sanitario,03_2406_rta_03_240924144947_4166---Protocollod'IntesaReteAntiviolenzaIsolaBergamascaeBassaValSanMartino2024.txt,1
Lombardia,,,Agenzia di Tutela della Salute della Valpadana,ASL (consultori familiari e altri servizi territoriali),settore sanitario,03_2406_rta_03_240918153252_4166---Protocollo+Appendice+LineeGuida_Datatodafirmare.txt,1
Lombardia,,,Agenzia di Tutela della Salute di Bergamo (ATS,ASL (consultori familiari e altri servizi territoriali),settore sanitario,03_2406_rta_03_240920124656_4166---ProtocolloantiviolenzaDEFINITIVO(1).txt,1
Puglia,Lecce,Lecce,Area Sociosanitaria - ASL Lecce,ASL (consultori familiari e altri servizi territoriali),settore sanitario,16_2406_rta_16_250410144304_4166---ProtocolloOperativo-Procedureintegrateperlaprevenzioneeilcontrastoallaviolenzacontrodonneeminori-Copia_Marcato.txt,1
Puglia,,,Area Sociosanitaria ASL Lecce,ASL (consultori familiari e altri servizi territoriali),settore sanitario,16_lecce_Protocollo Operativo - Procedure integrate per la prevenzione e il contrasto alla violenza contro donne e minori - Copia_Marcato.txt,1
Marche,,,Area Vasta 3-ASUR Marche,ASL (consultori familiari e altri servizi territoriali),settore sanitario,11_2406_rta_11_240911113235_4166---MacerataProtocollo2019_2022Firmato.txt,1
Lazio,Viterbo,Viterbo,Asl di Viterbo,ASL (consultori familiari e altri servizi territoriali),settore sanitario,12_2406_rta_12_241008112319_4166---protocollo25.11.2023.txt,1
Abruzzo,,,Assistenza consultoriale Interdistrettuale,ASL (consultori familiari e altri servizi territoriali),settore sanitario,13_2406_rta_13_241122103901_4166---Protocollirete_ortonaelancianoCAVdonn.ÿ.txt | 13_2406_rta_13_241122104158_4166---Protocollirete_ortonaelancianoCAVdonn.ÿ.txt | 13_2406_rta_13_241122104428_4166---Protocollorete_ortonaCAVconsultoriodiocesano.txt,3
Veneto,,,AsuiTs - Strutture Complesse Tutela Salute Bambini Adolescenti Donne Famiglie,ASL (consultori familiari e altri servizi territoriali),settore sanitario,06_2406_rta_06_240924164454_4166---protocollo_tempo_sospeso.txt,1
Marche,,,"Asur Marche Area Vasta n.1: Distretti Sanitari di Pesaro, Fano e Urbino e Presidio Ospedaliero Urbino-Pergola",ASL (consultori familiari e altri servizi territoriali),settore sanitario,11_2406_rta_11_240911113034_4166---protocollodireteantiviolenza2020-2022-uuvv.txt,1
Emilia-Romagna,Ravenna,Faenza,Ausl di Ravenna - Distretto Sanitario di Faenza,ASL (consultori familiari e altri servizi territoriali),settore sanitario,08_2406_rta_08_241015092049_4166---PROTOCOLLOD.G.C.FAENZA304-2009.txt,1
Puglia,,,Azienda ASL del territorio,ASL (consultori familiari e altri servizi territoriali),settore sanitario,16_2406_rta_16_250410122122_4166---Protocollo_Viola.txt | 16_foggia_Protocollo_Viola.txt,2
Toscana,,,Azienda ASL7,ASL (consultori familiari e altri servizi territoriali),settore sanitario,09_VALDICHIANA_all. decreto 37_2008 protocollo di intesa 2008.txt,1
Liguria,,,Azienda Ligure Sanitaria (A.Li.Sa,ASL (consultori familiari e altri servizi territoriali),settore sanitario,07_2406_rta_07_240916163956_4166---DGR477_2022_Protocollo.txt,1
Piemonte,,,Azienda Ospedaliera,ASL (consultori familiari e altri servizi territoriali),settore sanitario,01_2406_rta_01_240904150044_4166---Protocollocav-irene2022-2025.txt,1
Marche,,,"Azienda Ospedaliera ""Ospedali Riuniti Marche Nord",ASL (consultori familiari e altri servizi territoriali),settore sanitario,11_2406_rta_11_240911113034_4166---protocollodireteantiviolenza2020-2022-uuvv.txt,1
Friuli-Venezia Giulia,Pordenone,Pordenone,"Azienda Ospedaliera ""Santa Maria degli Angeli"" - Pordenone",ASL (consultori familiari e altri servizi territoriali),settore sanitario,06_2406_rta_06_240916164102_4166---protocollopordenoneprefettura.txt,1
Umbria,Perugia,Perugia,Azienda Ospedaliera 'Santa Maria della Misericordia' Perugia,ASL (consultori familiari e altri servizi territoriali),settore sanitario,10_2406_rta_10_250506141901_4166---ProtocollounicoregionaleRINNOVATO.txt,1
Umbria,Terni,Terni,Azienda Ospedaliera 'Santa Maria' Terni,ASL (consultori familiari e altri servizi territoriali),settore sanitario,10_2406_rta_10_250506141901_4166---ProtocollounicoregionaleRINNOVATO.txt,1
Puglia,Foggia,Foggia,Azienda Ospedaliera OO.RR. Foggia,ASL (consultori familiari e altri servizi territoriali),settore sanitario,16_2406_rta_16_250410122122_4166---Protocollo_Viola.txt | 16_foggia_Protocollo_Viola.txt,2
Calabria,,,Azienda Ospedaliera Pugliese Ciaccio,ASL (consultori familiari e altri servizi territoriali),settore sanitario,18_2406_rta_18_240926102706_4166---protocollomondorosa2013.txt,1
Calabria,Catanzaro,Catanzaro,Azienda Ospedaliera Pugliese-Ciaccio di Catanzaro,ASL (consultori familiari e altri servizi territoriali),settore sanitario,18_2406_rta_18_240926102620_4166---protocollopercorsorosa.txt,1
Calabria,Cosenza,Cosenza,Azienda Ospedaliera S.S. Annunziata di Cosenza,ASL (consultori familiari e altri servizi territoriali),settore sanitario,18_2406_rta_18_240926103211_4166---PROTOCOLLOviolasottoscritto.txt,1
Lombardia,,,Azienda Ospedaliera San Carlo,ASL (consultori familiari e altri servizi territoriali),settore sanitario,03_2406_rta_03_240926122707_4166---ProtocolloReteAntiviolenzaconfirme.txt,1
Emilia-Romagna,,Reggio Emilia,Azienda Ospedaliera Santa Maria Nuova di Reggio Emilia,ASL (consultori familiari e altri servizi territoriali),settore sanitario,08_2406_rta_08_241015091655_4166---Aggiornamentointegrazioneprotocollooperativoapprovatonelgiugno2008.txt,1
Veneto,Verona,Verona,Azienda Ospedaliera Universitaria Integrata di Verona,ASL (consultori familiari e altri servizi territoriali),settore sanitario,05_2406_rta_05_240919124736_4166---Protocollo_per_contrasto_alla_violenza_di_genere.stamped.txt,1
Toscana,Pisa,Pisa,Azienda Ospedaliera Universitaria Pisana,ASL (consultori familiari e altri servizi territoriali),settore sanitario,09_PISA PREF E PROV.txt,1
Friuli-Venezia Giulia,Udine,Udine,Azienda Ospedaliera Universitaria Santa Maria della Misericordia di Udine,ASL (consultori familiari e altri servizi territoriali),settore sanitario,06_2406_rta_06_240916164153_4166---protocolloprefettura.txt,1
Sardegna,Cagliari,Cagliari,Azienda Ospedaliera Universitaria di Cagliari,ASL (consultori familiari e altri servizi territoriali),settore sanitario,20_2406_rta_20_250620094616_4166---Delibera52-22del23.12.2024-Allegato1.txt,1
Emilia-Romagna,Ferrara,Ferrara,Azienda Ospedaliera Universitaria di Ferrara,ASL (consultori familiari e altri servizi territoriali),settore sanitario,08_2406_rta_08_241015091430_4166---Protocollo_Distrettuale_Contrasto_violenza_Donne2023.stamped.txt,1
Sardegna,Sassari,Sassari,Azienda Ospedaliera Universitaria di Sassari,ASL (consultori familiari e altri servizi territoriali),settore sanitario,20_2406_rta_20_250620094616_4166---Delibera52-22del23.12.2024-Allegato1.txt,1
Lombardia,Lodi,Lodi,Azienda Ospedaliera della Provincia di Lodi,ASL (consultori familiari e altri servizi territoriali),settore sanitario,03_2406_rta_03_240923111659_4166---ProtocolloantiviolenzaComunediLodi_scansioneconfirme_maggio2014.txt,1
Lombardia,Milano,Legnano,Azienda Ospedaliera di Legnano,ASL (consultori familiari e altri servizi territoriali),settore sanitario,03_2406_rta_03_240920120751_4166---protocollodiintesa.txt,1
Lombardia,Bergamo,Treviglio,Azienda Ospedaliera di Treviglio,ASL (consultori familiari e altri servizi territoriali),settore sanitario,03_2406_rta_03_240926114940_4166---ProtocollodiintesaeAllegatoTecnico_SOTTOSCRITTO.txt,1
Abruzzo,,,Azienda Sanitaria ASL 02 Lanciano-Vasto-Chieti,ASL (consultori familiari e altri servizi territoriali),settore sanitario,13_2406_rta_13_241122103901_4166---Protocollirete_ortonaelancianoCAVdonn.ÿ.txt | 13_2406_rta_13_241122104158_4166---Protocollirete_ortonaelancianoCAVdonn.ÿ.txt | 13_2406_rta_13_241122104428_4166---Protocollorete_ortonaCAVconsultoriodiocesano.txt,3
Abruzzo,Teramo,Teramo,Azienda Sanitaria ASL di Teramo,ASL (consultori familiari e altri servizi territoriali),settore sanitario,13_2406_rta_13_241122103653_4166---protocollodirete_cavlafenice_provinciateramo.txt,1
Puglia,,,Azienda Sanitaria Locale BR,ASL (consultori familiari e altri servizi territoriali),settore sanitario,16_2406_rta_16_250409174252_4166---Protocollo_Intesa_LARA.txt | 16_brindisi_Protocollo_Intesa_LARA.txt,2
Puglia,Barletta-Andria-Trani,Andria,Azienda Sanitaria Locale BT,ASL (consultori familiari e altri servizi territoriali),settore sanitario,16_2406_rta_16_250409164629_4166---convenzioneCAV-ASLBT.txt | 16_bat_convenzione CAV - ASL BT.txt,2
Piemonte,,,Azienda Sanitaria Locale CN1,ASL (consultori familiari e altri servizi territoriali),settore sanitario,01_2406_rta_01_241018134519_4166---Protocollooperativointeristituzionaleviolenzadigenere2023-2026def.txt,1
Piemonte,Cuneo,Cuneo,Azienda Sanitaria Locale CN1,ASL (consultori familiari e altri servizi territoriali),settore sanitario,01_2406_rta_01_241018142804_4166---ConvenzioneASL-Prontosoccorsoceva.txt,1
Lombardia,,,Azienda Sanitaria Locale MI 1,ASL (consultori familiari e altri servizi territoriali),settore sanitario,03_2406_rta_03_240920120751_4166---protocollodiintesa.txt,1
Puglia,,,Azienda Sanitaria Locale TA/1,ASL (consultori familiari e altri servizi territoriali),settore sanitario,16_2406_rta_16_250410170705_4166---protocolloPrefetturaProvinciaTaranto.txt | 16_taranto_protocollo Prefettura ProvinciaTaranto.txt,2
Piemonte,,,Azienda Sanitaria Locale VCO,ASL (consultori familiari e altri servizi territoriali),settore sanitario,01_2406_rta_01_241003124847_4166---2024-8928-2perinvio.txt,1
Piemonte,Biella,Biella,Azienda Sanitaria Locale di Biella,ASL (consultori familiari e altri servizi territoriali),settore sanitario,01_2406_rta_01_240904120005_4166---protocollo.txt | 01_2406_rta_01_240904122512_4166---accordoSFD.txt,2
Lazio,Frosinone,Frosinone,Azienda Sanitaria Locale di Frosinone,ASL (consultori familiari e altri servizi territoriali),settore sanitario,12_2406_rta_12_240926134140_4166---Protocollointesa.txt | 12_2406_rta_12_241004114912_4166---ProtocolloRetePrantiviolenzaFrosinone.txt | 12_2406_rta_12_241004130514_4166---PROTOCOLLODIINTESAPERLAPROMOZIONEDISTRATEGIECONDIVISESULFENOMENODELLAVIOLENZADIGENERE(1).txt | 12_2406_rta_12_241004133706_4166---ProtocollodiretePREFETTURAFrosinone(1).txt | 12_2406_rta_12_241008145357_4166---Protocollointeristituzionale2023.txt,5
Lombardia,Lodi,Lodi,Azienda Sanitaria Locale di Lodi,ASL (consultori familiari e altri servizi territoriali),settore sanitario,03_2406_rta_03_240923111659_4166---ProtocolloantiviolenzaComunediLodi_scansioneconfirme_maggio2014.txt,1
Emilia-Romagna,,Reggio Emilia,Azienda Sanitaria Locale di Reggio Emilia,ASL (consultori familiari e altri servizi territoriali),settore sanitario,08_2406_rta_08_241015091655_4166---Aggiornamentointegrazioneprotocollooperativoapprovatonelgiugno2008.txt,1
Lazio,Rieti,Rieti,Azienda Sanitaria Locale di Rieti,ASL (consultori familiari e altri servizi territoriali),settore sanitario,12_2406_rta_12_241001130527_4166---protocollocontrolaviolenzadigenere.pdfpdf.txt,1
Puglia,Taranto,Taranto,Azienda Sanitaria Locale di Taranto,ASL (consultori familiari e altri servizi territoriali),settore sanitario,16_taranto_protocollo Prefettura ProvinciaTaranto.txt,1
Piemonte,Vercelli,Vercelli,Azienda Sanitaria Locale di Vercelli,ASL (consultori familiari e altri servizi territoriali),settore sanitario,01_2406_rta_01_240920123646_4166---vercellieos.txt | 01_2406_rta_01_241018142716_4166---protocolloreteVC.txt,2
Toscana,Massa-Carrara,Massa Carrara,Azienda Sanitaria Locale n. 1 di Massa Carrara,ASL (consultori familiari e altri servizi territoriali),settore sanitario,09_APUANE_2015 Protocollo Prefettura.txt,1
Liguria,,,"Azienda Sanitaria Locale n. 4 ""Sistema Sanitario Regione Liguria",ASL (consultori familiari e altri servizi territoriali),settore sanitario,07_2406_rta_07_240916163905_4166---PROTOCOLLOFIRMATO(002).txt,1
Lombardia,,,Azienda Sanitaria Milano 1,ASL (consultori familiari e altri servizi territoriali),settore sanitario,03_2406_rta_03_240926122707_4166---ProtocolloReteAntiviolenzaconfirme.txt,1
Lombardia,,,Azienda Sanitaria Milano 2,ASL (consultori familiari e altri servizi territoriali),settore sanitario,03_2406_rta_03_240926122707_4166---ProtocolloReteAntiviolenzaconfirme.txt,1
Calabria,Catanzaro,Catanzaro,Azienda Sanitaria Provinciale di Catanzaro,ASL (consultori familiari e altri servizi territoriali),settore sanitario,18_2406_rta_18_240926102620_4166---protocollopercorsorosa.txt,1
Calabria,Cosenza,Cosenza,Azienda Sanitaria Provinciale di Cosenza,ASL (consultori familiari e altri servizi territoriali),settore sanitario,18_2406_rta_18_240926103211_4166---PROTOCOLLOviolasottoscritto.txt,1
Toscana,,,Azienda Sanitaria USL Toscana Centro,ASL (consultori familiari e altri servizi territoriali),settore sanitario,09_PISA PREF E PROV.txt | 09_PRATO PREF.txt,2
Toscana,,,Azienda Sanitaria USL Toscana Nord-Ovest,ASL (consultori familiari e altri servizi territoriali),settore sanitario,09_PISA PREF E PROV.txt,1
Friuli-Venezia Giulia,Udine,Udine,Azienda Sanitaria Universitaria Friuli Centrale di Udine,ASL (consultori familiari e altri servizi territoriali),settore sanitario,06_2406_rta_06_240916164122_4166---prot_n_0119980_2024_Accordo(firmato).txt,1
Lombardia,Lecco,Lecco,Azienda Socio Sanitaria Territoriale (ASST) di Lecco,ASL (consultori familiari e altri servizi territoriali),settore sanitario,03_2406_rta_03_240918153240_4166---Protocollod'intesaperl'IstituzionediunSistemaTerritorialeAntiviolenzainReteconAddendumSindacati.txt,1
Lombardia,,,Azienda Socio Sanitaria Territoriale ASST Rhodense,ASL (consultori familiari e altri servizi territoriali),settore sanitario,03_2406_rta_03_240926122707_4166---ProtocolloReteAntiviolenzaconfirme.txt,1
Lombardia,,,Azienda Socio Sanitaria Territoriale Papa Giovanni XXIII,ASL (consultori familiari e altri servizi territoriali),settore sanitario,03_2406_rta_03_240920124656_4166---ProtocolloantiviolenzaDEFINITIVO(1).txt,1
Lombardia,,,Azienda Socio Sanitaria Territoriale Santi Paolo e Carlo,ASL (consultori familiari e altri servizi territoriali),settore sanitario,03_2406_rta_03_240926122707_4166---ProtocolloReteAntiviolenzaconfirme.txt,1
Lombardia,,,Azienda Socio Sanitaria Territoriale del Garda,ASL (consultori familiari e altri servizi territoriali),settore sanitario,03_2406_rta_03_240923165401_4166---PROTOCOLLODIrete2020-2023_rev2confirmescan.txt,1
Lombardia,,,Azienda Socio Sanitaria Territoriale di Melegnano e della Martesana,ASL (consultori familiari e altri servizi territoriali),settore sanitario,03_2406_rta_03_240926122707_4166---ProtocolloReteAntiviolenzaconfirme.txt,1
Lombardia,Pavia,Pavia,Azienda Socio-Sanitaria Territoriale (ASST) Pavia,ASL (consultori familiari e altri servizi territoriali),settore sanitario,03_2406_rta_03_240918151606_4166---A_RetePavia_Protocollo2021_e_Integrazioni2023_firmato_compressed.txt,1
Lombardia,Cremona,Crema,Azienda Socio-Sanitaria Territoriale di Crema,ASL (consultori familiari e altri servizi territoriali),settore sanitario,03_2406_rta_03_240918153252_4166---Protocollo+Appendice+LineeGuida_Datatodafirmare.txt,1
Lombardia,Cremona,Cremona,Azienda Socio-Sanitaria Territoriale di Cremona,ASL (consultori familiari e altri servizi territoriali),settore sanitario,03_2406_rta_03_240918153252_4166---Protocollo+Appendice+LineeGuida_Datatodafirmare.txt,1
Trento,,,Azienda ULSS 3 Serenissima,ASL (consultori familiari e altri servizi territoriali),settore sanitario,05_2406_rta_05_240916131522_4166---protocolloaggiornamento2023.txt,1
Trento,,,Azienda ULSS 7 Pedemontana,ASL (consultori familiari e altri servizi territoriali),settore sanitario,05_2406_rta_05_240919114041_4166---protocollounicorevisionato2024.txt,1
Veneto,Vicenza,Vicenza,"Azienda ULSS 8 ""Berica"" di Vicenza",ASL (consultori familiari e altri servizi territoriali),settore sanitario,05_2406_rta_05_240919122126_4166---PROTOCOLLOULSS8BERICA.txt,1
Toscana,Grosseto,Grosseto,Azienda USL 9 di Grosseto,ASL (consultori familiari e altri servizi territoriali),settore sanitario,09_SENESE Delibera-n.1196-del-24-10-2022-allegato-a_SENESE_2.txt,1
Toscana,,,Azienda USL Toscana Nord Ovest (AUSL TNO,ASL (consultori familiari e altri servizi territoriali),settore sanitario,09_LIVORNO Protocollo_ RETE ANTIVIOLENZA_ LIVORNO.txt,1
Toscana,,,Azienda USL Toscana Sud Est,ASL (consultori familiari e altri servizi territoriali),settore sanitario,09_ALTA VALDELSA Protocollo-violenza-valdelsa-2022_ALTA VALDELSA.txt | 09_AREZZO Prot_2024-2026.txt | 09_GROSSETO 2022 fpdf.txt,3
Emilia-Romagna,,,Azienda USL della Romagna,ASL (consultori familiari e altri servizi territoriali),settore sanitario,08_2406_rta_08_241015091748_4166---ProtocolloProvincialeCaserifugio2023.2025.txt,1
Emilia-Romagna,Bologna,Bologna,Azienda USL di Bologna,ASL (consultori familiari e altri servizi territoriali),settore sanitario,08_2406_rta_08_241015091310_4166---Accordo_Contrasto_alla_violenza_CittMtrBO.txt,1
Emilia-Romagna,Ferrara,Ferrara,Azienda USL di Ferrara,ASL (consultori familiari e altri servizi territoriali),settore sanitario,08_2406_rta_08_241015091430_4166---Protocollo_Distrettuale_Contrasto_violenza_Donne2023.stamped.txt,1
Emilia-Romagna,Piacenza,Piacenza,Azienda USL di Piacenza,ASL (consultori familiari e altri servizi territoriali),settore sanitario,08_2406_rta_08_241015091917_4166---Protocollo2022-2024.txt,1
Toscana,Grosseto,Grosseto,Azienda USL n.9 di Grosseto,ASL (consultori familiari e altri servizi territoriali),settore sanitario,09_GROSSETO 2022 fpdf.txt,1
Trento,,,Azienda Ulss 2 Marca Trevigiana,ASL (consultori familiari e altri servizi territoriali),settore sanitario,05_2406_rta_05_240917141534_4166---protocollodiretefirmato.txt | 05_2406_rta_05_240918144304_4166---Protocollo_ULSS2-DistrettoTreviso.txt,2
Trento,,,Azienda Ulss 4 Veneto Orientale,ASL (consultori familiari e altri servizi territoriali),settore sanitario,05_2406_rta_05_240916135305_4166---protocolloulss4.txt,1
Trento,,,Azienda Ulss 6 Euganea,ASL (consultori familiari e altri servizi territoriali),settore sanitario,05_2406_rta_05_240918153458_4166---protocolloprovPadova.txt,1
Trento,,,Azienda Ulss 9 Scaligera,ASL (consultori familiari e altri servizi territoriali),settore sanitario,05_2406_rta_05_240919124736_4166---Protocollo_per_contrasto_alla_violenza_di_genere.stamped.txt,1
Emilia-Romagna,,,Azienda Unità Sanitaria Locale Romagna,ASL (consultori familiari e altri servizi territoriali),settore sanitario,08_2406_rta_08_241015091553_4166---Protocollosullaviolenzadigenere_confirme_prot.txt,1
Umbria,,,Azienda Unità Sanitaria Locale Umbria 1,ASL (consultori familiari e altri servizi territoriali),settore sanitario,10_2406_rta_10_250506141901_4166---ProtocollounicoregionaleRINNOVATO.txt,1
Umbria,,,Azienda Unità Sanitaria Locale Umbria 2,ASL (consultori familiari e altri servizi territoriali),settore sanitario,10_2406_rta_10_250506141901_4166---ProtocollounicoregionaleRINNOVATO.txt,1
Emilia-Romagna,Rimini,Rimini,Azienda Unità Sanitaria Locale della Romagna,ASL (consultori familiari e altri servizi territoriali),settore sanitario,08_2406_rta_08_241015091553_4166---Protocollosullaviolenzadigenere_confirme_prot.txt,1
Emilia-Romagna,Ferrara,Ferrara,Azienda Unità Sanitaria Locale di Ferrara,ASL (consultori familiari e altri servizi territoriali),settore sanitario,08_2406_rta_08_241015091355_4166---PROTOCOLLO_CONTRO_VIOLENZA_firmato2023.txt,1
Emilia-Romagna,Modena,Modena,Azienda Unità Sanitaria Locale di Modena,ASL (consultori familiari e altri servizi territoriali),settore sanitario,08_2406_rta_08_241015091725_4166---Protoc-Prefett-2017.txt,1
Emilia-Romagna,Piacenza,Piacenza,Azienda Unità Sanitaria Locale di Piacenza,ASL (consultori familiari e altri servizi territoriali),settore sanitario,08_2406_rta_08_241015091832_4166---P.G.111546-2023PROTOCOLLOOPERATIVOFENOMENOVIOLENZADONNE(1).txt,1
Toscana,,,Azienda Usl n. 8,ASL (consultori familiari e altri servizi territoriali),settore sanitario,09_AREZZO Prot_2024-2026.txt,1
Lombardia,Milano,Milano,Azienda di Tutela della Salute della Città Metropolitana di Milano,ASL (consultori familiari e altri servizi territoriali),settore sanitario,03_2406_rta_03_240926122707_4166---ProtocolloReteAntiviolenzaconfirme.txt,1
Veneto,,,"Azienda per i Servizi Sanitari n. 4 ""Medio Friuli",ASL (consultori familiari e altri servizi territoriali),settore sanitario,06_2406_rta_06_240916164122_4166---prot_n_0119980_2024_Accordo(firmato).txt,1
Veneto,,,Azienda per i Servizi Sanitari n. 4 Medio Friuli,ASL (consultori familiari e altri servizi territoriali),settore sanitario,06_2406_rta_06_240916164153_4166---protocolloprefettura.txt,1
Friuli-Venezia Giulia,Pordenone,Pordenone,"Azienda per i Servizi Sanitari n.6 ""Friuli Occidentale"" - Pordenone",ASL (consultori familiari e altri servizi territoriali),settore sanitario,06_2406_rta_06_240916164102_4166---protocollopordenoneprefettura.txt,1
Veneto,,,Azienda per l'Assistenza Sanitaria (AAS) n. 2 Bassa Friulana-Isontina,ASL (consultori familiari e altri servizi territoriali),settore sanitario,06_2406_rta_06_240916164258_4166---Protocolloviolenzadomesticaedigenere_30.09.2019.txt,1
Sardegna,,,Azienda regionale della salute Sardegna,ASL (consultori familiari e altri servizi territoriali),settore sanitario,20_2406_rta_20_250620094616_4166---Delibera52-22del23.12.2024-Allegato1.txt,1
Valle d'Aosta/Vallée d'Aoste,,,Azienda regionale sanitaria USL della Valle d'Aosta,ASL (consultori familiari e altri servizi territoriali),settore sanitario,02_2406_rta_02_240904124958_4166---lrn4del25feb2013.txt,1
Sardegna,Sassari,Sassari,Azienda sociosanitaria locale n. 1 Sassari,ASL (consultori familiari e altri servizi territoriali),settore sanitario,20_2406_rta_20_250620094616_4166---Delibera52-22del23.12.2024-Allegato1.txt,1
Sardegna,,,Azienda sociosanitaria locale n. 2 Gallura,ASL (consultori familiari e altri servizi territoriali),settore sanitario,20_2406_rta_20_250620094616_4166---Delibera52-22del23.12.2024-Allegato1.txt,1
Sardegna,Nuoro,Nuoro,Azienda sociosanitaria locale n. 3 Nuoro,ASL (consultori familiari e altri servizi territoriali),settore sanitario,20_2406_rta_20_250620094616_4166---Delibera52-22del23.12.2024-Allegato1.txt,1
Sardegna,,Ogliastra,Azienda sociosanitaria locale n. 4 Ogliastra,ASL (consultori familiari e altri servizi territoriali),settore sanitario,20_2406_rta_20_250620094616_4166---Delibera52-22del23.12.2024-Allegato1.txt,1
Sardegna,Oristano,Oristano,Azienda sociosanitaria locale n. 5 Oristano,ASL (consultori familiari e altri servizi territoriali),settore sanitario,20_2406_rta_20_250620094616_4166---Delibera52-22del23.12.2024-Allegato1.txt,1
Sardegna,,,Azienda sociosanitaria locale n. 6 Medio Campidano,ASL (consultori familiari e altri servizi territoriali),settore sanitario,20_2406_rta_20_250620094616_4166---Delibera52-22del23.12.2024-Allegato1.txt,1
Sardegna,,,Azienda sociosanitaria locale n. 7 Sulcis,ASL (consultori familiari e altri servizi territoriali),settore sanitario,20_2406_rta_20_250620094616_4166---Delibera52-22del23.12.2024-Allegato1.txt,1
Sardegna,Cagliari,Cagliari,Azienda sociosanitaria locale n. 8 Cagliari,ASL (consultori familiari e altri servizi territoriali),settore sanitario,20_2406_rta_20_250620094616_4166---Delibera52-22del23.12.2024-Allegato1.txt,1
Lazio,,,C.S.M,ASL (consultori familiari e altri servizi territoriali),settore sanitario,12_2406_rta_12_241003114931_4166---ProtocollodiintesaDifferenzaDonnaeMunicipio13.txt,1
Puglia,,,CSM,ASL (consultori familiari e altri servizi territoriali),settore sanitario,16_2406_rta_16_250312162108_4166---protocollooperativoGioiadelColle_EMI.txt | 16_bari_protocollo operativo Putignano_EMI.txt,2
Emilia-Romagna,,,Case della Comunita,ASL (consultori familiari e altri servizi territoriali),settore sanitario,08_2406_rta_08_241015091430_4166---Protocollo_Distrettuale_Contrasto_violenza_Donne2023.stamped.txt,1
Emilia-Romagna,,,Centri Salute Donna,ASL (consultori familiari e altri servizi territoriali),settore sanitario,08_2406_rta_08_241015091430_4166---Protocollo_Distrettuale_Contrasto_violenza_Donne2023.stamped.txt,1
Emilia-Romagna,,,Centri Salute Mentale Adulti,ASL (consultori familiari e altri servizi territoriali),settore sanitario,08_2406_rta_08_241015091725_4166---Protoc-Prefett-2017.txt,1
Emilia-Romagna,,Reggio Emilia,Centri di Salute Mentale (CSM) del Distretto di Reggio Emilia,ASL (consultori familiari e altri servizi territoriali),settore sanitario,08_2406_rta_08_241015091655_4166---Aggiornamentointegrazioneprotocollooperativoapprovatonelgiugno2008.txt,1
Piemonte,Torino,Torino,Centro Sanitario Esperto contro la violenza dell'A.O.U. Città della Salute e della Scienza di Torino,ASL (consultori familiari e altri servizi territoriali),settore sanitario,01_2406_rta_01_241003113501_4166---CCVD1deliberaprotocolloccvd-2024eall1prot.txt,1
Piemonte,Torino,Torino,Centro Sanitario Esperto contro la violenza dell'AOU Città della Salute e della Scienza di Torino,ASL (consultori familiari e altri servizi territoriali),settore sanitario,01_2406_rta_01_241003113501_4166---CCVD1deliberaprotocolloccvd-2024eall1prot.txt,1
Lombardia,Milano,Bresso,Centro della Famiglia di Bresso,ASL (consultori familiari e altri servizi territoriali),settore sanitario,03_2406_rta_03_240923103647_4166---protocolloreteantiviolenzacinisello2019(1).txt,1
Lombardia,Milano,Cinisello Balsamo,Centro della Famiglia di Cinisello Balsamo,ASL (consultori familiari e altri servizi territoriali),settore sanitario,03_2406_rta_03_240923103647_4166---protocolloreteantiviolenzacinisello2019(1).txt,1
Abruzzo,Chieti,Ortona,Centro di salute mentale Ortona,ASL (consultori familiari e altri servizi territoriali),settore sanitario,13_2406_rta_13_241122103901_4166---Protocollirete_ortonaelancianoCAVdonn.ÿ.txt | 13_2406_rta_13_241122104158_4166---Protocollirete_ortonaelancianoCAVdonn.ÿ.txt | 13_2406_rta_13_241122104428_4166---Protocollorete_ortonaCAVconsultoriodiocesano.txt,3
Emilia-Romagna,,,Consultori,ASL (consultori familiari e altri servizi territoriali),settore sanitario,08_2406_rta_08_241015091430_4166---Protocollo_Distrettuale_Contrasto_violenza_Donne2023.stamped.txt,1
Lazio,,,Consultori,ASL (consultori familiari e altri servizi territoriali),settore sanitario,12_2406_rta_12_241003112656_4166---AccordodicollaborazioneconsultorieDifferenzaDonna.txt | 12_2406_rta_12_241003114931_4166---ProtocollodiintesaDifferenzaDonnaeMunicipio13.txt | 12_2406_rta_12_241003120714_4166---ASLROMA5_.txt,3
Lombardia,,,Consultori,ASL (consultori familiari e altri servizi territoriali),settore sanitario,03_2406_rta_03_240918153156_4166---Protocollo_d'Intesa_Rete_Mantova.prot.txt | 03_2406_rta_03_240923163715_4166---PROTOCOLLOD'INTESA2017_2020.txt,2
Piemonte,,,Consultori,ASL (consultori familiari e altri servizi territoriali),settore sanitario,01_2406_rta_01_240904162242_4166---CONVENZIONETRAASLTO3ESVOLTADONNA.txt,1
Lombardia,,,Consultori ASST Lariana,ASL (consultori familiari e altri servizi territoriali),settore sanitario,03_2406_rta_03_240925144919_4166---RETEDICOMO-PROTOCOLLOINTERIST.17novembre2023(1).txt,1
Lazio,,,Consultori Familiari,ASL (consultori familiari e altri servizi territoriali),settore sanitario,12_2406_rta_12_240926133706_4166---STAR.txt,1
Lombardia,,,Consultori Familiari,ASL (consultori familiari e altri servizi territoriali),settore sanitario,03_2406_rta_03_240926123135_4166---ProtocollodiRete.txt,1
Puglia,,,Consultori Familiari,ASL (consultori familiari e altri servizi territoriali),settore sanitario,16_2406_rta_16_250409123532_4166---protocollooperativoTriggiano_reteantiviolenza.pdf.txt | 16_2406_rta_16_250409164629_4166---convenzioneCAV-ASLBT.txt | 16_2406_rta_16_250409174252_4166---Protocollo_Intesa_LARA.txt | 16_bar_protocollo operativo Triggiano_rete antiviolenza.pdf.txt | 16_bat_convenzione CAV - ASL BT.txt | 16_brindisi_Protocollo_Intesa_LARA.txt,6
Trento,,,Consultori Familiari,ASL (consultori familiari e altri servizi territoriali),settore sanitario,05_2406_rta_05_240916173648_4166---ULSS5Polesana_Protocollodirete.txt | 05_2406_rta_05_240919122126_4166---PROTOCOLLOULSS8BERICA.txt,2
Lombardia,Lecco,Lecco,Consultori Familiari (ASST di Lecco,ASL (consultori familiari e altri servizi territoriali),settore sanitario,03_2406_rta_03_240918153240_4166---Protocollod'intesaperl'IstituzionediunSistemaTerritorialeAntiviolenzainReteconAddendumSindacati.txt,1
Marche,,,Consultori Familiari - ASUR Area Vasta n.1,ASL (consultori familiari e altri servizi territoriali),settore sanitario,11_2406_rta_11_240911113034_4166---protocollodireteantiviolenza2020-2022-uuvv.txt,1
Puglia,,,Consultori Familiari ASL Lecce,ASL (consultori familiari e altri servizi territoriali),settore sanitario,16_lecce_Protocollo Operativo - Procedure integrate per la prevenzione e il contrasto alla violenza contro donne e minori - Copia_Marcato.txt,1
Trento,,,Consultori Familiari Distretto 4 Ovest Veronese,ASL (consultori familiari e altri servizi territoriali),settore sanitario,05_2406_rta_05_240919124736_4166---Protocollo_per_contrasto_alla_violenza_di_genere.stamped.txt,1
Lombardia,,,Consultori Familiari Integrati,ASL (consultori familiari e altri servizi territoriali),settore sanitario,03_2406_rta_03_240923103647_4166---protocolloreteantiviolenzacinisello2019(1).txt,1
Lazio,,,Consultori Familiari regionali,ASL (consultori familiari e altri servizi territoriali),settore sanitario,12_2406_rta_12_241003105855_4166---ProtocollodiintesafirmatoASL1.txt,1
Emilia-Romagna,,,Consultori familiari,ASL (consultori familiari e altri servizi territoriali),settore sanitario,08_2406_rta_08_241015091655_4166---Aggiornamentointegrazioneprotocollooperativoapprovatonelgiugno2008.txt | 08_2406_rta_08_241015091725_4166---Protoc-Prefett-2017.txt | 08_2406_rta_08_241015091917_4166---Protocollo2022-2024.txt,3
Emilia-Romagna,Ferrara,Ferrara,Consultori familiari Ferrara,ASL (consultori familiari e altri servizi territoriali),settore sanitario,08_2406_rta_08_241015091355_4166---PROTOCOLLO_CONTRO_VIOLENZA_firmato2023.txt,1
Puglia,Bari,Casamassima,Consultori territoriali di Casamassima,ASL (consultori familiari e altri servizi territoriali),settore sanitario,16_2406_rta_16_250312162108_4166---protocollooperativoGioiadelColle_EMI.txt | 16_bari_protocollo operativo Gioia del Colle_EMI.txt,2
Puglia,Bari,Gioia del Colle,Consultori territoriali di Gioia del Colle,ASL (consultori familiari e altri servizi territoriali),settore sanitario,16_2406_rta_16_250312162108_4166---protocollooperativoGioiadelColle_EMI.txt | 16_bari_protocollo operativo Gioia del Colle_EMI.txt,2
Puglia,Bari,Sammichele di Bari,Consultori territoriali di Sammichele di Bari,ASL (consultori familiari e altri servizi territoriali),settore sanitario,16_2406_rta_16_250312162108_4166---protocollooperativoGioiadelColle_EMI.txt | 16_bari_protocollo operativo Gioia del Colle_EMI.txt,2
Puglia,Bari,Turi,Consultori territoriali di Turi,ASL (consultori familiari e altri servizi territoriali),settore sanitario,16_2406_rta_16_250312162108_4166---protocollooperativoGioiadelColle_EMI.txt | 16_bari_protocollo operativo Gioia del Colle_EMI.txt,2
Puglia,,,"Consultori territoriali, Cassano, Acquaviva, Toritto",ASL (consultori familiari e altri servizi territoriali),settore sanitario,16_2406_rta_16_250312164250_4166---protocollooperativoGrumo_EMI.txt | 16_bari_protocollo operativo Grumo_EMI.txt,2
Lombardia,Lodi,Lodi,"Consultorio ""Centro per la famiglia"" di Lodi",ASL (consultori familiari e altri servizi territoriali),settore sanitario,03_2406_rta_03_240923111659_4166---ProtocolloantiviolenzaComunediLodi_scansioneconfirme_maggio2014.txt,1
Lombardia,Lodi,Casalpusterlengo,"Consultorio ""Il Mandorlo"" di Casalpusterlengo",ASL (consultori familiari e altri servizi territoriali),settore sanitario,03_2406_rta_03_240923111659_4166---ProtocolloantiviolenzaComunediLodi_scansioneconfirme_maggio2014.txt,1
Lombardia,Lodi,Lodi,"Consultorio ""La Famiglia"" UCIPEM Onlus di Lodi",ASL (consultori familiari e altri servizi territoriali),settore sanitario,03_2406_rta_03_240923111659_4166---ProtocolloantiviolenzaComunediLodi_scansioneconfirme_maggio2014.txt,1
Piemonte,Biella,Biella,Consultorio ASL BI di Biella,ASL (consultori familiari e altri servizi territoriali),settore sanitario,01_2406_rta_01_240904121349_4166---convenzione.txt,1
Toscana,,,Consultorio Azienda USL Toscana Sud Est Zona Valdelsa,ASL (consultori familiari e altri servizi territoriali),settore sanitario,09_ALTA VALDELSA Protocollo-violenza-valdelsa-2022_ALTA VALDELSA.txt,1
Abruzzo,,,Consultorio Famigliare A.Ge,ASL (consultori familiari e altri servizi territoriali),settore sanitario,13_2406_rta_13_241122103901_4166---Protocollirete_ortonaelancianoCAVdonn.ÿ.txt | 13_2406_rta_13_241122104158_4166---Protocollirete_ortonaelancianoCAVdonn.ÿ.txt | 13_2406_rta_13_241122104428_4166---Protocollorete_ortonaCAVconsultoriodiocesano.txt,3
Puglia,,,Consultorio Familiare,ASL (consultori familiari e altri servizi territoriali),settore sanitario,16_2406_rta_16_250407164310_4166---protocollooperativoPutignano_EMI.txt | 16_bari_protocollo operativo Mola di Bari_rete Antiviolenza.txt | 16_bari_protocollo operativo Putignano_EMI.txt,3
Lazio,Roma,Roma,Consultorio Familiare,ASL (consultori familiari e altri servizi territoriali),settore sanitario,12_2406_rta_12_241004114912_4166---ProtocolloRetePrantiviolenzaFrosinone.txt | 12_2406_rta_12_241004133706_4166---ProtocollodiretePREFETTURAFrosinone(1).txt,2
Veneto,Venezia,Portogruaro,Consultorio Familiare,ASL (consultori familiari e altri servizi territoriali),settore sanitario,05_2406_rta_05_240917141534_4166---protocollodiretefirmato.txt,1
Lombardia,Milano,Bollate,"Consultorio Familiare ""Centro Di Assistenza alla Famiglia"" di Bollate",ASL (consultori familiari e altri servizi territoriali),settore sanitario,03_2406_rta_03_240926144324_4166---Protocollodiintesa.txt,1
Marche,Ancona,Ancona,Consultorio Familiare A.S.T. Ancona,ASL (consultori familiari e altri servizi territoriali),settore sanitario,11_2406_rta_11_240911113105_4166---PROTOCOLLO_OPERATIVO2024_CONINDIRIZZARIO_FIRMATO.txt,1
Marche,Ancona,Fabriano,Consultorio Familiare A.S.T. Fabriano,ASL (consultori familiari e altri servizi territoriali),settore sanitario,11_2406_rta_11_240911113105_4166---PROTOCOLLO_OPERATIVO2024_CONINDIRIZZARIO_FIRMATO.txt,1
Marche,Ancona,Jesi,Consultorio Familiare A.S.T. Jesi,ASL (consultori familiari e altri servizi territoriali),settore sanitario,11_2406_rta_11_240911113105_4166---PROTOCOLLO_OPERATIVO2024_CONINDIRIZZARIO_FIRMATO.txt,1
Marche,Ancona,Senigallia,Consultorio Familiare A.S.T. Senigallia,ASL (consultori familiari e altri servizi territoriali),settore sanitario,11_2406_rta_11_240911113105_4166---PROTOCOLLO_OPERATIVO2024_CONINDIRIZZARIO_FIRMATO.txt,1
Piemonte,,,Consultorio Familiare ASL,ASL (consultori familiari e altri servizi territoriali),settore sanitario,01_2406_rta_01_241018134519_4166---Protocollooperativointeristituzionaleviolenzadigenere2023-2026def.txt,1
Piemonte,Cuneo,Cuneo,Consultorio Familiare ASL CN1 Sede di Cuneo,ASL (consultori familiari e altri servizi territoriali),settore sanitario,01_2406_rta_01_240920112211_4166---367772-4-Protocollo_intesa_Completo.txt,1
Piemonte,Cuneo,Mondovi,Consultorio Familiare ASL CN1 Sede di Mondovi,ASL (consultori familiari e altri servizi territoriali),settore sanitario,01_2406_rta_01_240920112211_4166---367772-4-Protocollo_intesa_Completo.txt,1
Piemonte,Cuneo,Saluzzo,Consultorio Familiare ASL CN1 Sede di Saluzzo,ASL (consultori familiari e altri servizi territoriali),settore sanitario,01_2406_rta_01_240920112211_4166---367772-4-Protocollo_intesa_Completo.txt,1
Piemonte,Cuneo,Savigliano,Consultorio Familiare ASL CN1 Sede di Savigliano,ASL (consultori familiari e altri servizi territoriali),settore sanitario,01_2406_rta_01_240920112211_4166---367772-4-Protocollo_intesa_Completo.txt,1
Lombardia,,,Consultorio Familiare Ceaf,ASL (consultori familiari e altri servizi territoriali),settore sanitario,03_2406_rta_03_240920093134_4166---Protocollo_Intesa_Rete_Antiviolenza_SudEstMilano_Paullese_2021-2023.txt,1
Lombardia,Milano,Magenta,Consultorio Familiare Decanale di Magenta,ASL (consultori familiari e altri servizi territoriali),settore sanitario,03_2406_rta_03_240920120751_4166---protocollodiintesa.txt,1
Trento,,,Consultorio Familiare Distretto 3,ASL (consultori familiari e altri servizi territoriali),settore sanitario,05_2406_rta_05_240919124736_4166---Protocollo_per_contrasto_alla_violenza_di_genere.stamped.txt,1
Emilia-Romagna,,,Consultorio Familiare Ginecologia e Ostetricia,ASL (consultori familiari e altri servizi territoriali),settore sanitario,08_2406_rta_08_241015092024_4166---Protocollooperativo.txt,1
Lombardia,,,Consultorio Familiare ICARUS - Fondazione Somaschi ONLUS,ASL (consultori familiari e altri servizi territoriali),settore sanitario,03_2406_rta_03_240925144919_4166---RETEDICOMO-PROTOCOLLOINTERIST.17novembre2023(1).txt,1
Lombardia,Cremona,Crema,Consultorio Familiare Insieme per la Famiglia di Crema,ASL (consultori familiari e altri servizi territoriali),settore sanitario,03_2406_rta_03_240918153252_4166---Protocollo+Appendice+LineeGuida_Datatodafirmare.txt,1
Lombardia,Cremona,Crema,Consultorio Familiare Kappadue di Crema,ASL (consultori familiari e altri servizi territoriali),settore sanitario,03_2406_rta_03_240918153252_4166---Protocollo+Appendice+LineeGuida_Datatodafirmare.txt,1
Lombardia,Bergamo,Calusco d'Adda,Consultorio Familiare Mons. Amadei di Calusco d'Adda,ASL (consultori familiari e altri servizi territoriali),settore sanitario,03_2406_rta_03_240924144947_4166---Protocollod'IntesaReteAntiviolenzaIsolaBergamascaeBassaValSanMartino2024.txt,1
Lombardia,Cremona,Cremona,Consultorio Familiare U.C.1.P.E.M. di Cremona,ASL (consultori familiari e altri servizi territoriali),settore sanitario,03_2406_rta_03_240918153252_4166---Protocollo+Appendice+LineeGuida_Datatodafirmare.txt,1
Abruzzo,,,Consultorio Familiare UCIPEM,ASL (consultori familiari e altri servizi territoriali),settore sanitario,13_2406_rta_13_241122115416_4166---PROTOCOLLOPESCARA.txt,1
Friuli-Venezia Giulia,Udine,Udine,Consultorio Familiare del Distretto Sanitario di Udine,ASL (consultori familiari e altri servizi territoriali),settore sanitario,06_2406_rta_06_240916164122_4166---prot_n_0119980_2024_Accordo(firmato).txt,1
Marche,,,Consultorio Familiare dell'ASUR AV 5,ASL (consultori familiari e altri servizi territoriali),settore sanitario,11_2406_rta_11_240911113911_4166---AscoliPPROTOCOLLOoperativo_2019_2021.txt,1
Abruzzo,,,Consultorio Familiare dell'Azienda Sanitaria Locale N.1,ASL (consultori familiari e altri servizi territoriali),settore sanitario,13_2406_rta_13_241122111153_4166---PROTOCOLLOCASTELDISANGROEASL.txt,1
Piemonte,Biella,Biella,Consultorio Familiare di Biella,ASL (consultori familiari e altri servizi territoriali),settore sanitario,01_2406_rta_01_240904120005_4166---protocollo.txt,1
Puglia,Lecce,Copertino,Consultorio Familiare di Copertino,ASL (consultori familiari e altri servizi territoriali),settore sanitario,16_2406_rta_16_250410144304_4166---ProtocolloOperativo-Procedureintegrateperlaprevenzioneeilcontrastoallaviolenzacontrodonneeminori-Copia_Marcato.txt,1
Puglia,Lecce,Galatina,Consultorio Familiare di Galatina,ASL (consultori familiari e altri servizi territoriali),settore sanitario,16_2406_rta_16_250410144304_4166---ProtocolloOperativo-Procedureintegrateperlaprevenzioneeilcontrastoallaviolenzacontrodonneeminori-Copia_Marcato.txt,1
Puglia,Lecce,Galatone,Consultorio Familiare di Galatone,ASL (consultori familiari e altri servizi territoriali),settore sanitario,16_2406_rta_16_250410144304_4166---ProtocolloOperativo-Procedureintegrateperlaprevenzioneeilcontrastoallaviolenzacontrodonneeminori-Copia_Marcato.txt,1
Puglia,Lecce,Martano,Consultorio Familiare di Martano,ASL (consultori familiari e altri servizi territoriali),settore sanitario,16_2406_rta_16_250410144304_4166---ProtocolloOperativo-Procedureintegrateperlaprevenzioneeilcontrastoallaviolenzacontrodonneeminori-Copia_Marcato.txt,1
Abruzzo,Chieti,Vasto,Consultorio Familiare di Vasto - ASL n.2,ASL (consultori familiari e altri servizi territoriali),settore sanitario,13_2406_rta_13_241122105540_4166---protocollodirete_vastodonnattiva.txt,1
Puglia,Lecce,Lecce,Consultorio Familiare n. 1 di Lecce,ASL (consultori familiari e altri servizi territoriali),settore sanitario,16_2406_rta_16_250410144304_4166---ProtocolloOperativo-Procedureintegrateperlaprevenzioneeilcontrastoallaviolenzacontrodonneeminori-Copia_Marcato.txt,1
Lombardia,,,Consultorio La Famiglia,ASL (consultori familiari e altri servizi territoriali),settore sanitario,03_2406_rta_03_240923102947_4166---ProtSOTTOSCRITTO_ReteAntiviolenzaPiuIntegrazioneAprile2024(1).txt,1
Trento,,,Consultorio Socio-Educativo Privato Accreditato AIED,ASL (consultori familiari e altri servizi territoriali),settore sanitario,05_2406_rta_05_240916131522_4166---protocolloaggiornamento2023.txt,1
Trento,,,Consultorio famigliare UCIPEM,ASL (consultori familiari e altri servizi territoriali),settore sanitario,05_2406_rta_05_240918144304_4166---Protocollo_ULSS2-DistrettoTreviso.txt,1
Trento,,,Consultorio familiare Centro della Famiglia,ASL (consultori familiari e altri servizi territoriali),settore sanitario,05_2406_rta_05_240918144304_4166---Protocollo_ULSS2-DistrettoTreviso.txt,1
Emilia-Romagna,,,Consultorio familiare dell'Azienda USL,ASL (consultori familiari e altri servizi territoriali),settore sanitario,08_2406_rta_08_241015091621_4166---PROTOCOLLO_22.txt,1
Valle d'Aosta/Vallée d'Aoste,,,Consultorio regionale per le pari opportunita,ASL (consultori familiari e altri servizi territoriali),settore sanitario,02_2406_rta_02_240904124958_4166---lrn4del25feb2013.txt,1
Puglia,,,Dipartimento Dipendenze Patologiche,ASL (consultori familiari e altri servizi territoriali),settore sanitario,16_lecce_Protocollo Operativo - Procedure integrate per la prevenzione e il contrasto alla violenza contro donne e minori - Copia_Marcato.txt,1
Puglia,Lecce,Maglie,Dipartimento Dipendenze Patologiche ASL Lecce,ASL (consultori familiari e altri servizi territoriali),settore sanitario,16_2406_rta_16_250410144304_4166---ProtocolloOperativo-Procedureintegrateperlaprevenzioneeilcontrastoallaviolenzacontrodonneeminori-Copia_Marcato.txt,1
Marche,Ancona,Ancona,Dipartimento Dipendenze Patologiche AST Ancona,ASL (consultori familiari e altri servizi territoriali),settore sanitario,11_2406_rta_11_240911113105_4166---PROTOCOLLO_OPERATIVO2024_CONINDIRIZZARIO_FIRMATO.txt,1
Puglia,Lecce,Lecce,Dipartimento di Medicina Fisica e Riabilitazione ASL Lecce,ASL (consultori familiari e altri servizi territoriali),settore sanitario,16_2406_rta_16_250410144304_4166---ProtocolloOperativo-Procedureintegrateperlaprevenzioneeilcontrastoallaviolenzacontrodonneeminori-Copia_Marcato.txt,1
Puglia,,,Dipartimento di Riabilitazione,ASL (consultori familiari e altri servizi territoriali),settore sanitario,16_lecce_Protocollo Operativo - Procedure integrate per la prevenzione e il contrasto alla violenza contro donne e minori - Copia_Marcato.txt,1
Emilia-Romagna,,,Dipartimento di Salute Mentale,ASL (consultori familiari e altri servizi territoriali),settore sanitario,08_2406_rta_08_241015091655_4166---Aggiornamentointegrazioneprotocollooperativoapprovatonelgiugno2008.txt,1
Puglia,,,Dipartimento di Salute Mentale,ASL (consultori familiari e altri servizi territoriali),settore sanitario,16_2406_rta_16_250409174252_4166---Protocollo_Intesa_LARA.txt | 16_brindisi_Protocollo_Intesa_LARA.txt | 16_lecce_Protocollo Operativo - Procedure integrate per la prevenzione e il contrasto alla violenza contro donne e minori - Copia_Marcato.txt,3
Puglia,Lecce,Lecce,Dipartimento di Salute Mentale ASL Lecce,ASL (consultori familiari e altri servizi territoriali),settore sanitario,16_2406_rta_16_250410144304_4166---ProtocolloOperativo-Procedureintegrateperlaprevenzioneeilcontrastoallaviolenzacontrodonneeminori-Copia_Marcato.txt,1
Liguria,,,"Dipartimento di Salute Mentale e delle Dipendenze dell'ASL n. 4 ""Sistema Sanitario Regione Liguria",ASL (consultori familiari e altri servizi territoriali),settore sanitario,07_2406_rta_07_240916163905_4166---PROTOCOLLOFIRMATO(002).txt,1
Trento,,,Direzione Generale A.ULSS 5 Polesana,ASL (consultori familiari e altri servizi territoriali),settore sanitario,05_2406_rta_05_240916173648_4166---ULSS5Polesana_Protocollodirete.txt,1
Trento,,,Direzione Generale Ulss 9 del Veneto,ASL (consultori familiari e altri servizi territoriali),settore sanitario,05_2406_rta_05_240919124736_4166---Protocollo_per_contrasto_alla_violenza_di_genere.stamped.txt,1
Marche,,,Distretti Sanitari dell'ASUR Area Vasta 5,ASL (consultori familiari e altri servizi territoriali),settore sanitario,11_2406_rta_11_240911113911_4166---AscoliPPROTOCOLLOoperativo_2019_2021.txt,1
Puglia,,,Distretti di Salute Mentale,ASL (consultori familiari e altri servizi territoriali),settore sanitario,16_2406_rta_16_250409123532_4166---protocollooperativoTriggiano_reteantiviolenza.pdf.txt | 16_bar_protocollo operativo Triggiano_rete antiviolenza.pdf.txt,2
Emilia-Romagna,Ravenna,Faenza,Distretto Sanitario di Faenza,ASL (consultori familiari e altri servizi territoriali),settore sanitario,08_2406_rta_08_241015091748_4166---ProtocolloProvincialeCaserifugio2023.2025.txt,1
Emilia-Romagna,Ravenna,Lugo,Distretto Sanitario di Lugo,ASL (consultori familiari e altri servizi territoriali),settore sanitario,08_2406_rta_08_241015091748_4166---ProtocolloProvincialeCaserifugio2023.2025.txt,1
Emilia-Romagna,Ravenna,Ravenna,Distretto Sanitario di Ravenna,ASL (consultori familiari e altri servizi territoriali),settore sanitario,08_2406_rta_08_241015091748_4166---ProtocolloProvincialeCaserifugio2023.2025.txt,1
Puglia,,,Distretto Sociosanitario N°11 ASL BA,ASL (consultori familiari e altri servizi territoriali),settore sanitario,16_2406_rta_16_250407161043_4166---protocollooperativoMoladiBari_reteAntiviolenza.txt | 16_bari_protocollo operativo Mola di Bari_rete Antiviolenza.txt,2
Abruzzo,Chieti,Ortona,Distretto sanitario territoriale Ortona,ASL (consultori familiari e altri servizi territoriali),settore sanitario,13_2406_rta_13_241122104158_4166---Protocollirete_ortonaelancianoCAVdonn.ÿ.txt | 13_2406_rta_13_241122104428_4166---Protocollorete_ortonaCAVconsultoriodiocesano.txt,2
Trento,,,Equipe Specialistica provinciale Il FARO,ASL (consultori familiari e altri servizi territoriali),settore sanitario,05_2406_rta_05_240919124736_4166---Protocollo_per_contrasto_alla_violenza_di_genere.stamped.txt,1
Puglia,,,Giada,ASL (consultori familiari e altri servizi territoriali),settore sanitario,16_2406_rta_16_250312162108_4166---protocollooperativoGioiadelColle_EMI.txt,1
Puglia,,,NPI,ASL (consultori familiari e altri servizi territoriali),settore sanitario,16_2406_rta_16_250312162108_4166---protocollooperativoGioiadelColle_EMI.txt,1
Puglia,,,Neuropsichiatria infantile,ASL (consultori familiari e altri servizi territoriali),settore sanitario,16_bari_protocollo operativo Putignano_EMI.txt,1
Abruzzo,,,Ospedale (Pronto Soccorso) dell'Azienda Sanitaria Locale N.1,ASL (consultori familiari e altri servizi territoriali),settore sanitario,13_2406_rta_13_241122111153_4166---PROTOCOLLOCASTELDISANGROEASL.txt,1
Veneto,,,Pronto Soccorso Azienda Ospedaliera e Azienda Sanitaria,ASL (consultori familiari e altri servizi territoriali),settore sanitario,06_2406_rta_06_240916164153_4166---protocolloprefettura.txt,1
Lombardia,Bergamo,Treviglio,Pronto Soccorso dell'Azienda Ospedaliera di Treviglio e Caravaggio,ASL (consultori familiari e altri servizi territoriali),settore sanitario,03_2406_rta_03_240926114940_4166---ProtocollodiintesaeAllegatoTecnico_SOTTOSCRITTO.txt,1
Toscana,,,Pronto Soccorso di Campostaggia Azienda USL Toscana Sud Est,ASL (consultori familiari e altri servizi territoriali),settore sanitario,09_ALTA VALDELSA Protocollo-violenza-valdelsa-2022_ALTA VALDELSA.txt,1
Piemonte,Biella,Biella,S.C. Neuropsichiatria Infantile,ASL (consultori familiari e altri servizi territoriali),settore sanitario,01_2406_rta_01_240904120005_4166---protocollo.txt,1
Puglia,,,SERD,ASL (consultori familiari e altri servizi territoriali),settore sanitario,16_2406_rta_16_250409123532_4166---protocollooperativoTriggiano_reteantiviolenza.pdf.txt | 16_bar_protocollo operativo Triggiano_rete antiviolenza.pdf.txt | 16_bari_protocollo operativo Putignano_EMI.txt,3
Puglia,,,Sert,ASL (consultori familiari e altri servizi territoriali),settore sanitario,16_2406_rta_16_250312162108_4166---protocollooperativoGioiadelColle_EMI.txt,1
Abruzzo,Chieti,Vasto,Sert di Vasto - ASL n.2,ASL (consultori familiari e altri servizi territoriali),settore sanitario,13_2406_rta_13_241122105540_4166---protocollodirete_vastodonnattiva.txt,1
Trento,,,Servizi Distrettuali dell'Azienda Ulss 2 Marca Trevigiana,ASL (consultori familiari e altri servizi territoriali),settore sanitario,05_2406_rta_05_240917141534_4166---protocollodiretefirmato.txt,1
Abruzzo,,,Servizi Sanitari,ASL (consultori familiari e altri servizi territoriali),settore sanitario,13_2406_rta_13_241122110421_4166---PROTOCOLLOOPERATIVO.txt,1
Liguria,,,Servizi Sanitari,ASL (consultori familiari e altri servizi territoriali),settore sanitario,07_2406_rta_07_240916163933_4166---sub_14574431199510849525_Protocollo_LVLS-signed.txt,1
Abruzzo,,,Servizi Sanitari territoriali,ASL (consultori familiari e altri servizi territoriali),settore sanitario,13_2406_rta_13_241122105938_4166---ACCORDOOPERATIVO.txt,1
Puglia,,,Servizi Socio-assistenziali e socio-sanitari,ASL (consultori familiari e altri servizi territoriali),settore sanitario,16_ex_Convenzione Mola di Bari.txt,1
Puglia,,,Servizi Territoriali Socio-Sanitari,ASL (consultori familiari e altri servizi territoriali),settore sanitario,16_bari_protocollo operativo Grumo_EMI.txt,1
Piemonte,,,Servizi socio-sanitari,ASL (consultori familiari e altri servizi territoriali),settore sanitario,01_2406_rta_01_240909103717_4166---PROTOCOLLORETEANTIVIOLENZASVOLTADONNA.txt,1
Abruzzo,,,Servizi socio-sanitari del territorio,ASL (consultori familiari e altri servizi territoriali),settore sanitario,13_2406_rta_13_241122105938_4166---ACCORDOOPERATIVO.txt,1
Veneto,,,Servizi specialistici dell'ASUITs,ASL (consultori familiari e altri servizi territoriali),settore sanitario,06_2406_rta_06_240924164454_4166---protocollo_tempo_sospeso.txt,1
Trento,,,Servizi specialistici dell'Ulss 9,ASL (consultori familiari e altri servizi territoriali),settore sanitario,05_2406_rta_05_240919124736_4166---Protocollo_per_contrasto_alla_violenza_di_genere.stamped.txt,1
Emilia-Romagna,,,Servizio Dipendenze Patologiche,ASL (consultori familiari e altri servizi territoriali),settore sanitario,08_2406_rta_08_241015091725_4166---Protoc-Prefett-2017.txt,1
Trento,,,Servizio Protezione e Tutela Minori Distretto 1,ASL (consultori familiari e altri servizi territoriali),settore sanitario,05_2406_rta_05_240919114041_4166---protocollounicorevisionato2024.txt,1
Trento,,,Servizio Tutela Minori,ASL (consultori familiari e altri servizi territoriali),settore sanitario,05_2406_rta_05_240916173648_4166---ULSS5Polesana_Protocollodirete.txt,1
Piemonte,Torino,Carmagnola,Servizio di Psicologia dell'ASL di Carmagnola,ASL (consultori familiari e altri servizi territoriali),settore sanitario,01_2406_rta_01_240909112136_4166---convenzionecarmagnola.txt,1
Toscana,,,Servizio di Salute Mentale Azienda USL Toscana Sud Est Zona Alta Valdelsa,ASL (consultori familiari e altri servizi territoriali),settore sanitario,09_ALTA VALDELSA Protocollo-violenza-valdelsa-2022_ALTA VALDELSA.txt,1
Veneto,,,Servizio sanitario regionale,ASL (consultori familiari e altri servizi territoriali),settore sanitario,06_2406_rta_06_240916164122_4166---prot_n_0119980_2024_Accordo(firmato).txt,1
Lombardia,,,Società Cooperativa Sociale Onlus AREA - Consultorio Accreditato NODI,ASL (consultori familiari e altri servizi territoriali),settore sanitario,03_2406_rta_03_240923165401_4166---PROTOCOLLODIrete2020-2023_rev2confirmescan.txt,1
Emilia-Romagna,,,Spazio Giovani,ASL (consultori familiari e altri servizi territoriali),settore sanitario,08_2406_rta_08_241015091430_4166---Protocollo_Distrettuale_Contrasto_violenza_Donne2023.stamped.txt,1
Veneto,,,Struttura Complessa Tutela salute Bambini Adolescenti Donne Famiglie (SCTSBADoF) del Distretto sanitario di competenza,ASL (consultori familiari e altri servizi territoriali),settore sanitario,06_2406_rta_06_240924164454_4166---protocollo_tempo_sospeso.txt,1
Emilia-Romagna,,,Struttura Operativa Medicina Legale,ASL (consultori familiari e altri servizi territoriali),settore sanitario,08_2406_rta_08_241015091655_4166---Aggiornamentointegrazioneprotocollooperativoapprovatonelgiugno2008.txt,1
Liguria,,,"Struttura Semplice Dipartimentale Consultorio Familiare dell'ASL n. 4 ""Sistema Sanitario Regione Liguria",ASL (consultori familiari e altri servizi territoriali),settore sanitario,07_2406_rta_07_240916163905_4166---PROTOCOLLOFIRMATO(002).txt,1
Puglia,Lecce,Lecce,Struttura Sovradistrettuale della Riabilitazione ASL Lecce,ASL (consultori familiari e altri servizi territoriali),settore sanitario,16_2406_rta_16_250410144304_4166---ProtocolloOperativo-Procedureintegrateperlaprevenzioneeilcontrastoallaviolenzacontrodonneeminori-Copia_Marcato.txt,1
Lazio,,,TSMREE,ASL (consultori familiari e altri servizi territoriali),settore sanitario,12_2406_rta_12_241003114931_4166---ProtocollodiintesaDifferenzaDonnaeMunicipio13.txt,1
Toscana,,,U.O Pronto Soccorso Azienda USL 7 - Monoblocco Alta Val d'Elsa,ASL (consultori familiari e altri servizi territoriali),settore sanitario,09_ALTA VALDELSA Protocollo-violenza-valdelsa-2022_ALTA VALDELSA.txt,1
Marche,,,U.O. Cure Tutelari ASUR AV 5,ASL (consultori familiari e altri servizi territoriali),settore sanitario,11_2406_rta_11_240911113911_4166---AscoliPPROTOCOLLOoperativo_2019_2021.txt,1
Trento,,,"U.O.C. Infanzia, Adolescenza, Famiglia e Consultori - AULSS 9 Scaligera",ASL (consultori familiari e altri servizi territoriali),settore sanitario,05_2406_rta_05_240919124736_4166---Protocollo_per_contrasto_alla_violenza_di_genere.stamped.txt,1
Toscana,,,U.O.C. di Psicologia Azienda USL Toscana Sud Est,ASL (consultori familiari e altri servizi territoriali),settore sanitario,09_ALTA VALDELSA Protocollo-violenza-valdelsa-2022_ALTA VALDELSA.txt,1
Emilia-Romagna,,,U.O.NPIA,ASL (consultori familiari e altri servizi territoriali),settore sanitario,08_2406_rta_08_241015091748_4166---ProtocolloProvincialeCaserifugio2023.2025.txt,1
Puglia,,,U.O.S. Assistenza Consultoriale del Distretto n. 11 ASL Bari,ASL (consultori familiari e altri servizi territoriali),settore sanitario,16_2406_rta_16_250407161043_4166---protocollooperativoMoladiBari_reteAntiviolenza.txt | 16_bari_protocollo operativo Mola di Bari_rete Antiviolenza.txt,2
Puglia,,,U.O.S. Assistenza Consultoriale del Distretto n. 14 ASL Bari,ASL (consultori familiari e altri servizi territoriali),settore sanitario,16_2406_rta_16_250407164310_4166---protocollooperativoPutignano_EMI.txt | 16_bari_protocollo operativo Putignano_EMI.txt,2
Trento,,,U.O.S. Consultori Familiari,ASL (consultori familiari e altri servizi territoriali),settore sanitario,05_2406_rta_05_240919124736_4166---Protocollo_per_contrasto_alla_violenza_di_genere.stamped.txt,1
Trento,,,U.O.S. Eta Evolutiva,ASL (consultori familiari e altri servizi territoriali),settore sanitario,05_2406_rta_05_240919124736_4166---Protocollo_per_contrasto_alla_violenza_di_genere.stamped.txt,1
Lombardia,Bergamo,Bergamo,ULS.P. di Bergamo,ASL (consultori familiari e altri servizi territoriali),settore sanitario,03_2406_rta_03_240926114940_4166---ProtocollodiintesaeAllegatoTecnico_SOTTOSCRITTO.txt,1
Emilia-Romagna,,,UONPIA - Casa della Salute Terre e Fiumi,ASL (consultori familiari e altri servizi territoriali),settore sanitario,08_2406_rta_08_241015091430_4166---Protocollo_Distrettuale_Contrasto_violenza_Donne2023.stamped.txt,1
Trento,,,UOS Consultori Familiari Distretto 1,ASL (consultori familiari e altri servizi territoriali),settore sanitario,05_2406_rta_05_240919114041_4166---protocollounicorevisionato2024.txt,1
Trento,,,UOS Consultori Familiari Distretto 2,ASL (consultori familiari e altri servizi territoriali),settore sanitario,05_2406_rta_05_240919114041_4166---protocollounicorevisionato2024.txt,1
Trento,,,Ulss 9 Scaligera,ASL (consultori familiari e altri servizi territoriali),settore sanitario,05_2406_rta_05_240919124736_4166---Protocollo_per_contrasto_alla_violenza_di_genere.stamped.txt,1
Lazio,,,Unità Sanitarie Locali,ASL (consultori familiari e altri servizi territoriali),settore sanitario,12_2406_rta_12_241004144338_4166---06-ProtocolloComunediVALLECORSA.txt | 12_2406_rta_12_241007224201_4166---ProtocolloConilComunediARCE.txt | 12_2406_rta_12_241007225239_4166---10-ProtocolloconilComunediCOLFELICE.txt | 12_2406_rta_12_241007235530_4166---ProtocolloconilComunediPastena.txt,4
Calabria,,,consultori,ASL (consultori familiari e altri servizi territoriali),settore sanitario,18_2406_rta_18_240926102931_4166---PROT.2403-24.txt,1
Calabria,,,consultori familiari,ASL (consultori familiari e altri servizi territoriali),settore sanitario,18_2406_rta_18_240925130829_4166---PROTOCOLLODIINTESA_COMUNEDIMENDICINO.txt,1
Piemonte,,,consultori familiari,ASL (consultori familiari e altri servizi territoriali),settore sanitario,01_2406_rta_01_241002150739_4166---DeliberaCostituzioneOsservatorioSaluteDonne.txt,1
Valle d'Aosta/Vallée d'Aoste,,,servizi socio-sanitari territoriali,ASL (consultori familiari e altri servizi territoriali),settore sanitario,02_2406_rta_02_240904124958_4166---lrn4del25feb2013.txt,1
Puglia,,,118,"Ospedale (Pronto soccorso, ecc.)",settore sanitario,16_2406_rta_16_250409123532_4166---protocollooperativoTriggiano_reteantiviolenza.pdf.txt | 16_bar_protocollo operativo Triggiano_rete antiviolenza.pdf.txt,2
Toscana,,,118,"Ospedale (Pronto soccorso, ecc.)",settore sanitario,09_ALTA VALDELSA Protocollo-violenza-valdelsa-2022_ALTA VALDELSA.txt,1
Piemonte,,,A.O. Santa Croce e Carle,"Ospedale (Pronto soccorso, ecc.)",settore sanitario,01_2406_rta_01_240920112211_4166---367772-4-Protocollo_intesa_Completo.txt,1
Piemonte,Torino,Orbassano,"A.O.U. ""San Luigi Gonzaga"" di Orbassano","Ospedale (Pronto soccorso, ecc.)",settore sanitario,01_2406_rta_01_240909110828_4166---PROTOCOLLOHELP.txt,1
Abruzzo,Chieti,Chieti,ASL 02 di Chieti - Pronto Soccorso Generale,"Ospedale (Pronto soccorso, ecc.)",settore sanitario,13_2406_rta_13_241122101856_4166---Protocollodirete_AlphaGuardiagrele.txt,1
Lombardia,Brescia,Brescia,ASST SPEDALI CIVILI DI BRESCIA,"Ospedale (Pronto soccorso, ecc.)",settore sanitario,03_2406_rta_03_240923171949_4166---PROTOCOLLOD'INTESARETETERRITORIALEANTIVIOLENZAVALLETROMPIA2024.txt,1
Veneto,Padova,Padova,Azienda Ospedale-Università di Padova,"Ospedale (Pronto soccorso, ecc.)",settore sanitario,05_2406_rta_05_240918153458_4166---protocolloprovPadova.txt,1
Emilia-Romagna,Modena,Modena,Azienda Ospedaliero - Universitaria Policlinico di Modena,"Ospedale (Pronto soccorso, ecc.)",settore sanitario,08_2406_rta_08_241015091725_4166---Protoc-Prefett-2017.txt,1
Marche,,,Azienda Ospedaliero Universitaria delle Marche,"Ospedale (Pronto soccorso, ecc.)",settore sanitario,11_2406_rta_11_240911113105_4166---PROTOCOLLO_OPERATIVO2024_CONINDIRIZZARIO_FIRMATO.txt,1
Emilia-Romagna,Ferrara,Ferrara,Azienda Ospedaliero Universitaria di Ferrara,"Ospedale (Pronto soccorso, ecc.)",settore sanitario,08_2406_rta_08_241015091355_4166---PROTOCOLLO_CONTRO_VIOLENZA_firmato2023.txt,1
Sardegna,,,Azienda di rilievo nazionale ed alta specializzazione Brotzu,"Ospedale (Pronto soccorso, ecc.)",settore sanitario,20_2406_rta_20_250620094616_4166---Delibera52-22del23.12.2024-Allegato1.txt,1
Lombardia,,,Aziende Ospedaliere,"Ospedale (Pronto soccorso, ecc.)",settore sanitario,03_2406_rta_03_240923163715_4166---PROTOCOLLOD'INTESA2017_2020.txt,1
Lazio,,,Aziende ospedaliere,"Ospedale (Pronto soccorso, ecc.)",settore sanitario,12_2406_rta_12_241003104626_4166---PROTOCOLLODIINTESAMUNICIPIOXV.txt,1
Calabria,Catanzaro,Lamezia Terme,Centro Clinico di Lamezia Terme,"Ospedale (Pronto soccorso, ecc.)",settore sanitario,18_2406_rta_18_240926102528_4166---PROTOCOLLOAISM_PICCOLAOPERA_firma.txt,1
Calabria,Vibo Valentia,Vibo Valentia,Centro clinico di Vibo Valentia,"Ospedale (Pronto soccorso, ecc.)",settore sanitario,18_2406_rta_18_240926102528_4166---PROTOCOLLOAISM_PICCOLAOPERA_firma.txt,1
Piemonte,,,DEA Pronto Soccorso,"Ospedale (Pronto soccorso, ecc.)",settore sanitario,01_2406_rta_01_240904150044_4166---Protocollocav-irene2022-2025.txt,1
Piemonte,Vercelli,Vercelli,DEA del Presidio Ospedaliero di Vercelli,"Ospedale (Pronto soccorso, ecc.)",settore sanitario,01_2406_rta_01_241018142716_4166---protocolloreteVC.txt,1
Liguria,,,DMPO Direzione Medica del Presidio Ospedaliero,"Ospedale (Pronto soccorso, ecc.)",settore sanitario,07_2406_rta_07_240916163905_4166---PROTOCOLLOFIRMATO(002).txt,1
Puglia,,,Dipartimento Materno Infantile,"Ospedale (Pronto soccorso, ecc.)",settore sanitario,16_lecce_Protocollo Operativo - Procedure integrate per la prevenzione e il contrasto alla violenza contro donne e minori - Copia_Marcato.txt,1
Lazio,Rieti,Rieti,Dipartimento di Emergenza e Accettazione del DEA di Primo Livello del Presidio Ospedaliero S. Camillo De Lellis di Rieti,"Ospedale (Pronto soccorso, ecc.)",settore sanitario,12_2406_rta_12_241001130527_4166---protocollocontrolaviolenzadigenere.pdfpdf.txt,1
Abruzzo,Chieti,Vasto,Dipartimento di Salute Mentale - Osp. Civ. di Vasto ASL n.2,"Ospedale (Pronto soccorso, ecc.)",settore sanitario,13_2406_rta_13_241122105540_4166---protocollodirete_vastodonnattiva.txt,1
Lazio,,,Direzione Medica Ospedaliera,"Ospedale (Pronto soccorso, ecc.)",settore sanitario,12_2406_rta_12_241004133706_4166---ProtocollodiretePREFETTURAFrosinone(1).txt,1
Abruzzo,L'Aquila,Sulmona,Direzione Sanitaria del Presidio Ospedaliero di Sulmona,"Ospedale (Pronto soccorso, ecc.)",settore sanitario,13_2406_rta_13_241122111153_4166---PROTOCOLLOCASTELDISANGROEASL.txt,1
Abruzzo,Chieti,Vasto,Divisione Ostetricia e Ginecologia - Osp. Civ. di Vasto ASL n.2,"Ospedale (Pronto soccorso, ecc.)",settore sanitario,13_2406_rta_13_241122105540_4166---protocollodirete_vastodonnattiva.txt,1
Liguria,,,Ente Ospedaliero Ospedali Galliera,"Ospedale (Pronto soccorso, ecc.)",settore sanitario,07_2406_rta_07_240916163956_4166---DGR477_2022_Protocollo.txt,1
Lombardia,Milano,Milano,Fondazione IRCCS CA'GRANDA - Ospedale Maggiore Policlinico di Milano,"Ospedale (Pronto soccorso, ecc.)",settore sanitario,03_2406_rta_03_240923105244_4166---ProtocolloViolenzaMilanoFirme2023.txt,1
Lombardia,Pavia,Pavia,Fondazione IRCCS Policlinico San Matteo di Pavia,"Ospedale (Pronto soccorso, ecc.)",settore sanitario,03_2406_rta_03_240918151606_4166---A_RetePavia_Protocollo2021_e_Integrazioni2023_firmato_compressed.txt,1
Lombardia,Milano,Inzago,Fondazione Ospedale Marchesi di Inzago,"Ospedale (Pronto soccorso, ecc.)",settore sanitario,03_2406_rta_03_240923113114_4166---ProtocolloReteAddaMartesanasottoscritto.txt,1
Lombardia,,,Fondazione Poliambulanza,"Ospedale (Pronto soccorso, ecc.)",settore sanitario,03_2406_rta_03_240923101524_4166---PROTOCOLLO_DI_INTESA_versione_DEFINITIVA2021.stamped.txt,1
Puglia,,,Ginecologia ospedaliera,"Ospedale (Pronto soccorso, ecc.)",settore sanitario,16_lecce_Protocollo Operativo - Procedure integrate per la prevenzione e il contrasto alla violenza contro donne e minori - Copia_Marcato.txt,1
Lombardia,,,"Gruppo Ospedaliero San Donato: Istituti Clinici S. Anna, Città di Brescia e San Rocco","Ospedale (Pronto soccorso, ecc.)",settore sanitario,03_2406_rta_03_240923101524_4166---PROTOCOLLO_DI_INTESA_versione_DEFINITIVA2021.stamped.txt,1
Emilia-Romagna,,,Guardia Medica,"Ospedale (Pronto soccorso, ecc.)",settore sanitario,08_2406_rta_08_241015092024_4166---Protocollooperativo.txt,1
Calabria,Cosenza,Dipignano,Guardia Medica Dipignano,"Ospedale (Pronto soccorso, ecc.)",settore sanitario,18_2406_rta_18_240926102419_4166---protocollodiintesaterritorialeunito.txt,1
Calabria,Cosenza,Malito,Guardia Medica Malito,"Ospedale (Pronto soccorso, ecc.)",settore sanitario,18_2406_rta_18_240926102419_4166---protocollodiintesaterritorialeunito.txt,1
Calabria,Cosenza,Marzi,Guardia Medica Marzi,"Ospedale (Pronto soccorso, ecc.)",settore sanitario,18_2406_rta_18_240926102419_4166---protocollodiintesaterritorialeunito.txt,1
Calabria,Cosenza,Parenti,Guardia Medica Parenti,"Ospedale (Pronto soccorso, ecc.)",settore sanitario,18_2406_rta_18_240926102419_4166---protocollodiintesaterritorialeunito.txt,1
Calabria,Cosenza,Scigliano,Guardia Medica Scigliano,"Ospedale (Pronto soccorso, ecc.)",settore sanitario,18_2406_rta_18_240926102419_4166---protocollodiintesaterritorialeunito.txt,1
Veneto,,,"IRCCS ""Burlo Garofolo","Ospedale (Pronto soccorso, ecc.)",settore sanitario,06_2406_rta_06_240924164454_4166---protocollo_tempo_sospeso.txt,1
Puglia,Foggia,San Giovanni Rotondo,IRCCS Casa Sollievo della Sofferenza,"Ospedale (Pronto soccorso, ecc.)",settore sanitario,16_2406_rta_16_250410122122_4166---Protocollo_Viola.txt | 16_foggia_Protocollo_Viola.txt,2
Lombardia,Pavia,Pavia,IRCCS Fondazione Istituto Neurologico Nazionale C. Mondino,"Ospedale (Pronto soccorso, ecc.)",settore sanitario,03_2406_rta_03_240918151606_4166---A_RetePavia_Protocollo2021_e_Integrazioni2023_firmato_compressed.txt,1
Liguria,,,IRCCS Istituto Giannina Gaslini,"Ospedale (Pronto soccorso, ecc.)",settore sanitario,07_2406_rta_07_240916163956_4166---DGR477_2022_Protocollo.txt,1
Liguria,,,IRCCS Ospedale Policlinico San Martino,"Ospedale (Pronto soccorso, ecc.)",settore sanitario,07_2406_rta_07_240916163956_4166---DGR477_2022_Protocollo.txt,1
Lombardia,,,IRCCS Policlinico San Donato,"Ospedale (Pronto soccorso, ecc.)",settore sanitario,03_2406_rta_03_240920093134_4166---Protocollo_Intesa_Rete_Antiviolenza_SudEstMilano_Paullese_2021-2023.txt,1
Lombardia,Monza e della Brianza,Monza,IRCCS SAN GERARDO DEI TINTORI MONZA,"Ospedale (Pronto soccorso, ecc.)",settore sanitario,03_2406_rta_03_240926122051_4166---Protocollomonz.txt,1
Lombardia,Monza e della Brianza,Monza,ISTITUTI CLINICI ZUCCHI MONZA,"Ospedale (Pronto soccorso, ecc.)",settore sanitario,03_2406_rta_03_240926122051_4166---Protocollomonz.txt,1
Lombardia,Pavia,Pavia,Istituti Clinici Scientifici Maugeri Spa - Società Benefit - IRCCS,"Ospedale (Pronto soccorso, ecc.)",settore sanitario,03_2406_rta_03_240918151606_4166---A_RetePavia_Protocollo2021_e_Integrazioni2023_firmato_compressed.txt,1
Lombardia,,,Istituti Ospedalieri Bergamaschi - Policlinico San Pietro - Gruppo San Donato,"Ospedale (Pronto soccorso, ecc.)",settore sanitario,03_2406_rta_03_240924144947_4166---Protocollod'IntesaReteAntiviolenzaIsolaBergamascaeBassaValSanMartino2024.txt,1
Lombardia,,,Istituto Clinico Humanitas,"Ospedale (Pronto soccorso, ecc.)",settore sanitario,03_2406_rta_03_240926122707_4166---ProtocolloReteAntiviolenzaconfirme.txt,1
Lazio,,,Neonatologia Pediatria,"Ospedale (Pronto soccorso, ecc.)",settore sanitario,12_2406_rta_12_241004144338_4166---06-ProtocolloComunediVALLECORSA.txt | 12_2406_rta_12_241007224201_4166---ProtocolloConilComunediARCE.txt | 12_2406_rta_12_241007235530_4166---ProtocolloconilComunediPastena.txt,3
Piemonte,Torino,Cirie,Ospedale,"Ospedale (Pronto soccorso, ecc.)",settore sanitario,01_2406_rta_01_240909103717_4166---PROTOCOLLORETEANTIVIOLENZASVOLTADONNA.txt,1
Toscana,,,Ospedale (Pronto Soccorso,"Ospedale (Pronto soccorso, ecc.)",settore sanitario,09_APUANE_2015 Protocollo Prefettura.txt,1
Puglia,,,"Ospedale (Pronto soccorso, Consultori Familiari, OSM - NIAT, Servizio sovradistrettuale per le dipendenze patologiche, pediatri di base, medici di famiglia, servizi di guardia medica","Ospedale (Pronto soccorso, ecc.)",settore sanitario,16_2406_rta_16_250409174252_4166---Protocollo_Intesa_LARA.txt,1
Lombardia,Milano,Sesto San Giovanni,Ospedale Città di Sesto San Giovanni,"Ospedale (Pronto soccorso, ecc.)",settore sanitario,03_2406_rta_03_240923103647_4166---protocolloreteantiviolenzacinisello2019(1).txt,1
Piemonte,Torino,Pinerolo,Ospedale Civile di Pinerolo (TO,"Ospedale (Pronto soccorso, ecc.)",settore sanitario,01_2406_rta_01_240904162242_4166---CONVENZIONETRAASLTO3ESVOLTADONNA.txt,1
Lombardia,,,Ospedale Edoardo Bassini,"Ospedale (Pronto soccorso, ecc.)",settore sanitario,03_2406_rta_03_240923103647_4166---protocolloreteantiviolenzacinisello2019(1).txt,1
Liguria,,,Ospedale Evangelico Internazionale,"Ospedale (Pronto soccorso, ecc.)",settore sanitario,07_2406_rta_07_240916163956_4166---DGR477_2022_Protocollo.txt,1
Lombardia,Como,Erba,Ospedale Fatebenefratelli di Erba,"Ospedale (Pronto soccorso, ecc.)",settore sanitario,03_2406_rta_03_240925144919_4166---RETEDICOMO-PROTOCOLLOINTERIST.17novembre2023(1).txt,1
Lombardia,,Gravedona,"Ospedale Generale di Zona ""Moriggia-Pelascini""- Italia Hospital S.p.A di Gravedona","Ospedale (Pronto soccorso, ecc.)",settore sanitario,03_2406_rta_03_240925144919_4166---RETEDICOMO-PROTOCOLLOINTERIST.17novembre2023(1).txt,1
Lazio,Roma,Colleferro,Ospedale Leopoldo Parodi Delfino di Colleferro,"Ospedale (Pronto soccorso, ecc.)",settore sanitario,12_2406_rta_12_241003120714_4166---ASLROMA5_.txt,1
Lazio,,,Ospedale Madre Giuseppina Vannini,"Ospedale (Pronto soccorso, ecc.)",settore sanitario,12_2406_rta_12_240927093424_4166---ProtVMunMerlin.txt | 12_2406_rta_12_241003111748_4166---ACCORDOMUNICIPIOROMAVeDIPPARIOPPROMACAPITALE_DD.txt,2
Lazio,Roma,Bracciano,Ospedale Padre Pio di Bracciano,"Ospedale (Pronto soccorso, ecc.)",settore sanitario,12_2406_rta_12_241003112656_4166---AccordodicollaborazioneconsultorieDifferenzaDonna.txt | 12_2406_rta_12_241003113235_4166---Accordodifferenzadonna-29.09.2023-signed.txt,2
Lazio,Roma,Tivoli,Ospedale San Giovanni Evangelista di Tivoli,"Ospedale (Pronto soccorso, ecc.)",settore sanitario,12_2406_rta_12_241003120714_4166---ASLROMA5_.txt,1
Lazio,Roma,Civitavecchia,Ospedale San Paolo di Civitavecchia,"Ospedale (Pronto soccorso, ecc.)",settore sanitario,12_2406_rta_12_241003112656_4166---AccordodicollaborazioneconsultorieDifferenzaDonna.txt | 12_2406_rta_12_241003113235_4166---Accordodifferenzadonna-29.09.2023-signed.txt,2
Lombardia,,,Ospedale San Pellegrino S.R.L,"Ospedale (Pronto soccorso, ecc.)",settore sanitario,03_2406_rta_03_240918153156_4166---Protocollo_d'Intesa_Rete_Mantova.prot.txt,1
Lazio,,,Ospedale Sandro Pertini,"Ospedale (Pronto soccorso, ecc.)",settore sanitario,12_2406_rta_12_240927093424_4166---ProtVMunMerlin.txt | 12_2406_rta_12_241003111748_4166---ACCORDOMUNICIPIOROMAVeDIPPARIOPPROMACAPITALE_DD.txt,2
Lombardia,Como,Como,Ospedale Valduce di Como,"Ospedale (Pronto soccorso, ecc.)",settore sanitario,03_2406_rta_03_240925144919_4166---RETEDICOMO-PROTOCOLLOINTERIST.17novembre2023(1).txt,1
Piemonte,Torino,Rivoli,Ospedale degli Infermi di Rivoli (TO,"Ospedale (Pronto soccorso, ecc.)",settore sanitario,01_2406_rta_01_240904162242_4166---CONVENZIONETRAASLTO3ESVOLTADONNA.txt,1
Veneto,Venezia,Chioggia,Ospedale di Chioggia,"Ospedale (Pronto soccorso, ecc.)",settore sanitario,05_2406_rta_05_240916131522_4166---protocolloaggiornamento2023.txt,1
Veneto,Venezia,Dolo,Ospedale di Dolo,"Ospedale (Pronto soccorso, ecc.)",settore sanitario,05_2406_rta_05_240916131522_4166---protocolloaggiornamento2023.txt,1
Veneto,Venezia,Venezia,Ospedale di Mestre,"Ospedale (Pronto soccorso, ecc.)",settore sanitario,05_2406_rta_05_240916131522_4166---protocolloaggiornamento2023.txt,1
Veneto,Venezia,Mirano,Ospedale di Mirano,"Ospedale (Pronto soccorso, ecc.)",settore sanitario,05_2406_rta_05_240916131522_4166---protocolloaggiornamento2023.txt,1
Veneto,Treviso,Oderzo,Ospedale di Oderzo,"Ospedale (Pronto soccorso, ecc.)",settore sanitario,05_2406_rta_05_240918144304_4166---Protocollo_ULSS2-DistrettoTreviso.txt,1
Piemonte,Biella,Ponderano,Ospedale di Ponderano,"Ospedale (Pronto soccorso, ecc.)",settore sanitario,01_2406_rta_01_240904122512_4166---accordoSFD.txt,1
Piemonte,,,Ospedale di Ponderano (ASL BI,"Ospedale (Pronto soccorso, ecc.)",settore sanitario,01_2406_rta_01_240904121349_4166---convenzione.txt,1
Piemonte,Torino,Susa,Ospedale di Susa (TO,"Ospedale (Pronto soccorso, ecc.)",settore sanitario,01_2406_rta_01_240904162242_4166---CONVENZIONETRAASLTO3ESVOLTADONNA.txt,1
Lombardia,,,Ospedale di Suzzara S.p.A,"Ospedale (Pronto soccorso, ecc.)",settore sanitario,03_2406_rta_03_240918153156_4166---Protocollo_d'Intesa_Rete_Mantova.prot.txt,1
Veneto,Treviso,Treviso,Ospedale di Treviso,"Ospedale (Pronto soccorso, ecc.)",settore sanitario,05_2406_rta_05_240918144304_4166---Protocollo_ULSS2-DistrettoTreviso.txt,1
Veneto,Venezia,Venezia,Ospedale di Venezia,"Ospedale (Pronto soccorso, ecc.)",settore sanitario,05_2406_rta_05_240916131522_4166---protocolloaggiornamento2023.txt,1
Emilia-Romagna,,,Ospedali,"Ospedale (Pronto soccorso, ecc.)",settore sanitario,08_2406_rta_08_241015091725_4166---Protoc-Prefett-2017.txt,1
Piemonte,Cuneo,Mondovi,Ospedali,"Ospedale (Pronto soccorso, ecc.)",settore sanitario,01_2406_rta_01_241003113501_4166---CCVD1deliberaprotocolloccvd-2024eall1prot.txt,1
Trento,,,Ospedali di Castelfranco Veneto e Montebelluna,"Ospedale (Pronto soccorso, ecc.)",settore sanitario,05_2406_rta_05_240917141534_4166---protocollodiretefirmato.txt,1
Lombardia,,,Ospedali di Vallecamonica (Esine e Edolo,"Ospedale (Pronto soccorso, ecc.)",settore sanitario,03_2406_rta_03_240926123135_4166---ProtocollodiRete.txt,1
Lombardia,Monza e della Brianza,Monza,POLICLINICO MONZA,"Ospedale (Pronto soccorso, ecc.)",settore sanitario,03_2406_rta_03_240926122051_4166---Protocollomonz.txt,1
Abruzzo,,,PRonto SOKCORSO G. BERNABEO,"Ospedale (Pronto soccorso, ecc.)",settore sanitario,13_2406_rta_13_241122103901_4166---Protocollirete_ortonaelancianoCAVdonn.ÿ.txt,1
Trento,,,Pediatria Azienda ULSS 5 Polesana,"Ospedale (Pronto soccorso, ecc.)",settore sanitario,05_2406_rta_05_240916173648_4166---ULSS5Polesana_Protocollodirete.txt,1
Lazio,,,Policlinico Casilino,"Ospedale (Pronto soccorso, ecc.)",settore sanitario,12_2406_rta_12_240927093424_4166---ProtVMunMerlin.txt | 12_2406_rta_12_241003111748_4166---ACCORDOMUNICIPIOROMAVeDIPPARIOPPROMACAPITALE_DD.txt,2
Piemonte,,,Presidi Ospedalieri,"Ospedale (Pronto soccorso, ecc.)",settore sanitario,01_2406_rta_01_241003124847_4166---2024-8928-2perinvio.txt,1
Lazio,,,Presidi Ospedalieri prossimi al Municipio XIII,"Ospedale (Pronto soccorso, ecc.)",settore sanitario,12_2406_rta_12_241003114931_4166---ProtocollodiintesaDifferenzaDonnaeMunicipio13.txt,1
Puglia,Lecce,Casarano,Presidio Ospedaliero Francesco Ferrari Casarano,"Ospedale (Pronto soccorso, ecc.)",settore sanitario,16_2406_rta_16_250410144304_4166---ProtocolloOperativo-Procedureintegrateperlaprevenzioneeilcontrastoallaviolenzacontrodonneeminori-Copia_Marcato.txt,1
Puglia,Lecce,Gallipoli,Presidio Ospedaliero Sacro Cuore di Gesu Gallipoli,"Ospedale (Pronto soccorso, ecc.)",settore sanitario,16_2406_rta_16_250410144304_4166---ProtocolloOperativo-Procedureintegrateperlaprevenzioneeilcontrastoallaviolenzacontrodonneeminori-Copia_Marcato.txt,1
Puglia,Lecce,Copertino,Presidio Ospedaliero San Giuseppe da Copertino,"Ospedale (Pronto soccorso, ecc.)",settore sanitario,16_2406_rta_16_250410144304_4166---ProtocolloOperativo-Procedureintegrateperlaprevenzioneeilcontrastoallaviolenzacontrodonneeminori-Copia_Marcato.txt,1
Puglia,Lecce,Galatina,Presidio Ospedaliero Santa Caterina Novella Galatina,"Ospedale (Pronto soccorso, ecc.)",settore sanitario,16_2406_rta_16_250410144304_4166---ProtocolloOperativo-Procedureintegrateperlaprevenzioneeilcontrastoallaviolenzacontrodonneeminori-Copia_Marcato.txt,1
Veneto,,,"Presidio Ospedaliero Universitario ""Santa Maria della Misericordia","Ospedale (Pronto soccorso, ecc.)",settore sanitario,06_2406_rta_06_240916164122_4166---prot_n_0119980_2024_Accordo(firmato).txt,1
Puglia,Lecce,Lecce,Presidio Ospedaliero V.Fazzi Lecce,"Ospedale (Pronto soccorso, ecc.)",settore sanitario,16_2406_rta_16_250410144304_4166---ProtocolloOperativo-Procedureintegrateperlaprevenzioneeilcontrastoallaviolenzacontrodonneeminori-Copia_Marcato.txt,1
Puglia,Lecce,Scorrano,Presidio Ospedaliero Veris Delli Ponti Scorrano,"Ospedale (Pronto soccorso, ecc.)",settore sanitario,16_2406_rta_16_250410144304_4166---ProtocolloOperativo-Procedureintegrateperlaprevenzioneeilcontrastoallaviolenzacontrodonneeminori-Copia_Marcato.txt,1
Piemonte,Biella,Biella,Presidio Ospedaliero di Biella,"Ospedale (Pronto soccorso, ecc.)",settore sanitario,01_2406_rta_01_240904120005_4166---protocollo.txt,1
Piemonte,Cuneo,Ceva,Presidio Ospedaliero di Ceva,"Ospedale (Pronto soccorso, ecc.)",settore sanitario,01_2406_rta_01_241018142804_4166---ConvenzioneASL-Prontosoccorsoceva.txt,1
Piemonte,Vercelli,Vercelli,Presidio Ospedaliero di Vercelli,"Ospedale (Pronto soccorso, ecc.)",settore sanitario,01_2406_rta_01_240920123646_4166---vercellieos.txt,1
Piemonte,Torino,Avigliana,Presidio territoriale di Avigliana (TO,"Ospedale (Pronto soccorso, ecc.)",settore sanitario,01_2406_rta_01_240904162242_4166---CONVENZIONETRAASLTO3ESVOLTADONNA.txt,1
Emilia-Romagna,,,Pronto Intervento 118,"Ospedale (Pronto soccorso, ecc.)",settore sanitario,08_2406_rta_08_241015092024_4166---Protocollooperativo.txt,1
Lazio,,,Pronto Soccorsi,"Ospedale (Pronto soccorso, ecc.)",settore sanitario,12_2406_rta_12_241004145108_4166---07-ProtocolloCONilComunediVILLASANTOSTEFANO.txt | 12_2406_rta_12_241004145702_4166---08-ProtocolloComunediFalvaterra.txt,2
Abruzzo,Chieti,Vasto,Pronto Soccorso - Osp. Civ. di Vasto ASL n.2,"Ospedale (Pronto soccorso, ecc.)",settore sanitario,13_2406_rta_13_241122105540_4166---protocollodirete_vastodonnattiva.txt,1
Trento,,,Pronto Soccorso Azienda ULSS 5 Polesana,"Ospedale (Pronto soccorso, ecc.)",settore sanitario,05_2406_rta_05_240916173648_4166---ULSS5Polesana_Protocollodirete.txt,1
Abruzzo,,,Pronto Soccorso G. Bernabeo,"Ospedale (Pronto soccorso, ecc.)",settore sanitario,13_2406_rta_13_241122104158_4166---Protocollirete_ortonaelancianoCAVdonn.ÿ.txt | 13_2406_rta_13_241122104428_4166---Protocollorete_ortonaCAVconsultoriodiocesano.txt,2
Emilia-Romagna,Ferrara,Ferrara,Pronto Soccorso Generale e Ostetrico-Ginecologico Ferrara,"Ospedale (Pronto soccorso, ecc.)",settore sanitario,08_2406_rta_08_241015091355_4166---PROTOCOLLO_CONTRO_VIOLENZA_firmato2023.txt,1
Abruzzo,Chieti,Vasto,Pronto Soccorso Osp. Civ. Vasto,"Ospedale (Pronto soccorso, ecc.)",settore sanitario,13_2406_rta_13_241122105540_4166---protocollodirete_vastodonnattiva.txt,1
Trento,,,Pronto Soccorso Ospedale Mater Salutis,"Ospedale (Pronto soccorso, ecc.)",settore sanitario,05_2406_rta_05_240919124736_4166---Protocollo_per_contrasto_alla_violenza_di_genere.stamped.txt,1
Trento,,,Pronto Soccorso Ospedaliero,"Ospedale (Pronto soccorso, ecc.)",settore sanitario,05_2406_rta_05_240918144304_4166---Protocollo_ULSS2-DistrettoTreviso.txt,1
Puglia,Lecce,Lecce,"Pronto Soccorso Ospedaliero ""V.Fazzi"" di Lecce","Ospedale (Pronto soccorso, ecc.)",settore sanitario,16_lecce_Protocollo Operativo - Procedure integrate per la prevenzione e il contrasto alla violenza contro donne e minori - Copia_Marcato.txt,1
Puglia,Lecce,Gallipoli,Pronto Soccorso Ospedaliero di Gallipoli,"Ospedale (Pronto soccorso, ecc.)",settore sanitario,16_lecce_Protocollo Operativo - Procedure integrate per la prevenzione e il contrasto alla violenza contro donne e minori - Copia_Marcato.txt,1
Piemonte,Cuneo,Ceva,Pronto Soccorso Presidio Ospedaliero di Ceva,"Ospedale (Pronto soccorso, ecc.)",settore sanitario,01_2406_rta_01_241018142804_4166---ConvenzioneASL-Prontosoccorsoceva.txt,1
Lazio,Rieti,Rieti,Pronto Soccorso del Presidio Ospedaliero S. Camillo De Lellis di Rieti,"Ospedale (Pronto soccorso, ecc.)",settore sanitario,12_2406_rta_12_241001130527_4166---protocollocontrolaviolenzadigenere.pdfpdf.txt,1
Piemonte,Vercelli,Borgosesia,Pronto Soccorso del Presidio Ospedaliero di Borgosesia,"Ospedale (Pronto soccorso, ecc.)",settore sanitario,01_2406_rta_01_240920123646_4166---vercellieos.txt | 01_2406_rta_01_241018142716_4166---protocolloreteVC.txt,2
Piemonte,Cuneo,Ceva,Pronto Soccorso del Presidio Ospedaliero di Ceva,"Ospedale (Pronto soccorso, ecc.)",settore sanitario,01_2406_rta_01_241018134519_4166---Protocollooperativointeristituzionaleviolenzadigenere2023-2026def.txt,1
Abruzzo,L'Aquila,Sulmona,Pronto Soccorso del Presidio Ospedaliero di Sulmona,"Ospedale (Pronto soccorso, ecc.)",settore sanitario,13_2406_rta_13_241122111153_4166---PROTOCOLLOCASTELDISANGROEASL.txt,1
Liguria,Genova,Lavagna,Pronto Soccorso del presidio ospedaliero di Lavagna,"Ospedale (Pronto soccorso, ecc.)",settore sanitario,07_2406_rta_07_240916163905_4166---PROTOCOLLOFIRMATO(002).txt,1
Lombardia,,,Pronto Soccorso di ASST,"Ospedale (Pronto soccorso, ecc.)",settore sanitario,03_2406_rta_03_240918153156_4166---Protocollo_d'Intesa_Rete_Mantova.prot.txt,1
Marche,,,Pronto Soccorso di Ascoli Piceno e San Benedetto del Tr,"Ospedale (Pronto soccorso, ecc.)",settore sanitario,11_2406_rta_11_240911113911_4166---AscoliPPROTOCOLLOoperativo_2019_2021.txt,1
Lazio,,,Pronto Soccorso di ogni presidio ospedaliero,"Ospedale (Pronto soccorso, ecc.)",settore sanitario,12_2406_rta_12_241004133706_4166---ProtocollodiretePREFETTURAFrosinone(1).txt,1
Trento,,,"Pronto Soccorso e presidi di emergenza dell' AULSS 8 ""Berica"" dell' Ospedale di Vicenza, Arzignano, Noventa e Valdagno","Ospedale (Pronto soccorso, ecc.)",settore sanitario,05_2406_rta_05_240919122126_4166---PROTOCOLLOULSS8BERICA.txt,1
Lazio,,,Reparti Ginecologia,"Ospedale (Pronto soccorso, ecc.)",settore sanitario,12_2406_rta_12_241004144338_4166---06-ProtocolloComunediVALLECORSA.txt | 12_2406_rta_12_241007224201_4166---ProtocolloConilComunediARCE.txt | 12_2406_rta_12_241007225239_4166---10-ProtocolloconilComunediCOLFELICE.txt | 12_2406_rta_12_241007235530_4166---ProtocolloconilComunediPastena.txt,4
Lazio,,,Reparti Neonatologia Pediatria,"Ospedale (Pronto soccorso, ecc.)",settore sanitario,12_2406_rta_12_241007225239_4166---10-ProtocolloconilComunediCOLFELICE.txt,1
Trento,,,Reparti Ostetricia e Ginecologia Azienda ULSS 5 Polesana,"Ospedale (Pronto soccorso, ecc.)",settore sanitario,05_2406_rta_05_240916173648_4166---ULSS5Polesana_Protocollodirete.txt,1
Puglia,,,Reparti di Ginecologia e Pediatria,"Ospedale (Pronto soccorso, ecc.)",settore sanitario,16_2406_rta_16_250409123532_4166---protocollooperativoTriggiano_reteantiviolenza.pdf.txt | 16_bar_protocollo operativo Triggiano_rete antiviolenza.pdf.txt,2
Emilia-Romagna,,,Reparto Ostetricia,"Ospedale (Pronto soccorso, ecc.)",settore sanitario,08_2406_rta_08_241015092024_4166---Protocollooperativo.txt,1
Veneto,,,"SOC Medicina d'Urgenza e Pronto Soccorso del Presidio Ospedaliero Universitario ""Santa Maria della Misericordia","Ospedale (Pronto soccorso, ecc.)",settore sanitario,06_2406_rta_06_240916164122_4166---prot_n_0119980_2024_Accordo(firmato).txt,1
Emilia-Romagna,,,Sanitari ospedalieri e del Distretto,"Ospedale (Pronto soccorso, ecc.)",settore sanitario,08_2406_rta_08_241015092024_4166---Protocollooperativo.txt,1
Piemonte,,,Servizi di Emergenza e Urgenza,"Ospedale (Pronto soccorso, ecc.)",settore sanitario,01_2406_rta_01_240904162242_4166---CONVENZIONETRAASLTO3ESVOLTADONNA.txt,1
Puglia,,,Servizio 118,"Ospedale (Pronto soccorso, ecc.)",settore sanitario,16_lecce_Protocollo Operativo - Procedure integrate per la prevenzione e il contrasto alla violenza contro donne e minori - Copia_Marcato.txt,1
Emilia-Romagna,Ferrara,Ferrara,Servizio 118 di Ferrara,"Ospedale (Pronto soccorso, ecc.)",settore sanitario,08_2406_rta_08_241015091430_4166---Protocollo_Distrettuale_Contrasto_violenza_Donne2023.stamped.txt,1
Puglia,,,Servizio di Consulenza Ambulatoriale Pediatrica,"Ospedale (Pronto soccorso, ecc.)",settore sanitario,16_lecce_Protocollo Operativo - Procedure integrate per la prevenzione e il contrasto alla violenza contro donne e minori - Copia_Marcato.txt,1
Puglia,,,Servizio psicologico ospedaliero,"Ospedale (Pronto soccorso, ecc.)",settore sanitario,16_lecce_Protocollo Operativo - Procedure integrate per la prevenzione e il contrasto alla violenza contro donne e minori - Copia_Marcato.txt,1
Lombardia,,,Soccorso Violenza Sessuale e Domestica della Clinica Mangiagalli,"Ospedale (Pronto soccorso, ecc.)",settore sanitario,03_2406_rta_03_240920120751_4166---protocollodiintesa.txt,1
Puglia,,,Strutture ospedaliere,"Ospedale (Pronto soccorso, ecc.)",settore sanitario,16_ex_Convenzione Mola di Bari.txt,1
Liguria,,,U.O. di Ostetricia e Ginecologia,"Ospedale (Pronto soccorso, ecc.)",settore sanitario,07_2406_rta_07_240916163905_4166---PROTOCOLLOFIRMATO(002).txt,1
Piemonte,,,aziende ospedaliere,"Ospedale (Pronto soccorso, ecc.)",settore sanitario,01_2406_rta_01_241002150739_4166---DeliberaCostituzioneOsservatorioSaluteDonne.txt,1
Calabria,,,ospedali,"Ospedale (Pronto soccorso, ecc.)",settore sanitario,18_2406_rta_18_240926102931_4166---PROT.2403-24.txt,1
Lazio,,,presidi ospedalieri,"Ospedale (Pronto soccorso, ecc.)",settore sanitario,12_2406_rta_12_241004114912_4166---ProtocolloRetePrantiviolenzaFrosinone.txt,1
Lombardia,,,presidi ospedalieri,"Ospedale (Pronto soccorso, ecc.)",settore sanitario,03_2406_rta_03_240923163715_4166---PROTOCOLLOD'INTESA2017_2020.txt,1
Lombardia,,,AFOL Metropolitana,Servizi per l'impiego,Territorio,03_2406_rta_03_240923113114_4166---ProtocolloReteAddaMartesanasottoscritto.txt,1
Lombardia,,,AFOL Metropolitana Agenzia Formazione Orientamento Lavoro Città metropolitana - sede territoriale Cinisello Balsamo e Cologno Monzese,Servizi per l'impiego,Territorio,03_2406_rta_03_240923103647_4166---protocolloreteantiviolenzacinisello2019(1).txt,1
Lombardia,Milano,Milano,"AFOL Metropolitana, Agenzia Metropolitana per la formazione, l'orientamento e il lavoro",Servizi per l'impiego,Territorio,03_2406_rta_03_240926144324_4166---Protocollodiintesa.txt,1
Lombardia,,,"AGENZIA PER LA FORMAZIONE, L'ORIENTAMENTO E IL LAVORO (AFOL) DI MONZA E DELLA BRIANZA",Servizi per l'impiego,Territorio,03_2406_rta_03_240926122051_4166---Protocollomonz.txt,1
Toscana,,,ARTI Servizi per il Lavoro di GR-LI,Servizi per l'impiego,Territorio,09_LIVORNO Protocollo_ RETE ANTIVIOLENZA_ LIVORNO.txt,1
Lombardia,,,Agenzia per il lavoro Immaginazione e lavoro,Servizi per l'impiego,Territorio,03_2406_rta_03_240923102947_4166---ProtSOTTOSCRITTO_ReteAntiviolenzaPiuIntegrazioneAprile2024(1).txt,1
Lombardia,Cremona,Casalmaggiore,CPI di Casalmaggiore,Servizi per l'impiego,Territorio,03_2406_rta_03_240918153252_4166---Protocollo+Appendice+LineeGuida_Datatodafirmare.txt,1
Lombardia,Cremona,Crema,CPI di Crema,Servizi per l'impiego,Territorio,03_2406_rta_03_240918153252_4166---Protocollo+Appendice+LineeGuida_Datatodafirmare.txt,1
Lombardia,Cremona,Cremona,CPI di Cremona,Servizi per l'impiego,Territorio,03_2406_rta_03_240918153252_4166---Protocollo+Appendice+LineeGuida_Datatodafirmare.txt,1
Lombardia,Cremona,Soresina,CPI di Soresina,Servizi per l'impiego,Territorio,03_2406_rta_03_240918153252_4166---Protocollo+Appendice+LineeGuida_Datatodafirmare.txt,1
Lazio,Roma,Roma,CREDICI s.r.l,Servizi per l'impiego,Territorio,12_2406_rta_12_241003112247_4166---Accordodicollaborazione_CREDICI.txt,1
Lombardia,,,Centri per l'Impiego,Servizi per l'impiego,Territorio,03_2406_rta_03_240918153240_4166---Protocollod'intesaperl'IstituzionediunSistemaTerritorialeAntiviolenzainReteconAddendumSindacati.txt,1
Lombardia,Pavia,Pavia,Centri per l'Impiego della Provincia di Pavia,Servizi per l'impiego,Territorio,03_2406_rta_03_240918151606_4166---A_RetePavia_Protocollo2021_e_Integrazioni2023_firmato_compressed.txt,1
Emilia-Romagna,,,Centri per l'impiego,Servizi per l'impiego,Territorio,08_2406_rta_08_241015091500_4166---Protocollo_autonomia_lavorativa_def.txt,1
Lazio,,,Centro di formazione e per l'impiego,Servizi per l'impiego,Territorio,12_2406_rta_12_241004141331_4166---ConvenzioneconilComunediCECCANO.txt,1
Abruzzo,Chieti,Lanciano,Centro per I'Ilmpiego di Lanciano,Servizi per l'impiego,Territorio,13_2406_rta_13_241122104842_4166---Protocollodirete_DAFNE.txt,1
Lazio,,,Centro per l'Impiego,Servizi per l'impiego,Territorio,12_2406_rta_12_240926133706_4166---STAR.txt | 12_2406_rta_12_241008102339_4166---15-ConvenzionePreepost-Laureauniversitàdell'AQUILA.txt,2
Lombardia,Pavia,Pavia,Centro per l'Impiego Pavia,Servizi per l'impiego,Territorio,03_2406_rta_03_240918151606_4166---A_RetePavia_Protocollo2021_e_Integrazioni2023_firmato_compressed.txt,1
Lombardia,,,Centro per l'Impiego della Provincia,Servizi per l'impiego,Territorio,03_2406_rta_03_240918153240_4166---Protocollod'intesaperl'IstituzionediunSistemaTerritorialeAntiviolenzainReteconAddendumSindacati.txt,2
Abruzzo,Chieti,Lanciano,Centro per l'Impiego di Lanciano,Servizi per l'impiego,Territorio,13_2406_rta_13_241122103901_4166---Protocollirete_ortonaelancianoCAVdonn.ÿ.txt | 13_2406_rta_13_241122104158_4166---Protocollirete_ortonaelancianoCAVdonn.ÿ.txt,2
Toscana,Livorno,Livorno,Centro per l'Impiego di Livorno,Servizi per l'impiego,Territorio,09_LIVORNO Protocollo_ RETE ANTIVIOLENZA_ LIVORNO.txt,1
Emilia-Romagna,,,Centro per l'impiego,Servizi per l'impiego,Territorio,08_2406_rta_08_241015091655_4166---Aggiornamentointegrazioneprotocollooperativoapprovatonelgiugno2008.txt,1
Puglia,,,Servizio provinciale per le politiche attive del lavoro,Servizi per l'impiego,Territorio,16_2406_rta_16_250409174252_4166---Protocollo_Intesa_LARA.txt,1
Emilia-Romagna,,,Sportello Lavoro,Servizi per l'impiego,Territorio,08_2406_rta_08_241015091553_4166---Protocollosullaviolenzadigenere_confirme_prot.txt,1
Piemonte,,,Sportello Lavoro comunale,Servizi per l'impiego,Territorio,01_2406_rta_01_240904150044_4166---Protocollocav-irene2022-2025.txt,1
Emilia-Romagna,,,Sportello comunale per il lavoro,Servizi per l'impiego,Territorio,08_2406_rta_08_241015091500_4166---Protocollo_autonomia_lavorativa_def.txt,1
Lazio,,,centri per l'impiego,Servizi per l'impiego,Territorio,12_2406_rta_12_240926134140_4166---Protocollointesa.txt | 12_2406_rta_12_241004114912_4166---ProtocolloRetePrantiviolenzaFrosinone.txt | 12_2406_rta_12_241004130514_4166---PROTOCOLLODIINTESAPERLAPROMOZIONEDISTRATEGIECONDIVISESULFENOMENODELLAVIOLENZADIGENERE(1).txt | 12_2406_rta_12_241004133706_4166---ProtocollodiretePREFETTURAFrosinone(1).txt | 12_2406_rta_12_241008145357_4166---Protocollointeristituzionale2023.txt,5
Veneto,,,sistema dei servizi pubblici regionali per l'impiego,Servizi per l'impiego,Territorio,06_2406_rta_06_240916164122_4166---prot_n_0119980_2024_Accordo(firmato).txt,1
