file,attore_1,attore_2
09_ALTA VALDELSA Protocollo-violenza-valdelsa-2022_ALTA VALDELSA.txt,118,Associazione Atelier Vantaggio Donna
09_ALTA VALDELSA Protocollo-violenza-valdelsa-2022_ALTA VALDELSA.txt,118,Associazione Donne Insieme Valdelsa
09_ALTA VALDELSA Protocollo-violenza-valdelsa-2022_ALTA VALDELSA.txt,118,Azienda USL Toscana Sud Est
09_ALTA VALDELSA Protocollo-violenza-valdelsa-2022_ALTA VALDELSA.txt,118,CAM Firenze
09_ALTA VALDELSA Protocollo-violenza-valdelsa-2022_ALTA VALDELSA.txt,118,CPO dell'Ordine degli Avvocati di Siena
09_ALTA VALDELSA Protocollo-violenza-valdelsa-2022_ALTA VALDELSA.txt,118,Casa Rifugio D.I.V.E
09_ALTA VALDELSA Protocollo-violenza-valdelsa-2022_ALTA VALDELSA.txt,118,Centro Pari Opportunità Valdelsa
09_ALTA VALDELSA Protocollo-violenza-valdelsa-2022_ALTA VALDELSA.txt,118,Comando Provinciale dei Carabinieri
09_ALTA VALDELSA Protocollo-violenza-valdelsa-2022_ALTA VALDELSA.txt,118,Comitato Pari Opportunita dell'Ordine dei Dottori Commercialisti e degli Esperti Contabili di Siena
09_ALTA VALDELSA Protocollo-violenza-valdelsa-2022_ALTA VALDELSA.txt,118,Comune di Casole d'Elsa
09_ALTA VALDELSA Protocollo-violenza-valdelsa-2022_ALTA VALDELSA.txt,118,Comune di Colle di Val d'Elsa
09_ALTA VALDELSA Protocollo-violenza-valdelsa-2022_ALTA VALDELSA.txt,118,Comune di Poggibonsi
09_ALTA VALDELSA Protocollo-violenza-valdelsa-2022_ALTA VALDELSA.txt,118,Comune di Radicondoli
09_ALTA VALDELSA Protocollo-violenza-valdelsa-2022_ALTA VALDELSA.txt,118,Comune di San Gimignano
09_ALTA VALDELSA Protocollo-violenza-valdelsa-2022_ALTA VALDELSA.txt,118,Consultorio Azienda USL Toscana Sud Est Zona Valdelsa
09_ALTA VALDELSA Protocollo-violenza-valdelsa-2022_ALTA VALDELSA.txt,118,Fondazione Territori Sociali Altavaldelsa
09_ALTA VALDELSA Protocollo-violenza-valdelsa-2022_ALTA VALDELSA.txt,118,Forze di Polizia Giudiziaria
09_ALTA VALDELSA Protocollo-violenza-valdelsa-2022_ALTA VALDELSA.txt,118,Guardia di Finanza
09_ALTA VALDELSA Protocollo-violenza-valdelsa-2022_ALTA VALDELSA.txt,118,Ordine degli Avvocati di Siena
09_ALTA VALDELSA Protocollo-violenza-valdelsa-2022_ALTA VALDELSA.txt,118,Ordine dei Dottori Commercialisti e degli Esperti Contabili di Siena
09_ALTA VALDELSA Protocollo-violenza-valdelsa-2022_ALTA VALDELSA.txt,118,Polizia Municipale di Casole d'Elsa
09_ALTA VALDELSA Protocollo-violenza-valdelsa-2022_ALTA VALDELSA.txt,118,Polizia Municipale di Colle Val d'Elsa
09_ALTA VALDELSA Protocollo-violenza-valdelsa-2022_ALTA VALDELSA.txt,118,Polizia Municipale di Poggibonsi
09_ALTA VALDELSA Protocollo-violenza-valdelsa-2022_ALTA VALDELSA.txt,118,Polizia Municipale di Radicondoli
09_ALTA VALDELSA Protocollo-violenza-valdelsa-2022_ALTA VALDELSA.txt,118,Polizia Municipale di San Gimignano
09_ALTA VALDELSA Protocollo-violenza-valdelsa-2022_ALTA VALDELSA.txt,118,Polizie Municipali dei Comuni della Valdelsa
09_ALTA VALDELSA Protocollo-violenza-valdelsa-2022_ALTA VALDELSA.txt,118,Prefettura di Siena
09_ALTA VALDELSA Protocollo-violenza-valdelsa-2022_ALTA VALDELSA.txt,118,Procura della Repubblica di Siena
09_ALTA VALDELSA Protocollo-violenza-valdelsa-2022_ALTA VALDELSA.txt,118,Pronto Soccorso di Campostaggia Azienda USL Toscana Sud Est
09_ALTA VALDELSA Protocollo-violenza-valdelsa-2022_ALTA VALDELSA.txt,118,Questura di Siena
09_ALTA VALDELSA Protocollo-violenza-valdelsa-2022_ALTA VALDELSA.txt,118,SERD
09_ALTA VALDELSA Protocollo-violenza-valdelsa-2022_ALTA VALDELSA.txt,118,SEUS - Servizio Emergenza Urgenza Sociale
09_ALTA VALDELSA Protocollo-violenza-valdelsa-2022_ALTA VALDELSA.txt,118,SMA
09_ALTA VALDELSA Protocollo-violenza-valdelsa-2022_ALTA VALDELSA.txt,118,Servizi sociali
09_ALTA VALDELSA Protocollo-violenza-valdelsa-2022_ALTA VALDELSA.txt,118,Servizio di Salute Mentale Azienda USL Toscana Sud Est Zona Alta Valdelsa
09_ALTA VALDELSA Protocollo-violenza-valdelsa-2022_ALTA VALDELSA.txt,118,Società della Salute Alta Val d'Elsa
09_ALTA VALDELSA Protocollo-violenza-valdelsa-2022_ALTA VALDELSA.txt,118,U.O Pronto Soccorso Azienda USL 7 - Monoblocco Alta Val d'Elsa
09_ALTA VALDELSA Protocollo-violenza-valdelsa-2022_ALTA VALDELSA.txt,118,U.O.C. di Psicologia Azienda USL Toscana Sud Est
09_ALTA VALDELSA Protocollo-violenza-valdelsa-2022_ALTA VALDELSA.txt,118,UTES - Unità Territoriali Emergenza Sociale
09_ALTA VALDELSA Protocollo-violenza-valdelsa-2022_ALTA VALDELSA.txt,Associazione Atelier Vantaggio Donna,Associazione Donne Insieme Valdelsa
09_ALTA VALDELSA Protocollo-violenza-valdelsa-2022_ALTA VALDELSA.txt,Associazione Atelier Vantaggio Donna,Azienda USL Toscana Sud Est
09_ALTA VALDELSA Protocollo-violenza-valdelsa-2022_ALTA VALDELSA.txt,Associazione Atelier Vantaggio Donna,CAM Firenze
09_ALTA VALDELSA Protocollo-violenza-valdelsa-2022_ALTA VALDELSA.txt,Associazione Atelier Vantaggio Donna,CPO dell'Ordine degli Avvocati di Siena
09_ALTA VALDELSA Protocollo-violenza-valdelsa-2022_ALTA VALDELSA.txt,Associazione Atelier Vantaggio Donna,Casa Rifugio D.I.V.E
09_ALTA VALDELSA Protocollo-violenza-valdelsa-2022_ALTA VALDELSA.txt,Associazione Atelier Vantaggio Donna,Centro Pari Opportunità Valdelsa
09_ALTA VALDELSA Protocollo-violenza-valdelsa-2022_ALTA VALDELSA.txt,Associazione Atelier Vantaggio Donna,Comando Provinciale dei Carabinieri
09_ALTA VALDELSA Protocollo-violenza-valdelsa-2022_ALTA VALDELSA.txt,Associazione Atelier Vantaggio Donna,Comitato Pari Opportunita dell'Ordine dei Dottori Commercialisti e degli Esperti Contabili di Siena
09_ALTA VALDELSA Protocollo-violenza-valdelsa-2022_ALTA VALDELSA.txt,Associazione Atelier Vantaggio Donna,Comune di Casole d'Elsa
09_ALTA VALDELSA Protocollo-violenza-valdelsa-2022_ALTA VALDELSA.txt,Associazione Atelier Vantaggio Donna,Comune di Colle di Val d'Elsa
09_ALTA VALDELSA Protocollo-violenza-valdelsa-2022_ALTA VALDELSA.txt,Associazione Atelier Vantaggio Donna,Comune di Poggibonsi
09_ALTA VALDELSA Protocollo-violenza-valdelsa-2022_ALTA VALDELSA.txt,Associazione Atelier Vantaggio Donna,Comune di Radicondoli
09_ALTA VALDELSA Protocollo-violenza-valdelsa-2022_ALTA VALDELSA.txt,Associazione Atelier Vantaggio Donna,Comune di San Gimignano
09_ALTA VALDELSA Protocollo-violenza-valdelsa-2022_ALTA VALDELSA.txt,Associazione Atelier Vantaggio Donna,Consultorio Azienda USL Toscana Sud Est Zona Valdelsa
09_ALTA VALDELSA Protocollo-violenza-valdelsa-2022_ALTA VALDELSA.txt,Associazione Atelier Vantaggio Donna,Fondazione Territori Sociali Altavaldelsa
09_ALTA VALDELSA Protocollo-violenza-valdelsa-2022_ALTA VALDELSA.txt,Associazione Atelier Vantaggio Donna,Forze di Polizia Giudiziaria
09_ALTA VALDELSA Protocollo-violenza-valdelsa-2022_ALTA VALDELSA.txt,Associazione Atelier Vantaggio Donna,Guardia di Finanza
09_ALTA VALDELSA Protocollo-violenza-valdelsa-2022_ALTA VALDELSA.txt,Associazione Atelier Vantaggio Donna,Ordine degli Avvocati di Siena
09_ALTA VALDELSA Protocollo-violenza-valdelsa-2022_ALTA VALDELSA.txt,Associazione Atelier Vantaggio Donna,Ordine dei Dottori Commercialisti e degli Esperti Contabili di Siena
09_ALTA VALDELSA Protocollo-violenza-valdelsa-2022_ALTA VALDELSA.txt,Associazione Atelier Vantaggio Donna,Polizia Municipale di Casole d'Elsa
09_ALTA VALDELSA Protocollo-violenza-valdelsa-2022_ALTA VALDELSA.txt,Associazione Atelier Vantaggio Donna,Polizia Municipale di Colle Val d'Elsa
09_ALTA VALDELSA Protocollo-violenza-valdelsa-2022_ALTA VALDELSA.txt,Associazione Atelier Vantaggio Donna,Polizia Municipale di Poggibonsi
09_ALTA VALDELSA Protocollo-violenza-valdelsa-2022_ALTA VALDELSA.txt,Associazione Atelier Vantaggio Donna,Polizia Municipale di Radicondoli
09_ALTA VALDELSA Protocollo-violenza-valdelsa-2022_ALTA VALDELSA.txt,Associazione Atelier Vantaggio Donna,Polizia Municipale di San Gimignano
09_ALTA VALDELSA Protocollo-violenza-valdelsa-2022_ALTA VALDELSA.txt,Associazione Atelier Vantaggio Donna,Polizie Municipali dei Comuni della Valdelsa
09_ALTA VALDELSA Protocollo-violenza-valdelsa-2022_ALTA VALDELSA.txt,Associazione Atelier Vantaggio Donna,Prefettura di Siena
09_ALTA VALDELSA Protocollo-violenza-valdelsa-2022_ALTA VALDELSA.txt,Associazione Atelier Vantaggio Donna,Procura della Repubblica di Siena
09_ALTA VALDELSA Protocollo-violenza-valdelsa-2022_ALTA VALDELSA.txt,Associazione Atelier Vantaggio Donna,Pronto Soccorso di Campostaggia Azienda USL Toscana Sud Est
09_ALTA VALDELSA Protocollo-violenza-valdelsa-2022_ALTA VALDELSA.txt,Associazione Atelier Vantaggio Donna,Questura di Siena
09_ALTA VALDELSA Protocollo-violenza-valdelsa-2022_ALTA VALDELSA.txt,Associazione Atelier Vantaggio Donna,SERD
09_ALTA VALDELSA Protocollo-violenza-valdelsa-2022_ALTA VALDELSA.txt,Associazione Atelier Vantaggio Donna,SEUS - Servizio Emergenza Urgenza Sociale
09_ALTA VALDELSA Protocollo-violenza-valdelsa-2022_ALTA VALDELSA.txt,Associazione Atelier Vantaggio Donna,SMA
09_ALTA VALDELSA Protocollo-violenza-valdelsa-2022_ALTA VALDELSA.txt,Associazione Atelier Vantaggio Donna,Servizi sociali
09_ALTA VALDELSA Protocollo-violenza-valdelsa-2022_ALTA VALDELSA.txt,Associazione Atelier Vantaggio Donna,Servizio di Salute Mentale Azienda USL Toscana Sud Est Zona Alta Valdelsa
09_ALTA VALDELSA Protocollo-violenza-valdelsa-2022_ALTA VALDELSA.txt,Associazione Atelier Vantaggio Donna,Società della Salute Alta Val d'Elsa
09_ALTA VALDELSA Protocollo-violenza-valdelsa-2022_ALTA VALDELSA.txt,Associazione Atelier Vantaggio Donna,U.O Pronto Soccorso Azienda USL 7 - Monoblocco Alta Val d'Elsa
09_ALTA VALDELSA Protocollo-violenza-valdelsa-2022_ALTA VALDELSA.txt,Associazione Atelier Vantaggio Donna,U.O.C. di Psicologia Azienda USL Toscana Sud Est
09_ALTA VALDELSA Protocollo-violenza-valdelsa-2022_ALTA VALDELSA.txt,Associazione Atelier Vantaggio Donna,UTES - Unità Territoriali Emergenza Sociale
09_ALTA VALDELSA Protocollo-violenza-valdelsa-2022_ALTA VALDELSA.txt,Associazione Donne Insieme Valdelsa,Azienda USL Toscana Sud Est
09_ALTA VALDELSA Protocollo-violenza-valdelsa-2022_ALTA VALDELSA.txt,Associazione Donne Insieme Valdelsa,CAM Firenze
09_ALTA VALDELSA Protocollo-violenza-valdelsa-2022_ALTA VALDELSA.txt,Associazione Donne Insieme Valdelsa,CPO dell'Ordine degli Avvocati di Siena
09_ALTA VALDELSA Protocollo-violenza-valdelsa-2022_ALTA VALDELSA.txt,Associazione Donne Insieme Valdelsa,Casa Rifugio D.I.V.E
09_ALTA VALDELSA Protocollo-violenza-valdelsa-2022_ALTA VALDELSA.txt,Associazione Donne Insieme Valdelsa,Centro Pari Opportunità Valdelsa
09_ALTA VALDELSA Protocollo-violenza-valdelsa-2022_ALTA VALDELSA.txt,Associazione Donne Insieme Valdelsa,Comando Provinciale dei Carabinieri
09_ALTA VALDELSA Protocollo-violenza-valdelsa-2022_ALTA VALDELSA.txt,Associazione Donne Insieme Valdelsa,Comitato Pari Opportunita dell'Ordine dei Dottori Commercialisti e degli Esperti Contabili di Siena
09_ALTA VALDELSA Protocollo-violenza-valdelsa-2022_ALTA VALDELSA.txt,Associazione Donne Insieme Valdelsa,Comune di Casole d'Elsa
09_ALTA VALDELSA Protocollo-violenza-valdelsa-2022_ALTA VALDELSA.txt,Associazione Donne Insieme Valdelsa,Comune di Colle di Val d'Elsa
09_ALTA VALDELSA Protocollo-violenza-valdelsa-2022_ALTA VALDELSA.txt,Associazione Donne Insieme Valdelsa,Comune di Poggibonsi
09_ALTA VALDELSA Protocollo-violenza-valdelsa-2022_ALTA VALDELSA.txt,Associazione Donne Insieme Valdelsa,Comune di Radicondoli
09_ALTA VALDELSA Protocollo-violenza-valdelsa-2022_ALTA VALDELSA.txt,Associazione Donne Insieme Valdelsa,Comune di San Gimignano
09_ALTA VALDELSA Protocollo-violenza-valdelsa-2022_ALTA VALDELSA.txt,Associazione Donne Insieme Valdelsa,Consultorio Azienda USL Toscana Sud Est Zona Valdelsa
09_ALTA VALDELSA Protocollo-violenza-valdelsa-2022_ALTA VALDELSA.txt,Associazione Donne Insieme Valdelsa,Fondazione Territori Sociali Altavaldelsa
09_ALTA VALDELSA Protocollo-violenza-valdelsa-2022_ALTA VALDELSA.txt,Associazione Donne Insieme Valdelsa,Forze di Polizia Giudiziaria
09_ALTA VALDELSA Protocollo-violenza-valdelsa-2022_ALTA VALDELSA.txt,Associazione Donne Insieme Valdelsa,Guardia di Finanza
09_ALTA VALDELSA Protocollo-violenza-valdelsa-2022_ALTA VALDELSA.txt,Associazione Donne Insieme Valdelsa,Ordine degli Avvocati di Siena
09_ALTA VALDELSA Protocollo-violenza-valdelsa-2022_ALTA VALDELSA.txt,Associazione Donne Insieme Valdelsa,Ordine dei Dottori Commercialisti e degli Esperti Contabili di Siena
09_ALTA VALDELSA Protocollo-violenza-valdelsa-2022_ALTA VALDELSA.txt,Associazione Donne Insieme Valdelsa,Polizia Municipale di Casole d'Elsa
09_ALTA VALDELSA Protocollo-violenza-valdelsa-2022_ALTA VALDELSA.txt,Associazione Donne Insieme Valdelsa,Polizia Municipale di Colle Val d'Elsa
09_ALTA VALDELSA Protocollo-violenza-valdelsa-2022_ALTA VALDELSA.txt,Associazione Donne Insieme Valdelsa,Polizia Municipale di Poggibonsi
09_ALTA VALDELSA Protocollo-violenza-valdelsa-2022_ALTA VALDELSA.txt,Associazione Donne Insieme Valdelsa,Polizia Municipale di Radicondoli
09_ALTA VALDELSA Protocollo-violenza-valdelsa-2022_ALTA VALDELSA.txt,Associazione Donne Insieme Valdelsa,Polizia Municipale di San Gimignano
09_ALTA VALDELSA Protocollo-violenza-valdelsa-2022_ALTA VALDELSA.txt,Associazione Donne Insieme Valdelsa,Polizie Municipali dei Comuni della Valdelsa
09_ALTA VALDELSA Protocollo-violenza-valdelsa-2022_ALTA VALDELSA.txt,Associazione Donne Insieme Valdelsa,Prefettura di Siena
09_ALTA VALDELSA Protocollo-violenza-valdelsa-2022_ALTA VALDELSA.txt,Associazione Donne Insieme Valdelsa,Procura della Repubblica di Siena
09_ALTA VALDELSA Protocollo-violenza-valdelsa-2022_ALTA VALDELSA.txt,Associazione Donne Insieme Valdelsa,Pronto Soccorso di Campostaggia Azienda USL Toscana Sud Est
09_ALTA VALDELSA Protocollo-violenza-valdelsa-2022_ALTA VALDELSA.txt,Associazione Donne Insieme Valdelsa,Questura di Siena
09_ALTA VALDELSA Protocollo-violenza-valdelsa-2022_ALTA VALDELSA.txt,Associazione Donne Insieme Valdelsa,SERD
09_ALTA VALDELSA Protocollo-violenza-valdelsa-2022_ALTA VALDELSA.txt,Associazione Donne Insieme Valdelsa,SEUS - Servizio Emergenza Urgenza Sociale
09_ALTA VALDELSA Protocollo-violenza-valdelsa-2022_ALTA VALDELSA.txt,Associazione Donne Insieme Valdelsa,SMA
09_ALTA VALDELSA Protocollo-violenza-valdelsa-2022_ALTA VALDELSA.txt,Associazione Donne Insieme Valdelsa,Servizi sociali
09_ALTA VALDELSA Protocollo-violenza-valdelsa-2022_ALTA VALDELSA.txt,Associazione Donne Insieme Valdelsa,Servizio di Salute Mentale Azienda USL Toscana Sud Est Zona Alta Valdelsa
09_ALTA VALDELSA Protocollo-violenza-valdelsa-2022_ALTA VALDELSA.txt,Associazione Donne Insieme Valdelsa,Società della Salute Alta Val d'Elsa
09_ALTA VALDELSA Protocollo-violenza-valdelsa-2022_ALTA VALDELSA.txt,Associazione Donne Insieme Valdelsa,U.O Pronto Soccorso Azienda USL 7 - Monoblocco Alta Val d'Elsa
09_ALTA VALDELSA Protocollo-violenza-valdelsa-2022_ALTA VALDELSA.txt,Associazione Donne Insieme Valdelsa,U.O.C. di Psicologia Azienda USL Toscana Sud Est
09_ALTA VALDELSA Protocollo-violenza-valdelsa-2022_ALTA VALDELSA.txt,Associazione Donne Insieme Valdelsa,UTES - Unità Territoriali Emergenza Sociale
09_ALTA VALDELSA Protocollo-violenza-valdelsa-2022_ALTA VALDELSA.txt,Azienda USL Toscana Sud Est,CAM Firenze
09_ALTA VALDELSA Protocollo-violenza-valdelsa-2022_ALTA VALDELSA.txt,Azienda USL Toscana Sud Est,CPO dell'Ordine degli Avvocati di Siena
09_ALTA VALDELSA Protocollo-violenza-valdelsa-2022_ALTA VALDELSA.txt,Azienda USL Toscana Sud Est,Casa Rifugio D.I.V.E
09_ALTA VALDELSA Protocollo-violenza-valdelsa-2022_ALTA VALDELSA.txt,Azienda USL Toscana Sud Est,Centro Pari Opportunità Valdelsa
09_ALTA VALDELSA Protocollo-violenza-valdelsa-2022_ALTA VALDELSA.txt,Azienda USL Toscana Sud Est,Comando Provinciale dei Carabinieri
09_ALTA VALDELSA Protocollo-violenza-valdelsa-2022_ALTA VALDELSA.txt,Azienda USL Toscana Sud Est,Comitato Pari Opportunita dell'Ordine dei Dottori Commercialisti e degli Esperti Contabili di Siena
09_ALTA VALDELSA Protocollo-violenza-valdelsa-2022_ALTA VALDELSA.txt,Azienda USL Toscana Sud Est,Comune di Casole d'Elsa
09_ALTA VALDELSA Protocollo-violenza-valdelsa-2022_ALTA VALDELSA.txt,Azienda USL Toscana Sud Est,Comune di Colle di Val d'Elsa
09_ALTA VALDELSA Protocollo-violenza-valdelsa-2022_ALTA VALDELSA.txt,Azienda USL Toscana Sud Est,Comune di Poggibonsi
09_ALTA VALDELSA Protocollo-violenza-valdelsa-2022_ALTA VALDELSA.txt,Azienda USL Toscana Sud Est,Comune di Radicondoli
09_ALTA VALDELSA Protocollo-violenza-valdelsa-2022_ALTA VALDELSA.txt,Azienda USL Toscana Sud Est,Comune di San Gimignano
09_ALTA VALDELSA Protocollo-violenza-valdelsa-2022_ALTA VALDELSA.txt,Azienda USL Toscana Sud Est,Consultorio Azienda USL Toscana Sud Est Zona Valdelsa
09_ALTA VALDELSA Protocollo-violenza-valdelsa-2022_ALTA VALDELSA.txt,Azienda USL Toscana Sud Est,Fondazione Territori Sociali Altavaldelsa
09_ALTA VALDELSA Protocollo-violenza-valdelsa-2022_ALTA VALDELSA.txt,Azienda USL Toscana Sud Est,Forze di Polizia Giudiziaria
09_ALTA VALDELSA Protocollo-violenza-valdelsa-2022_ALTA VALDELSA.txt,Azienda USL Toscana Sud Est,Guardia di Finanza
09_ALTA VALDELSA Protocollo-violenza-valdelsa-2022_ALTA VALDELSA.txt,Azienda USL Toscana Sud Est,Ordine degli Avvocati di Siena
09_ALTA VALDELSA Protocollo-violenza-valdelsa-2022_ALTA VALDELSA.txt,Azienda USL Toscana Sud Est,Ordine dei Dottori Commercialisti e degli Esperti Contabili di Siena
09_ALTA VALDELSA Protocollo-violenza-valdelsa-2022_ALTA VALDELSA.txt,Azienda USL Toscana Sud Est,Polizia Municipale di Casole d'Elsa
09_ALTA VALDELSA Protocollo-violenza-valdelsa-2022_ALTA VALDELSA.txt,Azienda USL Toscana Sud Est,Polizia Municipale di Colle Val d'Elsa
09_ALTA VALDELSA Protocollo-violenza-valdelsa-2022_ALTA VALDELSA.txt,Azienda USL Toscana Sud Est,Polizia Municipale di Poggibonsi
09_ALTA VALDELSA Protocollo-violenza-valdelsa-2022_ALTA VALDELSA.txt,Azienda USL Toscana Sud Est,Polizia Municipale di Radicondoli
09_ALTA VALDELSA Protocollo-violenza-valdelsa-2022_ALTA VALDELSA.txt,Azienda USL Toscana Sud Est,Polizia Municipale di San Gimignano
09_ALTA VALDELSA Protocollo-violenza-valdelsa-2022_ALTA VALDELSA.txt,Azienda USL Toscana Sud Est,Polizie Municipali dei Comuni della Valdelsa
09_ALTA VALDELSA Protocollo-violenza-valdelsa-2022_ALTA VALDELSA.txt,Azienda USL Toscana Sud Est,Prefettura di Siena
09_ALTA VALDELSA Protocollo-violenza-valdelsa-2022_ALTA VALDELSA.txt,Azienda USL Toscana Sud Est,Procura della Repubblica di Siena
09_ALTA VALDELSA Protocollo-violenza-valdelsa-2022_ALTA VALDELSA.txt,Azienda USL Toscana Sud Est,Pronto Soccorso di Campostaggia Azienda USL Toscana Sud Est
09_ALTA VALDELSA Protocollo-violenza-valdelsa-2022_ALTA VALDELSA.txt,Azienda USL Toscana Sud Est,Questura di Siena
09_ALTA VALDELSA Protocollo-violenza-valdelsa-2022_ALTA VALDELSA.txt,Azienda USL Toscana Sud Est,SERD
09_ALTA VALDELSA Protocollo-violenza-valdelsa-2022_ALTA VALDELSA.txt,Azienda USL Toscana Sud Est,SEUS - Servizio Emergenza Urgenza Sociale
09_ALTA VALDELSA Protocollo-violenza-valdelsa-2022_ALTA VALDELSA.txt,Azienda USL Toscana Sud Est,SMA
09_ALTA VALDELSA Protocollo-violenza-valdelsa-2022_ALTA VALDELSA.txt,Azienda USL Toscana Sud Est,Servizi sociali
09_ALTA VALDELSA Protocollo-violenza-valdelsa-2022_ALTA VALDELSA.txt,Azienda USL Toscana Sud Est,Servizio di Salute Mentale Azienda USL Toscana Sud Est Zona Alta Valdelsa
09_ALTA VALDELSA Protocollo-violenza-valdelsa-2022_ALTA VALDELSA.txt,Azienda USL Toscana Sud Est,Società della Salute Alta Val d'Elsa
09_ALTA VALDELSA Protocollo-violenza-valdelsa-2022_ALTA VALDELSA.txt,Azienda USL Toscana Sud Est,U.O Pronto Soccorso Azienda USL 7 - Monoblocco Alta Val d'Elsa
09_ALTA VALDELSA Protocollo-violenza-valdelsa-2022_ALTA VALDELSA.txt,Azienda USL Toscana Sud Est,U.O.C. di Psicologia Azienda USL Toscana Sud Est
09_ALTA VALDELSA Protocollo-violenza-valdelsa-2022_ALTA VALDELSA.txt,Azienda USL Toscana Sud Est,UTES - Unità Territoriali Emergenza Sociale
09_ALTA VALDELSA Protocollo-violenza-valdelsa-2022_ALTA VALDELSA.txt,CAM Firenze,CPO dell'Ordine degli Avvocati di Siena
09_ALTA VALDELSA Protocollo-violenza-valdelsa-2022_ALTA VALDELSA.txt,CAM Firenze,Casa Rifugio D.I.V.E
09_ALTA VALDELSA Protocollo-violenza-valdelsa-2022_ALTA VALDELSA.txt,CAM Firenze,Centro Pari Opportunità Valdelsa
09_ALTA VALDELSA Protocollo-violenza-valdelsa-2022_ALTA VALDELSA.txt,CAM Firenze,Comando Provinciale dei Carabinieri
09_ALTA VALDELSA Protocollo-violenza-valdelsa-2022_ALTA VALDELSA.txt,CAM Firenze,Comitato Pari Opportunita dell'Ordine dei Dottori Commercialisti e degli Esperti Contabili di Siena
09_ALTA VALDELSA Protocollo-violenza-valdelsa-2022_ALTA VALDELSA.txt,CAM Firenze,Comune di Casole d'Elsa
09_ALTA VALDELSA Protocollo-violenza-valdelsa-2022_ALTA VALDELSA.txt,CAM Firenze,Comune di Colle di Val d'Elsa
09_ALTA VALDELSA Protocollo-violenza-valdelsa-2022_ALTA VALDELSA.txt,CAM Firenze,Comune di Poggibonsi
09_ALTA VALDELSA Protocollo-violenza-valdelsa-2022_ALTA VALDELSA.txt,CAM Firenze,Comune di Radicondoli
09_ALTA VALDELSA Protocollo-violenza-valdelsa-2022_ALTA VALDELSA.txt,CAM Firenze,Comune di San Gimignano
09_ALTA VALDELSA Protocollo-violenza-valdelsa-2022_ALTA VALDELSA.txt,CAM Firenze,Consultorio Azienda USL Toscana Sud Est Zona Valdelsa
09_ALTA VALDELSA Protocollo-violenza-valdelsa-2022_ALTA VALDELSA.txt,CAM Firenze,Fondazione Territori Sociali Altavaldelsa
09_ALTA VALDELSA Protocollo-violenza-valdelsa-2022_ALTA VALDELSA.txt,CAM Firenze,Forze di Polizia Giudiziaria
09_ALTA VALDELSA Protocollo-violenza-valdelsa-2022_ALTA VALDELSA.txt,CAM Firenze,Guardia di Finanza
09_ALTA VALDELSA Protocollo-violenza-valdelsa-2022_ALTA VALDELSA.txt,CAM Firenze,Ordine degli Avvocati di Siena
09_ALTA VALDELSA Protocollo-violenza-valdelsa-2022_ALTA VALDELSA.txt,CAM Firenze,Ordine dei Dottori Commercialisti e degli Esperti Contabili di Siena
09_ALTA VALDELSA Protocollo-violenza-valdelsa-2022_ALTA VALDELSA.txt,CAM Firenze,Polizia Municipale di Casole d'Elsa
09_ALTA VALDELSA Protocollo-violenza-valdelsa-2022_ALTA VALDELSA.txt,CAM Firenze,Polizia Municipale di Colle Val d'Elsa
09_ALTA VALDELSA Protocollo-violenza-valdelsa-2022_ALTA VALDELSA.txt,CAM Firenze,Polizia Municipale di Poggibonsi
09_ALTA VALDELSA Protocollo-violenza-valdelsa-2022_ALTA VALDELSA.txt,CAM Firenze,Polizia Municipale di Radicondoli
09_ALTA VALDELSA Protocollo-violenza-valdelsa-2022_ALTA VALDELSA.txt,CAM Firenze,Polizia Municipale di San Gimignano
09_ALTA VALDELSA Protocollo-violenza-valdelsa-2022_ALTA VALDELSA.txt,CAM Firenze,Polizie Municipali dei Comuni della Valdelsa
09_ALTA VALDELSA Protocollo-violenza-valdelsa-2022_ALTA VALDELSA.txt,CAM Firenze,Prefettura di Siena
09_ALTA VALDELSA Protocollo-violenza-valdelsa-2022_ALTA VALDELSA.txt,CAM Firenze,Procura della Repubblica di Siena
09_ALTA VALDELSA Protocollo-violenza-valdelsa-2022_ALTA VALDELSA.txt,CAM Firenze,Pronto Soccorso di Campostaggia Azienda USL Toscana Sud Est
09_ALTA VALDELSA Protocollo-violenza-valdelsa-2022_ALTA VALDELSA.txt,CAM Firenze,Questura di Siena
09_ALTA VALDELSA Protocollo-violenza-valdelsa-2022_ALTA VALDELSA.txt,CAM Firenze,SERD
09_ALTA VALDELSA Protocollo-violenza-valdelsa-2022_ALTA VALDELSA.txt,CAM Firenze,SEUS - Servizio Emergenza Urgenza Sociale
09_ALTA VALDELSA Protocollo-violenza-valdelsa-2022_ALTA VALDELSA.txt,CAM Firenze,SMA
09_ALTA VALDELSA Protocollo-violenza-valdelsa-2022_ALTA VALDELSA.txt,CAM Firenze,Servizi sociali
09_ALTA VALDELSA Protocollo-violenza-valdelsa-2022_ALTA VALDELSA.txt,CAM Firenze,Servizio di Salute Mentale Azienda USL Toscana Sud Est Zona Alta Valdelsa
09_ALTA VALDELSA Protocollo-violenza-valdelsa-2022_ALTA VALDELSA.txt,CAM Firenze,Società della Salute Alta Val d'Elsa
09_ALTA VALDELSA Protocollo-violenza-valdelsa-2022_ALTA VALDELSA.txt,CAM Firenze,U.O Pronto Soccorso Azienda USL 7 - Monoblocco Alta Val d'Elsa
09_ALTA VALDELSA Protocollo-violenza-valdelsa-2022_ALTA VALDELSA.txt,CAM Firenze,U.O.C. di Psicologia Azienda USL Toscana Sud Est
09_ALTA VALDELSA Protocollo-violenza-valdelsa-2022_ALTA VALDELSA.txt,CAM Firenze,UTES - Unità Territoriali Emergenza Sociale
09_ALTA VALDELSA Protocollo-violenza-valdelsa-2022_ALTA VALDELSA.txt,CPO dell'Ordine degli Avvocati di Siena,Casa Rifugio D.I.V.E
09_ALTA VALDELSA Protocollo-violenza-valdelsa-2022_ALTA VALDELSA.txt,CPO dell'Ordine degli Avvocati di Siena,Centro Pari Opportunità Valdelsa
09_ALTA VALDELSA Protocollo-violenza-valdelsa-2022_ALTA VALDELSA.txt,CPO dell'Ordine degli Avvocati di Siena,Comando Provinciale dei Carabinieri
09_ALTA VALDELSA Protocollo-violenza-valdelsa-2022_ALTA VALDELSA.txt,CPO dell'Ordine degli Avvocati di Siena,Comitato Pari Opportunita dell'Ordine dei Dottori Commercialisti e degli Esperti Contabili di Siena
09_ALTA VALDELSA Protocollo-violenza-valdelsa-2022_ALTA VALDELSA.txt,CPO dell'Ordine degli Avvocati di Siena,Comune di Casole d'Elsa
09_ALTA VALDELSA Protocollo-violenza-valdelsa-2022_ALTA VALDELSA.txt,CPO dell'Ordine degli Avvocati di Siena,Comune di Colle di Val d'Elsa
09_ALTA VALDELSA Protocollo-violenza-valdelsa-2022_ALTA VALDELSA.txt,CPO dell'Ordine degli Avvocati di Siena,Comune di Poggibonsi
09_ALTA VALDELSA Protocollo-violenza-valdelsa-2022_ALTA VALDELSA.txt,CPO dell'Ordine degli Avvocati di Siena,Comune di Radicondoli
09_ALTA VALDELSA Protocollo-violenza-valdelsa-2022_ALTA VALDELSA.txt,CPO dell'Ordine degli Avvocati di Siena,Comune di San Gimignano
09_ALTA VALDELSA Protocollo-violenza-valdelsa-2022_ALTA VALDELSA.txt,CPO dell'Ordine degli Avvocati di Siena,Consultorio Azienda USL Toscana Sud Est Zona Valdelsa
09_ALTA VALDELSA Protocollo-violenza-valdelsa-2022_ALTA VALDELSA.txt,CPO dell'Ordine degli Avvocati di Siena,Fondazione Territori Sociali Altavaldelsa
09_ALTA VALDELSA Protocollo-violenza-valdelsa-2022_ALTA VALDELSA.txt,CPO dell'Ordine degli Avvocati di Siena,Forze di Polizia Giudiziaria
09_ALTA VALDELSA Protocollo-violenza-valdelsa-2022_ALTA VALDELSA.txt,CPO dell'Ordine degli Avvocati di Siena,Guardia di Finanza
09_ALTA VALDELSA Protocollo-violenza-valdelsa-2022_ALTA VALDELSA.txt,CPO dell'Ordine degli Avvocati di Siena,Ordine degli Avvocati di Siena
09_ALTA VALDELSA Protocollo-violenza-valdelsa-2022_ALTA VALDELSA.txt,CPO dell'Ordine degli Avvocati di Siena,Ordine dei Dottori Commercialisti e degli Esperti Contabili di Siena
09_ALTA VALDELSA Protocollo-violenza-valdelsa-2022_ALTA VALDELSA.txt,CPO dell'Ordine degli Avvocati di Siena,Polizia Municipale di Casole d'Elsa
09_ALTA VALDELSA Protocollo-violenza-valdelsa-2022_ALTA VALDELSA.txt,CPO dell'Ordine degli Avvocati di Siena,Polizia Municipale di Colle Val d'Elsa
09_ALTA VALDELSA Protocollo-violenza-valdelsa-2022_ALTA VALDELSA.txt,CPO dell'Ordine degli Avvocati di Siena,Polizia Municipale di Poggibonsi
09_ALTA VALDELSA Protocollo-violenza-valdelsa-2022_ALTA VALDELSA.txt,CPO dell'Ordine degli Avvocati di Siena,Polizia Municipale di Radicondoli
09_ALTA VALDELSA Protocollo-violenza-valdelsa-2022_ALTA VALDELSA.txt,CPO dell'Ordine degli Avvocati di Siena,Polizia Municipale di San Gimignano
09_ALTA VALDELSA Protocollo-violenza-valdelsa-2022_ALTA VALDELSA.txt,CPO dell'Ordine degli Avvocati di Siena,Polizie Municipali dei Comuni della Valdelsa
09_ALTA VALDELSA Protocollo-violenza-valdelsa-2022_ALTA VALDELSA.txt,CPO dell'Ordine degli Avvocati di Siena,Prefettura di Siena
09_ALTA VALDELSA Protocollo-violenza-valdelsa-2022_ALTA VALDELSA.txt,CPO dell'Ordine degli Avvocati di Siena,Procura della Repubblica di Siena
09_ALTA VALDELSA Protocollo-violenza-valdelsa-2022_ALTA VALDELSA.txt,CPO dell'Ordine degli Avvocati di Siena,Pronto Soccorso di Campostaggia Azienda USL Toscana Sud Est
09_ALTA VALDELSA Protocollo-violenza-valdelsa-2022_ALTA VALDELSA.txt,CPO dell'Ordine degli Avvocati di Siena,Questura di Siena
09_ALTA VALDELSA Protocollo-violenza-valdelsa-2022_ALTA VALDELSA.txt,CPO dell'Ordine degli Avvocati di Siena,SERD
09_ALTA VALDELSA Protocollo-violenza-valdelsa-2022_ALTA VALDELSA.txt,CPO dell'Ordine degli Avvocati di Siena,SEUS - Servizio Emergenza Urgenza Sociale
09_ALTA VALDELSA Protocollo-violenza-valdelsa-2022_ALTA VALDELSA.txt,CPO dell'Ordine degli Avvocati di Siena,SMA
09_ALTA VALDELSA Protocollo-violenza-valdelsa-2022_ALTA VALDELSA.txt,CPO dell'Ordine degli Avvocati di Siena,Servizi sociali
09_ALTA VALDELSA Protocollo-violenza-valdelsa-2022_ALTA VALDELSA.txt,CPO dell'Ordine degli Avvocati di Siena,Servizio di Salute Mentale Azienda USL Toscana Sud Est Zona Alta Valdelsa
09_ALTA VALDELSA Protocollo-violenza-valdelsa-2022_ALTA VALDELSA.txt,CPO dell'Ordine degli Avvocati di Siena,Società della Salute Alta Val d'Elsa
09_ALTA VALDELSA Protocollo-violenza-valdelsa-2022_ALTA VALDELSA.txt,CPO dell'Ordine degli Avvocati di Siena,U.O Pronto Soccorso Azienda USL 7 - Monoblocco Alta Val d'Elsa
09_ALTA VALDELSA Protocollo-violenza-valdelsa-2022_ALTA VALDELSA.txt,CPO dell'Ordine degli Avvocati di Siena,U.O.C. di Psicologia Azienda USL Toscana Sud Est
09_ALTA VALDELSA Protocollo-violenza-valdelsa-2022_ALTA VALDELSA.txt,CPO dell'Ordine degli Avvocati di Siena,UTES - Unità Territoriali Emergenza Sociale
09_ALTA VALDELSA Protocollo-violenza-valdelsa-2022_ALTA VALDELSA.txt,Casa Rifugio D.I.V.E,Centro Pari Opportunità Valdelsa
09_ALTA VALDELSA Protocollo-violenza-valdelsa-2022_ALTA VALDELSA.txt,Casa Rifugio D.I.V.E,Comando Provinciale dei Carabinieri
09_ALTA VALDELSA Protocollo-violenza-valdelsa-2022_ALTA VALDELSA.txt,Casa Rifugio D.I.V.E,Comitato Pari Opportunita dell'Ordine dei Dottori Commercialisti e degli Esperti Contabili di Siena
09_ALTA VALDELSA Protocollo-violenza-valdelsa-2022_ALTA VALDELSA.txt,Casa Rifugio D.I.V.E,Comune di Casole d'Elsa
09_ALTA VALDELSA Protocollo-violenza-valdelsa-2022_ALTA VALDELSA.txt,Casa Rifugio D.I.V.E,Comune di Colle di Val d'Elsa
09_ALTA VALDELSA Protocollo-violenza-valdelsa-2022_ALTA VALDELSA.txt,Casa Rifugio D.I.V.E,Comune di Poggibonsi
09_ALTA VALDELSA Protocollo-violenza-valdelsa-2022_ALTA VALDELSA.txt,Casa Rifugio D.I.V.E,Comune di Radicondoli
09_ALTA VALDELSA Protocollo-violenza-valdelsa-2022_ALTA VALDELSA.txt,Casa Rifugio D.I.V.E,Comune di San Gimignano
09_ALTA VALDELSA Protocollo-violenza-valdelsa-2022_ALTA VALDELSA.txt,Casa Rifugio D.I.V.E,Consultorio Azienda USL Toscana Sud Est Zona Valdelsa
09_ALTA VALDELSA Protocollo-violenza-valdelsa-2022_ALTA VALDELSA.txt,Casa Rifugio D.I.V.E,Fondazione Territori Sociali Altavaldelsa
09_ALTA VALDELSA Protocollo-violenza-valdelsa-2022_ALTA VALDELSA.txt,Casa Rifugio D.I.V.E,Forze di Polizia Giudiziaria
09_ALTA VALDELSA Protocollo-violenza-valdelsa-2022_ALTA VALDELSA.txt,Casa Rifugio D.I.V.E,Guardia di Finanza
09_ALTA VALDELSA Protocollo-violenza-valdelsa-2022_ALTA VALDELSA.txt,Casa Rifugio D.I.V.E,Ordine degli Avvocati di Siena
09_ALTA VALDELSA Protocollo-violenza-valdelsa-2022_ALTA VALDELSA.txt,Casa Rifugio D.I.V.E,Ordine dei Dottori Commercialisti e degli Esperti Contabili di Siena
09_ALTA VALDELSA Protocollo-violenza-valdelsa-2022_ALTA VALDELSA.txt,Casa Rifugio D.I.V.E,Polizia Municipale di Casole d'Elsa
09_ALTA VALDELSA Protocollo-violenza-valdelsa-2022_ALTA VALDELSA.txt,Casa Rifugio D.I.V.E,Polizia Municipale di Colle Val d'Elsa
09_ALTA VALDELSA Protocollo-violenza-valdelsa-2022_ALTA VALDELSA.txt,Casa Rifugio D.I.V.E,Polizia Municipale di Poggibonsi
09_ALTA VALDELSA Protocollo-violenza-valdelsa-2022_ALTA VALDELSA.txt,Casa Rifugio D.I.V.E,Polizia Municipale di Radicondoli
09_ALTA VALDELSA Protocollo-violenza-valdelsa-2022_ALTA VALDELSA.txt,Casa Rifugio D.I.V.E,Polizia Municipale di San Gimignano
09_ALTA VALDELSA Protocollo-violenza-valdelsa-2022_ALTA VALDELSA.txt,Casa Rifugio D.I.V.E,Polizie Municipali dei Comuni della Valdelsa
09_ALTA VALDELSA Protocollo-violenza-valdelsa-2022_ALTA VALDELSA.txt,Casa Rifugio D.I.V.E,Prefettura di Siena
09_ALTA VALDELSA Protocollo-violenza-valdelsa-2022_ALTA VALDELSA.txt,Casa Rifugio D.I.V.E,Procura della Repubblica di Siena
09_ALTA VALDELSA Protocollo-violenza-valdelsa-2022_ALTA VALDELSA.txt,Casa Rifugio D.I.V.E,Pronto Soccorso di Campostaggia Azienda USL Toscana Sud Est
09_ALTA VALDELSA Protocollo-violenza-valdelsa-2022_ALTA VALDELSA.txt,Casa Rifugio D.I.V.E,Questura di Siena
09_ALTA VALDELSA Protocollo-violenza-valdelsa-2022_ALTA VALDELSA.txt,Casa Rifugio D.I.V.E,SERD
09_ALTA VALDELSA Protocollo-violenza-valdelsa-2022_ALTA VALDELSA.txt,Casa Rifugio D.I.V.E,SEUS - Servizio Emergenza Urgenza Sociale
09_ALTA VALDELSA Protocollo-violenza-valdelsa-2022_ALTA VALDELSA.txt,Casa Rifugio D.I.V.E,SMA
09_ALTA VALDELSA Protocollo-violenza-valdelsa-2022_ALTA VALDELSA.txt,Casa Rifugio D.I.V.E,Servizi sociali
09_ALTA VALDELSA Protocollo-violenza-valdelsa-2022_ALTA VALDELSA.txt,Casa Rifugio D.I.V.E,Servizio di Salute Mentale Azienda USL Toscana Sud Est Zona Alta Valdelsa
09_ALTA VALDELSA Protocollo-violenza-valdelsa-2022_ALTA VALDELSA.txt,Casa Rifugio D.I.V.E,Società della Salute Alta Val d'Elsa
09_ALTA VALDELSA Protocollo-violenza-valdelsa-2022_ALTA VALDELSA.txt,Casa Rifugio D.I.V.E,U.O Pronto Soccorso Azienda USL 7 - Monoblocco Alta Val d'Elsa
09_ALTA VALDELSA Protocollo-violenza-valdelsa-2022_ALTA VALDELSA.txt,Casa Rifugio D.I.V.E,U.O.C. di Psicologia Azienda USL Toscana Sud Est
09_ALTA VALDELSA Protocollo-violenza-valdelsa-2022_ALTA VALDELSA.txt,Casa Rifugio D.I.V.E,UTES - Unità Territoriali Emergenza Sociale
09_ALTA VALDELSA Protocollo-violenza-valdelsa-2022_ALTA VALDELSA.txt,Centro Pari Opportunità Valdelsa,Comando Provinciale dei Carabinieri
09_ALTA VALDELSA Protocollo-violenza-valdelsa-2022_ALTA VALDELSA.txt,Centro Pari Opportunità Valdelsa,Comitato Pari Opportunita dell'Ordine dei Dottori Commercialisti e degli Esperti Contabili di Siena
09_ALTA VALDELSA Protocollo-violenza-valdelsa-2022_ALTA VALDELSA.txt,Centro Pari Opportunità Valdelsa,Comune di Casole d'Elsa
09_ALTA VALDELSA Protocollo-violenza-valdelsa-2022_ALTA VALDELSA.txt,Centro Pari Opportunità Valdelsa,Comune di Colle di Val d'Elsa
09_ALTA VALDELSA Protocollo-violenza-valdelsa-2022_ALTA VALDELSA.txt,Centro Pari Opportunità Valdelsa,Comune di Poggibonsi
09_ALTA VALDELSA Protocollo-violenza-valdelsa-2022_ALTA VALDELSA.txt,Centro Pari Opportunità Valdelsa,Comune di Radicondoli
09_ALTA VALDELSA Protocollo-violenza-valdelsa-2022_ALTA VALDELSA.txt,Centro Pari Opportunità Valdelsa,Comune di San Gimignano
09_ALTA VALDELSA Protocollo-violenza-valdelsa-2022_ALTA VALDELSA.txt,Centro Pari Opportunità Valdelsa,Consultorio Azienda USL Toscana Sud Est Zona Valdelsa
09_ALTA VALDELSA Protocollo-violenza-valdelsa-2022_ALTA VALDELSA.txt,Centro Pari Opportunità Valdelsa,Fondazione Territori Sociali Altavaldelsa
09_ALTA VALDELSA Protocollo-violenza-valdelsa-2022_ALTA VALDELSA.txt,Centro Pari Opportunità Valdelsa,Forze di Polizia Giudiziaria
09_ALTA VALDELSA Protocollo-violenza-valdelsa-2022_ALTA VALDELSA.txt,Centro Pari Opportunità Valdelsa,Guardia di Finanza
09_ALTA VALDELSA Protocollo-violenza-valdelsa-2022_ALTA VALDELSA.txt,Centro Pari Opportunità Valdelsa,Ordine degli Avvocati di Siena
09_ALTA VALDELSA Protocollo-violenza-valdelsa-2022_ALTA VALDELSA.txt,Centro Pari Opportunità Valdelsa,Ordine dei Dottori Commercialisti e degli Esperti Contabili di Siena
09_ALTA VALDELSA Protocollo-violenza-valdelsa-2022_ALTA VALDELSA.txt,Centro Pari Opportunità Valdelsa,Polizia Municipale di Casole d'Elsa
09_ALTA VALDELSA Protocollo-violenza-valdelsa-2022_ALTA VALDELSA.txt,Centro Pari Opportunità Valdelsa,Polizia Municipale di Colle Val d'Elsa
09_ALTA VALDELSA Protocollo-violenza-valdelsa-2022_ALTA VALDELSA.txt,Centro Pari Opportunità Valdelsa,Polizia Municipale di Poggibonsi
09_ALTA VALDELSA Protocollo-violenza-valdelsa-2022_ALTA VALDELSA.txt,Centro Pari Opportunità Valdelsa,Polizia Municipale di Radicondoli
09_ALTA VALDELSA Protocollo-violenza-valdelsa-2022_ALTA VALDELSA.txt,Centro Pari Opportunità Valdelsa,Polizia Municipale di San Gimignano
09_ALTA VALDELSA Protocollo-violenza-valdelsa-2022_ALTA VALDELSA.txt,Centro Pari Opportunità Valdelsa,Polizie Municipali dei Comuni della Valdelsa
09_ALTA VALDELSA Protocollo-violenza-valdelsa-2022_ALTA VALDELSA.txt,Centro Pari Opportunità Valdelsa,Prefettura di Siena
09_ALTA VALDELSA Protocollo-violenza-valdelsa-2022_ALTA VALDELSA.txt,Centro Pari Opportunità Valdelsa,Procura della Repubblica di Siena
09_ALTA VALDELSA Protocollo-violenza-valdelsa-2022_ALTA VALDELSA.txt,Centro Pari Opportunità Valdelsa,Pronto Soccorso di Campostaggia Azienda USL Toscana Sud Est
09_ALTA VALDELSA Protocollo-violenza-valdelsa-2022_ALTA VALDELSA.txt,Centro Pari Opportunità Valdelsa,Questura di Siena
09_ALTA VALDELSA Protocollo-violenza-valdelsa-2022_ALTA VALDELSA.txt,Centro Pari Opportunità Valdelsa,SERD
09_ALTA VALDELSA Protocollo-violenza-valdelsa-2022_ALTA VALDELSA.txt,Centro Pari Opportunità Valdelsa,SEUS - Servizio Emergenza Urgenza Sociale
09_ALTA VALDELSA Protocollo-violenza-valdelsa-2022_ALTA VALDELSA.txt,Centro Pari Opportunità Valdelsa,SMA
09_ALTA VALDELSA Protocollo-violenza-valdelsa-2022_ALTA VALDELSA.txt,Centro Pari Opportunità Valdelsa,Servizi sociali
09_ALTA VALDELSA Protocollo-violenza-valdelsa-2022_ALTA VALDELSA.txt,Centro Pari Opportunità Valdelsa,Servizio di Salute Mentale Azienda USL Toscana Sud Est Zona Alta Valdelsa
09_ALTA VALDELSA Protocollo-violenza-valdelsa-2022_ALTA VALDELSA.txt,Centro Pari Opportunità Valdelsa,Società della Salute Alta Val d'Elsa
09_ALTA VALDELSA Protocollo-violenza-valdelsa-2022_ALTA VALDELSA.txt,Centro Pari Opportunità Valdelsa,U.O Pronto Soccorso Azienda USL 7 - Monoblocco Alta Val d'Elsa
09_ALTA VALDELSA Protocollo-violenza-valdelsa-2022_ALTA VALDELSA.txt,Centro Pari Opportunità Valdelsa,U.O.C. di Psicologia Azienda USL Toscana Sud Est
09_ALTA VALDELSA Protocollo-violenza-valdelsa-2022_ALTA VALDELSA.txt,Centro Pari Opportunità Valdelsa,UTES - Unità Territoriali Emergenza Sociale
09_ALTA VALDELSA Protocollo-violenza-valdelsa-2022_ALTA VALDELSA.txt,Comando Provinciale dei Carabinieri,Comitato Pari Opportunita dell'Ordine dei Dottori Commercialisti e degli Esperti Contabili di Siena
09_ALTA VALDELSA Protocollo-violenza-valdelsa-2022_ALTA VALDELSA.txt,Comando Provinciale dei Carabinieri,Comune di Casole d'Elsa
09_ALTA VALDELSA Protocollo-violenza-valdelsa-2022_ALTA VALDELSA.txt,Comando Provinciale dei Carabinieri,Comune di Colle di Val d'Elsa
09_ALTA VALDELSA Protocollo-violenza-valdelsa-2022_ALTA VALDELSA.txt,Comando Provinciale dei Carabinieri,Comune di Poggibonsi
09_ALTA VALDELSA Protocollo-violenza-valdelsa-2022_ALTA VALDELSA.txt,Comando Provinciale dei Carabinieri,Comune di Radicondoli
09_ALTA VALDELSA Protocollo-violenza-valdelsa-2022_ALTA VALDELSA.txt,Comando Provinciale dei Carabinieri,Comune di San Gimignano
09_ALTA VALDELSA Protocollo-violenza-valdelsa-2022_ALTA VALDELSA.txt,Comando Provinciale dei Carabinieri,Consultorio Azienda USL Toscana Sud Est Zona Valdelsa
09_ALTA VALDELSA Protocollo-violenza-valdelsa-2022_ALTA VALDELSA.txt,Comando Provinciale dei Carabinieri,Fondazione Territori Sociali Altavaldelsa
09_ALTA VALDELSA Protocollo-violenza-valdelsa-2022_ALTA VALDELSA.txt,Comando Provinciale dei Carabinieri,Forze di Polizia Giudiziaria
09_ALTA VALDELSA Protocollo-violenza-valdelsa-2022_ALTA VALDELSA.txt,Comando Provinciale dei Carabinieri,Guardia di Finanza
09_ALTA VALDELSA Protocollo-violenza-valdelsa-2022_ALTA VALDELSA.txt,Comando Provinciale dei Carabinieri,Ordine degli Avvocati di Siena
09_ALTA VALDELSA Protocollo-violenza-valdelsa-2022_ALTA VALDELSA.txt,Comando Provinciale dei Carabinieri,Ordine dei Dottori Commercialisti e degli Esperti Contabili di Siena
09_ALTA VALDELSA Protocollo-violenza-valdelsa-2022_ALTA VALDELSA.txt,Comando Provinciale dei Carabinieri,Polizia Municipale di Casole d'Elsa
09_ALTA VALDELSA Protocollo-violenza-valdelsa-2022_ALTA VALDELSA.txt,Comando Provinciale dei Carabinieri,Polizia Municipale di Colle Val d'Elsa
09_ALTA VALDELSA Protocollo-violenza-valdelsa-2022_ALTA VALDELSA.txt,Comando Provinciale dei Carabinieri,Polizia Municipale di Poggibonsi
09_ALTA VALDELSA Protocollo-violenza-valdelsa-2022_ALTA VALDELSA.txt,Comando Provinciale dei Carabinieri,Polizia Municipale di Radicondoli
09_ALTA VALDELSA Protocollo-violenza-valdelsa-2022_ALTA VALDELSA.txt,Comando Provinciale dei Carabinieri,Polizia Municipale di San Gimignano
09_ALTA VALDELSA Protocollo-violenza-valdelsa-2022_ALTA VALDELSA.txt,Comando Provinciale dei Carabinieri,Polizie Municipali dei Comuni della Valdelsa
09_ALTA VALDELSA Protocollo-violenza-valdelsa-2022_ALTA VALDELSA.txt,Comando Provinciale dei Carabinieri,Prefettura di Siena
09_ALTA VALDELSA Protocollo-violenza-valdelsa-2022_ALTA VALDELSA.txt,Comando Provinciale dei Carabinieri,Procura della Repubblica di Siena
09_ALTA VALDELSA Protocollo-violenza-valdelsa-2022_ALTA VALDELSA.txt,Comando Provinciale dei Carabinieri,Pronto Soccorso di Campostaggia Azienda USL Toscana Sud Est
09_ALTA VALDELSA Protocollo-violenza-valdelsa-2022_ALTA VALDELSA.txt,Comando Provinciale dei Carabinieri,Questura di Siena
09_ALTA VALDELSA Protocollo-violenza-valdelsa-2022_ALTA VALDELSA.txt,Comando Provinciale dei Carabinieri,SERD
09_ALTA VALDELSA Protocollo-violenza-valdelsa-2022_ALTA VALDELSA.txt,Comando Provinciale dei Carabinieri,SEUS - Servizio Emergenza Urgenza Sociale
09_ALTA VALDELSA Protocollo-violenza-valdelsa-2022_ALTA VALDELSA.txt,Comando Provinciale dei Carabinieri,SMA
09_ALTA VALDELSA Protocollo-violenza-valdelsa-2022_ALTA VALDELSA.txt,Comando Provinciale dei Carabinieri,Servizi sociali
09_ALTA VALDELSA Protocollo-violenza-valdelsa-2022_ALTA VALDELSA.txt,Comando Provinciale dei Carabinieri,Servizio di Salute Mentale Azienda USL Toscana Sud Est Zona Alta Valdelsa
09_ALTA VALDELSA Protocollo-violenza-valdelsa-2022_ALTA VALDELSA.txt,Comando Provinciale dei Carabinieri,Società della Salute Alta Val d'Elsa
09_ALTA VALDELSA Protocollo-violenza-valdelsa-2022_ALTA VALDELSA.txt,Comando Provinciale dei Carabinieri,U.O Pronto Soccorso Azienda USL 7 - Monoblocco Alta Val d'Elsa
09_ALTA VALDELSA Protocollo-violenza-valdelsa-2022_ALTA VALDELSA.txt,Comando Provinciale dei Carabinieri,U.O.C. di Psicologia Azienda USL Toscana Sud Est
09_ALTA VALDELSA Protocollo-violenza-valdelsa-2022_ALTA VALDELSA.txt,Comando Provinciale dei Carabinieri,UTES - Unità Territoriali Emergenza Sociale
09_ALTA VALDELSA Protocollo-violenza-valdelsa-2022_ALTA VALDELSA.txt,Comitato Pari Opportunita dell'Ordine dei Dottori Commercialisti e degli Esperti Contabili di Siena,Comune di Casole d'Elsa
09_ALTA VALDELSA Protocollo-violenza-valdelsa-2022_ALTA VALDELSA.txt,Comitato Pari Opportunita dell'Ordine dei Dottori Commercialisti e degli Esperti Contabili di Siena,Comune di Colle di Val d'Elsa
09_ALTA VALDELSA Protocollo-violenza-valdelsa-2022_ALTA VALDELSA.txt,Comitato Pari Opportunita dell'Ordine dei Dottori Commercialisti e degli Esperti Contabili di Siena,Comune di Poggibonsi
09_ALTA VALDELSA Protocollo-violenza-valdelsa-2022_ALTA VALDELSA.txt,Comitato Pari Opportunita dell'Ordine dei Dottori Commercialisti e degli Esperti Contabili di Siena,Comune di Radicondoli
09_ALTA VALDELSA Protocollo-violenza-valdelsa-2022_ALTA VALDELSA.txt,Comitato Pari Opportunita dell'Ordine dei Dottori Commercialisti e degli Esperti Contabili di Siena,Comune di San Gimignano
09_ALTA VALDELSA Protocollo-violenza-valdelsa-2022_ALTA VALDELSA.txt,Comitato Pari Opportunita dell'Ordine dei Dottori Commercialisti e degli Esperti Contabili di Siena,Consultorio Azienda USL Toscana Sud Est Zona Valdelsa
09_ALTA VALDELSA Protocollo-violenza-valdelsa-2022_ALTA VALDELSA.txt,Comitato Pari Opportunita dell'Ordine dei Dottori Commercialisti e degli Esperti Contabili di Siena,Fondazione Territori Sociali Altavaldelsa
09_ALTA VALDELSA Protocollo-violenza-valdelsa-2022_ALTA VALDELSA.txt,Comitato Pari Opportunita dell'Ordine dei Dottori Commercialisti e degli Esperti Contabili di Siena,Forze di Polizia Giudiziaria
09_ALTA VALDELSA Protocollo-violenza-valdelsa-2022_ALTA VALDELSA.txt,Comitato Pari Opportunita dell'Ordine dei Dottori Commercialisti e degli Esperti Contabili di Siena,Guardia di Finanza
09_ALTA VALDELSA Protocollo-violenza-valdelsa-2022_ALTA VALDELSA.txt,Comitato Pari Opportunita dell'Ordine dei Dottori Commercialisti e degli Esperti Contabili di Siena,Ordine degli Avvocati di Siena
09_ALTA VALDELSA Protocollo-violenza-valdelsa-2022_ALTA VALDELSA.txt,Comitato Pari Opportunita dell'Ordine dei Dottori Commercialisti e degli Esperti Contabili di Siena,Ordine dei Dottori Commercialisti e degli Esperti Contabili di Siena
09_ALTA VALDELSA Protocollo-violenza-valdelsa-2022_ALTA VALDELSA.txt,Comitato Pari Opportunita dell'Ordine dei Dottori Commercialisti e degli Esperti Contabili di Siena,Polizia Municipale di Casole d'Elsa
09_ALTA VALDELSA Protocollo-violenza-valdelsa-2022_ALTA VALDELSA.txt,Comitato Pari Opportunita dell'Ordine dei Dottori Commercialisti e degli Esperti Contabili di Siena,Polizia Municipale di Colle Val d'Elsa
09_ALTA VALDELSA Protocollo-violenza-valdelsa-2022_ALTA VALDELSA.txt,Comitato Pari Opportunita dell'Ordine dei Dottori Commercialisti e degli Esperti Contabili di Siena,Polizia Municipale di Poggibonsi
09_ALTA VALDELSA Protocollo-violenza-valdelsa-2022_ALTA VALDELSA.txt,Comitato Pari Opportunita dell'Ordine dei Dottori Commercialisti e degli Esperti Contabili di Siena,Polizia Municipale di Radicondoli
09_ALTA VALDELSA Protocollo-violenza-valdelsa-2022_ALTA VALDELSA.txt,Comitato Pari Opportunita dell'Ordine dei Dottori Commercialisti e degli Esperti Contabili di Siena,Polizia Municipale di San Gimignano
09_ALTA VALDELSA Protocollo-violenza-valdelsa-2022_ALTA VALDELSA.txt,Comitato Pari Opportunita dell'Ordine dei Dottori Commercialisti e degli Esperti Contabili di Siena,Polizie Municipali dei Comuni della Valdelsa
09_ALTA VALDELSA Protocollo-violenza-valdelsa-2022_ALTA VALDELSA.txt,Comitato Pari Opportunita dell'Ordine dei Dottori Commercialisti e degli Esperti Contabili di Siena,Prefettura di Siena
09_ALTA VALDELSA Protocollo-violenza-valdelsa-2022_ALTA VALDELSA.txt,Comitato Pari Opportunita dell'Ordine dei Dottori Commercialisti e degli Esperti Contabili di Siena,Procura della Repubblica di Siena
09_ALTA VALDELSA Protocollo-violenza-valdelsa-2022_ALTA VALDELSA.txt,Comitato Pari Opportunita dell'Ordine dei Dottori Commercialisti e degli Esperti Contabili di Siena,Pronto Soccorso di Campostaggia Azienda USL Toscana Sud Est
09_ALTA VALDELSA Protocollo-violenza-valdelsa-2022_ALTA VALDELSA.txt,Comitato Pari Opportunita dell'Ordine dei Dottori Commercialisti e degli Esperti Contabili di Siena,Questura di Siena
09_ALTA VALDELSA Protocollo-violenza-valdelsa-2022_ALTA VALDELSA.txt,Comitato Pari Opportunita dell'Ordine dei Dottori Commercialisti e degli Esperti Contabili di Siena,SERD
09_ALTA VALDELSA Protocollo-violenza-valdelsa-2022_ALTA VALDELSA.txt,Comitato Pari Opportunita dell'Ordine dei Dottori Commercialisti e degli Esperti Contabili di Siena,SEUS - Servizio Emergenza Urgenza Sociale
09_ALTA VALDELSA Protocollo-violenza-valdelsa-2022_ALTA VALDELSA.txt,Comitato Pari Opportunita dell'Ordine dei Dottori Commercialisti e degli Esperti Contabili di Siena,SMA
09_ALTA VALDELSA Protocollo-violenza-valdelsa-2022_ALTA VALDELSA.txt,Comitato Pari Opportunita dell'Ordine dei Dottori Commercialisti e degli Esperti Contabili di Siena,Servizi sociali
09_ALTA VALDELSA Protocollo-violenza-valdelsa-2022_ALTA VALDELSA.txt,Comitato Pari Opportunita dell'Ordine dei Dottori Commercialisti e degli Esperti Contabili di Siena,Servizio di Salute Mentale Azienda USL Toscana Sud Est Zona Alta Valdelsa
09_ALTA VALDELSA Protocollo-violenza-valdelsa-2022_ALTA VALDELSA.txt,Comitato Pari Opportunita dell'Ordine dei Dottori Commercialisti e degli Esperti Contabili di Siena,Società della Salute Alta Val d'Elsa
09_ALTA VALDELSA Protocollo-violenza-valdelsa-2022_ALTA VALDELSA.txt,Comitato Pari Opportunita dell'Ordine dei Dottori Commercialisti e degli Esperti Contabili di Siena,U.O Pronto Soccorso Azienda USL 7 - Monoblocco Alta Val d'Elsa
09_ALTA VALDELSA Protocollo-violenza-valdelsa-2022_ALTA VALDELSA.txt,Comitato Pari Opportunita dell'Ordine dei Dottori Commercialisti e degli Esperti Contabili di Siena,U.O.C. di Psicologia Azienda USL Toscana Sud Est
09_ALTA VALDELSA Protocollo-violenza-valdelsa-2022_ALTA VALDELSA.txt,Comitato Pari Opportunita dell'Ordine dei Dottori Commercialisti e degli Esperti Contabili di Siena,UTES - Unità Territoriali Emergenza Sociale
09_ALTA VALDELSA Protocollo-violenza-valdelsa-2022_ALTA VALDELSA.txt,Comune di Casole d'Elsa,Comune di Colle di Val d'Elsa
09_ALTA VALDELSA Protocollo-violenza-valdelsa-2022_ALTA VALDELSA.txt,Comune di Casole d'Elsa,Comune di Poggibonsi
09_ALTA VALDELSA Protocollo-violenza-valdelsa-2022_ALTA VALDELSA.txt,Comune di Casole d'Elsa,Comune di Radicondoli
09_ALTA VALDELSA Protocollo-violenza-valdelsa-2022_ALTA VALDELSA.txt,Comune di Casole d'Elsa,Comune di San Gimignano
09_ALTA VALDELSA Protocollo-violenza-valdelsa-2022_ALTA VALDELSA.txt,Comune di Casole d'Elsa,Consultorio Azienda USL Toscana Sud Est Zona Valdelsa
09_ALTA VALDELSA Protocollo-violenza-valdelsa-2022_ALTA VALDELSA.txt,Comune di Casole d'Elsa,Fondazione Territori Sociali Altavaldelsa
09_ALTA VALDELSA Protocollo-violenza-valdelsa-2022_ALTA VALDELSA.txt,Comune di Casole d'Elsa,Forze di Polizia Giudiziaria
09_ALTA VALDELSA Protocollo-violenza-valdelsa-2022_ALTA VALDELSA.txt,Comune di Casole d'Elsa,Guardia di Finanza
09_ALTA VALDELSA Protocollo-violenza-valdelsa-2022_ALTA VALDELSA.txt,Comune di Casole d'Elsa,Ordine degli Avvocati di Siena
09_ALTA VALDELSA Protocollo-violenza-valdelsa-2022_ALTA VALDELSA.txt,Comune di Casole d'Elsa,Ordine dei Dottori Commercialisti e degli Esperti Contabili di Siena
09_ALTA VALDELSA Protocollo-violenza-valdelsa-2022_ALTA VALDELSA.txt,Comune di Casole d'Elsa,Polizia Municipale di Casole d'Elsa
09_ALTA VALDELSA Protocollo-violenza-valdelsa-2022_ALTA VALDELSA.txt,Comune di Casole d'Elsa,Polizia Municipale di Colle Val d'Elsa
09_ALTA VALDELSA Protocollo-violenza-valdelsa-2022_ALTA VALDELSA.txt,Comune di Casole d'Elsa,Polizia Municipale di Poggibonsi
09_ALTA VALDELSA Protocollo-violenza-valdelsa-2022_ALTA VALDELSA.txt,Comune di Casole d'Elsa,Polizia Municipale di Radicondoli
09_ALTA VALDELSA Protocollo-violenza-valdelsa-2022_ALTA VALDELSA.txt,Comune di Casole d'Elsa,Polizia Municipale di San Gimignano
09_ALTA VALDELSA Protocollo-violenza-valdelsa-2022_ALTA VALDELSA.txt,Comune di Casole d'Elsa,Polizie Municipali dei Comuni della Valdelsa
09_ALTA VALDELSA Protocollo-violenza-valdelsa-2022_ALTA VALDELSA.txt,Comune di Casole d'Elsa,Prefettura di Siena
09_ALTA VALDELSA Protocollo-violenza-valdelsa-2022_ALTA VALDELSA.txt,Comune di Casole d'Elsa,Procura della Repubblica di Siena
09_ALTA VALDELSA Protocollo-violenza-valdelsa-2022_ALTA VALDELSA.txt,Comune di Casole d'Elsa,Pronto Soccorso di Campostaggia Azienda USL Toscana Sud Est
09_ALTA VALDELSA Protocollo-violenza-valdelsa-2022_ALTA VALDELSA.txt,Comune di Casole d'Elsa,Questura di Siena
09_ALTA VALDELSA Protocollo-violenza-valdelsa-2022_ALTA VALDELSA.txt,Comune di Casole d'Elsa,SERD
09_ALTA VALDELSA Protocollo-violenza-valdelsa-2022_ALTA VALDELSA.txt,Comune di Casole d'Elsa,SEUS - Servizio Emergenza Urgenza Sociale
09_ALTA VALDELSA Protocollo-violenza-valdelsa-2022_ALTA VALDELSA.txt,Comune di Casole d'Elsa,SMA
09_ALTA VALDELSA Protocollo-violenza-valdelsa-2022_ALTA VALDELSA.txt,Comune di Casole d'Elsa,Servizi sociali
09_ALTA VALDELSA Protocollo-violenza-valdelsa-2022_ALTA VALDELSA.txt,Comune di Casole d'Elsa,Servizio di Salute Mentale Azienda USL Toscana Sud Est Zona Alta Valdelsa
09_ALTA VALDELSA Protocollo-violenza-valdelsa-2022_ALTA VALDELSA.txt,Comune di Casole d'Elsa,Società della Salute Alta Val d'Elsa
09_ALTA VALDELSA Protocollo-violenza-valdelsa-2022_ALTA VALDELSA.txt,Comune di Casole d'Elsa,U.O Pronto Soccorso Azienda USL 7 - Monoblocco Alta Val d'Elsa
09_ALTA VALDELSA Protocollo-violenza-valdelsa-2022_ALTA VALDELSA.txt,Comune di Casole d'Elsa,U.O.C. di Psicologia Azienda USL Toscana Sud Est
09_ALTA VALDELSA Protocollo-violenza-valdelsa-2022_ALTA VALDELSA.txt,Comune di Casole d'Elsa,UTES - Unità Territoriali Emergenza Sociale
09_ALTA VALDELSA Protocollo-violenza-valdelsa-2022_ALTA VALDELSA.txt,Comune di Colle di Val d'Elsa,Comune di Poggibonsi
09_ALTA VALDELSA Protocollo-violenza-valdelsa-2022_ALTA VALDELSA.txt,Comune di Colle di Val d'Elsa,Comune di Radicondoli
09_ALTA VALDELSA Protocollo-violenza-valdelsa-2022_ALTA VALDELSA.txt,Comune di Colle di Val d'Elsa,Comune di San Gimignano
09_ALTA VALDELSA Protocollo-violenza-valdelsa-2022_ALTA VALDELSA.txt,Comune di Colle di Val d'Elsa,Consultorio Azienda USL Toscana Sud Est Zona Valdelsa
09_ALTA VALDELSA Protocollo-violenza-valdelsa-2022_ALTA VALDELSA.txt,Comune di Colle di Val d'Elsa,Fondazione Territori Sociali Altavaldelsa
09_ALTA VALDELSA Protocollo-violenza-valdelsa-2022_ALTA VALDELSA.txt,Comune di Colle di Val d'Elsa,Forze di Polizia Giudiziaria
09_ALTA VALDELSA Protocollo-violenza-valdelsa-2022_ALTA VALDELSA.txt,Comune di Colle di Val d'Elsa,Guardia di Finanza
09_ALTA VALDELSA Protocollo-violenza-valdelsa-2022_ALTA VALDELSA.txt,Comune di Colle di Val d'Elsa,Ordine degli Avvocati di Siena
09_ALTA VALDELSA Protocollo-violenza-valdelsa-2022_ALTA VALDELSA.txt,Comune di Colle di Val d'Elsa,Ordine dei Dottori Commercialisti e degli Esperti Contabili di Siena
09_ALTA VALDELSA Protocollo-violenza-valdelsa-2022_ALTA VALDELSA.txt,Comune di Colle di Val d'Elsa,Polizia Municipale di Casole d'Elsa
09_ALTA VALDELSA Protocollo-violenza-valdelsa-2022_ALTA VALDELSA.txt,Comune di Colle di Val d'Elsa,Polizia Municipale di Colle Val d'Elsa
09_ALTA VALDELSA Protocollo-violenza-valdelsa-2022_ALTA VALDELSA.txt,Comune di Colle di Val d'Elsa,Polizia Municipale di Poggibonsi
09_ALTA VALDELSA Protocollo-violenza-valdelsa-2022_ALTA VALDELSA.txt,Comune di Colle di Val d'Elsa,Polizia Municipale di Radicondoli
09_ALTA VALDELSA Protocollo-violenza-valdelsa-2022_ALTA VALDELSA.txt,Comune di Colle di Val d'Elsa,Polizia Municipale di San Gimignano
09_ALTA VALDELSA Protocollo-violenza-valdelsa-2022_ALTA VALDELSA.txt,Comune di Colle di Val d'Elsa,Polizie Municipali dei Comuni della Valdelsa
09_ALTA VALDELSA Protocollo-violenza-valdelsa-2022_ALTA VALDELSA.txt,Comune di Colle di Val d'Elsa,Prefettura di Siena
09_ALTA VALDELSA Protocollo-violenza-valdelsa-2022_ALTA VALDELSA.txt,Comune di Colle di Val d'Elsa,Procura della Repubblica di Siena
09_ALTA VALDELSA Protocollo-violenza-valdelsa-2022_ALTA VALDELSA.txt,Comune di Colle di Val d'Elsa,Pronto Soccorso di Campostaggia Azienda USL Toscana Sud Est
09_ALTA VALDELSA Protocollo-violenza-valdelsa-2022_ALTA VALDELSA.txt,Comune di Colle di Val d'Elsa,Questura di Siena
09_ALTA VALDELSA Protocollo-violenza-valdelsa-2022_ALTA VALDELSA.txt,Comune di Colle di Val d'Elsa,SERD
09_ALTA VALDELSA Protocollo-violenza-valdelsa-2022_ALTA VALDELSA.txt,Comune di Colle di Val d'Elsa,SEUS - Servizio Emergenza Urgenza Sociale
09_ALTA VALDELSA Protocollo-violenza-valdelsa-2022_ALTA VALDELSA.txt,Comune di Colle di Val d'Elsa,SMA
09_ALTA VALDELSA Protocollo-violenza-valdelsa-2022_ALTA VALDELSA.txt,Comune di Colle di Val d'Elsa,Servizi sociali
09_ALTA VALDELSA Protocollo-violenza-valdelsa-2022_ALTA VALDELSA.txt,Comune di Colle di Val d'Elsa,Servizio di Salute Mentale Azienda USL Toscana Sud Est Zona Alta Valdelsa
09_ALTA VALDELSA Protocollo-violenza-valdelsa-2022_ALTA VALDELSA.txt,Comune di Colle di Val d'Elsa,Società della Salute Alta Val d'Elsa
09_ALTA VALDELSA Protocollo-violenza-valdelsa-2022_ALTA VALDELSA.txt,Comune di Colle di Val d'Elsa,U.O Pronto Soccorso Azienda USL 7 - Monoblocco Alta Val d'Elsa
09_ALTA VALDELSA Protocollo-violenza-valdelsa-2022_ALTA VALDELSA.txt,Comune di Colle di Val d'Elsa,U.O.C. di Psicologia Azienda USL Toscana Sud Est
09_ALTA VALDELSA Protocollo-violenza-valdelsa-2022_ALTA VALDELSA.txt,Comune di Colle di Val d'Elsa,UTES - Unità Territoriali Emergenza Sociale
09_ALTA VALDELSA Protocollo-violenza-valdelsa-2022_ALTA VALDELSA.txt,Comune di Poggibonsi,Comune di Radicondoli
09_ALTA VALDELSA Protocollo-violenza-valdelsa-2022_ALTA VALDELSA.txt,Comune di Poggibonsi,Comune di San Gimignano
09_ALTA VALDELSA Protocollo-violenza-valdelsa-2022_ALTA VALDELSA.txt,Comune di Poggibonsi,Consultorio Azienda USL Toscana Sud Est Zona Valdelsa
09_ALTA VALDELSA Protocollo-violenza-valdelsa-2022_ALTA VALDELSA.txt,Comune di Poggibonsi,Fondazione Territori Sociali Altavaldelsa
09_ALTA VALDELSA Protocollo-violenza-valdelsa-2022_ALTA VALDELSA.txt,Comune di Poggibonsi,Forze di Polizia Giudiziaria
09_ALTA VALDELSA Protocollo-violenza-valdelsa-2022_ALTA VALDELSA.txt,Comune di Poggibonsi,Guardia di Finanza
09_ALTA VALDELSA Protocollo-violenza-valdelsa-2022_ALTA VALDELSA.txt,Comune di Poggibonsi,Ordine degli Avvocati di Siena
09_ALTA VALDELSA Protocollo-violenza-valdelsa-2022_ALTA VALDELSA.txt,Comune di Poggibonsi,Ordine dei Dottori Commercialisti e degli Esperti Contabili di Siena
09_ALTA VALDELSA Protocollo-violenza-valdelsa-2022_ALTA VALDELSA.txt,Comune di Poggibonsi,Polizia Municipale di Casole d'Elsa
09_ALTA VALDELSA Protocollo-violenza-valdelsa-2022_ALTA VALDELSA.txt,Comune di Poggibonsi,Polizia Municipale di Colle Val d'Elsa
09_ALTA VALDELSA Protocollo-violenza-valdelsa-2022_ALTA VALDELSA.txt,Comune di Poggibonsi,Polizia Municipale di Poggibonsi
09_ALTA VALDELSA Protocollo-violenza-valdelsa-2022_ALTA VALDELSA.txt,Comune di Poggibonsi,Polizia Municipale di Radicondoli
09_ALTA VALDELSA Protocollo-violenza-valdelsa-2022_ALTA VALDELSA.txt,Comune di Poggibonsi,Polizia Municipale di San Gimignano
09_ALTA VALDELSA Protocollo-violenza-valdelsa-2022_ALTA VALDELSA.txt,Comune di Poggibonsi,Polizie Municipali dei Comuni della Valdelsa
09_ALTA VALDELSA Protocollo-violenza-valdelsa-2022_ALTA VALDELSA.txt,Comune di Poggibonsi,Prefettura di Siena
09_ALTA VALDELSA Protocollo-violenza-valdelsa-2022_ALTA VALDELSA.txt,Comune di Poggibonsi,Procura della Repubblica di Siena
09_ALTA VALDELSA Protocollo-violenza-valdelsa-2022_ALTA VALDELSA.txt,Comune di Poggibonsi,Pronto Soccorso di Campostaggia Azienda USL Toscana Sud Est
09_ALTA VALDELSA Protocollo-violenza-valdelsa-2022_ALTA VALDELSA.txt,Comune di Poggibonsi,Questura di Siena
09_ALTA VALDELSA Protocollo-violenza-valdelsa-2022_ALTA VALDELSA.txt,Comune di Poggibonsi,SERD
09_ALTA VALDELSA Protocollo-violenza-valdelsa-2022_ALTA VALDELSA.txt,Comune di Poggibonsi,SEUS - Servizio Emergenza Urgenza Sociale
09_ALTA VALDELSA Protocollo-violenza-valdelsa-2022_ALTA VALDELSA.txt,Comune di Poggibonsi,SMA
09_ALTA VALDELSA Protocollo-violenza-valdelsa-2022_ALTA VALDELSA.txt,Comune di Poggibonsi,Servizi sociali
09_ALTA VALDELSA Protocollo-violenza-valdelsa-2022_ALTA VALDELSA.txt,Comune di Poggibonsi,Servizio di Salute Mentale Azienda USL Toscana Sud Est Zona Alta Valdelsa
09_ALTA VALDELSA Protocollo-violenza-valdelsa-2022_ALTA VALDELSA.txt,Comune di Poggibonsi,Società della Salute Alta Val d'Elsa
09_ALTA VALDELSA Protocollo-violenza-valdelsa-2022_ALTA VALDELSA.txt,Comune di Poggibonsi,U.O Pronto Soccorso Azienda USL 7 - Monoblocco Alta Val d'Elsa
09_ALTA VALDELSA Protocollo-violenza-valdelsa-2022_ALTA VALDELSA.txt,Comune di Poggibonsi,U.O.C. di Psicologia Azienda USL Toscana Sud Est
09_ALTA VALDELSA Protocollo-violenza-valdelsa-2022_ALTA VALDELSA.txt,Comune di Poggibonsi,UTES - Unità Territoriali Emergenza Sociale
09_ALTA VALDELSA Protocollo-violenza-valdelsa-2022_ALTA VALDELSA.txt,Comune di Radicondoli,Comune di San Gimignano
09_ALTA VALDELSA Protocollo-violenza-valdelsa-2022_ALTA VALDELSA.txt,Comune di Radicondoli,Consultorio Azienda USL Toscana Sud Est Zona Valdelsa
09_ALTA VALDELSA Protocollo-violenza-valdelsa-2022_ALTA VALDELSA.txt,Comune di Radicondoli,Fondazione Territori Sociali Altavaldelsa
09_ALTA VALDELSA Protocollo-violenza-valdelsa-2022_ALTA VALDELSA.txt,Comune di Radicondoli,Forze di Polizia Giudiziaria
09_ALTA VALDELSA Protocollo-violenza-valdelsa-2022_ALTA VALDELSA.txt,Comune di Radicondoli,Guardia di Finanza
09_ALTA VALDELSA Protocollo-violenza-valdelsa-2022_ALTA VALDELSA.txt,Comune di Radicondoli,Ordine degli Avvocati di Siena
09_ALTA VALDELSA Protocollo-violenza-valdelsa-2022_ALTA VALDELSA.txt,Comune di Radicondoli,Ordine dei Dottori Commercialisti e degli Esperti Contabili di Siena
09_ALTA VALDELSA Protocollo-violenza-valdelsa-2022_ALTA VALDELSA.txt,Comune di Radicondoli,Polizia Municipale di Casole d'Elsa
09_ALTA VALDELSA Protocollo-violenza-valdelsa-2022_ALTA VALDELSA.txt,Comune di Radicondoli,Polizia Municipale di Colle Val d'Elsa
09_ALTA VALDELSA Protocollo-violenza-valdelsa-2022_ALTA VALDELSA.txt,Comune di Radicondoli,Polizia Municipale di Poggibonsi
09_ALTA VALDELSA Protocollo-violenza-valdelsa-2022_ALTA VALDELSA.txt,Comune di Radicondoli,Polizia Municipale di Radicondoli
09_ALTA VALDELSA Protocollo-violenza-valdelsa-2022_ALTA VALDELSA.txt,Comune di Radicondoli,Polizia Municipale di San Gimignano
09_ALTA VALDELSA Protocollo-violenza-valdelsa-2022_ALTA VALDELSA.txt,Comune di Radicondoli,Polizie Municipali dei Comuni della Valdelsa
09_ALTA VALDELSA Protocollo-violenza-valdelsa-2022_ALTA VALDELSA.txt,Comune di Radicondoli,Prefettura di Siena
09_ALTA VALDELSA Protocollo-violenza-valdelsa-2022_ALTA VALDELSA.txt,Comune di Radicondoli,Procura della Repubblica di Siena
09_ALTA VALDELSA Protocollo-violenza-valdelsa-2022_ALTA VALDELSA.txt,Comune di Radicondoli,Pronto Soccorso di Campostaggia Azienda USL Toscana Sud Est
09_ALTA VALDELSA Protocollo-violenza-valdelsa-2022_ALTA VALDELSA.txt,Comune di Radicondoli,Questura di Siena
09_ALTA VALDELSA Protocollo-violenza-valdelsa-2022_ALTA VALDELSA.txt,Comune di Radicondoli,SERD
09_ALTA VALDELSA Protocollo-violenza-valdelsa-2022_ALTA VALDELSA.txt,Comune di Radicondoli,SEUS - Servizio Emergenza Urgenza Sociale
09_ALTA VALDELSA Protocollo-violenza-valdelsa-2022_ALTA VALDELSA.txt,Comune di Radicondoli,SMA
09_ALTA VALDELSA Protocollo-violenza-valdelsa-2022_ALTA VALDELSA.txt,Comune di Radicondoli,Servizi sociali
09_ALTA VALDELSA Protocollo-violenza-valdelsa-2022_ALTA VALDELSA.txt,Comune di Radicondoli,Servizio di Salute Mentale Azienda USL Toscana Sud Est Zona Alta Valdelsa
09_ALTA VALDELSA Protocollo-violenza-valdelsa-2022_ALTA VALDELSA.txt,Comune di Radicondoli,Società della Salute Alta Val d'Elsa
09_ALTA VALDELSA Protocollo-violenza-valdelsa-2022_ALTA VALDELSA.txt,Comune di Radicondoli,U.O Pronto Soccorso Azienda USL 7 - Monoblocco Alta Val d'Elsa
09_ALTA VALDELSA Protocollo-violenza-valdelsa-2022_ALTA VALDELSA.txt,Comune di Radicondoli,U.O.C. di Psicologia Azienda USL Toscana Sud Est
09_ALTA VALDELSA Protocollo-violenza-valdelsa-2022_ALTA VALDELSA.txt,Comune di Radicondoli,UTES - Unità Territoriali Emergenza Sociale
09_ALTA VALDELSA Protocollo-violenza-valdelsa-2022_ALTA VALDELSA.txt,Comune di San Gimignano,Consultorio Azienda USL Toscana Sud Est Zona Valdelsa
09_ALTA VALDELSA Protocollo-violenza-valdelsa-2022_ALTA VALDELSA.txt,Comune di San Gimignano,Fondazione Territori Sociali Altavaldelsa
09_ALTA VALDELSA Protocollo-violenza-valdelsa-2022_ALTA VALDELSA.txt,Comune di San Gimignano,Forze di Polizia Giudiziaria
09_ALTA VALDELSA Protocollo-violenza-valdelsa-2022_ALTA VALDELSA.txt,Comune di San Gimignano,Guardia di Finanza
09_ALTA VALDELSA Protocollo-violenza-valdelsa-2022_ALTA VALDELSA.txt,Comune di San Gimignano,Ordine degli Avvocati di Siena
09_ALTA VALDELSA Protocollo-violenza-valdelsa-2022_ALTA VALDELSA.txt,Comune di San Gimignano,Ordine dei Dottori Commercialisti e degli Esperti Contabili di Siena
09_ALTA VALDELSA Protocollo-violenza-valdelsa-2022_ALTA VALDELSA.txt,Comune di San Gimignano,Polizia Municipale di Casole d'Elsa
09_ALTA VALDELSA Protocollo-violenza-valdelsa-2022_ALTA VALDELSA.txt,Comune di San Gimignano,Polizia Municipale di Colle Val d'Elsa
09_ALTA VALDELSA Protocollo-violenza-valdelsa-2022_ALTA VALDELSA.txt,Comune di San Gimignano,Polizia Municipale di Poggibonsi
09_ALTA VALDELSA Protocollo-violenza-valdelsa-2022_ALTA VALDELSA.txt,Comune di San Gimignano,Polizia Municipale di Radicondoli
09_ALTA VALDELSA Protocollo-violenza-valdelsa-2022_ALTA VALDELSA.txt,Comune di San Gimignano,Polizia Municipale di San Gimignano
09_ALTA VALDELSA Protocollo-violenza-valdelsa-2022_ALTA VALDELSA.txt,Comune di San Gimignano,Polizie Municipali dei Comuni della Valdelsa
09_ALTA VALDELSA Protocollo-violenza-valdelsa-2022_ALTA VALDELSA.txt,Comune di San Gimignano,Prefettura di Siena
09_ALTA VALDELSA Protocollo-violenza-valdelsa-2022_ALTA VALDELSA.txt,Comune di San Gimignano,Procura della Repubblica di Siena
09_ALTA VALDELSA Protocollo-violenza-valdelsa-2022_ALTA VALDELSA.txt,Comune di San Gimignano,Pronto Soccorso di Campostaggia Azienda USL Toscana Sud Est
09_ALTA VALDELSA Protocollo-violenza-valdelsa-2022_ALTA VALDELSA.txt,Comune di San Gimignano,Questura di Siena
09_ALTA VALDELSA Protocollo-violenza-valdelsa-2022_ALTA VALDELSA.txt,Comune di San Gimignano,SERD
09_ALTA VALDELSA Protocollo-violenza-valdelsa-2022_ALTA VALDELSA.txt,Comune di San Gimignano,SEUS - Servizio Emergenza Urgenza Sociale
09_ALTA VALDELSA Protocollo-violenza-valdelsa-2022_ALTA VALDELSA.txt,Comune di San Gimignano,SMA
09_ALTA VALDELSA Protocollo-violenza-valdelsa-2022_ALTA VALDELSA.txt,Comune di San Gimignano,Servizi sociali
09_ALTA VALDELSA Protocollo-violenza-valdelsa-2022_ALTA VALDELSA.txt,Comune di San Gimignano,Servizio di Salute Mentale Azienda USL Toscana Sud Est Zona Alta Valdelsa
09_ALTA VALDELSA Protocollo-violenza-valdelsa-2022_ALTA VALDELSA.txt,Comune di San Gimignano,Società della Salute Alta Val d'Elsa
09_ALTA VALDELSA Protocollo-violenza-valdelsa-2022_ALTA VALDELSA.txt,Comune di San Gimignano,U.O Pronto Soccorso Azienda USL 7 - Monoblocco Alta Val d'Elsa
09_ALTA VALDELSA Protocollo-violenza-valdelsa-2022_ALTA VALDELSA.txt,Comune di San Gimignano,U.O.C. di Psicologia Azienda USL Toscana Sud Est
09_ALTA VALDELSA Protocollo-violenza-valdelsa-2022_ALTA VALDELSA.txt,Comune di San Gimignano,UTES - Unità Territoriali Emergenza Sociale
09_ALTA VALDELSA Protocollo-violenza-valdelsa-2022_ALTA VALDELSA.txt,Consultorio Azienda USL Toscana Sud Est Zona Valdelsa,Fondazione Territori Sociali Altavaldelsa
09_ALTA VALDELSA Protocollo-violenza-valdelsa-2022_ALTA VALDELSA.txt,Consultorio Azienda USL Toscana Sud Est Zona Valdelsa,Forze di Polizia Giudiziaria
09_ALTA VALDELSA Protocollo-violenza-valdelsa-2022_ALTA VALDELSA.txt,Consultorio Azienda USL Toscana Sud Est Zona Valdelsa,Guardia di Finanza
09_ALTA VALDELSA Protocollo-violenza-valdelsa-2022_ALTA VALDELSA.txt,Consultorio Azienda USL Toscana Sud Est Zona Valdelsa,Ordine degli Avvocati di Siena
09_ALTA VALDELSA Protocollo-violenza-valdelsa-2022_ALTA VALDELSA.txt,Consultorio Azienda USL Toscana Sud Est Zona Valdelsa,Ordine dei Dottori Commercialisti e degli Esperti Contabili di Siena
09_ALTA VALDELSA Protocollo-violenza-valdelsa-2022_ALTA VALDELSA.txt,Consultorio Azienda USL Toscana Sud Est Zona Valdelsa,Polizia Municipale di Casole d'Elsa
09_ALTA VALDELSA Protocollo-violenza-valdelsa-2022_ALTA VALDELSA.txt,Consultorio Azienda USL Toscana Sud Est Zona Valdelsa,Polizia Municipale di Colle Val d'Elsa
09_ALTA VALDELSA Protocollo-violenza-valdelsa-2022_ALTA VALDELSA.txt,Consultorio Azienda USL Toscana Sud Est Zona Valdelsa,Polizia Municipale di Poggibonsi
09_ALTA VALDELSA Protocollo-violenza-valdelsa-2022_ALTA VALDELSA.txt,Consultorio Azienda USL Toscana Sud Est Zona Valdelsa,Polizia Municipale di Radicondoli
09_ALTA VALDELSA Protocollo-violenza-valdelsa-2022_ALTA VALDELSA.txt,Consultorio Azienda USL Toscana Sud Est Zona Valdelsa,Polizia Municipale di San Gimignano
09_ALTA VALDELSA Protocollo-violenza-valdelsa-2022_ALTA VALDELSA.txt,Consultorio Azienda USL Toscana Sud Est Zona Valdelsa,Polizie Municipali dei Comuni della Valdelsa
09_ALTA VALDELSA Protocollo-violenza-valdelsa-2022_ALTA VALDELSA.txt,Consultorio Azienda USL Toscana Sud Est Zona Valdelsa,Prefettura di Siena
09_ALTA VALDELSA Protocollo-violenza-valdelsa-2022_ALTA VALDELSA.txt,Consultorio Azienda USL Toscana Sud Est Zona Valdelsa,Procura della Repubblica di Siena
09_ALTA VALDELSA Protocollo-violenza-valdelsa-2022_ALTA VALDELSA.txt,Consultorio Azienda USL Toscana Sud Est Zona Valdelsa,Pronto Soccorso di Campostaggia Azienda USL Toscana Sud Est
09_ALTA VALDELSA Protocollo-violenza-valdelsa-2022_ALTA VALDELSA.txt,Consultorio Azienda USL Toscana Sud Est Zona Valdelsa,Questura di Siena
09_ALTA VALDELSA Protocollo-violenza-valdelsa-2022_ALTA VALDELSA.txt,Consultorio Azienda USL Toscana Sud Est Zona Valdelsa,SERD
09_ALTA VALDELSA Protocollo-violenza-valdelsa-2022_ALTA VALDELSA.txt,Consultorio Azienda USL Toscana Sud Est Zona Valdelsa,SEUS - Servizio Emergenza Urgenza Sociale
09_ALTA VALDELSA Protocollo-violenza-valdelsa-2022_ALTA VALDELSA.txt,Consultorio Azienda USL Toscana Sud Est Zona Valdelsa,SMA
09_ALTA VALDELSA Protocollo-violenza-valdelsa-2022_ALTA VALDELSA.txt,Consultorio Azienda USL Toscana Sud Est Zona Valdelsa,Servizi sociali
09_ALTA VALDELSA Protocollo-violenza-valdelsa-2022_ALTA VALDELSA.txt,Consultorio Azienda USL Toscana Sud Est Zona Valdelsa,Servizio di Salute Mentale Azienda USL Toscana Sud Est Zona Alta Valdelsa
09_ALTA VALDELSA Protocollo-violenza-valdelsa-2022_ALTA VALDELSA.txt,Consultorio Azienda USL Toscana Sud Est Zona Valdelsa,Società della Salute Alta Val d'Elsa
09_ALTA VALDELSA Protocollo-violenza-valdelsa-2022_ALTA VALDELSA.txt,Consultorio Azienda USL Toscana Sud Est Zona Valdelsa,U.O Pronto Soccorso Azienda USL 7 - Monoblocco Alta Val d'Elsa
09_ALTA VALDELSA Protocollo-violenza-valdelsa-2022_ALTA VALDELSA.txt,Consultorio Azienda USL Toscana Sud Est Zona Valdelsa,U.O.C. di Psicologia Azienda USL Toscana Sud Est
09_ALTA VALDELSA Protocollo-violenza-valdelsa-2022_ALTA VALDELSA.txt,Consultorio Azienda USL Toscana Sud Est Zona Valdelsa,UTES - Unità Territoriali Emergenza Sociale
09_ALTA VALDELSA Protocollo-violenza-valdelsa-2022_ALTA VALDELSA.txt,Fondazione Territori Sociali Altavaldelsa,Forze di Polizia Giudiziaria
09_ALTA VALDELSA Protocollo-violenza-valdelsa-2022_ALTA VALDELSA.txt,Fondazione Territori Sociali Altavaldelsa,Guardia di Finanza
09_ALTA VALDELSA Protocollo-violenza-valdelsa-2022_ALTA VALDELSA.txt,Fondazione Territori Sociali Altavaldelsa,Ordine degli Avvocati di Siena
09_ALTA VALDELSA Protocollo-violenza-valdelsa-2022_ALTA VALDELSA.txt,Fondazione Territori Sociali Altavaldelsa,Ordine dei Dottori Commercialisti e degli Esperti Contabili di Siena
09_ALTA VALDELSA Protocollo-violenza-valdelsa-2022_ALTA VALDELSA.txt,Fondazione Territori Sociali Altavaldelsa,Polizia Municipale di Casole d'Elsa
09_ALTA VALDELSA Protocollo-violenza-valdelsa-2022_ALTA VALDELSA.txt,Fondazione Territori Sociali Altavaldelsa,Polizia Municipale di Colle Val d'Elsa
09_ALTA VALDELSA Protocollo-violenza-valdelsa-2022_ALTA VALDELSA.txt,Fondazione Territori Sociali Altavaldelsa,Polizia Municipale di Poggibonsi
09_ALTA VALDELSA Protocollo-violenza-valdelsa-2022_ALTA VALDELSA.txt,Fondazione Territori Sociali Altavaldelsa,Polizia Municipale di Radicondoli
09_ALTA VALDELSA Protocollo-violenza-valdelsa-2022_ALTA VALDELSA.txt,Fondazione Territori Sociali Altavaldelsa,Polizia Municipale di San Gimignano
09_ALTA VALDELSA Protocollo-violenza-valdelsa-2022_ALTA VALDELSA.txt,Fondazione Territori Sociali Altavaldelsa,Polizie Municipali dei Comuni della Valdelsa
09_ALTA VALDELSA Protocollo-violenza-valdelsa-2022_ALTA VALDELSA.txt,Fondazione Territori Sociali Altavaldelsa,Prefettura di Siena
09_ALTA VALDELSA Protocollo-violenza-valdelsa-2022_ALTA VALDELSA.txt,Fondazione Territori Sociali Altavaldelsa,Procura della Repubblica di Siena
09_ALTA VALDELSA Protocollo-violenza-valdelsa-2022_ALTA VALDELSA.txt,Fondazione Territori Sociali Altavaldelsa,Pronto Soccorso di Campostaggia Azienda USL Toscana Sud Est
09_ALTA VALDELSA Protocollo-violenza-valdelsa-2022_ALTA VALDELSA.txt,Fondazione Territori Sociali Altavaldelsa,Questura di Siena
09_ALTA VALDELSA Protocollo-violenza-valdelsa-2022_ALTA VALDELSA.txt,Fondazione Territori Sociali Altavaldelsa,SERD
09_ALTA VALDELSA Protocollo-violenza-valdelsa-2022_ALTA VALDELSA.txt,Fondazione Territori Sociali Altavaldelsa,SEUS - Servizio Emergenza Urgenza Sociale
09_ALTA VALDELSA Protocollo-violenza-valdelsa-2022_ALTA VALDELSA.txt,Fondazione Territori Sociali Altavaldelsa,SMA
09_ALTA VALDELSA Protocollo-violenza-valdelsa-2022_ALTA VALDELSA.txt,Fondazione Territori Sociali Altavaldelsa,Servizi sociali
09_ALTA VALDELSA Protocollo-violenza-valdelsa-2022_ALTA VALDELSA.txt,Fondazione Territori Sociali Altavaldelsa,Servizio di Salute Mentale Azienda USL Toscana Sud Est Zona Alta Valdelsa
09_ALTA VALDELSA Protocollo-violenza-valdelsa-2022_ALTA VALDELSA.txt,Fondazione Territori Sociali Altavaldelsa,Società della Salute Alta Val d'Elsa
09_ALTA VALDELSA Protocollo-violenza-valdelsa-2022_ALTA VALDELSA.txt,Fondazione Territori Sociali Altavaldelsa,U.O Pronto Soccorso Azienda USL 7 - Monoblocco Alta Val d'Elsa
09_ALTA VALDELSA Protocollo-violenza-valdelsa-2022_ALTA VALDELSA.txt,Fondazione Territori Sociali Altavaldelsa,U.O.C. di Psicologia Azienda USL Toscana Sud Est
09_ALTA VALDELSA Protocollo-violenza-valdelsa-2022_ALTA VALDELSA.txt,Fondazione Territori Sociali Altavaldelsa,UTES - Unità Territoriali Emergenza Sociale
09_ALTA VALDELSA Protocollo-violenza-valdelsa-2022_ALTA VALDELSA.txt,Forze di Polizia Giudiziaria,Guardia di Finanza
09_ALTA VALDELSA Protocollo-violenza-valdelsa-2022_ALTA VALDELSA.txt,Forze di Polizia Giudiziaria,Ordine degli Avvocati di Siena
09_ALTA VALDELSA Protocollo-violenza-valdelsa-2022_ALTA VALDELSA.txt,Forze di Polizia Giudiziaria,Ordine dei Dottori Commercialisti e degli Esperti Contabili di Siena
09_ALTA VALDELSA Protocollo-violenza-valdelsa-2022_ALTA VALDELSA.txt,Forze di Polizia Giudiziaria,Polizia Municipale di Casole d'Elsa
09_ALTA VALDELSA Protocollo-violenza-valdelsa-2022_ALTA VALDELSA.txt,Forze di Polizia Giudiziaria,Polizia Municipale di Colle Val d'Elsa
09_ALTA VALDELSA Protocollo-violenza-valdelsa-2022_ALTA VALDELSA.txt,Forze di Polizia Giudiziaria,Polizia Municipale di Poggibonsi
09_ALTA VALDELSA Protocollo-violenza-valdelsa-2022_ALTA VALDELSA.txt,Forze di Polizia Giudiziaria,Polizia Municipale di Radicondoli
09_ALTA VALDELSA Protocollo-violenza-valdelsa-2022_ALTA VALDELSA.txt,Forze di Polizia Giudiziaria,Polizia Municipale di San Gimignano
09_ALTA VALDELSA Protocollo-violenza-valdelsa-2022_ALTA VALDELSA.txt,Forze di Polizia Giudiziaria,Polizie Municipali dei Comuni della Valdelsa
09_ALTA VALDELSA Protocollo-violenza-valdelsa-2022_ALTA VALDELSA.txt,Forze di Polizia Giudiziaria,Prefettura di Siena
09_ALTA VALDELSA Protocollo-violenza-valdelsa-2022_ALTA VALDELSA.txt,Forze di Polizia Giudiziaria,Procura della Repubblica di Siena
09_ALTA VALDELSA Protocollo-violenza-valdelsa-2022_ALTA VALDELSA.txt,Forze di Polizia Giudiziaria,Pronto Soccorso di Campostaggia Azienda USL Toscana Sud Est
09_ALTA VALDELSA Protocollo-violenza-valdelsa-2022_ALTA VALDELSA.txt,Forze di Polizia Giudiziaria,Questura di Siena
09_ALTA VALDELSA Protocollo-violenza-valdelsa-2022_ALTA VALDELSA.txt,Forze di Polizia Giudiziaria,SERD
09_ALTA VALDELSA Protocollo-violenza-valdelsa-2022_ALTA VALDELSA.txt,Forze di Polizia Giudiziaria,SEUS - Servizio Emergenza Urgenza Sociale
09_ALTA VALDELSA Protocollo-violenza-valdelsa-2022_ALTA VALDELSA.txt,Forze di Polizia Giudiziaria,SMA
09_ALTA VALDELSA Protocollo-violenza-valdelsa-2022_ALTA VALDELSA.txt,Forze di Polizia Giudiziaria,Servizi sociali
09_ALTA VALDELSA Protocollo-violenza-valdelsa-2022_ALTA VALDELSA.txt,Forze di Polizia Giudiziaria,Servizio di Salute Mentale Azienda USL Toscana Sud Est Zona Alta Valdelsa
09_ALTA VALDELSA Protocollo-violenza-valdelsa-2022_ALTA VALDELSA.txt,Forze di Polizia Giudiziaria,Società della Salute Alta Val d'Elsa
09_ALTA VALDELSA Protocollo-violenza-valdelsa-2022_ALTA VALDELSA.txt,Forze di Polizia Giudiziaria,U.O Pronto Soccorso Azienda USL 7 - Monoblocco Alta Val d'Elsa
09_ALTA VALDELSA Protocollo-violenza-valdelsa-2022_ALTA VALDELSA.txt,Forze di Polizia Giudiziaria,U.O.C. di Psicologia Azienda USL Toscana Sud Est
09_ALTA VALDELSA Protocollo-violenza-valdelsa-2022_ALTA VALDELSA.txt,Forze di Polizia Giudiziaria,UTES - Unità Territoriali Emergenza Sociale
09_ALTA VALDELSA Protocollo-violenza-valdelsa-2022_ALTA VALDELSA.txt,Guardia di Finanza,Ordine degli Avvocati di Siena
09_ALTA VALDELSA Protocollo-violenza-valdelsa-2022_ALTA VALDELSA.txt,Guardia di Finanza,Ordine dei Dottori Commercialisti e degli Esperti Contabili di Siena
09_ALTA VALDELSA Protocollo-violenza-valdelsa-2022_ALTA VALDELSA.txt,Guardia di Finanza,Polizia Municipale di Casole d'Elsa
09_ALTA VALDELSA Protocollo-violenza-valdelsa-2022_ALTA VALDELSA.txt,Guardia di Finanza,Polizia Municipale di Colle Val d'Elsa
09_ALTA VALDELSA Protocollo-violenza-valdelsa-2022_ALTA VALDELSA.txt,Guardia di Finanza,Polizia Municipale di Poggibonsi
09_ALTA VALDELSA Protocollo-violenza-valdelsa-2022_ALTA VALDELSA.txt,Guardia di Finanza,Polizia Municipale di Radicondoli
09_ALTA VALDELSA Protocollo-violenza-valdelsa-2022_ALTA VALDELSA.txt,Guardia di Finanza,Polizia Municipale di San Gimignano
09_ALTA VALDELSA Protocollo-violenza-valdelsa-2022_ALTA VALDELSA.txt,Guardia di Finanza,Polizie Municipali dei Comuni della Valdelsa
09_ALTA VALDELSA Protocollo-violenza-valdelsa-2022_ALTA VALDELSA.txt,Guardia di Finanza,Prefettura di Siena
09_ALTA VALDELSA Protocollo-violenza-valdelsa-2022_ALTA VALDELSA.txt,Guardia di Finanza,Procura della Repubblica di Siena
09_ALTA VALDELSA Protocollo-violenza-valdelsa-2022_ALTA VALDELSA.txt,Guardia di Finanza,Pronto Soccorso di Campostaggia Azienda USL Toscana Sud Est
09_ALTA VALDELSA Protocollo-violenza-valdelsa-2022_ALTA VALDELSA.txt,Guardia di Finanza,Questura di Siena
09_ALTA VALDELSA Protocollo-violenza-valdelsa-2022_ALTA VALDELSA.txt,Guardia di Finanza,SERD
09_ALTA VALDELSA Protocollo-violenza-valdelsa-2022_ALTA VALDELSA.txt,Guardia di Finanza,SEUS - Servizio Emergenza Urgenza Sociale
09_ALTA VALDELSA Protocollo-violenza-valdelsa-2022_ALTA VALDELSA.txt,Guardia di Finanza,SMA
09_ALTA VALDELSA Protocollo-violenza-valdelsa-2022_ALTA VALDELSA.txt,Guardia di Finanza,Servizi sociali
09_ALTA VALDELSA Protocollo-violenza-valdelsa-2022_ALTA VALDELSA.txt,Guardia di Finanza,Servizio di Salute Mentale Azienda USL Toscana Sud Est Zona Alta Valdelsa
09_ALTA VALDELSA Protocollo-violenza-valdelsa-2022_ALTA VALDELSA.txt,Guardia di Finanza,Società della Salute Alta Val d'Elsa
09_ALTA VALDELSA Protocollo-violenza-valdelsa-2022_ALTA VALDELSA.txt,Guardia di Finanza,U.O Pronto Soccorso Azienda USL 7 - Monoblocco Alta Val d'Elsa
09_ALTA VALDELSA Protocollo-violenza-valdelsa-2022_ALTA VALDELSA.txt,Guardia di Finanza,U.O.C. di Psicologia Azienda USL Toscana Sud Est
09_ALTA VALDELSA Protocollo-violenza-valdelsa-2022_ALTA VALDELSA.txt,Guardia di Finanza,UTES - Unità Territoriali Emergenza Sociale
09_ALTA VALDELSA Protocollo-violenza-valdelsa-2022_ALTA VALDELSA.txt,Ordine degli Avvocati di Siena,Ordine dei Dottori Commercialisti e degli Esperti Contabili di Siena
09_ALTA VALDELSA Protocollo-violenza-valdelsa-2022_ALTA VALDELSA.txt,Ordine degli Avvocati di Siena,Polizia Municipale di Casole d'Elsa
09_ALTA VALDELSA Protocollo-violenza-valdelsa-2022_ALTA VALDELSA.txt,Ordine degli Avvocati di Siena,Polizia Municipale di Colle Val d'Elsa
09_ALTA VALDELSA Protocollo-violenza-valdelsa-2022_ALTA VALDELSA.txt,Ordine degli Avvocati di Siena,Polizia Municipale di Poggibonsi
09_ALTA VALDELSA Protocollo-violenza-valdelsa-2022_ALTA VALDELSA.txt,Ordine degli Avvocati di Siena,Polizia Municipale di Radicondoli
09_ALTA VALDELSA Protocollo-violenza-valdelsa-2022_ALTA VALDELSA.txt,Ordine degli Avvocati di Siena,Polizia Municipale di San Gimignano
09_ALTA VALDELSA Protocollo-violenza-valdelsa-2022_ALTA VALDELSA.txt,Ordine degli Avvocati di Siena,Polizie Municipali dei Comuni della Valdelsa
09_ALTA VALDELSA Protocollo-violenza-valdelsa-2022_ALTA VALDELSA.txt,Ordine degli Avvocati di Siena,Prefettura di Siena
09_ALTA VALDELSA Protocollo-violenza-valdelsa-2022_ALTA VALDELSA.txt,Ordine degli Avvocati di Siena,Procura della Repubblica di Siena
09_ALTA VALDELSA Protocollo-violenza-valdelsa-2022_ALTA VALDELSA.txt,Ordine degli Avvocati di Siena,Pronto Soccorso di Campostaggia Azienda USL Toscana Sud Est
09_ALTA VALDELSA Protocollo-violenza-valdelsa-2022_ALTA VALDELSA.txt,Ordine degli Avvocati di Siena,Questura di Siena
09_ALTA VALDELSA Protocollo-violenza-valdelsa-2022_ALTA VALDELSA.txt,Ordine degli Avvocati di Siena,SERD
09_ALTA VALDELSA Protocollo-violenza-valdelsa-2022_ALTA VALDELSA.txt,Ordine degli Avvocati di Siena,SEUS - Servizio Emergenza Urgenza Sociale
09_ALTA VALDELSA Protocollo-violenza-valdelsa-2022_ALTA VALDELSA.txt,Ordine degli Avvocati di Siena,SMA
09_ALTA VALDELSA Protocollo-violenza-valdelsa-2022_ALTA VALDELSA.txt,Ordine degli Avvocati di Siena,Servizi sociali
09_ALTA VALDELSA Protocollo-violenza-valdelsa-2022_ALTA VALDELSA.txt,Ordine degli Avvocati di Siena,Servizio di Salute Mentale Azienda USL Toscana Sud Est Zona Alta Valdelsa
09_ALTA VALDELSA Protocollo-violenza-valdelsa-2022_ALTA VALDELSA.txt,Ordine degli Avvocati di Siena,Società della Salute Alta Val d'Elsa
09_ALTA VALDELSA Protocollo-violenza-valdelsa-2022_ALTA VALDELSA.txt,Ordine degli Avvocati di Siena,U.O Pronto Soccorso Azienda USL 7 - Monoblocco Alta Val d'Elsa
09_ALTA VALDELSA Protocollo-violenza-valdelsa-2022_ALTA VALDELSA.txt,Ordine degli Avvocati di Siena,U.O.C. di Psicologia Azienda USL Toscana Sud Est
09_ALTA VALDELSA Protocollo-violenza-valdelsa-2022_ALTA VALDELSA.txt,Ordine degli Avvocati di Siena,UTES - Unità Territoriali Emergenza Sociale
09_ALTA VALDELSA Protocollo-violenza-valdelsa-2022_ALTA VALDELSA.txt,Ordine dei Dottori Commercialisti e degli Esperti Contabili di Siena,Polizia Municipale di Casole d'Elsa
09_ALTA VALDELSA Protocollo-violenza-valdelsa-2022_ALTA VALDELSA.txt,Ordine dei Dottori Commercialisti e degli Esperti Contabili di Siena,Polizia Municipale di Colle Val d'Elsa
09_ALTA VALDELSA Protocollo-violenza-valdelsa-2022_ALTA VALDELSA.txt,Ordine dei Dottori Commercialisti e degli Esperti Contabili di Siena,Polizia Municipale di Poggibonsi
09_ALTA VALDELSA Protocollo-violenza-valdelsa-2022_ALTA VALDELSA.txt,Ordine dei Dottori Commercialisti e degli Esperti Contabili di Siena,Polizia Municipale di Radicondoli
09_ALTA VALDELSA Protocollo-violenza-valdelsa-2022_ALTA VALDELSA.txt,Ordine dei Dottori Commercialisti e degli Esperti Contabili di Siena,Polizia Municipale di San Gimignano
09_ALTA VALDELSA Protocollo-violenza-valdelsa-2022_ALTA VALDELSA.txt,Ordine dei Dottori Commercialisti e degli Esperti Contabili di Siena,Polizie Municipali dei Comuni della Valdelsa
09_ALTA VALDELSA Protocollo-violenza-valdelsa-2022_ALTA VALDELSA.txt,Ordine dei Dottori Commercialisti e degli Esperti Contabili di Siena,Prefettura di Siena
09_ALTA VALDELSA Protocollo-violenza-valdelsa-2022_ALTA VALDELSA.txt,Ordine dei Dottori Commercialisti e degli Esperti Contabili di Siena,Procura della Repubblica di Siena
09_ALTA VALDELSA Protocollo-violenza-valdelsa-2022_ALTA VALDELSA.txt,Ordine dei Dottori Commercialisti e degli Esperti Contabili di Siena,Pronto Soccorso di Campostaggia Azienda USL Toscana Sud Est
09_ALTA VALDELSA Protocollo-violenza-valdelsa-2022_ALTA VALDELSA.txt,Ordine dei Dottori Commercialisti e degli Esperti Contabili di Siena,Questura di Siena
09_ALTA VALDELSA Protocollo-violenza-valdelsa-2022_ALTA VALDELSA.txt,Ordine dei Dottori Commercialisti e degli Esperti Contabili di Siena,SERD
09_ALTA VALDELSA Protocollo-violenza-valdelsa-2022_ALTA VALDELSA.txt,Ordine dei Dottori Commercialisti e degli Esperti Contabili di Siena,SEUS - Servizio Emergenza Urgenza Sociale
09_ALTA VALDELSA Protocollo-violenza-valdelsa-2022_ALTA VALDELSA.txt,Ordine dei Dottori Commercialisti e degli Esperti Contabili di Siena,SMA
09_ALTA VALDELSA Protocollo-violenza-valdelsa-2022_ALTA VALDELSA.txt,Ordine dei Dottori Commercialisti e degli Esperti Contabili di Siena,Servizi sociali
09_ALTA VALDELSA Protocollo-violenza-valdelsa-2022_ALTA VALDELSA.txt,Ordine dei Dottori Commercialisti e degli Esperti Contabili di Siena,Servizio di Salute Mentale Azienda USL Toscana Sud Est Zona Alta Valdelsa
09_ALTA VALDELSA Protocollo-violenza-valdelsa-2022_ALTA VALDELSA.txt,Ordine dei Dottori Commercialisti e degli Esperti Contabili di Siena,Società della Salute Alta Val d'Elsa
09_ALTA VALDELSA Protocollo-violenza-valdelsa-2022_ALTA VALDELSA.txt,Ordine dei Dottori Commercialisti e degli Esperti Contabili di Siena,U.O Pronto Soccorso Azienda USL 7 - Monoblocco Alta Val d'Elsa
09_ALTA VALDELSA Protocollo-violenza-valdelsa-2022_ALTA VALDELSA.txt,Ordine dei Dottori Commercialisti e degli Esperti Contabili di Siena,U.O.C. di Psicologia Azienda USL Toscana Sud Est
09_ALTA VALDELSA Protocollo-violenza-valdelsa-2022_ALTA VALDELSA.txt,Ordine dei Dottori Commercialisti e degli Esperti Contabili di Siena,UTES - Unità Territoriali Emergenza Sociale
09_ALTA VALDELSA Protocollo-violenza-valdelsa-2022_ALTA VALDELSA.txt,Polizia Municipale di Casole d'Elsa,Polizia Municipale di Colle Val d'Elsa
09_ALTA VALDELSA Protocollo-violenza-valdelsa-2022_ALTA VALDELSA.txt,Polizia Municipale di Casole d'Elsa,Polizia Municipale di Poggibonsi
09_ALTA VALDELSA Protocollo-violenza-valdelsa-2022_ALTA VALDELSA.txt,Polizia Municipale di Casole d'Elsa,Polizia Municipale di Radicondoli
09_ALTA VALDELSA Protocollo-violenza-valdelsa-2022_ALTA VALDELSA.txt,Polizia Municipale di Casole d'Elsa,Polizia Municipale di San Gimignano
09_ALTA VALDELSA Protocollo-violenza-valdelsa-2022_ALTA VALDELSA.txt,Polizia Municipale di Casole d'Elsa,Polizie Municipali dei Comuni della Valdelsa
09_ALTA VALDELSA Protocollo-violenza-valdelsa-2022_ALTA VALDELSA.txt,Polizia Municipale di Casole d'Elsa,Prefettura di Siena
09_ALTA VALDELSA Protocollo-violenza-valdelsa-2022_ALTA VALDELSA.txt,Polizia Municipale di Casole d'Elsa,Procura della Repubblica di Siena
09_ALTA VALDELSA Protocollo-violenza-valdelsa-2022_ALTA VALDELSA.txt,Polizia Municipale di Casole d'Elsa,Pronto Soccorso di Campostaggia Azienda USL Toscana Sud Est
09_ALTA VALDELSA Protocollo-violenza-valdelsa-2022_ALTA VALDELSA.txt,Polizia Municipale di Casole d'Elsa,Questura di Siena
09_ALTA VALDELSA Protocollo-violenza-valdelsa-2022_ALTA VALDELSA.txt,Polizia Municipale di Casole d'Elsa,SERD
09_ALTA VALDELSA Protocollo-violenza-valdelsa-2022_ALTA VALDELSA.txt,Polizia Municipale di Casole d'Elsa,SEUS - Servizio Emergenza Urgenza Sociale
09_ALTA VALDELSA Protocollo-violenza-valdelsa-2022_ALTA VALDELSA.txt,Polizia Municipale di Casole d'Elsa,SMA
09_ALTA VALDELSA Protocollo-violenza-valdelsa-2022_ALTA VALDELSA.txt,Polizia Municipale di Casole d'Elsa,Servizi sociali
09_ALTA VALDELSA Protocollo-violenza-valdelsa-2022_ALTA VALDELSA.txt,Polizia Municipale di Casole d'Elsa,Servizio di Salute Mentale Azienda USL Toscana Sud Est Zona Alta Valdelsa
09_ALTA VALDELSA Protocollo-violenza-valdelsa-2022_ALTA VALDELSA.txt,Polizia Municipale di Casole d'Elsa,Società della Salute Alta Val d'Elsa
09_ALTA VALDELSA Protocollo-violenza-valdelsa-2022_ALTA VALDELSA.txt,Polizia Municipale di Casole d'Elsa,U.O Pronto Soccorso Azienda USL 7 - Monoblocco Alta Val d'Elsa
09_ALTA VALDELSA Protocollo-violenza-valdelsa-2022_ALTA VALDELSA.txt,Polizia Municipale di Casole d'Elsa,U.O.C. di Psicologia Azienda USL Toscana Sud Est
09_ALTA VALDELSA Protocollo-violenza-valdelsa-2022_ALTA VALDELSA.txt,Polizia Municipale di Casole d'Elsa,UTES - Unità Territoriali Emergenza Sociale
09_ALTA VALDELSA Protocollo-violenza-valdelsa-2022_ALTA VALDELSA.txt,Polizia Municipale di Colle Val d'Elsa,Polizia Municipale di Poggibonsi
09_ALTA VALDELSA Protocollo-violenza-valdelsa-2022_ALTA VALDELSA.txt,Polizia Municipale di Colle Val d'Elsa,Polizia Municipale di Radicondoli
09_ALTA VALDELSA Protocollo-violenza-valdelsa-2022_ALTA VALDELSA.txt,Polizia Municipale di Colle Val d'Elsa,Polizia Municipale di San Gimignano
09_ALTA VALDELSA Protocollo-violenza-valdelsa-2022_ALTA VALDELSA.txt,Polizia Municipale di Colle Val d'Elsa,Polizie Municipali dei Comuni della Valdelsa
09_ALTA VALDELSA Protocollo-violenza-valdelsa-2022_ALTA VALDELSA.txt,Polizia Municipale di Colle Val d'Elsa,Prefettura di Siena
09_ALTA VALDELSA Protocollo-violenza-valdelsa-2022_ALTA VALDELSA.txt,Polizia Municipale di Colle Val d'Elsa,Procura della Repubblica di Siena
09_ALTA VALDELSA Protocollo-violenza-valdelsa-2022_ALTA VALDELSA.txt,Polizia Municipale di Colle Val d'Elsa,Pronto Soccorso di Campostaggia Azienda USL Toscana Sud Est
09_ALTA VALDELSA Protocollo-violenza-valdelsa-2022_ALTA VALDELSA.txt,Polizia Municipale di Colle Val d'Elsa,Questura di Siena
09_ALTA VALDELSA Protocollo-violenza-valdelsa-2022_ALTA VALDELSA.txt,Polizia Municipale di Colle Val d'Elsa,SERD
09_ALTA VALDELSA Protocollo-violenza-valdelsa-2022_ALTA VALDELSA.txt,Polizia Municipale di Colle Val d'Elsa,SEUS - Servizio Emergenza Urgenza Sociale
09_ALTA VALDELSA Protocollo-violenza-valdelsa-2022_ALTA VALDELSA.txt,Polizia Municipale di Colle Val d'Elsa,SMA
09_ALTA VALDELSA Protocollo-violenza-valdelsa-2022_ALTA VALDELSA.txt,Polizia Municipale di Colle Val d'Elsa,Servizi sociali
09_ALTA VALDELSA Protocollo-violenza-valdelsa-2022_ALTA VALDELSA.txt,Polizia Municipale di Colle Val d'Elsa,Servizio di Salute Mentale Azienda USL Toscana Sud Est Zona Alta Valdelsa
09_ALTA VALDELSA Protocollo-violenza-valdelsa-2022_ALTA VALDELSA.txt,Polizia Municipale di Colle Val d'Elsa,Società della Salute Alta Val d'Elsa
09_ALTA VALDELSA Protocollo-violenza-valdelsa-2022_ALTA VALDELSA.txt,Polizia Municipale di Colle Val d'Elsa,U.O Pronto Soccorso Azienda USL 7 - Monoblocco Alta Val d'Elsa
09_ALTA VALDELSA Protocollo-violenza-valdelsa-2022_ALTA VALDELSA.txt,Polizia Municipale di Colle Val d'Elsa,U.O.C. di Psicologia Azienda USL Toscana Sud Est
09_ALTA VALDELSA Protocollo-violenza-valdelsa-2022_ALTA VALDELSA.txt,Polizia Municipale di Colle Val d'Elsa,UTES - Unità Territoriali Emergenza Sociale
09_ALTA VALDELSA Protocollo-violenza-valdelsa-2022_ALTA VALDELSA.txt,Polizia Municipale di Poggibonsi,Polizia Municipale di Radicondoli
09_ALTA VALDELSA Protocollo-violenza-valdelsa-2022_ALTA VALDELSA.txt,Polizia Municipale di Poggibonsi,Polizia Municipale di San Gimignano
09_ALTA VALDELSA Protocollo-violenza-valdelsa-2022_ALTA VALDELSA.txt,Polizia Municipale di Poggibonsi,Polizie Municipali dei Comuni della Valdelsa
09_ALTA VALDELSA Protocollo-violenza-valdelsa-2022_ALTA VALDELSA.txt,Polizia Municipale di Poggibonsi,Prefettura di Siena
09_ALTA VALDELSA Protocollo-violenza-valdelsa-2022_ALTA VALDELSA.txt,Polizia Municipale di Poggibonsi,Procura della Repubblica di Siena
09_ALTA VALDELSA Protocollo-violenza-valdelsa-2022_ALTA VALDELSA.txt,Polizia Municipale di Poggibonsi,Pronto Soccorso di Campostaggia Azienda USL Toscana Sud Est
09_ALTA VALDELSA Protocollo-violenza-valdelsa-2022_ALTA VALDELSA.txt,Polizia Municipale di Poggibonsi,Questura di Siena
09_ALTA VALDELSA Protocollo-violenza-valdelsa-2022_ALTA VALDELSA.txt,Polizia Municipale di Poggibonsi,SERD
09_ALTA VALDELSA Protocollo-violenza-valdelsa-2022_ALTA VALDELSA.txt,Polizia Municipale di Poggibonsi,SEUS - Servizio Emergenza Urgenza Sociale
09_ALTA VALDELSA Protocollo-violenza-valdelsa-2022_ALTA VALDELSA.txt,Polizia Municipale di Poggibonsi,SMA
09_ALTA VALDELSA Protocollo-violenza-valdelsa-2022_ALTA VALDELSA.txt,Polizia Municipale di Poggibonsi,Servizi sociali
09_ALTA VALDELSA Protocollo-violenza-valdelsa-2022_ALTA VALDELSA.txt,Polizia Municipale di Poggibonsi,Servizio di Salute Mentale Azienda USL Toscana Sud Est Zona Alta Valdelsa
09_ALTA VALDELSA Protocollo-violenza-valdelsa-2022_ALTA VALDELSA.txt,Polizia Municipale di Poggibonsi,Società della Salute Alta Val d'Elsa
09_ALTA VALDELSA Protocollo-violenza-valdelsa-2022_ALTA VALDELSA.txt,Polizia Municipale di Poggibonsi,U.O Pronto Soccorso Azienda USL 7 - Monoblocco Alta Val d'Elsa
09_ALTA VALDELSA Protocollo-violenza-valdelsa-2022_ALTA VALDELSA.txt,Polizia Municipale di Poggibonsi,U.O.C. di Psicologia Azienda USL Toscana Sud Est
09_ALTA VALDELSA Protocollo-violenza-valdelsa-2022_ALTA VALDELSA.txt,Polizia Municipale di Poggibonsi,UTES - Unità Territoriali Emergenza Sociale
09_ALTA VALDELSA Protocollo-violenza-valdelsa-2022_ALTA VALDELSA.txt,Polizia Municipale di Radicondoli,Polizia Municipale di San Gimignano
09_ALTA VALDELSA Protocollo-violenza-valdelsa-2022_ALTA VALDELSA.txt,Polizia Municipale di Radicondoli,Polizie Municipali dei Comuni della Valdelsa
09_ALTA VALDELSA Protocollo-violenza-valdelsa-2022_ALTA VALDELSA.txt,Polizia Municipale di Radicondoli,Prefettura di Siena
09_ALTA VALDELSA Protocollo-violenza-valdelsa-2022_ALTA VALDELSA.txt,Polizia Municipale di Radicondoli,Procura della Repubblica di Siena
09_ALTA VALDELSA Protocollo-violenza-valdelsa-2022_ALTA VALDELSA.txt,Polizia Municipale di Radicondoli,Pronto Soccorso di Campostaggia Azienda USL Toscana Sud Est
09_ALTA VALDELSA Protocollo-violenza-valdelsa-2022_ALTA VALDELSA.txt,Polizia Municipale di Radicondoli,Questura di Siena
09_ALTA VALDELSA Protocollo-violenza-valdelsa-2022_ALTA VALDELSA.txt,Polizia Municipale di Radicondoli,SERD
09_ALTA VALDELSA Protocollo-violenza-valdelsa-2022_ALTA VALDELSA.txt,Polizia Municipale di Radicondoli,SEUS - Servizio Emergenza Urgenza Sociale
09_ALTA VALDELSA Protocollo-violenza-valdelsa-2022_ALTA VALDELSA.txt,Polizia Municipale di Radicondoli,SMA
09_ALTA VALDELSA Protocollo-violenza-valdelsa-2022_ALTA VALDELSA.txt,Polizia Municipale di Radicondoli,Servizi sociali
09_ALTA VALDELSA Protocollo-violenza-valdelsa-2022_ALTA VALDELSA.txt,Polizia Municipale di Radicondoli,Servizio di Salute Mentale Azienda USL Toscana Sud Est Zona Alta Valdelsa
09_ALTA VALDELSA Protocollo-violenza-valdelsa-2022_ALTA VALDELSA.txt,Polizia Municipale di Radicondoli,Società della Salute Alta Val d'Elsa
09_ALTA VALDELSA Protocollo-violenza-valdelsa-2022_ALTA VALDELSA.txt,Polizia Municipale di Radicondoli,U.O Pronto Soccorso Azienda USL 7 - Monoblocco Alta Val d'Elsa
09_ALTA VALDELSA Protocollo-violenza-valdelsa-2022_ALTA VALDELSA.txt,Polizia Municipale di Radicondoli,U.O.C. di Psicologia Azienda USL Toscana Sud Est
09_ALTA VALDELSA Protocollo-violenza-valdelsa-2022_ALTA VALDELSA.txt,Polizia Municipale di Radicondoli,UTES - Unità Territoriali Emergenza Sociale
09_ALTA VALDELSA Protocollo-violenza-valdelsa-2022_ALTA VALDELSA.txt,Polizia Municipale di San Gimignano,Polizie Municipali dei Comuni della Valdelsa
09_ALTA VALDELSA Protocollo-violenza-valdelsa-2022_ALTA VALDELSA.txt,Polizia Municipale di San Gimignano,Prefettura di Siena
09_ALTA VALDELSA Protocollo-violenza-valdelsa-2022_ALTA VALDELSA.txt,Polizia Municipale di San Gimignano,Procura della Repubblica di Siena
09_ALTA VALDELSA Protocollo-violenza-valdelsa-2022_ALTA VALDELSA.txt,Polizia Municipale di San Gimignano,Pronto Soccorso di Campostaggia Azienda USL Toscana Sud Est
09_ALTA VALDELSA Protocollo-violenza-valdelsa-2022_ALTA VALDELSA.txt,Polizia Municipale di San Gimignano,Questura di Siena
09_ALTA VALDELSA Protocollo-violenza-valdelsa-2022_ALTA VALDELSA.txt,Polizia Municipale di San Gimignano,SERD
09_ALTA VALDELSA Protocollo-violenza-valdelsa-2022_ALTA VALDELSA.txt,Polizia Municipale di San Gimignano,SEUS - Servizio Emergenza Urgenza Sociale
09_ALTA VALDELSA Protocollo-violenza-valdelsa-2022_ALTA VALDELSA.txt,Polizia Municipale di San Gimignano,SMA
09_ALTA VALDELSA Protocollo-violenza-valdelsa-2022_ALTA VALDELSA.txt,Polizia Municipale di San Gimignano,Servizi sociali
09_ALTA VALDELSA Protocollo-violenza-valdelsa-2022_ALTA VALDELSA.txt,Polizia Municipale di San Gimignano,Servizio di Salute Mentale Azienda USL Toscana Sud Est Zona Alta Valdelsa
09_ALTA VALDELSA Protocollo-violenza-valdelsa-2022_ALTA VALDELSA.txt,Polizia Municipale di San Gimignano,Società della Salute Alta Val d'Elsa
09_ALTA VALDELSA Protocollo-violenza-valdelsa-2022_ALTA VALDELSA.txt,Polizia Municipale di San Gimignano,U.O Pronto Soccorso Azienda USL 7 - Monoblocco Alta Val d'Elsa
09_ALTA VALDELSA Protocollo-violenza-valdelsa-2022_ALTA VALDELSA.txt,Polizia Municipale di San Gimignano,U.O.C. di Psicologia Azienda USL Toscana Sud Est
09_ALTA VALDELSA Protocollo-violenza-valdelsa-2022_ALTA VALDELSA.txt,Polizia Municipale di San Gimignano,UTES - Unità Territoriali Emergenza Sociale
09_ALTA VALDELSA Protocollo-violenza-valdelsa-2022_ALTA VALDELSA.txt,Polizie Municipali dei Comuni della Valdelsa,Prefettura di Siena
09_ALTA VALDELSA Protocollo-violenza-valdelsa-2022_ALTA VALDELSA.txt,Polizie Municipali dei Comuni della Valdelsa,Procura della Repubblica di Siena
09_ALTA VALDELSA Protocollo-violenza-valdelsa-2022_ALTA VALDELSA.txt,Polizie Municipali dei Comuni della Valdelsa,Pronto Soccorso di Campostaggia Azienda USL Toscana Sud Est
09_ALTA VALDELSA Protocollo-violenza-valdelsa-2022_ALTA VALDELSA.txt,Polizie Municipali dei Comuni della Valdelsa,Questura di Siena
09_ALTA VALDELSA Protocollo-violenza-valdelsa-2022_ALTA VALDELSA.txt,Polizie Municipali dei Comuni della Valdelsa,SERD
09_ALTA VALDELSA Protocollo-violenza-valdelsa-2022_ALTA VALDELSA.txt,Polizie Municipali dei Comuni della Valdelsa,SEUS - Servizio Emergenza Urgenza Sociale
09_ALTA VALDELSA Protocollo-violenza-valdelsa-2022_ALTA VALDELSA.txt,Polizie Municipali dei Comuni della Valdelsa,SMA
09_ALTA VALDELSA Protocollo-violenza-valdelsa-2022_ALTA VALDELSA.txt,Polizie Municipali dei Comuni della Valdelsa,Servizi sociali
09_ALTA VALDELSA Protocollo-violenza-valdelsa-2022_ALTA VALDELSA.txt,Polizie Municipali dei Comuni della Valdelsa,Servizio di Salute Mentale Azienda USL Toscana Sud Est Zona Alta Valdelsa
09_ALTA VALDELSA Protocollo-violenza-valdelsa-2022_ALTA VALDELSA.txt,Polizie Municipali dei Comuni della Valdelsa,Società della Salute Alta Val d'Elsa
09_ALTA VALDELSA Protocollo-violenza-valdelsa-2022_ALTA VALDELSA.txt,Polizie Municipali dei Comuni della Valdelsa,U.O Pronto Soccorso Azienda USL 7 - Monoblocco Alta Val d'Elsa
09_ALTA VALDELSA Protocollo-violenza-valdelsa-2022_ALTA VALDELSA.txt,Polizie Municipali dei Comuni della Valdelsa,U.O.C. di Psicologia Azienda USL Toscana Sud Est
09_ALTA VALDELSA Protocollo-violenza-valdelsa-2022_ALTA VALDELSA.txt,Polizie Municipali dei Comuni della Valdelsa,UTES - Unità Territoriali Emergenza Sociale
09_ALTA VALDELSA Protocollo-violenza-valdelsa-2022_ALTA VALDELSA.txt,Prefettura di Siena,Procura della Repubblica di Siena
09_ALTA VALDELSA Protocollo-violenza-valdelsa-2022_ALTA VALDELSA.txt,Prefettura di Siena,Pronto Soccorso di Campostaggia Azienda USL Toscana Sud Est
09_ALTA VALDELSA Protocollo-violenza-valdelsa-2022_ALTA VALDELSA.txt,Prefettura di Siena,Questura di Siena
09_ALTA VALDELSA Protocollo-violenza-valdelsa-2022_ALTA VALDELSA.txt,Prefettura di Siena,SERD
09_ALTA VALDELSA Protocollo-violenza-valdelsa-2022_ALTA VALDELSA.txt,Prefettura di Siena,SEUS - Servizio Emergenza Urgenza Sociale
09_ALTA VALDELSA Protocollo-violenza-valdelsa-2022_ALTA VALDELSA.txt,Prefettura di Siena,SMA
09_ALTA VALDELSA Protocollo-violenza-valdelsa-2022_ALTA VALDELSA.txt,Prefettura di Siena,Servizi sociali
09_ALTA VALDELSA Protocollo-violenza-valdelsa-2022_ALTA VALDELSA.txt,Prefettura di Siena,Servizio di Salute Mentale Azienda USL Toscana Sud Est Zona Alta Valdelsa
09_ALTA VALDELSA Protocollo-violenza-valdelsa-2022_ALTA VALDELSA.txt,Prefettura di Siena,Società della Salute Alta Val d'Elsa
09_ALTA VALDELSA Protocollo-violenza-valdelsa-2022_ALTA VALDELSA.txt,Prefettura di Siena,U.O Pronto Soccorso Azienda USL 7 - Monoblocco Alta Val d'Elsa
09_ALTA VALDELSA Protocollo-violenza-valdelsa-2022_ALTA VALDELSA.txt,Prefettura di Siena,U.O.C. di Psicologia Azienda USL Toscana Sud Est
09_ALTA VALDELSA Protocollo-violenza-valdelsa-2022_ALTA VALDELSA.txt,Prefettura di Siena,UTES - Unità Territoriali Emergenza Sociale
09_ALTA VALDELSA Protocollo-violenza-valdelsa-2022_ALTA VALDELSA.txt,Procura della Repubblica di Siena,Pronto Soccorso di Campostaggia Azienda USL Toscana Sud Est
09_ALTA VALDELSA Protocollo-violenza-valdelsa-2022_ALTA VALDELSA.txt,Procura della Repubblica di Siena,Questura di Siena
09_ALTA VALDELSA Protocollo-violenza-valdelsa-2022_ALTA VALDELSA.txt,Procura della Repubblica di Siena,SERD
09_ALTA VALDELSA Protocollo-violenza-valdelsa-2022_ALTA VALDELSA.txt,Procura della Repubblica di Siena,SEUS - Servizio Emergenza Urgenza Sociale
09_ALTA VALDELSA Protocollo-violenza-valdelsa-2022_ALTA VALDELSA.txt,Procura della Repubblica di Siena,SMA
09_ALTA VALDELSA Protocollo-violenza-valdelsa-2022_ALTA VALDELSA.txt,Procura della Repubblica di Siena,Servizi sociali
09_ALTA VALDELSA Protocollo-violenza-valdelsa-2022_ALTA VALDELSA.txt,Procura della Repubblica di Siena,Servizio di Salute Mentale Azienda USL Toscana Sud Est Zona Alta Valdelsa
09_ALTA VALDELSA Protocollo-violenza-valdelsa-2022_ALTA VALDELSA.txt,Procura della Repubblica di Siena,Società della Salute Alta Val d'Elsa
09_ALTA VALDELSA Protocollo-violenza-valdelsa-2022_ALTA VALDELSA.txt,Procura della Repubblica di Siena,U.O Pronto Soccorso Azienda USL 7 - Monoblocco Alta Val d'Elsa
09_ALTA VALDELSA Protocollo-violenza-valdelsa-2022_ALTA VALDELSA.txt,Procura della Repubblica di Siena,U.O.C. di Psicologia Azienda USL Toscana Sud Est
09_ALTA VALDELSA Protocollo-violenza-valdelsa-2022_ALTA VALDELSA.txt,Procura della Repubblica di Siena,UTES - Unità Territoriali Emergenza Sociale
09_ALTA VALDELSA Protocollo-violenza-valdelsa-2022_ALTA VALDELSA.txt,Pronto Soccorso di Campostaggia Azienda USL Toscana Sud Est,Questura di Siena
09_ALTA VALDELSA Protocollo-violenza-valdelsa-2022_ALTA VALDELSA.txt,Pronto Soccorso di Campostaggia Azienda USL Toscana Sud Est,SERD
09_ALTA VALDELSA Protocollo-violenza-valdelsa-2022_ALTA VALDELSA.txt,Pronto Soccorso di Campostaggia Azienda USL Toscana Sud Est,SEUS - Servizio Emergenza Urgenza Sociale
09_ALTA VALDELSA Protocollo-violenza-valdelsa-2022_ALTA VALDELSA.txt,Pronto Soccorso di Campostaggia Azienda USL Toscana Sud Est,SMA
09_ALTA VALDELSA Protocollo-violenza-valdelsa-2022_ALTA VALDELSA.txt,Pronto Soccorso di Campostaggia Azienda USL Toscana Sud Est,Servizi sociali
09_ALTA VALDELSA Protocollo-violenza-valdelsa-2022_ALTA VALDELSA.txt,Pronto Soccorso di Campostaggia Azienda USL Toscana Sud Est,Servizio di Salute Mentale Azienda USL Toscana Sud Est Zona Alta Valdelsa
09_ALTA VALDELSA Protocollo-violenza-valdelsa-2022_ALTA VALDELSA.txt,Pronto Soccorso di Campostaggia Azienda USL Toscana Sud Est,Società della Salute Alta Val d'Elsa
09_ALTA VALDELSA Protocollo-violenza-valdelsa-2022_ALTA VALDELSA.txt,Pronto Soccorso di Campostaggia Azienda USL Toscana Sud Est,U.O Pronto Soccorso Azienda USL 7 - Monoblocco Alta Val d'Elsa
09_ALTA VALDELSA Protocollo-violenza-valdelsa-2022_ALTA VALDELSA.txt,Pronto Soccorso di Campostaggia Azienda USL Toscana Sud Est,U.O.C. di Psicologia Azienda USL Toscana Sud Est
09_ALTA VALDELSA Protocollo-violenza-valdelsa-2022_ALTA VALDELSA.txt,Pronto Soccorso di Campostaggia Azienda USL Toscana Sud Est,UTES - Unità Territoriali Emergenza Sociale
09_ALTA VALDELSA Protocollo-violenza-valdelsa-2022_ALTA VALDELSA.txt,Questura di Siena,SERD
09_ALTA VALDELSA Protocollo-violenza-valdelsa-2022_ALTA VALDELSA.txt,Questura di Siena,SEUS - Servizio Emergenza Urgenza Sociale
09_ALTA VALDELSA Protocollo-violenza-valdelsa-2022_ALTA VALDELSA.txt,Questura di Siena,SMA
09_ALTA VALDELSA Protocollo-violenza-valdelsa-2022_ALTA VALDELSA.txt,Questura di Siena,Servizi sociali
09_ALTA VALDELSA Protocollo-violenza-valdelsa-2022_ALTA VALDELSA.txt,Questura di Siena,Servizio di Salute Mentale Azienda USL Toscana Sud Est Zona Alta Valdelsa
09_ALTA VALDELSA Protocollo-violenza-valdelsa-2022_ALTA VALDELSA.txt,Questura di Siena,Società della Salute Alta Val d'Elsa
09_ALTA VALDELSA Protocollo-violenza-valdelsa-2022_ALTA VALDELSA.txt,Questura di Siena,U.O Pronto Soccorso Azienda USL 7 - Monoblocco Alta Val d'Elsa
09_ALTA VALDELSA Protocollo-violenza-valdelsa-2022_ALTA VALDELSA.txt,Questura di Siena,U.O.C. di Psicologia Azienda USL Toscana Sud Est
09_ALTA VALDELSA Protocollo-violenza-valdelsa-2022_ALTA VALDELSA.txt,Questura di Siena,UTES - Unità Territoriali Emergenza Sociale
09_ALTA VALDELSA Protocollo-violenza-valdelsa-2022_ALTA VALDELSA.txt,SERD,SEUS - Servizio Emergenza Urgenza Sociale
09_ALTA VALDELSA Protocollo-violenza-valdelsa-2022_ALTA VALDELSA.txt,SERD,SMA
09_ALTA VALDELSA Protocollo-violenza-valdelsa-2022_ALTA VALDELSA.txt,SERD,Servizi sociali
09_ALTA VALDELSA Protocollo-violenza-valdelsa-2022_ALTA VALDELSA.txt,SERD,Servizio di Salute Mentale Azienda USL Toscana Sud Est Zona Alta Valdelsa
09_ALTA VALDELSA Protocollo-violenza-valdelsa-2022_ALTA VALDELSA.txt,SERD,Società della Salute Alta Val d'Elsa
09_ALTA VALDELSA Protocollo-violenza-valdelsa-2022_ALTA VALDELSA.txt,SERD,U.O Pronto Soccorso Azienda USL 7 - Monoblocco Alta Val d'Elsa
09_ALTA VALDELSA Protocollo-violenza-valdelsa-2022_ALTA VALDELSA.txt,SERD,U.O.C. di Psicologia Azienda USL Toscana Sud Est
09_ALTA VALDELSA Protocollo-violenza-valdelsa-2022_ALTA VALDELSA.txt,SERD,UTES - Unità Territoriali Emergenza Sociale
09_ALTA VALDELSA Protocollo-violenza-valdelsa-2022_ALTA VALDELSA.txt,SEUS - Servizio Emergenza Urgenza Sociale,SMA
09_ALTA VALDELSA Protocollo-violenza-valdelsa-2022_ALTA VALDELSA.txt,SEUS - Servizio Emergenza Urgenza Sociale,Servizi sociali
09_ALTA VALDELSA Protocollo-violenza-valdelsa-2022_ALTA VALDELSA.txt,SEUS - Servizio Emergenza Urgenza Sociale,Servizio di Salute Mentale Azienda USL Toscana Sud Est Zona Alta Valdelsa
09_ALTA VALDELSA Protocollo-violenza-valdelsa-2022_ALTA VALDELSA.txt,SEUS - Servizio Emergenza Urgenza Sociale,Società della Salute Alta Val d'Elsa
09_ALTA VALDELSA Protocollo-violenza-valdelsa-2022_ALTA VALDELSA.txt,SEUS - Servizio Emergenza Urgenza Sociale,U.O Pronto Soccorso Azienda USL 7 - Monoblocco Alta Val d'Elsa
09_ALTA VALDELSA Protocollo-violenza-valdelsa-2022_ALTA VALDELSA.txt,SEUS - Servizio Emergenza Urgenza Sociale,U.O.C. di Psicologia Azienda USL Toscana Sud Est
09_ALTA VALDELSA Protocollo-violenza-valdelsa-2022_ALTA VALDELSA.txt,SEUS - Servizio Emergenza Urgenza Sociale,UTES - Unità Territoriali Emergenza Sociale
09_ALTA VALDELSA Protocollo-violenza-valdelsa-2022_ALTA VALDELSA.txt,SMA,Servizi sociali
09_ALTA VALDELSA Protocollo-violenza-valdelsa-2022_ALTA VALDELSA.txt,SMA,Servizio di Salute Mentale Azienda USL Toscana Sud Est Zona Alta Valdelsa
09_ALTA VALDELSA Protocollo-violenza-valdelsa-2022_ALTA VALDELSA.txt,SMA,Società della Salute Alta Val d'Elsa
09_ALTA VALDELSA Protocollo-violenza-valdelsa-2022_ALTA VALDELSA.txt,SMA,U.O Pronto Soccorso Azienda USL 7 - Monoblocco Alta Val d'Elsa
09_ALTA VALDELSA Protocollo-violenza-valdelsa-2022_ALTA VALDELSA.txt,SMA,U.O.C. di Psicologia Azienda USL Toscana Sud Est
09_ALTA VALDELSA Protocollo-violenza-valdelsa-2022_ALTA VALDELSA.txt,SMA,UTES - Unità Territoriali Emergenza Sociale
09_ALTA VALDELSA Protocollo-violenza-valdelsa-2022_ALTA VALDELSA.txt,Servizi sociali,Servizio di Salute Mentale Azienda USL Toscana Sud Est Zona Alta Valdelsa
09_ALTA VALDELSA Protocollo-violenza-valdelsa-2022_ALTA VALDELSA.txt,Servizi sociali,Società della Salute Alta Val d'Elsa
09_ALTA VALDELSA Protocollo-violenza-valdelsa-2022_ALTA VALDELSA.txt,Servizi sociali,U.O Pronto Soccorso Azienda USL 7 - Monoblocco Alta Val d'Elsa
09_ALTA VALDELSA Protocollo-violenza-valdelsa-2022_ALTA VALDELSA.txt,Servizi sociali,U.O.C. di Psicologia Azienda USL Toscana Sud Est
09_ALTA VALDELSA Protocollo-violenza-valdelsa-2022_ALTA VALDELSA.txt,Servizi sociali,UTES - Unità Territoriali Emergenza Sociale
09_ALTA VALDELSA Protocollo-violenza-valdelsa-2022_ALTA VALDELSA.txt,Servizio di Salute Mentale Azienda USL Toscana Sud Est Zona Alta Valdelsa,Società della Salute Alta Val d'Elsa
09_ALTA VALDELSA Protocollo-violenza-valdelsa-2022_ALTA VALDELSA.txt,Servizio di Salute Mentale Azienda USL Toscana Sud Est Zona Alta Valdelsa,U.O Pronto Soccorso Azienda USL 7 - Monoblocco Alta Val d'Elsa
09_ALTA VALDELSA Protocollo-violenza-valdelsa-2022_ALTA VALDELSA.txt,Servizio di Salute Mentale Azienda USL Toscana Sud Est Zona Alta Valdelsa,U.O.C. di Psicologia Azienda USL Toscana Sud Est
09_ALTA VALDELSA Protocollo-violenza-valdelsa-2022_ALTA VALDELSA.txt,Servizio di Salute Mentale Azienda USL Toscana Sud Est Zona Alta Valdelsa,UTES - Unità Territoriali Emergenza Sociale
09_ALTA VALDELSA Protocollo-violenza-valdelsa-2022_ALTA VALDELSA.txt,Società della Salute Alta Val d'Elsa,U.O Pronto Soccorso Azienda USL 7 - Monoblocco Alta Val d'Elsa
09_ALTA VALDELSA Protocollo-violenza-valdelsa-2022_ALTA VALDELSA.txt,Società della Salute Alta Val d'Elsa,U.O.C. di Psicologia Azienda USL Toscana Sud Est
09_ALTA VALDELSA Protocollo-violenza-valdelsa-2022_ALTA VALDELSA.txt,Società della Salute Alta Val d'Elsa,UTES - Unità Territoriali Emergenza Sociale
09_ALTA VALDELSA Protocollo-violenza-valdelsa-2022_ALTA VALDELSA.txt,U.O Pronto Soccorso Azienda USL 7 - Monoblocco Alta Val d'Elsa,U.O.C. di Psicologia Azienda USL Toscana Sud Est
09_ALTA VALDELSA Protocollo-violenza-valdelsa-2022_ALTA VALDELSA.txt,U.O Pronto Soccorso Azienda USL 7 - Monoblocco Alta Val d'Elsa,UTES - Unità Territoriali Emergenza Sociale
09_ALTA VALDELSA Protocollo-violenza-valdelsa-2022_ALTA VALDELSA.txt,U.O.C. di Psicologia Azienda USL Toscana Sud Est,UTES - Unità Territoriali Emergenza Sociale
09_VALDICHIANA_all. decreto 37_2008 protocollo di intesa 2008.txt,Associazione Amica Donna,Azienda ASL7
09_VALDICHIANA_all. decreto 37_2008 protocollo di intesa 2008.txt,Associazione Amica Donna,Carabinieri
09_VALDICHIANA_all. decreto 37_2008 protocollo di intesa 2008.txt,Associazione Amica Donna,Centro Pari Opportunità Valdichiana
09_VALDICHIANA_all. decreto 37_2008 protocollo di intesa 2008.txt,Associazione Amica Donna,Comune di Cetona
09_VALDICHIANA_all. decreto 37_2008 protocollo di intesa 2008.txt,Associazione Amica Donna,Comune di Chianciano Terme
09_VALDICHIANA_all. decreto 37_2008 protocollo di intesa 2008.txt,Associazione Amica Donna,Comune di Chiusi
09_VALDICHIANA_all. decreto 37_2008 protocollo di intesa 2008.txt,Associazione Amica Donna,Comune di Montepulciano
09_VALDICHIANA_all. decreto 37_2008 protocollo di intesa 2008.txt,Associazione Amica Donna,Comune di San Casciano dei Bagni
09_VALDICHIANA_all. decreto 37_2008 protocollo di intesa 2008.txt,Associazione Amica Donna,Comune di Sarteano
09_VALDICHIANA_all. decreto 37_2008 protocollo di intesa 2008.txt,Associazione Amica Donna,Comune di Sinalunga
09_VALDICHIANA_all. decreto 37_2008 protocollo di intesa 2008.txt,Associazione Amica Donna,Comune di Torrita di Siena
09_VALDICHIANA_all. decreto 37_2008 protocollo di intesa 2008.txt,Associazione Amica Donna,Comune di Trequanda
09_VALDICHIANA_all. decreto 37_2008 protocollo di intesa 2008.txt,Associazione Amica Donna,Comunità Montana del Cetona
09_VALDICHIANA_all. decreto 37_2008 protocollo di intesa 2008.txt,Associazione Amica Donna,Polizia di Stato
09_VALDICHIANA_all. decreto 37_2008 protocollo di intesa 2008.txt,Associazione Amica Donna,Società della Salute
09_VALDICHIANA_all. decreto 37_2008 protocollo di intesa 2008.txt,Azienda ASL7,Carabinieri
09_VALDICHIANA_all. decreto 37_2008 protocollo di intesa 2008.txt,Azienda ASL7,Centro Pari Opportunità Valdichiana
09_VALDICHIANA_all. decreto 37_2008 protocollo di intesa 2008.txt,Azienda ASL7,Comune di Cetona
09_VALDICHIANA_all. decreto 37_2008 protocollo di intesa 2008.txt,Azienda ASL7,Comune di Chianciano Terme
09_VALDICHIANA_all. decreto 37_2008 protocollo di intesa 2008.txt,Azienda ASL7,Comune di Chiusi
09_VALDICHIANA_all. decreto 37_2008 protocollo di intesa 2008.txt,Azienda ASL7,Comune di Montepulciano
09_VALDICHIANA_all. decreto 37_2008 protocollo di intesa 2008.txt,Azienda ASL7,Comune di San Casciano dei Bagni
09_VALDICHIANA_all. decreto 37_2008 protocollo di intesa 2008.txt,Azienda ASL7,Comune di Sarteano
09_VALDICHIANA_all. decreto 37_2008 protocollo di intesa 2008.txt,Azienda ASL7,Comune di Sinalunga
09_VALDICHIANA_all. decreto 37_2008 protocollo di intesa 2008.txt,Azienda ASL7,Comune di Torrita di Siena
09_VALDICHIANA_all. decreto 37_2008 protocollo di intesa 2008.txt,Azienda ASL7,Comune di Trequanda
09_VALDICHIANA_all. decreto 37_2008 protocollo di intesa 2008.txt,Azienda ASL7,Comunità Montana del Cetona
09_VALDICHIANA_all. decreto 37_2008 protocollo di intesa 2008.txt,Azienda ASL7,Polizia di Stato
09_VALDICHIANA_all. decreto 37_2008 protocollo di intesa 2008.txt,Azienda ASL7,Società della Salute
09_VALDICHIANA_all. decreto 37_2008 protocollo di intesa 2008.txt,Carabinieri,Centro Pari Opportunità Valdichiana
09_VALDICHIANA_all. decreto 37_2008 protocollo di intesa 2008.txt,Carabinieri,Comune di Cetona
09_VALDICHIANA_all. decreto 37_2008 protocollo di intesa 2008.txt,Carabinieri,Comune di Chianciano Terme
09_VALDICHIANA_all. decreto 37_2008 protocollo di intesa 2008.txt,Carabinieri,Comune di Chiusi
09_VALDICHIANA_all. decreto 37_2008 protocollo di intesa 2008.txt,Carabinieri,Comune di Montepulciano
09_VALDICHIANA_all. decreto 37_2008 protocollo di intesa 2008.txt,Carabinieri,Comune di San Casciano dei Bagni
09_VALDICHIANA_all. decreto 37_2008 protocollo di intesa 2008.txt,Carabinieri,Comune di Sarteano
09_VALDICHIANA_all. decreto 37_2008 protocollo di intesa 2008.txt,Carabinieri,Comune di Sinalunga
09_VALDICHIANA_all. decreto 37_2008 protocollo di intesa 2008.txt,Carabinieri,Comune di Torrita di Siena
09_VALDICHIANA_all. decreto 37_2008 protocollo di intesa 2008.txt,Carabinieri,Comune di Trequanda
09_VALDICHIANA_all. decreto 37_2008 protocollo di intesa 2008.txt,Carabinieri,Comunità Montana del Cetona
09_VALDICHIANA_all. decreto 37_2008 protocollo di intesa 2008.txt,Carabinieri,Polizia di Stato
09_VALDICHIANA_all. decreto 37_2008 protocollo di intesa 2008.txt,Carabinieri,Società della Salute
09_VALDICHIANA_all. decreto 37_2008 protocollo di intesa 2008.txt,Centro Pari Opportunità Valdichiana,Comune di Cetona
09_VALDICHIANA_all. decreto 37_2008 protocollo di intesa 2008.txt,Centro Pari Opportunità Valdichiana,Comune di Chianciano Terme
09_VALDICHIANA_all. decreto 37_2008 protocollo di intesa 2008.txt,Centro Pari Opportunità Valdichiana,Comune di Chiusi
09_VALDICHIANA_all. decreto 37_2008 protocollo di intesa 2008.txt,Centro Pari Opportunità Valdichiana,Comune di Montepulciano
09_VALDICHIANA_all. decreto 37_2008 protocollo di intesa 2008.txt,Centro Pari Opportunità Valdichiana,Comune di San Casciano dei Bagni
09_VALDICHIANA_all. decreto 37_2008 protocollo di intesa 2008.txt,Centro Pari Opportunità Valdichiana,Comune di Sarteano
09_VALDICHIANA_all. decreto 37_2008 protocollo di intesa 2008.txt,Centro Pari Opportunità Valdichiana,Comune di Sinalunga
09_VALDICHIANA_all. decreto 37_2008 protocollo di intesa 2008.txt,Centro Pari Opportunità Valdichiana,Comune di Torrita di Siena
09_VALDICHIANA_all. decreto 37_2008 protocollo di intesa 2008.txt,Centro Pari Opportunità Valdichiana,Comune di Trequanda
09_VALDICHIANA_all. decreto 37_2008 protocollo di intesa 2008.txt,Centro Pari Opportunità Valdichiana,Comunità Montana del Cetona
09_VALDICHIANA_all. decreto 37_2008 protocollo di intesa 2008.txt,Centro Pari Opportunità Valdichiana,Polizia di Stato
09_VALDICHIANA_all. decreto 37_2008 protocollo di intesa 2008.txt,Centro Pari Opportunità Valdichiana,Società della Salute
09_VALDICHIANA_all. decreto 37_2008 protocollo di intesa 2008.txt,Comune di Cetona,Comune di Chianciano Terme
09_VALDICHIANA_all. decreto 37_2008 protocollo di intesa 2008.txt,Comune di Cetona,Comune di Chiusi
09_VALDICHIANA_all. decreto 37_2008 protocollo di intesa 2008.txt,Comune di Cetona,Comune di Montepulciano
09_VALDICHIANA_all. decreto 37_2008 protocollo di intesa 2008.txt,Comune di Cetona,Comune di San Casciano dei Bagni
09_VALDICHIANA_all. decreto 37_2008 protocollo di intesa 2008.txt,Comune di Cetona,Comune di Sarteano
09_VALDICHIANA_all. decreto 37_2008 protocollo di intesa 2008.txt,Comune di Cetona,Comune di Sinalunga
09_VALDICHIANA_all. decreto 37_2008 protocollo di intesa 2008.txt,Comune di Cetona,Comune di Torrita di Siena
09_VALDICHIANA_all. decreto 37_2008 protocollo di intesa 2008.txt,Comune di Cetona,Comune di Trequanda
09_VALDICHIANA_all. decreto 37_2008 protocollo di intesa 2008.txt,Comune di Cetona,Comunità Montana del Cetona
09_VALDICHIANA_all. decreto 37_2008 protocollo di intesa 2008.txt,Comune di Cetona,Polizia di Stato
09_VALDICHIANA_all. decreto 37_2008 protocollo di intesa 2008.txt,Comune di Cetona,Società della Salute
09_VALDICHIANA_all. decreto 37_2008 protocollo di intesa 2008.txt,Comune di Chianciano Terme,Comune di Chiusi
09_VALDICHIANA_all. decreto 37_2008 protocollo di intesa 2008.txt,Comune di Chianciano Terme,Comune di Montepulciano
09_VALDICHIANA_all. decreto 37_2008 protocollo di intesa 2008.txt,Comune di Chianciano Terme,Comune di San Casciano dei Bagni
09_VALDICHIANA_all. decreto 37_2008 protocollo di intesa 2008.txt,Comune di Chianciano Terme,Comune di Sarteano
09_VALDICHIANA_all. decreto 37_2008 protocollo di intesa 2008.txt,Comune di Chianciano Terme,Comune di Sinalunga
09_VALDICHIANA_all. decreto 37_2008 protocollo di intesa 2008.txt,Comune di Chianciano Terme,Comune di Torrita di Siena
09_VALDICHIANA_all. decreto 37_2008 protocollo di intesa 2008.txt,Comune di Chianciano Terme,Comune di Trequanda
09_VALDICHIANA_all. decreto 37_2008 protocollo di intesa 2008.txt,Comune di Chianciano Terme,Comunità Montana del Cetona
09_VALDICHIANA_all. decreto 37_2008 protocollo di intesa 2008.txt,Comune di Chianciano Terme,Polizia di Stato
09_VALDICHIANA_all. decreto 37_2008 protocollo di intesa 2008.txt,Comune di Chianciano Terme,Società della Salute
09_VALDICHIANA_all. decreto 37_2008 protocollo di intesa 2008.txt,Comune di Chiusi,Comune di Montepulciano
09_VALDICHIANA_all. decreto 37_2008 protocollo di intesa 2008.txt,Comune di Chiusi,Comune di San Casciano dei Bagni
09_VALDICHIANA_all. decreto 37_2008 protocollo di intesa 2008.txt,Comune di Chiusi,Comune di Sarteano
09_VALDICHIANA_all. decreto 37_2008 protocollo di intesa 2008.txt,Comune di Chiusi,Comune di Sinalunga
09_VALDICHIANA_all. decreto 37_2008 protocollo di intesa 2008.txt,Comune di Chiusi,Comune di Torrita di Siena
09_VALDICHIANA_all. decreto 37_2008 protocollo di intesa 2008.txt,Comune di Chiusi,Comune di Trequanda
09_VALDICHIANA_all. decreto 37_2008 protocollo di intesa 2008.txt,Comune di Chiusi,Comunità Montana del Cetona
09_VALDICHIANA_all. decreto 37_2008 protocollo di intesa 2008.txt,Comune di Chiusi,Polizia di Stato
09_VALDICHIANA_all. decreto 37_2008 protocollo di intesa 2008.txt,Comune di Chiusi,Società della Salute
09_VALDICHIANA_all. decreto 37_2008 protocollo di intesa 2008.txt,Comune di Montepulciano,Comune di San Casciano dei Bagni
09_VALDICHIANA_all. decreto 37_2008 protocollo di intesa 2008.txt,Comune di Montepulciano,Comune di Sarteano
09_VALDICHIANA_all. decreto 37_2008 protocollo di intesa 2008.txt,Comune di Montepulciano,Comune di Sinalunga
09_VALDICHIANA_all. decreto 37_2008 protocollo di intesa 2008.txt,Comune di Montepulciano,Comune di Torrita di Siena
09_VALDICHIANA_all. decreto 37_2008 protocollo di intesa 2008.txt,Comune di Montepulciano,Comune di Trequanda
09_VALDICHIANA_all. decreto 37_2008 protocollo di intesa 2008.txt,Comune di Montepulciano,Comunità Montana del Cetona
09_VALDICHIANA_all. decreto 37_2008 protocollo di intesa 2008.txt,Comune di Montepulciano,Polizia di Stato
09_VALDICHIANA_all. decreto 37_2008 protocollo di intesa 2008.txt,Comune di Montepulciano,Società della Salute
09_VALDICHIANA_all. decreto 37_2008 protocollo di intesa 2008.txt,Comune di San Casciano dei Bagni,Comune di Sarteano
09_VALDICHIANA_all. decreto 37_2008 protocollo di intesa 2008.txt,Comune di San Casciano dei Bagni,Comune di Sinalunga
09_VALDICHIANA_all. decreto 37_2008 protocollo di intesa 2008.txt,Comune di San Casciano dei Bagni,Comune di Torrita di Siena
09_VALDICHIANA_all. decreto 37_2008 protocollo di intesa 2008.txt,Comune di San Casciano dei Bagni,Comune di Trequanda
09_VALDICHIANA_all. decreto 37_2008 protocollo di intesa 2008.txt,Comune di San Casciano dei Bagni,Comunità Montana del Cetona
09_VALDICHIANA_all. decreto 37_2008 protocollo di intesa 2008.txt,Comune di San Casciano dei Bagni,Polizia di Stato
09_VALDICHIANA_all. decreto 37_2008 protocollo di intesa 2008.txt,Comune di San Casciano dei Bagni,Società della Salute
09_VALDICHIANA_all. decreto 37_2008 protocollo di intesa 2008.txt,Comune di Sarteano,Comune di Sinalunga
09_VALDICHIANA_all. decreto 37_2008 protocollo di intesa 2008.txt,Comune di Sarteano,Comune di Torrita di Siena
09_VALDICHIANA_all. decreto 37_2008 protocollo di intesa 2008.txt,Comune di Sarteano,Comune di Trequanda
09_VALDICHIANA_all. decreto 37_2008 protocollo di intesa 2008.txt,Comune di Sarteano,Comunità Montana del Cetona
09_VALDICHIANA_all. decreto 37_2008 protocollo di intesa 2008.txt,Comune di Sarteano,Polizia di Stato
09_VALDICHIANA_all. decreto 37_2008 protocollo di intesa 2008.txt,Comune di Sarteano,Società della Salute
09_VALDICHIANA_all. decreto 37_2008 protocollo di intesa 2008.txt,Comune di Sinalunga,Comune di Torrita di Siena
09_VALDICHIANA_all. decreto 37_2008 protocollo di intesa 2008.txt,Comune di Sinalunga,Comune di Trequanda
09_VALDICHIANA_all. decreto 37_2008 protocollo di intesa 2008.txt,Comune di Sinalunga,Comunità Montana del Cetona
09_VALDICHIANA_all. decreto 37_2008 protocollo di intesa 2008.txt,Comune di Sinalunga,Polizia di Stato
09_VALDICHIANA_all. decreto 37_2008 protocollo di intesa 2008.txt,Comune di Sinalunga,Società della Salute
09_VALDICHIANA_all. decreto 37_2008 protocollo di intesa 2008.txt,Comune di Torrita di Siena,Comune di Trequanda
09_VALDICHIANA_all. decreto 37_2008 protocollo di intesa 2008.txt,Comune di Torrita di Siena,Comunità Montana del Cetona
09_VALDICHIANA_all. decreto 37_2008 protocollo di intesa 2008.txt,Comune di Torrita di Siena,Polizia di Stato
09_VALDICHIANA_all. decreto 37_2008 protocollo di intesa 2008.txt,Comune di Torrita di Siena,Società della Salute
09_VALDICHIANA_all. decreto 37_2008 protocollo di intesa 2008.txt,Comune di Trequanda,Comunità Montana del Cetona
09_VALDICHIANA_all. decreto 37_2008 protocollo di intesa 2008.txt,Comune di Trequanda,Polizia di Stato
09_VALDICHIANA_all. decreto 37_2008 protocollo di intesa 2008.txt,Comune di Trequanda,Società della Salute
09_VALDICHIANA_all. decreto 37_2008 protocollo di intesa 2008.txt,Comunità Montana del Cetona,Polizia di Stato
09_VALDICHIANA_all. decreto 37_2008 protocollo di intesa 2008.txt,Comunità Montana del Cetona,Società della Salute
09_VALDICHIANA_all. decreto 37_2008 protocollo di intesa 2008.txt,Polizia di Stato,Società della Salute
09_AREZZO Prot_2024-2026.txt,"Associazione ""Pronto Donna"" Centro Antiviolenza",Azienda Usl n. 8
09_AREZZO Prot_2024-2026.txt,"Associazione ""Pronto Donna"" Centro Antiviolenza",Comando Provinciale dei Carabinieri di Arezzo
09_AREZZO Prot_2024-2026.txt,"Associazione ""Pronto Donna"" Centro Antiviolenza",Comando Provinciale della Guardia di Finanza di Arezzo
09_AREZZO Prot_2024-2026.txt,"Associazione ""Pronto Donna"" Centro Antiviolenza",Comune di Arezzo
09_AREZZO Prot_2024-2026.txt,"Associazione ""Pronto Donna"" Centro Antiviolenza",Conferenza Zonale dei Sindaci del Casentino/Unione dei Comuni Montani del Casentino
09_AREZZO Prot_2024-2026.txt,"Associazione ""Pronto Donna"" Centro Antiviolenza",Conferenza Zonale dei Sindaci del Valdarno
09_AREZZO Prot_2024-2026.txt,"Associazione ""Pronto Donna"" Centro Antiviolenza",Conferenza Zonale dei Sindaci della Valdichiana Aretina
09_AREZZO Prot_2024-2026.txt,"Associazione ""Pronto Donna"" Centro Antiviolenza",Conferenza Zonale dei Sindaci della Valtiberina Toscana/Unione Montana dei Comuni della Valtiberina Toscana
09_AREZZO Prot_2024-2026.txt,"Associazione ""Pronto Donna"" Centro Antiviolenza",Conferenza dei Sindaci della Zona Aretina
09_AREZZO Prot_2024-2026.txt,"Associazione ""Pronto Donna"" Centro Antiviolenza",Consigliera Provinciale di Parità
09_AREZZO Prot_2024-2026.txt,"Associazione ""Pronto Donna"" Centro Antiviolenza",Forze dell'ordine
09_AREZZO Prot_2024-2026.txt,"Associazione ""Pronto Donna"" Centro Antiviolenza",Prefettura di Arezzo
09_AREZZO Prot_2024-2026.txt,"Associazione ""Pronto Donna"" Centro Antiviolenza",Procura della Repubblica presso il Tribunale di Arezzo
09_AREZZO Prot_2024-2026.txt,"Associazione ""Pronto Donna"" Centro Antiviolenza",Provincia di Arezzo
09_AREZZO Prot_2024-2026.txt,"Associazione ""Pronto Donna"" Centro Antiviolenza",Questura di Arezzo
09_AREZZO Prot_2024-2026.txt,"Associazione ""Pronto Donna"" Centro Antiviolenza",Tribunale di Arezzo
09_AREZZO Prot_2024-2026.txt,"Associazione ""Pronto Donna"" Centro Antiviolenza",Ufficio Scolastico Provinciale di Arezzo
09_AREZZO Prot_2024-2026.txt,"Associazione ""Pronto Donna"" Centro Antiviolenza",Ufficio Scolastico Regionale per la Toscana Ambito Territoriale della Provincia di Arezzo Ufficio VI
09_AREZZO Prot_2024-2026.txt,"Associazione ""Pronto Donna"" Centro Antiviolenza",Ufficio Scolastico Territoriale di Arezzo
09_AREZZO Prot_2024-2026.txt,"Associazione ""Pronto Donna"" Centro Antiviolenza",Ufficio delle Consigliere di Parità per la Provincia di Arezzo
09_AREZZO Prot_2024-2026.txt,"Associazione ""Pronto Donna"" Centro Antiviolenza",Zone Socio-Sanitarie
09_AREZZO Prot_2024-2026.txt,Azienda Usl n. 8,Comando Provinciale dei Carabinieri di Arezzo
09_AREZZO Prot_2024-2026.txt,Azienda Usl n. 8,Comando Provinciale della Guardia di Finanza di Arezzo
09_AREZZO Prot_2024-2026.txt,Azienda Usl n. 8,Comune di Arezzo
09_AREZZO Prot_2024-2026.txt,Azienda Usl n. 8,Conferenza Zonale dei Sindaci del Casentino/Unione dei Comuni Montani del Casentino
09_AREZZO Prot_2024-2026.txt,Azienda Usl n. 8,Conferenza Zonale dei Sindaci del Valdarno
09_AREZZO Prot_2024-2026.txt,Azienda Usl n. 8,Conferenza Zonale dei Sindaci della Valdichiana Aretina
09_AREZZO Prot_2024-2026.txt,Azienda Usl n. 8,Conferenza Zonale dei Sindaci della Valtiberina Toscana/Unione Montana dei Comuni della Valtiberina Toscana
09_AREZZO Prot_2024-2026.txt,Azienda Usl n. 8,Conferenza dei Sindaci della Zona Aretina
09_AREZZO Prot_2024-2026.txt,Azienda Usl n. 8,Consigliera Provinciale di Parità
09_AREZZO Prot_2024-2026.txt,Azienda Usl n. 8,Forze dell'ordine
09_AREZZO Prot_2024-2026.txt,Azienda Usl n. 8,Prefettura di Arezzo
09_AREZZO Prot_2024-2026.txt,Azienda Usl n. 8,Procura della Repubblica presso il Tribunale di Arezzo
09_AREZZO Prot_2024-2026.txt,Azienda Usl n. 8,Provincia di Arezzo
09_AREZZO Prot_2024-2026.txt,Azienda Usl n. 8,Questura di Arezzo
09_AREZZO Prot_2024-2026.txt,Azienda Usl n. 8,Tribunale di Arezzo
09_AREZZO Prot_2024-2026.txt,Azienda Usl n. 8,Ufficio Scolastico Provinciale di Arezzo
09_AREZZO Prot_2024-2026.txt,Azienda Usl n. 8,Ufficio Scolastico Regionale per la Toscana Ambito Territoriale della Provincia di Arezzo Ufficio VI
09_AREZZO Prot_2024-2026.txt,Azienda Usl n. 8,Ufficio Scolastico Territoriale di Arezzo
09_AREZZO Prot_2024-2026.txt,Azienda Usl n. 8,Ufficio delle Consigliere di Parità per la Provincia di Arezzo
09_AREZZO Prot_2024-2026.txt,Azienda Usl n. 8,Zone Socio-Sanitarie
09_AREZZO Prot_2024-2026.txt,Comando Provinciale dei Carabinieri di Arezzo,Comando Provinciale della Guardia di Finanza di Arezzo
09_AREZZO Prot_2024-2026.txt,Comando Provinciale dei Carabinieri di Arezzo,Comune di Arezzo
09_AREZZO Prot_2024-2026.txt,Comando Provinciale dei Carabinieri di Arezzo,Conferenza Zonale dei Sindaci del Casentino/Unione dei Comuni Montani del Casentino
09_AREZZO Prot_2024-2026.txt,Comando Provinciale dei Carabinieri di Arezzo,Conferenza Zonale dei Sindaci del Valdarno
09_AREZZO Prot_2024-2026.txt,Comando Provinciale dei Carabinieri di Arezzo,Conferenza Zonale dei Sindaci della Valdichiana Aretina
09_AREZZO Prot_2024-2026.txt,Comando Provinciale dei Carabinieri di Arezzo,Conferenza Zonale dei Sindaci della Valtiberina Toscana/Unione Montana dei Comuni della Valtiberina Toscana
09_AREZZO Prot_2024-2026.txt,Comando Provinciale dei Carabinieri di Arezzo,Conferenza dei Sindaci della Zona Aretina
09_AREZZO Prot_2024-2026.txt,Comando Provinciale dei Carabinieri di Arezzo,Consigliera Provinciale di Parità
09_AREZZO Prot_2024-2026.txt,Comando Provinciale dei Carabinieri di Arezzo,Forze dell'ordine
09_AREZZO Prot_2024-2026.txt,Comando Provinciale dei Carabinieri di Arezzo,Prefettura di Arezzo
09_AREZZO Prot_2024-2026.txt,Comando Provinciale dei Carabinieri di Arezzo,Procura della Repubblica presso il Tribunale di Arezzo
09_AREZZO Prot_2024-2026.txt,Comando Provinciale dei Carabinieri di Arezzo,Provincia di Arezzo
09_AREZZO Prot_2024-2026.txt,Comando Provinciale dei Carabinieri di Arezzo,Questura di Arezzo
09_AREZZO Prot_2024-2026.txt,Comando Provinciale dei Carabinieri di Arezzo,Tribunale di Arezzo
09_AREZZO Prot_2024-2026.txt,Comando Provinciale dei Carabinieri di Arezzo,Ufficio Scolastico Provinciale di Arezzo
09_AREZZO Prot_2024-2026.txt,Comando Provinciale dei Carabinieri di Arezzo,Ufficio Scolastico Regionale per la Toscana Ambito Territoriale della Provincia di Arezzo Ufficio VI
09_AREZZO Prot_2024-2026.txt,Comando Provinciale dei Carabinieri di Arezzo,Ufficio Scolastico Territoriale di Arezzo
09_AREZZO Prot_2024-2026.txt,Comando Provinciale dei Carabinieri di Arezzo,Ufficio delle Consigliere di Parità per la Provincia di Arezzo
09_AREZZO Prot_2024-2026.txt,Comando Provinciale dei Carabinieri di Arezzo,Zone Socio-Sanitarie
09_AREZZO Prot_2024-2026.txt,Comando Provinciale della Guardia di Finanza di Arezzo,Comune di Arezzo
09_AREZZO Prot_2024-2026.txt,Comando Provinciale della Guardia di Finanza di Arezzo,Conferenza Zonale dei Sindaci del Casentino/Unione dei Comuni Montani del Casentino
09_AREZZO Prot_2024-2026.txt,Comando Provinciale della Guardia di Finanza di Arezzo,Conferenza Zonale dei Sindaci del Valdarno
09_AREZZO Prot_2024-2026.txt,Comando Provinciale della Guardia di Finanza di Arezzo,Conferenza Zonale dei Sindaci della Valdichiana Aretina
09_AREZZO Prot_2024-2026.txt,Comando Provinciale della Guardia di Finanza di Arezzo,Conferenza Zonale dei Sindaci della Valtiberina Toscana/Unione Montana dei Comuni della Valtiberina Toscana
09_AREZZO Prot_2024-2026.txt,Comando Provinciale della Guardia di Finanza di Arezzo,Conferenza dei Sindaci della Zona Aretina
09_AREZZO Prot_2024-2026.txt,Comando Provinciale della Guardia di Finanza di Arezzo,Consigliera Provinciale di Parità
09_AREZZO Prot_2024-2026.txt,Comando Provinciale della Guardia di Finanza di Arezzo,Forze dell'ordine
09_AREZZO Prot_2024-2026.txt,Comando Provinciale della Guardia di Finanza di Arezzo,Prefettura di Arezzo
09_AREZZO Prot_2024-2026.txt,Comando Provinciale della Guardia di Finanza di Arezzo,Procura della Repubblica presso il Tribunale di Arezzo
09_AREZZO Prot_2024-2026.txt,Comando Provinciale della Guardia di Finanza di Arezzo,Provincia di Arezzo
09_AREZZO Prot_2024-2026.txt,Comando Provinciale della Guardia di Finanza di Arezzo,Questura di Arezzo
09_AREZZO Prot_2024-2026.txt,Comando Provinciale della Guardia di Finanza di Arezzo,Tribunale di Arezzo
09_AREZZO Prot_2024-2026.txt,Comando Provinciale della Guardia di Finanza di Arezzo,Ufficio Scolastico Provinciale di Arezzo
09_AREZZO Prot_2024-2026.txt,Comando Provinciale della Guardia di Finanza di Arezzo,Ufficio Scolastico Regionale per la Toscana Ambito Territoriale della Provincia di Arezzo Ufficio VI
09_AREZZO Prot_2024-2026.txt,Comando Provinciale della Guardia di Finanza di Arezzo,Ufficio Scolastico Territoriale di Arezzo
09_AREZZO Prot_2024-2026.txt,Comando Provinciale della Guardia di Finanza di Arezzo,Ufficio delle Consigliere di Parità per la Provincia di Arezzo
09_AREZZO Prot_2024-2026.txt,Comando Provinciale della Guardia di Finanza di Arezzo,Zone Socio-Sanitarie
09_AREZZO Prot_2024-2026.txt,Comune di Arezzo,Conferenza Zonale dei Sindaci del Casentino/Unione dei Comuni Montani del Casentino
09_AREZZO Prot_2024-2026.txt,Comune di Arezzo,Conferenza Zonale dei Sindaci del Valdarno
09_AREZZO Prot_2024-2026.txt,Comune di Arezzo,Conferenza Zonale dei Sindaci della Valdichiana Aretina
09_AREZZO Prot_2024-2026.txt,Comune di Arezzo,Conferenza Zonale dei Sindaci della Valtiberina Toscana/Unione Montana dei Comuni della Valtiberina Toscana
09_AREZZO Prot_2024-2026.txt,Comune di Arezzo,Conferenza dei Sindaci della Zona Aretina
09_AREZZO Prot_2024-2026.txt,Comune di Arezzo,Consigliera Provinciale di Parità
09_AREZZO Prot_2024-2026.txt,Comune di Arezzo,Forze dell'ordine
09_AREZZO Prot_2024-2026.txt,Comune di Arezzo,Prefettura di Arezzo
09_AREZZO Prot_2024-2026.txt,Comune di Arezzo,Procura della Repubblica presso il Tribunale di Arezzo
09_AREZZO Prot_2024-2026.txt,Comune di Arezzo,Provincia di Arezzo
09_AREZZO Prot_2024-2026.txt,Comune di Arezzo,Questura di Arezzo
09_AREZZO Prot_2024-2026.txt,Comune di Arezzo,Tribunale di Arezzo
09_AREZZO Prot_2024-2026.txt,Comune di Arezzo,Ufficio Scolastico Provinciale di Arezzo
09_AREZZO Prot_2024-2026.txt,Comune di Arezzo,Ufficio Scolastico Regionale per la Toscana Ambito Territoriale della Provincia di Arezzo Ufficio VI
09_AREZZO Prot_2024-2026.txt,Comune di Arezzo,Ufficio Scolastico Territoriale di Arezzo
09_AREZZO Prot_2024-2026.txt,Comune di Arezzo,Ufficio delle Consigliere di Parità per la Provincia di Arezzo
09_AREZZO Prot_2024-2026.txt,Comune di Arezzo,Zone Socio-Sanitarie
09_AREZZO Prot_2024-2026.txt,Conferenza Zonale dei Sindaci del Casentino/Unione dei Comuni Montani del Casentino,Conferenza Zonale dei Sindaci del Valdarno
09_AREZZO Prot_2024-2026.txt,Conferenza Zonale dei Sindaci del Casentino/Unione dei Comuni Montani del Casentino,Conferenza Zonale dei Sindaci della Valdichiana Aretina
09_AREZZO Prot_2024-2026.txt,Conferenza Zonale dei Sindaci del Casentino/Unione dei Comuni Montani del Casentino,Conferenza Zonale dei Sindaci della Valtiberina Toscana/Unione Montana dei Comuni della Valtiberina Toscana
09_AREZZO Prot_2024-2026.txt,Conferenza Zonale dei Sindaci del Casentino/Unione dei Comuni Montani del Casentino,Conferenza dei Sindaci della Zona Aretina
09_AREZZO Prot_2024-2026.txt,Conferenza Zonale dei Sindaci del Casentino/Unione dei Comuni Montani del Casentino,Consigliera Provinciale di Parità
09_AREZZO Prot_2024-2026.txt,Conferenza Zonale dei Sindaci del Casentino/Unione dei Comuni Montani del Casentino,Forze dell'ordine
09_AREZZO Prot_2024-2026.txt,Conferenza Zonale dei Sindaci del Casentino/Unione dei Comuni Montani del Casentino,Prefettura di Arezzo
09_AREZZO Prot_2024-2026.txt,Conferenza Zonale dei Sindaci del Casentino/Unione dei Comuni Montani del Casentino,Procura della Repubblica presso il Tribunale di Arezzo
09_AREZZO Prot_2024-2026.txt,Conferenza Zonale dei Sindaci del Casentino/Unione dei Comuni Montani del Casentino,Provincia di Arezzo
09_AREZZO Prot_2024-2026.txt,Conferenza Zonale dei Sindaci del Casentino/Unione dei Comuni Montani del Casentino,Questura di Arezzo
09_AREZZO Prot_2024-2026.txt,Conferenza Zonale dei Sindaci del Casentino/Unione dei Comuni Montani del Casentino,Tribunale di Arezzo
09_AREZZO Prot_2024-2026.txt,Conferenza Zonale dei Sindaci del Casentino/Unione dei Comuni Montani del Casentino,Ufficio Scolastico Provinciale di Arezzo
09_AREZZO Prot_2024-2026.txt,Conferenza Zonale dei Sindaci del Casentino/Unione dei Comuni Montani del Casentino,Ufficio Scolastico Regionale per la Toscana Ambito Territoriale della Provincia di Arezzo Ufficio VI
09_AREZZO Prot_2024-2026.txt,Conferenza Zonale dei Sindaci del Casentino/Unione dei Comuni Montani del Casentino,Ufficio Scolastico Territoriale di Arezzo
09_AREZZO Prot_2024-2026.txt,Conferenza Zonale dei Sindaci del Casentino/Unione dei Comuni Montani del Casentino,Ufficio delle Consigliere di Parità per la Provincia di Arezzo
09_AREZZO Prot_2024-2026.txt,Conferenza Zonale dei Sindaci del Casentino/Unione dei Comuni Montani del Casentino,Zone Socio-Sanitarie
09_AREZZO Prot_2024-2026.txt,Conferenza Zonale dei Sindaci del Valdarno,Conferenza Zonale dei Sindaci della Valdichiana Aretina
09_AREZZO Prot_2024-2026.txt,Conferenza Zonale dei Sindaci del Valdarno,Conferenza Zonale dei Sindaci della Valtiberina Toscana/Unione Montana dei Comuni della Valtiberina Toscana
09_AREZZO Prot_2024-2026.txt,Conferenza Zonale dei Sindaci del Valdarno,Conferenza dei Sindaci della Zona Aretina
09_AREZZO Prot_2024-2026.txt,Conferenza Zonale dei Sindaci del Valdarno,Consigliera Provinciale di Parità
09_AREZZO Prot_2024-2026.txt,Conferenza Zonale dei Sindaci del Valdarno,Forze dell'ordine
09_AREZZO Prot_2024-2026.txt,Conferenza Zonale dei Sindaci del Valdarno,Prefettura di Arezzo
09_AREZZO Prot_2024-2026.txt,Conferenza Zonale dei Sindaci del Valdarno,Procura della Repubblica presso il Tribunale di Arezzo
09_AREZZO Prot_2024-2026.txt,Conferenza Zonale dei Sindaci del Valdarno,Provincia di Arezzo
09_AREZZO Prot_2024-2026.txt,Conferenza Zonale dei Sindaci del Valdarno,Questura di Arezzo
09_AREZZO Prot_2024-2026.txt,Conferenza Zonale dei Sindaci del Valdarno,Tribunale di Arezzo
09_AREZZO Prot_2024-2026.txt,Conferenza Zonale dei Sindaci del Valdarno,Ufficio Scolastico Provinciale di Arezzo
09_AREZZO Prot_2024-2026.txt,Conferenza Zonale dei Sindaci del Valdarno,Ufficio Scolastico Regionale per la Toscana Ambito Territoriale della Provincia di Arezzo Ufficio VI
09_AREZZO Prot_2024-2026.txt,Conferenza Zonale dei Sindaci del Valdarno,Ufficio Scolastico Territoriale di Arezzo
09_AREZZO Prot_2024-2026.txt,Conferenza Zonale dei Sindaci del Valdarno,Ufficio delle Consigliere di Parità per la Provincia di Arezzo
09_AREZZO Prot_2024-2026.txt,Conferenza Zonale dei Sindaci del Valdarno,Zone Socio-Sanitarie
09_AREZZO Prot_2024-2026.txt,Conferenza Zonale dei Sindaci della Valdichiana Aretina,Conferenza Zonale dei Sindaci della Valtiberina Toscana/Unione Montana dei Comuni della Valtiberina Toscana
09_AREZZO Prot_2024-2026.txt,Conferenza Zonale dei Sindaci della Valdichiana Aretina,Conferenza dei Sindaci della Zona Aretina
09_AREZZO Prot_2024-2026.txt,Conferenza Zonale dei Sindaci della Valdichiana Aretina,Consigliera Provinciale di Parità
09_AREZZO Prot_2024-2026.txt,Conferenza Zonale dei Sindaci della Valdichiana Aretina,Forze dell'ordine
09_AREZZO Prot_2024-2026.txt,Conferenza Zonale dei Sindaci della Valdichiana Aretina,Prefettura di Arezzo
09_AREZZO Prot_2024-2026.txt,Conferenza Zonale dei Sindaci della Valdichiana Aretina,Procura della Repubblica presso il Tribunale di Arezzo
09_AREZZO Prot_2024-2026.txt,Conferenza Zonale dei Sindaci della Valdichiana Aretina,Provincia di Arezzo
09_AREZZO Prot_2024-2026.txt,Conferenza Zonale dei Sindaci della Valdichiana Aretina,Questura di Arezzo
09_AREZZO Prot_2024-2026.txt,Conferenza Zonale dei Sindaci della Valdichiana Aretina,Tribunale di Arezzo
09_AREZZO Prot_2024-2026.txt,Conferenza Zonale dei Sindaci della Valdichiana Aretina,Ufficio Scolastico Provinciale di Arezzo
09_AREZZO Prot_2024-2026.txt,Conferenza Zonale dei Sindaci della Valdichiana Aretina,Ufficio Scolastico Regionale per la Toscana Ambito Territoriale della Provincia di Arezzo Ufficio VI
09_AREZZO Prot_2024-2026.txt,Conferenza Zonale dei Sindaci della Valdichiana Aretina,Ufficio Scolastico Territoriale di Arezzo
09_AREZZO Prot_2024-2026.txt,Conferenza Zonale dei Sindaci della Valdichiana Aretina,Ufficio delle Consigliere di Parità per la Provincia di Arezzo
09_AREZZO Prot_2024-2026.txt,Conferenza Zonale dei Sindaci della Valdichiana Aretina,Zone Socio-Sanitarie
09_AREZZO Prot_2024-2026.txt,Conferenza Zonale dei Sindaci della Valtiberina Toscana/Unione Montana dei Comuni della Valtiberina Toscana,Conferenza dei Sindaci della Zona Aretina
09_AREZZO Prot_2024-2026.txt,Conferenza Zonale dei Sindaci della Valtiberina Toscana/Unione Montana dei Comuni della Valtiberina Toscana,Consigliera Provinciale di Parità
09_AREZZO Prot_2024-2026.txt,Conferenza Zonale dei Sindaci della Valtiberina Toscana/Unione Montana dei Comuni della Valtiberina Toscana,Forze dell'ordine
09_AREZZO Prot_2024-2026.txt,Conferenza Zonale dei Sindaci della Valtiberina Toscana/Unione Montana dei Comuni della Valtiberina Toscana,Prefettura di Arezzo
09_AREZZO Prot_2024-2026.txt,Conferenza Zonale dei Sindaci della Valtiberina Toscana/Unione Montana dei Comuni della Valtiberina Toscana,Procura della Repubblica presso il Tribunale di Arezzo
09_AREZZO Prot_2024-2026.txt,Conferenza Zonale dei Sindaci della Valtiberina Toscana/Unione Montana dei Comuni della Valtiberina Toscana,Provincia di Arezzo
09_AREZZO Prot_2024-2026.txt,Conferenza Zonale dei Sindaci della Valtiberina Toscana/Unione Montana dei Comuni della Valtiberina Toscana,Questura di Arezzo
09_AREZZO Prot_2024-2026.txt,Conferenza Zonale dei Sindaci della Valtiberina Toscana/Unione Montana dei Comuni della Valtiberina Toscana,Tribunale di Arezzo
09_AREZZO Prot_2024-2026.txt,Conferenza Zonale dei Sindaci della Valtiberina Toscana/Unione Montana dei Comuni della Valtiberina Toscana,Ufficio Scolastico Provinciale di Arezzo
09_AREZZO Prot_2024-2026.txt,Conferenza Zonale dei Sindaci della Valtiberina Toscana/Unione Montana dei Comuni della Valtiberina Toscana,Ufficio Scolastico Regionale per la Toscana Ambito Territoriale della Provincia di Arezzo Ufficio VI
09_AREZZO Prot_2024-2026.txt,Conferenza Zonale dei Sindaci della Valtiberina Toscana/Unione Montana dei Comuni della Valtiberina Toscana,Ufficio Scolastico Territoriale di Arezzo
09_AREZZO Prot_2024-2026.txt,Conferenza Zonale dei Sindaci della Valtiberina Toscana/Unione Montana dei Comuni della Valtiberina Toscana,Ufficio delle Consigliere di Parità per la Provincia di Arezzo
09_AREZZO Prot_2024-2026.txt,Conferenza Zonale dei Sindaci della Valtiberina Toscana/Unione Montana dei Comuni della Valtiberina Toscana,Zone Socio-Sanitarie
09_AREZZO Prot_2024-2026.txt,Conferenza dei Sindaci della Zona Aretina,Consigliera Provinciale di Parità
09_AREZZO Prot_2024-2026.txt,Conferenza dei Sindaci della Zona Aretina,Forze dell'ordine
09_AREZZO Prot_2024-2026.txt,Conferenza dei Sindaci della Zona Aretina,Prefettura di Arezzo
09_AREZZO Prot_2024-2026.txt,Conferenza dei Sindaci della Zona Aretina,Procura della Repubblica presso il Tribunale di Arezzo
09_AREZZO Prot_2024-2026.txt,Conferenza dei Sindaci della Zona Aretina,Provincia di Arezzo
09_AREZZO Prot_2024-2026.txt,Conferenza dei Sindaci della Zona Aretina,Questura di Arezzo
09_AREZZO Prot_2024-2026.txt,Conferenza dei Sindaci della Zona Aretina,Tribunale di Arezzo
09_AREZZO Prot_2024-2026.txt,Conferenza dei Sindaci della Zona Aretina,Ufficio Scolastico Provinciale di Arezzo
09_AREZZO Prot_2024-2026.txt,Conferenza dei Sindaci della Zona Aretina,Ufficio Scolastico Regionale per la Toscana Ambito Territoriale della Provincia di Arezzo Ufficio VI
09_AREZZO Prot_2024-2026.txt,Conferenza dei Sindaci della Zona Aretina,Ufficio Scolastico Territoriale di Arezzo
09_AREZZO Prot_2024-2026.txt,Conferenza dei Sindaci della Zona Aretina,Ufficio delle Consigliere di Parità per la Provincia di Arezzo
09_AREZZO Prot_2024-2026.txt,Conferenza dei Sindaci della Zona Aretina,Zone Socio-Sanitarie
09_AREZZO Prot_2024-2026.txt,Consigliera Provinciale di Parità,Forze dell'ordine
09_AREZZO Prot_2024-2026.txt,Consigliera Provinciale di Parità,Prefettura di Arezzo
09_AREZZO Prot_2024-2026.txt,Consigliera Provinciale di Parità,Procura della Repubblica presso il Tribunale di Arezzo
09_AREZZO Prot_2024-2026.txt,Consigliera Provinciale di Parità,Provincia di Arezzo
09_AREZZO Prot_2024-2026.txt,Consigliera Provinciale di Parità,Questura di Arezzo
09_AREZZO Prot_2024-2026.txt,Consigliera Provinciale di Parità,Tribunale di Arezzo
09_AREZZO Prot_2024-2026.txt,Consigliera Provinciale di Parità,Ufficio Scolastico Provinciale di Arezzo
09_AREZZO Prot_2024-2026.txt,Consigliera Provinciale di Parità,Ufficio Scolastico Regionale per la Toscana Ambito Territoriale della Provincia di Arezzo Ufficio VI
09_AREZZO Prot_2024-2026.txt,Consigliera Provinciale di Parità,Ufficio Scolastico Territoriale di Arezzo
09_AREZZO Prot_2024-2026.txt,Consigliera Provinciale di Parità,Ufficio delle Consigliere di Parità per la Provincia di Arezzo
09_AREZZO Prot_2024-2026.txt,Consigliera Provinciale di Parità,Zone Socio-Sanitarie
09_AREZZO Prot_2024-2026.txt,Forze dell'ordine,Prefettura di Arezzo
09_AREZZO Prot_2024-2026.txt,Forze dell'ordine,Procura della Repubblica presso il Tribunale di Arezzo
09_AREZZO Prot_2024-2026.txt,Forze dell'ordine,Provincia di Arezzo
09_AREZZO Prot_2024-2026.txt,Forze dell'ordine,Questura di Arezzo
09_AREZZO Prot_2024-2026.txt,Forze dell'ordine,Tribunale di Arezzo
09_AREZZO Prot_2024-2026.txt,Forze dell'ordine,Ufficio Scolastico Provinciale di Arezzo
09_AREZZO Prot_2024-2026.txt,Forze dell'ordine,Ufficio Scolastico Regionale per la Toscana Ambito Territoriale della Provincia di Arezzo Ufficio VI
09_AREZZO Prot_2024-2026.txt,Forze dell'ordine,Ufficio Scolastico Territoriale di Arezzo
09_AREZZO Prot_2024-2026.txt,Forze dell'ordine,Ufficio delle Consigliere di Parità per la Provincia di Arezzo
09_AREZZO Prot_2024-2026.txt,Forze dell'ordine,Zone Socio-Sanitarie
09_AREZZO Prot_2024-2026.txt,Prefettura di Arezzo,Procura della Repubblica presso il Tribunale di Arezzo
09_AREZZO Prot_2024-2026.txt,Prefettura di Arezzo,Provincia di Arezzo
09_AREZZO Prot_2024-2026.txt,Prefettura di Arezzo,Questura di Arezzo
09_AREZZO Prot_2024-2026.txt,Prefettura di Arezzo,Tribunale di Arezzo
09_AREZZO Prot_2024-2026.txt,Prefettura di Arezzo,Ufficio Scolastico Provinciale di Arezzo
09_AREZZO Prot_2024-2026.txt,Prefettura di Arezzo,Ufficio Scolastico Regionale per la Toscana Ambito Territoriale della Provincia di Arezzo Ufficio VI
09_AREZZO Prot_2024-2026.txt,Prefettura di Arezzo,Ufficio Scolastico Territoriale di Arezzo
09_AREZZO Prot_2024-2026.txt,Prefettura di Arezzo,Ufficio delle Consigliere di Parità per la Provincia di Arezzo
09_AREZZO Prot_2024-2026.txt,Prefettura di Arezzo,Zone Socio-Sanitarie
09_AREZZO Prot_2024-2026.txt,Procura della Repubblica presso il Tribunale di Arezzo,Provincia di Arezzo
09_AREZZO Prot_2024-2026.txt,Procura della Repubblica presso il Tribunale di Arezzo,Questura di Arezzo
09_AREZZO Prot_2024-2026.txt,Procura della Repubblica presso il Tribunale di Arezzo,Tribunale di Arezzo
09_AREZZO Prot_2024-2026.txt,Procura della Repubblica presso il Tribunale di Arezzo,Ufficio Scolastico Provinciale di Arezzo
09_AREZZO Prot_2024-2026.txt,Procura della Repubblica presso il Tribunale di Arezzo,Ufficio Scolastico Regionale per la Toscana Ambito Territoriale della Provincia di Arezzo Ufficio VI
09_AREZZO Prot_2024-2026.txt,Procura della Repubblica presso il Tribunale di Arezzo,Ufficio Scolastico Territoriale di Arezzo
09_AREZZO Prot_2024-2026.txt,Procura della Repubblica presso il Tribunale di Arezzo,Ufficio delle Consigliere di Parità per la Provincia di Arezzo
09_AREZZO Prot_2024-2026.txt,Procura della Repubblica presso il Tribunale di Arezzo,Zone Socio-Sanitarie
09_AREZZO Prot_2024-2026.txt,Provincia di Arezzo,Questura di Arezzo
09_AREZZO Prot_2024-2026.txt,Provincia di Arezzo,Tribunale di Arezzo
09_AREZZO Prot_2024-2026.txt,Provincia di Arezzo,Ufficio Scolastico Provinciale di Arezzo
09_AREZZO Prot_2024-2026.txt,Provincia di Arezzo,Ufficio Scolastico Regionale per la Toscana Ambito Territoriale della Provincia di Arezzo Ufficio VI
09_AREZZO Prot_2024-2026.txt,Provincia di Arezzo,Ufficio Scolastico Territoriale di Arezzo
09_AREZZO Prot_2024-2026.txt,Provincia di Arezzo,Ufficio delle Consigliere di Parità per la Provincia di Arezzo
09_AREZZO Prot_2024-2026.txt,Provincia di Arezzo,Zone Socio-Sanitarie
09_AREZZO Prot_2024-2026.txt,Questura di Arezzo,Tribunale di Arezzo
09_AREZZO Prot_2024-2026.txt,Questura di Arezzo,Ufficio Scolastico Provinciale di Arezzo
09_AREZZO Prot_2024-2026.txt,Questura di Arezzo,Ufficio Scolastico Regionale per la Toscana Ambito Territoriale della Provincia di Arezzo Ufficio VI
09_AREZZO Prot_2024-2026.txt,Questura di Arezzo,Ufficio Scolastico Territoriale di Arezzo
09_AREZZO Prot_2024-2026.txt,Questura di Arezzo,Ufficio delle Consigliere di Parità per la Provincia di Arezzo
09_AREZZO Prot_2024-2026.txt,Questura di Arezzo,Zone Socio-Sanitarie
09_AREZZO Prot_2024-2026.txt,Tribunale di Arezzo,Ufficio Scolastico Provinciale di Arezzo
09_AREZZO Prot_2024-2026.txt,Tribunale di Arezzo,Ufficio Scolastico Regionale per la Toscana Ambito Territoriale della Provincia di Arezzo Ufficio VI
09_AREZZO Prot_2024-2026.txt,Tribunale di Arezzo,Ufficio Scolastico Territoriale di Arezzo
09_AREZZO Prot_2024-2026.txt,Tribunale di Arezzo,Ufficio delle Consigliere di Parità per la Provincia di Arezzo
09_AREZZO Prot_2024-2026.txt,Tribunale di Arezzo,Zone Socio-Sanitarie
09_AREZZO Prot_2024-2026.txt,Ufficio Scolastico Provinciale di Arezzo,Ufficio Scolastico Regionale per la Toscana Ambito Territoriale della Provincia di Arezzo Ufficio VI
09_AREZZO Prot_2024-2026.txt,Ufficio Scolastico Provinciale di Arezzo,Ufficio Scolastico Territoriale di Arezzo
09_AREZZO Prot_2024-2026.txt,Ufficio Scolastico Provinciale di Arezzo,Ufficio delle Consigliere di Parità per la Provincia di Arezzo
09_AREZZO Prot_2024-2026.txt,Ufficio Scolastico Provinciale di Arezzo,Zone Socio-Sanitarie
09_AREZZO Prot_2024-2026.txt,Ufficio Scolastico Regionale per la Toscana Ambito Territoriale della Provincia di Arezzo Ufficio VI,Ufficio Scolastico Territoriale di Arezzo
09_AREZZO Prot_2024-2026.txt,Ufficio Scolastico Regionale per la Toscana Ambito Territoriale della Provincia di Arezzo Ufficio VI,Ufficio delle Consigliere di Parità per la Provincia di Arezzo
09_AREZZO Prot_2024-2026.txt,Ufficio Scolastico Regionale per la Toscana Ambito Territoriale della Provincia di Arezzo Ufficio VI,Zone Socio-Sanitarie
09_AREZZO Prot_2024-2026.txt,Ufficio Scolastico Territoriale di Arezzo,Ufficio delle Consigliere di Parità per la Provincia di Arezzo
09_AREZZO Prot_2024-2026.txt,Ufficio Scolastico Territoriale di Arezzo,Zone Socio-Sanitarie
09_AREZZO Prot_2024-2026.txt,Ufficio delle Consigliere di Parità per la Provincia di Arezzo,Zone Socio-Sanitarie
09_LIVORNO Protocollo_ RETE ANTIVIOLENZA_ LIVORNO.txt,ARTI Servizi per il Lavoro di GR-LI,Associazione LUI APS
09_LIVORNO Protocollo_ RETE ANTIVIOLENZA_ LIVORNO.txt,ARTI Servizi per il Lavoro di GR-LI,Associazione Psicosfera
09_LIVORNO Protocollo_ RETE ANTIVIOLENZA_ LIVORNO.txt,ARTI Servizi per il Lavoro di GR-LI,Associazione Randi APS
09_LIVORNO Protocollo_ RETE ANTIVIOLENZA_ LIVORNO.txt,ARTI Servizi per il Lavoro di GR-LI,Azienda USL Toscana Nord Ovest (AUSL TNO
09_LIVORNO Protocollo_ RETE ANTIVIOLENZA_ LIVORNO.txt,ARTI Servizi per il Lavoro di GR-LI,Centro per l'Impiego di Livorno
09_LIVORNO Protocollo_ RETE ANTIVIOLENZA_ LIVORNO.txt,ARTI Servizi per il Lavoro di GR-LI,Comando Polizia Municipale
09_LIVORNO Protocollo_ RETE ANTIVIOLENZA_ LIVORNO.txt,ARTI Servizi per il Lavoro di GR-LI,Comando Provinciale Carabinieri di Livorno
09_LIVORNO Protocollo_ RETE ANTIVIOLENZA_ LIVORNO.txt,ARTI Servizi per il Lavoro di GR-LI,Comune di Livorno
09_LIVORNO Protocollo_ RETE ANTIVIOLENZA_ LIVORNO.txt,ARTI Servizi per il Lavoro di GR-LI,Consigliera di Parità della Provincia di Livorno
09_LIVORNO Protocollo_ RETE ANTIVIOLENZA_ LIVORNO.txt,ARTI Servizi per il Lavoro di GR-LI,Filiale di Livorno della Banca d'Italia
09_LIVORNO Protocollo_ RETE ANTIVIOLENZA_ LIVORNO.txt,ARTI Servizi per il Lavoro di GR-LI,Ippogrifo APS
09_LIVORNO Protocollo_ RETE ANTIVIOLENZA_ LIVORNO.txt,ARTI Servizi per il Lavoro di GR-LI,Osservatorio Sociale Regionale
09_LIVORNO Protocollo_ RETE ANTIVIOLENZA_ LIVORNO.txt,ARTI Servizi per il Lavoro di GR-LI,Prefettura di Livorno - Ufficio Territoriale del Governo
09_LIVORNO Protocollo_ RETE ANTIVIOLENZA_ LIVORNO.txt,ARTI Servizi per il Lavoro di GR-LI,Provincia di Livorno
09_LIVORNO Protocollo_ RETE ANTIVIOLENZA_ LIVORNO.txt,ARTI Servizi per il Lavoro di GR-LI,Questura di Livorno
09_LIVORNO Protocollo_ RETE ANTIVIOLENZA_ LIVORNO.txt,ARTI Servizi per il Lavoro di GR-LI,Servizio Sanitario della Toscana
09_LIVORNO Protocollo_ RETE ANTIVIOLENZA_ LIVORNO.txt,ARTI Servizi per il Lavoro di GR-LI,Tribunale di Livorno
09_LIVORNO Protocollo_ RETE ANTIVIOLENZA_ LIVORNO.txt,ARTI Servizi per il Lavoro di GR-LI,Università degli Studi di Firenze
09_LIVORNO Protocollo_ RETE ANTIVIOLENZA_ LIVORNO.txt,Associazione LUI APS,Associazione Psicosfera
09_LIVORNO Protocollo_ RETE ANTIVIOLENZA_ LIVORNO.txt,Associazione LUI APS,Associazione Randi APS
09_LIVORNO Protocollo_ RETE ANTIVIOLENZA_ LIVORNO.txt,Associazione LUI APS,Azienda USL Toscana Nord Ovest (AUSL TNO
09_LIVORNO Protocollo_ RETE ANTIVIOLENZA_ LIVORNO.txt,Associazione LUI APS,Centro per l'Impiego di Livorno
09_LIVORNO Protocollo_ RETE ANTIVIOLENZA_ LIVORNO.txt,Associazione LUI APS,Comando Polizia Municipale
09_LIVORNO Protocollo_ RETE ANTIVIOLENZA_ LIVORNO.txt,Associazione LUI APS,Comando Provinciale Carabinieri di Livorno
09_LIVORNO Protocollo_ RETE ANTIVIOLENZA_ LIVORNO.txt,Associazione LUI APS,Comune di Livorno
09_LIVORNO Protocollo_ RETE ANTIVIOLENZA_ LIVORNO.txt,Associazione LUI APS,Consigliera di Parità della Provincia di Livorno
09_LIVORNO Protocollo_ RETE ANTIVIOLENZA_ LIVORNO.txt,Associazione LUI APS,Filiale di Livorno della Banca d'Italia
09_LIVORNO Protocollo_ RETE ANTIVIOLENZA_ LIVORNO.txt,Associazione LUI APS,Ippogrifo APS
09_LIVORNO Protocollo_ RETE ANTIVIOLENZA_ LIVORNO.txt,Associazione LUI APS,Osservatorio Sociale Regionale
09_LIVORNO Protocollo_ RETE ANTIVIOLENZA_ LIVORNO.txt,Associazione LUI APS,Prefettura di Livorno - Ufficio Territoriale del Governo
09_LIVORNO Protocollo_ RETE ANTIVIOLENZA_ LIVORNO.txt,Associazione LUI APS,Provincia di Livorno
09_LIVORNO Protocollo_ RETE ANTIVIOLENZA_ LIVORNO.txt,Associazione LUI APS,Questura di Livorno
09_LIVORNO Protocollo_ RETE ANTIVIOLENZA_ LIVORNO.txt,Associazione LUI APS,Servizio Sanitario della Toscana
09_LIVORNO Protocollo_ RETE ANTIVIOLENZA_ LIVORNO.txt,Associazione LUI APS,Tribunale di Livorno
09_LIVORNO Protocollo_ RETE ANTIVIOLENZA_ LIVORNO.txt,Associazione LUI APS,Università degli Studi di Firenze
09_LIVORNO Protocollo_ RETE ANTIVIOLENZA_ LIVORNO.txt,Associazione Psicosfera,Associazione Randi APS
09_LIVORNO Protocollo_ RETE ANTIVIOLENZA_ LIVORNO.txt,Associazione Psicosfera,Azienda USL Toscana Nord Ovest (AUSL TNO
09_LIVORNO Protocollo_ RETE ANTIVIOLENZA_ LIVORNO.txt,Associazione Psicosfera,Centro per l'Impiego di Livorno
09_LIVORNO Protocollo_ RETE ANTIVIOLENZA_ LIVORNO.txt,Associazione Psicosfera,Comando Polizia Municipale
09_LIVORNO Protocollo_ RETE ANTIVIOLENZA_ LIVORNO.txt,Associazione Psicosfera,Comando Provinciale Carabinieri di Livorno
09_LIVORNO Protocollo_ RETE ANTIVIOLENZA_ LIVORNO.txt,Associazione Psicosfera,Comune di Livorno
09_LIVORNO Protocollo_ RETE ANTIVIOLENZA_ LIVORNO.txt,Associazione Psicosfera,Consigliera di Parità della Provincia di Livorno
09_LIVORNO Protocollo_ RETE ANTIVIOLENZA_ LIVORNO.txt,Associazione Psicosfera,Filiale di Livorno della Banca d'Italia
09_LIVORNO Protocollo_ RETE ANTIVIOLENZA_ LIVORNO.txt,Associazione Psicosfera,Ippogrifo APS
09_LIVORNO Protocollo_ RETE ANTIVIOLENZA_ LIVORNO.txt,Associazione Psicosfera,Osservatorio Sociale Regionale
09_LIVORNO Protocollo_ RETE ANTIVIOLENZA_ LIVORNO.txt,Associazione Psicosfera,Prefettura di Livorno - Ufficio Territoriale del Governo
09_LIVORNO Protocollo_ RETE ANTIVIOLENZA_ LIVORNO.txt,Associazione Psicosfera,Provincia di Livorno
09_LIVORNO Protocollo_ RETE ANTIVIOLENZA_ LIVORNO.txt,Associazione Psicosfera,Questura di Livorno
09_LIVORNO Protocollo_ RETE ANTIVIOLENZA_ LIVORNO.txt,Associazione Psicosfera,Servizio Sanitario della Toscana
09_LIVORNO Protocollo_ RETE ANTIVIOLENZA_ LIVORNO.txt,Associazione Psicosfera,Tribunale di Livorno
09_LIVORNO Protocollo_ RETE ANTIVIOLENZA_ LIVORNO.txt,Associazione Psicosfera,Università degli Studi di Firenze
09_LIVORNO Protocollo_ RETE ANTIVIOLENZA_ LIVORNO.txt,Associazione Randi APS,Azienda USL Toscana Nord Ovest (AUSL TNO
09_LIVORNO Protocollo_ RETE ANTIVIOLENZA_ LIVORNO.txt,Associazione Randi APS,Centro per l'Impiego di Livorno
09_LIVORNO Protocollo_ RETE ANTIVIOLENZA_ LIVORNO.txt,Associazione Randi APS,Comando Polizia Municipale
09_LIVORNO Protocollo_ RETE ANTIVIOLENZA_ LIVORNO.txt,Associazione Randi APS,Comando Provinciale Carabinieri di Livorno
09_LIVORNO Protocollo_ RETE ANTIVIOLENZA_ LIVORNO.txt,Associazione Randi APS,Comune di Livorno
09_LIVORNO Protocollo_ RETE ANTIVIOLENZA_ LIVORNO.txt,Associazione Randi APS,Consigliera di Parità della Provincia di Livorno
09_LIVORNO Protocollo_ RETE ANTIVIOLENZA_ LIVORNO.txt,Associazione Randi APS,Filiale di Livorno della Banca d'Italia
09_LIVORNO Protocollo_ RETE ANTIVIOLENZA_ LIVORNO.txt,Associazione Randi APS,Ippogrifo APS
09_LIVORNO Protocollo_ RETE ANTIVIOLENZA_ LIVORNO.txt,Associazione Randi APS,Osservatorio Sociale Regionale
09_LIVORNO Protocollo_ RETE ANTIVIOLENZA_ LIVORNO.txt,Associazione Randi APS,Prefettura di Livorno - Ufficio Territoriale del Governo
09_LIVORNO Protocollo_ RETE ANTIVIOLENZA_ LIVORNO.txt,Associazione Randi APS,Provincia di Livorno
09_LIVORNO Protocollo_ RETE ANTIVIOLENZA_ LIVORNO.txt,Associazione Randi APS,Questura di Livorno
09_LIVORNO Protocollo_ RETE ANTIVIOLENZA_ LIVORNO.txt,Associazione Randi APS,Servizio Sanitario della Toscana
09_LIVORNO Protocollo_ RETE ANTIVIOLENZA_ LIVORNO.txt,Associazione Randi APS,Tribunale di Livorno
09_LIVORNO Protocollo_ RETE ANTIVIOLENZA_ LIVORNO.txt,Associazione Randi APS,Università degli Studi di Firenze
09_LIVORNO Protocollo_ RETE ANTIVIOLENZA_ LIVORNO.txt,Azienda USL Toscana Nord Ovest (AUSL TNO,Centro per l'Impiego di Livorno
09_LIVORNO Protocollo_ RETE ANTIVIOLENZA_ LIVORNO.txt,Azienda USL Toscana Nord Ovest (AUSL TNO,Comando Polizia Municipale
09_LIVORNO Protocollo_ RETE ANTIVIOLENZA_ LIVORNO.txt,Azienda USL Toscana Nord Ovest (AUSL TNO,Comando Provinciale Carabinieri di Livorno
09_LIVORNO Protocollo_ RETE ANTIVIOLENZA_ LIVORNO.txt,Azienda USL Toscana Nord Ovest (AUSL TNO,Comune di Livorno
09_LIVORNO Protocollo_ RETE ANTIVIOLENZA_ LIVORNO.txt,Azienda USL Toscana Nord Ovest (AUSL TNO,Consigliera di Parità della Provincia di Livorno
09_LIVORNO Protocollo_ RETE ANTIVIOLENZA_ LIVORNO.txt,Azienda USL Toscana Nord Ovest (AUSL TNO,Filiale di Livorno della Banca d'Italia
09_LIVORNO Protocollo_ RETE ANTIVIOLENZA_ LIVORNO.txt,Azienda USL Toscana Nord Ovest (AUSL TNO,Ippogrifo APS
09_LIVORNO Protocollo_ RETE ANTIVIOLENZA_ LIVORNO.txt,Azienda USL Toscana Nord Ovest (AUSL TNO,Osservatorio Sociale Regionale
09_LIVORNO Protocollo_ RETE ANTIVIOLENZA_ LIVORNO.txt,Azienda USL Toscana Nord Ovest (AUSL TNO,Prefettura di Livorno - Ufficio Territoriale del Governo
09_LIVORNO Protocollo_ RETE ANTIVIOLENZA_ LIVORNO.txt,Azienda USL Toscana Nord Ovest (AUSL TNO,Provincia di Livorno
09_LIVORNO Protocollo_ RETE ANTIVIOLENZA_ LIVORNO.txt,Azienda USL Toscana Nord Ovest (AUSL TNO,Questura di Livorno
09_LIVORNO Protocollo_ RETE ANTIVIOLENZA_ LIVORNO.txt,Azienda USL Toscana Nord Ovest (AUSL TNO,Servizio Sanitario della Toscana
09_LIVORNO Protocollo_ RETE ANTIVIOLENZA_ LIVORNO.txt,Azienda USL Toscana Nord Ovest (AUSL TNO,Tribunale di Livorno
09_LIVORNO Protocollo_ RETE ANTIVIOLENZA_ LIVORNO.txt,Azienda USL Toscana Nord Ovest (AUSL TNO,Università degli Studi di Firenze
09_LIVORNO Protocollo_ RETE ANTIVIOLENZA_ LIVORNO.txt,Centro per l'Impiego di Livorno,Comando Polizia Municipale
09_LIVORNO Protocollo_ RETE ANTIVIOLENZA_ LIVORNO.txt,Centro per l'Impiego di Livorno,Comando Provinciale Carabinieri di Livorno
09_LIVORNO Protocollo_ RETE ANTIVIOLENZA_ LIVORNO.txt,Centro per l'Impiego di Livorno,Comune di Livorno
09_LIVORNO Protocollo_ RETE ANTIVIOLENZA_ LIVORNO.txt,Centro per l'Impiego di Livorno,Consigliera di Parità della Provincia di Livorno
09_LIVORNO Protocollo_ RETE ANTIVIOLENZA_ LIVORNO.txt,Centro per l'Impiego di Livorno,Filiale di Livorno della Banca d'Italia
09_LIVORNO Protocollo_ RETE ANTIVIOLENZA_ LIVORNO.txt,Centro per l'Impiego di Livorno,Ippogrifo APS
09_LIVORNO Protocollo_ RETE ANTIVIOLENZA_ LIVORNO.txt,Centro per l'Impiego di Livorno,Osservatorio Sociale Regionale
09_LIVORNO Protocollo_ RETE ANTIVIOLENZA_ LIVORNO.txt,Centro per l'Impiego di Livorno,Prefettura di Livorno - Ufficio Territoriale del Governo
09_LIVORNO Protocollo_ RETE ANTIVIOLENZA_ LIVORNO.txt,Centro per l'Impiego di Livorno,Provincia di Livorno
09_LIVORNO Protocollo_ RETE ANTIVIOLENZA_ LIVORNO.txt,Centro per l'Impiego di Livorno,Questura di Livorno
09_LIVORNO Protocollo_ RETE ANTIVIOLENZA_ LIVORNO.txt,Centro per l'Impiego di Livorno,Servizio Sanitario della Toscana
09_LIVORNO Protocollo_ RETE ANTIVIOLENZA_ LIVORNO.txt,Centro per l'Impiego di Livorno,Tribunale di Livorno
09_LIVORNO Protocollo_ RETE ANTIVIOLENZA_ LIVORNO.txt,Centro per l'Impiego di Livorno,Università degli Studi di Firenze
09_LIVORNO Protocollo_ RETE ANTIVIOLENZA_ LIVORNO.txt,Comando Polizia Municipale,Comando Provinciale Carabinieri di Livorno
09_LIVORNO Protocollo_ RETE ANTIVIOLENZA_ LIVORNO.txt,Comando Polizia Municipale,Comune di Livorno
09_LIVORNO Protocollo_ RETE ANTIVIOLENZA_ LIVORNO.txt,Comando Polizia Municipale,Consigliera di Parità della Provincia di Livorno
09_LIVORNO Protocollo_ RETE ANTIVIOLENZA_ LIVORNO.txt,Comando Polizia Municipale,Filiale di Livorno della Banca d'Italia
09_LIVORNO Protocollo_ RETE ANTIVIOLENZA_ LIVORNO.txt,Comando Polizia Municipale,Ippogrifo APS
09_LIVORNO Protocollo_ RETE ANTIVIOLENZA_ LIVORNO.txt,Comando Polizia Municipale,Osservatorio Sociale Regionale
09_LIVORNO Protocollo_ RETE ANTIVIOLENZA_ LIVORNO.txt,Comando Polizia Municipale,Prefettura di Livorno - Ufficio Territoriale del Governo
09_LIVORNO Protocollo_ RETE ANTIVIOLENZA_ LIVORNO.txt,Comando Polizia Municipale,Provincia di Livorno
09_LIVORNO Protocollo_ RETE ANTIVIOLENZA_ LIVORNO.txt,Comando Polizia Municipale,Questura di Livorno
09_LIVORNO Protocollo_ RETE ANTIVIOLENZA_ LIVORNO.txt,Comando Polizia Municipale,Servizio Sanitario della Toscana
09_LIVORNO Protocollo_ RETE ANTIVIOLENZA_ LIVORNO.txt,Comando Polizia Municipale,Tribunale di Livorno
09_LIVORNO Protocollo_ RETE ANTIVIOLENZA_ LIVORNO.txt,Comando Polizia Municipale,Università degli Studi di Firenze
09_LIVORNO Protocollo_ RETE ANTIVIOLENZA_ LIVORNO.txt,Comando Provinciale Carabinieri di Livorno,Comune di Livorno
09_LIVORNO Protocollo_ RETE ANTIVIOLENZA_ LIVORNO.txt,Comando Provinciale Carabinieri di Livorno,Consigliera di Parità della Provincia di Livorno
09_LIVORNO Protocollo_ RETE ANTIVIOLENZA_ LIVORNO.txt,Comando Provinciale Carabinieri di Livorno,Filiale di Livorno della Banca d'Italia
09_LIVORNO Protocollo_ RETE ANTIVIOLENZA_ LIVORNO.txt,Comando Provinciale Carabinieri di Livorno,Ippogrifo APS
09_LIVORNO Protocollo_ RETE ANTIVIOLENZA_ LIVORNO.txt,Comando Provinciale Carabinieri di Livorno,Osservatorio Sociale Regionale
09_LIVORNO Protocollo_ RETE ANTIVIOLENZA_ LIVORNO.txt,Comando Provinciale Carabinieri di Livorno,Prefettura di Livorno - Ufficio Territoriale del Governo
09_LIVORNO Protocollo_ RETE ANTIVIOLENZA_ LIVORNO.txt,Comando Provinciale Carabinieri di Livorno,Provincia di Livorno
09_LIVORNO Protocollo_ RETE ANTIVIOLENZA_ LIVORNO.txt,Comando Provinciale Carabinieri di Livorno,Questura di Livorno
09_LIVORNO Protocollo_ RETE ANTIVIOLENZA_ LIVORNO.txt,Comando Provinciale Carabinieri di Livorno,Servizio Sanitario della Toscana
09_LIVORNO Protocollo_ RETE ANTIVIOLENZA_ LIVORNO.txt,Comando Provinciale Carabinieri di Livorno,Tribunale di Livorno
09_LIVORNO Protocollo_ RETE ANTIVIOLENZA_ LIVORNO.txt,Comando Provinciale Carabinieri di Livorno,Università degli Studi di Firenze
09_LIVORNO Protocollo_ RETE ANTIVIOLENZA_ LIVORNO.txt,Comune di Livorno,Consigliera di Parità della Provincia di Livorno
09_LIVORNO Protocollo_ RETE ANTIVIOLENZA_ LIVORNO.txt,Comune di Livorno,Filiale di Livorno della Banca d'Italia
09_LIVORNO Protocollo_ RETE ANTIVIOLENZA_ LIVORNO.txt,Comune di Livorno,Ippogrifo APS
09_LIVORNO Protocollo_ RETE ANTIVIOLENZA_ LIVORNO.txt,Comune di Livorno,Osservatorio Sociale Regionale
09_LIVORNO Protocollo_ RETE ANTIVIOLENZA_ LIVORNO.txt,Comune di Livorno,Prefettura di Livorno - Ufficio Territoriale del Governo
09_LIVORNO Protocollo_ RETE ANTIVIOLENZA_ LIVORNO.txt,Comune di Livorno,Provincia di Livorno
09_LIVORNO Protocollo_ RETE ANTIVIOLENZA_ LIVORNO.txt,Comune di Livorno,Questura di Livorno
09_LIVORNO Protocollo_ RETE ANTIVIOLENZA_ LIVORNO.txt,Comune di Livorno,Servizio Sanitario della Toscana
09_LIVORNO Protocollo_ RETE ANTIVIOLENZA_ LIVORNO.txt,Comune di Livorno,Tribunale di Livorno
09_LIVORNO Protocollo_ RETE ANTIVIOLENZA_ LIVORNO.txt,Comune di Livorno,Università degli Studi di Firenze
09_LIVORNO Protocollo_ RETE ANTIVIOLENZA_ LIVORNO.txt,Consigliera di Parità della Provincia di Livorno,Filiale di Livorno della Banca d'Italia
09_LIVORNO Protocollo_ RETE ANTIVIOLENZA_ LIVORNO.txt,Consigliera di Parità della Provincia di Livorno,Ippogrifo APS
09_LIVORNO Protocollo_ RETE ANTIVIOLENZA_ LIVORNO.txt,Consigliera di Parità della Provincia di Livorno,Osservatorio Sociale Regionale
09_LIVORNO Protocollo_ RETE ANTIVIOLENZA_ LIVORNO.txt,Consigliera di Parità della Provincia di Livorno,Prefettura di Livorno - Ufficio Territoriale del Governo
09_LIVORNO Protocollo_ RETE ANTIVIOLENZA_ LIVORNO.txt,Consigliera di Parità della Provincia di Livorno,Provincia di Livorno
09_LIVORNO Protocollo_ RETE ANTIVIOLENZA_ LIVORNO.txt,Consigliera di Parità della Provincia di Livorno,Questura di Livorno
09_LIVORNO Protocollo_ RETE ANTIVIOLENZA_ LIVORNO.txt,Consigliera di Parità della Provincia di Livorno,Servizio Sanitario della Toscana
09_LIVORNO Protocollo_ RETE ANTIVIOLENZA_ LIVORNO.txt,Consigliera di Parità della Provincia di Livorno,Tribunale di Livorno
09_LIVORNO Protocollo_ RETE ANTIVIOLENZA_ LIVORNO.txt,Consigliera di Parità della Provincia di Livorno,Università degli Studi di Firenze
09_LIVORNO Protocollo_ RETE ANTIVIOLENZA_ LIVORNO.txt,Filiale di Livorno della Banca d'Italia,Ippogrifo APS
09_LIVORNO Protocollo_ RETE ANTIVIOLENZA_ LIVORNO.txt,Filiale di Livorno della Banca d'Italia,Osservatorio Sociale Regionale
09_LIVORNO Protocollo_ RETE ANTIVIOLENZA_ LIVORNO.txt,Filiale di Livorno della Banca d'Italia,Prefettura di Livorno - Ufficio Territoriale del Governo
09_LIVORNO Protocollo_ RETE ANTIVIOLENZA_ LIVORNO.txt,Filiale di Livorno della Banca d'Italia,Provincia di Livorno
09_LIVORNO Protocollo_ RETE ANTIVIOLENZA_ LIVORNO.txt,Filiale di Livorno della Banca d'Italia,Questura di Livorno
09_LIVORNO Protocollo_ RETE ANTIVIOLENZA_ LIVORNO.txt,Filiale di Livorno della Banca d'Italia,Servizio Sanitario della Toscana
09_LIVORNO Protocollo_ RETE ANTIVIOLENZA_ LIVORNO.txt,Filiale di Livorno della Banca d'Italia,Tribunale di Livorno
09_LIVORNO Protocollo_ RETE ANTIVIOLENZA_ LIVORNO.txt,Filiale di Livorno della Banca d'Italia,Università degli Studi di Firenze
09_LIVORNO Protocollo_ RETE ANTIVIOLENZA_ LIVORNO.txt,Ippogrifo APS,Osservatorio Sociale Regionale
09_LIVORNO Protocollo_ RETE ANTIVIOLENZA_ LIVORNO.txt,Ippogrifo APS,Prefettura di Livorno - Ufficio Territoriale del Governo
09_LIVORNO Protocollo_ RETE ANTIVIOLENZA_ LIVORNO.txt,Ippogrifo APS,Provincia di Livorno
09_LIVORNO Protocollo_ RETE ANTIVIOLENZA_ LIVORNO.txt,Ippogrifo APS,Questura di Livorno
09_LIVORNO Protocollo_ RETE ANTIVIOLENZA_ LIVORNO.txt,Ippogrifo APS,Servizio Sanitario della Toscana
09_LIVORNO Protocollo_ RETE ANTIVIOLENZA_ LIVORNO.txt,Ippogrifo APS,Tribunale di Livorno
09_LIVORNO Protocollo_ RETE ANTIVIOLENZA_ LIVORNO.txt,Ippogrifo APS,Università degli Studi di Firenze
09_LIVORNO Protocollo_ RETE ANTIVIOLENZA_ LIVORNO.txt,Osservatorio Sociale Regionale,Prefettura di Livorno - Ufficio Territoriale del Governo
09_LIVORNO Protocollo_ RETE ANTIVIOLENZA_ LIVORNO.txt,Osservatorio Sociale Regionale,Provincia di Livorno
09_LIVORNO Protocollo_ RETE ANTIVIOLENZA_ LIVORNO.txt,Osservatorio Sociale Regionale,Questura di Livorno
09_LIVORNO Protocollo_ RETE ANTIVIOLENZA_ LIVORNO.txt,Osservatorio Sociale Regionale,Servizio Sanitario della Toscana
09_LIVORNO Protocollo_ RETE ANTIVIOLENZA_ LIVORNO.txt,Osservatorio Sociale Regionale,Tribunale di Livorno
09_LIVORNO Protocollo_ RETE ANTIVIOLENZA_ LIVORNO.txt,Osservatorio Sociale Regionale,Università degli Studi di Firenze
09_LIVORNO Protocollo_ RETE ANTIVIOLENZA_ LIVORNO.txt,Prefettura di Livorno - Ufficio Territoriale del Governo,Provincia di Livorno
09_LIVORNO Protocollo_ RETE ANTIVIOLENZA_ LIVORNO.txt,Prefettura di Livorno - Ufficio Territoriale del Governo,Questura di Livorno
09_LIVORNO Protocollo_ RETE ANTIVIOLENZA_ LIVORNO.txt,Prefettura di Livorno - Ufficio Territoriale del Governo,Servizio Sanitario della Toscana
09_LIVORNO Protocollo_ RETE ANTIVIOLENZA_ LIVORNO.txt,Prefettura di Livorno - Ufficio Territoriale del Governo,Tribunale di Livorno
09_LIVORNO Protocollo_ RETE ANTIVIOLENZA_ LIVORNO.txt,Prefettura di Livorno - Ufficio Territoriale del Governo,Università degli Studi di Firenze
09_LIVORNO Protocollo_ RETE ANTIVIOLENZA_ LIVORNO.txt,Provincia di Livorno,Questura di Livorno
09_LIVORNO Protocollo_ RETE ANTIVIOLENZA_ LIVORNO.txt,Provincia di Livorno,Servizio Sanitario della Toscana
09_LIVORNO Protocollo_ RETE ANTIVIOLENZA_ LIVORNO.txt,Provincia di Livorno,Tribunale di Livorno
09_LIVORNO Protocollo_ RETE ANTIVIOLENZA_ LIVORNO.txt,Provincia di Livorno,Università degli Studi di Firenze
09_LIVORNO Protocollo_ RETE ANTIVIOLENZA_ LIVORNO.txt,Questura di Livorno,Servizio Sanitario della Toscana
09_LIVORNO Protocollo_ RETE ANTIVIOLENZA_ LIVORNO.txt,Questura di Livorno,Tribunale di Livorno
09_LIVORNO Protocollo_ RETE ANTIVIOLENZA_ LIVORNO.txt,Questura di Livorno,Università degli Studi di Firenze
09_LIVORNO Protocollo_ RETE ANTIVIOLENZA_ LIVORNO.txt,Servizio Sanitario della Toscana,Tribunale di Livorno
09_LIVORNO Protocollo_ RETE ANTIVIOLENZA_ LIVORNO.txt,Servizio Sanitario della Toscana,Università degli Studi di Firenze
09_LIVORNO Protocollo_ RETE ANTIVIOLENZA_ LIVORNO.txt,Tribunale di Livorno,Università degli Studi di Firenze
09_PISA PREF E PROV.txt,AIED,Arnera Società Cooperativa Sociale
09_PISA PREF E PROV.txt,AIED,Associazione Casa della donna
09_PISA PREF E PROV.txt,AIED,Associazione Donne In Movimento
09_PISA PREF E PROV.txt,AIED,Associazione Eunice
09_PISA PREF E PROV.txt,AIED,Associazione Frida
09_PISA PREF E PROV.txt,AIED,Associazione Le Amiche di Mafalda
09_PISA PREF E PROV.txt,AIED,Azienda Ospedaliera Universitaria Pisana
09_PISA PREF E PROV.txt,AIED,Azienda Sanitaria USL Toscana Centro
09_PISA PREF E PROV.txt,AIED,Azienda Sanitaria USL Toscana Nord-Ovest
09_PISA PREF E PROV.txt,AIED,Comune di Bientina
09_PISA PREF E PROV.txt,AIED,Comune di Buti
09_PISA PREF E PROV.txt,AIED,Comune di Calci
09_PISA PREF E PROV.txt,AIED,Comune di Calcinaia
09_PISA PREF E PROV.txt,AIED,Comune di Capannoli
09_PISA PREF E PROV.txt,AIED,Comune di Casale Marittimo
09_PISA PREF E PROV.txt,AIED,Comune di Casciana Terme-Lari
09_PISA PREF E PROV.txt,AIED,Comune di Cascina
09_PISA PREF E PROV.txt,AIED,Comune di Castelfranco di Sotto
09_PISA PREF E PROV.txt,AIED,Comune di Castellina Marittima
09_PISA PREF E PROV.txt,AIED,Comune di Castelnuovo Val di Cecina
09_PISA PREF E PROV.txt,AIED,Comune di Chianni
09_PISA PREF E PROV.txt,AIED,Comune di Crespina-Lorenzana
09_PISA PREF E PROV.txt,AIED,Comune di Fauglia
09_PISA PREF E PROV.txt,AIED,Comune di Guardistallo
09_PISA PREF E PROV.txt,AIED,Comune di Lajatico
09_PISA PREF E PROV.txt,AIED,Comune di Montecatini Val Di Cecina
09_PISA PREF E PROV.txt,AIED,Comune di Montescudaio
09_PISA PREF E PROV.txt,AIED,Comune di Monteverdi Marittimo
09_PISA PREF E PROV.txt,AIED,Comune di Montopoli Valdarno
09_PISA PREF E PROV.txt,AIED,Comune di Orciano Pisano
09_PISA PREF E PROV.txt,AIED,Comune di Palaia
09_PISA PREF E PROV.txt,AIED,Comune di Peccioli
09_PISA PREF E PROV.txt,AIED,Comune di Pisa
09_PISA PREF E PROV.txt,AIED,Comune di Pomarance
09_PISA PREF E PROV.txt,AIED,Comune di Ponsacco
09_PISA PREF E PROV.txt,AIED,Comune di Pontedera
09_PISA PREF E PROV.txt,AIED,Comune di Riparbella
09_PISA PREF E PROV.txt,AIED,Comune di San Giuliano Terme
09_PISA PREF E PROV.txt,AIED,Comune di San Miniato
09_PISA PREF E PROV.txt,AIED,Comune di Santa Croce sull'Arno
09_PISA PREF E PROV.txt,AIED,Comune di Santa Luce
09_PISA PREF E PROV.txt,AIED,Comune di Santa Maria a Monte
09_PISA PREF E PROV.txt,AIED,Comune di Terricciola
09_PISA PREF E PROV.txt,AIED,Comune di Vecchiano
09_PISA PREF E PROV.txt,AIED,Comune di Vicopisano
09_PISA PREF E PROV.txt,AIED,Comune di Volterra
09_PISA PREF E PROV.txt,AIED,Consigliera di Parità della Provincia di Pisa
09_PISA PREF E PROV.txt,AIED,Magistratura di Sorveglianza
09_PISA PREF E PROV.txt,AIED,Nuovo Maschile. Uomini liberi dalla violenza
09_PISA PREF E PROV.txt,AIED,Prefettura di Pisa
09_PISA PREF E PROV.txt,AIED,Procura della Repubblica presso il Tribunale
09_PISA PREF E PROV.txt,AIED,Procura della Repubblica presso il Tribunale per i Minorenni
09_PISA PREF E PROV.txt,AIED,Provincia di Pisa
09_PISA PREF E PROV.txt,AIED,Società della Salute Zona Alta Valdicecina-Valdera
09_PISA PREF E PROV.txt,AIED,Società della Salute Zona Empolese Valdarno Valdelsa
09_PISA PREF E PROV.txt,AIED,Società della Salute Zona Pisana
09_PISA PREF E PROV.txt,AIED,Tribunale di Pisa
09_PISA PREF E PROV.txt,AIED,Ufficio Scolastico Regionale della Toscana Ambito Territoriale della provincia di Pisa
09_PISA PREF E PROV.txt,AIED,Università degli Studi di Pisa
09_PISA PREF E PROV.txt,Arnera Società Cooperativa Sociale,Associazione Casa della donna
09_PISA PREF E PROV.txt,Arnera Società Cooperativa Sociale,Associazione Donne In Movimento
09_PISA PREF E PROV.txt,Arnera Società Cooperativa Sociale,Associazione Eunice
09_PISA PREF E PROV.txt,Arnera Società Cooperativa Sociale,Associazione Frida
09_PISA PREF E PROV.txt,Arnera Società Cooperativa Sociale,Associazione Le Amiche di Mafalda
09_PISA PREF E PROV.txt,Arnera Società Cooperativa Sociale,Azienda Ospedaliera Universitaria Pisana
09_PISA PREF E PROV.txt,Arnera Società Cooperativa Sociale,Azienda Sanitaria USL Toscana Centro
09_PISA PREF E PROV.txt,Arnera Società Cooperativa Sociale,Azienda Sanitaria USL Toscana Nord-Ovest
09_PISA PREF E PROV.txt,Arnera Società Cooperativa Sociale,Comune di Bientina
09_PISA PREF E PROV.txt,Arnera Società Cooperativa Sociale,Comune di Buti
09_PISA PREF E PROV.txt,Arnera Società Cooperativa Sociale,Comune di Calci
09_PISA PREF E PROV.txt,Arnera Società Cooperativa Sociale,Comune di Calcinaia
09_PISA PREF E PROV.txt,Arnera Società Cooperativa Sociale,Comune di Capannoli
09_PISA PREF E PROV.txt,Arnera Società Cooperativa Sociale,Comune di Casale Marittimo
09_PISA PREF E PROV.txt,Arnera Società Cooperativa Sociale,Comune di Casciana Terme-Lari
09_PISA PREF E PROV.txt,Arnera Società Cooperativa Sociale,Comune di Cascina
09_PISA PREF E PROV.txt,Arnera Società Cooperativa Sociale,Comune di Castelfranco di Sotto
09_PISA PREF E PROV.txt,Arnera Società Cooperativa Sociale,Comune di Castellina Marittima
09_PISA PREF E PROV.txt,Arnera Società Cooperativa Sociale,Comune di Castelnuovo Val di Cecina
09_PISA PREF E PROV.txt,Arnera Società Cooperativa Sociale,Comune di Chianni
09_PISA PREF E PROV.txt,Arnera Società Cooperativa Sociale,Comune di Crespina-Lorenzana
09_PISA PREF E PROV.txt,Arnera Società Cooperativa Sociale,Comune di Fauglia
09_PISA PREF E PROV.txt,Arnera Società Cooperativa Sociale,Comune di Guardistallo
09_PISA PREF E PROV.txt,Arnera Società Cooperativa Sociale,Comune di Lajatico
09_PISA PREF E PROV.txt,Arnera Società Cooperativa Sociale,Comune di Montecatini Val Di Cecina
09_PISA PREF E PROV.txt,Arnera Società Cooperativa Sociale,Comune di Montescudaio
09_PISA PREF E PROV.txt,Arnera Società Cooperativa Sociale,Comune di Monteverdi Marittimo
09_PISA PREF E PROV.txt,Arnera Società Cooperativa Sociale,Comune di Montopoli Valdarno
09_PISA PREF E PROV.txt,Arnera Società Cooperativa Sociale,Comune di Orciano Pisano
09_PISA PREF E PROV.txt,Arnera Società Cooperativa Sociale,Comune di Palaia
09_PISA PREF E PROV.txt,Arnera Società Cooperativa Sociale,Comune di Peccioli
09_PISA PREF E PROV.txt,Arnera Società Cooperativa Sociale,Comune di Pisa
09_PISA PREF E PROV.txt,Arnera Società Cooperativa Sociale,Comune di Pomarance
09_PISA PREF E PROV.txt,Arnera Società Cooperativa Sociale,Comune di Ponsacco
09_PISA PREF E PROV.txt,Arnera Società Cooperativa Sociale,Comune di Pontedera
09_PISA PREF E PROV.txt,Arnera Società Cooperativa Sociale,Comune di Riparbella
09_PISA PREF E PROV.txt,Arnera Società Cooperativa Sociale,Comune di San Giuliano Terme
09_PISA PREF E PROV.txt,Arnera Società Cooperativa Sociale,Comune di San Miniato
09_PISA PREF E PROV.txt,Arnera Società Cooperativa Sociale,Comune di Santa Croce sull'Arno
09_PISA PREF E PROV.txt,Arnera Società Cooperativa Sociale,Comune di Santa Luce
09_PISA PREF E PROV.txt,Arnera Società Cooperativa Sociale,Comune di Santa Maria a Monte
09_PISA PREF E PROV.txt,Arnera Società Cooperativa Sociale,Comune di Terricciola
09_PISA PREF E PROV.txt,Arnera Società Cooperativa Sociale,Comune di Vecchiano
09_PISA PREF E PROV.txt,Arnera Società Cooperativa Sociale,Comune di Vicopisano
09_PISA PREF E PROV.txt,Arnera Società Cooperativa Sociale,Comune di Volterra
09_PISA PREF E PROV.txt,Arnera Società Cooperativa Sociale,Consigliera di Parità della Provincia di Pisa
09_PISA PREF E PROV.txt,Arnera Società Cooperativa Sociale,Magistratura di Sorveglianza
09_PISA PREF E PROV.txt,Arnera Società Cooperativa Sociale,Nuovo Maschile. Uomini liberi dalla violenza
09_PISA PREF E PROV.txt,Arnera Società Cooperativa Sociale,Prefettura di Pisa
09_PISA PREF E PROV.txt,Arnera Società Cooperativa Sociale,Procura della Repubblica presso il Tribunale
09_PISA PREF E PROV.txt,Arnera Società Cooperativa Sociale,Procura della Repubblica presso il Tribunale per i Minorenni
09_PISA PREF E PROV.txt,Arnera Società Cooperativa Sociale,Provincia di Pisa
09_PISA PREF E PROV.txt,Arnera Società Cooperativa Sociale,Società della Salute Zona Alta Valdicecina-Valdera
09_PISA PREF E PROV.txt,Arnera Società Cooperativa Sociale,Società della Salute Zona Empolese Valdarno Valdelsa
09_PISA PREF E PROV.txt,Arnera Società Cooperativa Sociale,Società della Salute Zona Pisana
09_PISA PREF E PROV.txt,Arnera Società Cooperativa Sociale,Tribunale di Pisa
09_PISA PREF E PROV.txt,Arnera Società Cooperativa Sociale,Ufficio Scolastico Regionale della Toscana Ambito Territoriale della provincia di Pisa
09_PISA PREF E PROV.txt,Arnera Società Cooperativa Sociale,Università degli Studi di Pisa
09_PISA PREF E PROV.txt,Associazione Casa della donna,Associazione Donne In Movimento
09_PISA PREF E PROV.txt,Associazione Casa della donna,Associazione Eunice
09_PISA PREF E PROV.txt,Associazione Casa della donna,Associazione Frida
09_PISA PREF E PROV.txt,Associazione Casa della donna,Associazione Le Amiche di Mafalda
09_PISA PREF E PROV.txt,Associazione Casa della donna,Azienda Ospedaliera Universitaria Pisana
09_PISA PREF E PROV.txt,Associazione Casa della donna,Azienda Sanitaria USL Toscana Centro
09_PISA PREF E PROV.txt,Associazione Casa della donna,Azienda Sanitaria USL Toscana Nord-Ovest
09_PISA PREF E PROV.txt,Associazione Casa della donna,Comune di Bientina
09_PISA PREF E PROV.txt,Associazione Casa della donna,Comune di Buti
09_PISA PREF E PROV.txt,Associazione Casa della donna,Comune di Calci
09_PISA PREF E PROV.txt,Associazione Casa della donna,Comune di Calcinaia
09_PISA PREF E PROV.txt,Associazione Casa della donna,Comune di Capannoli
09_PISA PREF E PROV.txt,Associazione Casa della donna,Comune di Casale Marittimo
09_PISA PREF E PROV.txt,Associazione Casa della donna,Comune di Casciana Terme-Lari
09_PISA PREF E PROV.txt,Associazione Casa della donna,Comune di Cascina
09_PISA PREF E PROV.txt,Associazione Casa della donna,Comune di Castelfranco di Sotto
09_PISA PREF E PROV.txt,Associazione Casa della donna,Comune di Castellina Marittima
09_PISA PREF E PROV.txt,Associazione Casa della donna,Comune di Castelnuovo Val di Cecina
09_PISA PREF E PROV.txt,Associazione Casa della donna,Comune di Chianni
09_PISA PREF E PROV.txt,Associazione Casa della donna,Comune di Crespina-Lorenzana
09_PISA PREF E PROV.txt,Associazione Casa della donna,Comune di Fauglia
09_PISA PREF E PROV.txt,Associazione Casa della donna,Comune di Guardistallo
09_PISA PREF E PROV.txt,Associazione Casa della donna,Comune di Lajatico
09_PISA PREF E PROV.txt,Associazione Casa della donna,Comune di Montecatini Val Di Cecina
09_PISA PREF E PROV.txt,Associazione Casa della donna,Comune di Montescudaio
09_PISA PREF E PROV.txt,Associazione Casa della donna,Comune di Monteverdi Marittimo
09_PISA PREF E PROV.txt,Associazione Casa della donna,Comune di Montopoli Valdarno
09_PISA PREF E PROV.txt,Associazione Casa della donna,Comune di Orciano Pisano
09_PISA PREF E PROV.txt,Associazione Casa della donna,Comune di Palaia
09_PISA PREF E PROV.txt,Associazione Casa della donna,Comune di Peccioli
09_PISA PREF E PROV.txt,Associazione Casa della donna,Comune di Pisa
09_PISA PREF E PROV.txt,Associazione Casa della donna,Comune di Pomarance
09_PISA PREF E PROV.txt,Associazione Casa della donna,Comune di Ponsacco
09_PISA PREF E PROV.txt,Associazione Casa della donna,Comune di Pontedera
09_PISA PREF E PROV.txt,Associazione Casa della donna,Comune di Riparbella
09_PISA PREF E PROV.txt,Associazione Casa della donna,Comune di San Giuliano Terme
09_PISA PREF E PROV.txt,Associazione Casa della donna,Comune di San Miniato
09_PISA PREF E PROV.txt,Associazione Casa della donna,Comune di Santa Croce sull'Arno
09_PISA PREF E PROV.txt,Associazione Casa della donna,Comune di Santa Luce
09_PISA PREF E PROV.txt,Associazione Casa della donna,Comune di Santa Maria a Monte
09_PISA PREF E PROV.txt,Associazione Casa della donna,Comune di Terricciola
09_PISA PREF E PROV.txt,Associazione Casa della donna,Comune di Vecchiano
09_PISA PREF E PROV.txt,Associazione Casa della donna,Comune di Vicopisano
09_PISA PREF E PROV.txt,Associazione Casa della donna,Comune di Volterra
09_PISA PREF E PROV.txt,Associazione Casa della donna,Consigliera di Parità della Provincia di Pisa
09_PISA PREF E PROV.txt,Associazione Casa della donna,Magistratura di Sorveglianza
09_PISA PREF E PROV.txt,Associazione Casa della donna,Nuovo Maschile. Uomini liberi dalla violenza
09_PISA PREF E PROV.txt,Associazione Casa della donna,Prefettura di Pisa
09_PISA PREF E PROV.txt,Associazione Casa della donna,Procura della Repubblica presso il Tribunale
09_PISA PREF E PROV.txt,Associazione Casa della donna,Procura della Repubblica presso il Tribunale per i Minorenni
09_PISA PREF E PROV.txt,Associazione Casa della donna,Provincia di Pisa
09_PISA PREF E PROV.txt,Associazione Casa della donna,Società della Salute Zona Alta Valdicecina-Valdera
09_PISA PREF E PROV.txt,Associazione Casa della donna,Società della Salute Zona Empolese Valdarno Valdelsa
09_PISA PREF E PROV.txt,Associazione Casa della donna,Società della Salute Zona Pisana
09_PISA PREF E PROV.txt,Associazione Casa della donna,Tribunale di Pisa
09_PISA PREF E PROV.txt,Associazione Casa della donna,Ufficio Scolastico Regionale della Toscana Ambito Territoriale della provincia di Pisa
09_PISA PREF E PROV.txt,Associazione Casa della donna,Università degli Studi di Pisa
09_PISA PREF E PROV.txt,Associazione Donne In Movimento,Associazione Eunice
09_PISA PREF E PROV.txt,Associazione Donne In Movimento,Associazione Frida
09_PISA PREF E PROV.txt,Associazione Donne In Movimento,Associazione Le Amiche di Mafalda
09_PISA PREF E PROV.txt,Associazione Donne In Movimento,Azienda Ospedaliera Universitaria Pisana
09_PISA PREF E PROV.txt,Associazione Donne In Movimento,Azienda Sanitaria USL Toscana Centro
09_PISA PREF E PROV.txt,Associazione Donne In Movimento,Azienda Sanitaria USL Toscana Nord-Ovest
09_PISA PREF E PROV.txt,Associazione Donne In Movimento,Comune di Bientina
09_PISA PREF E PROV.txt,Associazione Donne In Movimento,Comune di Buti
09_PISA PREF E PROV.txt,Associazione Donne In Movimento,Comune di Calci
09_PISA PREF E PROV.txt,Associazione Donne In Movimento,Comune di Calcinaia
09_PISA PREF E PROV.txt,Associazione Donne In Movimento,Comune di Capannoli
09_PISA PREF E PROV.txt,Associazione Donne In Movimento,Comune di Casale Marittimo
09_PISA PREF E PROV.txt,Associazione Donne In Movimento,Comune di Casciana Terme-Lari
09_PISA PREF E PROV.txt,Associazione Donne In Movimento,Comune di Cascina
09_PISA PREF E PROV.txt,Associazione Donne In Movimento,Comune di Castelfranco di Sotto
09_PISA PREF E PROV.txt,Associazione Donne In Movimento,Comune di Castellina Marittima
09_PISA PREF E PROV.txt,Associazione Donne In Movimento,Comune di Castelnuovo Val di Cecina
09_PISA PREF E PROV.txt,Associazione Donne In Movimento,Comune di Chianni
09_PISA PREF E PROV.txt,Associazione Donne In Movimento,Comune di Crespina-Lorenzana
09_PISA PREF E PROV.txt,Associazione Donne In Movimento,Comune di Fauglia
09_PISA PREF E PROV.txt,Associazione Donne In Movimento,Comune di Guardistallo
09_PISA PREF E PROV.txt,Associazione Donne In Movimento,Comune di Lajatico
09_PISA PREF E PROV.txt,Associazione Donne In Movimento,Comune di Montecatini Val Di Cecina
09_PISA PREF E PROV.txt,Associazione Donne In Movimento,Comune di Montescudaio
09_PISA PREF E PROV.txt,Associazione Donne In Movimento,Comune di Monteverdi Marittimo
09_PISA PREF E PROV.txt,Associazione Donne In Movimento,Comune di Montopoli Valdarno
09_PISA PREF E PROV.txt,Associazione Donne In Movimento,Comune di Orciano Pisano
09_PISA PREF E PROV.txt,Associazione Donne In Movimento,Comune di Palaia
09_PISA PREF E PROV.txt,Associazione Donne In Movimento,Comune di Peccioli
09_PISA PREF E PROV.txt,Associazione Donne In Movimento,Comune di Pisa
09_PISA PREF E PROV.txt,Associazione Donne In Movimento,Comune di Pomarance
09_PISA PREF E PROV.txt,Associazione Donne In Movimento,Comune di Ponsacco
09_PISA PREF E PROV.txt,Associazione Donne In Movimento,Comune di Pontedera
09_PISA PREF E PROV.txt,Associazione Donne In Movimento,Comune di Riparbella
09_PISA PREF E PROV.txt,Associazione Donne In Movimento,Comune di San Giuliano Terme
09_PISA PREF E PROV.txt,Associazione Donne In Movimento,Comune di San Miniato
09_PISA PREF E PROV.txt,Associazione Donne In Movimento,Comune di Santa Croce sull'Arno
09_PISA PREF E PROV.txt,Associazione Donne In Movimento,Comune di Santa Luce
09_PISA PREF E PROV.txt,Associazione Donne In Movimento,Comune di Santa Maria a Monte
09_PISA PREF E PROV.txt,Associazione Donne In Movimento,Comune di Terricciola
09_PISA PREF E PROV.txt,Associazione Donne In Movimento,Comune di Vecchiano
09_PISA PREF E PROV.txt,Associazione Donne In Movimento,Comune di Vicopisano
09_PISA PREF E PROV.txt,Associazione Donne In Movimento,Comune di Volterra
09_PISA PREF E PROV.txt,Associazione Donne In Movimento,Consigliera di Parità della Provincia di Pisa
09_PISA PREF E PROV.txt,Associazione Donne In Movimento,Magistratura di Sorveglianza
09_PISA PREF E PROV.txt,Associazione Donne In Movimento,Nuovo Maschile. Uomini liberi dalla violenza
09_PISA PREF E PROV.txt,Associazione Donne In Movimento,Prefettura di Pisa
09_PISA PREF E PROV.txt,Associazione Donne In Movimento,Procura della Repubblica presso il Tribunale
09_PISA PREF E PROV.txt,Associazione Donne In Movimento,Procura della Repubblica presso il Tribunale per i Minorenni
09_PISA PREF E PROV.txt,Associazione Donne In Movimento,Provincia di Pisa
09_PISA PREF E PROV.txt,Associazione Donne In Movimento,Società della Salute Zona Alta Valdicecina-Valdera
09_PISA PREF E PROV.txt,Associazione Donne In Movimento,Società della Salute Zona Empolese Valdarno Valdelsa
09_PISA PREF E PROV.txt,Associazione Donne In Movimento,Società della Salute Zona Pisana
09_PISA PREF E PROV.txt,Associazione Donne In Movimento,Tribunale di Pisa
09_PISA PREF E PROV.txt,Associazione Donne In Movimento,Ufficio Scolastico Regionale della Toscana Ambito Territoriale della provincia di Pisa
09_PISA PREF E PROV.txt,Associazione Donne In Movimento,Università degli Studi di Pisa
09_PISA PREF E PROV.txt,Associazione Eunice,Associazione Frida
09_PISA PREF E PROV.txt,Associazione Eunice,Associazione Le Amiche di Mafalda
09_PISA PREF E PROV.txt,Associazione Eunice,Azienda Ospedaliera Universitaria Pisana
09_PISA PREF E PROV.txt,Associazione Eunice,Azienda Sanitaria USL Toscana Centro
09_PISA PREF E PROV.txt,Associazione Eunice,Azienda Sanitaria USL Toscana Nord-Ovest
09_PISA PREF E PROV.txt,Associazione Eunice,Comune di Bientina
09_PISA PREF E PROV.txt,Associazione Eunice,Comune di Buti
09_PISA PREF E PROV.txt,Associazione Eunice,Comune di Calci
09_PISA PREF E PROV.txt,Associazione Eunice,Comune di Calcinaia
09_PISA PREF E PROV.txt,Associazione Eunice,Comune di Capannoli
09_PISA PREF E PROV.txt,Associazione Eunice,Comune di Casale Marittimo
09_PISA PREF E PROV.txt,Associazione Eunice,Comune di Casciana Terme-Lari
09_PISA PREF E PROV.txt,Associazione Eunice,Comune di Cascina
09_PISA PREF E PROV.txt,Associazione Eunice,Comune di Castelfranco di Sotto
09_PISA PREF E PROV.txt,Associazione Eunice,Comune di Castellina Marittima
09_PISA PREF E PROV.txt,Associazione Eunice,Comune di Castelnuovo Val di Cecina
09_PISA PREF E PROV.txt,Associazione Eunice,Comune di Chianni
09_PISA PREF E PROV.txt,Associazione Eunice,Comune di Crespina-Lorenzana
09_PISA PREF E PROV.txt,Associazione Eunice,Comune di Fauglia
09_PISA PREF E PROV.txt,Associazione Eunice,Comune di Guardistallo
09_PISA PREF E PROV.txt,Associazione Eunice,Comune di Lajatico
09_PISA PREF E PROV.txt,Associazione Eunice,Comune di Montecatini Val Di Cecina
09_PISA PREF E PROV.txt,Associazione Eunice,Comune di Montescudaio
09_PISA PREF E PROV.txt,Associazione Eunice,Comune di Monteverdi Marittimo
09_PISA PREF E PROV.txt,Associazione Eunice,Comune di Montopoli Valdarno
09_PISA PREF E PROV.txt,Associazione Eunice,Comune di Orciano Pisano
09_PISA PREF E PROV.txt,Associazione Eunice,Comune di Palaia
09_PISA PREF E PROV.txt,Associazione Eunice,Comune di Peccioli
09_PISA PREF E PROV.txt,Associazione Eunice,Comune di Pisa
09_PISA PREF E PROV.txt,Associazione Eunice,Comune di Pomarance
09_PISA PREF E PROV.txt,Associazione Eunice,Comune di Ponsacco
09_PISA PREF E PROV.txt,Associazione Eunice,Comune di Pontedera
09_PISA PREF E PROV.txt,Associazione Eunice,Comune di Riparbella
09_PISA PREF E PROV.txt,Associazione Eunice,Comune di San Giuliano Terme
09_PISA PREF E PROV.txt,Associazione Eunice,Comune di San Miniato
09_PISA PREF E PROV.txt,Associazione Eunice,Comune di Santa Croce sull'Arno
09_PISA PREF E PROV.txt,Associazione Eunice,Comune di Santa Luce
09_PISA PREF E PROV.txt,Associazione Eunice,Comune di Santa Maria a Monte
09_PISA PREF E PROV.txt,Associazione Eunice,Comune di Terricciola
09_PISA PREF E PROV.txt,Associazione Eunice,Comune di Vecchiano
09_PISA PREF E PROV.txt,Associazione Eunice,Comune di Vicopisano
09_PISA PREF E PROV.txt,Associazione Eunice,Comune di Volterra
09_PISA PREF E PROV.txt,Associazione Eunice,Consigliera di Parità della Provincia di Pisa
09_PISA PREF E PROV.txt,Associazione Eunice,Magistratura di Sorveglianza
09_PISA PREF E PROV.txt,Associazione Eunice,Nuovo Maschile. Uomini liberi dalla violenza
09_PISA PREF E PROV.txt,Associazione Eunice,Prefettura di Pisa
09_PISA PREF E PROV.txt,Associazione Eunice,Procura della Repubblica presso il Tribunale
09_PISA PREF E PROV.txt,Associazione Eunice,Procura della Repubblica presso il Tribunale per i Minorenni
09_PISA PREF E PROV.txt,Associazione Eunice,Provincia di Pisa
09_PISA PREF E PROV.txt,Associazione Eunice,Società della Salute Zona Alta Valdicecina-Valdera
09_PISA PREF E PROV.txt,Associazione Eunice,Società della Salute Zona Empolese Valdarno Valdelsa
09_PISA PREF E PROV.txt,Associazione Eunice,Società della Salute Zona Pisana
09_PISA PREF E PROV.txt,Associazione Eunice,Tribunale di Pisa
09_PISA PREF E PROV.txt,Associazione Eunice,Ufficio Scolastico Regionale della Toscana Ambito Territoriale della provincia di Pisa
09_PISA PREF E PROV.txt,Associazione Eunice,Università degli Studi di Pisa
09_PISA PREF E PROV.txt,Associazione Frida,Associazione Le Amiche di Mafalda
09_PISA PREF E PROV.txt,Associazione Frida,Azienda Ospedaliera Universitaria Pisana
09_PISA PREF E PROV.txt,Associazione Frida,Azienda Sanitaria USL Toscana Centro
09_PISA PREF E PROV.txt,Associazione Frida,Azienda Sanitaria USL Toscana Nord-Ovest
09_PISA PREF E PROV.txt,Associazione Frida,Comune di Bientina
09_PISA PREF E PROV.txt,Associazione Frida,Comune di Buti
09_PISA PREF E PROV.txt,Associazione Frida,Comune di Calci
09_PISA PREF E PROV.txt,Associazione Frida,Comune di Calcinaia
09_PISA PREF E PROV.txt,Associazione Frida,Comune di Capannoli
09_PISA PREF E PROV.txt,Associazione Frida,Comune di Casale Marittimo
09_PISA PREF E PROV.txt,Associazione Frida,Comune di Casciana Terme-Lari
09_PISA PREF E PROV.txt,Associazione Frida,Comune di Cascina
09_PISA PREF E PROV.txt,Associazione Frida,Comune di Castelfranco di Sotto
09_PISA PREF E PROV.txt,Associazione Frida,Comune di Castellina Marittima
09_PISA PREF E PROV.txt,Associazione Frida,Comune di Castelnuovo Val di Cecina
09_PISA PREF E PROV.txt,Associazione Frida,Comune di Chianni
09_PISA PREF E PROV.txt,Associazione Frida,Comune di Crespina-Lorenzana
09_PISA PREF E PROV.txt,Associazione Frida,Comune di Fauglia
09_PISA PREF E PROV.txt,Associazione Frida,Comune di Guardistallo
09_PISA PREF E PROV.txt,Associazione Frida,Comune di Lajatico
09_PISA PREF E PROV.txt,Associazione Frida,Comune di Montecatini Val Di Cecina
09_PISA PREF E PROV.txt,Associazione Frida,Comune di Montescudaio
09_PISA PREF E PROV.txt,Associazione Frida,Comune di Monteverdi Marittimo
09_PISA PREF E PROV.txt,Associazione Frida,Comune di Montopoli Valdarno
09_PISA PREF E PROV.txt,Associazione Frida,Comune di Orciano Pisano
09_PISA PREF E PROV.txt,Associazione Frida,Comune di Palaia
09_PISA PREF E PROV.txt,Associazione Frida,Comune di Peccioli
09_PISA PREF E PROV.txt,Associazione Frida,Comune di Pisa
09_PISA PREF E PROV.txt,Associazione Frida,Comune di Pomarance
09_PISA PREF E PROV.txt,Associazione Frida,Comune di Ponsacco
09_PISA PREF E PROV.txt,Associazione Frida,Comune di Pontedera
09_PISA PREF E PROV.txt,Associazione Frida,Comune di Riparbella
09_PISA PREF E PROV.txt,Associazione Frida,Comune di San Giuliano Terme
09_PISA PREF E PROV.txt,Associazione Frida,Comune di San Miniato
09_PISA PREF E PROV.txt,Associazione Frida,Comune di Santa Croce sull'Arno
09_PISA PREF E PROV.txt,Associazione Frida,Comune di Santa Luce
09_PISA PREF E PROV.txt,Associazione Frida,Comune di Santa Maria a Monte
09_PISA PREF E PROV.txt,Associazione Frida,Comune di Terricciola
09_PISA PREF E PROV.txt,Associazione Frida,Comune di Vecchiano
09_PISA PREF E PROV.txt,Associazione Frida,Comune di Vicopisano
09_PISA PREF E PROV.txt,Associazione Frida,Comune di Volterra
09_PISA PREF E PROV.txt,Associazione Frida,Consigliera di Parità della Provincia di Pisa
09_PISA PREF E PROV.txt,Associazione Frida,Magistratura di Sorveglianza
09_PISA PREF E PROV.txt,Associazione Frida,Nuovo Maschile. Uomini liberi dalla violenza
09_PISA PREF E PROV.txt,Associazione Frida,Prefettura di Pisa
09_PISA PREF E PROV.txt,Associazione Frida,Procura della Repubblica presso il Tribunale
09_PISA PREF E PROV.txt,Associazione Frida,Procura della Repubblica presso il Tribunale per i Minorenni
09_PISA PREF E PROV.txt,Associazione Frida,Provincia di Pisa
09_PISA PREF E PROV.txt,Associazione Frida,Società della Salute Zona Alta Valdicecina-Valdera
09_PISA PREF E PROV.txt,Associazione Frida,Società della Salute Zona Empolese Valdarno Valdelsa
09_PISA PREF E PROV.txt,Associazione Frida,Società della Salute Zona Pisana
09_PISA PREF E PROV.txt,Associazione Frida,Tribunale di Pisa
09_PISA PREF E PROV.txt,Associazione Frida,Ufficio Scolastico Regionale della Toscana Ambito Territoriale della provincia di Pisa
09_PISA PREF E PROV.txt,Associazione Frida,Università degli Studi di Pisa
09_PISA PREF E PROV.txt,Associazione Le Amiche di Mafalda,Azienda Ospedaliera Universitaria Pisana
09_PISA PREF E PROV.txt,Associazione Le Amiche di Mafalda,Azienda Sanitaria USL Toscana Centro
09_PISA PREF E PROV.txt,Associazione Le Amiche di Mafalda,Azienda Sanitaria USL Toscana Nord-Ovest
09_PISA PREF E PROV.txt,Associazione Le Amiche di Mafalda,Comune di Bientina
09_PISA PREF E PROV.txt,Associazione Le Amiche di Mafalda,Comune di Buti
09_PISA PREF E PROV.txt,Associazione Le Amiche di Mafalda,Comune di Calci
09_PISA PREF E PROV.txt,Associazione Le Amiche di Mafalda,Comune di Calcinaia
09_PISA PREF E PROV.txt,Associazione Le Amiche di Mafalda,Comune di Capannoli
09_PISA PREF E PROV.txt,Associazione Le Amiche di Mafalda,Comune di Casale Marittimo
09_PISA PREF E PROV.txt,Associazione Le Amiche di Mafalda,Comune di Casciana Terme-Lari
09_PISA PREF E PROV.txt,Associazione Le Amiche di Mafalda,Comune di Cascina
09_PISA PREF E PROV.txt,Associazione Le Amiche di Mafalda,Comune di Castelfranco di Sotto
09_PISA PREF E PROV.txt,Associazione Le Amiche di Mafalda,Comune di Castellina Marittima
09_PISA PREF E PROV.txt,Associazione Le Amiche di Mafalda,Comune di Castelnuovo Val di Cecina
09_PISA PREF E PROV.txt,Associazione Le Amiche di Mafalda,Comune di Chianni
09_PISA PREF E PROV.txt,Associazione Le Amiche di Mafalda,Comune di Crespina-Lorenzana
09_PISA PREF E PROV.txt,Associazione Le Amiche di Mafalda,Comune di Fauglia
09_PISA PREF E PROV.txt,Associazione Le Amiche di Mafalda,Comune di Guardistallo
09_PISA PREF E PROV.txt,Associazione Le Amiche di Mafalda,Comune di Lajatico
09_PISA PREF E PROV.txt,Associazione Le Amiche di Mafalda,Comune di Montecatini Val Di Cecina
09_PISA PREF E PROV.txt,Associazione Le Amiche di Mafalda,Comune di Montescudaio
09_PISA PREF E PROV.txt,Associazione Le Amiche di Mafalda,Comune di Monteverdi Marittimo
09_PISA PREF E PROV.txt,Associazione Le Amiche di Mafalda,Comune di Montopoli Valdarno
09_PISA PREF E PROV.txt,Associazione Le Amiche di Mafalda,Comune di Orciano Pisano
09_PISA PREF E PROV.txt,Associazione Le Amiche di Mafalda,Comune di Palaia
09_PISA PREF E PROV.txt,Associazione Le Amiche di Mafalda,Comune di Peccioli
09_PISA PREF E PROV.txt,Associazione Le Amiche di Mafalda,Comune di Pisa
09_PISA PREF E PROV.txt,Associazione Le Amiche di Mafalda,Comune di Pomarance
09_PISA PREF E PROV.txt,Associazione Le Amiche di Mafalda,Comune di Ponsacco
09_PISA PREF E PROV.txt,Associazione Le Amiche di Mafalda,Comune di Pontedera
09_PISA PREF E PROV.txt,Associazione Le Amiche di Mafalda,Comune di Riparbella
09_PISA PREF E PROV.txt,Associazione Le Amiche di Mafalda,Comune di San Giuliano Terme
09_PISA PREF E PROV.txt,Associazione Le Amiche di Mafalda,Comune di San Miniato
09_PISA PREF E PROV.txt,Associazione Le Amiche di Mafalda,Comune di Santa Croce sull'Arno
09_PISA PREF E PROV.txt,Associazione Le Amiche di Mafalda,Comune di Santa Luce
09_PISA PREF E PROV.txt,Associazione Le Amiche di Mafalda,Comune di Santa Maria a Monte
09_PISA PREF E PROV.txt,Associazione Le Amiche di Mafalda,Comune di Terricciola
09_PISA PREF E PROV.txt,Associazione Le Amiche di Mafalda,Comune di Vecchiano
09_PISA PREF E PROV.txt,Associazione Le Amiche di Mafalda,Comune di Vicopisano
09_PISA PREF E PROV.txt,Associazione Le Amiche di Mafalda,Comune di Volterra
09_PISA PREF E PROV.txt,Associazione Le Amiche di Mafalda,Consigliera di Parità della Provincia di Pisa
09_PISA PREF E PROV.txt,Associazione Le Amiche di Mafalda,Magistratura di Sorveglianza
09_PISA PREF E PROV.txt,Associazione Le Amiche di Mafalda,Nuovo Maschile. Uomini liberi dalla violenza
09_PISA PREF E PROV.txt,Associazione Le Amiche di Mafalda,Prefettura di Pisa
09_PISA PREF E PROV.txt,Associazione Le Amiche di Mafalda,Procura della Repubblica presso il Tribunale
09_PISA PREF E PROV.txt,Associazione Le Amiche di Mafalda,Procura della Repubblica presso il Tribunale per i Minorenni
09_PISA PREF E PROV.txt,Associazione Le Amiche di Mafalda,Provincia di Pisa
09_PISA PREF E PROV.txt,Associazione Le Amiche di Mafalda,Società della Salute Zona Alta Valdicecina-Valdera
09_PISA PREF E PROV.txt,Associazione Le Amiche di Mafalda,Società della Salute Zona Empolese Valdarno Valdelsa
09_PISA PREF E PROV.txt,Associazione Le Amiche di Mafalda,Società della Salute Zona Pisana
09_PISA PREF E PROV.txt,Associazione Le Amiche di Mafalda,Tribunale di Pisa
09_PISA PREF E PROV.txt,Associazione Le Amiche di Mafalda,Ufficio Scolastico Regionale della Toscana Ambito Territoriale della provincia di Pisa
09_PISA PREF E PROV.txt,Associazione Le Amiche di Mafalda,Università degli Studi di Pisa
09_PISA PREF E PROV.txt,Azienda Ospedaliera Universitaria Pisana,Azienda Sanitaria USL Toscana Centro
09_PISA PREF E PROV.txt,Azienda Ospedaliera Universitaria Pisana,Azienda Sanitaria USL Toscana Nord-Ovest
09_PISA PREF E PROV.txt,Azienda Ospedaliera Universitaria Pisana,Comune di Bientina
09_PISA PREF E PROV.txt,Azienda Ospedaliera Universitaria Pisana,Comune di Buti
09_PISA PREF E PROV.txt,Azienda Ospedaliera Universitaria Pisana,Comune di Calci
09_PISA PREF E PROV.txt,Azienda Ospedaliera Universitaria Pisana,Comune di Calcinaia
09_PISA PREF E PROV.txt,Azienda Ospedaliera Universitaria Pisana,Comune di Capannoli
09_PISA PREF E PROV.txt,Azienda Ospedaliera Universitaria Pisana,Comune di Casale Marittimo
09_PISA PREF E PROV.txt,Azienda Ospedaliera Universitaria Pisana,Comune di Casciana Terme-Lari
09_PISA PREF E PROV.txt,Azienda Ospedaliera Universitaria Pisana,Comune di Cascina
09_PISA PREF E PROV.txt,Azienda Ospedaliera Universitaria Pisana,Comune di Castelfranco di Sotto
09_PISA PREF E PROV.txt,Azienda Ospedaliera Universitaria Pisana,Comune di Castellina Marittima
09_PISA PREF E PROV.txt,Azienda Ospedaliera Universitaria Pisana,Comune di Castelnuovo Val di Cecina
09_PISA PREF E PROV.txt,Azienda Ospedaliera Universitaria Pisana,Comune di Chianni
09_PISA PREF E PROV.txt,Azienda Ospedaliera Universitaria Pisana,Comune di Crespina-Lorenzana
09_PISA PREF E PROV.txt,Azienda Ospedaliera Universitaria Pisana,Comune di Fauglia
09_PISA PREF E PROV.txt,Azienda Ospedaliera Universitaria Pisana,Comune di Guardistallo
09_PISA PREF E PROV.txt,Azienda Ospedaliera Universitaria Pisana,Comune di Lajatico
09_PISA PREF E PROV.txt,Azienda Ospedaliera Universitaria Pisana,Comune di Montecatini Val Di Cecina
09_PISA PREF E PROV.txt,Azienda Ospedaliera Universitaria Pisana,Comune di Montescudaio
09_PISA PREF E PROV.txt,Azienda Ospedaliera Universitaria Pisana,Comune di Monteverdi Marittimo
09_PISA PREF E PROV.txt,Azienda Ospedaliera Universitaria Pisana,Comune di Montopoli Valdarno
09_PISA PREF E PROV.txt,Azienda Ospedaliera Universitaria Pisana,Comune di Orciano Pisano
09_PISA PREF E PROV.txt,Azienda Ospedaliera Universitaria Pisana,Comune di Palaia
09_PISA PREF E PROV.txt,Azienda Ospedaliera Universitaria Pisana,Comune di Peccioli
09_PISA PREF E PROV.txt,Azienda Ospedaliera Universitaria Pisana,Comune di Pisa
09_PISA PREF E PROV.txt,Azienda Ospedaliera Universitaria Pisana,Comune di Pomarance
09_PISA PREF E PROV.txt,Azienda Ospedaliera Universitaria Pisana,Comune di Ponsacco
09_PISA PREF E PROV.txt,Azienda Ospedaliera Universitaria Pisana,Comune di Pontedera
09_PISA PREF E PROV.txt,Azienda Ospedaliera Universitaria Pisana,Comune di Riparbella
09_PISA PREF E PROV.txt,Azienda Ospedaliera Universitaria Pisana,Comune di San Giuliano Terme
09_PISA PREF E PROV.txt,Azienda Ospedaliera Universitaria Pisana,Comune di San Miniato
09_PISA PREF E PROV.txt,Azienda Ospedaliera Universitaria Pisana,Comune di Santa Croce sull'Arno
09_PISA PREF E PROV.txt,Azienda Ospedaliera Universitaria Pisana,Comune di Santa Luce
09_PISA PREF E PROV.txt,Azienda Ospedaliera Universitaria Pisana,Comune di Santa Maria a Monte
09_PISA PREF E PROV.txt,Azienda Ospedaliera Universitaria Pisana,Comune di Terricciola
09_PISA PREF E PROV.txt,Azienda Ospedaliera Universitaria Pisana,Comune di Vecchiano
09_PISA PREF E PROV.txt,Azienda Ospedaliera Universitaria Pisana,Comune di Vicopisano
09_PISA PREF E PROV.txt,Azienda Ospedaliera Universitaria Pisana,Comune di Volterra
09_PISA PREF E PROV.txt,Azienda Ospedaliera Universitaria Pisana,Consigliera di Parità della Provincia di Pisa
09_PISA PREF E PROV.txt,Azienda Ospedaliera Universitaria Pisana,Magistratura di Sorveglianza
09_PISA PREF E PROV.txt,Azienda Ospedaliera Universitaria Pisana,Nuovo Maschile. Uomini liberi dalla violenza
09_PISA PREF E PROV.txt,Azienda Ospedaliera Universitaria Pisana,Prefettura di Pisa
09_PISA PREF E PROV.txt,Azienda Ospedaliera Universitaria Pisana,Procura della Repubblica presso il Tribunale
09_PISA PREF E PROV.txt,Azienda Ospedaliera Universitaria Pisana,Procura della Repubblica presso il Tribunale per i Minorenni
09_PISA PREF E PROV.txt,Azienda Ospedaliera Universitaria Pisana,Provincia di Pisa
09_PISA PREF E PROV.txt,Azienda Ospedaliera Universitaria Pisana,Società della Salute Zona Alta Valdicecina-Valdera
09_PISA PREF E PROV.txt,Azienda Ospedaliera Universitaria Pisana,Società della Salute Zona Empolese Valdarno Valdelsa
09_PISA PREF E PROV.txt,Azienda Ospedaliera Universitaria Pisana,Società della Salute Zona Pisana
09_PISA PREF E PROV.txt,Azienda Ospedaliera Universitaria Pisana,Tribunale di Pisa
09_PISA PREF E PROV.txt,Azienda Ospedaliera Universitaria Pisana,Ufficio Scolastico Regionale della Toscana Ambito Territoriale della provincia di Pisa
09_PISA PREF E PROV.txt,Azienda Ospedaliera Universitaria Pisana,Università degli Studi di Pisa
09_PISA PREF E PROV.txt,Azienda Sanitaria USL Toscana Centro,Azienda Sanitaria USL Toscana Nord-Ovest
09_PISA PREF E PROV.txt,Azienda Sanitaria USL Toscana Centro,Comune di Bientina
09_PISA PREF E PROV.txt,Azienda Sanitaria USL Toscana Centro,Comune di Buti
09_PISA PREF E PROV.txt,Azienda Sanitaria USL Toscana Centro,Comune di Calci
09_PISA PREF E PROV.txt,Azienda Sanitaria USL Toscana Centro,Comune di Calcinaia
09_PISA PREF E PROV.txt,Azienda Sanitaria USL Toscana Centro,Comune di Capannoli
09_PISA PREF E PROV.txt,Azienda Sanitaria USL Toscana Centro,Comune di Casale Marittimo
09_PISA PREF E PROV.txt,Azienda Sanitaria USL Toscana Centro,Comune di Casciana Terme-Lari
09_PISA PREF E PROV.txt,Azienda Sanitaria USL Toscana Centro,Comune di Cascina
09_PISA PREF E PROV.txt,Azienda Sanitaria USL Toscana Centro,Comune di Castelfranco di Sotto
09_PISA PREF E PROV.txt,Azienda Sanitaria USL Toscana Centro,Comune di Castellina Marittima
09_PISA PREF E PROV.txt,Azienda Sanitaria USL Toscana Centro,Comune di Castelnuovo Val di Cecina
09_PISA PREF E PROV.txt,Azienda Sanitaria USL Toscana Centro,Comune di Chianni
09_PISA PREF E PROV.txt,Azienda Sanitaria USL Toscana Centro,Comune di Crespina-Lorenzana
09_PISA PREF E PROV.txt,Azienda Sanitaria USL Toscana Centro,Comune di Fauglia
09_PISA PREF E PROV.txt,Azienda Sanitaria USL Toscana Centro,Comune di Guardistallo
09_PISA PREF E PROV.txt,Azienda Sanitaria USL Toscana Centro,Comune di Lajatico
09_PISA PREF E PROV.txt,Azienda Sanitaria USL Toscana Centro,Comune di Montecatini Val Di Cecina
09_PISA PREF E PROV.txt,Azienda Sanitaria USL Toscana Centro,Comune di Montescudaio
09_PISA PREF E PROV.txt,Azienda Sanitaria USL Toscana Centro,Comune di Monteverdi Marittimo
09_PISA PREF E PROV.txt,Azienda Sanitaria USL Toscana Centro,Comune di Montopoli Valdarno
09_PISA PREF E PROV.txt,Azienda Sanitaria USL Toscana Centro,Comune di Orciano Pisano
09_PISA PREF E PROV.txt,Azienda Sanitaria USL Toscana Centro,Comune di Palaia
09_PISA PREF E PROV.txt,Azienda Sanitaria USL Toscana Centro,Comune di Peccioli
09_PISA PREF E PROV.txt,Azienda Sanitaria USL Toscana Centro,Comune di Pisa
09_PISA PREF E PROV.txt,Azienda Sanitaria USL Toscana Centro,Comune di Pomarance
09_PISA PREF E PROV.txt,Azienda Sanitaria USL Toscana Centro,Comune di Ponsacco
09_PISA PREF E PROV.txt,Azienda Sanitaria USL Toscana Centro,Comune di Pontedera
09_PISA PREF E PROV.txt,Azienda Sanitaria USL Toscana Centro,Comune di Riparbella
09_PISA PREF E PROV.txt,Azienda Sanitaria USL Toscana Centro,Comune di San Giuliano Terme
09_PISA PREF E PROV.txt,Azienda Sanitaria USL Toscana Centro,Comune di San Miniato
09_PISA PREF E PROV.txt,Azienda Sanitaria USL Toscana Centro,Comune di Santa Croce sull'Arno
09_PISA PREF E PROV.txt,Azienda Sanitaria USL Toscana Centro,Comune di Santa Luce
09_PISA PREF E PROV.txt,Azienda Sanitaria USL Toscana Centro,Comune di Santa Maria a Monte
09_PISA PREF E PROV.txt,Azienda Sanitaria USL Toscana Centro,Comune di Terricciola
09_PISA PREF E PROV.txt,Azienda Sanitaria USL Toscana Centro,Comune di Vecchiano
09_PISA PREF E PROV.txt,Azienda Sanitaria USL Toscana Centro,Comune di Vicopisano
09_PISA PREF E PROV.txt,Azienda Sanitaria USL Toscana Centro,Comune di Volterra
09_PISA PREF E PROV.txt,Azienda Sanitaria USL Toscana Centro,Consigliera di Parità della Provincia di Pisa
09_PISA PREF E PROV.txt,Azienda Sanitaria USL Toscana Centro,Magistratura di Sorveglianza
09_PISA PREF E PROV.txt,Azienda Sanitaria USL Toscana Centro,Nuovo Maschile. Uomini liberi dalla violenza
09_PISA PREF E PROV.txt,Azienda Sanitaria USL Toscana Centro,Prefettura di Pisa
09_PISA PREF E PROV.txt,Azienda Sanitaria USL Toscana Centro,Procura della Repubblica presso il Tribunale
09_PISA PREF E PROV.txt,Azienda Sanitaria USL Toscana Centro,Procura della Repubblica presso il Tribunale per i Minorenni
09_PISA PREF E PROV.txt,Azienda Sanitaria USL Toscana Centro,Provincia di Pisa
09_PISA PREF E PROV.txt,Azienda Sanitaria USL Toscana Centro,Società della Salute Zona Alta Valdicecina-Valdera
09_PISA PREF E PROV.txt,Azienda Sanitaria USL Toscana Centro,Società della Salute Zona Empolese Valdarno Valdelsa
09_PISA PREF E PROV.txt,Azienda Sanitaria USL Toscana Centro,Società della Salute Zona Pisana
09_PISA PREF E PROV.txt,Azienda Sanitaria USL Toscana Centro,Tribunale di Pisa
09_PISA PREF E PROV.txt,Azienda Sanitaria USL Toscana Centro,Ufficio Scolastico Regionale della Toscana Ambito Territoriale della provincia di Pisa
09_PISA PREF E PROV.txt,Azienda Sanitaria USL Toscana Centro,Università degli Studi di Pisa
09_PISA PREF E PROV.txt,Azienda Sanitaria USL Toscana Nord-Ovest,Comune di Bientina
09_PISA PREF E PROV.txt,Azienda Sanitaria USL Toscana Nord-Ovest,Comune di Buti
09_PISA PREF E PROV.txt,Azienda Sanitaria USL Toscana Nord-Ovest,Comune di Calci
09_PISA PREF E PROV.txt,Azienda Sanitaria USL Toscana Nord-Ovest,Comune di Calcinaia
09_PISA PREF E PROV.txt,Azienda Sanitaria USL Toscana Nord-Ovest,Comune di Capannoli
09_PISA PREF E PROV.txt,Azienda Sanitaria USL Toscana Nord-Ovest,Comune di Casale Marittimo
09_PISA PREF E PROV.txt,Azienda Sanitaria USL Toscana Nord-Ovest,Comune di Casciana Terme-Lari
09_PISA PREF E PROV.txt,Azienda Sanitaria USL Toscana Nord-Ovest,Comune di Cascina
09_PISA PREF E PROV.txt,Azienda Sanitaria USL Toscana Nord-Ovest,Comune di Castelfranco di Sotto
09_PISA PREF E PROV.txt,Azienda Sanitaria USL Toscana Nord-Ovest,Comune di Castellina Marittima
09_PISA PREF E PROV.txt,Azienda Sanitaria USL Toscana Nord-Ovest,Comune di Castelnuovo Val di Cecina
09_PISA PREF E PROV.txt,Azienda Sanitaria USL Toscana Nord-Ovest,Comune di Chianni
09_PISA PREF E PROV.txt,Azienda Sanitaria USL Toscana Nord-Ovest,Comune di Crespina-Lorenzana
09_PISA PREF E PROV.txt,Azienda Sanitaria USL Toscana Nord-Ovest,Comune di Fauglia
09_PISA PREF E PROV.txt,Azienda Sanitaria USL Toscana Nord-Ovest,Comune di Guardistallo
09_PISA PREF E PROV.txt,Azienda Sanitaria USL Toscana Nord-Ovest,Comune di Lajatico
09_PISA PREF E PROV.txt,Azienda Sanitaria USL Toscana Nord-Ovest,Comune di Montecatini Val Di Cecina
09_PISA PREF E PROV.txt,Azienda Sanitaria USL Toscana Nord-Ovest,Comune di Montescudaio
09_PISA PREF E PROV.txt,Azienda Sanitaria USL Toscana Nord-Ovest,Comune di Monteverdi Marittimo
09_PISA PREF E PROV.txt,Azienda Sanitaria USL Toscana Nord-Ovest,Comune di Montopoli Valdarno
09_PISA PREF E PROV.txt,Azienda Sanitaria USL Toscana Nord-Ovest,Comune di Orciano Pisano
09_PISA PREF E PROV.txt,Azienda Sanitaria USL Toscana Nord-Ovest,Comune di Palaia
09_PISA PREF E PROV.txt,Azienda Sanitaria USL Toscana Nord-Ovest,Comune di Peccioli
09_PISA PREF E PROV.txt,Azienda Sanitaria USL Toscana Nord-Ovest,Comune di Pisa
09_PISA PREF E PROV.txt,Azienda Sanitaria USL Toscana Nord-Ovest,Comune di Pomarance
09_PISA PREF E PROV.txt,Azienda Sanitaria USL Toscana Nord-Ovest,Comune di Ponsacco
09_PISA PREF E PROV.txt,Azienda Sanitaria USL Toscana Nord-Ovest,Comune di Pontedera
09_PISA PREF E PROV.txt,Azienda Sanitaria USL Toscana Nord-Ovest,Comune di Riparbella
09_PISA PREF E PROV.txt,Azienda Sanitaria USL Toscana Nord-Ovest,Comune di San Giuliano Terme
09_PISA PREF E PROV.txt,Azienda Sanitaria USL Toscana Nord-Ovest,Comune di San Miniato
09_PISA PREF E PROV.txt,Azienda Sanitaria USL Toscana Nord-Ovest,Comune di Santa Croce sull'Arno
09_PISA PREF E PROV.txt,Azienda Sanitaria USL Toscana Nord-Ovest,Comune di Santa Luce
09_PISA PREF E PROV.txt,Azienda Sanitaria USL Toscana Nord-Ovest,Comune di Santa Maria a Monte
09_PISA PREF E PROV.txt,Azienda Sanitaria USL Toscana Nord-Ovest,Comune di Terricciola
09_PISA PREF E PROV.txt,Azienda Sanitaria USL Toscana Nord-Ovest,Comune di Vecchiano
09_PISA PREF E PROV.txt,Azienda Sanitaria USL Toscana Nord-Ovest,Comune di Vicopisano
09_PISA PREF E PROV.txt,Azienda Sanitaria USL Toscana Nord-Ovest,Comune di Volterra
09_PISA PREF E PROV.txt,Azienda Sanitaria USL Toscana Nord-Ovest,Consigliera di Parità della Provincia di Pisa
09_PISA PREF E PROV.txt,Azienda Sanitaria USL Toscana Nord-Ovest,Magistratura di Sorveglianza
09_PISA PREF E PROV.txt,Azienda Sanitaria USL Toscana Nord-Ovest,Nuovo Maschile. Uomini liberi dalla violenza
09_PISA PREF E PROV.txt,Azienda Sanitaria USL Toscana Nord-Ovest,Prefettura di Pisa
09_PISA PREF E PROV.txt,Azienda Sanitaria USL Toscana Nord-Ovest,Procura della Repubblica presso il Tribunale
09_PISA PREF E PROV.txt,Azienda Sanitaria USL Toscana Nord-Ovest,Procura della Repubblica presso il Tribunale per i Minorenni
09_PISA PREF E PROV.txt,Azienda Sanitaria USL Toscana Nord-Ovest,Provincia di Pisa
09_PISA PREF E PROV.txt,Azienda Sanitaria USL Toscana Nord-Ovest,Società della Salute Zona Alta Valdicecina-Valdera
09_PISA PREF E PROV.txt,Azienda Sanitaria USL Toscana Nord-Ovest,Società della Salute Zona Empolese Valdarno Valdelsa
09_PISA PREF E PROV.txt,Azienda Sanitaria USL Toscana Nord-Ovest,Società della Salute Zona Pisana
09_PISA PREF E PROV.txt,Azienda Sanitaria USL Toscana Nord-Ovest,Tribunale di Pisa
09_PISA PREF E PROV.txt,Azienda Sanitaria USL Toscana Nord-Ovest,Ufficio Scolastico Regionale della Toscana Ambito Territoriale della provincia di Pisa
09_PISA PREF E PROV.txt,Azienda Sanitaria USL Toscana Nord-Ovest,Università degli Studi di Pisa
09_PISA PREF E PROV.txt,Comune di Bientina,Comune di Buti
09_PISA PREF E PROV.txt,Comune di Bientina,Comune di Calci
09_PISA PREF E PROV.txt,Comune di Bientina,Comune di Calcinaia
09_PISA PREF E PROV.txt,Comune di Bientina,Comune di Capannoli
09_PISA PREF E PROV.txt,Comune di Bientina,Comune di Casale Marittimo
09_PISA PREF E PROV.txt,Comune di Bientina,Comune di Casciana Terme-Lari
09_PISA PREF E PROV.txt,Comune di Bientina,Comune di Cascina
09_PISA PREF E PROV.txt,Comune di Bientina,Comune di Castelfranco di Sotto
09_PISA PREF E PROV.txt,Comune di Bientina,Comune di Castellina Marittima
09_PISA PREF E PROV.txt,Comune di Bientina,Comune di Castelnuovo Val di Cecina
09_PISA PREF E PROV.txt,Comune di Bientina,Comune di Chianni
09_PISA PREF E PROV.txt,Comune di Bientina,Comune di Crespina-Lorenzana
09_PISA PREF E PROV.txt,Comune di Bientina,Comune di Fauglia
09_PISA PREF E PROV.txt,Comune di Bientina,Comune di Guardistallo
09_PISA PREF E PROV.txt,Comune di Bientina,Comune di Lajatico
09_PISA PREF E PROV.txt,Comune di Bientina,Comune di Montecatini Val Di Cecina
09_PISA PREF E PROV.txt,Comune di Bientina,Comune di Montescudaio
09_PISA PREF E PROV.txt,Comune di Bientina,Comune di Monteverdi Marittimo
09_PISA PREF E PROV.txt,Comune di Bientina,Comune di Montopoli Valdarno
09_PISA PREF E PROV.txt,Comune di Bientina,Comune di Orciano Pisano
09_PISA PREF E PROV.txt,Comune di Bientina,Comune di Palaia
09_PISA PREF E PROV.txt,Comune di Bientina,Comune di Peccioli
09_PISA PREF E PROV.txt,Comune di Bientina,Comune di Pisa
09_PISA PREF E PROV.txt,Comune di Bientina,Comune di Pomarance
09_PISA PREF E PROV.txt,Comune di Bientina,Comune di Ponsacco
09_PISA PREF E PROV.txt,Comune di Bientina,Comune di Pontedera
09_PISA PREF E PROV.txt,Comune di Bientina,Comune di Riparbella
09_PISA PREF E PROV.txt,Comune di Bientina,Comune di San Giuliano Terme
09_PISA PREF E PROV.txt,Comune di Bientina,Comune di San Miniato
09_PISA PREF E PROV.txt,Comune di Bientina,Comune di Santa Croce sull'Arno
09_PISA PREF E PROV.txt,Comune di Bientina,Comune di Santa Luce
09_PISA PREF E PROV.txt,Comune di Bientina,Comune di Santa Maria a Monte
09_PISA PREF E PROV.txt,Comune di Bientina,Comune di Terricciola
09_PISA PREF E PROV.txt,Comune di Bientina,Comune di Vecchiano
09_PISA PREF E PROV.txt,Comune di Bientina,Comune di Vicopisano
09_PISA PREF E PROV.txt,Comune di Bientina,Comune di Volterra
09_PISA PREF E PROV.txt,Comune di Bientina,Consigliera di Parità della Provincia di Pisa
09_PISA PREF E PROV.txt,Comune di Bientina,Magistratura di Sorveglianza
09_PISA PREF E PROV.txt,Comune di Bientina,Nuovo Maschile. Uomini liberi dalla violenza
09_PISA PREF E PROV.txt,Comune di Bientina,Prefettura di Pisa
09_PISA PREF E PROV.txt,Comune di Bientina,Procura della Repubblica presso il Tribunale
09_PISA PREF E PROV.txt,Comune di Bientina,Procura della Repubblica presso il Tribunale per i Minorenni
09_PISA PREF E PROV.txt,Comune di Bientina,Provincia di Pisa
09_PISA PREF E PROV.txt,Comune di Bientina,Società della Salute Zona Alta Valdicecina-Valdera
09_PISA PREF E PROV.txt,Comune di Bientina,Società della Salute Zona Empolese Valdarno Valdelsa
09_PISA PREF E PROV.txt,Comune di Bientina,Società della Salute Zona Pisana
09_PISA PREF E PROV.txt,Comune di Bientina,Tribunale di Pisa
09_PISA PREF E PROV.txt,Comune di Bientina,Ufficio Scolastico Regionale della Toscana Ambito Territoriale della provincia di Pisa
09_PISA PREF E PROV.txt,Comune di Bientina,Università degli Studi di Pisa
09_PISA PREF E PROV.txt,Comune di Buti,Comune di Calci
09_PISA PREF E PROV.txt,Comune di Buti,Comune di Calcinaia
09_PISA PREF E PROV.txt,Comune di Buti,Comune di Capannoli
09_PISA PREF E PROV.txt,Comune di Buti,Comune di Casale Marittimo
09_PISA PREF E PROV.txt,Comune di Buti,Comune di Casciana Terme-Lari
09_PISA PREF E PROV.txt,Comune di Buti,Comune di Cascina
09_PISA PREF E PROV.txt,Comune di Buti,Comune di Castelfranco di Sotto
09_PISA PREF E PROV.txt,Comune di Buti,Comune di Castellina Marittima
09_PISA PREF E PROV.txt,Comune di Buti,Comune di Castelnuovo Val di Cecina
09_PISA PREF E PROV.txt,Comune di Buti,Comune di Chianni
09_PISA PREF E PROV.txt,Comune di Buti,Comune di Crespina-Lorenzana
09_PISA PREF E PROV.txt,Comune di Buti,Comune di Fauglia
09_PISA PREF E PROV.txt,Comune di Buti,Comune di Guardistallo
09_PISA PREF E PROV.txt,Comune di Buti,Comune di Lajatico
09_PISA PREF E PROV.txt,Comune di Buti,Comune di Montecatini Val Di Cecina
09_PISA PREF E PROV.txt,Comune di Buti,Comune di Montescudaio
09_PISA PREF E PROV.txt,Comune di Buti,Comune di Monteverdi Marittimo
09_PISA PREF E PROV.txt,Comune di Buti,Comune di Montopoli Valdarno
09_PISA PREF E PROV.txt,Comune di Buti,Comune di Orciano Pisano
09_PISA PREF E PROV.txt,Comune di Buti,Comune di Palaia
09_PISA PREF E PROV.txt,Comune di Buti,Comune di Peccioli
09_PISA PREF E PROV.txt,Comune di Buti,Comune di Pisa
09_PISA PREF E PROV.txt,Comune di Buti,Comune di Pomarance
09_PISA PREF E PROV.txt,Comune di Buti,Comune di Ponsacco
09_PISA PREF E PROV.txt,Comune di Buti,Comune di Pontedera
09_PISA PREF E PROV.txt,Comune di Buti,Comune di Riparbella
09_PISA PREF E PROV.txt,Comune di Buti,Comune di San Giuliano Terme
09_PISA PREF E PROV.txt,Comune di Buti,Comune di San Miniato
09_PISA PREF E PROV.txt,Comune di Buti,Comune di Santa Croce sull'Arno
09_PISA PREF E PROV.txt,Comune di Buti,Comune di Santa Luce
09_PISA PREF E PROV.txt,Comune di Buti,Comune di Santa Maria a Monte
09_PISA PREF E PROV.txt,Comune di Buti,Comune di Terricciola
09_PISA PREF E PROV.txt,Comune di Buti,Comune di Vecchiano
09_PISA PREF E PROV.txt,Comune di Buti,Comune di Vicopisano
09_PISA PREF E PROV.txt,Comune di Buti,Comune di Volterra
09_PISA PREF E PROV.txt,Comune di Buti,Consigliera di Parità della Provincia di Pisa
09_PISA PREF E PROV.txt,Comune di Buti,Magistratura di Sorveglianza
09_PISA PREF E PROV.txt,Comune di Buti,Nuovo Maschile. Uomini liberi dalla violenza
09_PISA PREF E PROV.txt,Comune di Buti,Prefettura di Pisa
09_PISA PREF E PROV.txt,Comune di Buti,Procura della Repubblica presso il Tribunale
09_PISA PREF E PROV.txt,Comune di Buti,Procura della Repubblica presso il Tribunale per i Minorenni
09_PISA PREF E PROV.txt,Comune di Buti,Provincia di Pisa
09_PISA PREF E PROV.txt,Comune di Buti,Società della Salute Zona Alta Valdicecina-Valdera
09_PISA PREF E PROV.txt,Comune di Buti,Società della Salute Zona Empolese Valdarno Valdelsa
09_PISA PREF E PROV.txt,Comune di Buti,Società della Salute Zona Pisana
09_PISA PREF E PROV.txt,Comune di Buti,Tribunale di Pisa
09_PISA PREF E PROV.txt,Comune di Buti,Ufficio Scolastico Regionale della Toscana Ambito Territoriale della provincia di Pisa
09_PISA PREF E PROV.txt,Comune di Buti,Università degli Studi di Pisa
09_PISA PREF E PROV.txt,Comune di Calci,Comune di Calcinaia
09_PISA PREF E PROV.txt,Comune di Calci,Comune di Capannoli
09_PISA PREF E PROV.txt,Comune di Calci,Comune di Casale Marittimo
09_PISA PREF E PROV.txt,Comune di Calci,Comune di Casciana Terme-Lari
09_PISA PREF E PROV.txt,Comune di Calci,Comune di Cascina
09_PISA PREF E PROV.txt,Comune di Calci,Comune di Castelfranco di Sotto
09_PISA PREF E PROV.txt,Comune di Calci,Comune di Castellina Marittima
09_PISA PREF E PROV.txt,Comune di Calci,Comune di Castelnuovo Val di Cecina
09_PISA PREF E PROV.txt,Comune di Calci,Comune di Chianni
09_PISA PREF E PROV.txt,Comune di Calci,Comune di Crespina-Lorenzana
09_PISA PREF E PROV.txt,Comune di Calci,Comune di Fauglia
09_PISA PREF E PROV.txt,Comune di Calci,Comune di Guardistallo
09_PISA PREF E PROV.txt,Comune di Calci,Comune di Lajatico
09_PISA PREF E PROV.txt,Comune di Calci,Comune di Montecatini Val Di Cecina
09_PISA PREF E PROV.txt,Comune di Calci,Comune di Montescudaio
09_PISA PREF E PROV.txt,Comune di Calci,Comune di Monteverdi Marittimo
09_PISA PREF E PROV.txt,Comune di Calci,Comune di Montopoli Valdarno
09_PISA PREF E PROV.txt,Comune di Calci,Comune di Orciano Pisano
09_PISA PREF E PROV.txt,Comune di Calci,Comune di Palaia
09_PISA PREF E PROV.txt,Comune di Calci,Comune di Peccioli
09_PISA PREF E PROV.txt,Comune di Calci,Comune di Pisa
09_PISA PREF E PROV.txt,Comune di Calci,Comune di Pomarance
09_PISA PREF E PROV.txt,Comune di Calci,Comune di Ponsacco
09_PISA PREF E PROV.txt,Comune di Calci,Comune di Pontedera
09_PISA PREF E PROV.txt,Comune di Calci,Comune di Riparbella
09_PISA PREF E PROV.txt,Comune di Calci,Comune di San Giuliano Terme
09_PISA PREF E PROV.txt,Comune di Calci,Comune di San Miniato
09_PISA PREF E PROV.txt,Comune di Calci,Comune di Santa Croce sull'Arno
09_PISA PREF E PROV.txt,Comune di Calci,Comune di Santa Luce
09_PISA PREF E PROV.txt,Comune di Calci,Comune di Santa Maria a Monte
09_PISA PREF E PROV.txt,Comune di Calci,Comune di Terricciola
09_PISA PREF E PROV.txt,Comune di Calci,Comune di Vecchiano
09_PISA PREF E PROV.txt,Comune di Calci,Comune di Vicopisano
09_PISA PREF E PROV.txt,Comune di Calci,Comune di Volterra
09_PISA PREF E PROV.txt,Comune di Calci,Consigliera di Parità della Provincia di Pisa
09_PISA PREF E PROV.txt,Comune di Calci,Magistratura di Sorveglianza
09_PISA PREF E PROV.txt,Comune di Calci,Nuovo Maschile. Uomini liberi dalla violenza
09_PISA PREF E PROV.txt,Comune di Calci,Prefettura di Pisa
09_PISA PREF E PROV.txt,Comune di Calci,Procura della Repubblica presso il Tribunale
09_PISA PREF E PROV.txt,Comune di Calci,Procura della Repubblica presso il Tribunale per i Minorenni
09_PISA PREF E PROV.txt,Comune di Calci,Provincia di Pisa
09_PISA PREF E PROV.txt,Comune di Calci,Società della Salute Zona Alta Valdicecina-Valdera
09_PISA PREF E PROV.txt,Comune di Calci,Società della Salute Zona Empolese Valdarno Valdelsa
09_PISA PREF E PROV.txt,Comune di Calci,Società della Salute Zona Pisana
09_PISA PREF E PROV.txt,Comune di Calci,Tribunale di Pisa
09_PISA PREF E PROV.txt,Comune di Calci,Ufficio Scolastico Regionale della Toscana Ambito Territoriale della provincia di Pisa
09_PISA PREF E PROV.txt,Comune di Calci,Università degli Studi di Pisa
09_PISA PREF E PROV.txt,Comune di Calcinaia,Comune di Capannoli
09_PISA PREF E PROV.txt,Comune di Calcinaia,Comune di Casale Marittimo
09_PISA PREF E PROV.txt,Comune di Calcinaia,Comune di Casciana Terme-Lari
09_PISA PREF E PROV.txt,Comune di Calcinaia,Comune di Cascina
09_PISA PREF E PROV.txt,Comune di Calcinaia,Comune di Castelfranco di Sotto
09_PISA PREF E PROV.txt,Comune di Calcinaia,Comune di Castellina Marittima
09_PISA PREF E PROV.txt,Comune di Calcinaia,Comune di Castelnuovo Val di Cecina
09_PISA PREF E PROV.txt,Comune di Calcinaia,Comune di Chianni
09_PISA PREF E PROV.txt,Comune di Calcinaia,Comune di Crespina-Lorenzana
09_PISA PREF E PROV.txt,Comune di Calcinaia,Comune di Fauglia
09_PISA PREF E PROV.txt,Comune di Calcinaia,Comune di Guardistallo
09_PISA PREF E PROV.txt,Comune di Calcinaia,Comune di Lajatico
09_PISA PREF E PROV.txt,Comune di Calcinaia,Comune di Montecatini Val Di Cecina
09_PISA PREF E PROV.txt,Comune di Calcinaia,Comune di Montescudaio
09_PISA PREF E PROV.txt,Comune di Calcinaia,Comune di Monteverdi Marittimo
09_PISA PREF E PROV.txt,Comune di Calcinaia,Comune di Montopoli Valdarno
09_PISA PREF E PROV.txt,Comune di Calcinaia,Comune di Orciano Pisano
09_PISA PREF E PROV.txt,Comune di Calcinaia,Comune di Palaia
09_PISA PREF E PROV.txt,Comune di Calcinaia,Comune di Peccioli
09_PISA PREF E PROV.txt,Comune di Calcinaia,Comune di Pisa
09_PISA PREF E PROV.txt,Comune di Calcinaia,Comune di Pomarance
09_PISA PREF E PROV.txt,Comune di Calcinaia,Comune di Ponsacco
09_PISA PREF E PROV.txt,Comune di Calcinaia,Comune di Pontedera
09_PISA PREF E PROV.txt,Comune di Calcinaia,Comune di Riparbella
09_PISA PREF E PROV.txt,Comune di Calcinaia,Comune di San Giuliano Terme
09_PISA PREF E PROV.txt,Comune di Calcinaia,Comune di San Miniato
09_PISA PREF E PROV.txt,Comune di Calcinaia,Comune di Santa Croce sull'Arno
09_PISA PREF E PROV.txt,Comune di Calcinaia,Comune di Santa Luce
09_PISA PREF E PROV.txt,Comune di Calcinaia,Comune di Santa Maria a Monte
09_PISA PREF E PROV.txt,Comune di Calcinaia,Comune di Terricciola
09_PISA PREF E PROV.txt,Comune di Calcinaia,Comune di Vecchiano
09_PISA PREF E PROV.txt,Comune di Calcinaia,Comune di Vicopisano
09_PISA PREF E PROV.txt,Comune di Calcinaia,Comune di Volterra
09_PISA PREF E PROV.txt,Comune di Calcinaia,Consigliera di Parità della Provincia di Pisa
09_PISA PREF E PROV.txt,Comune di Calcinaia,Magistratura di Sorveglianza
09_PISA PREF E PROV.txt,Comune di Calcinaia,Nuovo Maschile. Uomini liberi dalla violenza
09_PISA PREF E PROV.txt,Comune di Calcinaia,Prefettura di Pisa
09_PISA PREF E PROV.txt,Comune di Calcinaia,Procura della Repubblica presso il Tribunale
09_PISA PREF E PROV.txt,Comune di Calcinaia,Procura della Repubblica presso il Tribunale per i Minorenni
09_PISA PREF E PROV.txt,Comune di Calcinaia,Provincia di Pisa
09_PISA PREF E PROV.txt,Comune di Calcinaia,Società della Salute Zona Alta Valdicecina-Valdera
09_PISA PREF E PROV.txt,Comune di Calcinaia,Società della Salute Zona Empolese Valdarno Valdelsa
09_PISA PREF E PROV.txt,Comune di Calcinaia,Società della Salute Zona Pisana
09_PISA PREF E PROV.txt,Comune di Calcinaia,Tribunale di Pisa
09_PISA PREF E PROV.txt,Comune di Calcinaia,Ufficio Scolastico Regionale della Toscana Ambito Territoriale della provincia di Pisa
09_PISA PREF E PROV.txt,Comune di Calcinaia,Università degli Studi di Pisa
09_PISA PREF E PROV.txt,Comune di Capannoli,Comune di Casale Marittimo
09_PISA PREF E PROV.txt,Comune di Capannoli,Comune di Casciana Terme-Lari
09_PISA PREF E PROV.txt,Comune di Capannoli,Comune di Cascina
09_PISA PREF E PROV.txt,Comune di Capannoli,Comune di Castelfranco di Sotto
09_PISA PREF E PROV.txt,Comune di Capannoli,Comune di Castellina Marittima
09_PISA PREF E PROV.txt,Comune di Capannoli,Comune di Castelnuovo Val di Cecina
09_PISA PREF E PROV.txt,Comune di Capannoli,Comune di Chianni
09_PISA PREF E PROV.txt,Comune di Capannoli,Comune di Crespina-Lorenzana
09_PISA PREF E PROV.txt,Comune di Capannoli,Comune di Fauglia
09_PISA PREF E PROV.txt,Comune di Capannoli,Comune di Guardistallo
09_PISA PREF E PROV.txt,Comune di Capannoli,Comune di Lajatico
09_PISA PREF E PROV.txt,Comune di Capannoli,Comune di Montecatini Val Di Cecina
09_PISA PREF E PROV.txt,Comune di Capannoli,Comune di Montescudaio
09_PISA PREF E PROV.txt,Comune di Capannoli,Comune di Monteverdi Marittimo
09_PISA PREF E PROV.txt,Comune di Capannoli,Comune di Montopoli Valdarno
09_PISA PREF E PROV.txt,Comune di Capannoli,Comune di Orciano Pisano
09_PISA PREF E PROV.txt,Comune di Capannoli,Comune di Palaia
09_PISA PREF E PROV.txt,Comune di Capannoli,Comune di Peccioli
09_PISA PREF E PROV.txt,Comune di Capannoli,Comune di Pisa
09_PISA PREF E PROV.txt,Comune di Capannoli,Comune di Pomarance
09_PISA PREF E PROV.txt,Comune di Capannoli,Comune di Ponsacco
09_PISA PREF E PROV.txt,Comune di Capannoli,Comune di Pontedera
09_PISA PREF E PROV.txt,Comune di Capannoli,Comune di Riparbella
09_PISA PREF E PROV.txt,Comune di Capannoli,Comune di San Giuliano Terme
09_PISA PREF E PROV.txt,Comune di Capannoli,Comune di San Miniato
09_PISA PREF E PROV.txt,Comune di Capannoli,Comune di Santa Croce sull'Arno
09_PISA PREF E PROV.txt,Comune di Capannoli,Comune di Santa Luce
09_PISA PREF E PROV.txt,Comune di Capannoli,Comune di Santa Maria a Monte
09_PISA PREF E PROV.txt,Comune di Capannoli,Comune di Terricciola
09_PISA PREF E PROV.txt,Comune di Capannoli,Comune di Vecchiano
09_PISA PREF E PROV.txt,Comune di Capannoli,Comune di Vicopisano
09_PISA PREF E PROV.txt,Comune di Capannoli,Comune di Volterra
09_PISA PREF E PROV.txt,Comune di Capannoli,Consigliera di Parità della Provincia di Pisa
09_PISA PREF E PROV.txt,Comune di Capannoli,Magistratura di Sorveglianza
09_PISA PREF E PROV.txt,Comune di Capannoli,Nuovo Maschile. Uomini liberi dalla violenza
09_PISA PREF E PROV.txt,Comune di Capannoli,Prefettura di Pisa
09_PISA PREF E PROV.txt,Comune di Capannoli,Procura della Repubblica presso il Tribunale
09_PISA PREF E PROV.txt,Comune di Capannoli,Procura della Repubblica presso il Tribunale per i Minorenni
09_PISA PREF E PROV.txt,Comune di Capannoli,Provincia di Pisa
09_PISA PREF E PROV.txt,Comune di Capannoli,Società della Salute Zona Alta Valdicecina-Valdera
09_PISA PREF E PROV.txt,Comune di Capannoli,Società della Salute Zona Empolese Valdarno Valdelsa
09_PISA PREF E PROV.txt,Comune di Capannoli,Società della Salute Zona Pisana
09_PISA PREF E PROV.txt,Comune di Capannoli,Tribunale di Pisa
09_PISA PREF E PROV.txt,Comune di Capannoli,Ufficio Scolastico Regionale della Toscana Ambito Territoriale della provincia di Pisa
09_PISA PREF E PROV.txt,Comune di Capannoli,Università degli Studi di Pisa
09_PISA PREF E PROV.txt,Comune di Casale Marittimo,Comune di Casciana Terme-Lari
09_PISA PREF E PROV.txt,Comune di Casale Marittimo,Comune di Cascina
09_PISA PREF E PROV.txt,Comune di Casale Marittimo,Comune di Castelfranco di Sotto
09_PISA PREF E PROV.txt,Comune di Casale Marittimo,Comune di Castellina Marittima
09_PISA PREF E PROV.txt,Comune di Casale Marittimo,Comune di Castelnuovo Val di Cecina
09_PISA PREF E PROV.txt,Comune di Casale Marittimo,Comune di Chianni
09_PISA PREF E PROV.txt,Comune di Casale Marittimo,Comune di Crespina-Lorenzana
09_PISA PREF E PROV.txt,Comune di Casale Marittimo,Comune di Fauglia
09_PISA PREF E PROV.txt,Comune di Casale Marittimo,Comune di Guardistallo
09_PISA PREF E PROV.txt,Comune di Casale Marittimo,Comune di Lajatico
09_PISA PREF E PROV.txt,Comune di Casale Marittimo,Comune di Montecatini Val Di Cecina
09_PISA PREF E PROV.txt,Comune di Casale Marittimo,Comune di Montescudaio
09_PISA PREF E PROV.txt,Comune di Casale Marittimo,Comune di Monteverdi Marittimo
09_PISA PREF E PROV.txt,Comune di Casale Marittimo,Comune di Montopoli Valdarno
09_PISA PREF E PROV.txt,Comune di Casale Marittimo,Comune di Orciano Pisano
09_PISA PREF E PROV.txt,Comune di Casale Marittimo,Comune di Palaia
09_PISA PREF E PROV.txt,Comune di Casale Marittimo,Comune di Peccioli
09_PISA PREF E PROV.txt,Comune di Casale Marittimo,Comune di Pisa
09_PISA PREF E PROV.txt,Comune di Casale Marittimo,Comune di Pomarance
09_PISA PREF E PROV.txt,Comune di Casale Marittimo,Comune di Ponsacco
09_PISA PREF E PROV.txt,Comune di Casale Marittimo,Comune di Pontedera
09_PISA PREF E PROV.txt,Comune di Casale Marittimo,Comune di Riparbella
09_PISA PREF E PROV.txt,Comune di Casale Marittimo,Comune di San Giuliano Terme
09_PISA PREF E PROV.txt,Comune di Casale Marittimo,Comune di San Miniato
09_PISA PREF E PROV.txt,Comune di Casale Marittimo,Comune di Santa Croce sull'Arno
09_PISA PREF E PROV.txt,Comune di Casale Marittimo,Comune di Santa Luce
09_PISA PREF E PROV.txt,Comune di Casale Marittimo,Comune di Santa Maria a Monte
09_PISA PREF E PROV.txt,Comune di Casale Marittimo,Comune di Terricciola
09_PISA PREF E PROV.txt,Comune di Casale Marittimo,Comune di Vecchiano
09_PISA PREF E PROV.txt,Comune di Casale Marittimo,Comune di Vicopisano
09_PISA PREF E PROV.txt,Comune di Casale Marittimo,Comune di Volterra
09_PISA PREF E PROV.txt,Comune di Casale Marittimo,Consigliera di Parità della Provincia di Pisa
09_PISA PREF E PROV.txt,Comune di Casale Marittimo,Magistratura di Sorveglianza
09_PISA PREF E PROV.txt,Comune di Casale Marittimo,Nuovo Maschile. Uomini liberi dalla violenza
09_PISA PREF E PROV.txt,Comune di Casale Marittimo,Prefettura di Pisa
09_PISA PREF E PROV.txt,Comune di Casale Marittimo,Procura della Repubblica presso il Tribunale
09_PISA PREF E PROV.txt,Comune di Casale Marittimo,Procura della Repubblica presso il Tribunale per i Minorenni
09_PISA PREF E PROV.txt,Comune di Casale Marittimo,Provincia di Pisa
09_PISA PREF E PROV.txt,Comune di Casale Marittimo,Società della Salute Zona Alta Valdicecina-Valdera
09_PISA PREF E PROV.txt,Comune di Casale Marittimo,Società della Salute Zona Empolese Valdarno Valdelsa
09_PISA PREF E PROV.txt,Comune di Casale Marittimo,Società della Salute Zona Pisana
09_PISA PREF E PROV.txt,Comune di Casale Marittimo,Tribunale di Pisa
09_PISA PREF E PROV.txt,Comune di Casale Marittimo,Ufficio Scolastico Regionale della Toscana Ambito Territoriale della provincia di Pisa
09_PISA PREF E PROV.txt,Comune di Casale Marittimo,Università degli Studi di Pisa
09_PISA PREF E PROV.txt,Comune di Casciana Terme-Lari,Comune di Cascina
09_PISA PREF E PROV.txt,Comune di Casciana Terme-Lari,Comune di Castelfranco di Sotto
09_PISA PREF E PROV.txt,Comune di Casciana Terme-Lari,Comune di Castellina Marittima
09_PISA PREF E PROV.txt,Comune di Casciana Terme-Lari,Comune di Castelnuovo Val di Cecina
09_PISA PREF E PROV.txt,Comune di Casciana Terme-Lari,Comune di Chianni
09_PISA PREF E PROV.txt,Comune di Casciana Terme-Lari,Comune di Crespina-Lorenzana
09_PISA PREF E PROV.txt,Comune di Casciana Terme-Lari,Comune di Fauglia
09_PISA PREF E PROV.txt,Comune di Casciana Terme-Lari,Comune di Guardistallo
09_PISA PREF E PROV.txt,Comune di Casciana Terme-Lari,Comune di Lajatico
09_PISA PREF E PROV.txt,Comune di Casciana Terme-Lari,Comune di Montecatini Val Di Cecina
09_PISA PREF E PROV.txt,Comune di Casciana Terme-Lari,Comune di Montescudaio
09_PISA PREF E PROV.txt,Comune di Casciana Terme-Lari,Comune di Monteverdi Marittimo
09_PISA PREF E PROV.txt,Comune di Casciana Terme-Lari,Comune di Montopoli Valdarno
09_PISA PREF E PROV.txt,Comune di Casciana Terme-Lari,Comune di Orciano Pisano
09_PISA PREF E PROV.txt,Comune di Casciana Terme-Lari,Comune di Palaia
09_PISA PREF E PROV.txt,Comune di Casciana Terme-Lari,Comune di Peccioli
09_PISA PREF E PROV.txt,Comune di Casciana Terme-Lari,Comune di Pisa
09_PISA PREF E PROV.txt,Comune di Casciana Terme-Lari,Comune di Pomarance
09_PISA PREF E PROV.txt,Comune di Casciana Terme-Lari,Comune di Ponsacco
09_PISA PREF E PROV.txt,Comune di Casciana Terme-Lari,Comune di Pontedera
09_PISA PREF E PROV.txt,Comune di Casciana Terme-Lari,Comune di Riparbella
09_PISA PREF E PROV.txt,Comune di Casciana Terme-Lari,Comune di San Giuliano Terme
09_PISA PREF E PROV.txt,Comune di Casciana Terme-Lari,Comune di San Miniato
09_PISA PREF E PROV.txt,Comune di Casciana Terme-Lari,Comune di Santa Croce sull'Arno
09_PISA PREF E PROV.txt,Comune di Casciana Terme-Lari,Comune di Santa Luce
09_PISA PREF E PROV.txt,Comune di Casciana Terme-Lari,Comune di Santa Maria a Monte
09_PISA PREF E PROV.txt,Comune di Casciana Terme-Lari,Comune di Terricciola
09_PISA PREF E PROV.txt,Comune di Casciana Terme-Lari,Comune di Vecchiano
09_PISA PREF E PROV.txt,Comune di Casciana Terme-Lari,Comune di Vicopisano
09_PISA PREF E PROV.txt,Comune di Casciana Terme-Lari,Comune di Volterra
09_PISA PREF E PROV.txt,Comune di Casciana Terme-Lari,Consigliera di Parità della Provincia di Pisa
09_PISA PREF E PROV.txt,Comune di Casciana Terme-Lari,Magistratura di Sorveglianza
09_PISA PREF E PROV.txt,Comune di Casciana Terme-Lari,Nuovo Maschile. Uomini liberi dalla violenza
09_PISA PREF E PROV.txt,Comune di Casciana Terme-Lari,Prefettura di Pisa
09_PISA PREF E PROV.txt,Comune di Casciana Terme-Lari,Procura della Repubblica presso il Tribunale
09_PISA PREF E PROV.txt,Comune di Casciana Terme-Lari,Procura della Repubblica presso il Tribunale per i Minorenni
09_PISA PREF E PROV.txt,Comune di Casciana Terme-Lari,Provincia di Pisa
09_PISA PREF E PROV.txt,Comune di Casciana Terme-Lari,Società della Salute Zona Alta Valdicecina-Valdera
09_PISA PREF E PROV.txt,Comune di Casciana Terme-Lari,Società della Salute Zona Empolese Valdarno Valdelsa
09_PISA PREF E PROV.txt,Comune di Casciana Terme-Lari,Società della Salute Zona Pisana
09_PISA PREF E PROV.txt,Comune di Casciana Terme-Lari,Tribunale di Pisa
09_PISA PREF E PROV.txt,Comune di Casciana Terme-Lari,Ufficio Scolastico Regionale della Toscana Ambito Territoriale della provincia di Pisa
09_PISA PREF E PROV.txt,Comune di Casciana Terme-Lari,Università degli Studi di Pisa
09_PISA PREF E PROV.txt,Comune di Cascina,Comune di Castelfranco di Sotto
09_PISA PREF E PROV.txt,Comune di Cascina,Comune di Castellina Marittima
09_PISA PREF E PROV.txt,Comune di Cascina,Comune di Castelnuovo Val di Cecina
09_PISA PREF E PROV.txt,Comune di Cascina,Comune di Chianni
09_PISA PREF E PROV.txt,Comune di Cascina,Comune di Crespina-Lorenzana
09_PISA PREF E PROV.txt,Comune di Cascina,Comune di Fauglia
09_PISA PREF E PROV.txt,Comune di Cascina,Comune di Guardistallo
09_PISA PREF E PROV.txt,Comune di Cascina,Comune di Lajatico
09_PISA PREF E PROV.txt,Comune di Cascina,Comune di Montecatini Val Di Cecina
09_PISA PREF E PROV.txt,Comune di Cascina,Comune di Montescudaio
09_PISA PREF E PROV.txt,Comune di Cascina,Comune di Monteverdi Marittimo
09_PISA PREF E PROV.txt,Comune di Cascina,Comune di Montopoli Valdarno
09_PISA PREF E PROV.txt,Comune di Cascina,Comune di Orciano Pisano
09_PISA PREF E PROV.txt,Comune di Cascina,Comune di Palaia
09_PISA PREF E PROV.txt,Comune di Cascina,Comune di Peccioli
09_PISA PREF E PROV.txt,Comune di Cascina,Comune di Pisa
09_PISA PREF E PROV.txt,Comune di Cascina,Comune di Pomarance
09_PISA PREF E PROV.txt,Comune di Cascina,Comune di Ponsacco
09_PISA PREF E PROV.txt,Comune di Cascina,Comune di Pontedera
09_PISA PREF E PROV.txt,Comune di Cascina,Comune di Riparbella
09_PISA PREF E PROV.txt,Comune di Cascina,Comune di San Giuliano Terme
09_PISA PREF E PROV.txt,Comune di Cascina,Comune di San Miniato
09_PISA PREF E PROV.txt,Comune di Cascina,Comune di Santa Croce sull'Arno
09_PISA PREF E PROV.txt,Comune di Cascina,Comune di Santa Luce
09_PISA PREF E PROV.txt,Comune di Cascina,Comune di Santa Maria a Monte
09_PISA PREF E PROV.txt,Comune di Cascina,Comune di Terricciola
09_PISA PREF E PROV.txt,Comune di Cascina,Comune di Vecchiano
09_PISA PREF E PROV.txt,Comune di Cascina,Comune di Vicopisano
09_PISA PREF E PROV.txt,Comune di Cascina,Comune di Volterra
09_PISA PREF E PROV.txt,Comune di Cascina,Consigliera di Parità della Provincia di Pisa
09_PISA PREF E PROV.txt,Comune di Cascina,Magistratura di Sorveglianza
09_PISA PREF E PROV.txt,Comune di Cascina,Nuovo Maschile. Uomini liberi dalla violenza
09_PISA PREF E PROV.txt,Comune di Cascina,Prefettura di Pisa
09_PISA PREF E PROV.txt,Comune di Cascina,Procura della Repubblica presso il Tribunale
09_PISA PREF E PROV.txt,Comune di Cascina,Procura della Repubblica presso il Tribunale per i Minorenni
09_PISA PREF E PROV.txt,Comune di Cascina,Provincia di Pisa
09_PISA PREF E PROV.txt,Comune di Cascina,Società della Salute Zona Alta Valdicecina-Valdera
09_PISA PREF E PROV.txt,Comune di Cascina,Società della Salute Zona Empolese Valdarno Valdelsa
09_PISA PREF E PROV.txt,Comune di Cascina,Società della Salute Zona Pisana
09_PISA PREF E PROV.txt,Comune di Cascina,Tribunale di Pisa
09_PISA PREF E PROV.txt,Comune di Cascina,Ufficio Scolastico Regionale della Toscana Ambito Territoriale della provincia di Pisa
09_PISA PREF E PROV.txt,Comune di Cascina,Università degli Studi di Pisa
09_PISA PREF E PROV.txt,Comune di Castelfranco di Sotto,Comune di Castellina Marittima
09_PISA PREF E PROV.txt,Comune di Castelfranco di Sotto,Comune di Castelnuovo Val di Cecina
09_PISA PREF E PROV.txt,Comune di Castelfranco di Sotto,Comune di Chianni
09_PISA PREF E PROV.txt,Comune di Castelfranco di Sotto,Comune di Crespina-Lorenzana
09_PISA PREF E PROV.txt,Comune di Castelfranco di Sotto,Comune di Fauglia
09_PISA PREF E PROV.txt,Comune di Castelfranco di Sotto,Comune di Guardistallo
09_PISA PREF E PROV.txt,Comune di Castelfranco di Sotto,Comune di Lajatico
09_PISA PREF E PROV.txt,Comune di Castelfranco di Sotto,Comune di Montecatini Val Di Cecina
09_PISA PREF E PROV.txt,Comune di Castelfranco di Sotto,Comune di Montescudaio
09_PISA PREF E PROV.txt,Comune di Castelfranco di Sotto,Comune di Monteverdi Marittimo
09_PISA PREF E PROV.txt,Comune di Castelfranco di Sotto,Comune di Montopoli Valdarno
09_PISA PREF E PROV.txt,Comune di Castelfranco di Sotto,Comune di Orciano Pisano
09_PISA PREF E PROV.txt,Comune di Castelfranco di Sotto,Comune di Palaia
09_PISA PREF E PROV.txt,Comune di Castelfranco di Sotto,Comune di Peccioli
09_PISA PREF E PROV.txt,Comune di Castelfranco di Sotto,Comune di Pisa
09_PISA PREF E PROV.txt,Comune di Castelfranco di Sotto,Comune di Pomarance
09_PISA PREF E PROV.txt,Comune di Castelfranco di Sotto,Comune di Ponsacco
09_PISA PREF E PROV.txt,Comune di Castelfranco di Sotto,Comune di Pontedera
09_PISA PREF E PROV.txt,Comune di Castelfranco di Sotto,Comune di Riparbella
09_PISA PREF E PROV.txt,Comune di Castelfranco di Sotto,Comune di San Giuliano Terme
09_PISA PREF E PROV.txt,Comune di Castelfranco di Sotto,Comune di San Miniato
09_PISA PREF E PROV.txt,Comune di Castelfranco di Sotto,Comune di Santa Croce sull'Arno
09_PISA PREF E PROV.txt,Comune di Castelfranco di Sotto,Comune di Santa Luce
09_PISA PREF E PROV.txt,Comune di Castelfranco di Sotto,Comune di Santa Maria a Monte
09_PISA PREF E PROV.txt,Comune di Castelfranco di Sotto,Comune di Terricciola
09_PISA PREF E PROV.txt,Comune di Castelfranco di Sotto,Comune di Vecchiano
09_PISA PREF E PROV.txt,Comune di Castelfranco di Sotto,Comune di Vicopisano
09_PISA PREF E PROV.txt,Comune di Castelfranco di Sotto,Comune di Volterra
09_PISA PREF E PROV.txt,Comune di Castelfranco di Sotto,Consigliera di Parità della Provincia di Pisa
09_PISA PREF E PROV.txt,Comune di Castelfranco di Sotto,Magistratura di Sorveglianza
09_PISA PREF E PROV.txt,Comune di Castelfranco di Sotto,Nuovo Maschile. Uomini liberi dalla violenza
09_PISA PREF E PROV.txt,Comune di Castelfranco di Sotto,Prefettura di Pisa
09_PISA PREF E PROV.txt,Comune di Castelfranco di Sotto,Procura della Repubblica presso il Tribunale
09_PISA PREF E PROV.txt,Comune di Castelfranco di Sotto,Procura della Repubblica presso il Tribunale per i Minorenni
09_PISA PREF E PROV.txt,Comune di Castelfranco di Sotto,Provincia di Pisa
09_PISA PREF E PROV.txt,Comune di Castelfranco di Sotto,Società della Salute Zona Alta Valdicecina-Valdera
09_PISA PREF E PROV.txt,Comune di Castelfranco di Sotto,Società della Salute Zona Empolese Valdarno Valdelsa
09_PISA PREF E PROV.txt,Comune di Castelfranco di Sotto,Società della Salute Zona Pisana
09_PISA PREF E PROV.txt,Comune di Castelfranco di Sotto,Tribunale di Pisa
09_PISA PREF E PROV.txt,Comune di Castelfranco di Sotto,Ufficio Scolastico Regionale della Toscana Ambito Territoriale della provincia di Pisa
09_PISA PREF E PROV.txt,Comune di Castelfranco di Sotto,Università degli Studi di Pisa
09_PISA PREF E PROV.txt,Comune di Castellina Marittima,Comune di Castelnuovo Val di Cecina
09_PISA PREF E PROV.txt,Comune di Castellina Marittima,Comune di Chianni
09_PISA PREF E PROV.txt,Comune di Castellina Marittima,Comune di Crespina-Lorenzana
09_PISA PREF E PROV.txt,Comune di Castellina Marittima,Comune di Fauglia
09_PISA PREF E PROV.txt,Comune di Castellina Marittima,Comune di Guardistallo
09_PISA PREF E PROV.txt,Comune di Castellina Marittima,Comune di Lajatico
09_PISA PREF E PROV.txt,Comune di Castellina Marittima,Comune di Montecatini Val Di Cecina
09_PISA PREF E PROV.txt,Comune di Castellina Marittima,Comune di Montescudaio
09_PISA PREF E PROV.txt,Comune di Castellina Marittima,Comune di Monteverdi Marittimo
09_PISA PREF E PROV.txt,Comune di Castellina Marittima,Comune di Montopoli Valdarno
09_PISA PREF E PROV.txt,Comune di Castellina Marittima,Comune di Orciano Pisano
09_PISA PREF E PROV.txt,Comune di Castellina Marittima,Comune di Palaia
09_PISA PREF E PROV.txt,Comune di Castellina Marittima,Comune di Peccioli
09_PISA PREF E PROV.txt,Comune di Castellina Marittima,Comune di Pisa
09_PISA PREF E PROV.txt,Comune di Castellina Marittima,Comune di Pomarance
09_PISA PREF E PROV.txt,Comune di Castellina Marittima,Comune di Ponsacco
09_PISA PREF E PROV.txt,Comune di Castellina Marittima,Comune di Pontedera
09_PISA PREF E PROV.txt,Comune di Castellina Marittima,Comune di Riparbella
09_PISA PREF E PROV.txt,Comune di Castellina Marittima,Comune di San Giuliano Terme
09_PISA PREF E PROV.txt,Comune di Castellina Marittima,Comune di San Miniato
09_PISA PREF E PROV.txt,Comune di Castellina Marittima,Comune di Santa Croce sull'Arno
09_PISA PREF E PROV.txt,Comune di Castellina Marittima,Comune di Santa Luce
09_PISA PREF E PROV.txt,Comune di Castellina Marittima,Comune di Santa Maria a Monte
09_PISA PREF E PROV.txt,Comune di Castellina Marittima,Comune di Terricciola
09_PISA PREF E PROV.txt,Comune di Castellina Marittima,Comune di Vecchiano
09_PISA PREF E PROV.txt,Comune di Castellina Marittima,Comune di Vicopisano
09_PISA PREF E PROV.txt,Comune di Castellina Marittima,Comune di Volterra
09_PISA PREF E PROV.txt,Comune di Castellina Marittima,Consigliera di Parità della Provincia di Pisa
09_PISA PREF E PROV.txt,Comune di Castellina Marittima,Magistratura di Sorveglianza
09_PISA PREF E PROV.txt,Comune di Castellina Marittima,Nuovo Maschile. Uomini liberi dalla violenza
09_PISA PREF E PROV.txt,Comune di Castellina Marittima,Prefettura di Pisa
09_PISA PREF E PROV.txt,Comune di Castellina Marittima,Procura della Repubblica presso il Tribunale
09_PISA PREF E PROV.txt,Comune di Castellina Marittima,Procura della Repubblica presso il Tribunale per i Minorenni
09_PISA PREF E PROV.txt,Comune di Castellina Marittima,Provincia di Pisa
09_PISA PREF E PROV.txt,Comune di Castellina Marittima,Società della Salute Zona Alta Valdicecina-Valdera
09_PISA PREF E PROV.txt,Comune di Castellina Marittima,Società della Salute Zona Empolese Valdarno Valdelsa
09_PISA PREF E PROV.txt,Comune di Castellina Marittima,Società della Salute Zona Pisana
09_PISA PREF E PROV.txt,Comune di Castellina Marittima,Tribunale di Pisa
09_PISA PREF E PROV.txt,Comune di Castellina Marittima,Ufficio Scolastico Regionale della Toscana Ambito Territoriale della provincia di Pisa
09_PISA PREF E PROV.txt,Comune di Castellina Marittima,Università degli Studi di Pisa
09_PISA PREF E PROV.txt,Comune di Castelnuovo Val di Cecina,Comune di Chianni
09_PISA PREF E PROV.txt,Comune di Castelnuovo Val di Cecina,Comune di Crespina-Lorenzana
09_PISA PREF E PROV.txt,Comune di Castelnuovo Val di Cecina,Comune di Fauglia
09_PISA PREF E PROV.txt,Comune di Castelnuovo Val di Cecina,Comune di Guardistallo
09_PISA PREF E PROV.txt,Comune di Castelnuovo Val di Cecina,Comune di Lajatico
09_PISA PREF E PROV.txt,Comune di Castelnuovo Val di Cecina,Comune di Montecatini Val Di Cecina
09_PISA PREF E PROV.txt,Comune di Castelnuovo Val di Cecina,Comune di Montescudaio
09_PISA PREF E PROV.txt,Comune di Castelnuovo Val di Cecina,Comune di Monteverdi Marittimo
09_PISA PREF E PROV.txt,Comune di Castelnuovo Val di Cecina,Comune di Montopoli Valdarno
09_PISA PREF E PROV.txt,Comune di Castelnuovo Val di Cecina,Comune di Orciano Pisano
09_PISA PREF E PROV.txt,Comune di Castelnuovo Val di Cecina,Comune di Palaia
09_PISA PREF E PROV.txt,Comune di Castelnuovo Val di Cecina,Comune di Peccioli
09_PISA PREF E PROV.txt,Comune di Castelnuovo Val di Cecina,Comune di Pisa
09_PISA PREF E PROV.txt,Comune di Castelnuovo Val di Cecina,Comune di Pomarance
09_PISA PREF E PROV.txt,Comune di Castelnuovo Val di Cecina,Comune di Ponsacco
09_PISA PREF E PROV.txt,Comune di Castelnuovo Val di Cecina,Comune di Pontedera
09_PISA PREF E PROV.txt,Comune di Castelnuovo Val di Cecina,Comune di Riparbella
09_PISA PREF E PROV.txt,Comune di Castelnuovo Val di Cecina,Comune di San Giuliano Terme
09_PISA PREF E PROV.txt,Comune di Castelnuovo Val di Cecina,Comune di San Miniato
09_PISA PREF E PROV.txt,Comune di Castelnuovo Val di Cecina,Comune di Santa Croce sull'Arno
09_PISA PREF E PROV.txt,Comune di Castelnuovo Val di Cecina,Comune di Santa Luce
09_PISA PREF E PROV.txt,Comune di Castelnuovo Val di Cecina,Comune di Santa Maria a Monte
09_PISA PREF E PROV.txt,Comune di Castelnuovo Val di Cecina,Comune di Terricciola
09_PISA PREF E PROV.txt,Comune di Castelnuovo Val di Cecina,Comune di Vecchiano
09_PISA PREF E PROV.txt,Comune di Castelnuovo Val di Cecina,Comune di Vicopisano
09_PISA PREF E PROV.txt,Comune di Castelnuovo Val di Cecina,Comune di Volterra
09_PISA PREF E PROV.txt,Comune di Castelnuovo Val di Cecina,Consigliera di Parità della Provincia di Pisa
09_PISA PREF E PROV.txt,Comune di Castelnuovo Val di Cecina,Magistratura di Sorveglianza
09_PISA PREF E PROV.txt,Comune di Castelnuovo Val di Cecina,Nuovo Maschile. Uomini liberi dalla violenza
09_PISA PREF E PROV.txt,Comune di Castelnuovo Val di Cecina,Prefettura di Pisa
09_PISA PREF E PROV.txt,Comune di Castelnuovo Val di Cecina,Procura della Repubblica presso il Tribunale
09_PISA PREF E PROV.txt,Comune di Castelnuovo Val di Cecina,Procura della Repubblica presso il Tribunale per i Minorenni
09_PISA PREF E PROV.txt,Comune di Castelnuovo Val di Cecina,Provincia di Pisa
09_PISA PREF E PROV.txt,Comune di Castelnuovo Val di Cecina,Società della Salute Zona Alta Valdicecina-Valdera
09_PISA PREF E PROV.txt,Comune di Castelnuovo Val di Cecina,Società della Salute Zona Empolese Valdarno Valdelsa
09_PISA PREF E PROV.txt,Comune di Castelnuovo Val di Cecina,Società della Salute Zona Pisana
09_PISA PREF E PROV.txt,Comune di Castelnuovo Val di Cecina,Tribunale di Pisa
09_PISA PREF E PROV.txt,Comune di Castelnuovo Val di Cecina,Ufficio Scolastico Regionale della Toscana Ambito Territoriale della provincia di Pisa
09_PISA PREF E PROV.txt,Comune di Castelnuovo Val di Cecina,Università degli Studi di Pisa
09_PISA PREF E PROV.txt,Comune di Chianni,Comune di Crespina-Lorenzana
09_PISA PREF E PROV.txt,Comune di Chianni,Comune di Fauglia
09_PISA PREF E PROV.txt,Comune di Chianni,Comune di Guardistallo
09_PISA PREF E PROV.txt,Comune di Chianni,Comune di Lajatico
09_PISA PREF E PROV.txt,Comune di Chianni,Comune di Montecatini Val Di Cecina
09_PISA PREF E PROV.txt,Comune di Chianni,Comune di Montescudaio
09_PISA PREF E PROV.txt,Comune di Chianni,Comune di Monteverdi Marittimo
09_PISA PREF E PROV.txt,Comune di Chianni,Comune di Montopoli Valdarno
09_PISA PREF E PROV.txt,Comune di Chianni,Comune di Orciano Pisano
09_PISA PREF E PROV.txt,Comune di Chianni,Comune di Palaia
09_PISA PREF E PROV.txt,Comune di Chianni,Comune di Peccioli
09_PISA PREF E PROV.txt,Comune di Chianni,Comune di Pisa
09_PISA PREF E PROV.txt,Comune di Chianni,Comune di Pomarance
09_PISA PREF E PROV.txt,Comune di Chianni,Comune di Ponsacco
09_PISA PREF E PROV.txt,Comune di Chianni,Comune di Pontedera
09_PISA PREF E PROV.txt,Comune di Chianni,Comune di Riparbella
09_PISA PREF E PROV.txt,Comune di Chianni,Comune di San Giuliano Terme
09_PISA PREF E PROV.txt,Comune di Chianni,Comune di San Miniato
09_PISA PREF E PROV.txt,Comune di Chianni,Comune di Santa Croce sull'Arno
09_PISA PREF E PROV.txt,Comune di Chianni,Comune di Santa Luce
09_PISA PREF E PROV.txt,Comune di Chianni,Comune di Santa Maria a Monte
09_PISA PREF E PROV.txt,Comune di Chianni,Comune di Terricciola
09_PISA PREF E PROV.txt,Comune di Chianni,Comune di Vecchiano
09_PISA PREF E PROV.txt,Comune di Chianni,Comune di Vicopisano
09_PISA PREF E PROV.txt,Comune di Chianni,Comune di Volterra
09_PISA PREF E PROV.txt,Comune di Chianni,Consigliera di Parità della Provincia di Pisa
09_PISA PREF E PROV.txt,Comune di Chianni,Magistratura di Sorveglianza
09_PISA PREF E PROV.txt,Comune di Chianni,Nuovo Maschile. Uomini liberi dalla violenza
09_PISA PREF E PROV.txt,Comune di Chianni,Prefettura di Pisa
09_PISA PREF E PROV.txt,Comune di Chianni,Procura della Repubblica presso il Tribunale
09_PISA PREF E PROV.txt,Comune di Chianni,Procura della Repubblica presso il Tribunale per i Minorenni
09_PISA PREF E PROV.txt,Comune di Chianni,Provincia di Pisa
09_PISA PREF E PROV.txt,Comune di Chianni,Società della Salute Zona Alta Valdicecina-Valdera
09_PISA PREF E PROV.txt,Comune di Chianni,Società della Salute Zona Empolese Valdarno Valdelsa
09_PISA PREF E PROV.txt,Comune di Chianni,Società della Salute Zona Pisana
09_PISA PREF E PROV.txt,Comune di Chianni,Tribunale di Pisa
09_PISA PREF E PROV.txt,Comune di Chianni,Ufficio Scolastico Regionale della Toscana Ambito Territoriale della provincia di Pisa
09_PISA PREF E PROV.txt,Comune di Chianni,Università degli Studi di Pisa
09_PISA PREF E PROV.txt,Comune di Crespina-Lorenzana,Comune di Fauglia
09_PISA PREF E PROV.txt,Comune di Crespina-Lorenzana,Comune di Guardistallo
09_PISA PREF E PROV.txt,Comune di Crespina-Lorenzana,Comune di Lajatico
09_PISA PREF E PROV.txt,Comune di Crespina-Lorenzana,Comune di Montecatini Val Di Cecina
09_PISA PREF E PROV.txt,Comune di Crespina-Lorenzana,Comune di Montescudaio
09_PISA PREF E PROV.txt,Comune di Crespina-Lorenzana,Comune di Monteverdi Marittimo
09_PISA PREF E PROV.txt,Comune di Crespina-Lorenzana,Comune di Montopoli Valdarno
09_PISA PREF E PROV.txt,Comune di Crespina-Lorenzana,Comune di Orciano Pisano
09_PISA PREF E PROV.txt,Comune di Crespina-Lorenzana,Comune di Palaia
09_PISA PREF E PROV.txt,Comune di Crespina-Lorenzana,Comune di Peccioli
09_PISA PREF E PROV.txt,Comune di Crespina-Lorenzana,Comune di Pisa
09_PISA PREF E PROV.txt,Comune di Crespina-Lorenzana,Comune di Pomarance
09_PISA PREF E PROV.txt,Comune di Crespina-Lorenzana,Comune di Ponsacco
09_PISA PREF E PROV.txt,Comune di Crespina-Lorenzana,Comune di Pontedera
09_PISA PREF E PROV.txt,Comune di Crespina-Lorenzana,Comune di Riparbella
09_PISA PREF E PROV.txt,Comune di Crespina-Lorenzana,Comune di San Giuliano Terme
09_PISA PREF E PROV.txt,Comune di Crespina-Lorenzana,Comune di San Miniato
09_PISA PREF E PROV.txt,Comune di Crespina-Lorenzana,Comune di Santa Croce sull'Arno
09_PISA PREF E PROV.txt,Comune di Crespina-Lorenzana,Comune di Santa Luce
09_PISA PREF E PROV.txt,Comune di Crespina-Lorenzana,Comune di Santa Maria a Monte
09_PISA PREF E PROV.txt,Comune di Crespina-Lorenzana,Comune di Terricciola
09_PISA PREF E PROV.txt,Comune di Crespina-Lorenzana,Comune di Vecchiano
09_PISA PREF E PROV.txt,Comune di Crespina-Lorenzana,Comune di Vicopisano
09_PISA PREF E PROV.txt,Comune di Crespina-Lorenzana,Comune di Volterra
09_PISA PREF E PROV.txt,Comune di Crespina-Lorenzana,Consigliera di Parità della Provincia di Pisa
09_PISA PREF E PROV.txt,Comune di Crespina-Lorenzana,Magistratura di Sorveglianza
09_PISA PREF E PROV.txt,Comune di Crespina-Lorenzana,Nuovo Maschile. Uomini liberi dalla violenza
09_PISA PREF E PROV.txt,Comune di Crespina-Lorenzana,Prefettura di Pisa
09_PISA PREF E PROV.txt,Comune di Crespina-Lorenzana,Procura della Repubblica presso il Tribunale
09_PISA PREF E PROV.txt,Comune di Crespina-Lorenzana,Procura della Repubblica presso il Tribunale per i Minorenni
09_PISA PREF E PROV.txt,Comune di Crespina-Lorenzana,Provincia di Pisa
09_PISA PREF E PROV.txt,Comune di Crespina-Lorenzana,Società della Salute Zona Alta Valdicecina-Valdera
09_PISA PREF E PROV.txt,Comune di Crespina-Lorenzana,Società della Salute Zona Empolese Valdarno Valdelsa
09_PISA PREF E PROV.txt,Comune di Crespina-Lorenzana,Società della Salute Zona Pisana
09_PISA PREF E PROV.txt,Comune di Crespina-Lorenzana,Tribunale di Pisa
09_PISA PREF E PROV.txt,Comune di Crespina-Lorenzana,Ufficio Scolastico Regionale della Toscana Ambito Territoriale della provincia di Pisa
09_PISA PREF E PROV.txt,Comune di Crespina-Lorenzana,Università degli Studi di Pisa
09_PISA PREF E PROV.txt,Comune di Fauglia,Comune di Guardistallo
09_PISA PREF E PROV.txt,Comune di Fauglia,Comune di Lajatico
09_PISA PREF E PROV.txt,Comune di Fauglia,Comune di Montecatini Val Di Cecina
09_PISA PREF E PROV.txt,Comune di Fauglia,Comune di Montescudaio
09_PISA PREF E PROV.txt,Comune di Fauglia,Comune di Monteverdi Marittimo
09_PISA PREF E PROV.txt,Comune di Fauglia,Comune di Montopoli Valdarno
09_PISA PREF E PROV.txt,Comune di Fauglia,Comune di Orciano Pisano
09_PISA PREF E PROV.txt,Comune di Fauglia,Comune di Palaia
09_PISA PREF E PROV.txt,Comune di Fauglia,Comune di Peccioli
09_PISA PREF E PROV.txt,Comune di Fauglia,Comune di Pisa
09_PISA PREF E PROV.txt,Comune di Fauglia,Comune di Pomarance
09_PISA PREF E PROV.txt,Comune di Fauglia,Comune di Ponsacco
09_PISA PREF E PROV.txt,Comune di Fauglia,Comune di Pontedera
09_PISA PREF E PROV.txt,Comune di Fauglia,Comune di Riparbella
09_PISA PREF E PROV.txt,Comune di Fauglia,Comune di San Giuliano Terme
09_PISA PREF E PROV.txt,Comune di Fauglia,Comune di San Miniato
09_PISA PREF E PROV.txt,Comune di Fauglia,Comune di Santa Croce sull'Arno
09_PISA PREF E PROV.txt,Comune di Fauglia,Comune di Santa Luce
09_PISA PREF E PROV.txt,Comune di Fauglia,Comune di Santa Maria a Monte
09_PISA PREF E PROV.txt,Comune di Fauglia,Comune di Terricciola
09_PISA PREF E PROV.txt,Comune di Fauglia,Comune di Vecchiano
09_PISA PREF E PROV.txt,Comune di Fauglia,Comune di Vicopisano
09_PISA PREF E PROV.txt,Comune di Fauglia,Comune di Volterra
09_PISA PREF E PROV.txt,Comune di Fauglia,Consigliera di Parità della Provincia di Pisa
09_PISA PREF E PROV.txt,Comune di Fauglia,Magistratura di Sorveglianza
09_PISA PREF E PROV.txt,Comune di Fauglia,Nuovo Maschile. Uomini liberi dalla violenza
09_PISA PREF E PROV.txt,Comune di Fauglia,Prefettura di Pisa
09_PISA PREF E PROV.txt,Comune di Fauglia,Procura della Repubblica presso il Tribunale
09_PISA PREF E PROV.txt,Comune di Fauglia,Procura della Repubblica presso il Tribunale per i Minorenni
09_PISA PREF E PROV.txt,Comune di Fauglia,Provincia di Pisa
09_PISA PREF E PROV.txt,Comune di Fauglia,Società della Salute Zona Alta Valdicecina-Valdera
09_PISA PREF E PROV.txt,Comune di Fauglia,Società della Salute Zona Empolese Valdarno Valdelsa
09_PISA PREF E PROV.txt,Comune di Fauglia,Società della Salute Zona Pisana
09_PISA PREF E PROV.txt,Comune di Fauglia,Tribunale di Pisa
09_PISA PREF E PROV.txt,Comune di Fauglia,Ufficio Scolastico Regionale della Toscana Ambito Territoriale della provincia di Pisa
09_PISA PREF E PROV.txt,Comune di Fauglia,Università degli Studi di Pisa
09_PISA PREF E PROV.txt,Comune di Guardistallo,Comune di Lajatico
09_PISA PREF E PROV.txt,Comune di Guardistallo,Comune di Montecatini Val Di Cecina
09_PISA PREF E PROV.txt,Comune di Guardistallo,Comune di Montescudaio
09_PISA PREF E PROV.txt,Comune di Guardistallo,Comune di Monteverdi Marittimo
09_PISA PREF E PROV.txt,Comune di Guardistallo,Comune di Montopoli Valdarno
09_PISA PREF E PROV.txt,Comune di Guardistallo,Comune di Orciano Pisano
09_PISA PREF E PROV.txt,Comune di Guardistallo,Comune di Palaia
09_PISA PREF E PROV.txt,Comune di Guardistallo,Comune di Peccioli
09_PISA PREF E PROV.txt,Comune di Guardistallo,Comune di Pisa
09_PISA PREF E PROV.txt,Comune di Guardistallo,Comune di Pomarance
09_PISA PREF E PROV.txt,Comune di Guardistallo,Comune di Ponsacco
09_PISA PREF E PROV.txt,Comune di Guardistallo,Comune di Pontedera
09_PISA PREF E PROV.txt,Comune di Guardistallo,Comune di Riparbella
09_PISA PREF E PROV.txt,Comune di Guardistallo,Comune di San Giuliano Terme
09_PISA PREF E PROV.txt,Comune di Guardistallo,Comune di San Miniato
09_PISA PREF E PROV.txt,Comune di Guardistallo,Comune di Santa Croce sull'Arno
09_PISA PREF E PROV.txt,Comune di Guardistallo,Comune di Santa Luce
09_PISA PREF E PROV.txt,Comune di Guardistallo,Comune di Santa Maria a Monte
09_PISA PREF E PROV.txt,Comune di Guardistallo,Comune di Terricciola
09_PISA PREF E PROV.txt,Comune di Guardistallo,Comune di Vecchiano
09_PISA PREF E PROV.txt,Comune di Guardistallo,Comune di Vicopisano
09_PISA PREF E PROV.txt,Comune di Guardistallo,Comune di Volterra
09_PISA PREF E PROV.txt,Comune di Guardistallo,Consigliera di Parità della Provincia di Pisa
09_PISA PREF E PROV.txt,Comune di Guardistallo,Magistratura di Sorveglianza
09_PISA PREF E PROV.txt,Comune di Guardistallo,Nuovo Maschile. Uomini liberi dalla violenza
09_PISA PREF E PROV.txt,Comune di Guardistallo,Prefettura di Pisa
09_PISA PREF E PROV.txt,Comune di Guardistallo,Procura della Repubblica presso il Tribunale
09_PISA PREF E PROV.txt,Comune di Guardistallo,Procura della Repubblica presso il Tribunale per i Minorenni
09_PISA PREF E PROV.txt,Comune di Guardistallo,Provincia di Pisa
09_PISA PREF E PROV.txt,Comune di Guardistallo,Società della Salute Zona Alta Valdicecina-Valdera
09_PISA PREF E PROV.txt,Comune di Guardistallo,Società della Salute Zona Empolese Valdarno Valdelsa
09_PISA PREF E PROV.txt,Comune di Guardistallo,Società della Salute Zona Pisana
09_PISA PREF E PROV.txt,Comune di Guardistallo,Tribunale di Pisa
09_PISA PREF E PROV.txt,Comune di Guardistallo,Ufficio Scolastico Regionale della Toscana Ambito Territoriale della provincia di Pisa
09_PISA PREF E PROV.txt,Comune di Guardistallo,Università degli Studi di Pisa
09_PISA PREF E PROV.txt,Comune di Lajatico,Comune di Montecatini Val Di Cecina
09_PISA PREF E PROV.txt,Comune di Lajatico,Comune di Montescudaio
09_PISA PREF E PROV.txt,Comune di Lajatico,Comune di Monteverdi Marittimo
09_PISA PREF E PROV.txt,Comune di Lajatico,Comune di Montopoli Valdarno
09_PISA PREF E PROV.txt,Comune di Lajatico,Comune di Orciano Pisano
09_PISA PREF E PROV.txt,Comune di Lajatico,Comune di Palaia
09_PISA PREF E PROV.txt,Comune di Lajatico,Comune di Peccioli
09_PISA PREF E PROV.txt,Comune di Lajatico,Comune di Pisa
09_PISA PREF E PROV.txt,Comune di Lajatico,Comune di Pomarance
09_PISA PREF E PROV.txt,Comune di Lajatico,Comune di Ponsacco
09_PISA PREF E PROV.txt,Comune di Lajatico,Comune di Pontedera
09_PISA PREF E PROV.txt,Comune di Lajatico,Comune di Riparbella
09_PISA PREF E PROV.txt,Comune di Lajatico,Comune di San Giuliano Terme
09_PISA PREF E PROV.txt,Comune di Lajatico,Comune di San Miniato
09_PISA PREF E PROV.txt,Comune di Lajatico,Comune di Santa Croce sull'Arno
09_PISA PREF E PROV.txt,Comune di Lajatico,Comune di Santa Luce
09_PISA PREF E PROV.txt,Comune di Lajatico,Comune di Santa Maria a Monte
09_PISA PREF E PROV.txt,Comune di Lajatico,Comune di Terricciola
09_PISA PREF E PROV.txt,Comune di Lajatico,Comune di Vecchiano
09_PISA PREF E PROV.txt,Comune di Lajatico,Comune di Vicopisano
09_PISA PREF E PROV.txt,Comune di Lajatico,Comune di Volterra
09_PISA PREF E PROV.txt,Comune di Lajatico,Consigliera di Parità della Provincia di Pisa
09_PISA PREF E PROV.txt,Comune di Lajatico,Magistratura di Sorveglianza
09_PISA PREF E PROV.txt,Comune di Lajatico,Nuovo Maschile. Uomini liberi dalla violenza
09_PISA PREF E PROV.txt,Comune di Lajatico,Prefettura di Pisa
09_PISA PREF E PROV.txt,Comune di Lajatico,Procura della Repubblica presso il Tribunale
09_PISA PREF E PROV.txt,Comune di Lajatico,Procura della Repubblica presso il Tribunale per i Minorenni
09_PISA PREF E PROV.txt,Comune di Lajatico,Provincia di Pisa
09_PISA PREF E PROV.txt,Comune di Lajatico,Società della Salute Zona Alta Valdicecina-Valdera
09_PISA PREF E PROV.txt,Comune di Lajatico,Società della Salute Zona Empolese Valdarno Valdelsa
09_PISA PREF E PROV.txt,Comune di Lajatico,Società della Salute Zona Pisana
09_PISA PREF E PROV.txt,Comune di Lajatico,Tribunale di Pisa
09_PISA PREF E PROV.txt,Comune di Lajatico,Ufficio Scolastico Regionale della Toscana Ambito Territoriale della provincia di Pisa
09_PISA PREF E PROV.txt,Comune di Lajatico,Università degli Studi di Pisa
09_PISA PREF E PROV.txt,Comune di Montecatini Val Di Cecina,Comune di Montescudaio
09_PISA PREF E PROV.txt,Comune di Montecatini Val Di Cecina,Comune di Monteverdi Marittimo
09_PISA PREF E PROV.txt,Comune di Montecatini Val Di Cecina,Comune di Montopoli Valdarno
09_PISA PREF E PROV.txt,Comune di Montecatini Val Di Cecina,Comune di Orciano Pisano
09_PISA PREF E PROV.txt,Comune di Montecatini Val Di Cecina,Comune di Palaia
09_PISA PREF E PROV.txt,Comune di Montecatini Val Di Cecina,Comune di Peccioli
09_PISA PREF E PROV.txt,Comune di Montecatini Val Di Cecina,Comune di Pisa
09_PISA PREF E PROV.txt,Comune di Montecatini Val Di Cecina,Comune di Pomarance
09_PISA PREF E PROV.txt,Comune di Montecatini Val Di Cecina,Comune di Ponsacco
09_PISA PREF E PROV.txt,Comune di Montecatini Val Di Cecina,Comune di Pontedera
09_PISA PREF E PROV.txt,Comune di Montecatini Val Di Cecina,Comune di Riparbella
09_PISA PREF E PROV.txt,Comune di Montecatini Val Di Cecina,Comune di San Giuliano Terme
09_PISA PREF E PROV.txt,Comune di Montecatini Val Di Cecina,Comune di San Miniato
09_PISA PREF E PROV.txt,Comune di Montecatini Val Di Cecina,Comune di Santa Croce sull'Arno
09_PISA PREF E PROV.txt,Comune di Montecatini Val Di Cecina,Comune di Santa Luce
09_PISA PREF E PROV.txt,Comune di Montecatini Val Di Cecina,Comune di Santa Maria a Monte
09_PISA PREF E PROV.txt,Comune di Montecatini Val Di Cecina,Comune di Terricciola
09_PISA PREF E PROV.txt,Comune di Montecatini Val Di Cecina,Comune di Vecchiano
09_PISA PREF E PROV.txt,Comune di Montecatini Val Di Cecina,Comune di Vicopisano
09_PISA PREF E PROV.txt,Comune di Montecatini Val Di Cecina,Comune di Volterra
09_PISA PREF E PROV.txt,Comune di Montecatini Val Di Cecina,Consigliera di Parità della Provincia di Pisa
09_PISA PREF E PROV.txt,Comune di Montecatini Val Di Cecina,Magistratura di Sorveglianza
09_PISA PREF E PROV.txt,Comune di Montecatini Val Di Cecina,Nuovo Maschile. Uomini liberi dalla violenza
09_PISA PREF E PROV.txt,Comune di Montecatini Val Di Cecina,Prefettura di Pisa
09_PISA PREF E PROV.txt,Comune di Montecatini Val Di Cecina,Procura della Repubblica presso il Tribunale
09_PISA PREF E PROV.txt,Comune di Montecatini Val Di Cecina,Procura della Repubblica presso il Tribunale per i Minorenni
09_PISA PREF E PROV.txt,Comune di Montecatini Val Di Cecina,Provincia di Pisa
09_PISA PREF E PROV.txt,Comune di Montecatini Val Di Cecina,Società della Salute Zona Alta Valdicecina-Valdera
09_PISA PREF E PROV.txt,Comune di Montecatini Val Di Cecina,Società della Salute Zona Empolese Valdarno Valdelsa
09_PISA PREF E PROV.txt,Comune di Montecatini Val Di Cecina,Società della Salute Zona Pisana
09_PISA PREF E PROV.txt,Comune di Montecatini Val Di Cecina,Tribunale di Pisa
09_PISA PREF E PROV.txt,Comune di Montecatini Val Di Cecina,Ufficio Scolastico Regionale della Toscana Ambito Territoriale della provincia di Pisa
09_PISA PREF E PROV.txt,Comune di Montecatini Val Di Cecina,Università degli Studi di Pisa
09_PISA PREF E PROV.txt,Comune di Montescudaio,Comune di Monteverdi Marittimo
09_PISA PREF E PROV.txt,Comune di Montescudaio,Comune di Montopoli Valdarno
09_PISA PREF E PROV.txt,Comune di Montescudaio,Comune di Orciano Pisano
09_PISA PREF E PROV.txt,Comune di Montescudaio,Comune di Palaia
09_PISA PREF E PROV.txt,Comune di Montescudaio,Comune di Peccioli
09_PISA PREF E PROV.txt,Comune di Montescudaio,Comune di Pisa
09_PISA PREF E PROV.txt,Comune di Montescudaio,Comune di Pomarance
09_PISA PREF E PROV.txt,Comune di Montescudaio,Comune di Ponsacco
09_PISA PREF E PROV.txt,Comune di Montescudaio,Comune di Pontedera
09_PISA PREF E PROV.txt,Comune di Montescudaio,Comune di Riparbella
09_PISA PREF E PROV.txt,Comune di Montescudaio,Comune di San Giuliano Terme
09_PISA PREF E PROV.txt,Comune di Montescudaio,Comune di San Miniato
09_PISA PREF E PROV.txt,Comune di Montescudaio,Comune di Santa Croce sull'Arno
09_PISA PREF E PROV.txt,Comune di Montescudaio,Comune di Santa Luce
09_PISA PREF E PROV.txt,Comune di Montescudaio,Comune di Santa Maria a Monte
09_PISA PREF E PROV.txt,Comune di Montescudaio,Comune di Terricciola
09_PISA PREF E PROV.txt,Comune di Montescudaio,Comune di Vecchiano
09_PISA PREF E PROV.txt,Comune di Montescudaio,Comune di Vicopisano
09_PISA PREF E PROV.txt,Comune di Montescudaio,Comune di Volterra
09_PISA PREF E PROV.txt,Comune di Montescudaio,Consigliera di Parità della Provincia di Pisa
09_PISA PREF E PROV.txt,Comune di Montescudaio,Magistratura di Sorveglianza
09_PISA PREF E PROV.txt,Comune di Montescudaio,Nuovo Maschile. Uomini liberi dalla violenza
09_PISA PREF E PROV.txt,Comune di Montescudaio,Prefettura di Pisa
09_PISA PREF E PROV.txt,Comune di Montescudaio,Procura della Repubblica presso il Tribunale
09_PISA PREF E PROV.txt,Comune di Montescudaio,Procura della Repubblica presso il Tribunale per i Minorenni
09_PISA PREF E PROV.txt,Comune di Montescudaio,Provincia di Pisa
09_PISA PREF E PROV.txt,Comune di Montescudaio,Società della Salute Zona Alta Valdicecina-Valdera
09_PISA PREF E PROV.txt,Comune di Montescudaio,Società della Salute Zona Empolese Valdarno Valdelsa
09_PISA PREF E PROV.txt,Comune di Montescudaio,Società della Salute Zona Pisana
09_PISA PREF E PROV.txt,Comune di Montescudaio,Tribunale di Pisa
09_PISA PREF E PROV.txt,Comune di Montescudaio,Ufficio Scolastico Regionale della Toscana Ambito Territoriale della provincia di Pisa
09_PISA PREF E PROV.txt,Comune di Montescudaio,Università degli Studi di Pisa
09_PISA PREF E PROV.txt,Comune di Monteverdi Marittimo,Comune di Montopoli Valdarno
09_PISA PREF E PROV.txt,Comune di Monteverdi Marittimo,Comune di Orciano Pisano
09_PISA PREF E PROV.txt,Comune di Monteverdi Marittimo,Comune di Palaia
09_PISA PREF E PROV.txt,Comune di Monteverdi Marittimo,Comune di Peccioli
09_PISA PREF E PROV.txt,Comune di Monteverdi Marittimo,Comune di Pisa
09_PISA PREF E PROV.txt,Comune di Monteverdi Marittimo,Comune di Pomarance
09_PISA PREF E PROV.txt,Comune di Monteverdi Marittimo,Comune di Ponsacco
09_PISA PREF E PROV.txt,Comune di Monteverdi Marittimo,Comune di Pontedera
09_PISA PREF E PROV.txt,Comune di Monteverdi Marittimo,Comune di Riparbella
09_PISA PREF E PROV.txt,Comune di Monteverdi Marittimo,Comune di San Giuliano Terme
09_PISA PREF E PROV.txt,Comune di Monteverdi Marittimo,Comune di San Miniato
09_PISA PREF E PROV.txt,Comune di Monteverdi Marittimo,Comune di Santa Croce sull'Arno
09_PISA PREF E PROV.txt,Comune di Monteverdi Marittimo,Comune di Santa Luce
09_PISA PREF E PROV.txt,Comune di Monteverdi Marittimo,Comune di Santa Maria a Monte
09_PISA PREF E PROV.txt,Comune di Monteverdi Marittimo,Comune di Terricciola
09_PISA PREF E PROV.txt,Comune di Monteverdi Marittimo,Comune di Vecchiano
09_PISA PREF E PROV.txt,Comune di Monteverdi Marittimo,Comune di Vicopisano
09_PISA PREF E PROV.txt,Comune di Monteverdi Marittimo,Comune di Volterra
09_PISA PREF E PROV.txt,Comune di Monteverdi Marittimo,Consigliera di Parità della Provincia di Pisa
09_PISA PREF E PROV.txt,Comune di Monteverdi Marittimo,Magistratura di Sorveglianza
09_PISA PREF E PROV.txt,Comune di Monteverdi Marittimo,Nuovo Maschile. Uomini liberi dalla violenza
09_PISA PREF E PROV.txt,Comune di Monteverdi Marittimo,Prefettura di Pisa
09_PISA PREF E PROV.txt,Comune di Monteverdi Marittimo,Procura della Repubblica presso il Tribunale
09_PISA PREF E PROV.txt,Comune di Monteverdi Marittimo,Procura della Repubblica presso il Tribunale per i Minorenni
09_PISA PREF E PROV.txt,Comune di Monteverdi Marittimo,Provincia di Pisa
09_PISA PREF E PROV.txt,Comune di Monteverdi Marittimo,Società della Salute Zona Alta Valdicecina-Valdera
09_PISA PREF E PROV.txt,Comune di Monteverdi Marittimo,Società della Salute Zona Empolese Valdarno Valdelsa
09_PISA PREF E PROV.txt,Comune di Monteverdi Marittimo,Società della Salute Zona Pisana
09_PISA PREF E PROV.txt,Comune di Monteverdi Marittimo,Tribunale di Pisa
09_PISA PREF E PROV.txt,Comune di Monteverdi Marittimo,Ufficio Scolastico Regionale della Toscana Ambito Territoriale della provincia di Pisa
09_PISA PREF E PROV.txt,Comune di Monteverdi Marittimo,Università degli Studi di Pisa
09_PISA PREF E PROV.txt,Comune di Montopoli Valdarno,Comune di Orciano Pisano
09_PISA PREF E PROV.txt,Comune di Montopoli Valdarno,Comune di Palaia
09_PISA PREF E PROV.txt,Comune di Montopoli Valdarno,Comune di Peccioli
09_PISA PREF E PROV.txt,Comune di Montopoli Valdarno,Comune di Pisa
09_PISA PREF E PROV.txt,Comune di Montopoli Valdarno,Comune di Pomarance
09_PISA PREF E PROV.txt,Comune di Montopoli Valdarno,Comune di Ponsacco
09_PISA PREF E PROV.txt,Comune di Montopoli Valdarno,Comune di Pontedera
09_PISA PREF E PROV.txt,Comune di Montopoli Valdarno,Comune di Riparbella
09_PISA PREF E PROV.txt,Comune di Montopoli Valdarno,Comune di San Giuliano Terme
09_PISA PREF E PROV.txt,Comune di Montopoli Valdarno,Comune di San Miniato
09_PISA PREF E PROV.txt,Comune di Montopoli Valdarno,Comune di Santa Croce sull'Arno
09_PISA PREF E PROV.txt,Comune di Montopoli Valdarno,Comune di Santa Luce
09_PISA PREF E PROV.txt,Comune di Montopoli Valdarno,Comune di Santa Maria a Monte
09_PISA PREF E PROV.txt,Comune di Montopoli Valdarno,Comune di Terricciola
09_PISA PREF E PROV.txt,Comune di Montopoli Valdarno,Comune di Vecchiano
09_PISA PREF E PROV.txt,Comune di Montopoli Valdarno,Comune di Vicopisano
09_PISA PREF E PROV.txt,Comune di Montopoli Valdarno,Comune di Volterra
09_PISA PREF E PROV.txt,Comune di Montopoli Valdarno,Consigliera di Parità della Provincia di Pisa
09_PISA PREF E PROV.txt,Comune di Montopoli Valdarno,Magistratura di Sorveglianza
09_PISA PREF E PROV.txt,Comune di Montopoli Valdarno,Nuovo Maschile. Uomini liberi dalla violenza
09_PISA PREF E PROV.txt,Comune di Montopoli Valdarno,Prefettura di Pisa
09_PISA PREF E PROV.txt,Comune di Montopoli Valdarno,Procura della Repubblica presso il Tribunale
09_PISA PREF E PROV.txt,Comune di Montopoli Valdarno,Procura della Repubblica presso il Tribunale per i Minorenni
09_PISA PREF E PROV.txt,Comune di Montopoli Valdarno,Provincia di Pisa
09_PISA PREF E PROV.txt,Comune di Montopoli Valdarno,Società della Salute Zona Alta Valdicecina-Valdera
09_PISA PREF E PROV.txt,Comune di Montopoli Valdarno,Società della Salute Zona Empolese Valdarno Valdelsa
09_PISA PREF E PROV.txt,Comune di Montopoli Valdarno,Società della Salute Zona Pisana
09_PISA PREF E PROV.txt,Comune di Montopoli Valdarno,Tribunale di Pisa
09_PISA PREF E PROV.txt,Comune di Montopoli Valdarno,Ufficio Scolastico Regionale della Toscana Ambito Territoriale della provincia di Pisa
09_PISA PREF E PROV.txt,Comune di Montopoli Valdarno,Università degli Studi di Pisa
09_PISA PREF E PROV.txt,Comune di Orciano Pisano,Comune di Palaia
09_PISA PREF E PROV.txt,Comune di Orciano Pisano,Comune di Peccioli
09_PISA PREF E PROV.txt,Comune di Orciano Pisano,Comune di Pisa
09_PISA PREF E PROV.txt,Comune di Orciano Pisano,Comune di Pomarance
09_PISA PREF E PROV.txt,Comune di Orciano Pisano,Comune di Ponsacco
09_PISA PREF E PROV.txt,Comune di Orciano Pisano,Comune di Pontedera
09_PISA PREF E PROV.txt,Comune di Orciano Pisano,Comune di Riparbella
09_PISA PREF E PROV.txt,Comune di Orciano Pisano,Comune di San Giuliano Terme
09_PISA PREF E PROV.txt,Comune di Orciano Pisano,Comune di San Miniato
09_PISA PREF E PROV.txt,Comune di Orciano Pisano,Comune di Santa Croce sull'Arno
09_PISA PREF E PROV.txt,Comune di Orciano Pisano,Comune di Santa Luce
09_PISA PREF E PROV.txt,Comune di Orciano Pisano,Comune di Santa Maria a Monte
09_PISA PREF E PROV.txt,Comune di Orciano Pisano,Comune di Terricciola
09_PISA PREF E PROV.txt,Comune di Orciano Pisano,Comune di Vecchiano
09_PISA PREF E PROV.txt,Comune di Orciano Pisano,Comune di Vicopisano
09_PISA PREF E PROV.txt,Comune di Orciano Pisano,Comune di Volterra
09_PISA PREF E PROV.txt,Comune di Orciano Pisano,Consigliera di Parità della Provincia di Pisa
09_PISA PREF E PROV.txt,Comune di Orciano Pisano,Magistratura di Sorveglianza
09_PISA PREF E PROV.txt,Comune di Orciano Pisano,Nuovo Maschile. Uomini liberi dalla violenza
09_PISA PREF E PROV.txt,Comune di Orciano Pisano,Prefettura di Pisa
09_PISA PREF E PROV.txt,Comune di Orciano Pisano,Procura della Repubblica presso il Tribunale
09_PISA PREF E PROV.txt,Comune di Orciano Pisano,Procura della Repubblica presso il Tribunale per i Minorenni
09_PISA PREF E PROV.txt,Comune di Orciano Pisano,Provincia di Pisa
09_PISA PREF E PROV.txt,Comune di Orciano Pisano,Società della Salute Zona Alta Valdicecina-Valdera
09_PISA PREF E PROV.txt,Comune di Orciano Pisano,Società della Salute Zona Empolese Valdarno Valdelsa
09_PISA PREF E PROV.txt,Comune di Orciano Pisano,Società della Salute Zona Pisana
09_PISA PREF E PROV.txt,Comune di Orciano Pisano,Tribunale di Pisa
09_PISA PREF E PROV.txt,Comune di Orciano Pisano,Ufficio Scolastico Regionale della Toscana Ambito Territoriale della provincia di Pisa
09_PISA PREF E PROV.txt,Comune di Orciano Pisano,Università degli Studi di Pisa
09_PISA PREF E PROV.txt,Comune di Palaia,Comune di Peccioli
09_PISA PREF E PROV.txt,Comune di Palaia,Comune di Pisa
09_PISA PREF E PROV.txt,Comune di Palaia,Comune di Pomarance
09_PISA PREF E PROV.txt,Comune di Palaia,Comune di Ponsacco
09_PISA PREF E PROV.txt,Comune di Palaia,Comune di Pontedera
09_PISA PREF E PROV.txt,Comune di Palaia,Comune di Riparbella
09_PISA PREF E PROV.txt,Comune di Palaia,Comune di San Giuliano Terme
09_PISA PREF E PROV.txt,Comune di Palaia,Comune di San Miniato
09_PISA PREF E PROV.txt,Comune di Palaia,Comune di Santa Croce sull'Arno
09_PISA PREF E PROV.txt,Comune di Palaia,Comune di Santa Luce
09_PISA PREF E PROV.txt,Comune di Palaia,Comune di Santa Maria a Monte
09_PISA PREF E PROV.txt,Comune di Palaia,Comune di Terricciola
09_PISA PREF E PROV.txt,Comune di Palaia,Comune di Vecchiano
09_PISA PREF E PROV.txt,Comune di Palaia,Comune di Vicopisano
09_PISA PREF E PROV.txt,Comune di Palaia,Comune di Volterra
09_PISA PREF E PROV.txt,Comune di Palaia,Consigliera di Parità della Provincia di Pisa
09_PISA PREF E PROV.txt,Comune di Palaia,Magistratura di Sorveglianza
09_PISA PREF E PROV.txt,Comune di Palaia,Nuovo Maschile. Uomini liberi dalla violenza
09_PISA PREF E PROV.txt,Comune di Palaia,Prefettura di Pisa
09_PISA PREF E PROV.txt,Comune di Palaia,Procura della Repubblica presso il Tribunale
09_PISA PREF E PROV.txt,Comune di Palaia,Procura della Repubblica presso il Tribunale per i Minorenni
09_PISA PREF E PROV.txt,Comune di Palaia,Provincia di Pisa
09_PISA PREF E PROV.txt,Comune di Palaia,Società della Salute Zona Alta Valdicecina-Valdera
09_PISA PREF E PROV.txt,Comune di Palaia,Società della Salute Zona Empolese Valdarno Valdelsa
09_PISA PREF E PROV.txt,Comune di Palaia,Società della Salute Zona Pisana
09_PISA PREF E PROV.txt,Comune di Palaia,Tribunale di Pisa
09_PISA PREF E PROV.txt,Comune di Palaia,Ufficio Scolastico Regionale della Toscana Ambito Territoriale della provincia di Pisa
09_PISA PREF E PROV.txt,Comune di Palaia,Università degli Studi di Pisa
09_PISA PREF E PROV.txt,Comune di Peccioli,Comune di Pisa
09_PISA PREF E PROV.txt,Comune di Peccioli,Comune di Pomarance
09_PISA PREF E PROV.txt,Comune di Peccioli,Comune di Ponsacco
09_PISA PREF E PROV.txt,Comune di Peccioli,Comune di Pontedera
09_PISA PREF E PROV.txt,Comune di Peccioli,Comune di Riparbella
09_PISA PREF E PROV.txt,Comune di Peccioli,Comune di San Giuliano Terme
09_PISA PREF E PROV.txt,Comune di Peccioli,Comune di San Miniato
09_PISA PREF E PROV.txt,Comune di Peccioli,Comune di Santa Croce sull'Arno
09_PISA PREF E PROV.txt,Comune di Peccioli,Comune di Santa Luce
09_PISA PREF E PROV.txt,Comune di Peccioli,Comune di Santa Maria a Monte
09_PISA PREF E PROV.txt,Comune di Peccioli,Comune di Terricciola
09_PISA PREF E PROV.txt,Comune di Peccioli,Comune di Vecchiano
09_PISA PREF E PROV.txt,Comune di Peccioli,Comune di Vicopisano
09_PISA PREF E PROV.txt,Comune di Peccioli,Comune di Volterra
09_PISA PREF E PROV.txt,Comune di Peccioli,Consigliera di Parità della Provincia di Pisa
09_PISA PREF E PROV.txt,Comune di Peccioli,Magistratura di Sorveglianza
09_PISA PREF E PROV.txt,Comune di Peccioli,Nuovo Maschile. Uomini liberi dalla violenza
09_PISA PREF E PROV.txt,Comune di Peccioli,Prefettura di Pisa
09_PISA PREF E PROV.txt,Comune di Peccioli,Procura della Repubblica presso il Tribunale
09_PISA PREF E PROV.txt,Comune di Peccioli,Procura della Repubblica presso il Tribunale per i Minorenni
09_PISA PREF E PROV.txt,Comune di Peccioli,Provincia di Pisa
09_PISA PREF E PROV.txt,Comune di Peccioli,Società della Salute Zona Alta Valdicecina-Valdera
09_PISA PREF E PROV.txt,Comune di Peccioli,Società della Salute Zona Empolese Valdarno Valdelsa
09_PISA PREF E PROV.txt,Comune di Peccioli,Società della Salute Zona Pisana
09_PISA PREF E PROV.txt,Comune di Peccioli,Tribunale di Pisa
09_PISA PREF E PROV.txt,Comune di Peccioli,Ufficio Scolastico Regionale della Toscana Ambito Territoriale della provincia di Pisa
09_PISA PREF E PROV.txt,Comune di Peccioli,Università degli Studi di Pisa
09_PISA PREF E PROV.txt,Comune di Pisa,Comune di Pomarance
09_PISA PREF E PROV.txt,Comune di Pisa,Comune di Ponsacco
09_PISA PREF E PROV.txt,Comune di Pisa,Comune di Pontedera
09_PISA PREF E PROV.txt,Comune di Pisa,Comune di Riparbella
09_PISA PREF E PROV.txt,Comune di Pisa,Comune di San Giuliano Terme
09_PISA PREF E PROV.txt,Comune di Pisa,Comune di San Miniato
09_PISA PREF E PROV.txt,Comune di Pisa,Comune di Santa Croce sull'Arno
09_PISA PREF E PROV.txt,Comune di Pisa,Comune di Santa Luce
09_PISA PREF E PROV.txt,Comune di Pisa,Comune di Santa Maria a Monte
09_PISA PREF E PROV.txt,Comune di Pisa,Comune di Terricciola
09_PISA PREF E PROV.txt,Comune di Pisa,Comune di Vecchiano
09_PISA PREF E PROV.txt,Comune di Pisa,Comune di Vicopisano
09_PISA PREF E PROV.txt,Comune di Pisa,Comune di Volterra
09_PISA PREF E PROV.txt,Comune di Pisa,Consigliera di Parità della Provincia di Pisa
09_PISA PREF E PROV.txt,Comune di Pisa,Magistratura di Sorveglianza
09_PISA PREF E PROV.txt,Comune di Pisa,Nuovo Maschile. Uomini liberi dalla violenza
09_PISA PREF E PROV.txt,Comune di Pisa,Prefettura di Pisa
09_PISA PREF E PROV.txt,Comune di Pisa,Procura della Repubblica presso il Tribunale
09_PISA PREF E PROV.txt,Comune di Pisa,Procura della Repubblica presso il Tribunale per i Minorenni
09_PISA PREF E PROV.txt,Comune di Pisa,Provincia di Pisa
09_PISA PREF E PROV.txt,Comune di Pisa,Società della Salute Zona Alta Valdicecina-Valdera
09_PISA PREF E PROV.txt,Comune di Pisa,Società della Salute Zona Empolese Valdarno Valdelsa
09_PISA PREF E PROV.txt,Comune di Pisa,Società della Salute Zona Pisana
09_PISA PREF E PROV.txt,Comune di Pisa,Tribunale di Pisa
09_PISA PREF E PROV.txt,Comune di Pisa,Ufficio Scolastico Regionale della Toscana Ambito Territoriale della provincia di Pisa
09_PISA PREF E PROV.txt,Comune di Pisa,Università degli Studi di Pisa
09_PISA PREF E PROV.txt,Comune di Pomarance,Comune di Ponsacco
09_PISA PREF E PROV.txt,Comune di Pomarance,Comune di Pontedera
09_PISA PREF E PROV.txt,Comune di Pomarance,Comune di Riparbella
09_PISA PREF E PROV.txt,Comune di Pomarance,Comune di San Giuliano Terme
09_PISA PREF E PROV.txt,Comune di Pomarance,Comune di San Miniato
09_PISA PREF E PROV.txt,Comune di Pomarance,Comune di Santa Croce sull'Arno
09_PISA PREF E PROV.txt,Comune di Pomarance,Comune di Santa Luce
09_PISA PREF E PROV.txt,Comune di Pomarance,Comune di Santa Maria a Monte
09_PISA PREF E PROV.txt,Comune di Pomarance,Comune di Terricciola
09_PISA PREF E PROV.txt,Comune di Pomarance,Comune di Vecchiano
09_PISA PREF E PROV.txt,Comune di Pomarance,Comune di Vicopisano
09_PISA PREF E PROV.txt,Comune di Pomarance,Comune di Volterra
09_PISA PREF E PROV.txt,Comune di Pomarance,Consigliera di Parità della Provincia di Pisa
09_PISA PREF E PROV.txt,Comune di Pomarance,Magistratura di Sorveglianza
09_PISA PREF E PROV.txt,Comune di Pomarance,Nuovo Maschile. Uomini liberi dalla violenza
09_PISA PREF E PROV.txt,Comune di Pomarance,Prefettura di Pisa
09_PISA PREF E PROV.txt,Comune di Pomarance,Procura della Repubblica presso il Tribunale
09_PISA PREF E PROV.txt,Comune di Pomarance,Procura della Repubblica presso il Tribunale per i Minorenni
09_PISA PREF E PROV.txt,Comune di Pomarance,Provincia di Pisa
09_PISA PREF E PROV.txt,Comune di Pomarance,Società della Salute Zona Alta Valdicecina-Valdera
09_PISA PREF E PROV.txt,Comune di Pomarance,Società della Salute Zona Empolese Valdarno Valdelsa
09_PISA PREF E PROV.txt,Comune di Pomarance,Società della Salute Zona Pisana
09_PISA PREF E PROV.txt,Comune di Pomarance,Tribunale di Pisa
09_PISA PREF E PROV.txt,Comune di Pomarance,Ufficio Scolastico Regionale della Toscana Ambito Territoriale della provincia di Pisa
09_PISA PREF E PROV.txt,Comune di Pomarance,Università degli Studi di Pisa
09_PISA PREF E PROV.txt,Comune di Ponsacco,Comune di Pontedera
09_PISA PREF E PROV.txt,Comune di Ponsacco,Comune di Riparbella
09_PISA PREF E PROV.txt,Comune di Ponsacco,Comune di San Giuliano Terme
09_PISA PREF E PROV.txt,Comune di Ponsacco,Comune di San Miniato
09_PISA PREF E PROV.txt,Comune di Ponsacco,Comune di Santa Croce sull'Arno
09_PISA PREF E PROV.txt,Comune di Ponsacco,Comune di Santa Luce
09_PISA PREF E PROV.txt,Comune di Ponsacco,Comune di Santa Maria a Monte
09_PISA PREF E PROV.txt,Comune di Ponsacco,Comune di Terricciola
09_PISA PREF E PROV.txt,Comune di Ponsacco,Comune di Vecchiano
09_PISA PREF E PROV.txt,Comune di Ponsacco,Comune di Vicopisano
09_PISA PREF E PROV.txt,Comune di Ponsacco,Comune di Volterra
09_PISA PREF E PROV.txt,Comune di Ponsacco,Consigliera di Parità della Provincia di Pisa
09_PISA PREF E PROV.txt,Comune di Ponsacco,Magistratura di Sorveglianza
09_PISA PREF E PROV.txt,Comune di Ponsacco,Nuovo Maschile. Uomini liberi dalla violenza
09_PISA PREF E PROV.txt,Comune di Ponsacco,Prefettura di Pisa
09_PISA PREF E PROV.txt,Comune di Ponsacco,Procura della Repubblica presso il Tribunale
09_PISA PREF E PROV.txt,Comune di Ponsacco,Procura della Repubblica presso il Tribunale per i Minorenni
09_PISA PREF E PROV.txt,Comune di Ponsacco,Provincia di Pisa
09_PISA PREF E PROV.txt,Comune di Ponsacco,Società della Salute Zona Alta Valdicecina-Valdera
09_PISA PREF E PROV.txt,Comune di Ponsacco,Società della Salute Zona Empolese Valdarno Valdelsa
09_PISA PREF E PROV.txt,Comune di Ponsacco,Società della Salute Zona Pisana
09_PISA PREF E PROV.txt,Comune di Ponsacco,Tribunale di Pisa
09_PISA PREF E PROV.txt,Comune di Ponsacco,Ufficio Scolastico Regionale della Toscana Ambito Territoriale della provincia di Pisa
09_PISA PREF E PROV.txt,Comune di Ponsacco,Università degli Studi di Pisa
09_PISA PREF E PROV.txt,Comune di Pontedera,Comune di Riparbella
09_PISA PREF E PROV.txt,Comune di Pontedera,Comune di San Giuliano Terme
09_PISA PREF E PROV.txt,Comune di Pontedera,Comune di San Miniato
09_PISA PREF E PROV.txt,Comune di Pontedera,Comune di Santa Croce sull'Arno
09_PISA PREF E PROV.txt,Comune di Pontedera,Comune di Santa Luce
09_PISA PREF E PROV.txt,Comune di Pontedera,Comune di Santa Maria a Monte
09_PISA PREF E PROV.txt,Comune di Pontedera,Comune di Terricciola
09_PISA PREF E PROV.txt,Comune di Pontedera,Comune di Vecchiano
09_PISA PREF E PROV.txt,Comune di Pontedera,Comune di Vicopisano
09_PISA PREF E PROV.txt,Comune di Pontedera,Comune di Volterra
09_PISA PREF E PROV.txt,Comune di Pontedera,Consigliera di Parità della Provincia di Pisa
09_PISA PREF E PROV.txt,Comune di Pontedera,Magistratura di Sorveglianza
09_PISA PREF E PROV.txt,Comune di Pontedera,Nuovo Maschile. Uomini liberi dalla violenza
09_PISA PREF E PROV.txt,Comune di Pontedera,Prefettura di Pisa
09_PISA PREF E PROV.txt,Comune di Pontedera,Procura della Repubblica presso il Tribunale
09_PISA PREF E PROV.txt,Comune di Pontedera,Procura della Repubblica presso il Tribunale per i Minorenni
09_PISA PREF E PROV.txt,Comune di Pontedera,Provincia di Pisa
09_PISA PREF E PROV.txt,Comune di Pontedera,Società della Salute Zona Alta Valdicecina-Valdera
09_PISA PREF E PROV.txt,Comune di Pontedera,Società della Salute Zona Empolese Valdarno Valdelsa
09_PISA PREF E PROV.txt,Comune di Pontedera,Società della Salute Zona Pisana
09_PISA PREF E PROV.txt,Comune di Pontedera,Tribunale di Pisa
09_PISA PREF E PROV.txt,Comune di Pontedera,Ufficio Scolastico Regionale della Toscana Ambito Territoriale della provincia di Pisa
09_PISA PREF E PROV.txt,Comune di Pontedera,Università degli Studi di Pisa
09_PISA PREF E PROV.txt,Comune di Riparbella,Comune di San Giuliano Terme
09_PISA PREF E PROV.txt,Comune di Riparbella,Comune di San Miniato
09_PISA PREF E PROV.txt,Comune di Riparbella,Comune di Santa Croce sull'Arno
09_PISA PREF E PROV.txt,Comune di Riparbella,Comune di Santa Luce
09_PISA PREF E PROV.txt,Comune di Riparbella,Comune di Santa Maria a Monte
09_PISA PREF E PROV.txt,Comune di Riparbella,Comune di Terricciola
09_PISA PREF E PROV.txt,Comune di Riparbella,Comune di Vecchiano
09_PISA PREF E PROV.txt,Comune di Riparbella,Comune di Vicopisano
09_PISA PREF E PROV.txt,Comune di Riparbella,Comune di Volterra
09_PISA PREF E PROV.txt,Comune di Riparbella,Consigliera di Parità della Provincia di Pisa
09_PISA PREF E PROV.txt,Comune di Riparbella,Magistratura di Sorveglianza
09_PISA PREF E PROV.txt,Comune di Riparbella,Nuovo Maschile. Uomini liberi dalla violenza
09_PISA PREF E PROV.txt,Comune di Riparbella,Prefettura di Pisa
09_PISA PREF E PROV.txt,Comune di Riparbella,Procura della Repubblica presso il Tribunale
09_PISA PREF E PROV.txt,Comune di Riparbella,Procura della Repubblica presso il Tribunale per i Minorenni
09_PISA PREF E PROV.txt,Comune di Riparbella,Provincia di Pisa
09_PISA PREF E PROV.txt,Comune di Riparbella,Società della Salute Zona Alta Valdicecina-Valdera
09_PISA PREF E PROV.txt,Comune di Riparbella,Società della Salute Zona Empolese Valdarno Valdelsa
09_PISA PREF E PROV.txt,Comune di Riparbella,Società della Salute Zona Pisana
09_PISA PREF E PROV.txt,Comune di Riparbella,Tribunale di Pisa
09_PISA PREF E PROV.txt,Comune di Riparbella,Ufficio Scolastico Regionale della Toscana Ambito Territoriale della provincia di Pisa
09_PISA PREF E PROV.txt,Comune di Riparbella,Università degli Studi di Pisa
09_PISA PREF E PROV.txt,Comune di San Giuliano Terme,Comune di San Miniato
09_PISA PREF E PROV.txt,Comune di San Giuliano Terme,Comune di Santa Croce sull'Arno
09_PISA PREF E PROV.txt,Comune di San Giuliano Terme,Comune di Santa Luce
09_PISA PREF E PROV.txt,Comune di San Giuliano Terme,Comune di Santa Maria a Monte
09_PISA PREF E PROV.txt,Comune di San Giuliano Terme,Comune di Terricciola
09_PISA PREF E PROV.txt,Comune di San Giuliano Terme,Comune di Vecchiano
09_PISA PREF E PROV.txt,Comune di San Giuliano Terme,Comune di Vicopisano
09_PISA PREF E PROV.txt,Comune di San Giuliano Terme,Comune di Volterra
09_PISA PREF E PROV.txt,Comune di San Giuliano Terme,Consigliera di Parità della Provincia di Pisa
09_PISA PREF E PROV.txt,Comune di San Giuliano Terme,Magistratura di Sorveglianza
09_PISA PREF E PROV.txt,Comune di San Giuliano Terme,Nuovo Maschile. Uomini liberi dalla violenza
09_PISA PREF E PROV.txt,Comune di San Giuliano Terme,Prefettura di Pisa
09_PISA PREF E PROV.txt,Comune di San Giuliano Terme,Procura della Repubblica presso il Tribunale
09_PISA PREF E PROV.txt,Comune di San Giuliano Terme,Procura della Repubblica presso il Tribunale per i Minorenni
09_PISA PREF E PROV.txt,Comune di San Giuliano Terme,Provincia di Pisa
09_PISA PREF E PROV.txt,Comune di San Giuliano Terme,Società della Salute Zona Alta Valdicecina-Valdera
09_PISA PREF E PROV.txt,Comune di San Giuliano Terme,Società della Salute Zona Empolese Valdarno Valdelsa
09_PISA PREF E PROV.txt,Comune di San Giuliano Terme,Società della Salute Zona Pisana
09_PISA PREF E PROV.txt,Comune di San Giuliano Terme,Tribunale di Pisa
09_PISA PREF E PROV.txt,Comune di San Giuliano Terme,Ufficio Scolastico Regionale della Toscana Ambito Territoriale della provincia di Pisa
09_PISA PREF E PROV.txt,Comune di San Giuliano Terme,Università degli Studi di Pisa
09_PISA PREF E PROV.txt,Comune di San Miniato,Comune di Santa Croce sull'Arno
09_PISA PREF E PROV.txt,Comune di San Miniato,Comune di Santa Luce
09_PISA PREF E PROV.txt,Comune di San Miniato,Comune di Santa Maria a Monte
09_PISA PREF E PROV.txt,Comune di San Miniato,Comune di Terricciola
09_PISA PREF E PROV.txt,Comune di San Miniato,Comune di Vecchiano
09_PISA PREF E PROV.txt,Comune di San Miniato,Comune di Vicopisano
09_PISA PREF E PROV.txt,Comune di San Miniato,Comune di Volterra
09_PISA PREF E PROV.txt,Comune di San Miniato,Consigliera di Parità della Provincia di Pisa
09_PISA PREF E PROV.txt,Comune di San Miniato,Magistratura di Sorveglianza
09_PISA PREF E PROV.txt,Comune di San Miniato,Nuovo Maschile. Uomini liberi dalla violenza
09_PISA PREF E PROV.txt,Comune di San Miniato,Prefettura di Pisa
09_PISA PREF E PROV.txt,Comune di San Miniato,Procura della Repubblica presso il Tribunale
09_PISA PREF E PROV.txt,Comune di San Miniato,Procura della Repubblica presso il Tribunale per i Minorenni
09_PISA PREF E PROV.txt,Comune di San Miniato,Provincia di Pisa
09_PISA PREF E PROV.txt,Comune di San Miniato,Società della Salute Zona Alta Valdicecina-Valdera
09_PISA PREF E PROV.txt,Comune di San Miniato,Società della Salute Zona Empolese Valdarno Valdelsa
09_PISA PREF E PROV.txt,Comune di San Miniato,Società della Salute Zona Pisana
09_PISA PREF E PROV.txt,Comune di San Miniato,Tribunale di Pisa
09_PISA PREF E PROV.txt,Comune di San Miniato,Ufficio Scolastico Regionale della Toscana Ambito Territoriale della provincia di Pisa
09_PISA PREF E PROV.txt,Comune di San Miniato,Università degli Studi di Pisa
09_PISA PREF E PROV.txt,Comune di Santa Croce sull'Arno,Comune di Santa Luce
09_PISA PREF E PROV.txt,Comune di Santa Croce sull'Arno,Comune di Santa Maria a Monte
09_PISA PREF E PROV.txt,Comune di Santa Croce sull'Arno,Comune di Terricciola
09_PISA PREF E PROV.txt,Comune di Santa Croce sull'Arno,Comune di Vecchiano
09_PISA PREF E PROV.txt,Comune di Santa Croce sull'Arno,Comune di Vicopisano
09_PISA PREF E PROV.txt,Comune di Santa Croce sull'Arno,Comune di Volterra
09_PISA PREF E PROV.txt,Comune di Santa Croce sull'Arno,Consigliera di Parità della Provincia di Pisa
09_PISA PREF E PROV.txt,Comune di Santa Croce sull'Arno,Magistratura di Sorveglianza
09_PISA PREF E PROV.txt,Comune di Santa Croce sull'Arno,Nuovo Maschile. Uomini liberi dalla violenza
09_PISA PREF E PROV.txt,Comune di Santa Croce sull'Arno,Prefettura di Pisa
09_PISA PREF E PROV.txt,Comune di Santa Croce sull'Arno,Procura della Repubblica presso il Tribunale
09_PISA PREF E PROV.txt,Comune di Santa Croce sull'Arno,Procura della Repubblica presso il Tribunale per i Minorenni
09_PISA PREF E PROV.txt,Comune di Santa Croce sull'Arno,Provincia di Pisa
09_PISA PREF E PROV.txt,Comune di Santa Croce sull'Arno,Società della Salute Zona Alta Valdicecina-Valdera
09_PISA PREF E PROV.txt,Comune di Santa Croce sull'Arno,Società della Salute Zona Empolese Valdarno Valdelsa
09_PISA PREF E PROV.txt,Comune di Santa Croce sull'Arno,Società della Salute Zona Pisana
09_PISA PREF E PROV.txt,Comune di Santa Croce sull'Arno,Tribunale di Pisa
09_PISA PREF E PROV.txt,Comune di Santa Croce sull'Arno,Ufficio Scolastico Regionale della Toscana Ambito Territoriale della provincia di Pisa
09_PISA PREF E PROV.txt,Comune di Santa Croce sull'Arno,Università degli Studi di Pisa
09_PISA PREF E PROV.txt,Comune di Santa Luce,Comune di Santa Maria a Monte
09_PISA PREF E PROV.txt,Comune di Santa Luce,Comune di Terricciola
09_PISA PREF E PROV.txt,Comune di Santa Luce,Comune di Vecchiano
09_PISA PREF E PROV.txt,Comune di Santa Luce,Comune di Vicopisano
09_PISA PREF E PROV.txt,Comune di Santa Luce,Comune di Volterra
09_PISA PREF E PROV.txt,Comune di Santa Luce,Consigliera di Parità della Provincia di Pisa
09_PISA PREF E PROV.txt,Comune di Santa Luce,Magistratura di Sorveglianza
09_PISA PREF E PROV.txt,Comune di Santa Luce,Nuovo Maschile. Uomini liberi dalla violenza
09_PISA PREF E PROV.txt,Comune di Santa Luce,Prefettura di Pisa
09_PISA PREF E PROV.txt,Comune di Santa Luce,Procura della Repubblica presso il Tribunale
09_PISA PREF E PROV.txt,Comune di Santa Luce,Procura della Repubblica presso il Tribunale per i Minorenni
09_PISA PREF E PROV.txt,Comune di Santa Luce,Provincia di Pisa
09_PISA PREF E PROV.txt,Comune di Santa Luce,Società della Salute Zona Alta Valdicecina-Valdera
09_PISA PREF E PROV.txt,Comune di Santa Luce,Società della Salute Zona Empolese Valdarno Valdelsa
09_PISA PREF E PROV.txt,Comune di Santa Luce,Società della Salute Zona Pisana
09_PISA PREF E PROV.txt,Comune di Santa Luce,Tribunale di Pisa
09_PISA PREF E PROV.txt,Comune di Santa Luce,Ufficio Scolastico Regionale della Toscana Ambito Territoriale della provincia di Pisa
09_PISA PREF E PROV.txt,Comune di Santa Luce,Università degli Studi di Pisa
09_PISA PREF E PROV.txt,Comune di Santa Maria a Monte,Comune di Terricciola
09_PISA PREF E PROV.txt,Comune di Santa Maria a Monte,Comune di Vecchiano
09_PISA PREF E PROV.txt,Comune di Santa Maria a Monte,Comune di Vicopisano
09_PISA PREF E PROV.txt,Comune di Santa Maria a Monte,Comune di Volterra
09_PISA PREF E PROV.txt,Comune di Santa Maria a Monte,Consigliera di Parità della Provincia di Pisa
09_PISA PREF E PROV.txt,Comune di Santa Maria a Monte,Magistratura di Sorveglianza
09_PISA PREF E PROV.txt,Comune di Santa Maria a Monte,Nuovo Maschile. Uomini liberi dalla violenza
09_PISA PREF E PROV.txt,Comune di Santa Maria a Monte,Prefettura di Pisa
09_PISA PREF E PROV.txt,Comune di Santa Maria a Monte,Procura della Repubblica presso il Tribunale
09_PISA PREF E PROV.txt,Comune di Santa Maria a Monte,Procura della Repubblica presso il Tribunale per i Minorenni
09_PISA PREF E PROV.txt,Comune di Santa Maria a Monte,Provincia di Pisa
09_PISA PREF E PROV.txt,Comune di Santa Maria a Monte,Società della Salute Zona Alta Valdicecina-Valdera
09_PISA PREF E PROV.txt,Comune di Santa Maria a Monte,Società della Salute Zona Empolese Valdarno Valdelsa
09_PISA PREF E PROV.txt,Comune di Santa Maria a Monte,Società della Salute Zona Pisana
09_PISA PREF E PROV.txt,Comune di Santa Maria a Monte,Tribunale di Pisa
09_PISA PREF E PROV.txt,Comune di Santa Maria a Monte,Ufficio Scolastico Regionale della Toscana Ambito Territoriale della provincia di Pisa
09_PISA PREF E PROV.txt,Comune di Santa Maria a Monte,Università degli Studi di Pisa
09_PISA PREF E PROV.txt,Comune di Terricciola,Comune di Vecchiano
09_PISA PREF E PROV.txt,Comune di Terricciola,Comune di Vicopisano
09_PISA PREF E PROV.txt,Comune di Terricciola,Comune di Volterra
09_PISA PREF E PROV.txt,Comune di Terricciola,Consigliera di Parità della Provincia di Pisa
09_PISA PREF E PROV.txt,Comune di Terricciola,Magistratura di Sorveglianza
09_PISA PREF E PROV.txt,Comune di Terricciola,Nuovo Maschile. Uomini liberi dalla violenza
09_PISA PREF E PROV.txt,Comune di Terricciola,Prefettura di Pisa
09_PISA PREF E PROV.txt,Comune di Terricciola,Procura della Repubblica presso il Tribunale
09_PISA PREF E PROV.txt,Comune di Terricciola,Procura della Repubblica presso il Tribunale per i Minorenni
09_PISA PREF E PROV.txt,Comune di Terricciola,Provincia di Pisa
09_PISA PREF E PROV.txt,Comune di Terricciola,Società della Salute Zona Alta Valdicecina-Valdera
09_PISA PREF E PROV.txt,Comune di Terricciola,Società della Salute Zona Empolese Valdarno Valdelsa
09_PISA PREF E PROV.txt,Comune di Terricciola,Società della Salute Zona Pisana
09_PISA PREF E PROV.txt,Comune di Terricciola,Tribunale di Pisa
09_PISA PREF E PROV.txt,Comune di Terricciola,Ufficio Scolastico Regionale della Toscana Ambito Territoriale della provincia di Pisa
09_PISA PREF E PROV.txt,Comune di Terricciola,Università degli Studi di Pisa
09_PISA PREF E PROV.txt,Comune di Vecchiano,Comune di Vicopisano
09_PISA PREF E PROV.txt,Comune di Vecchiano,Comune di Volterra
09_PISA PREF E PROV.txt,Comune di Vecchiano,Consigliera di Parità della Provincia di Pisa
09_PISA PREF E PROV.txt,Comune di Vecchiano,Magistratura di Sorveglianza
09_PISA PREF E PROV.txt,Comune di Vecchiano,Nuovo Maschile. Uomini liberi dalla violenza
09_PISA PREF E PROV.txt,Comune di Vecchiano,Prefettura di Pisa
09_PISA PREF E PROV.txt,Comune di Vecchiano,Procura della Repubblica presso il Tribunale
09_PISA PREF E PROV.txt,Comune di Vecchiano,Procura della Repubblica presso il Tribunale per i Minorenni
09_PISA PREF E PROV.txt,Comune di Vecchiano,Provincia di Pisa
09_PISA PREF E PROV.txt,Comune di Vecchiano,Società della Salute Zona Alta Valdicecina-Valdera
09_PISA PREF E PROV.txt,Comune di Vecchiano,Società della Salute Zona Empolese Valdarno Valdelsa
09_PISA PREF E PROV.txt,Comune di Vecchiano,Società della Salute Zona Pisana
09_PISA PREF E PROV.txt,Comune di Vecchiano,Tribunale di Pisa
09_PISA PREF E PROV.txt,Comune di Vecchiano,Ufficio Scolastico Regionale della Toscana Ambito Territoriale della provincia di Pisa
09_PISA PREF E PROV.txt,Comune di Vecchiano,Università degli Studi di Pisa
09_PISA PREF E PROV.txt,Comune di Vicopisano,Comune di Volterra
09_PISA PREF E PROV.txt,Comune di Vicopisano,Consigliera di Parità della Provincia di Pisa
09_PISA PREF E PROV.txt,Comune di Vicopisano,Magistratura di Sorveglianza
09_PISA PREF E PROV.txt,Comune di Vicopisano,Nuovo Maschile. Uomini liberi dalla violenza
09_PISA PREF E PROV.txt,Comune di Vicopisano,Prefettura di Pisa
09_PISA PREF E PROV.txt,Comune di Vicopisano,Procura della Repubblica presso il Tribunale
09_PISA PREF E PROV.txt,Comune di Vicopisano,Procura della Repubblica presso il Tribunale per i Minorenni
09_PISA PREF E PROV.txt,Comune di Vicopisano,Provincia di Pisa
09_PISA PREF E PROV.txt,Comune di Vicopisano,Società della Salute Zona Alta Valdicecina-Valdera
09_PISA PREF E PROV.txt,Comune di Vicopisano,Società della Salute Zona Empolese Valdarno Valdelsa
09_PISA PREF E PROV.txt,Comune di Vicopisano,Società della Salute Zona Pisana
09_PISA PREF E PROV.txt,Comune di Vicopisano,Tribunale di Pisa
09_PISA PREF E PROV.txt,Comune di Vicopisano,Ufficio Scolastico Regionale della Toscana Ambito Territoriale della provincia di Pisa
09_PISA PREF E PROV.txt,Comune di Vicopisano,Università degli Studi di Pisa
09_PISA PREF E PROV.txt,Comune di Volterra,Consigliera di Parità della Provincia di Pisa
09_PISA PREF E PROV.txt,Comune di Volterra,Magistratura di Sorveglianza
09_PISA PREF E PROV.txt,Comune di Volterra,Nuovo Maschile. Uomini liberi dalla violenza
09_PISA PREF E PROV.txt,Comune di Volterra,Prefettura di Pisa
09_PISA PREF E PROV.txt,Comune di Volterra,Procura della Repubblica presso il Tribunale
09_PISA PREF E PROV.txt,Comune di Volterra,Procura della Repubblica presso il Tribunale per i Minorenni
09_PISA PREF E PROV.txt,Comune di Volterra,Provincia di Pisa
09_PISA PREF E PROV.txt,Comune di Volterra,Società della Salute Zona Alta Valdicecina-Valdera
09_PISA PREF E PROV.txt,Comune di Volterra,Società della Salute Zona Empolese Valdarno Valdelsa
09_PISA PREF E PROV.txt,Comune di Volterra,Società della Salute Zona Pisana
09_PISA PREF E PROV.txt,Comune di Volterra,Tribunale di Pisa
09_PISA PREF E PROV.txt,Comune di Volterra,Ufficio Scolastico Regionale della Toscana Ambito Territoriale della provincia di Pisa
09_PISA PREF E PROV.txt,Comune di Volterra,Università degli Studi di Pisa
09_PISA PREF E PROV.txt,Consigliera di Parità della Provincia di Pisa,Magistratura di Sorveglianza
09_PISA PREF E PROV.txt,Consigliera di Parità della Provincia di Pisa,Nuovo Maschile. Uomini liberi dalla violenza
09_PISA PREF E PROV.txt,Consigliera di Parità della Provincia di Pisa,Prefettura di Pisa
09_PISA PREF E PROV.txt,Consigliera di Parità della Provincia di Pisa,Procura della Repubblica presso il Tribunale
09_PISA PREF E PROV.txt,Consigliera di Parità della Provincia di Pisa,Procura della Repubblica presso il Tribunale per i Minorenni
09_PISA PREF E PROV.txt,Consigliera di Parità della Provincia di Pisa,Provincia di Pisa
09_PISA PREF E PROV.txt,Consigliera di Parità della Provincia di Pisa,Società della Salute Zona Alta Valdicecina-Valdera
09_PISA PREF E PROV.txt,Consigliera di Parità della Provincia di Pisa,Società della Salute Zona Empolese Valdarno Valdelsa
09_PISA PREF E PROV.txt,Consigliera di Parità della Provincia di Pisa,Società della Salute Zona Pisana
09_PISA PREF E PROV.txt,Consigliera di Parità della Provincia di Pisa,Tribunale di Pisa
09_PISA PREF E PROV.txt,Consigliera di Parità della Provincia di Pisa,Ufficio Scolastico Regionale della Toscana Ambito Territoriale della provincia di Pisa
09_PISA PREF E PROV.txt,Consigliera di Parità della Provincia di Pisa,Università degli Studi di Pisa
09_PISA PREF E PROV.txt,Magistratura di Sorveglianza,Nuovo Maschile. Uomini liberi dalla violenza
09_PISA PREF E PROV.txt,Magistratura di Sorveglianza,Prefettura di Pisa
09_PISA PREF E PROV.txt,Magistratura di Sorveglianza,Procura della Repubblica presso il Tribunale
09_PISA PREF E PROV.txt,Magistratura di Sorveglianza,Procura della Repubblica presso il Tribunale per i Minorenni
09_PISA PREF E PROV.txt,Magistratura di Sorveglianza,Provincia di Pisa
09_PISA PREF E PROV.txt,Magistratura di Sorveglianza,Società della Salute Zona Alta Valdicecina-Valdera
09_PISA PREF E PROV.txt,Magistratura di Sorveglianza,Società della Salute Zona Empolese Valdarno Valdelsa
09_PISA PREF E PROV.txt,Magistratura di Sorveglianza,Società della Salute Zona Pisana
09_PISA PREF E PROV.txt,Magistratura di Sorveglianza,Tribunale di Pisa
09_PISA PREF E PROV.txt,Magistratura di Sorveglianza,Ufficio Scolastico Regionale della Toscana Ambito Territoriale della provincia di Pisa
09_PISA PREF E PROV.txt,Magistratura di Sorveglianza,Università degli Studi di Pisa
09_PISA PREF E PROV.txt,Nuovo Maschile. Uomini liberi dalla violenza,Prefettura di Pisa
09_PISA PREF E PROV.txt,Nuovo Maschile. Uomini liberi dalla violenza,Procura della Repubblica presso il Tribunale
09_PISA PREF E PROV.txt,Nuovo Maschile. Uomini liberi dalla violenza,Procura della Repubblica presso il Tribunale per i Minorenni
09_PISA PREF E PROV.txt,Nuovo Maschile. Uomini liberi dalla violenza,Provincia di Pisa
09_PISA PREF E PROV.txt,Nuovo Maschile. Uomini liberi dalla violenza,Società della Salute Zona Alta Valdicecina-Valdera
09_PISA PREF E PROV.txt,Nuovo Maschile. Uomini liberi dalla violenza,Società della Salute Zona Empolese Valdarno Valdelsa
09_PISA PREF E PROV.txt,Nuovo Maschile. Uomini liberi dalla violenza,Società della Salute Zona Pisana
09_PISA PREF E PROV.txt,Nuovo Maschile. Uomini liberi dalla violenza,Tribunale di Pisa
09_PISA PREF E PROV.txt,Nuovo Maschile. Uomini liberi dalla violenza,Ufficio Scolastico Regionale della Toscana Ambito Territoriale della provincia di Pisa
09_PISA PREF E PROV.txt,Nuovo Maschile. Uomini liberi dalla violenza,Università degli Studi di Pisa
09_PISA PREF E PROV.txt,Prefettura di Pisa,Procura della Repubblica presso il Tribunale
09_PISA PREF E PROV.txt,Prefettura di Pisa,Procura della Repubblica presso il Tribunale per i Minorenni
09_PISA PREF E PROV.txt,Prefettura di Pisa,Provincia di Pisa
09_PISA PREF E PROV.txt,Prefettura di Pisa,Società della Salute Zona Alta Valdicecina-Valdera
09_PISA PREF E PROV.txt,Prefettura di Pisa,Società della Salute Zona Empolese Valdarno Valdelsa
09_PISA PREF E PROV.txt,Prefettura di Pisa,Società della Salute Zona Pisana
09_PISA PREF E PROV.txt,Prefettura di Pisa,Tribunale di Pisa
09_PISA PREF E PROV.txt,Prefettura di Pisa,Ufficio Scolastico Regionale della Toscana Ambito Territoriale della provincia di Pisa
09_PISA PREF E PROV.txt,Prefettura di Pisa,Università degli Studi di Pisa
09_PISA PREF E PROV.txt,Procura della Repubblica presso il Tribunale,Procura della Repubblica presso il Tribunale per i Minorenni
09_PISA PREF E PROV.txt,Procura della Repubblica presso il Tribunale,Provincia di Pisa
09_PISA PREF E PROV.txt,Procura della Repubblica presso il Tribunale,Società della Salute Zona Alta Valdicecina-Valdera
09_PISA PREF E PROV.txt,Procura della Repubblica presso il Tribunale,Società della Salute Zona Empolese Valdarno Valdelsa
09_PISA PREF E PROV.txt,Procura della Repubblica presso il Tribunale,Società della Salute Zona Pisana
09_PISA PREF E PROV.txt,Procura della Repubblica presso il Tribunale,Tribunale di Pisa
09_PISA PREF E PROV.txt,Procura della Repubblica presso il Tribunale,Ufficio Scolastico Regionale della Toscana Ambito Territoriale della provincia di Pisa
09_PISA PREF E PROV.txt,Procura della Repubblica presso il Tribunale,Università degli Studi di Pisa
09_PISA PREF E PROV.txt,Procura della Repubblica presso il Tribunale per i Minorenni,Provincia di Pisa
09_PISA PREF E PROV.txt,Procura della Repubblica presso il Tribunale per i Minorenni,Società della Salute Zona Alta Valdicecina-Valdera
09_PISA PREF E PROV.txt,Procura della Repubblica presso il Tribunale per i Minorenni,Società della Salute Zona Empolese Valdarno Valdelsa
09_PISA PREF E PROV.txt,Procura della Repubblica presso il Tribunale per i Minorenni,Società della Salute Zona Pisana
09_PISA PREF E PROV.txt,Procura della Repubblica presso il Tribunale per i Minorenni,Tribunale di Pisa
09_PISA PREF E PROV.txt,Procura della Repubblica presso il Tribunale per i Minorenni,Ufficio Scolastico Regionale della Toscana Ambito Territoriale della provincia di Pisa
09_PISA PREF E PROV.txt,Procura della Repubblica presso il Tribunale per i Minorenni,Università degli Studi di Pisa
09_PISA PREF E PROV.txt,Provincia di Pisa,Società della Salute Zona Alta Valdicecina-Valdera
09_PISA PREF E PROV.txt,Provincia di Pisa,Società della Salute Zona Empolese Valdarno Valdelsa
09_PISA PREF E PROV.txt,Provincia di Pisa,Società della Salute Zona Pisana
09_PISA PREF E PROV.txt,Provincia di Pisa,Tribunale di Pisa
09_PISA PREF E PROV.txt,Provincia di Pisa,Ufficio Scolastico Regionale della Toscana Ambito Territoriale della provincia di Pisa
09_PISA PREF E PROV.txt,Provincia di Pisa,Università degli Studi di Pisa
09_PISA PREF E PROV.txt,Società della Salute Zona Alta Valdicecina-Valdera,Società della Salute Zona Empolese Valdarno Valdelsa
09_PISA PREF E PROV.txt,Società della Salute Zona Alta Valdicecina-Valdera,Società della Salute Zona Pisana
09_PISA PREF E PROV.txt,Società della Salute Zona Alta Valdicecina-Valdera,Tribunale di Pisa
09_PISA PREF E PROV.txt,Società della Salute Zona Alta Valdicecina-Valdera,Ufficio Scolastico Regionale della Toscana Ambito Territoriale della provincia di Pisa
09_PISA PREF E PROV.txt,Società della Salute Zona Alta Valdicecina-Valdera,Università degli Studi di Pisa
09_PISA PREF E PROV.txt,Società della Salute Zona Empolese Valdarno Valdelsa,Società della Salute Zona Pisana
09_PISA PREF E PROV.txt,Società della Salute Zona Empolese Valdarno Valdelsa,Tribunale di Pisa
09_PISA PREF E PROV.txt,Società della Salute Zona Empolese Valdarno Valdelsa,Ufficio Scolastico Regionale della Toscana Ambito Territoriale della provincia di Pisa
09_PISA PREF E PROV.txt,Società della Salute Zona Empolese Valdarno Valdelsa,Università degli Studi di Pisa
09_PISA PREF E PROV.txt,Società della Salute Zona Pisana,Tribunale di Pisa
09_PISA PREF E PROV.txt,Società della Salute Zona Pisana,Ufficio Scolastico Regionale della Toscana Ambito Territoriale della provincia di Pisa
09_PISA PREF E PROV.txt,Società della Salute Zona Pisana,Università degli Studi di Pisa
09_PISA PREF E PROV.txt,Tribunale di Pisa,Ufficio Scolastico Regionale della Toscana Ambito Territoriale della provincia di Pisa
09_PISA PREF E PROV.txt,Tribunale di Pisa,Università degli Studi di Pisa
09_PISA PREF E PROV.txt,Ufficio Scolastico Regionale della Toscana Ambito Territoriale della provincia di Pisa,Università degli Studi di Pisa
09_LUCCA PROV.txt,ASL 12 Versilia,ASL 2 Lucca
09_LUCCA PROV.txt,ASL 12 Versilia,Arma dei Carabinieri-Comando provinciale di Lucca
09_LUCCA PROV.txt,ASL 12 Versilia,Associazioni del Terzo Settore
09_LUCCA PROV.txt,ASL 12 Versilia,Centri Antiviolenza
09_LUCCA PROV.txt,ASL 12 Versilia,Comuni
09_LUCCA PROV.txt,ASL 12 Versilia,Conferenza dei Sindaci ASL 2 zona Piana di Lucca
09_LUCCA PROV.txt,ASL 12 Versilia,Conferenza dei Sindaci ASL 2 zona Valle del Serchio
09_LUCCA PROV.txt,ASL 12 Versilia,Conferenza del Sindaci ASL 12 zona Versilia
09_LUCCA PROV.txt,ASL 12 Versilia,Consigliera di Parità di Lucca
09_LUCCA PROV.txt,ASL 12 Versilia,Prefettura di Lucca
09_LUCCA PROV.txt,ASL 12 Versilia,Procura della Repubblica
09_LUCCA PROV.txt,ASL 12 Versilia,Provincia di Lucca
09_LUCCA PROV.txt,ASL 12 Versilia,Questura di Lucca
09_LUCCA PROV.txt,ASL 12 Versilia,Ufficio Scolastico Provinciale di Lucca
09_LUCCA PROV.txt,ASL 2 Lucca,Arma dei Carabinieri-Comando provinciale di Lucca
09_LUCCA PROV.txt,ASL 2 Lucca,Associazioni del Terzo Settore
09_LUCCA PROV.txt,ASL 2 Lucca,Centri Antiviolenza
09_LUCCA PROV.txt,ASL 2 Lucca,Comuni
09_LUCCA PROV.txt,ASL 2 Lucca,Conferenza dei Sindaci ASL 2 zona Piana di Lucca
09_LUCCA PROV.txt,ASL 2 Lucca,Conferenza dei Sindaci ASL 2 zona Valle del Serchio
09_LUCCA PROV.txt,ASL 2 Lucca,Conferenza del Sindaci ASL 12 zona Versilia
09_LUCCA PROV.txt,ASL 2 Lucca,Consigliera di Parità di Lucca
09_LUCCA PROV.txt,ASL 2 Lucca,Prefettura di Lucca
09_LUCCA PROV.txt,ASL 2 Lucca,Procura della Repubblica
09_LUCCA PROV.txt,ASL 2 Lucca,Provincia di Lucca
09_LUCCA PROV.txt,ASL 2 Lucca,Questura di Lucca
09_LUCCA PROV.txt,ASL 2 Lucca,Ufficio Scolastico Provinciale di Lucca
09_LUCCA PROV.txt,Arma dei Carabinieri-Comando provinciale di Lucca,Associazioni del Terzo Settore
09_LUCCA PROV.txt,Arma dei Carabinieri-Comando provinciale di Lucca,Centri Antiviolenza
09_LUCCA PROV.txt,Arma dei Carabinieri-Comando provinciale di Lucca,Comuni
09_LUCCA PROV.txt,Arma dei Carabinieri-Comando provinciale di Lucca,Conferenza dei Sindaci ASL 2 zona Piana di Lucca
09_LUCCA PROV.txt,Arma dei Carabinieri-Comando provinciale di Lucca,Conferenza dei Sindaci ASL 2 zona Valle del Serchio
09_LUCCA PROV.txt,Arma dei Carabinieri-Comando provinciale di Lucca,Conferenza del Sindaci ASL 12 zona Versilia
09_LUCCA PROV.txt,Arma dei Carabinieri-Comando provinciale di Lucca,Consigliera di Parità di Lucca
09_LUCCA PROV.txt,Arma dei Carabinieri-Comando provinciale di Lucca,Prefettura di Lucca
09_LUCCA PROV.txt,Arma dei Carabinieri-Comando provinciale di Lucca,Procura della Repubblica
09_LUCCA PROV.txt,Arma dei Carabinieri-Comando provinciale di Lucca,Provincia di Lucca
09_LUCCA PROV.txt,Arma dei Carabinieri-Comando provinciale di Lucca,Questura di Lucca
09_LUCCA PROV.txt,Arma dei Carabinieri-Comando provinciale di Lucca,Ufficio Scolastico Provinciale di Lucca
09_LUCCA PROV.txt,Associazioni del Terzo Settore,Centri Antiviolenza
09_LUCCA PROV.txt,Associazioni del Terzo Settore,Comuni
09_LUCCA PROV.txt,Associazioni del Terzo Settore,Conferenza dei Sindaci ASL 2 zona Piana di Lucca
09_LUCCA PROV.txt,Associazioni del Terzo Settore,Conferenza dei Sindaci ASL 2 zona Valle del Serchio
09_LUCCA PROV.txt,Associazioni del Terzo Settore,Conferenza del Sindaci ASL 12 zona Versilia
09_LUCCA PROV.txt,Associazioni del Terzo Settore,Consigliera di Parità di Lucca
09_LUCCA PROV.txt,Associazioni del Terzo Settore,Prefettura di Lucca
09_LUCCA PROV.txt,Associazioni del Terzo Settore,Procura della Repubblica
09_LUCCA PROV.txt,Associazioni del Terzo Settore,Provincia di Lucca
09_LUCCA PROV.txt,Associazioni del Terzo Settore,Questura di Lucca
09_LUCCA PROV.txt,Associazioni del Terzo Settore,Ufficio Scolastico Provinciale di Lucca
09_LUCCA PROV.txt,Centri Antiviolenza,Comuni
09_LUCCA PROV.txt,Centri Antiviolenza,Conferenza dei Sindaci ASL 2 zona Piana di Lucca
09_LUCCA PROV.txt,Centri Antiviolenza,Conferenza dei Sindaci ASL 2 zona Valle del Serchio
09_LUCCA PROV.txt,Centri Antiviolenza,Conferenza del Sindaci ASL 12 zona Versilia
09_LUCCA PROV.txt,Centri Antiviolenza,Consigliera di Parità di Lucca
09_LUCCA PROV.txt,Centri Antiviolenza,Prefettura di Lucca
09_LUCCA PROV.txt,Centri Antiviolenza,Procura della Repubblica
09_LUCCA PROV.txt,Centri Antiviolenza,Provincia di Lucca
09_LUCCA PROV.txt,Centri Antiviolenza,Questura di Lucca
09_LUCCA PROV.txt,Centri Antiviolenza,Ufficio Scolastico Provinciale di Lucca
09_LUCCA PROV.txt,Comuni,Conferenza dei Sindaci ASL 2 zona Piana di Lucca
09_LUCCA PROV.txt,Comuni,Conferenza dei Sindaci ASL 2 zona Valle del Serchio
09_LUCCA PROV.txt,Comuni,Conferenza del Sindaci ASL 12 zona Versilia
09_LUCCA PROV.txt,Comuni,Consigliera di Parità di Lucca
09_LUCCA PROV.txt,Comuni,Prefettura di Lucca
09_LUCCA PROV.txt,Comuni,Procura della Repubblica
09_LUCCA PROV.txt,Comuni,Provincia di Lucca
09_LUCCA PROV.txt,Comuni,Questura di Lucca
09_LUCCA PROV.txt,Comuni,Ufficio Scolastico Provinciale di Lucca
09_LUCCA PROV.txt,Conferenza dei Sindaci ASL 2 zona Piana di Lucca,Conferenza dei Sindaci ASL 2 zona Valle del Serchio
09_LUCCA PROV.txt,Conferenza dei Sindaci ASL 2 zona Piana di Lucca,Conferenza del Sindaci ASL 12 zona Versilia
09_LUCCA PROV.txt,Conferenza dei Sindaci ASL 2 zona Piana di Lucca,Consigliera di Parità di Lucca
09_LUCCA PROV.txt,Conferenza dei Sindaci ASL 2 zona Piana di Lucca,Prefettura di Lucca
09_LUCCA PROV.txt,Conferenza dei Sindaci ASL 2 zona Piana di Lucca,Procura della Repubblica
09_LUCCA PROV.txt,Conferenza dei Sindaci ASL 2 zona Piana di Lucca,Provincia di Lucca
09_LUCCA PROV.txt,Conferenza dei Sindaci ASL 2 zona Piana di Lucca,Questura di Lucca
09_LUCCA PROV.txt,Conferenza dei Sindaci ASL 2 zona Piana di Lucca,Ufficio Scolastico Provinciale di Lucca
09_LUCCA PROV.txt,Conferenza dei Sindaci ASL 2 zona Valle del Serchio,Conferenza del Sindaci ASL 12 zona Versilia
09_LUCCA PROV.txt,Conferenza dei Sindaci ASL 2 zona Valle del Serchio,Consigliera di Parità di Lucca
09_LUCCA PROV.txt,Conferenza dei Sindaci ASL 2 zona Valle del Serchio,Prefettura di Lucca
09_LUCCA PROV.txt,Conferenza dei Sindaci ASL 2 zona Valle del Serchio,Procura della Repubblica
09_LUCCA PROV.txt,Conferenza dei Sindaci ASL 2 zona Valle del Serchio,Provincia di Lucca
09_LUCCA PROV.txt,Conferenza dei Sindaci ASL 2 zona Valle del Serchio,Questura di Lucca
09_LUCCA PROV.txt,Conferenza dei Sindaci ASL 2 zona Valle del Serchio,Ufficio Scolastico Provinciale di Lucca
09_LUCCA PROV.txt,Conferenza del Sindaci ASL 12 zona Versilia,Consigliera di Parità di Lucca
09_LUCCA PROV.txt,Conferenza del Sindaci ASL 12 zona Versilia,Prefettura di Lucca
09_LUCCA PROV.txt,Conferenza del Sindaci ASL 12 zona Versilia,Procura della Repubblica
09_LUCCA PROV.txt,Conferenza del Sindaci ASL 12 zona Versilia,Provincia di Lucca
09_LUCCA PROV.txt,Conferenza del Sindaci ASL 12 zona Versilia,Questura di Lucca
09_LUCCA PROV.txt,Conferenza del Sindaci ASL 12 zona Versilia,Ufficio Scolastico Provinciale di Lucca
09_LUCCA PROV.txt,Consigliera di Parità di Lucca,Prefettura di Lucca
09_LUCCA PROV.txt,Consigliera di Parità di Lucca,Procura della Repubblica
09_LUCCA PROV.txt,Consigliera di Parità di Lucca,Provincia di Lucca
09_LUCCA PROV.txt,Consigliera di Parità di Lucca,Questura di Lucca
09_LUCCA PROV.txt,Consigliera di Parità di Lucca,Ufficio Scolastico Provinciale di Lucca
09_LUCCA PROV.txt,Prefettura di Lucca,Procura della Repubblica
09_LUCCA PROV.txt,Prefettura di Lucca,Provincia di Lucca
09_LUCCA PROV.txt,Prefettura di Lucca,Questura di Lucca
09_LUCCA PROV.txt,Prefettura di Lucca,Ufficio Scolastico Provinciale di Lucca
09_LUCCA PROV.txt,Procura della Repubblica,Provincia di Lucca
09_LUCCA PROV.txt,Procura della Repubblica,Questura di Lucca
09_LUCCA PROV.txt,Procura della Repubblica,Ufficio Scolastico Provinciale di Lucca
09_LUCCA PROV.txt,Provincia di Lucca,Questura di Lucca
09_LUCCA PROV.txt,Provincia di Lucca,Ufficio Scolastico Provinciale di Lucca
09_LUCCA PROV.txt,Questura di Lucca,Ufficio Scolastico Provinciale di Lucca
09_PRATO PREF.txt,Centro Antiviolenza La Nara,Centro di Ascolto Uomini Maltrattanti
09_PRATO PREF.txt,Centro Antiviolenza La Nara,Comando Provinciale dell'Arma dei Carabinieri di Prato
09_PRATO PREF.txt,Centro Antiviolenza La Nara,Comando Provinciale della Guardia di Finanza di Prato
09_PRATO PREF.txt,Centro Antiviolenza La Nara,Comune di Cantagallo
09_PRATO PREF.txt,Centro Antiviolenza La Nara,Comune di Carmignano
09_PRATO PREF.txt,Centro Antiviolenza La Nara,Comune di Montemurlo
09_PRATO PREF.txt,Centro Antiviolenza La Nara,Comune di Poggio a Caiano
09_PRATO PREF.txt,Centro Antiviolenza La Nara,Comune di Prato
09_PRATO PREF.txt,Centro Antiviolenza La Nara,Comune di Vaiano
09_PRATO PREF.txt,Centro Antiviolenza La Nara,Comune di Vernio
09_PRATO PREF.txt,Centro Antiviolenza La Nara,MIUR Ufficio Scolastico Regionale per la Toscana XI Ambito Territoriale di Prato e Pistoia sede di Prato
09_PRATO PREF.txt,Centro Antiviolenza La Nara,Prefettura Ufficio Territoriale del Governo di Prato
09_PRATO PREF.txt,Centro Antiviolenza La Nara,Procura della Repubblica di Prato
09_PRATO PREF.txt,Centro Antiviolenza La Nara,Provincia di Prato
09_PRATO PREF.txt,Centro Antiviolenza La Nara,Questura di Prato
09_PRATO PREF.txt,Centro Antiviolenza La Nara,Scuole
09_PRATO PREF.txt,Centro Antiviolenza La Nara,Società della Salute Area Pratese
09_PRATO PREF.txt,Centro di Ascolto Uomini Maltrattanti,Comando Provinciale dell'Arma dei Carabinieri di Prato
09_PRATO PREF.txt,Centro di Ascolto Uomini Maltrattanti,Comando Provinciale della Guardia di Finanza di Prato
09_PRATO PREF.txt,Centro di Ascolto Uomini Maltrattanti,Comune di Cantagallo
09_PRATO PREF.txt,Centro di Ascolto Uomini Maltrattanti,Comune di Carmignano
09_PRATO PREF.txt,Centro di Ascolto Uomini Maltrattanti,Comune di Montemurlo
09_PRATO PREF.txt,Centro di Ascolto Uomini Maltrattanti,Comune di Poggio a Caiano
09_PRATO PREF.txt,Centro di Ascolto Uomini Maltrattanti,Comune di Prato
09_PRATO PREF.txt,Centro di Ascolto Uomini Maltrattanti,Comune di Vaiano
09_PRATO PREF.txt,Centro di Ascolto Uomini Maltrattanti,Comune di Vernio
09_PRATO PREF.txt,Centro di Ascolto Uomini Maltrattanti,MIUR Ufficio Scolastico Regionale per la Toscana XI Ambito Territoriale di Prato e Pistoia sede di Prato
09_PRATO PREF.txt,Centro di Ascolto Uomini Maltrattanti,Prefettura Ufficio Territoriale del Governo di Prato
09_PRATO PREF.txt,Centro di Ascolto Uomini Maltrattanti,Procura della Repubblica di Prato
09_PRATO PREF.txt,Centro di Ascolto Uomini Maltrattanti,Provincia di Prato
09_PRATO PREF.txt,Centro di Ascolto Uomini Maltrattanti,Questura di Prato
09_PRATO PREF.txt,Centro di Ascolto Uomini Maltrattanti,Scuole
09_PRATO PREF.txt,Centro di Ascolto Uomini Maltrattanti,Società della Salute Area Pratese
09_PRATO PREF.txt,Comando Provinciale dell'Arma dei Carabinieri di Prato,Comando Provinciale della Guardia di Finanza di Prato
09_PRATO PREF.txt,Comando Provinciale dell'Arma dei Carabinieri di Prato,Comune di Cantagallo
09_PRATO PREF.txt,Comando Provinciale dell'Arma dei Carabinieri di Prato,Comune di Carmignano
09_PRATO PREF.txt,Comando Provinciale dell'Arma dei Carabinieri di Prato,Comune di Montemurlo
09_PRATO PREF.txt,Comando Provinciale dell'Arma dei Carabinieri di Prato,Comune di Poggio a Caiano
09_PRATO PREF.txt,Comando Provinciale dell'Arma dei Carabinieri di Prato,Comune di Prato
09_PRATO PREF.txt,Comando Provinciale dell'Arma dei Carabinieri di Prato,Comune di Vaiano
09_PRATO PREF.txt,Comando Provinciale dell'Arma dei Carabinieri di Prato,Comune di Vernio
09_PRATO PREF.txt,Comando Provinciale dell'Arma dei Carabinieri di Prato,MIUR Ufficio Scolastico Regionale per la Toscana XI Ambito Territoriale di Prato e Pistoia sede di Prato
09_PRATO PREF.txt,Comando Provinciale dell'Arma dei Carabinieri di Prato,Prefettura Ufficio Territoriale del Governo di Prato
09_PRATO PREF.txt,Comando Provinciale dell'Arma dei Carabinieri di Prato,Procura della Repubblica di Prato
09_PRATO PREF.txt,Comando Provinciale dell'Arma dei Carabinieri di Prato,Provincia di Prato
09_PRATO PREF.txt,Comando Provinciale dell'Arma dei Carabinieri di Prato,Questura di Prato
09_PRATO PREF.txt,Comando Provinciale dell'Arma dei Carabinieri di Prato,Scuole
09_PRATO PREF.txt,Comando Provinciale dell'Arma dei Carabinieri di Prato,Società della Salute Area Pratese
09_PRATO PREF.txt,Comando Provinciale della Guardia di Finanza di Prato,Comune di Cantagallo
09_PRATO PREF.txt,Comando Provinciale della Guardia di Finanza di Prato,Comune di Carmignano
09_PRATO PREF.txt,Comando Provinciale della Guardia di Finanza di Prato,Comune di Montemurlo
09_PRATO PREF.txt,Comando Provinciale della Guardia di Finanza di Prato,Comune di Poggio a Caiano
09_PRATO PREF.txt,Comando Provinciale della Guardia di Finanza di Prato,Comune di Prato
09_PRATO PREF.txt,Comando Provinciale della Guardia di Finanza di Prato,Comune di Vaiano
09_PRATO PREF.txt,Comando Provinciale della Guardia di Finanza di Prato,Comune di Vernio
09_PRATO PREF.txt,Comando Provinciale della Guardia di Finanza di Prato,MIUR Ufficio Scolastico Regionale per la Toscana XI Ambito Territoriale di Prato e Pistoia sede di Prato
09_PRATO PREF.txt,Comando Provinciale della Guardia di Finanza di Prato,Prefettura Ufficio Territoriale del Governo di Prato
09_PRATO PREF.txt,Comando Provinciale della Guardia di Finanza di Prato,Procura della Repubblica di Prato
09_PRATO PREF.txt,Comando Provinciale della Guardia di Finanza di Prato,Provincia di Prato
09_PRATO PREF.txt,Comando Provinciale della Guardia di Finanza di Prato,Questura di Prato
09_PRATO PREF.txt,Comando Provinciale della Guardia di Finanza di Prato,Scuole
09_PRATO PREF.txt,Comando Provinciale della Guardia di Finanza di Prato,Società della Salute Area Pratese
09_PRATO PREF.txt,Comune di Cantagallo,Comune di Carmignano
09_PRATO PREF.txt,Comune di Cantagallo,Comune di Montemurlo
09_PRATO PREF.txt,Comune di Cantagallo,Comune di Poggio a Caiano
09_PRATO PREF.txt,Comune di Cantagallo,Comune di Prato
09_PRATO PREF.txt,Comune di Cantagallo,Comune di Vaiano
09_PRATO PREF.txt,Comune di Cantagallo,Comune di Vernio
09_PRATO PREF.txt,Comune di Cantagallo,MIUR Ufficio Scolastico Regionale per la Toscana XI Ambito Territoriale di Prato e Pistoia sede di Prato
09_PRATO PREF.txt,Comune di Cantagallo,Prefettura Ufficio Territoriale del Governo di Prato
09_PRATO PREF.txt,Comune di Cantagallo,Procura della Repubblica di Prato
09_PRATO PREF.txt,Comune di Cantagallo,Provincia di Prato
09_PRATO PREF.txt,Comune di Cantagallo,Questura di Prato
09_PRATO PREF.txt,Comune di Cantagallo,Scuole
09_PRATO PREF.txt,Comune di Cantagallo,Società della Salute Area Pratese
09_PRATO PREF.txt,Comune di Carmignano,Comune di Montemurlo
09_PRATO PREF.txt,Comune di Carmignano,Comune di Poggio a Caiano
09_PRATO PREF.txt,Comune di Carmignano,Comune di Prato
09_PRATO PREF.txt,Comune di Carmignano,Comune di Vaiano
09_PRATO PREF.txt,Comune di Carmignano,Comune di Vernio
09_PRATO PREF.txt,Comune di Carmignano,MIUR Ufficio Scolastico Regionale per la Toscana XI Ambito Territoriale di Prato e Pistoia sede di Prato
09_PRATO PREF.txt,Comune di Carmignano,Prefettura Ufficio Territoriale del Governo di Prato
09_PRATO PREF.txt,Comune di Carmignano,Procura della Repubblica di Prato
09_PRATO PREF.txt,Comune di Carmignano,Provincia di Prato
09_PRATO PREF.txt,Comune di Carmignano,Questura di Prato
09_PRATO PREF.txt,Comune di Carmignano,Scuole
09_PRATO PREF.txt,Comune di Carmignano,Società della Salute Area Pratese
09_PRATO PREF.txt,Comune di Montemurlo,Comune di Poggio a Caiano
09_PRATO PREF.txt,Comune di Montemurlo,Comune di Prato
09_PRATO PREF.txt,Comune di Montemurlo,Comune di Vaiano
09_PRATO PREF.txt,Comune di Montemurlo,Comune di Vernio
09_PRATO PREF.txt,Comune di Montemurlo,MIUR Ufficio Scolastico Regionale per la Toscana XI Ambito Territoriale di Prato e Pistoia sede di Prato
09_PRATO PREF.txt,Comune di Montemurlo,Prefettura Ufficio Territoriale del Governo di Prato
09_PRATO PREF.txt,Comune di Montemurlo,Procura della Repubblica di Prato
09_PRATO PREF.txt,Comune di Montemurlo,Provincia di Prato
09_PRATO PREF.txt,Comune di Montemurlo,Questura di Prato
09_PRATO PREF.txt,Comune di Montemurlo,Scuole
09_PRATO PREF.txt,Comune di Montemurlo,Società della Salute Area Pratese
09_PRATO PREF.txt,Comune di Poggio a Caiano,Comune di Prato
09_PRATO PREF.txt,Comune di Poggio a Caiano,Comune di Vaiano
09_PRATO PREF.txt,Comune di Poggio a Caiano,Comune di Vernio
09_PRATO PREF.txt,Comune di Poggio a Caiano,MIUR Ufficio Scolastico Regionale per la Toscana XI Ambito Territoriale di Prato e Pistoia sede di Prato
09_PRATO PREF.txt,Comune di Poggio a Caiano,Prefettura Ufficio Territoriale del Governo di Prato
09_PRATO PREF.txt,Comune di Poggio a Caiano,Procura della Repubblica di Prato
09_PRATO PREF.txt,Comune di Poggio a Caiano,Provincia di Prato
09_PRATO PREF.txt,Comune di Poggio a Caiano,Questura di Prato
09_PRATO PREF.txt,Comune di Poggio a Caiano,Scuole
09_PRATO PREF.txt,Comune di Poggio a Caiano,Società della Salute Area Pratese
09_PRATO PREF.txt,Comune di Prato,Comune di Vaiano
09_PRATO PREF.txt,Comune di Prato,Comune di Vernio
09_PRATO PREF.txt,Comune di Prato,MIUR Ufficio Scolastico Regionale per la Toscana XI Ambito Territoriale di Prato e Pistoia sede di Prato
09_PRATO PREF.txt,Comune di Prato,Prefettura Ufficio Territoriale del Governo di Prato
09_PRATO PREF.txt,Comune di Prato,Procura della Repubblica di Prato
09_PRATO PREF.txt,Comune di Prato,Provincia di Prato
09_PRATO PREF.txt,Comune di Prato,Questura di Prato
09_PRATO PREF.txt,Comune di Prato,Scuole
09_PRATO PREF.txt,Comune di Prato,Società della Salute Area Pratese
09_PRATO PREF.txt,Comune di Vaiano,Comune di Vernio
09_PRATO PREF.txt,Comune di Vaiano,MIUR Ufficio Scolastico Regionale per la Toscana XI Ambito Territoriale di Prato e Pistoia sede di Prato
09_PRATO PREF.txt,Comune di Vaiano,Prefettura Ufficio Territoriale del Governo di Prato
09_PRATO PREF.txt,Comune di Vaiano,Procura della Repubblica di Prato
09_PRATO PREF.txt,Comune di Vaiano,Provincia di Prato
09_PRATO PREF.txt,Comune di Vaiano,Questura di Prato
09_PRATO PREF.txt,Comune di Vaiano,Scuole
09_PRATO PREF.txt,Comune di Vaiano,Società della Salute Area Pratese
09_PRATO PREF.txt,Comune di Vernio,MIUR Ufficio Scolastico Regionale per la Toscana XI Ambito Territoriale di Prato e Pistoia sede di Prato
09_PRATO PREF.txt,Comune di Vernio,Prefettura Ufficio Territoriale del Governo di Prato
09_PRATO PREF.txt,Comune di Vernio,Procura della Repubblica di Prato
09_PRATO PREF.txt,Comune di Vernio,Provincia di Prato
09_PRATO PREF.txt,Comune di Vernio,Questura di Prato
09_PRATO PREF.txt,Comune di Vernio,Scuole
09_PRATO PREF.txt,Comune di Vernio,Società della Salute Area Pratese
09_PRATO PREF.txt,MIUR Ufficio Scolastico Regionale per la Toscana XI Ambito Territoriale di Prato e Pistoia sede di Prato,Prefettura Ufficio Territoriale del Governo di Prato
09_PRATO PREF.txt,MIUR Ufficio Scolastico Regionale per la Toscana XI Ambito Territoriale di Prato e Pistoia sede di Prato,Procura della Repubblica di Prato
09_PRATO PREF.txt,MIUR Ufficio Scolastico Regionale per la Toscana XI Ambito Territoriale di Prato e Pistoia sede di Prato,Provincia di Prato
09_PRATO PREF.txt,MIUR Ufficio Scolastico Regionale per la Toscana XI Ambito Territoriale di Prato e Pistoia sede di Prato,Questura di Prato
09_PRATO PREF.txt,MIUR Ufficio Scolastico Regionale per la Toscana XI Ambito Territoriale di Prato e Pistoia sede di Prato,Scuole
09_PRATO PREF.txt,MIUR Ufficio Scolastico Regionale per la Toscana XI Ambito Territoriale di Prato e Pistoia sede di Prato,Società della Salute Area Pratese
09_PRATO PREF.txt,Prefettura Ufficio Territoriale del Governo di Prato,Procura della Repubblica di Prato
09_PRATO PREF.txt,Prefettura Ufficio Territoriale del Governo di Prato,Provincia di Prato
09_PRATO PREF.txt,Prefettura Ufficio Territoriale del Governo di Prato,Questura di Prato
09_PRATO PREF.txt,Prefettura Ufficio Territoriale del Governo di Prato,Scuole
09_PRATO PREF.txt,Prefettura Ufficio Territoriale del Governo di Prato,Società della Salute Area Pratese
09_PRATO PREF.txt,Procura della Repubblica di Prato,Provincia di Prato
09_PRATO PREF.txt,Procura della Repubblica di Prato,Questura di Prato
09_PRATO PREF.txt,Procura della Repubblica di Prato,Scuole
09_PRATO PREF.txt,Procura della Repubblica di Prato,Società della Salute Area Pratese
09_PRATO PREF.txt,Provincia di Prato,Questura di Prato
09_PRATO PREF.txt,Provincia di Prato,Scuole
09_PRATO PREF.txt,Provincia di Prato,Società della Salute Area Pratese
09_PRATO PREF.txt,Questura di Prato,Scuole
09_PRATO PREF.txt,Questura di Prato,Società della Salute Area Pratese
09_PRATO PREF.txt,Scuole,Società della Salute Area Pratese
09_APUANE_2015 Protocollo Prefettura.txt,Associazione A.R.P.A,Associazione C.LF
09_APUANE_2015 Protocollo Prefettura.txt,Associazione A.R.P.A,Azienda Sanitaria Locale n. 1 di Massa Carrara
09_APUANE_2015 Protocollo Prefettura.txt,Associazione A.R.P.A,CISMAI – Coordinamento Italiano dei Servizi contro il Maltrattamento e l'Abuso all'Infanzia
09_APUANE_2015 Protocollo Prefettura.txt,Associazione A.R.P.A,Centro Antiviolenza Centro Donna Carrara
09_APUANE_2015 Protocollo Prefettura.txt,Associazione A.R.P.A,Centro Antiviolenza Centro Donna Lunigiana
09_APUANE_2015 Protocollo Prefettura.txt,Associazione A.R.P.A,Centro Antiviolenza Centro Donna della Lunigiana
09_APUANE_2015 Protocollo Prefettura.txt,Associazione A.R.P.A,Centro Antiviolenza Centro Donna di Massa
09_APUANE_2015 Protocollo Prefettura.txt,Associazione A.R.P.A,Centro Antiviolenza Donna chiama Donna di Carrara
09_APUANE_2015 Protocollo Prefettura.txt,Associazione A.R.P.A,Centro Antiviolenza Duna di Massa
09_APUANE_2015 Protocollo Prefettura.txt,Associazione A.R.P.A,Centro Donna Chiama Donna
09_APUANE_2015 Protocollo Prefettura.txt,Associazione A.R.P.A,Centro Donna Lunigiana
09_APUANE_2015 Protocollo Prefettura.txt,Associazione A.R.P.A,Centro Donna Provinciale
09_APUANE_2015 Protocollo Prefettura.txt,Associazione A.R.P.A,Centro di Ascolto CIF di Carrara
09_APUANE_2015 Protocollo Prefettura.txt,Associazione A.R.P.A,Centro di Ascolto Sabine di Montignoso
09_APUANE_2015 Protocollo Prefettura.txt,Associazione A.R.P.A,Comando Provinciale dei Carabinieri di Massa Carrara
09_APUANE_2015 Protocollo Prefettura.txt,Associazione A.R.P.A,Comando Provinciale della Guardia di Finanza di Massa Carrara
09_APUANE_2015 Protocollo Prefettura.txt,Associazione A.R.P.A,Comune di Carrara
09_APUANE_2015 Protocollo Prefettura.txt,Associazione A.R.P.A,Comune di Massa
09_APUANE_2015 Protocollo Prefettura.txt,Associazione A.R.P.A,Comune di Montignoso
09_APUANE_2015 Protocollo Prefettura.txt,Associazione A.R.P.A,Conferenza unificata Stato-Regioni
09_APUANE_2015 Protocollo Prefettura.txt,Associazione A.R.P.A,Consiglio d'Europa
09_APUANE_2015 Protocollo Prefettura.txt,Associazione A.R.P.A,Consultorio principale
09_APUANE_2015 Protocollo Prefettura.txt,Associazione A.R.P.A,Direttore Sanitario
09_APUANE_2015 Protocollo Prefettura.txt,Associazione A.R.P.A,Giunta della Regione Toscana
09_APUANE_2015 Protocollo Prefettura.txt,Associazione A.R.P.A,Istat
09_APUANE_2015 Protocollo Prefettura.txt,Associazione A.R.P.A,Organizzazione Mondiale della Sanita
09_APUANE_2015 Protocollo Prefettura.txt,Associazione A.R.P.A,Organizzazione delle Nazioni Unite
09_APUANE_2015 Protocollo Prefettura.txt,Associazione A.R.P.A,Ospedale (Pronto Soccorso
09_APUANE_2015 Protocollo Prefettura.txt,Associazione A.R.P.A,Prefettura di Massa-Carrara
09_APUANE_2015 Protocollo Prefettura.txt,Associazione A.R.P.A,Presidenza del Consiglio dei Ministri
09_APUANE_2015 Protocollo Prefettura.txt,Associazione A.R.P.A,Procura del Tribunale dei Minori di Genova
09_APUANE_2015 Protocollo Prefettura.txt,Associazione A.R.P.A,Procura della Repubblica di Firenze
09_APUANE_2015 Protocollo Prefettura.txt,Associazione A.R.P.A,Procura della Repubblica di Massa
09_APUANE_2015 Protocollo Prefettura.txt,Associazione A.R.P.A,Procura della Repubblica minorile
09_APUANE_2015 Protocollo Prefettura.txt,Associazione A.R.P.A,Procura della Repubblica presso il Tribunale ordinario
09_APUANE_2015 Protocollo Prefettura.txt,Associazione A.R.P.A,Provincia di Massa Carrara
09_APUANE_2015 Protocollo Prefettura.txt,Associazione A.R.P.A,Questura di Massa Carrara
09_APUANE_2015 Protocollo Prefettura.txt,Associazione A.R.P.A,Regione Toscana
09_APUANE_2015 Protocollo Prefettura.txt,Associazione A.R.P.A,Servizi Sociali dei Comuni di Costa
09_APUANE_2015 Protocollo Prefettura.txt,Associazione A.R.P.A,Servizi Sociali e Sanitari della Società della Salute
09_APUANE_2015 Protocollo Prefettura.txt,Associazione A.R.P.A,Società della Salute della Lunigiana
09_APUANE_2015 Protocollo Prefettura.txt,Associazione A.R.P.A,Terzo Settore
09_APUANE_2015 Protocollo Prefettura.txt,Associazione A.R.P.A,Tribunale di Massa
09_APUANE_2015 Protocollo Prefettura.txt,Associazione A.R.P.A,Tribunale per i Minorenni
09_APUANE_2015 Protocollo Prefettura.txt,Associazione A.R.P.A,Ufficio Scolastico Provinciale
09_APUANE_2015 Protocollo Prefettura.txt,Associazione A.R.P.A,Unione Europea
09_APUANE_2015 Protocollo Prefettura.txt,Associazione C.LF,Azienda Sanitaria Locale n. 1 di Massa Carrara
09_APUANE_2015 Protocollo Prefettura.txt,Associazione C.LF,CISMAI – Coordinamento Italiano dei Servizi contro il Maltrattamento e l'Abuso all'Infanzia
09_APUANE_2015 Protocollo Prefettura.txt,Associazione C.LF,Centro Antiviolenza Centro Donna Carrara
09_APUANE_2015 Protocollo Prefettura.txt,Associazione C.LF,Centro Antiviolenza Centro Donna Lunigiana
09_APUANE_2015 Protocollo Prefettura.txt,Associazione C.LF,Centro Antiviolenza Centro Donna della Lunigiana
09_APUANE_2015 Protocollo Prefettura.txt,Associazione C.LF,Centro Antiviolenza Centro Donna di Massa
09_APUANE_2015 Protocollo Prefettura.txt,Associazione C.LF,Centro Antiviolenza Donna chiama Donna di Carrara
09_APUANE_2015 Protocollo Prefettura.txt,Associazione C.LF,Centro Antiviolenza Duna di Massa
09_APUANE_2015 Protocollo Prefettura.txt,Associazione C.LF,Centro Donna Chiama Donna
09_APUANE_2015 Protocollo Prefettura.txt,Associazione C.LF,Centro Donna Lunigiana
09_APUANE_2015 Protocollo Prefettura.txt,Associazione C.LF,Centro Donna Provinciale
09_APUANE_2015 Protocollo Prefettura.txt,Associazione C.LF,Centro di Ascolto CIF di Carrara
09_APUANE_2015 Protocollo Prefettura.txt,Associazione C.LF,Centro di Ascolto Sabine di Montignoso
09_APUANE_2015 Protocollo Prefettura.txt,Associazione C.LF,Comando Provinciale dei Carabinieri di Massa Carrara
09_APUANE_2015 Protocollo Prefettura.txt,Associazione C.LF,Comando Provinciale della Guardia di Finanza di Massa Carrara
09_APUANE_2015 Protocollo Prefettura.txt,Associazione C.LF,Comune di Carrara
09_APUANE_2015 Protocollo Prefettura.txt,Associazione C.LF,Comune di Massa
09_APUANE_2015 Protocollo Prefettura.txt,Associazione C.LF,Comune di Montignoso
09_APUANE_2015 Protocollo Prefettura.txt,Associazione C.LF,Conferenza unificata Stato-Regioni
09_APUANE_2015 Protocollo Prefettura.txt,Associazione C.LF,Consiglio d'Europa
09_APUANE_2015 Protocollo Prefettura.txt,Associazione C.LF,Consultorio principale
09_APUANE_2015 Protocollo Prefettura.txt,Associazione C.LF,Direttore Sanitario
09_APUANE_2015 Protocollo Prefettura.txt,Associazione C.LF,Giunta della Regione Toscana
09_APUANE_2015 Protocollo Prefettura.txt,Associazione C.LF,Istat
09_APUANE_2015 Protocollo Prefettura.txt,Associazione C.LF,Organizzazione Mondiale della Sanita
09_APUANE_2015 Protocollo Prefettura.txt,Associazione C.LF,Organizzazione delle Nazioni Unite
09_APUANE_2015 Protocollo Prefettura.txt,Associazione C.LF,Ospedale (Pronto Soccorso
09_APUANE_2015 Protocollo Prefettura.txt,Associazione C.LF,Prefettura di Massa-Carrara
09_APUANE_2015 Protocollo Prefettura.txt,Associazione C.LF,Presidenza del Consiglio dei Ministri
09_APUANE_2015 Protocollo Prefettura.txt,Associazione C.LF,Procura del Tribunale dei Minori di Genova
09_APUANE_2015 Protocollo Prefettura.txt,Associazione C.LF,Procura della Repubblica di Firenze
09_APUANE_2015 Protocollo Prefettura.txt,Associazione C.LF,Procura della Repubblica di Massa
09_APUANE_2015 Protocollo Prefettura.txt,Associazione C.LF,Procura della Repubblica minorile
09_APUANE_2015 Protocollo Prefettura.txt,Associazione C.LF,Procura della Repubblica presso il Tribunale ordinario
09_APUANE_2015 Protocollo Prefettura.txt,Associazione C.LF,Provincia di Massa Carrara
09_APUANE_2015 Protocollo Prefettura.txt,Associazione C.LF,Questura di Massa Carrara
09_APUANE_2015 Protocollo Prefettura.txt,Associazione C.LF,Regione Toscana
09_APUANE_2015 Protocollo Prefettura.txt,Associazione C.LF,Servizi Sociali dei Comuni di Costa
09_APUANE_2015 Protocollo Prefettura.txt,Associazione C.LF,Servizi Sociali e Sanitari della Società della Salute
09_APUANE_2015 Protocollo Prefettura.txt,Associazione C.LF,Società della Salute della Lunigiana
09_APUANE_2015 Protocollo Prefettura.txt,Associazione C.LF,Terzo Settore
09_APUANE_2015 Protocollo Prefettura.txt,Associazione C.LF,Tribunale di Massa
09_APUANE_2015 Protocollo Prefettura.txt,Associazione C.LF,Tribunale per i Minorenni
09_APUANE_2015 Protocollo Prefettura.txt,Associazione C.LF,Ufficio Scolastico Provinciale
09_APUANE_2015 Protocollo Prefettura.txt,Associazione C.LF,Unione Europea
09_APUANE_2015 Protocollo Prefettura.txt,Azienda Sanitaria Locale n. 1 di Massa Carrara,CISMAI – Coordinamento Italiano dei Servizi contro il Maltrattamento e l'Abuso all'Infanzia
09_APUANE_2015 Protocollo Prefettura.txt,Azienda Sanitaria Locale n. 1 di Massa Carrara,Centro Antiviolenza Centro Donna Carrara
09_APUANE_2015 Protocollo Prefettura.txt,Azienda Sanitaria Locale n. 1 di Massa Carrara,Centro Antiviolenza Centro Donna Lunigiana
09_APUANE_2015 Protocollo Prefettura.txt,Azienda Sanitaria Locale n. 1 di Massa Carrara,Centro Antiviolenza Centro Donna della Lunigiana
09_APUANE_2015 Protocollo Prefettura.txt,Azienda Sanitaria Locale n. 1 di Massa Carrara,Centro Antiviolenza Centro Donna di Massa
09_APUANE_2015 Protocollo Prefettura.txt,Azienda Sanitaria Locale n. 1 di Massa Carrara,Centro Antiviolenza Donna chiama Donna di Carrara
09_APUANE_2015 Protocollo Prefettura.txt,Azienda Sanitaria Locale n. 1 di Massa Carrara,Centro Antiviolenza Duna di Massa
09_APUANE_2015 Protocollo Prefettura.txt,Azienda Sanitaria Locale n. 1 di Massa Carrara,Centro Donna Chiama Donna
09_APUANE_2015 Protocollo Prefettura.txt,Azienda Sanitaria Locale n. 1 di Massa Carrara,Centro Donna Lunigiana
09_APUANE_2015 Protocollo Prefettura.txt,Azienda Sanitaria Locale n. 1 di Massa Carrara,Centro Donna Provinciale
09_APUANE_2015 Protocollo Prefettura.txt,Azienda Sanitaria Locale n. 1 di Massa Carrara,Centro di Ascolto CIF di Carrara
09_APUANE_2015 Protocollo Prefettura.txt,Azienda Sanitaria Locale n. 1 di Massa Carrara,Centro di Ascolto Sabine di Montignoso
09_APUANE_2015 Protocollo Prefettura.txt,Azienda Sanitaria Locale n. 1 di Massa Carrara,Comando Provinciale dei Carabinieri di Massa Carrara
09_APUANE_2015 Protocollo Prefettura.txt,Azienda Sanitaria Locale n. 1 di Massa Carrara,Comando Provinciale della Guardia di Finanza di Massa Carrara
09_APUANE_2015 Protocollo Prefettura.txt,Azienda Sanitaria Locale n. 1 di Massa Carrara,Comune di Carrara
09_APUANE_2015 Protocollo Prefettura.txt,Azienda Sanitaria Locale n. 1 di Massa Carrara,Comune di Massa
09_APUANE_2015 Protocollo Prefettura.txt,Azienda Sanitaria Locale n. 1 di Massa Carrara,Comune di Montignoso
09_APUANE_2015 Protocollo Prefettura.txt,Azienda Sanitaria Locale n. 1 di Massa Carrara,Conferenza unificata Stato-Regioni
09_APUANE_2015 Protocollo Prefettura.txt,Azienda Sanitaria Locale n. 1 di Massa Carrara,Consiglio d'Europa
09_APUANE_2015 Protocollo Prefettura.txt,Azienda Sanitaria Locale n. 1 di Massa Carrara,Consultorio principale
09_APUANE_2015 Protocollo Prefettura.txt,Azienda Sanitaria Locale n. 1 di Massa Carrara,Direttore Sanitario
09_APUANE_2015 Protocollo Prefettura.txt,Azienda Sanitaria Locale n. 1 di Massa Carrara,Giunta della Regione Toscana
09_APUANE_2015 Protocollo Prefettura.txt,Azienda Sanitaria Locale n. 1 di Massa Carrara,Istat
09_APUANE_2015 Protocollo Prefettura.txt,Azienda Sanitaria Locale n. 1 di Massa Carrara,Organizzazione Mondiale della Sanita
09_APUANE_2015 Protocollo Prefettura.txt,Azienda Sanitaria Locale n. 1 di Massa Carrara,Organizzazione delle Nazioni Unite
09_APUANE_2015 Protocollo Prefettura.txt,Azienda Sanitaria Locale n. 1 di Massa Carrara,Ospedale (Pronto Soccorso
09_APUANE_2015 Protocollo Prefettura.txt,Azienda Sanitaria Locale n. 1 di Massa Carrara,Prefettura di Massa-Carrara
09_APUANE_2015 Protocollo Prefettura.txt,Azienda Sanitaria Locale n. 1 di Massa Carrara,Presidenza del Consiglio dei Ministri
09_APUANE_2015 Protocollo Prefettura.txt,Azienda Sanitaria Locale n. 1 di Massa Carrara,Procura del Tribunale dei Minori di Genova
09_APUANE_2015 Protocollo Prefettura.txt,Azienda Sanitaria Locale n. 1 di Massa Carrara,Procura della Repubblica di Firenze
09_APUANE_2015 Protocollo Prefettura.txt,Azienda Sanitaria Locale n. 1 di Massa Carrara,Procura della Repubblica di Massa
09_APUANE_2015 Protocollo Prefettura.txt,Azienda Sanitaria Locale n. 1 di Massa Carrara,Procura della Repubblica minorile
09_APUANE_2015 Protocollo Prefettura.txt,Azienda Sanitaria Locale n. 1 di Massa Carrara,Procura della Repubblica presso il Tribunale ordinario
09_APUANE_2015 Protocollo Prefettura.txt,Azienda Sanitaria Locale n. 1 di Massa Carrara,Provincia di Massa Carrara
09_APUANE_2015 Protocollo Prefettura.txt,Azienda Sanitaria Locale n. 1 di Massa Carrara,Questura di Massa Carrara
09_APUANE_2015 Protocollo Prefettura.txt,Azienda Sanitaria Locale n. 1 di Massa Carrara,Regione Toscana
09_APUANE_2015 Protocollo Prefettura.txt,Azienda Sanitaria Locale n. 1 di Massa Carrara,Servizi Sociali dei Comuni di Costa
09_APUANE_2015 Protocollo Prefettura.txt,Azienda Sanitaria Locale n. 1 di Massa Carrara,Servizi Sociali e Sanitari della Società della Salute
09_APUANE_2015 Protocollo Prefettura.txt,Azienda Sanitaria Locale n. 1 di Massa Carrara,Società della Salute della Lunigiana
09_APUANE_2015 Protocollo Prefettura.txt,Azienda Sanitaria Locale n. 1 di Massa Carrara,Terzo Settore
09_APUANE_2015 Protocollo Prefettura.txt,Azienda Sanitaria Locale n. 1 di Massa Carrara,Tribunale di Massa
09_APUANE_2015 Protocollo Prefettura.txt,Azienda Sanitaria Locale n. 1 di Massa Carrara,Tribunale per i Minorenni
09_APUANE_2015 Protocollo Prefettura.txt,Azienda Sanitaria Locale n. 1 di Massa Carrara,Ufficio Scolastico Provinciale
09_APUANE_2015 Protocollo Prefettura.txt,Azienda Sanitaria Locale n. 1 di Massa Carrara,Unione Europea
09_APUANE_2015 Protocollo Prefettura.txt,CISMAI – Coordinamento Italiano dei Servizi contro il Maltrattamento e l'Abuso all'Infanzia,Centro Antiviolenza Centro Donna Carrara
09_APUANE_2015 Protocollo Prefettura.txt,CISMAI – Coordinamento Italiano dei Servizi contro il Maltrattamento e l'Abuso all'Infanzia,Centro Antiviolenza Centro Donna Lunigiana
09_APUANE_2015 Protocollo Prefettura.txt,CISMAI – Coordinamento Italiano dei Servizi contro il Maltrattamento e l'Abuso all'Infanzia,Centro Antiviolenza Centro Donna della Lunigiana
09_APUANE_2015 Protocollo Prefettura.txt,CISMAI – Coordinamento Italiano dei Servizi contro il Maltrattamento e l'Abuso all'Infanzia,Centro Antiviolenza Centro Donna di Massa
09_APUANE_2015 Protocollo Prefettura.txt,CISMAI – Coordinamento Italiano dei Servizi contro il Maltrattamento e l'Abuso all'Infanzia,Centro Antiviolenza Donna chiama Donna di Carrara
09_APUANE_2015 Protocollo Prefettura.txt,CISMAI – Coordinamento Italiano dei Servizi contro il Maltrattamento e l'Abuso all'Infanzia,Centro Antiviolenza Duna di Massa
09_APUANE_2015 Protocollo Prefettura.txt,CISMAI – Coordinamento Italiano dei Servizi contro il Maltrattamento e l'Abuso all'Infanzia,Centro Donna Chiama Donna
09_APUANE_2015 Protocollo Prefettura.txt,CISMAI – Coordinamento Italiano dei Servizi contro il Maltrattamento e l'Abuso all'Infanzia,Centro Donna Lunigiana
09_APUANE_2015 Protocollo Prefettura.txt,CISMAI – Coordinamento Italiano dei Servizi contro il Maltrattamento e l'Abuso all'Infanzia,Centro Donna Provinciale
09_APUANE_2015 Protocollo Prefettura.txt,CISMAI – Coordinamento Italiano dei Servizi contro il Maltrattamento e l'Abuso all'Infanzia,Centro di Ascolto CIF di Carrara
09_APUANE_2015 Protocollo Prefettura.txt,CISMAI – Coordinamento Italiano dei Servizi contro il Maltrattamento e l'Abuso all'Infanzia,Centro di Ascolto Sabine di Montignoso
09_APUANE_2015 Protocollo Prefettura.txt,CISMAI – Coordinamento Italiano dei Servizi contro il Maltrattamento e l'Abuso all'Infanzia,Comando Provinciale dei Carabinieri di Massa Carrara
09_APUANE_2015 Protocollo Prefettura.txt,CISMAI – Coordinamento Italiano dei Servizi contro il Maltrattamento e l'Abuso all'Infanzia,Comando Provinciale della Guardia di Finanza di Massa Carrara
09_APUANE_2015 Protocollo Prefettura.txt,CISMAI – Coordinamento Italiano dei Servizi contro il Maltrattamento e l'Abuso all'Infanzia,Comune di Carrara
09_APUANE_2015 Protocollo Prefettura.txt,CISMAI – Coordinamento Italiano dei Servizi contro il Maltrattamento e l'Abuso all'Infanzia,Comune di Massa
09_APUANE_2015 Protocollo Prefettura.txt,CISMAI – Coordinamento Italiano dei Servizi contro il Maltrattamento e l'Abuso all'Infanzia,Comune di Montignoso
09_APUANE_2015 Protocollo Prefettura.txt,CISMAI – Coordinamento Italiano dei Servizi contro il Maltrattamento e l'Abuso all'Infanzia,Conferenza unificata Stato-Regioni
09_APUANE_2015 Protocollo Prefettura.txt,CISMAI – Coordinamento Italiano dei Servizi contro il Maltrattamento e l'Abuso all'Infanzia,Consiglio d'Europa
09_APUANE_2015 Protocollo Prefettura.txt,CISMAI – Coordinamento Italiano dei Servizi contro il Maltrattamento e l'Abuso all'Infanzia,Consultorio principale
09_APUANE_2015 Protocollo Prefettura.txt,CISMAI – Coordinamento Italiano dei Servizi contro il Maltrattamento e l'Abuso all'Infanzia,Direttore Sanitario
09_APUANE_2015 Protocollo Prefettura.txt,CISMAI – Coordinamento Italiano dei Servizi contro il Maltrattamento e l'Abuso all'Infanzia,Giunta della Regione Toscana
09_APUANE_2015 Protocollo Prefettura.txt,CISMAI – Coordinamento Italiano dei Servizi contro il Maltrattamento e l'Abuso all'Infanzia,Istat
09_APUANE_2015 Protocollo Prefettura.txt,CISMAI – Coordinamento Italiano dei Servizi contro il Maltrattamento e l'Abuso all'Infanzia,Organizzazione Mondiale della Sanita
09_APUANE_2015 Protocollo Prefettura.txt,CISMAI – Coordinamento Italiano dei Servizi contro il Maltrattamento e l'Abuso all'Infanzia,Organizzazione delle Nazioni Unite
09_APUANE_2015 Protocollo Prefettura.txt,CISMAI – Coordinamento Italiano dei Servizi contro il Maltrattamento e l'Abuso all'Infanzia,Ospedale (Pronto Soccorso
09_APUANE_2015 Protocollo Prefettura.txt,CISMAI – Coordinamento Italiano dei Servizi contro il Maltrattamento e l'Abuso all'Infanzia,Prefettura di Massa-Carrara
09_APUANE_2015 Protocollo Prefettura.txt,CISMAI – Coordinamento Italiano dei Servizi contro il Maltrattamento e l'Abuso all'Infanzia,Presidenza del Consiglio dei Ministri
09_APUANE_2015 Protocollo Prefettura.txt,CISMAI – Coordinamento Italiano dei Servizi contro il Maltrattamento e l'Abuso all'Infanzia,Procura del Tribunale dei Minori di Genova
09_APUANE_2015 Protocollo Prefettura.txt,CISMAI – Coordinamento Italiano dei Servizi contro il Maltrattamento e l'Abuso all'Infanzia,Procura della Repubblica di Firenze
09_APUANE_2015 Protocollo Prefettura.txt,CISMAI – Coordinamento Italiano dei Servizi contro il Maltrattamento e l'Abuso all'Infanzia,Procura della Repubblica di Massa
09_APUANE_2015 Protocollo Prefettura.txt,CISMAI – Coordinamento Italiano dei Servizi contro il Maltrattamento e l'Abuso all'Infanzia,Procura della Repubblica minorile
09_APUANE_2015 Protocollo Prefettura.txt,CISMAI – Coordinamento Italiano dei Servizi contro il Maltrattamento e l'Abuso all'Infanzia,Procura della Repubblica presso il Tribunale ordinario
09_APUANE_2015 Protocollo Prefettura.txt,CISMAI – Coordinamento Italiano dei Servizi contro il Maltrattamento e l'Abuso all'Infanzia,Provincia di Massa Carrara
09_APUANE_2015 Protocollo Prefettura.txt,CISMAI – Coordinamento Italiano dei Servizi contro il Maltrattamento e l'Abuso all'Infanzia,Questura di Massa Carrara
09_APUANE_2015 Protocollo Prefettura.txt,CISMAI – Coordinamento Italiano dei Servizi contro il Maltrattamento e l'Abuso all'Infanzia,Regione Toscana
09_APUANE_2015 Protocollo Prefettura.txt,CISMAI – Coordinamento Italiano dei Servizi contro il Maltrattamento e l'Abuso all'Infanzia,Servizi Sociali dei Comuni di Costa
09_APUANE_2015 Protocollo Prefettura.txt,CISMAI – Coordinamento Italiano dei Servizi contro il Maltrattamento e l'Abuso all'Infanzia,Servizi Sociali e Sanitari della Società della Salute
09_APUANE_2015 Protocollo Prefettura.txt,CISMAI – Coordinamento Italiano dei Servizi contro il Maltrattamento e l'Abuso all'Infanzia,Società della Salute della Lunigiana
09_APUANE_2015 Protocollo Prefettura.txt,CISMAI – Coordinamento Italiano dei Servizi contro il Maltrattamento e l'Abuso all'Infanzia,Terzo Settore
09_APUANE_2015 Protocollo Prefettura.txt,CISMAI – Coordinamento Italiano dei Servizi contro il Maltrattamento e l'Abuso all'Infanzia,Tribunale di Massa
09_APUANE_2015 Protocollo Prefettura.txt,CISMAI – Coordinamento Italiano dei Servizi contro il Maltrattamento e l'Abuso all'Infanzia,Tribunale per i Minorenni
09_APUANE_2015 Protocollo Prefettura.txt,CISMAI – Coordinamento Italiano dei Servizi contro il Maltrattamento e l'Abuso all'Infanzia,Ufficio Scolastico Provinciale
09_APUANE_2015 Protocollo Prefettura.txt,CISMAI – Coordinamento Italiano dei Servizi contro il Maltrattamento e l'Abuso all'Infanzia,Unione Europea
09_APUANE_2015 Protocollo Prefettura.txt,Centro Antiviolenza Centro Donna Carrara,Centro Antiviolenza Centro Donna Lunigiana
09_APUANE_2015 Protocollo Prefettura.txt,Centro Antiviolenza Centro Donna Carrara,Centro Antiviolenza Centro Donna della Lunigiana
09_APUANE_2015 Protocollo Prefettura.txt,Centro Antiviolenza Centro Donna Carrara,Centro Antiviolenza Centro Donna di Massa
09_APUANE_2015 Protocollo Prefettura.txt,Centro Antiviolenza Centro Donna Carrara,Centro Antiviolenza Donna chiama Donna di Carrara
09_APUANE_2015 Protocollo Prefettura.txt,Centro Antiviolenza Centro Donna Carrara,Centro Antiviolenza Duna di Massa
09_APUANE_2015 Protocollo Prefettura.txt,Centro Antiviolenza Centro Donna Carrara,Centro Donna Chiama Donna
09_APUANE_2015 Protocollo Prefettura.txt,Centro Antiviolenza Centro Donna Carrara,Centro Donna Lunigiana
09_APUANE_2015 Protocollo Prefettura.txt,Centro Antiviolenza Centro Donna Carrara,Centro Donna Provinciale
09_APUANE_2015 Protocollo Prefettura.txt,Centro Antiviolenza Centro Donna Carrara,Centro di Ascolto CIF di Carrara
09_APUANE_2015 Protocollo Prefettura.txt,Centro Antiviolenza Centro Donna Carrara,Centro di Ascolto Sabine di Montignoso
09_APUANE_2015 Protocollo Prefettura.txt,Centro Antiviolenza Centro Donna Carrara,Comando Provinciale dei Carabinieri di Massa Carrara
09_APUANE_2015 Protocollo Prefettura.txt,Centro Antiviolenza Centro Donna Carrara,Comando Provinciale della Guardia di Finanza di Massa Carrara
09_APUANE_2015 Protocollo Prefettura.txt,Centro Antiviolenza Centro Donna Carrara,Comune di Carrara
09_APUANE_2015 Protocollo Prefettura.txt,Centro Antiviolenza Centro Donna Carrara,Comune di Massa
09_APUANE_2015 Protocollo Prefettura.txt,Centro Antiviolenza Centro Donna Carrara,Comune di Montignoso
09_APUANE_2015 Protocollo Prefettura.txt,Centro Antiviolenza Centro Donna Carrara,Conferenza unificata Stato-Regioni
09_APUANE_2015 Protocollo Prefettura.txt,Centro Antiviolenza Centro Donna Carrara,Consiglio d'Europa
09_APUANE_2015 Protocollo Prefettura.txt,Centro Antiviolenza Centro Donna Carrara,Consultorio principale
09_APUANE_2015 Protocollo Prefettura.txt,Centro Antiviolenza Centro Donna Carrara,Direttore Sanitario
09_APUANE_2015 Protocollo Prefettura.txt,Centro Antiviolenza Centro Donna Carrara,Giunta della Regione Toscana
09_APUANE_2015 Protocollo Prefettura.txt,Centro Antiviolenza Centro Donna Carrara,Istat
09_APUANE_2015 Protocollo Prefettura.txt,Centro Antiviolenza Centro Donna Carrara,Organizzazione Mondiale della Sanita
09_APUANE_2015 Protocollo Prefettura.txt,Centro Antiviolenza Centro Donna Carrara,Organizzazione delle Nazioni Unite
09_APUANE_2015 Protocollo Prefettura.txt,Centro Antiviolenza Centro Donna Carrara,Ospedale (Pronto Soccorso
09_APUANE_2015 Protocollo Prefettura.txt,Centro Antiviolenza Centro Donna Carrara,Prefettura di Massa-Carrara
09_APUANE_2015 Protocollo Prefettura.txt,Centro Antiviolenza Centro Donna Carrara,Presidenza del Consiglio dei Ministri
09_APUANE_2015 Protocollo Prefettura.txt,Centro Antiviolenza Centro Donna Carrara,Procura del Tribunale dei Minori di Genova
09_APUANE_2015 Protocollo Prefettura.txt,Centro Antiviolenza Centro Donna Carrara,Procura della Repubblica di Firenze
09_APUANE_2015 Protocollo Prefettura.txt,Centro Antiviolenza Centro Donna Carrara,Procura della Repubblica di Massa
09_APUANE_2015 Protocollo Prefettura.txt,Centro Antiviolenza Centro Donna Carrara,Procura della Repubblica minorile
09_APUANE_2015 Protocollo Prefettura.txt,Centro Antiviolenza Centro Donna Carrara,Procura della Repubblica presso il Tribunale ordinario
09_APUANE_2015 Protocollo Prefettura.txt,Centro Antiviolenza Centro Donna Carrara,Provincia di Massa Carrara
09_APUANE_2015 Protocollo Prefettura.txt,Centro Antiviolenza Centro Donna Carrara,Questura di Massa Carrara
09_APUANE_2015 Protocollo Prefettura.txt,Centro Antiviolenza Centro Donna Carrara,Regione Toscana
09_APUANE_2015 Protocollo Prefettura.txt,Centro Antiviolenza Centro Donna Carrara,Servizi Sociali dei Comuni di Costa
09_APUANE_2015 Protocollo Prefettura.txt,Centro Antiviolenza Centro Donna Carrara,Servizi Sociali e Sanitari della Società della Salute
09_APUANE_2015 Protocollo Prefettura.txt,Centro Antiviolenza Centro Donna Carrara,Società della Salute della Lunigiana
09_APUANE_2015 Protocollo Prefettura.txt,Centro Antiviolenza Centro Donna Carrara,Terzo Settore
09_APUANE_2015 Protocollo Prefettura.txt,Centro Antiviolenza Centro Donna Carrara,Tribunale di Massa
09_APUANE_2015 Protocollo Prefettura.txt,Centro Antiviolenza Centro Donna Carrara,Tribunale per i Minorenni
09_APUANE_2015 Protocollo Prefettura.txt,Centro Antiviolenza Centro Donna Carrara,Ufficio Scolastico Provinciale
09_APUANE_2015 Protocollo Prefettura.txt,Centro Antiviolenza Centro Donna Carrara,Unione Europea
09_APUANE_2015 Protocollo Prefettura.txt,Centro Antiviolenza Centro Donna Lunigiana,Centro Antiviolenza Centro Donna della Lunigiana
09_APUANE_2015 Protocollo Prefettura.txt,Centro Antiviolenza Centro Donna Lunigiana,Centro Antiviolenza Centro Donna di Massa
09_APUANE_2015 Protocollo Prefettura.txt,Centro Antiviolenza Centro Donna Lunigiana,Centro Antiviolenza Donna chiama Donna di Carrara
09_APUANE_2015 Protocollo Prefettura.txt,Centro Antiviolenza Centro Donna Lunigiana,Centro Antiviolenza Duna di Massa
09_APUANE_2015 Protocollo Prefettura.txt,Centro Antiviolenza Centro Donna Lunigiana,Centro Donna Chiama Donna
09_APUANE_2015 Protocollo Prefettura.txt,Centro Antiviolenza Centro Donna Lunigiana,Centro Donna Lunigiana
09_APUANE_2015 Protocollo Prefettura.txt,Centro Antiviolenza Centro Donna Lunigiana,Centro Donna Provinciale
09_APUANE_2015 Protocollo Prefettura.txt,Centro Antiviolenza Centro Donna Lunigiana,Centro di Ascolto CIF di Carrara
09_APUANE_2015 Protocollo Prefettura.txt,Centro Antiviolenza Centro Donna Lunigiana,Centro di Ascolto Sabine di Montignoso
09_APUANE_2015 Protocollo Prefettura.txt,Centro Antiviolenza Centro Donna Lunigiana,Comando Provinciale dei Carabinieri di Massa Carrara
09_APUANE_2015 Protocollo Prefettura.txt,Centro Antiviolenza Centro Donna Lunigiana,Comando Provinciale della Guardia di Finanza di Massa Carrara
09_APUANE_2015 Protocollo Prefettura.txt,Centro Antiviolenza Centro Donna Lunigiana,Comune di Carrara
09_APUANE_2015 Protocollo Prefettura.txt,Centro Antiviolenza Centro Donna Lunigiana,Comune di Massa
09_APUANE_2015 Protocollo Prefettura.txt,Centro Antiviolenza Centro Donna Lunigiana,Comune di Montignoso
09_APUANE_2015 Protocollo Prefettura.txt,Centro Antiviolenza Centro Donna Lunigiana,Conferenza unificata Stato-Regioni
09_APUANE_2015 Protocollo Prefettura.txt,Centro Antiviolenza Centro Donna Lunigiana,Consiglio d'Europa
09_APUANE_2015 Protocollo Prefettura.txt,Centro Antiviolenza Centro Donna Lunigiana,Consultorio principale
09_APUANE_2015 Protocollo Prefettura.txt,Centro Antiviolenza Centro Donna Lunigiana,Direttore Sanitario
09_APUANE_2015 Protocollo Prefettura.txt,Centro Antiviolenza Centro Donna Lunigiana,Giunta della Regione Toscana
09_APUANE_2015 Protocollo Prefettura.txt,Centro Antiviolenza Centro Donna Lunigiana,Istat
09_APUANE_2015 Protocollo Prefettura.txt,Centro Antiviolenza Centro Donna Lunigiana,Organizzazione Mondiale della Sanita
09_APUANE_2015 Protocollo Prefettura.txt,Centro Antiviolenza Centro Donna Lunigiana,Organizzazione delle Nazioni Unite
09_APUANE_2015 Protocollo Prefettura.txt,Centro Antiviolenza Centro Donna Lunigiana,Ospedale (Pronto Soccorso
09_APUANE_2015 Protocollo Prefettura.txt,Centro Antiviolenza Centro Donna Lunigiana,Prefettura di Massa-Carrara
09_APUANE_2015 Protocollo Prefettura.txt,Centro Antiviolenza Centro Donna Lunigiana,Presidenza del Consiglio dei Ministri
09_APUANE_2015 Protocollo Prefettura.txt,Centro Antiviolenza Centro Donna Lunigiana,Procura del Tribunale dei Minori di Genova
09_APUANE_2015 Protocollo Prefettura.txt,Centro Antiviolenza Centro Donna Lunigiana,Procura della Repubblica di Firenze
09_APUANE_2015 Protocollo Prefettura.txt,Centro Antiviolenza Centro Donna Lunigiana,Procura della Repubblica di Massa
09_APUANE_2015 Protocollo Prefettura.txt,Centro Antiviolenza Centro Donna Lunigiana,Procura della Repubblica minorile
09_APUANE_2015 Protocollo Prefettura.txt,Centro Antiviolenza Centro Donna Lunigiana,Procura della Repubblica presso il Tribunale ordinario
09_APUANE_2015 Protocollo Prefettura.txt,Centro Antiviolenza Centro Donna Lunigiana,Provincia di Massa Carrara
09_APUANE_2015 Protocollo Prefettura.txt,Centro Antiviolenza Centro Donna Lunigiana,Questura di Massa Carrara
09_APUANE_2015 Protocollo Prefettura.txt,Centro Antiviolenza Centro Donna Lunigiana,Regione Toscana
09_APUANE_2015 Protocollo Prefettura.txt,Centro Antiviolenza Centro Donna Lunigiana,Servizi Sociali dei Comuni di Costa
09_APUANE_2015 Protocollo Prefettura.txt,Centro Antiviolenza Centro Donna Lunigiana,Servizi Sociali e Sanitari della Società della Salute
09_APUANE_2015 Protocollo Prefettura.txt,Centro Antiviolenza Centro Donna Lunigiana,Società della Salute della Lunigiana
09_APUANE_2015 Protocollo Prefettura.txt,Centro Antiviolenza Centro Donna Lunigiana,Terzo Settore
09_APUANE_2015 Protocollo Prefettura.txt,Centro Antiviolenza Centro Donna Lunigiana,Tribunale di Massa
09_APUANE_2015 Protocollo Prefettura.txt,Centro Antiviolenza Centro Donna Lunigiana,Tribunale per i Minorenni
09_APUANE_2015 Protocollo Prefettura.txt,Centro Antiviolenza Centro Donna Lunigiana,Ufficio Scolastico Provinciale
09_APUANE_2015 Protocollo Prefettura.txt,Centro Antiviolenza Centro Donna Lunigiana,Unione Europea
09_APUANE_2015 Protocollo Prefettura.txt,Centro Antiviolenza Centro Donna della Lunigiana,Centro Antiviolenza Centro Donna di Massa
09_APUANE_2015 Protocollo Prefettura.txt,Centro Antiviolenza Centro Donna della Lunigiana,Centro Antiviolenza Donna chiama Donna di Carrara
09_APUANE_2015 Protocollo Prefettura.txt,Centro Antiviolenza Centro Donna della Lunigiana,Centro Antiviolenza Duna di Massa
09_APUANE_2015 Protocollo Prefettura.txt,Centro Antiviolenza Centro Donna della Lunigiana,Centro Donna Chiama Donna
09_APUANE_2015 Protocollo Prefettura.txt,Centro Antiviolenza Centro Donna della Lunigiana,Centro Donna Lunigiana
09_APUANE_2015 Protocollo Prefettura.txt,Centro Antiviolenza Centro Donna della Lunigiana,Centro Donna Provinciale
09_APUANE_2015 Protocollo Prefettura.txt,Centro Antiviolenza Centro Donna della Lunigiana,Centro di Ascolto CIF di Carrara
09_APUANE_2015 Protocollo Prefettura.txt,Centro Antiviolenza Centro Donna della Lunigiana,Centro di Ascolto Sabine di Montignoso
09_APUANE_2015 Protocollo Prefettura.txt,Centro Antiviolenza Centro Donna della Lunigiana,Comando Provinciale dei Carabinieri di Massa Carrara
09_APUANE_2015 Protocollo Prefettura.txt,Centro Antiviolenza Centro Donna della Lunigiana,Comando Provinciale della Guardia di Finanza di Massa Carrara
09_APUANE_2015 Protocollo Prefettura.txt,Centro Antiviolenza Centro Donna della Lunigiana,Comune di Carrara
09_APUANE_2015 Protocollo Prefettura.txt,Centro Antiviolenza Centro Donna della Lunigiana,Comune di Massa
09_APUANE_2015 Protocollo Prefettura.txt,Centro Antiviolenza Centro Donna della Lunigiana,Comune di Montignoso
09_APUANE_2015 Protocollo Prefettura.txt,Centro Antiviolenza Centro Donna della Lunigiana,Conferenza unificata Stato-Regioni
09_APUANE_2015 Protocollo Prefettura.txt,Centro Antiviolenza Centro Donna della Lunigiana,Consiglio d'Europa
09_APUANE_2015 Protocollo Prefettura.txt,Centro Antiviolenza Centro Donna della Lunigiana,Consultorio principale
09_APUANE_2015 Protocollo Prefettura.txt,Centro Antiviolenza Centro Donna della Lunigiana,Direttore Sanitario
09_APUANE_2015 Protocollo Prefettura.txt,Centro Antiviolenza Centro Donna della Lunigiana,Giunta della Regione Toscana
09_APUANE_2015 Protocollo Prefettura.txt,Centro Antiviolenza Centro Donna della Lunigiana,Istat
09_APUANE_2015 Protocollo Prefettura.txt,Centro Antiviolenza Centro Donna della Lunigiana,Organizzazione Mondiale della Sanita
09_APUANE_2015 Protocollo Prefettura.txt,Centro Antiviolenza Centro Donna della Lunigiana,Organizzazione delle Nazioni Unite
09_APUANE_2015 Protocollo Prefettura.txt,Centro Antiviolenza Centro Donna della Lunigiana,Ospedale (Pronto Soccorso
09_APUANE_2015 Protocollo Prefettura.txt,Centro Antiviolenza Centro Donna della Lunigiana,Prefettura di Massa-Carrara
09_APUANE_2015 Protocollo Prefettura.txt,Centro Antiviolenza Centro Donna della Lunigiana,Presidenza del Consiglio dei Ministri
09_APUANE_2015 Protocollo Prefettura.txt,Centro Antiviolenza Centro Donna della Lunigiana,Procura del Tribunale dei Minori di Genova
09_APUANE_2015 Protocollo Prefettura.txt,Centro Antiviolenza Centro Donna della Lunigiana,Procura della Repubblica di Firenze
09_APUANE_2015 Protocollo Prefettura.txt,Centro Antiviolenza Centro Donna della Lunigiana,Procura della Repubblica di Massa
09_APUANE_2015 Protocollo Prefettura.txt,Centro Antiviolenza Centro Donna della Lunigiana,Procura della Repubblica minorile
09_APUANE_2015 Protocollo Prefettura.txt,Centro Antiviolenza Centro Donna della Lunigiana,Procura della Repubblica presso il Tribunale ordinario
09_APUANE_2015 Protocollo Prefettura.txt,Centro Antiviolenza Centro Donna della Lunigiana,Provincia di Massa Carrara
09_APUANE_2015 Protocollo Prefettura.txt,Centro Antiviolenza Centro Donna della Lunigiana,Questura di Massa Carrara
09_APUANE_2015 Protocollo Prefettura.txt,Centro Antiviolenza Centro Donna della Lunigiana,Regione Toscana
09_APUANE_2015 Protocollo Prefettura.txt,Centro Antiviolenza Centro Donna della Lunigiana,Servizi Sociali dei Comuni di Costa
09_APUANE_2015 Protocollo Prefettura.txt,Centro Antiviolenza Centro Donna della Lunigiana,Servizi Sociali e Sanitari della Società della Salute
09_APUANE_2015 Protocollo Prefettura.txt,Centro Antiviolenza Centro Donna della Lunigiana,Società della Salute della Lunigiana
09_APUANE_2015 Protocollo Prefettura.txt,Centro Antiviolenza Centro Donna della Lunigiana,Terzo Settore
09_APUANE_2015 Protocollo Prefettura.txt,Centro Antiviolenza Centro Donna della Lunigiana,Tribunale di Massa
09_APUANE_2015 Protocollo Prefettura.txt,Centro Antiviolenza Centro Donna della Lunigiana,Tribunale per i Minorenni
09_APUANE_2015 Protocollo Prefettura.txt,Centro Antiviolenza Centro Donna della Lunigiana,Ufficio Scolastico Provinciale
09_APUANE_2015 Protocollo Prefettura.txt,Centro Antiviolenza Centro Donna della Lunigiana,Unione Europea
09_APUANE_2015 Protocollo Prefettura.txt,Centro Antiviolenza Centro Donna di Massa,Centro Antiviolenza Donna chiama Donna di Carrara
09_APUANE_2015 Protocollo Prefettura.txt,Centro Antiviolenza Centro Donna di Massa,Centro Antiviolenza Duna di Massa
09_APUANE_2015 Protocollo Prefettura.txt,Centro Antiviolenza Centro Donna di Massa,Centro Donna Chiama Donna
09_APUANE_2015 Protocollo Prefettura.txt,Centro Antiviolenza Centro Donna di Massa,Centro Donna Lunigiana
09_APUANE_2015 Protocollo Prefettura.txt,Centro Antiviolenza Centro Donna di Massa,Centro Donna Provinciale
09_APUANE_2015 Protocollo Prefettura.txt,Centro Antiviolenza Centro Donna di Massa,Centro di Ascolto CIF di Carrara
09_APUANE_2015 Protocollo Prefettura.txt,Centro Antiviolenza Centro Donna di Massa,Centro di Ascolto Sabine di Montignoso
09_APUANE_2015 Protocollo Prefettura.txt,Centro Antiviolenza Centro Donna di Massa,Comando Provinciale dei Carabinieri di Massa Carrara
09_APUANE_2015 Protocollo Prefettura.txt,Centro Antiviolenza Centro Donna di Massa,Comando Provinciale della Guardia di Finanza di Massa Carrara
09_APUANE_2015 Protocollo Prefettura.txt,Centro Antiviolenza Centro Donna di Massa,Comune di Carrara
09_APUANE_2015 Protocollo Prefettura.txt,Centro Antiviolenza Centro Donna di Massa,Comune di Massa
09_APUANE_2015 Protocollo Prefettura.txt,Centro Antiviolenza Centro Donna di Massa,Comune di Montignoso
09_APUANE_2015 Protocollo Prefettura.txt,Centro Antiviolenza Centro Donna di Massa,Conferenza unificata Stato-Regioni
09_APUANE_2015 Protocollo Prefettura.txt,Centro Antiviolenza Centro Donna di Massa,Consiglio d'Europa
09_APUANE_2015 Protocollo Prefettura.txt,Centro Antiviolenza Centro Donna di Massa,Consultorio principale
09_APUANE_2015 Protocollo Prefettura.txt,Centro Antiviolenza Centro Donna di Massa,Direttore Sanitario
09_APUANE_2015 Protocollo Prefettura.txt,Centro Antiviolenza Centro Donna di Massa,Giunta della Regione Toscana
09_APUANE_2015 Protocollo Prefettura.txt,Centro Antiviolenza Centro Donna di Massa,Istat
09_APUANE_2015 Protocollo Prefettura.txt,Centro Antiviolenza Centro Donna di Massa,Organizzazione Mondiale della Sanita
09_APUANE_2015 Protocollo Prefettura.txt,Centro Antiviolenza Centro Donna di Massa,Organizzazione delle Nazioni Unite
09_APUANE_2015 Protocollo Prefettura.txt,Centro Antiviolenza Centro Donna di Massa,Ospedale (Pronto Soccorso
09_APUANE_2015 Protocollo Prefettura.txt,Centro Antiviolenza Centro Donna di Massa,Prefettura di Massa-Carrara
09_APUANE_2015 Protocollo Prefettura.txt,Centro Antiviolenza Centro Donna di Massa,Presidenza del Consiglio dei Ministri
09_APUANE_2015 Protocollo Prefettura.txt,Centro Antiviolenza Centro Donna di Massa,Procura del Tribunale dei Minori di Genova
09_APUANE_2015 Protocollo Prefettura.txt,Centro Antiviolenza Centro Donna di Massa,Procura della Repubblica di Firenze
09_APUANE_2015 Protocollo Prefettura.txt,Centro Antiviolenza Centro Donna di Massa,Procura della Repubblica di Massa
09_APUANE_2015 Protocollo Prefettura.txt,Centro Antiviolenza Centro Donna di Massa,Procura della Repubblica minorile
09_APUANE_2015 Protocollo Prefettura.txt,Centro Antiviolenza Centro Donna di Massa,Procura della Repubblica presso il Tribunale ordinario
09_APUANE_2015 Protocollo Prefettura.txt,Centro Antiviolenza Centro Donna di Massa,Provincia di Massa Carrara
09_APUANE_2015 Protocollo Prefettura.txt,Centro Antiviolenza Centro Donna di Massa,Questura di Massa Carrara
09_APUANE_2015 Protocollo Prefettura.txt,Centro Antiviolenza Centro Donna di Massa,Regione Toscana
09_APUANE_2015 Protocollo Prefettura.txt,Centro Antiviolenza Centro Donna di Massa,Servizi Sociali dei Comuni di Costa
09_APUANE_2015 Protocollo Prefettura.txt,Centro Antiviolenza Centro Donna di Massa,Servizi Sociali e Sanitari della Società della Salute
09_APUANE_2015 Protocollo Prefettura.txt,Centro Antiviolenza Centro Donna di Massa,Società della Salute della Lunigiana
09_APUANE_2015 Protocollo Prefettura.txt,Centro Antiviolenza Centro Donna di Massa,Terzo Settore
09_APUANE_2015 Protocollo Prefettura.txt,Centro Antiviolenza Centro Donna di Massa,Tribunale di Massa
09_APUANE_2015 Protocollo Prefettura.txt,Centro Antiviolenza Centro Donna di Massa,Tribunale per i Minorenni
09_APUANE_2015 Protocollo Prefettura.txt,Centro Antiviolenza Centro Donna di Massa,Ufficio Scolastico Provinciale
09_APUANE_2015 Protocollo Prefettura.txt,Centro Antiviolenza Centro Donna di Massa,Unione Europea
09_APUANE_2015 Protocollo Prefettura.txt,Centro Antiviolenza Donna chiama Donna di Carrara,Centro Antiviolenza Duna di Massa
09_APUANE_2015 Protocollo Prefettura.txt,Centro Antiviolenza Donna chiama Donna di Carrara,Centro Donna Chiama Donna
09_APUANE_2015 Protocollo Prefettura.txt,Centro Antiviolenza Donna chiama Donna di Carrara,Centro Donna Lunigiana
09_APUANE_2015 Protocollo Prefettura.txt,Centro Antiviolenza Donna chiama Donna di Carrara,Centro Donna Provinciale
09_APUANE_2015 Protocollo Prefettura.txt,Centro Antiviolenza Donna chiama Donna di Carrara,Centro di Ascolto CIF di Carrara
09_APUANE_2015 Protocollo Prefettura.txt,Centro Antiviolenza Donna chiama Donna di Carrara,Centro di Ascolto Sabine di Montignoso
09_APUANE_2015 Protocollo Prefettura.txt,Centro Antiviolenza Donna chiama Donna di Carrara,Comando Provinciale dei Carabinieri di Massa Carrara
09_APUANE_2015 Protocollo Prefettura.txt,Centro Antiviolenza Donna chiama Donna di Carrara,Comando Provinciale della Guardia di Finanza di Massa Carrara
09_APUANE_2015 Protocollo Prefettura.txt,Centro Antiviolenza Donna chiama Donna di Carrara,Comune di Carrara
09_APUANE_2015 Protocollo Prefettura.txt,Centro Antiviolenza Donna chiama Donna di Carrara,Comune di Massa
09_APUANE_2015 Protocollo Prefettura.txt,Centro Antiviolenza Donna chiama Donna di Carrara,Comune di Montignoso
09_APUANE_2015 Protocollo Prefettura.txt,Centro Antiviolenza Donna chiama Donna di Carrara,Conferenza unificata Stato-Regioni
09_APUANE_2015 Protocollo Prefettura.txt,Centro Antiviolenza Donna chiama Donna di Carrara,Consiglio d'Europa
09_APUANE_2015 Protocollo Prefettura.txt,Centro Antiviolenza Donna chiama Donna di Carrara,Consultorio principale
09_APUANE_2015 Protocollo Prefettura.txt,Centro Antiviolenza Donna chiama Donna di Carrara,Direttore Sanitario
09_APUANE_2015 Protocollo Prefettura.txt,Centro Antiviolenza Donna chiama Donna di Carrara,Giunta della Regione Toscana
09_APUANE_2015 Protocollo Prefettura.txt,Centro Antiviolenza Donna chiama Donna di Carrara,Istat
09_APUANE_2015 Protocollo Prefettura.txt,Centro Antiviolenza Donna chiama Donna di Carrara,Organizzazione Mondiale della Sanita
09_APUANE_2015 Protocollo Prefettura.txt,Centro Antiviolenza Donna chiama Donna di Carrara,Organizzazione delle Nazioni Unite
09_APUANE_2015 Protocollo Prefettura.txt,Centro Antiviolenza Donna chiama Donna di Carrara,Ospedale (Pronto Soccorso
09_APUANE_2015 Protocollo Prefettura.txt,Centro Antiviolenza Donna chiama Donna di Carrara,Prefettura di Massa-Carrara
09_APUANE_2015 Protocollo Prefettura.txt,Centro Antiviolenza Donna chiama Donna di Carrara,Presidenza del Consiglio dei Ministri
09_APUANE_2015 Protocollo Prefettura.txt,Centro Antiviolenza Donna chiama Donna di Carrara,Procura del Tribunale dei Minori di Genova
09_APUANE_2015 Protocollo Prefettura.txt,Centro Antiviolenza Donna chiama Donna di Carrara,Procura della Repubblica di Firenze
09_APUANE_2015 Protocollo Prefettura.txt,Centro Antiviolenza Donna chiama Donna di Carrara,Procura della Repubblica di Massa
09_APUANE_2015 Protocollo Prefettura.txt,Centro Antiviolenza Donna chiama Donna di Carrara,Procura della Repubblica minorile
09_APUANE_2015 Protocollo Prefettura.txt,Centro Antiviolenza Donna chiama Donna di Carrara,Procura della Repubblica presso il Tribunale ordinario
09_APUANE_2015 Protocollo Prefettura.txt,Centro Antiviolenza Donna chiama Donna di Carrara,Provincia di Massa Carrara
09_APUANE_2015 Protocollo Prefettura.txt,Centro Antiviolenza Donna chiama Donna di Carrara,Questura di Massa Carrara
09_APUANE_2015 Protocollo Prefettura.txt,Centro Antiviolenza Donna chiama Donna di Carrara,Regione Toscana
09_APUANE_2015 Protocollo Prefettura.txt,Centro Antiviolenza Donna chiama Donna di Carrara,Servizi Sociali dei Comuni di Costa
09_APUANE_2015 Protocollo Prefettura.txt,Centro Antiviolenza Donna chiama Donna di Carrara,Servizi Sociali e Sanitari della Società della Salute
09_APUANE_2015 Protocollo Prefettura.txt,Centro Antiviolenza Donna chiama Donna di Carrara,Società della Salute della Lunigiana
09_APUANE_2015 Protocollo Prefettura.txt,Centro Antiviolenza Donna chiama Donna di Carrara,Terzo Settore
09_APUANE_2015 Protocollo Prefettura.txt,Centro Antiviolenza Donna chiama Donna di Carrara,Tribunale di Massa
09_APUANE_2015 Protocollo Prefettura.txt,Centro Antiviolenza Donna chiama Donna di Carrara,Tribunale per i Minorenni
09_APUANE_2015 Protocollo Prefettura.txt,Centro Antiviolenza Donna chiama Donna di Carrara,Ufficio Scolastico Provinciale
09_APUANE_2015 Protocollo Prefettura.txt,Centro Antiviolenza Donna chiama Donna di Carrara,Unione Europea
09_APUANE_2015 Protocollo Prefettura.txt,Centro Antiviolenza Duna di Massa,Centro Donna Chiama Donna
09_APUANE_2015 Protocollo Prefettura.txt,Centro Antiviolenza Duna di Massa,Centro Donna Lunigiana
09_APUANE_2015 Protocollo Prefettura.txt,Centro Antiviolenza Duna di Massa,Centro Donna Provinciale
09_APUANE_2015 Protocollo Prefettura.txt,Centro Antiviolenza Duna di Massa,Centro di Ascolto CIF di Carrara
09_APUANE_2015 Protocollo Prefettura.txt,Centro Antiviolenza Duna di Massa,Centro di Ascolto Sabine di Montignoso
09_APUANE_2015 Protocollo Prefettura.txt,Centro Antiviolenza Duna di Massa,Comando Provinciale dei Carabinieri di Massa Carrara
09_APUANE_2015 Protocollo Prefettura.txt,Centro Antiviolenza Duna di Massa,Comando Provinciale della Guardia di Finanza di Massa Carrara
09_APUANE_2015 Protocollo Prefettura.txt,Centro Antiviolenza Duna di Massa,Comune di Carrara
09_APUANE_2015 Protocollo Prefettura.txt,Centro Antiviolenza Duna di Massa,Comune di Massa
09_APUANE_2015 Protocollo Prefettura.txt,Centro Antiviolenza Duna di Massa,Comune di Montignoso
09_APUANE_2015 Protocollo Prefettura.txt,Centro Antiviolenza Duna di Massa,Conferenza unificata Stato-Regioni
09_APUANE_2015 Protocollo Prefettura.txt,Centro Antiviolenza Duna di Massa,Consiglio d'Europa
09_APUANE_2015 Protocollo Prefettura.txt,Centro Antiviolenza Duna di Massa,Consultorio principale
09_APUANE_2015 Protocollo Prefettura.txt,Centro Antiviolenza Duna di Massa,Direttore Sanitario
09_APUANE_2015 Protocollo Prefettura.txt,Centro Antiviolenza Duna di Massa,Giunta della Regione Toscana
09_APUANE_2015 Protocollo Prefettura.txt,Centro Antiviolenza Duna di Massa,Istat
09_APUANE_2015 Protocollo Prefettura.txt,Centro Antiviolenza Duna di Massa,Organizzazione Mondiale della Sanita
09_APUANE_2015 Protocollo Prefettura.txt,Centro Antiviolenza Duna di Massa,Organizzazione delle Nazioni Unite
09_APUANE_2015 Protocollo Prefettura.txt,Centro Antiviolenza Duna di Massa,Ospedale (Pronto Soccorso
09_APUANE_2015 Protocollo Prefettura.txt,Centro Antiviolenza Duna di Massa,Prefettura di Massa-Carrara
09_APUANE_2015 Protocollo Prefettura.txt,Centro Antiviolenza Duna di Massa,Presidenza del Consiglio dei Ministri
09_APUANE_2015 Protocollo Prefettura.txt,Centro Antiviolenza Duna di Massa,Procura del Tribunale dei Minori di Genova
09_APUANE_2015 Protocollo Prefettura.txt,Centro Antiviolenza Duna di Massa,Procura della Repubblica di Firenze
09_APUANE_2015 Protocollo Prefettura.txt,Centro Antiviolenza Duna di Massa,Procura della Repubblica di Massa
09_APUANE_2015 Protocollo Prefettura.txt,Centro Antiviolenza Duna di Massa,Procura della Repubblica minorile
09_APUANE_2015 Protocollo Prefettura.txt,Centro Antiviolenza Duna di Massa,Procura della Repubblica presso il Tribunale ordinario
09_APUANE_2015 Protocollo Prefettura.txt,Centro Antiviolenza Duna di Massa,Provincia di Massa Carrara
09_APUANE_2015 Protocollo Prefettura.txt,Centro Antiviolenza Duna di Massa,Questura di Massa Carrara
09_APUANE_2015 Protocollo Prefettura.txt,Centro Antiviolenza Duna di Massa,Regione Toscana
09_APUANE_2015 Protocollo Prefettura.txt,Centro Antiviolenza Duna di Massa,Servizi Sociali dei Comuni di Costa
09_APUANE_2015 Protocollo Prefettura.txt,Centro Antiviolenza Duna di Massa,Servizi Sociali e Sanitari della Società della Salute
09_APUANE_2015 Protocollo Prefettura.txt,Centro Antiviolenza Duna di Massa,Società della Salute della Lunigiana
09_APUANE_2015 Protocollo Prefettura.txt,Centro Antiviolenza Duna di Massa,Terzo Settore
09_APUANE_2015 Protocollo Prefettura.txt,Centro Antiviolenza Duna di Massa,Tribunale di Massa
09_APUANE_2015 Protocollo Prefettura.txt,Centro Antiviolenza Duna di Massa,Tribunale per i Minorenni
09_APUANE_2015 Protocollo Prefettura.txt,Centro Antiviolenza Duna di Massa,Ufficio Scolastico Provinciale
09_APUANE_2015 Protocollo Prefettura.txt,Centro Antiviolenza Duna di Massa,Unione Europea
09_APUANE_2015 Protocollo Prefettura.txt,Centro Donna Chiama Donna,Centro Donna Lunigiana
09_APUANE_2015 Protocollo Prefettura.txt,Centro Donna Chiama Donna,Centro Donna Provinciale
09_APUANE_2015 Protocollo Prefettura.txt,Centro Donna Chiama Donna,Centro di Ascolto CIF di Carrara
09_APUANE_2015 Protocollo Prefettura.txt,Centro Donna Chiama Donna,Centro di Ascolto Sabine di Montignoso
09_APUANE_2015 Protocollo Prefettura.txt,Centro Donna Chiama Donna,Comando Provinciale dei Carabinieri di Massa Carrara
09_APUANE_2015 Protocollo Prefettura.txt,Centro Donna Chiama Donna,Comando Provinciale della Guardia di Finanza di Massa Carrara
09_APUANE_2015 Protocollo Prefettura.txt,Centro Donna Chiama Donna,Comune di Carrara
09_APUANE_2015 Protocollo Prefettura.txt,Centro Donna Chiama Donna,Comune di Massa
09_APUANE_2015 Protocollo Prefettura.txt,Centro Donna Chiama Donna,Comune di Montignoso
09_APUANE_2015 Protocollo Prefettura.txt,Centro Donna Chiama Donna,Conferenza unificata Stato-Regioni
09_APUANE_2015 Protocollo Prefettura.txt,Centro Donna Chiama Donna,Consiglio d'Europa
09_APUANE_2015 Protocollo Prefettura.txt,Centro Donna Chiama Donna,Consultorio principale
09_APUANE_2015 Protocollo Prefettura.txt,Centro Donna Chiama Donna,Direttore Sanitario
09_APUANE_2015 Protocollo Prefettura.txt,Centro Donna Chiama Donna,Giunta della Regione Toscana
09_APUANE_2015 Protocollo Prefettura.txt,Centro Donna Chiama Donna,Istat
09_APUANE_2015 Protocollo Prefettura.txt,Centro Donna Chiama Donna,Organizzazione Mondiale della Sanita
09_APUANE_2015 Protocollo Prefettura.txt,Centro Donna Chiama Donna,Organizzazione delle Nazioni Unite
09_APUANE_2015 Protocollo Prefettura.txt,Centro Donna Chiama Donna,Ospedale (Pronto Soccorso
09_APUANE_2015 Protocollo Prefettura.txt,Centro Donna Chiama Donna,Prefettura di Massa-Carrara
09_APUANE_2015 Protocollo Prefettura.txt,Centro Donna Chiama Donna,Presidenza del Consiglio dei Ministri
09_APUANE_2015 Protocollo Prefettura.txt,Centro Donna Chiama Donna,Procura del Tribunale dei Minori di Genova
09_APUANE_2015 Protocollo Prefettura.txt,Centro Donna Chiama Donna,Procura della Repubblica di Firenze
09_APUANE_2015 Protocollo Prefettura.txt,Centro Donna Chiama Donna,Procura della Repubblica di Massa
09_APUANE_2015 Protocollo Prefettura.txt,Centro Donna Chiama Donna,Procura della Repubblica minorile
09_APUANE_2015 Protocollo Prefettura.txt,Centro Donna Chiama Donna,Procura della Repubblica presso il Tribunale ordinario
09_APUANE_2015 Protocollo Prefettura.txt,Centro Donna Chiama Donna,Provincia di Massa Carrara
09_APUANE_2015 Protocollo Prefettura.txt,Centro Donna Chiama Donna,Questura di Massa Carrara
09_APUANE_2015 Protocollo Prefettura.txt,Centro Donna Chiama Donna,Regione Toscana
09_APUANE_2015 Protocollo Prefettura.txt,Centro Donna Chiama Donna,Servizi Sociali dei Comuni di Costa
09_APUANE_2015 Protocollo Prefettura.txt,Centro Donna Chiama Donna,Servizi Sociali e Sanitari della Società della Salute
09_APUANE_2015 Protocollo Prefettura.txt,Centro Donna Chiama Donna,Società della Salute della Lunigiana
09_APUANE_2015 Protocollo Prefettura.txt,Centro Donna Chiama Donna,Terzo Settore
09_APUANE_2015 Protocollo Prefettura.txt,Centro Donna Chiama Donna,Tribunale di Massa
09_APUANE_2015 Protocollo Prefettura.txt,Centro Donna Chiama Donna,Tribunale per i Minorenni
09_APUANE_2015 Protocollo Prefettura.txt,Centro Donna Chiama Donna,Ufficio Scolastico Provinciale
09_APUANE_2015 Protocollo Prefettura.txt,Centro Donna Chiama Donna,Unione Europea
09_APUANE_2015 Protocollo Prefettura.txt,Centro Donna Lunigiana,Centro Donna Provinciale
09_APUANE_2015 Protocollo Prefettura.txt,Centro Donna Lunigiana,Centro di Ascolto CIF di Carrara
09_APUANE_2015 Protocollo Prefettura.txt,Centro Donna Lunigiana,Centro di Ascolto Sabine di Montignoso
09_APUANE_2015 Protocollo Prefettura.txt,Centro Donna Lunigiana,Comando Provinciale dei Carabinieri di Massa Carrara
09_APUANE_2015 Protocollo Prefettura.txt,Centro Donna Lunigiana,Comando Provinciale della Guardia di Finanza di Massa Carrara
09_APUANE_2015 Protocollo Prefettura.txt,Centro Donna Lunigiana,Comune di Carrara
09_APUANE_2015 Protocollo Prefettura.txt,Centro Donna Lunigiana,Comune di Massa
09_APUANE_2015 Protocollo Prefettura.txt,Centro Donna Lunigiana,Comune di Montignoso
09_APUANE_2015 Protocollo Prefettura.txt,Centro Donna Lunigiana,Conferenza unificata Stato-Regioni
09_APUANE_2015 Protocollo Prefettura.txt,Centro Donna Lunigiana,Consiglio d'Europa
09_APUANE_2015 Protocollo Prefettura.txt,Centro Donna Lunigiana,Consultorio principale
09_APUANE_2015 Protocollo Prefettura.txt,Centro Donna Lunigiana,Direttore Sanitario
09_APUANE_2015 Protocollo Prefettura.txt,Centro Donna Lunigiana,Giunta della Regione Toscana
09_APUANE_2015 Protocollo Prefettura.txt,Centro Donna Lunigiana,Istat
09_APUANE_2015 Protocollo Prefettura.txt,Centro Donna Lunigiana,Organizzazione Mondiale della Sanita
09_APUANE_2015 Protocollo Prefettura.txt,Centro Donna Lunigiana,Organizzazione delle Nazioni Unite
09_APUANE_2015 Protocollo Prefettura.txt,Centro Donna Lunigiana,Ospedale (Pronto Soccorso
09_APUANE_2015 Protocollo Prefettura.txt,Centro Donna Lunigiana,Prefettura di Massa-Carrara
09_APUANE_2015 Protocollo Prefettura.txt,Centro Donna Lunigiana,Presidenza del Consiglio dei Ministri
09_APUANE_2015 Protocollo Prefettura.txt,Centro Donna Lunigiana,Procura del Tribunale dei Minori di Genova
09_APUANE_2015 Protocollo Prefettura.txt,Centro Donna Lunigiana,Procura della Repubblica di Firenze
09_APUANE_2015 Protocollo Prefettura.txt,Centro Donna Lunigiana,Procura della Repubblica di Massa
09_APUANE_2015 Protocollo Prefettura.txt,Centro Donna Lunigiana,Procura della Repubblica minorile
09_APUANE_2015 Protocollo Prefettura.txt,Centro Donna Lunigiana,Procura della Repubblica presso il Tribunale ordinario
09_APUANE_2015 Protocollo Prefettura.txt,Centro Donna Lunigiana,Provincia di Massa Carrara
09_APUANE_2015 Protocollo Prefettura.txt,Centro Donna Lunigiana,Questura di Massa Carrara
09_APUANE_2015 Protocollo Prefettura.txt,Centro Donna Lunigiana,Regione Toscana
09_APUANE_2015 Protocollo Prefettura.txt,Centro Donna Lunigiana,Servizi Sociali dei Comuni di Costa
09_APUANE_2015 Protocollo Prefettura.txt,Centro Donna Lunigiana,Servizi Sociali e Sanitari della Società della Salute
09_APUANE_2015 Protocollo Prefettura.txt,Centro Donna Lunigiana,Società della Salute della Lunigiana
09_APUANE_2015 Protocollo Prefettura.txt,Centro Donna Lunigiana,Terzo Settore
09_APUANE_2015 Protocollo Prefettura.txt,Centro Donna Lunigiana,Tribunale di Massa
09_APUANE_2015 Protocollo Prefettura.txt,Centro Donna Lunigiana,Tribunale per i Minorenni
09_APUANE_2015 Protocollo Prefettura.txt,Centro Donna Lunigiana,Ufficio Scolastico Provinciale
09_APUANE_2015 Protocollo Prefettura.txt,Centro Donna Lunigiana,Unione Europea
09_APUANE_2015 Protocollo Prefettura.txt,Centro Donna Provinciale,Centro di Ascolto CIF di Carrara
09_APUANE_2015 Protocollo Prefettura.txt,Centro Donna Provinciale,Centro di Ascolto Sabine di Montignoso
09_APUANE_2015 Protocollo Prefettura.txt,Centro Donna Provinciale,Comando Provinciale dei Carabinieri di Massa Carrara
09_APUANE_2015 Protocollo Prefettura.txt,Centro Donna Provinciale,Comando Provinciale della Guardia di Finanza di Massa Carrara
09_APUANE_2015 Protocollo Prefettura.txt,Centro Donna Provinciale,Comune di Carrara
09_APUANE_2015 Protocollo Prefettura.txt,Centro Donna Provinciale,Comune di Massa
09_APUANE_2015 Protocollo Prefettura.txt,Centro Donna Provinciale,Comune di Montignoso
09_APUANE_2015 Protocollo Prefettura.txt,Centro Donna Provinciale,Conferenza unificata Stato-Regioni
09_APUANE_2015 Protocollo Prefettura.txt,Centro Donna Provinciale,Consiglio d'Europa
09_APUANE_2015 Protocollo Prefettura.txt,Centro Donna Provinciale,Consultorio principale
09_APUANE_2015 Protocollo Prefettura.txt,Centro Donna Provinciale,Direttore Sanitario
09_APUANE_2015 Protocollo Prefettura.txt,Centro Donna Provinciale,Giunta della Regione Toscana
09_APUANE_2015 Protocollo Prefettura.txt,Centro Donna Provinciale,Istat
09_APUANE_2015 Protocollo Prefettura.txt,Centro Donna Provinciale,Organizzazione Mondiale della Sanita
09_APUANE_2015 Protocollo Prefettura.txt,Centro Donna Provinciale,Organizzazione delle Nazioni Unite
09_APUANE_2015 Protocollo Prefettura.txt,Centro Donna Provinciale,Ospedale (Pronto Soccorso
09_APUANE_2015 Protocollo Prefettura.txt,Centro Donna Provinciale,Prefettura di Massa-Carrara
09_APUANE_2015 Protocollo Prefettura.txt,Centro Donna Provinciale,Presidenza del Consiglio dei Ministri
09_APUANE_2015 Protocollo Prefettura.txt,Centro Donna Provinciale,Procura del Tribunale dei Minori di Genova
09_APUANE_2015 Protocollo Prefettura.txt,Centro Donna Provinciale,Procura della Repubblica di Firenze
09_APUANE_2015 Protocollo Prefettura.txt,Centro Donna Provinciale,Procura della Repubblica di Massa
09_APUANE_2015 Protocollo Prefettura.txt,Centro Donna Provinciale,Procura della Repubblica minorile
09_APUANE_2015 Protocollo Prefettura.txt,Centro Donna Provinciale,Procura della Repubblica presso il Tribunale ordinario
09_APUANE_2015 Protocollo Prefettura.txt,Centro Donna Provinciale,Provincia di Massa Carrara
09_APUANE_2015 Protocollo Prefettura.txt,Centro Donna Provinciale,Questura di Massa Carrara
09_APUANE_2015 Protocollo Prefettura.txt,Centro Donna Provinciale,Regione Toscana
09_APUANE_2015 Protocollo Prefettura.txt,Centro Donna Provinciale,Servizi Sociali dei Comuni di Costa
09_APUANE_2015 Protocollo Prefettura.txt,Centro Donna Provinciale,Servizi Sociali e Sanitari della Società della Salute
09_APUANE_2015 Protocollo Prefettura.txt,Centro Donna Provinciale,Società della Salute della Lunigiana
09_APUANE_2015 Protocollo Prefettura.txt,Centro Donna Provinciale,Terzo Settore
09_APUANE_2015 Protocollo Prefettura.txt,Centro Donna Provinciale,Tribunale di Massa
09_APUANE_2015 Protocollo Prefettura.txt,Centro Donna Provinciale,Tribunale per i Minorenni
09_APUANE_2015 Protocollo Prefettura.txt,Centro Donna Provinciale,Ufficio Scolastico Provinciale
09_APUANE_2015 Protocollo Prefettura.txt,Centro Donna Provinciale,Unione Europea
09_APUANE_2015 Protocollo Prefettura.txt,Centro di Ascolto CIF di Carrara,Centro di Ascolto Sabine di Montignoso
09_APUANE_2015 Protocollo Prefettura.txt,Centro di Ascolto CIF di Carrara,Comando Provinciale dei Carabinieri di Massa Carrara
09_APUANE_2015 Protocollo Prefettura.txt,Centro di Ascolto CIF di Carrara,Comando Provinciale della Guardia di Finanza di Massa Carrara
09_APUANE_2015 Protocollo Prefettura.txt,Centro di Ascolto CIF di Carrara,Comune di Carrara
09_APUANE_2015 Protocollo Prefettura.txt,Centro di Ascolto CIF di Carrara,Comune di Massa
09_APUANE_2015 Protocollo Prefettura.txt,Centro di Ascolto CIF di Carrara,Comune di Montignoso
09_APUANE_2015 Protocollo Prefettura.txt,Centro di Ascolto CIF di Carrara,Conferenza unificata Stato-Regioni
09_APUANE_2015 Protocollo Prefettura.txt,Centro di Ascolto CIF di Carrara,Consiglio d'Europa
09_APUANE_2015 Protocollo Prefettura.txt,Centro di Ascolto CIF di Carrara,Consultorio principale
09_APUANE_2015 Protocollo Prefettura.txt,Centro di Ascolto CIF di Carrara,Direttore Sanitario
09_APUANE_2015 Protocollo Prefettura.txt,Centro di Ascolto CIF di Carrara,Giunta della Regione Toscana
09_APUANE_2015 Protocollo Prefettura.txt,Centro di Ascolto CIF di Carrara,Istat
09_APUANE_2015 Protocollo Prefettura.txt,Centro di Ascolto CIF di Carrara,Organizzazione Mondiale della Sanita
09_APUANE_2015 Protocollo Prefettura.txt,Centro di Ascolto CIF di Carrara,Organizzazione delle Nazioni Unite
09_APUANE_2015 Protocollo Prefettura.txt,Centro di Ascolto CIF di Carrara,Ospedale (Pronto Soccorso
09_APUANE_2015 Protocollo Prefettura.txt,Centro di Ascolto CIF di Carrara,Prefettura di Massa-Carrara
09_APUANE_2015 Protocollo Prefettura.txt,Centro di Ascolto CIF di Carrara,Presidenza del Consiglio dei Ministri
09_APUANE_2015 Protocollo Prefettura.txt,Centro di Ascolto CIF di Carrara,Procura del Tribunale dei Minori di Genova
09_APUANE_2015 Protocollo Prefettura.txt,Centro di Ascolto CIF di Carrara,Procura della Repubblica di Firenze
09_APUANE_2015 Protocollo Prefettura.txt,Centro di Ascolto CIF di Carrara,Procura della Repubblica di Massa
09_APUANE_2015 Protocollo Prefettura.txt,Centro di Ascolto CIF di Carrara,Procura della Repubblica minorile
09_APUANE_2015 Protocollo Prefettura.txt,Centro di Ascolto CIF di Carrara,Procura della Repubblica presso il Tribunale ordinario
09_APUANE_2015 Protocollo Prefettura.txt,Centro di Ascolto CIF di Carrara,Provincia di Massa Carrara
09_APUANE_2015 Protocollo Prefettura.txt,Centro di Ascolto CIF di Carrara,Questura di Massa Carrara
09_APUANE_2015 Protocollo Prefettura.txt,Centro di Ascolto CIF di Carrara,Regione Toscana
09_APUANE_2015 Protocollo Prefettura.txt,Centro di Ascolto CIF di Carrara,Servizi Sociali dei Comuni di Costa
09_APUANE_2015 Protocollo Prefettura.txt,Centro di Ascolto CIF di Carrara,Servizi Sociali e Sanitari della Società della Salute
09_APUANE_2015 Protocollo Prefettura.txt,Centro di Ascolto CIF di Carrara,Società della Salute della Lunigiana
09_APUANE_2015 Protocollo Prefettura.txt,Centro di Ascolto CIF di Carrara,Terzo Settore
09_APUANE_2015 Protocollo Prefettura.txt,Centro di Ascolto CIF di Carrara,Tribunale di Massa
09_APUANE_2015 Protocollo Prefettura.txt,Centro di Ascolto CIF di Carrara,Tribunale per i Minorenni
09_APUANE_2015 Protocollo Prefettura.txt,Centro di Ascolto CIF di Carrara,Ufficio Scolastico Provinciale
09_APUANE_2015 Protocollo Prefettura.txt,Centro di Ascolto CIF di Carrara,Unione Europea
09_APUANE_2015 Protocollo Prefettura.txt,Centro di Ascolto Sabine di Montignoso,Comando Provinciale dei Carabinieri di Massa Carrara
09_APUANE_2015 Protocollo Prefettura.txt,Centro di Ascolto Sabine di Montignoso,Comando Provinciale della Guardia di Finanza di Massa Carrara
09_APUANE_2015 Protocollo Prefettura.txt,Centro di Ascolto Sabine di Montignoso,Comune di Carrara
09_APUANE_2015 Protocollo Prefettura.txt,Centro di Ascolto Sabine di Montignoso,Comune di Massa
09_APUANE_2015 Protocollo Prefettura.txt,Centro di Ascolto Sabine di Montignoso,Comune di Montignoso
09_APUANE_2015 Protocollo Prefettura.txt,Centro di Ascolto Sabine di Montignoso,Conferenza unificata Stato-Regioni
09_APUANE_2015 Protocollo Prefettura.txt,Centro di Ascolto Sabine di Montignoso,Consiglio d'Europa
09_APUANE_2015 Protocollo Prefettura.txt,Centro di Ascolto Sabine di Montignoso,Consultorio principale
09_APUANE_2015 Protocollo Prefettura.txt,Centro di Ascolto Sabine di Montignoso,Direttore Sanitario
09_APUANE_2015 Protocollo Prefettura.txt,Centro di Ascolto Sabine di Montignoso,Giunta della Regione Toscana
09_APUANE_2015 Protocollo Prefettura.txt,Centro di Ascolto Sabine di Montignoso,Istat
09_APUANE_2015 Protocollo Prefettura.txt,Centro di Ascolto Sabine di Montignoso,Organizzazione Mondiale della Sanita
09_APUANE_2015 Protocollo Prefettura.txt,Centro di Ascolto Sabine di Montignoso,Organizzazione delle Nazioni Unite
09_APUANE_2015 Protocollo Prefettura.txt,Centro di Ascolto Sabine di Montignoso,Ospedale (Pronto Soccorso
09_APUANE_2015 Protocollo Prefettura.txt,Centro di Ascolto Sabine di Montignoso,Prefettura di Massa-Carrara
09_APUANE_2015 Protocollo Prefettura.txt,Centro di Ascolto Sabine di Montignoso,Presidenza del Consiglio dei Ministri
09_APUANE_2015 Protocollo Prefettura.txt,Centro di Ascolto Sabine di Montignoso,Procura del Tribunale dei Minori di Genova
09_APUANE_2015 Protocollo Prefettura.txt,Centro di Ascolto Sabine di Montignoso,Procura della Repubblica di Firenze
09_APUANE_2015 Protocollo Prefettura.txt,Centro di Ascolto Sabine di Montignoso,Procura della Repubblica di Massa
09_APUANE_2015 Protocollo Prefettura.txt,Centro di Ascolto Sabine di Montignoso,Procura della Repubblica minorile
09_APUANE_2015 Protocollo Prefettura.txt,Centro di Ascolto Sabine di Montignoso,Procura della Repubblica presso il Tribunale ordinario
09_APUANE_2015 Protocollo Prefettura.txt,Centro di Ascolto Sabine di Montignoso,Provincia di Massa Carrara
09_APUANE_2015 Protocollo Prefettura.txt,Centro di Ascolto Sabine di Montignoso,Questura di Massa Carrara
09_APUANE_2015 Protocollo Prefettura.txt,Centro di Ascolto Sabine di Montignoso,Regione Toscana
09_APUANE_2015 Protocollo Prefettura.txt,Centro di Ascolto Sabine di Montignoso,Servizi Sociali dei Comuni di Costa
09_APUANE_2015 Protocollo Prefettura.txt,Centro di Ascolto Sabine di Montignoso,Servizi Sociali e Sanitari della Società della Salute
09_APUANE_2015 Protocollo Prefettura.txt,Centro di Ascolto Sabine di Montignoso,Società della Salute della Lunigiana
09_APUANE_2015 Protocollo Prefettura.txt,Centro di Ascolto Sabine di Montignoso,Terzo Settore
09_APUANE_2015 Protocollo Prefettura.txt,Centro di Ascolto Sabine di Montignoso,Tribunale di Massa
09_APUANE_2015 Protocollo Prefettura.txt,Centro di Ascolto Sabine di Montignoso,Tribunale per i Minorenni
09_APUANE_2015 Protocollo Prefettura.txt,Centro di Ascolto Sabine di Montignoso,Ufficio Scolastico Provinciale
09_APUANE_2015 Protocollo Prefettura.txt,Centro di Ascolto Sabine di Montignoso,Unione Europea
09_APUANE_2015 Protocollo Prefettura.txt,Comando Provinciale dei Carabinieri di Massa Carrara,Comando Provinciale della Guardia di Finanza di Massa Carrara
09_APUANE_2015 Protocollo Prefettura.txt,Comando Provinciale dei Carabinieri di Massa Carrara,Comune di Carrara
09_APUANE_2015 Protocollo Prefettura.txt,Comando Provinciale dei Carabinieri di Massa Carrara,Comune di Massa
09_APUANE_2015 Protocollo Prefettura.txt,Comando Provinciale dei Carabinieri di Massa Carrara,Comune di Montignoso
09_APUANE_2015 Protocollo Prefettura.txt,Comando Provinciale dei Carabinieri di Massa Carrara,Conferenza unificata Stato-Regioni
09_APUANE_2015 Protocollo Prefettura.txt,Comando Provinciale dei Carabinieri di Massa Carrara,Consiglio d'Europa
09_APUANE_2015 Protocollo Prefettura.txt,Comando Provinciale dei Carabinieri di Massa Carrara,Consultorio principale
09_APUANE_2015 Protocollo Prefettura.txt,Comando Provinciale dei Carabinieri di Massa Carrara,Direttore Sanitario
09_APUANE_2015 Protocollo Prefettura.txt,Comando Provinciale dei Carabinieri di Massa Carrara,Giunta della Regione Toscana
09_APUANE_2015 Protocollo Prefettura.txt,Comando Provinciale dei Carabinieri di Massa Carrara,Istat
09_APUANE_2015 Protocollo Prefettura.txt,Comando Provinciale dei Carabinieri di Massa Carrara,Organizzazione Mondiale della Sanita
09_APUANE_2015 Protocollo Prefettura.txt,Comando Provinciale dei Carabinieri di Massa Carrara,Organizzazione delle Nazioni Unite
09_APUANE_2015 Protocollo Prefettura.txt,Comando Provinciale dei Carabinieri di Massa Carrara,Ospedale (Pronto Soccorso
09_APUANE_2015 Protocollo Prefettura.txt,Comando Provinciale dei Carabinieri di Massa Carrara,Prefettura di Massa-Carrara
09_APUANE_2015 Protocollo Prefettura.txt,Comando Provinciale dei Carabinieri di Massa Carrara,Presidenza del Consiglio dei Ministri
09_APUANE_2015 Protocollo Prefettura.txt,Comando Provinciale dei Carabinieri di Massa Carrara,Procura del Tribunale dei Minori di Genova
09_APUANE_2015 Protocollo Prefettura.txt,Comando Provinciale dei Carabinieri di Massa Carrara,Procura della Repubblica di Firenze
09_APUANE_2015 Protocollo Prefettura.txt,Comando Provinciale dei Carabinieri di Massa Carrara,Procura della Repubblica di Massa
09_APUANE_2015 Protocollo Prefettura.txt,Comando Provinciale dei Carabinieri di Massa Carrara,Procura della Repubblica minorile
09_APUANE_2015 Protocollo Prefettura.txt,Comando Provinciale dei Carabinieri di Massa Carrara,Procura della Repubblica presso il Tribunale ordinario
09_APUANE_2015 Protocollo Prefettura.txt,Comando Provinciale dei Carabinieri di Massa Carrara,Provincia di Massa Carrara
09_APUANE_2015 Protocollo Prefettura.txt,Comando Provinciale dei Carabinieri di Massa Carrara,Questura di Massa Carrara
09_APUANE_2015 Protocollo Prefettura.txt,Comando Provinciale dei Carabinieri di Massa Carrara,Regione Toscana
09_APUANE_2015 Protocollo Prefettura.txt,Comando Provinciale dei Carabinieri di Massa Carrara,Servizi Sociali dei Comuni di Costa
09_APUANE_2015 Protocollo Prefettura.txt,Comando Provinciale dei Carabinieri di Massa Carrara,Servizi Sociali e Sanitari della Società della Salute
09_APUANE_2015 Protocollo Prefettura.txt,Comando Provinciale dei Carabinieri di Massa Carrara,Società della Salute della Lunigiana
09_APUANE_2015 Protocollo Prefettura.txt,Comando Provinciale dei Carabinieri di Massa Carrara,Terzo Settore
09_APUANE_2015 Protocollo Prefettura.txt,Comando Provinciale dei Carabinieri di Massa Carrara,Tribunale di Massa
09_APUANE_2015 Protocollo Prefettura.txt,Comando Provinciale dei Carabinieri di Massa Carrara,Tribunale per i Minorenni
09_APUANE_2015 Protocollo Prefettura.txt,Comando Provinciale dei Carabinieri di Massa Carrara,Ufficio Scolastico Provinciale
09_APUANE_2015 Protocollo Prefettura.txt,Comando Provinciale dei Carabinieri di Massa Carrara,Unione Europea
09_APUANE_2015 Protocollo Prefettura.txt,Comando Provinciale della Guardia di Finanza di Massa Carrara,Comune di Carrara
09_APUANE_2015 Protocollo Prefettura.txt,Comando Provinciale della Guardia di Finanza di Massa Carrara,Comune di Massa
09_APUANE_2015 Protocollo Prefettura.txt,Comando Provinciale della Guardia di Finanza di Massa Carrara,Comune di Montignoso
09_APUANE_2015 Protocollo Prefettura.txt,Comando Provinciale della Guardia di Finanza di Massa Carrara,Conferenza unificata Stato-Regioni
09_APUANE_2015 Protocollo Prefettura.txt,Comando Provinciale della Guardia di Finanza di Massa Carrara,Consiglio d'Europa
09_APUANE_2015 Protocollo Prefettura.txt,Comando Provinciale della Guardia di Finanza di Massa Carrara,Consultorio principale
09_APUANE_2015 Protocollo Prefettura.txt,Comando Provinciale della Guardia di Finanza di Massa Carrara,Direttore Sanitario
09_APUANE_2015 Protocollo Prefettura.txt,Comando Provinciale della Guardia di Finanza di Massa Carrara,Giunta della Regione Toscana
09_APUANE_2015 Protocollo Prefettura.txt,Comando Provinciale della Guardia di Finanza di Massa Carrara,Istat
09_APUANE_2015 Protocollo Prefettura.txt,Comando Provinciale della Guardia di Finanza di Massa Carrara,Organizzazione Mondiale della Sanita
09_APUANE_2015 Protocollo Prefettura.txt,Comando Provinciale della Guardia di Finanza di Massa Carrara,Organizzazione delle Nazioni Unite
09_APUANE_2015 Protocollo Prefettura.txt,Comando Provinciale della Guardia di Finanza di Massa Carrara,Ospedale (Pronto Soccorso
09_APUANE_2015 Protocollo Prefettura.txt,Comando Provinciale della Guardia di Finanza di Massa Carrara,Prefettura di Massa-Carrara
09_APUANE_2015 Protocollo Prefettura.txt,Comando Provinciale della Guardia di Finanza di Massa Carrara,Presidenza del Consiglio dei Ministri
09_APUANE_2015 Protocollo Prefettura.txt,Comando Provinciale della Guardia di Finanza di Massa Carrara,Procura del Tribunale dei Minori di Genova
09_APUANE_2015 Protocollo Prefettura.txt,Comando Provinciale della Guardia di Finanza di Massa Carrara,Procura della Repubblica di Firenze
09_APUANE_2015 Protocollo Prefettura.txt,Comando Provinciale della Guardia di Finanza di Massa Carrara,Procura della Repubblica di Massa
09_APUANE_2015 Protocollo Prefettura.txt,Comando Provinciale della Guardia di Finanza di Massa Carrara,Procura della Repubblica minorile
09_APUANE_2015 Protocollo Prefettura.txt,Comando Provinciale della Guardia di Finanza di Massa Carrara,Procura della Repubblica presso il Tribunale ordinario
09_APUANE_2015 Protocollo Prefettura.txt,Comando Provinciale della Guardia di Finanza di Massa Carrara,Provincia di Massa Carrara
09_APUANE_2015 Protocollo Prefettura.txt,Comando Provinciale della Guardia di Finanza di Massa Carrara,Questura di Massa Carrara
09_APUANE_2015 Protocollo Prefettura.txt,Comando Provinciale della Guardia di Finanza di Massa Carrara,Regione Toscana
09_APUANE_2015 Protocollo Prefettura.txt,Comando Provinciale della Guardia di Finanza di Massa Carrara,Servizi Sociali dei Comuni di Costa
09_APUANE_2015 Protocollo Prefettura.txt,Comando Provinciale della Guardia di Finanza di Massa Carrara,Servizi Sociali e Sanitari della Società della Salute
09_APUANE_2015 Protocollo Prefettura.txt,Comando Provinciale della Guardia di Finanza di Massa Carrara,Società della Salute della Lunigiana
09_APUANE_2015 Protocollo Prefettura.txt,Comando Provinciale della Guardia di Finanza di Massa Carrara,Terzo Settore
09_APUANE_2015 Protocollo Prefettura.txt,Comando Provinciale della Guardia di Finanza di Massa Carrara,Tribunale di Massa
09_APUANE_2015 Protocollo Prefettura.txt,Comando Provinciale della Guardia di Finanza di Massa Carrara,Tribunale per i Minorenni
09_APUANE_2015 Protocollo Prefettura.txt,Comando Provinciale della Guardia di Finanza di Massa Carrara,Ufficio Scolastico Provinciale
09_APUANE_2015 Protocollo Prefettura.txt,Comando Provinciale della Guardia di Finanza di Massa Carrara,Unione Europea
09_APUANE_2015 Protocollo Prefettura.txt,Comune di Carrara,Comune di Massa
09_APUANE_2015 Protocollo Prefettura.txt,Comune di Carrara,Comune di Montignoso
09_APUANE_2015 Protocollo Prefettura.txt,Comune di Carrara,Conferenza unificata Stato-Regioni
09_APUANE_2015 Protocollo Prefettura.txt,Comune di Carrara,Consiglio d'Europa
09_APUANE_2015 Protocollo Prefettura.txt,Comune di Carrara,Consultorio principale
09_APUANE_2015 Protocollo Prefettura.txt,Comune di Carrara,Direttore Sanitario
09_APUANE_2015 Protocollo Prefettura.txt,Comune di Carrara,Giunta della Regione Toscana
09_APUANE_2015 Protocollo Prefettura.txt,Comune di Carrara,Istat
09_APUANE_2015 Protocollo Prefettura.txt,Comune di Carrara,Organizzazione Mondiale della Sanita
09_APUANE_2015 Protocollo Prefettura.txt,Comune di Carrara,Organizzazione delle Nazioni Unite
09_APUANE_2015 Protocollo Prefettura.txt,Comune di Carrara,Ospedale (Pronto Soccorso
09_APUANE_2015 Protocollo Prefettura.txt,Comune di Carrara,Prefettura di Massa-Carrara
09_APUANE_2015 Protocollo Prefettura.txt,Comune di Carrara,Presidenza del Consiglio dei Ministri
09_APUANE_2015 Protocollo Prefettura.txt,Comune di Carrara,Procura del Tribunale dei Minori di Genova
09_APUANE_2015 Protocollo Prefettura.txt,Comune di Carrara,Procura della Repubblica di Firenze
09_APUANE_2015 Protocollo Prefettura.txt,Comune di Carrara,Procura della Repubblica di Massa
09_APUANE_2015 Protocollo Prefettura.txt,Comune di Carrara,Procura della Repubblica minorile
09_APUANE_2015 Protocollo Prefettura.txt,Comune di Carrara,Procura della Repubblica presso il Tribunale ordinario
09_APUANE_2015 Protocollo Prefettura.txt,Comune di Carrara,Provincia di Massa Carrara
09_APUANE_2015 Protocollo Prefettura.txt,Comune di Carrara,Questura di Massa Carrara
09_APUANE_2015 Protocollo Prefettura.txt,Comune di Carrara,Regione Toscana
09_APUANE_2015 Protocollo Prefettura.txt,Comune di Carrara,Servizi Sociali dei Comuni di Costa
09_APUANE_2015 Protocollo Prefettura.txt,Comune di Carrara,Servizi Sociali e Sanitari della Società della Salute
09_APUANE_2015 Protocollo Prefettura.txt,Comune di Carrara,Società della Salute della Lunigiana
09_APUANE_2015 Protocollo Prefettura.txt,Comune di Carrara,Terzo Settore
09_APUANE_2015 Protocollo Prefettura.txt,Comune di Carrara,Tribunale di Massa
09_APUANE_2015 Protocollo Prefettura.txt,Comune di Carrara,Tribunale per i Minorenni
09_APUANE_2015 Protocollo Prefettura.txt,Comune di Carrara,Ufficio Scolastico Provinciale
09_APUANE_2015 Protocollo Prefettura.txt,Comune di Carrara,Unione Europea
09_APUANE_2015 Protocollo Prefettura.txt,Comune di Massa,Comune di Montignoso
09_APUANE_2015 Protocollo Prefettura.txt,Comune di Massa,Conferenza unificata Stato-Regioni
09_APUANE_2015 Protocollo Prefettura.txt,Comune di Massa,Consiglio d'Europa
09_APUANE_2015 Protocollo Prefettura.txt,Comune di Massa,Consultorio principale
09_APUANE_2015 Protocollo Prefettura.txt,Comune di Massa,Direttore Sanitario
09_APUANE_2015 Protocollo Prefettura.txt,Comune di Massa,Giunta della Regione Toscana
09_APUANE_2015 Protocollo Prefettura.txt,Comune di Massa,Istat
09_APUANE_2015 Protocollo Prefettura.txt,Comune di Massa,Organizzazione Mondiale della Sanita
09_APUANE_2015 Protocollo Prefettura.txt,Comune di Massa,Organizzazione delle Nazioni Unite
09_APUANE_2015 Protocollo Prefettura.txt,Comune di Massa,Ospedale (Pronto Soccorso
09_APUANE_2015 Protocollo Prefettura.txt,Comune di Massa,Prefettura di Massa-Carrara
09_APUANE_2015 Protocollo Prefettura.txt,Comune di Massa,Presidenza del Consiglio dei Ministri
09_APUANE_2015 Protocollo Prefettura.txt,Comune di Massa,Procura del Tribunale dei Minori di Genova
09_APUANE_2015 Protocollo Prefettura.txt,Comune di Massa,Procura della Repubblica di Firenze
09_APUANE_2015 Protocollo Prefettura.txt,Comune di Massa,Procura della Repubblica di Massa
09_APUANE_2015 Protocollo Prefettura.txt,Comune di Massa,Procura della Repubblica minorile
09_APUANE_2015 Protocollo Prefettura.txt,Comune di Massa,Procura della Repubblica presso il Tribunale ordinario
09_APUANE_2015 Protocollo Prefettura.txt,Comune di Massa,Provincia di Massa Carrara
09_APUANE_2015 Protocollo Prefettura.txt,Comune di Massa,Questura di Massa Carrara
09_APUANE_2015 Protocollo Prefettura.txt,Comune di Massa,Regione Toscana
09_APUANE_2015 Protocollo Prefettura.txt,Comune di Massa,Servizi Sociali dei Comuni di Costa
09_APUANE_2015 Protocollo Prefettura.txt,Comune di Massa,Servizi Sociali e Sanitari della Società della Salute
09_APUANE_2015 Protocollo Prefettura.txt,Comune di Massa,Società della Salute della Lunigiana
09_APUANE_2015 Protocollo Prefettura.txt,Comune di Massa,Terzo Settore
09_APUANE_2015 Protocollo Prefettura.txt,Comune di Massa,Tribunale di Massa
09_APUANE_2015 Protocollo Prefettura.txt,Comune di Massa,Tribunale per i Minorenni
09_APUANE_2015 Protocollo Prefettura.txt,Comune di Massa,Ufficio Scolastico Provinciale
09_APUANE_2015 Protocollo Prefettura.txt,Comune di Massa,Unione Europea
09_APUANE_2015 Protocollo Prefettura.txt,Comune di Montignoso,Conferenza unificata Stato-Regioni
09_APUANE_2015 Protocollo Prefettura.txt,Comune di Montignoso,Consiglio d'Europa
09_APUANE_2015 Protocollo Prefettura.txt,Comune di Montignoso,Consultorio principale
09_APUANE_2015 Protocollo Prefettura.txt,Comune di Montignoso,Direttore Sanitario
09_APUANE_2015 Protocollo Prefettura.txt,Comune di Montignoso,Giunta della Regione Toscana
09_APUANE_2015 Protocollo Prefettura.txt,Comune di Montignoso,Istat
09_APUANE_2015 Protocollo Prefettura.txt,Comune di Montignoso,Organizzazione Mondiale della Sanita
09_APUANE_2015 Protocollo Prefettura.txt,Comune di Montignoso,Organizzazione delle Nazioni Unite
09_APUANE_2015 Protocollo Prefettura.txt,Comune di Montignoso,Ospedale (Pronto Soccorso
09_APUANE_2015 Protocollo Prefettura.txt,Comune di Montignoso,Prefettura di Massa-Carrara
09_APUANE_2015 Protocollo Prefettura.txt,Comune di Montignoso,Presidenza del Consiglio dei Ministri
09_APUANE_2015 Protocollo Prefettura.txt,Comune di Montignoso,Procura del Tribunale dei Minori di Genova
09_APUANE_2015 Protocollo Prefettura.txt,Comune di Montignoso,Procura della Repubblica di Firenze
09_APUANE_2015 Protocollo Prefettura.txt,Comune di Montignoso,Procura della Repubblica di Massa
09_APUANE_2015 Protocollo Prefettura.txt,Comune di Montignoso,Procura della Repubblica minorile
09_APUANE_2015 Protocollo Prefettura.txt,Comune di Montignoso,Procura della Repubblica presso il Tribunale ordinario
09_APUANE_2015 Protocollo Prefettura.txt,Comune di Montignoso,Provincia di Massa Carrara
09_APUANE_2015 Protocollo Prefettura.txt,Comune di Montignoso,Questura di Massa Carrara
09_APUANE_2015 Protocollo Prefettura.txt,Comune di Montignoso,Regione Toscana
09_APUANE_2015 Protocollo Prefettura.txt,Comune di Montignoso,Servizi Sociali dei Comuni di Costa
09_APUANE_2015 Protocollo Prefettura.txt,Comune di Montignoso,Servizi Sociali e Sanitari della Società della Salute
09_APUANE_2015 Protocollo Prefettura.txt,Comune di Montignoso,Società della Salute della Lunigiana
09_APUANE_2015 Protocollo Prefettura.txt,Comune di Montignoso,Terzo Settore
09_APUANE_2015 Protocollo Prefettura.txt,Comune di Montignoso,Tribunale di Massa
09_APUANE_2015 Protocollo Prefettura.txt,Comune di Montignoso,Tribunale per i Minorenni
09_APUANE_2015 Protocollo Prefettura.txt,Comune di Montignoso,Ufficio Scolastico Provinciale
09_APUANE_2015 Protocollo Prefettura.txt,Comune di Montignoso,Unione Europea
09_APUANE_2015 Protocollo Prefettura.txt,Conferenza unificata Stato-Regioni,Consiglio d'Europa
09_APUANE_2015 Protocollo Prefettura.txt,Conferenza unificata Stato-Regioni,Consultorio principale
09_APUANE_2015 Protocollo Prefettura.txt,Conferenza unificata Stato-Regioni,Direttore Sanitario
09_APUANE_2015 Protocollo Prefettura.txt,Conferenza unificata Stato-Regioni,Giunta della Regione Toscana
09_APUANE_2015 Protocollo Prefettura.txt,Conferenza unificata Stato-Regioni,Istat
09_APUANE_2015 Protocollo Prefettura.txt,Conferenza unificata Stato-Regioni,Organizzazione Mondiale della Sanita
09_APUANE_2015 Protocollo Prefettura.txt,Conferenza unificata Stato-Regioni,Organizzazione delle Nazioni Unite
09_APUANE_2015 Protocollo Prefettura.txt,Conferenza unificata Stato-Regioni,Ospedale (Pronto Soccorso
09_APUANE_2015 Protocollo Prefettura.txt,Conferenza unificata Stato-Regioni,Prefettura di Massa-Carrara
09_APUANE_2015 Protocollo Prefettura.txt,Conferenza unificata Stato-Regioni,Presidenza del Consiglio dei Ministri
09_APUANE_2015 Protocollo Prefettura.txt,Conferenza unificata Stato-Regioni,Procura del Tribunale dei Minori di Genova
09_APUANE_2015 Protocollo Prefettura.txt,Conferenza unificata Stato-Regioni,Procura della Repubblica di Firenze
09_APUANE_2015 Protocollo Prefettura.txt,Conferenza unificata Stato-Regioni,Procura della Repubblica di Massa
09_APUANE_2015 Protocollo Prefettura.txt,Conferenza unificata Stato-Regioni,Procura della Repubblica minorile
09_APUANE_2015 Protocollo Prefettura.txt,Conferenza unificata Stato-Regioni,Procura della Repubblica presso il Tribunale ordinario
09_APUANE_2015 Protocollo Prefettura.txt,Conferenza unificata Stato-Regioni,Provincia di Massa Carrara
09_APUANE_2015 Protocollo Prefettura.txt,Conferenza unificata Stato-Regioni,Questura di Massa Carrara
09_APUANE_2015 Protocollo Prefettura.txt,Conferenza unificata Stato-Regioni,Regione Toscana
09_APUANE_2015 Protocollo Prefettura.txt,Conferenza unificata Stato-Regioni,Servizi Sociali dei Comuni di Costa
09_APUANE_2015 Protocollo Prefettura.txt,Conferenza unificata Stato-Regioni,Servizi Sociali e Sanitari della Società della Salute
09_APUANE_2015 Protocollo Prefettura.txt,Conferenza unificata Stato-Regioni,Società della Salute della Lunigiana
09_APUANE_2015 Protocollo Prefettura.txt,Conferenza unificata Stato-Regioni,Terzo Settore
09_APUANE_2015 Protocollo Prefettura.txt,Conferenza unificata Stato-Regioni,Tribunale di Massa
09_APUANE_2015 Protocollo Prefettura.txt,Conferenza unificata Stato-Regioni,Tribunale per i Minorenni
09_APUANE_2015 Protocollo Prefettura.txt,Conferenza unificata Stato-Regioni,Ufficio Scolastico Provinciale
09_APUANE_2015 Protocollo Prefettura.txt,Conferenza unificata Stato-Regioni,Unione Europea
09_APUANE_2015 Protocollo Prefettura.txt,Consiglio d'Europa,Consultorio principale
09_APUANE_2015 Protocollo Prefettura.txt,Consiglio d'Europa,Direttore Sanitario
09_APUANE_2015 Protocollo Prefettura.txt,Consiglio d'Europa,Giunta della Regione Toscana
09_APUANE_2015 Protocollo Prefettura.txt,Consiglio d'Europa,Istat
09_APUANE_2015 Protocollo Prefettura.txt,Consiglio d'Europa,Organizzazione Mondiale della Sanita
09_APUANE_2015 Protocollo Prefettura.txt,Consiglio d'Europa,Organizzazione delle Nazioni Unite
09_APUANE_2015 Protocollo Prefettura.txt,Consiglio d'Europa,Ospedale (Pronto Soccorso
09_APUANE_2015 Protocollo Prefettura.txt,Consiglio d'Europa,Prefettura di Massa-Carrara
09_APUANE_2015 Protocollo Prefettura.txt,Consiglio d'Europa,Presidenza del Consiglio dei Ministri
09_APUANE_2015 Protocollo Prefettura.txt,Consiglio d'Europa,Procura del Tribunale dei Minori di Genova
09_APUANE_2015 Protocollo Prefettura.txt,Consiglio d'Europa,Procura della Repubblica di Firenze
09_APUANE_2015 Protocollo Prefettura.txt,Consiglio d'Europa,Procura della Repubblica di Massa
09_APUANE_2015 Protocollo Prefettura.txt,Consiglio d'Europa,Procura della Repubblica minorile
09_APUANE_2015 Protocollo Prefettura.txt,Consiglio d'Europa,Procura della Repubblica presso il Tribunale ordinario
09_APUANE_2015 Protocollo Prefettura.txt,Consiglio d'Europa,Provincia di Massa Carrara
09_APUANE_2015 Protocollo Prefettura.txt,Consiglio d'Europa,Questura di Massa Carrara
09_APUANE_2015 Protocollo Prefettura.txt,Consiglio d'Europa,Regione Toscana
09_APUANE_2015 Protocollo Prefettura.txt,Consiglio d'Europa,Servizi Sociali dei Comuni di Costa
09_APUANE_2015 Protocollo Prefettura.txt,Consiglio d'Europa,Servizi Sociali e Sanitari della Società della Salute
09_APUANE_2015 Protocollo Prefettura.txt,Consiglio d'Europa,Società della Salute della Lunigiana
09_APUANE_2015 Protocollo Prefettura.txt,Consiglio d'Europa,Terzo Settore
09_APUANE_2015 Protocollo Prefettura.txt,Consiglio d'Europa,Tribunale di Massa
09_APUANE_2015 Protocollo Prefettura.txt,Consiglio d'Europa,Tribunale per i Minorenni
09_APUANE_2015 Protocollo Prefettura.txt,Consiglio d'Europa,Ufficio Scolastico Provinciale
09_APUANE_2015 Protocollo Prefettura.txt,Consiglio d'Europa,Unione Europea
09_APUANE_2015 Protocollo Prefettura.txt,Consultorio principale,Direttore Sanitario
09_APUANE_2015 Protocollo Prefettura.txt,Consultorio principale,Giunta della Regione Toscana
09_APUANE_2015 Protocollo Prefettura.txt,Consultorio principale,Istat
09_APUANE_2015 Protocollo Prefettura.txt,Consultorio principale,Organizzazione Mondiale della Sanita
09_APUANE_2015 Protocollo Prefettura.txt,Consultorio principale,Organizzazione delle Nazioni Unite
09_APUANE_2015 Protocollo Prefettura.txt,Consultorio principale,Ospedale (Pronto Soccorso
09_APUANE_2015 Protocollo Prefettura.txt,Consultorio principale,Prefettura di Massa-Carrara
09_APUANE_2015 Protocollo Prefettura.txt,Consultorio principale,Presidenza del Consiglio dei Ministri
09_APUANE_2015 Protocollo Prefettura.txt,Consultorio principale,Procura del Tribunale dei Minori di Genova
09_APUANE_2015 Protocollo Prefettura.txt,Consultorio principale,Procura della Repubblica di Firenze
09_APUANE_2015 Protocollo Prefettura.txt,Consultorio principale,Procura della Repubblica di Massa
09_APUANE_2015 Protocollo Prefettura.txt,Consultorio principale,Procura della Repubblica minorile
09_APUANE_2015 Protocollo Prefettura.txt,Consultorio principale,Procura della Repubblica presso il Tribunale ordinario
09_APUANE_2015 Protocollo Prefettura.txt,Consultorio principale,Provincia di Massa Carrara
09_APUANE_2015 Protocollo Prefettura.txt,Consultorio principale,Questura di Massa Carrara
09_APUANE_2015 Protocollo Prefettura.txt,Consultorio principale,Regione Toscana
09_APUANE_2015 Protocollo Prefettura.txt,Consultorio principale,Servizi Sociali dei Comuni di Costa
09_APUANE_2015 Protocollo Prefettura.txt,Consultorio principale,Servizi Sociali e Sanitari della Società della Salute
09_APUANE_2015 Protocollo Prefettura.txt,Consultorio principale,Società della Salute della Lunigiana
09_APUANE_2015 Protocollo Prefettura.txt,Consultorio principale,Terzo Settore
09_APUANE_2015 Protocollo Prefettura.txt,Consultorio principale,Tribunale di Massa
09_APUANE_2015 Protocollo Prefettura.txt,Consultorio principale,Tribunale per i Minorenni
09_APUANE_2015 Protocollo Prefettura.txt,Consultorio principale,Ufficio Scolastico Provinciale
09_APUANE_2015 Protocollo Prefettura.txt,Consultorio principale,Unione Europea
09_APUANE_2015 Protocollo Prefettura.txt,Direttore Sanitario,Giunta della Regione Toscana
09_APUANE_2015 Protocollo Prefettura.txt,Direttore Sanitario,Istat
09_APUANE_2015 Protocollo Prefettura.txt,Direttore Sanitario,Organizzazione Mondiale della Sanita
09_APUANE_2015 Protocollo Prefettura.txt,Direttore Sanitario,Organizzazione delle Nazioni Unite
09_APUANE_2015 Protocollo Prefettura.txt,Direttore Sanitario,Ospedale (Pronto Soccorso
09_APUANE_2015 Protocollo Prefettura.txt,Direttore Sanitario,Prefettura di Massa-Carrara
09_APUANE_2015 Protocollo Prefettura.txt,Direttore Sanitario,Presidenza del Consiglio dei Ministri
09_APUANE_2015 Protocollo Prefettura.txt,Direttore Sanitario,Procura del Tribunale dei Minori di Genova
09_APUANE_2015 Protocollo Prefettura.txt,Direttore Sanitario,Procura della Repubblica di Firenze
09_APUANE_2015 Protocollo Prefettura.txt,Direttore Sanitario,Procura della Repubblica di Massa
09_APUANE_2015 Protocollo Prefettura.txt,Direttore Sanitario,Procura della Repubblica minorile
09_APUANE_2015 Protocollo Prefettura.txt,Direttore Sanitario,Procura della Repubblica presso il Tribunale ordinario
09_APUANE_2015 Protocollo Prefettura.txt,Direttore Sanitario,Provincia di Massa Carrara
09_APUANE_2015 Protocollo Prefettura.txt,Direttore Sanitario,Questura di Massa Carrara
09_APUANE_2015 Protocollo Prefettura.txt,Direttore Sanitario,Regione Toscana
09_APUANE_2015 Protocollo Prefettura.txt,Direttore Sanitario,Servizi Sociali dei Comuni di Costa
09_APUANE_2015 Protocollo Prefettura.txt,Direttore Sanitario,Servizi Sociali e Sanitari della Società della Salute
09_APUANE_2015 Protocollo Prefettura.txt,Direttore Sanitario,Società della Salute della Lunigiana
09_APUANE_2015 Protocollo Prefettura.txt,Direttore Sanitario,Terzo Settore
09_APUANE_2015 Protocollo Prefettura.txt,Direttore Sanitario,Tribunale di Massa
09_APUANE_2015 Protocollo Prefettura.txt,Direttore Sanitario,Tribunale per i Minorenni
09_APUANE_2015 Protocollo Prefettura.txt,Direttore Sanitario,Ufficio Scolastico Provinciale
09_APUANE_2015 Protocollo Prefettura.txt,Direttore Sanitario,Unione Europea
09_APUANE_2015 Protocollo Prefettura.txt,Giunta della Regione Toscana,Istat
09_APUANE_2015 Protocollo Prefettura.txt,Giunta della Regione Toscana,Organizzazione Mondiale della Sanita
09_APUANE_2015 Protocollo Prefettura.txt,Giunta della Regione Toscana,Organizzazione delle Nazioni Unite
09_APUANE_2015 Protocollo Prefettura.txt,Giunta della Regione Toscana,Ospedale (Pronto Soccorso
09_APUANE_2015 Protocollo Prefettura.txt,Giunta della Regione Toscana,Prefettura di Massa-Carrara
09_APUANE_2015 Protocollo Prefettura.txt,Giunta della Regione Toscana,Presidenza del Consiglio dei Ministri
09_APUANE_2015 Protocollo Prefettura.txt,Giunta della Regione Toscana,Procura del Tribunale dei Minori di Genova
09_APUANE_2015 Protocollo Prefettura.txt,Giunta della Regione Toscana,Procura della Repubblica di Firenze
09_APUANE_2015 Protocollo Prefettura.txt,Giunta della Regione Toscana,Procura della Repubblica di Massa
09_APUANE_2015 Protocollo Prefettura.txt,Giunta della Regione Toscana,Procura della Repubblica minorile
09_APUANE_2015 Protocollo Prefettura.txt,Giunta della Regione Toscana,Procura della Repubblica presso il Tribunale ordinario
09_APUANE_2015 Protocollo Prefettura.txt,Giunta della Regione Toscana,Provincia di Massa Carrara
09_APUANE_2015 Protocollo Prefettura.txt,Giunta della Regione Toscana,Questura di Massa Carrara
09_APUANE_2015 Protocollo Prefettura.txt,Giunta della Regione Toscana,Regione Toscana
09_APUANE_2015 Protocollo Prefettura.txt,Giunta della Regione Toscana,Servizi Sociali dei Comuni di Costa
09_APUANE_2015 Protocollo Prefettura.txt,Giunta della Regione Toscana,Servizi Sociali e Sanitari della Società della Salute
09_APUANE_2015 Protocollo Prefettura.txt,Giunta della Regione Toscana,Società della Salute della Lunigiana
09_APUANE_2015 Protocollo Prefettura.txt,Giunta della Regione Toscana,Terzo Settore
09_APUANE_2015 Protocollo Prefettura.txt,Giunta della Regione Toscana,Tribunale di Massa
09_APUANE_2015 Protocollo Prefettura.txt,Giunta della Regione Toscana,Tribunale per i Minorenni
09_APUANE_2015 Protocollo Prefettura.txt,Giunta della Regione Toscana,Ufficio Scolastico Provinciale
09_APUANE_2015 Protocollo Prefettura.txt,Giunta della Regione Toscana,Unione Europea
09_APUANE_2015 Protocollo Prefettura.txt,Istat,Organizzazione Mondiale della Sanita
09_APUANE_2015 Protocollo Prefettura.txt,Istat,Organizzazione delle Nazioni Unite
09_APUANE_2015 Protocollo Prefettura.txt,Istat,Ospedale (Pronto Soccorso
09_APUANE_2015 Protocollo Prefettura.txt,Istat,Prefettura di Massa-Carrara
09_APUANE_2015 Protocollo Prefettura.txt,Istat,Presidenza del Consiglio dei Ministri
09_APUANE_2015 Protocollo Prefettura.txt,Istat,Procura del Tribunale dei Minori di Genova
09_APUANE_2015 Protocollo Prefettura.txt,Istat,Procura della Repubblica di Firenze
09_APUANE_2015 Protocollo Prefettura.txt,Istat,Procura della Repubblica di Massa
09_APUANE_2015 Protocollo Prefettura.txt,Istat,Procura della Repubblica minorile
09_APUANE_2015 Protocollo Prefettura.txt,Istat,Procura della Repubblica presso il Tribunale ordinario
09_APUANE_2015 Protocollo Prefettura.txt,Istat,Provincia di Massa Carrara
09_APUANE_2015 Protocollo Prefettura.txt,Istat,Questura di Massa Carrara
09_APUANE_2015 Protocollo Prefettura.txt,Istat,Regione Toscana
09_APUANE_2015 Protocollo Prefettura.txt,Istat,Servizi Sociali dei Comuni di Costa
09_APUANE_2015 Protocollo Prefettura.txt,Istat,Servizi Sociali e Sanitari della Società della Salute
09_APUANE_2015 Protocollo Prefettura.txt,Istat,Società della Salute della Lunigiana
09_APUANE_2015 Protocollo Prefettura.txt,Istat,Terzo Settore
09_APUANE_2015 Protocollo Prefettura.txt,Istat,Tribunale di Massa
09_APUANE_2015 Protocollo Prefettura.txt,Istat,Tribunale per i Minorenni
09_APUANE_2015 Protocollo Prefettura.txt,Istat,Ufficio Scolastico Provinciale
09_APUANE_2015 Protocollo Prefettura.txt,Istat,Unione Europea
09_APUANE_2015 Protocollo Prefettura.txt,Organizzazione Mondiale della Sanita,Organizzazione delle Nazioni Unite
09_APUANE_2015 Protocollo Prefettura.txt,Organizzazione Mondiale della Sanita,Ospedale (Pronto Soccorso
09_APUANE_2015 Protocollo Prefettura.txt,Organizzazione Mondiale della Sanita,Prefettura di Massa-Carrara
09_APUANE_2015 Protocollo Prefettura.txt,Organizzazione Mondiale della Sanita,Presidenza del Consiglio dei Ministri
09_APUANE_2015 Protocollo Prefettura.txt,Organizzazione Mondiale della Sanita,Procura del Tribunale dei Minori di Genova
09_APUANE_2015 Protocollo Prefettura.txt,Organizzazione Mondiale della Sanita,Procura della Repubblica di Firenze
09_APUANE_2015 Protocollo Prefettura.txt,Organizzazione Mondiale della Sanita,Procura della Repubblica di Massa
09_APUANE_2015 Protocollo Prefettura.txt,Organizzazione Mondiale della Sanita,Procura della Repubblica minorile
09_APUANE_2015 Protocollo Prefettura.txt,Organizzazione Mondiale della Sanita,Procura della Repubblica presso il Tribunale ordinario
09_APUANE_2015 Protocollo Prefettura.txt,Organizzazione Mondiale della Sanita,Provincia di Massa Carrara
09_APUANE_2015 Protocollo Prefettura.txt,Organizzazione Mondiale della Sanita,Questura di Massa Carrara
09_APUANE_2015 Protocollo Prefettura.txt,Organizzazione Mondiale della Sanita,Regione Toscana
09_APUANE_2015 Protocollo Prefettura.txt,Organizzazione Mondiale della Sanita,Servizi Sociali dei Comuni di Costa
09_APUANE_2015 Protocollo Prefettura.txt,Organizzazione Mondiale della Sanita,Servizi Sociali e Sanitari della Società della Salute
09_APUANE_2015 Protocollo Prefettura.txt,Organizzazione Mondiale della Sanita,Società della Salute della Lunigiana
09_APUANE_2015 Protocollo Prefettura.txt,Organizzazione Mondiale della Sanita,Terzo Settore
09_APUANE_2015 Protocollo Prefettura.txt,Organizzazione Mondiale della Sanita,Tribunale di Massa
09_APUANE_2015 Protocollo Prefettura.txt,Organizzazione Mondiale della Sanita,Tribunale per i Minorenni
09_APUANE_2015 Protocollo Prefettura.txt,Organizzazione Mondiale della Sanita,Ufficio Scolastico Provinciale
09_APUANE_2015 Protocollo Prefettura.txt,Organizzazione Mondiale della Sanita,Unione Europea
09_APUANE_2015 Protocollo Prefettura.txt,Organizzazione delle Nazioni Unite,Ospedale (Pronto Soccorso
09_APUANE_2015 Protocollo Prefettura.txt,Organizzazione delle Nazioni Unite,Prefettura di Massa-Carrara
09_APUANE_2015 Protocollo Prefettura.txt,Organizzazione delle Nazioni Unite,Presidenza del Consiglio dei Ministri
09_APUANE_2015 Protocollo Prefettura.txt,Organizzazione delle Nazioni Unite,Procura del Tribunale dei Minori di Genova
09_APUANE_2015 Protocollo Prefettura.txt,Organizzazione delle Nazioni Unite,Procura della Repubblica di Firenze
09_APUANE_2015 Protocollo Prefettura.txt,Organizzazione delle Nazioni Unite,Procura della Repubblica di Massa
09_APUANE_2015 Protocollo Prefettura.txt,Organizzazione delle Nazioni Unite,Procura della Repubblica minorile
09_APUANE_2015 Protocollo Prefettura.txt,Organizzazione delle Nazioni Unite,Procura della Repubblica presso il Tribunale ordinario
09_APUANE_2015 Protocollo Prefettura.txt,Organizzazione delle Nazioni Unite,Provincia di Massa Carrara
09_APUANE_2015 Protocollo Prefettura.txt,Organizzazione delle Nazioni Unite,Questura di Massa Carrara
09_APUANE_2015 Protocollo Prefettura.txt,Organizzazione delle Nazioni Unite,Regione Toscana
09_APUANE_2015 Protocollo Prefettura.txt,Organizzazione delle Nazioni Unite,Servizi Sociali dei Comuni di Costa
09_APUANE_2015 Protocollo Prefettura.txt,Organizzazione delle Nazioni Unite,Servizi Sociali e Sanitari della Società della Salute
09_APUANE_2015 Protocollo Prefettura.txt,Organizzazione delle Nazioni Unite,Società della Salute della Lunigiana
09_APUANE_2015 Protocollo Prefettura.txt,Organizzazione delle Nazioni Unite,Terzo Settore
09_APUANE_2015 Protocollo Prefettura.txt,Organizzazione delle Nazioni Unite,Tribunale di Massa
09_APUANE_2015 Protocollo Prefettura.txt,Organizzazione delle Nazioni Unite,Tribunale per i Minorenni
09_APUANE_2015 Protocollo Prefettura.txt,Organizzazione delle Nazioni Unite,Ufficio Scolastico Provinciale
09_APUANE_2015 Protocollo Prefettura.txt,Organizzazione delle Nazioni Unite,Unione Europea
09_APUANE_2015 Protocollo Prefettura.txt,Ospedale (Pronto Soccorso,Prefettura di Massa-Carrara
09_APUANE_2015 Protocollo Prefettura.txt,Ospedale (Pronto Soccorso,Presidenza del Consiglio dei Ministri
09_APUANE_2015 Protocollo Prefettura.txt,Ospedale (Pronto Soccorso,Procura del Tribunale dei Minori di Genova
09_APUANE_2015 Protocollo Prefettura.txt,Ospedale (Pronto Soccorso,Procura della Repubblica di Firenze
09_APUANE_2015 Protocollo Prefettura.txt,Ospedale (Pronto Soccorso,Procura della Repubblica di Massa
09_APUANE_2015 Protocollo Prefettura.txt,Ospedale (Pronto Soccorso,Procura della Repubblica minorile
09_APUANE_2015 Protocollo Prefettura.txt,Ospedale (Pronto Soccorso,Procura della Repubblica presso il Tribunale ordinario
09_APUANE_2015 Protocollo Prefettura.txt,Ospedale (Pronto Soccorso,Provincia di Massa Carrara
09_APUANE_2015 Protocollo Prefettura.txt,Ospedale (Pronto Soccorso,Questura di Massa Carrara
09_APUANE_2015 Protocollo Prefettura.txt,Ospedale (Pronto Soccorso,Regione Toscana
09_APUANE_2015 Protocollo Prefettura.txt,Ospedale (Pronto Soccorso,Servizi Sociali dei Comuni di Costa
09_APUANE_2015 Protocollo Prefettura.txt,Ospedale (Pronto Soccorso,Servizi Sociali e Sanitari della Società della Salute
09_APUANE_2015 Protocollo Prefettura.txt,Ospedale (Pronto Soccorso,Società della Salute della Lunigiana
09_APUANE_2015 Protocollo Prefettura.txt,Ospedale (Pronto Soccorso,Terzo Settore
09_APUANE_2015 Protocollo Prefettura.txt,Ospedale (Pronto Soccorso,Tribunale di Massa
09_APUANE_2015 Protocollo Prefettura.txt,Ospedale (Pronto Soccorso,Tribunale per i Minorenni
09_APUANE_2015 Protocollo Prefettura.txt,Ospedale (Pronto Soccorso,Ufficio Scolastico Provinciale
09_APUANE_2015 Protocollo Prefettura.txt,Ospedale (Pronto Soccorso,Unione Europea
09_APUANE_2015 Protocollo Prefettura.txt,Prefettura di Massa-Carrara,Presidenza del Consiglio dei Ministri
09_APUANE_2015 Protocollo Prefettura.txt,Prefettura di Massa-Carrara,Procura del Tribunale dei Minori di Genova
09_APUANE_2015 Protocollo Prefettura.txt,Prefettura di Massa-Carrara,Procura della Repubblica di Firenze
09_APUANE_2015 Protocollo Prefettura.txt,Prefettura di Massa-Carrara,Procura della Repubblica di Massa
09_APUANE_2015 Protocollo Prefettura.txt,Prefettura di Massa-Carrara,Procura della Repubblica minorile
09_APUANE_2015 Protocollo Prefettura.txt,Prefettura di Massa-Carrara,Procura della Repubblica presso il Tribunale ordinario
09_APUANE_2015 Protocollo Prefettura.txt,Prefettura di Massa-Carrara,Provincia di Massa Carrara
09_APUANE_2015 Protocollo Prefettura.txt,Prefettura di Massa-Carrara,Questura di Massa Carrara
09_APUANE_2015 Protocollo Prefettura.txt,Prefettura di Massa-Carrara,Regione Toscana
09_APUANE_2015 Protocollo Prefettura.txt,Prefettura di Massa-Carrara,Servizi Sociali dei Comuni di Costa
09_APUANE_2015 Protocollo Prefettura.txt,Prefettura di Massa-Carrara,Servizi Sociali e Sanitari della Società della Salute
09_APUANE_2015 Protocollo Prefettura.txt,Prefettura di Massa-Carrara,Società della Salute della Lunigiana
09_APUANE_2015 Protocollo Prefettura.txt,Prefettura di Massa-Carrara,Terzo Settore
09_APUANE_2015 Protocollo Prefettura.txt,Prefettura di Massa-Carrara,Tribunale di Massa
09_APUANE_2015 Protocollo Prefettura.txt,Prefettura di Massa-Carrara,Tribunale per i Minorenni
09_APUANE_2015 Protocollo Prefettura.txt,Prefettura di Massa-Carrara,Ufficio Scolastico Provinciale
09_APUANE_2015 Protocollo Prefettura.txt,Prefettura di Massa-Carrara,Unione Europea
09_APUANE_2015 Protocollo Prefettura.txt,Presidenza del Consiglio dei Ministri,Procura del Tribunale dei Minori di Genova
09_APUANE_2015 Protocollo Prefettura.txt,Presidenza del Consiglio dei Ministri,Procura della Repubblica di Firenze
09_APUANE_2015 Protocollo Prefettura.txt,Presidenza del Consiglio dei Ministri,Procura della Repubblica di Massa
09_APUANE_2015 Protocollo Prefettura.txt,Presidenza del Consiglio dei Ministri,Procura della Repubblica minorile
09_APUANE_2015 Protocollo Prefettura.txt,Presidenza del Consiglio dei Ministri,Procura della Repubblica presso il Tribunale ordinario
09_APUANE_2015 Protocollo Prefettura.txt,Presidenza del Consiglio dei Ministri,Provincia di Massa Carrara
09_APUANE_2015 Protocollo Prefettura.txt,Presidenza del Consiglio dei Ministri,Questura di Massa Carrara
09_APUANE_2015 Protocollo Prefettura.txt,Presidenza del Consiglio dei Ministri,Regione Toscana
09_APUANE_2015 Protocollo Prefettura.txt,Presidenza del Consiglio dei Ministri,Servizi Sociali dei Comuni di Costa
09_APUANE_2015 Protocollo Prefettura.txt,Presidenza del Consiglio dei Ministri,Servizi Sociali e Sanitari della Società della Salute
09_APUANE_2015 Protocollo Prefettura.txt,Presidenza del Consiglio dei Ministri,Società della Salute della Lunigiana
09_APUANE_2015 Protocollo Prefettura.txt,Presidenza del Consiglio dei Ministri,Terzo Settore
09_APUANE_2015 Protocollo Prefettura.txt,Presidenza del Consiglio dei Ministri,Tribunale di Massa
09_APUANE_2015 Protocollo Prefettura.txt,Presidenza del Consiglio dei Ministri,Tribunale per i Minorenni
09_APUANE_2015 Protocollo Prefettura.txt,Presidenza del Consiglio dei Ministri,Ufficio Scolastico Provinciale
09_APUANE_2015 Protocollo Prefettura.txt,Presidenza del Consiglio dei Ministri,Unione Europea
09_APUANE_2015 Protocollo Prefettura.txt,Procura del Tribunale dei Minori di Genova,Procura della Repubblica di Firenze
09_APUANE_2015 Protocollo Prefettura.txt,Procura del Tribunale dei Minori di Genova,Procura della Repubblica di Massa
09_APUANE_2015 Protocollo Prefettura.txt,Procura del Tribunale dei Minori di Genova,Procura della Repubblica minorile
09_APUANE_2015 Protocollo Prefettura.txt,Procura del Tribunale dei Minori di Genova,Procura della Repubblica presso il Tribunale ordinario
09_APUANE_2015 Protocollo Prefettura.txt,Procura del Tribunale dei Minori di Genova,Provincia di Massa Carrara
09_APUANE_2015 Protocollo Prefettura.txt,Procura del Tribunale dei Minori di Genova,Questura di Massa Carrara
09_APUANE_2015 Protocollo Prefettura.txt,Procura del Tribunale dei Minori di Genova,Regione Toscana
09_APUANE_2015 Protocollo Prefettura.txt,Procura del Tribunale dei Minori di Genova,Servizi Sociali dei Comuni di Costa
09_APUANE_2015 Protocollo Prefettura.txt,Procura del Tribunale dei Minori di Genova,Servizi Sociali e Sanitari della Società della Salute
09_APUANE_2015 Protocollo Prefettura.txt,Procura del Tribunale dei Minori di Genova,Società della Salute della Lunigiana
09_APUANE_2015 Protocollo Prefettura.txt,Procura del Tribunale dei Minori di Genova,Terzo Settore
09_APUANE_2015 Protocollo Prefettura.txt,Procura del Tribunale dei Minori di Genova,Tribunale di Massa
09_APUANE_2015 Protocollo Prefettura.txt,Procura del Tribunale dei Minori di Genova,Tribunale per i Minorenni
09_APUANE_2015 Protocollo Prefettura.txt,Procura del Tribunale dei Minori di Genova,Ufficio Scolastico Provinciale
09_APUANE_2015 Protocollo Prefettura.txt,Procura del Tribunale dei Minori di Genova,Unione Europea
09_APUANE_2015 Protocollo Prefettura.txt,Procura della Repubblica di Firenze,Procura della Repubblica di Massa
09_APUANE_2015 Protocollo Prefettura.txt,Procura della Repubblica di Firenze,Procura della Repubblica minorile
09_APUANE_2015 Protocollo Prefettura.txt,Procura della Repubblica di Firenze,Procura della Repubblica presso il Tribunale ordinario
09_APUANE_2015 Protocollo Prefettura.txt,Procura della Repubblica di Firenze,Provincia di Massa Carrara
09_APUANE_2015 Protocollo Prefettura.txt,Procura della Repubblica di Firenze,Questura di Massa Carrara
09_APUANE_2015 Protocollo Prefettura.txt,Procura della Repubblica di Firenze,Regione Toscana
09_APUANE_2015 Protocollo Prefettura.txt,Procura della Repubblica di Firenze,Servizi Sociali dei Comuni di Costa
09_APUANE_2015 Protocollo Prefettura.txt,Procura della Repubblica di Firenze,Servizi Sociali e Sanitari della Società della Salute
09_APUANE_2015 Protocollo Prefettura.txt,Procura della Repubblica di Firenze,Società della Salute della Lunigiana
09_APUANE_2015 Protocollo Prefettura.txt,Procura della Repubblica di Firenze,Terzo Settore
09_APUANE_2015 Protocollo Prefettura.txt,Procura della Repubblica di Firenze,Tribunale di Massa
09_APUANE_2015 Protocollo Prefettura.txt,Procura della Repubblica di Firenze,Tribunale per i Minorenni
09_APUANE_2015 Protocollo Prefettura.txt,Procura della Repubblica di Firenze,Ufficio Scolastico Provinciale
09_APUANE_2015 Protocollo Prefettura.txt,Procura della Repubblica di Firenze,Unione Europea
09_APUANE_2015 Protocollo Prefettura.txt,Procura della Repubblica di Massa,Procura della Repubblica minorile
09_APUANE_2015 Protocollo Prefettura.txt,Procura della Repubblica di Massa,Procura della Repubblica presso il Tribunale ordinario
09_APUANE_2015 Protocollo Prefettura.txt,Procura della Repubblica di Massa,Provincia di Massa Carrara
09_APUANE_2015 Protocollo Prefettura.txt,Procura della Repubblica di Massa,Questura di Massa Carrara
09_APUANE_2015 Protocollo Prefettura.txt,Procura della Repubblica di Massa,Regione Toscana
09_APUANE_2015 Protocollo Prefettura.txt,Procura della Repubblica di Massa,Servizi Sociali dei Comuni di Costa
09_APUANE_2015 Protocollo Prefettura.txt,Procura della Repubblica di Massa,Servizi Sociali e Sanitari della Società della Salute
09_APUANE_2015 Protocollo Prefettura.txt,Procura della Repubblica di Massa,Società della Salute della Lunigiana
09_APUANE_2015 Protocollo Prefettura.txt,Procura della Repubblica di Massa,Terzo Settore
09_APUANE_2015 Protocollo Prefettura.txt,Procura della Repubblica di Massa,Tribunale di Massa
09_APUANE_2015 Protocollo Prefettura.txt,Procura della Repubblica di Massa,Tribunale per i Minorenni
09_APUANE_2015 Protocollo Prefettura.txt,Procura della Repubblica di Massa,Ufficio Scolastico Provinciale
09_APUANE_2015 Protocollo Prefettura.txt,Procura della Repubblica di Massa,Unione Europea
09_APUANE_2015 Protocollo Prefettura.txt,Procura della Repubblica minorile,Procura della Repubblica presso il Tribunale ordinario
09_APUANE_2015 Protocollo Prefettura.txt,Procura della Repubblica minorile,Provincia di Massa Carrara
09_APUANE_2015 Protocollo Prefettura.txt,Procura della Repubblica minorile,Questura di Massa Carrara
09_APUANE_2015 Protocollo Prefettura.txt,Procura della Repubblica minorile,Regione Toscana
09_APUANE_2015 Protocollo Prefettura.txt,Procura della Repubblica minorile,Servizi Sociali dei Comuni di Costa
09_APUANE_2015 Protocollo Prefettura.txt,Procura della Repubblica minorile,Servizi Sociali e Sanitari della Società della Salute
09_APUANE_2015 Protocollo Prefettura.txt,Procura della Repubblica minorile,Società della Salute della Lunigiana
09_APUANE_2015 Protocollo Prefettura.txt,Procura della Repubblica minorile,Terzo Settore
09_APUANE_2015 Protocollo Prefettura.txt,Procura della Repubblica minorile,Tribunale di Massa
09_APUANE_2015 Protocollo Prefettura.txt,Procura della Repubblica minorile,Tribunale per i Minorenni
09_APUANE_2015 Protocollo Prefettura.txt,Procura della Repubblica minorile,Ufficio Scolastico Provinciale
09_APUANE_2015 Protocollo Prefettura.txt,Procura della Repubblica minorile,Unione Europea
09_APUANE_2015 Protocollo Prefettura.txt,Procura della Repubblica presso il Tribunale ordinario,Provincia di Massa Carrara
09_APUANE_2015 Protocollo Prefettura.txt,Procura della Repubblica presso il Tribunale ordinario,Questura di Massa Carrara
09_APUANE_2015 Protocollo Prefettura.txt,Procura della Repubblica presso il Tribunale ordinario,Regione Toscana
09_APUANE_2015 Protocollo Prefettura.txt,Procura della Repubblica presso il Tribunale ordinario,Servizi Sociali dei Comuni di Costa
09_APUANE_2015 Protocollo Prefettura.txt,Procura della Repubblica presso il Tribunale ordinario,Servizi Sociali e Sanitari della Società della Salute
09_APUANE_2015 Protocollo Prefettura.txt,Procura della Repubblica presso il Tribunale ordinario,Società della Salute della Lunigiana
09_APUANE_2015 Protocollo Prefettura.txt,Procura della Repubblica presso il Tribunale ordinario,Terzo Settore
09_APUANE_2015 Protocollo Prefettura.txt,Procura della Repubblica presso il Tribunale ordinario,Tribunale di Massa
09_APUANE_2015 Protocollo Prefettura.txt,Procura della Repubblica presso il Tribunale ordinario,Tribunale per i Minorenni
09_APUANE_2015 Protocollo Prefettura.txt,Procura della Repubblica presso il Tribunale ordinario,Ufficio Scolastico Provinciale
09_APUANE_2015 Protocollo Prefettura.txt,Procura della Repubblica presso il Tribunale ordinario,Unione Europea
09_APUANE_2015 Protocollo Prefettura.txt,Provincia di Massa Carrara,Questura di Massa Carrara
09_APUANE_2015 Protocollo Prefettura.txt,Provincia di Massa Carrara,Regione Toscana
09_APUANE_2015 Protocollo Prefettura.txt,Provincia di Massa Carrara,Servizi Sociali dei Comuni di Costa
09_APUANE_2015 Protocollo Prefettura.txt,Provincia di Massa Carrara,Servizi Sociali e Sanitari della Società della Salute
09_APUANE_2015 Protocollo Prefettura.txt,Provincia di Massa Carrara,Società della Salute della Lunigiana
09_APUANE_2015 Protocollo Prefettura.txt,Provincia di Massa Carrara,Terzo Settore
09_APUANE_2015 Protocollo Prefettura.txt,Provincia di Massa Carrara,Tribunale di Massa
09_APUANE_2015 Protocollo Prefettura.txt,Provincia di Massa Carrara,Tribunale per i Minorenni
09_APUANE_2015 Protocollo Prefettura.txt,Provincia di Massa Carrara,Ufficio Scolastico Provinciale
09_APUANE_2015 Protocollo Prefettura.txt,Provincia di Massa Carrara,Unione Europea
09_APUANE_2015 Protocollo Prefettura.txt,Questura di Massa Carrara,Regione Toscana
09_APUANE_2015 Protocollo Prefettura.txt,Questura di Massa Carrara,Servizi Sociali dei Comuni di Costa
09_APUANE_2015 Protocollo Prefettura.txt,Questura di Massa Carrara,Servizi Sociali e Sanitari della Società della Salute
09_APUANE_2015 Protocollo Prefettura.txt,Questura di Massa Carrara,Società della Salute della Lunigiana
09_APUANE_2015 Protocollo Prefettura.txt,Questura di Massa Carrara,Terzo Settore
09_APUANE_2015 Protocollo Prefettura.txt,Questura di Massa Carrara,Tribunale di Massa
09_APUANE_2015 Protocollo Prefettura.txt,Questura di Massa Carrara,Tribunale per i Minorenni
09_APUANE_2015 Protocollo Prefettura.txt,Questura di Massa Carrara,Ufficio Scolastico Provinciale
09_APUANE_2015 Protocollo Prefettura.txt,Questura di Massa Carrara,Unione Europea
09_APUANE_2015 Protocollo Prefettura.txt,Regione Toscana,Servizi Sociali dei Comuni di Costa
09_APUANE_2015 Protocollo Prefettura.txt,Regione Toscana,Servizi Sociali e Sanitari della Società della Salute
09_APUANE_2015 Protocollo Prefettura.txt,Regione Toscana,Società della Salute della Lunigiana
09_APUANE_2015 Protocollo Prefettura.txt,Regione Toscana,Terzo Settore
09_APUANE_2015 Protocollo Prefettura.txt,Regione Toscana,Tribunale di Massa
09_APUANE_2015 Protocollo Prefettura.txt,Regione Toscana,Tribunale per i Minorenni
09_APUANE_2015 Protocollo Prefettura.txt,Regione Toscana,Ufficio Scolastico Provinciale
09_APUANE_2015 Protocollo Prefettura.txt,Regione Toscana,Unione Europea
09_APUANE_2015 Protocollo Prefettura.txt,Servizi Sociali dei Comuni di Costa,Servizi Sociali e Sanitari della Società della Salute
09_APUANE_2015 Protocollo Prefettura.txt,Servizi Sociali dei Comuni di Costa,Società della Salute della Lunigiana
09_APUANE_2015 Protocollo Prefettura.txt,Servizi Sociali dei Comuni di Costa,Terzo Settore
09_APUANE_2015 Protocollo Prefettura.txt,Servizi Sociali dei Comuni di Costa,Tribunale di Massa
09_APUANE_2015 Protocollo Prefettura.txt,Servizi Sociali dei Comuni di Costa,Tribunale per i Minorenni
09_APUANE_2015 Protocollo Prefettura.txt,Servizi Sociali dei Comuni di Costa,Ufficio Scolastico Provinciale
09_APUANE_2015 Protocollo Prefettura.txt,Servizi Sociali dei Comuni di Costa,Unione Europea
09_APUANE_2015 Protocollo Prefettura.txt,Servizi Sociali e Sanitari della Società della Salute,Società della Salute della Lunigiana
09_APUANE_2015 Protocollo Prefettura.txt,Servizi Sociali e Sanitari della Società della Salute,Terzo Settore
09_APUANE_2015 Protocollo Prefettura.txt,Servizi Sociali e Sanitari della Società della Salute,Tribunale di Massa
09_APUANE_2015 Protocollo Prefettura.txt,Servizi Sociali e Sanitari della Società della Salute,Tribunale per i Minorenni
09_APUANE_2015 Protocollo Prefettura.txt,Servizi Sociali e Sanitari della Società della Salute,Ufficio Scolastico Provinciale
09_APUANE_2015 Protocollo Prefettura.txt,Servizi Sociali e Sanitari della Società della Salute,Unione Europea
09_APUANE_2015 Protocollo Prefettura.txt,Società della Salute della Lunigiana,Terzo Settore
09_APUANE_2015 Protocollo Prefettura.txt,Società della Salute della Lunigiana,Tribunale di Massa
09_APUANE_2015 Protocollo Prefettura.txt,Società della Salute della Lunigiana,Tribunale per i Minorenni
09_APUANE_2015 Protocollo Prefettura.txt,Società della Salute della Lunigiana,Ufficio Scolastico Provinciale
09_APUANE_2015 Protocollo Prefettura.txt,Società della Salute della Lunigiana,Unione Europea
09_APUANE_2015 Protocollo Prefettura.txt,Terzo Settore,Tribunale di Massa
09_APUANE_2015 Protocollo Prefettura.txt,Terzo Settore,Tribunale per i Minorenni
09_APUANE_2015 Protocollo Prefettura.txt,Terzo Settore,Ufficio Scolastico Provinciale
09_APUANE_2015 Protocollo Prefettura.txt,Terzo Settore,Unione Europea
09_APUANE_2015 Protocollo Prefettura.txt,Tribunale di Massa,Tribunale per i Minorenni
09_APUANE_2015 Protocollo Prefettura.txt,Tribunale di Massa,Ufficio Scolastico Provinciale
09_APUANE_2015 Protocollo Prefettura.txt,Tribunale di Massa,Unione Europea
09_APUANE_2015 Protocollo Prefettura.txt,Tribunale per i Minorenni,Ufficio Scolastico Provinciale
09_APUANE_2015 Protocollo Prefettura.txt,Tribunale per i Minorenni,Unione Europea
09_APUANE_2015 Protocollo Prefettura.txt,Ufficio Scolastico Provinciale,Unione Europea
09_GROSSETO 2022 fpdf.txt,Articolazioni zonali delle conferenze dei sindaci del territorio provinciale,Ascom
09_GROSSETO 2022 fpdf.txt,Articolazioni zonali delle conferenze dei sindaci del territorio provinciale,Associazione Olympia de Gouges
09_GROSSETO 2022 fpdf.txt,Articolazioni zonali delle conferenze dei sindaci del territorio provinciale,Associazione P.A. Humanitas
09_GROSSETO 2022 fpdf.txt,Articolazioni zonali delle conferenze dei sindaci del territorio provinciale,Azienda USL n.9 di Grosseto
09_GROSSETO 2022 fpdf.txt,Articolazioni zonali delle conferenze dei sindaci del territorio provinciale,CIA
09_GROSSETO 2022 fpdf.txt,Articolazioni zonali delle conferenze dei sindaci del territorio provinciale,Centro Antiviolenza di Grosseto
09_GROSSETO 2022 fpdf.txt,Articolazioni zonali delle conferenze dei sindaci del territorio provinciale,Centro Antiviolenza di Orbetello
09_GROSSETO 2022 fpdf.txt,Articolazioni zonali delle conferenze dei sindaci del territorio provinciale,"Centro antiviolenza ""Olympia de Gouges"" di Grosseto e Orbetello"
09_GROSSETO 2022 fpdf.txt,Articolazioni zonali delle conferenze dei sindaci del territorio provinciale,"Centro antiviolenza ""Tutto e vita — Elisabetta Fiorilli"" Grosseto"
09_GROSSETO 2022 fpdf.txt,Articolazioni zonali delle conferenze dei sindaci del territorio provinciale,Centro antiviolenza di Mantepescali
09_GROSSETO 2022 fpdf.txt,Articolazioni zonali delle conferenze dei sindaci del territorio provinciale,Comune di Campagnatico
09_GROSSETO 2022 fpdf.txt,Articolazioni zonali delle conferenze dei sindaci del territorio provinciale,Comune di Capalbio
09_GROSSETO 2022 fpdf.txt,Articolazioni zonali delle conferenze dei sindaci del territorio provinciale,Comune di Castiglione della Pescaia
09_GROSSETO 2022 fpdf.txt,Articolazioni zonali delle conferenze dei sindaci del territorio provinciale,Comune di Cinigiano
09_GROSSETO 2022 fpdf.txt,Articolazioni zonali delle conferenze dei sindaci del territorio provinciale,Comune di Civitella Paganico
09_GROSSETO 2022 fpdf.txt,Articolazioni zonali delle conferenze dei sindaci del territorio provinciale,Comune di Follonica
09_GROSSETO 2022 fpdf.txt,Articolazioni zonali delle conferenze dei sindaci del territorio provinciale,Comune di Gavorrano
09_GROSSETO 2022 fpdf.txt,Articolazioni zonali delle conferenze dei sindaci del territorio provinciale,Comune di Grosseto
09_GROSSETO 2022 fpdf.txt,Articolazioni zonali delle conferenze dei sindaci del territorio provinciale,Comune di Isola del Giglio
09_GROSSETO 2022 fpdf.txt,Articolazioni zonali delle conferenze dei sindaci del territorio provinciale,Comune di Magliano in Toscana
09_GROSSETO 2022 fpdf.txt,Articolazioni zonali delle conferenze dei sindaci del territorio provinciale,Comune di Manciano
09_GROSSETO 2022 fpdf.txt,Articolazioni zonali delle conferenze dei sindaci del territorio provinciale,Comune di Massa Marittima
09_GROSSETO 2022 fpdf.txt,Articolazioni zonali delle conferenze dei sindaci del territorio provinciale,Comune di Monte Argentario
09_GROSSETO 2022 fpdf.txt,Articolazioni zonali delle conferenze dei sindaci del territorio provinciale,Comune di Monterotondo Marittimo
09_GROSSETO 2022 fpdf.txt,Articolazioni zonali delle conferenze dei sindaci del territorio provinciale,Comune di Montieri
09_GROSSETO 2022 fpdf.txt,Articolazioni zonali delle conferenze dei sindaci del territorio provinciale,Comune di Orbetello
09_GROSSETO 2022 fpdf.txt,Articolazioni zonali delle conferenze dei sindaci del territorio provinciale,Comune di Pitigliano
09_GROSSETO 2022 fpdf.txt,Articolazioni zonali delle conferenze dei sindaci del territorio provinciale,Comune di Scansano
09_GROSSETO 2022 fpdf.txt,Articolazioni zonali delle conferenze dei sindaci del territorio provinciale,Comune di Scarlino
09_GROSSETO 2022 fpdf.txt,Articolazioni zonali delle conferenze dei sindaci del territorio provinciale,Comune di Sorano
09_GROSSETO 2022 fpdf.txt,Articolazioni zonali delle conferenze dei sindaci del territorio provinciale,Confesercenti
09_GROSSETO 2022 fpdf.txt,Articolazioni zonali delle conferenze dei sindaci del territorio provinciale,Corte d'Appello di Firenze
09_GROSSETO 2022 fpdf.txt,Articolazioni zonali delle conferenze dei sindaci del territorio provinciale,Federalberghi
09_GROSSETO 2022 fpdf.txt,Articolazioni zonali delle conferenze dei sindaci del territorio provinciale,Polizia provinciale
09_GROSSETO 2022 fpdf.txt,Articolazioni zonali delle conferenze dei sindaci del territorio provinciale,Procura Generale della Repubblica presso la Corte d'Appello di Firenze
09_GROSSETO 2022 fpdf.txt,Articolazioni zonali delle conferenze dei sindaci del territorio provinciale,Procura Generale presso la Corte d'Appello di Genova
09_GROSSETO 2022 fpdf.txt,Articolazioni zonali delle conferenze dei sindaci del territorio provinciale,Procura della Repubblica per i Minorenni di Firenze
09_GROSSETO 2022 fpdf.txt,Articolazioni zonali delle conferenze dei sindaci del territorio provinciale,Procura della Repubblica presso il Tribunale di Massa
09_GROSSETO 2022 fpdf.txt,Articolazioni zonali delle conferenze dei sindaci del territorio provinciale,Procure della Repubblica presso il Tribunale del Distretto
09_GROSSETO 2022 fpdf.txt,Articolazioni zonali delle conferenze dei sindaci del territorio provinciale,Provincia di Grosseto
09_GROSSETO 2022 fpdf.txt,Articolazioni zonali delle conferenze dei sindaci del territorio provinciale,Punto di Ascolto territoriale di Arcidosso
09_GROSSETO 2022 fpdf.txt,Articolazioni zonali delle conferenze dei sindaci del territorio provinciale,Punto di Ascolto territoriale di Capalbio
09_GROSSETO 2022 fpdf.txt,Articolazioni zonali delle conferenze dei sindaci del territorio provinciale,Punto di Ascolto territoriale di Follonica
09_GROSSETO 2022 fpdf.txt,Articolazioni zonali delle conferenze dei sindaci del territorio provinciale,Punto di Ascolto territoriale di Manciano
09_GROSSETO 2022 fpdf.txt,Articolazioni zonali delle conferenze dei sindaci del territorio provinciale,Punto di ascolto territoriale di Grosseto
09_GROSSETO 2022 fpdf.txt,Articolazioni zonali delle conferenze dei sindaci del territorio provinciale,Ufficio Scolastico Provinciale di Grosseto
09_GROSSETO 2022 fpdf.txt,Articolazioni zonali delle conferenze dei sindaci del territorio provinciale,Unione dei comuni Montani Amiata Grossetana
09_GROSSETO 2022 fpdf.txt,Ascom,Associazione Olympia de Gouges
09_GROSSETO 2022 fpdf.txt,Ascom,Associazione P.A. Humanitas
09_GROSSETO 2022 fpdf.txt,Ascom,Azienda USL n.9 di Grosseto
09_GROSSETO 2022 fpdf.txt,Ascom,CIA
09_GROSSETO 2022 fpdf.txt,Ascom,Centro Antiviolenza di Grosseto
09_GROSSETO 2022 fpdf.txt,Ascom,Centro Antiviolenza di Orbetello
09_GROSSETO 2022 fpdf.txt,Ascom,"Centro antiviolenza ""Olympia de Gouges"" di Grosseto e Orbetello"
09_GROSSETO 2022 fpdf.txt,Ascom,"Centro antiviolenza ""Tutto e vita — Elisabetta Fiorilli"" Grosseto"
09_GROSSETO 2022 fpdf.txt,Ascom,Centro antiviolenza di Mantepescali
09_GROSSETO 2022 fpdf.txt,Ascom,Comune di Campagnatico
09_GROSSETO 2022 fpdf.txt,Ascom,Comune di Capalbio
09_GROSSETO 2022 fpdf.txt,Ascom,Comune di Castiglione della Pescaia
09_GROSSETO 2022 fpdf.txt,Ascom,Comune di Cinigiano
09_GROSSETO 2022 fpdf.txt,Ascom,Comune di Civitella Paganico
09_GROSSETO 2022 fpdf.txt,Ascom,Comune di Follonica
09_GROSSETO 2022 fpdf.txt,Ascom,Comune di Gavorrano
09_GROSSETO 2022 fpdf.txt,Ascom,Comune di Grosseto
09_GROSSETO 2022 fpdf.txt,Ascom,Comune di Isola del Giglio
09_GROSSETO 2022 fpdf.txt,Ascom,Comune di Magliano in Toscana
09_GROSSETO 2022 fpdf.txt,Ascom,Comune di Manciano
09_GROSSETO 2022 fpdf.txt,Ascom,Comune di Massa Marittima
09_GROSSETO 2022 fpdf.txt,Ascom,Comune di Monte Argentario
09_GROSSETO 2022 fpdf.txt,Ascom,Comune di Monterotondo Marittimo
09_GROSSETO 2022 fpdf.txt,Ascom,Comune di Montieri
09_GROSSETO 2022 fpdf.txt,Ascom,Comune di Orbetello
09_GROSSETO 2022 fpdf.txt,Ascom,Comune di Pitigliano
09_GROSSETO 2022 fpdf.txt,Ascom,Comune di Scansano
09_GROSSETO 2022 fpdf.txt,Ascom,Comune di Scarlino
09_GROSSETO 2022 fpdf.txt,Ascom,Comune di Sorano
09_GROSSETO 2022 fpdf.txt,Ascom,Confesercenti
09_GROSSETO 2022 fpdf.txt,Ascom,Corte d'Appello di Firenze
09_GROSSETO 2022 fpdf.txt,Ascom,Federalberghi
09_GROSSETO 2022 fpdf.txt,Ascom,Polizia provinciale
09_GROSSETO 2022 fpdf.txt,Ascom,Procura Generale della Repubblica presso la Corte d'Appello di Firenze
09_GROSSETO 2022 fpdf.txt,Ascom,Procura Generale presso la Corte d'Appello di Genova
09_GROSSETO 2022 fpdf.txt,Ascom,Procura della Repubblica per i Minorenni di Firenze
09_GROSSETO 2022 fpdf.txt,Ascom,Procura della Repubblica presso il Tribunale di Massa
09_GROSSETO 2022 fpdf.txt,Ascom,Procure della Repubblica presso il Tribunale del Distretto
09_GROSSETO 2022 fpdf.txt,Ascom,Provincia di Grosseto
09_GROSSETO 2022 fpdf.txt,Ascom,Punto di Ascolto territoriale di Arcidosso
09_GROSSETO 2022 fpdf.txt,Ascom,Punto di Ascolto territoriale di Capalbio
09_GROSSETO 2022 fpdf.txt,Ascom,Punto di Ascolto territoriale di Follonica
09_GROSSETO 2022 fpdf.txt,Ascom,Punto di Ascolto territoriale di Manciano
09_GROSSETO 2022 fpdf.txt,Ascom,Punto di ascolto territoriale di Grosseto
09_GROSSETO 2022 fpdf.txt,Ascom,Ufficio Scolastico Provinciale di Grosseto
09_GROSSETO 2022 fpdf.txt,Ascom,Unione dei comuni Montani Amiata Grossetana
09_GROSSETO 2022 fpdf.txt,Associazione Olympia de Gouges,Associazione P.A. Humanitas
09_GROSSETO 2022 fpdf.txt,Associazione Olympia de Gouges,Azienda USL n.9 di Grosseto
09_GROSSETO 2022 fpdf.txt,Associazione Olympia de Gouges,CIA
09_GROSSETO 2022 fpdf.txt,Associazione Olympia de Gouges,Centro Antiviolenza di Grosseto
09_GROSSETO 2022 fpdf.txt,Associazione Olympia de Gouges,Centro Antiviolenza di Orbetello
09_GROSSETO 2022 fpdf.txt,Associazione Olympia de Gouges,"Centro antiviolenza ""Olympia de Gouges"" di Grosseto e Orbetello"
09_GROSSETO 2022 fpdf.txt,Associazione Olympia de Gouges,"Centro antiviolenza ""Tutto e vita — Elisabetta Fiorilli"" Grosseto"
09_GROSSETO 2022 fpdf.txt,Associazione Olympia de Gouges,Centro antiviolenza di Mantepescali
09_GROSSETO 2022 fpdf.txt,Associazione Olympia de Gouges,Comune di Campagnatico
09_GROSSETO 2022 fpdf.txt,Associazione Olympia de Gouges,Comune di Capalbio
09_GROSSETO 2022 fpdf.txt,Associazione Olympia de Gouges,Comune di Castiglione della Pescaia
09_GROSSETO 2022 fpdf.txt,Associazione Olympia de Gouges,Comune di Cinigiano
09_GROSSETO 2022 fpdf.txt,Associazione Olympia de Gouges,Comune di Civitella Paganico
09_GROSSETO 2022 fpdf.txt,Associazione Olympia de Gouges,Comune di Follonica
09_GROSSETO 2022 fpdf.txt,Associazione Olympia de Gouges,Comune di Gavorrano
09_GROSSETO 2022 fpdf.txt,Associazione Olympia de Gouges,Comune di Grosseto
09_GROSSETO 2022 fpdf.txt,Associazione Olympia de Gouges,Comune di Isola del Giglio
09_GROSSETO 2022 fpdf.txt,Associazione Olympia de Gouges,Comune di Magliano in Toscana
09_GROSSETO 2022 fpdf.txt,Associazione Olympia de Gouges,Comune di Manciano
09_GROSSETO 2022 fpdf.txt,Associazione Olympia de Gouges,Comune di Massa Marittima
09_GROSSETO 2022 fpdf.txt,Associazione Olympia de Gouges,Comune di Monte Argentario
09_GROSSETO 2022 fpdf.txt,Associazione Olympia de Gouges,Comune di Monterotondo Marittimo
09_GROSSETO 2022 fpdf.txt,Associazione Olympia de Gouges,Comune di Montieri
09_GROSSETO 2022 fpdf.txt,Associazione Olympia de Gouges,Comune di Orbetello
09_GROSSETO 2022 fpdf.txt,Associazione Olympia de Gouges,Comune di Pitigliano
09_GROSSETO 2022 fpdf.txt,Associazione Olympia de Gouges,Comune di Scansano
09_GROSSETO 2022 fpdf.txt,Associazione Olympia de Gouges,Comune di Scarlino
09_GROSSETO 2022 fpdf.txt,Associazione Olympia de Gouges,Comune di Sorano
09_GROSSETO 2022 fpdf.txt,Associazione Olympia de Gouges,Confesercenti
09_GROSSETO 2022 fpdf.txt,Associazione Olympia de Gouges,Corte d'Appello di Firenze
09_GROSSETO 2022 fpdf.txt,Associazione Olympia de Gouges,Federalberghi
09_GROSSETO 2022 fpdf.txt,Associazione Olympia de Gouges,Polizia provinciale
09_GROSSETO 2022 fpdf.txt,Associazione Olympia de Gouges,Procura Generale della Repubblica presso la Corte d'Appello di Firenze
09_GROSSETO 2022 fpdf.txt,Associazione Olympia de Gouges,Procura Generale presso la Corte d'Appello di Genova
09_GROSSETO 2022 fpdf.txt,Associazione Olympia de Gouges,Procura della Repubblica per i Minorenni di Firenze
09_GROSSETO 2022 fpdf.txt,Associazione Olympia de Gouges,Procura della Repubblica presso il Tribunale di Massa
09_GROSSETO 2022 fpdf.txt,Associazione Olympia de Gouges,Procure della Repubblica presso il Tribunale del Distretto
09_GROSSETO 2022 fpdf.txt,Associazione Olympia de Gouges,Provincia di Grosseto
09_GROSSETO 2022 fpdf.txt,Associazione Olympia de Gouges,Punto di Ascolto territoriale di Arcidosso
09_GROSSETO 2022 fpdf.txt,Associazione Olympia de Gouges,Punto di Ascolto territoriale di Capalbio
09_GROSSETO 2022 fpdf.txt,Associazione Olympia de Gouges,Punto di Ascolto territoriale di Follonica
09_GROSSETO 2022 fpdf.txt,Associazione Olympia de Gouges,Punto di Ascolto territoriale di Manciano
09_GROSSETO 2022 fpdf.txt,Associazione Olympia de Gouges,Punto di ascolto territoriale di Grosseto
09_GROSSETO 2022 fpdf.txt,Associazione Olympia de Gouges,Ufficio Scolastico Provinciale di Grosseto
09_GROSSETO 2022 fpdf.txt,Associazione Olympia de Gouges,Unione dei comuni Montani Amiata Grossetana
09_GROSSETO 2022 fpdf.txt,Associazione P.A. Humanitas,Azienda USL n.9 di Grosseto
09_GROSSETO 2022 fpdf.txt,Associazione P.A. Humanitas,CIA
09_GROSSETO 2022 fpdf.txt,Associazione P.A. Humanitas,Centro Antiviolenza di Grosseto
09_GROSSETO 2022 fpdf.txt,Associazione P.A. Humanitas,Centro Antiviolenza di Orbetello
09_GROSSETO 2022 fpdf.txt,Associazione P.A. Humanitas,"Centro antiviolenza ""Olympia de Gouges"" di Grosseto e Orbetello"
09_GROSSETO 2022 fpdf.txt,Associazione P.A. Humanitas,"Centro antiviolenza ""Tutto e vita — Elisabetta Fiorilli"" Grosseto"
09_GROSSETO 2022 fpdf.txt,Associazione P.A. Humanitas,Centro antiviolenza di Mantepescali
09_GROSSETO 2022 fpdf.txt,Associazione P.A. Humanitas,Comune di Campagnatico
09_GROSSETO 2022 fpdf.txt,Associazione P.A. Humanitas,Comune di Capalbio
09_GROSSETO 2022 fpdf.txt,Associazione P.A. Humanitas,Comune di Castiglione della Pescaia
09_GROSSETO 2022 fpdf.txt,Associazione P.A. Humanitas,Comune di Cinigiano
09_GROSSETO 2022 fpdf.txt,Associazione P.A. Humanitas,Comune di Civitella Paganico
09_GROSSETO 2022 fpdf.txt,Associazione P.A. Humanitas,Comune di Follonica
09_GROSSETO 2022 fpdf.txt,Associazione P.A. Humanitas,Comune di Gavorrano
09_GROSSETO 2022 fpdf.txt,Associazione P.A. Humanitas,Comune di Grosseto
09_GROSSETO 2022 fpdf.txt,Associazione P.A. Humanitas,Comune di Isola del Giglio
09_GROSSETO 2022 fpdf.txt,Associazione P.A. Humanitas,Comune di Magliano in Toscana
09_GROSSETO 2022 fpdf.txt,Associazione P.A. Humanitas,Comune di Manciano
09_GROSSETO 2022 fpdf.txt,Associazione P.A. Humanitas,Comune di Massa Marittima
09_GROSSETO 2022 fpdf.txt,Associazione P.A. Humanitas,Comune di Monte Argentario
09_GROSSETO 2022 fpdf.txt,Associazione P.A. Humanitas,Comune di Monterotondo Marittimo
09_GROSSETO 2022 fpdf.txt,Associazione P.A. Humanitas,Comune di Montieri
09_GROSSETO 2022 fpdf.txt,Associazione P.A. Humanitas,Comune di Orbetello
09_GROSSETO 2022 fpdf.txt,Associazione P.A. Humanitas,Comune di Pitigliano
09_GROSSETO 2022 fpdf.txt,Associazione P.A. Humanitas,Comune di Scansano
09_GROSSETO 2022 fpdf.txt,Associazione P.A. Humanitas,Comune di Scarlino
09_GROSSETO 2022 fpdf.txt,Associazione P.A. Humanitas,Comune di Sorano
09_GROSSETO 2022 fpdf.txt,Associazione P.A. Humanitas,Confesercenti
09_GROSSETO 2022 fpdf.txt,Associazione P.A. Humanitas,Corte d'Appello di Firenze
09_GROSSETO 2022 fpdf.txt,Associazione P.A. Humanitas,Federalberghi
09_GROSSETO 2022 fpdf.txt,Associazione P.A. Humanitas,Polizia provinciale
09_GROSSETO 2022 fpdf.txt,Associazione P.A. Humanitas,Procura Generale della Repubblica presso la Corte d'Appello di Firenze
09_GROSSETO 2022 fpdf.txt,Associazione P.A. Humanitas,Procura Generale presso la Corte d'Appello di Genova
09_GROSSETO 2022 fpdf.txt,Associazione P.A. Humanitas,Procura della Repubblica per i Minorenni di Firenze
09_GROSSETO 2022 fpdf.txt,Associazione P.A. Humanitas,Procura della Repubblica presso il Tribunale di Massa
09_GROSSETO 2022 fpdf.txt,Associazione P.A. Humanitas,Procure della Repubblica presso il Tribunale del Distretto
09_GROSSETO 2022 fpdf.txt,Associazione P.A. Humanitas,Provincia di Grosseto
09_GROSSETO 2022 fpdf.txt,Associazione P.A. Humanitas,Punto di Ascolto territoriale di Arcidosso
09_GROSSETO 2022 fpdf.txt,Associazione P.A. Humanitas,Punto di Ascolto territoriale di Capalbio
09_GROSSETO 2022 fpdf.txt,Associazione P.A. Humanitas,Punto di Ascolto territoriale di Follonica
09_GROSSETO 2022 fpdf.txt,Associazione P.A. Humanitas,Punto di Ascolto territoriale di Manciano
09_GROSSETO 2022 fpdf.txt,Associazione P.A. Humanitas,Punto di ascolto territoriale di Grosseto
09_GROSSETO 2022 fpdf.txt,Associazione P.A. Humanitas,Ufficio Scolastico Provinciale di Grosseto
09_GROSSETO 2022 fpdf.txt,Associazione P.A. Humanitas,Unione dei comuni Montani Amiata Grossetana
09_GROSSETO 2022 fpdf.txt,Azienda USL n.9 di Grosseto,CIA
09_GROSSETO 2022 fpdf.txt,Azienda USL n.9 di Grosseto,Centro Antiviolenza di Grosseto
09_GROSSETO 2022 fpdf.txt,Azienda USL n.9 di Grosseto,Centro Antiviolenza di Orbetello
09_GROSSETO 2022 fpdf.txt,Azienda USL n.9 di Grosseto,"Centro antiviolenza ""Olympia de Gouges"" di Grosseto e Orbetello"
09_GROSSETO 2022 fpdf.txt,Azienda USL n.9 di Grosseto,"Centro antiviolenza ""Tutto e vita — Elisabetta Fiorilli"" Grosseto"
09_GROSSETO 2022 fpdf.txt,Azienda USL n.9 di Grosseto,Centro antiviolenza di Mantepescali
09_GROSSETO 2022 fpdf.txt,Azienda USL n.9 di Grosseto,Comune di Campagnatico
09_GROSSETO 2022 fpdf.txt,Azienda USL n.9 di Grosseto,Comune di Capalbio
09_GROSSETO 2022 fpdf.txt,Azienda USL n.9 di Grosseto,Comune di Castiglione della Pescaia
09_GROSSETO 2022 fpdf.txt,Azienda USL n.9 di Grosseto,Comune di Cinigiano
09_GROSSETO 2022 fpdf.txt,Azienda USL n.9 di Grosseto,Comune di Civitella Paganico
09_GROSSETO 2022 fpdf.txt,Azienda USL n.9 di Grosseto,Comune di Follonica
09_GROSSETO 2022 fpdf.txt,Azienda USL n.9 di Grosseto,Comune di Gavorrano
09_GROSSETO 2022 fpdf.txt,Azienda USL n.9 di Grosseto,Comune di Grosseto
09_GROSSETO 2022 fpdf.txt,Azienda USL n.9 di Grosseto,Comune di Isola del Giglio
09_GROSSETO 2022 fpdf.txt,Azienda USL n.9 di Grosseto,Comune di Magliano in Toscana
09_GROSSETO 2022 fpdf.txt,Azienda USL n.9 di Grosseto,Comune di Manciano
09_GROSSETO 2022 fpdf.txt,Azienda USL n.9 di Grosseto,Comune di Massa Marittima
09_GROSSETO 2022 fpdf.txt,Azienda USL n.9 di Grosseto,Comune di Monte Argentario
09_GROSSETO 2022 fpdf.txt,Azienda USL n.9 di Grosseto,Comune di Monterotondo Marittimo
09_GROSSETO 2022 fpdf.txt,Azienda USL n.9 di Grosseto,Comune di Montieri
09_GROSSETO 2022 fpdf.txt,Azienda USL n.9 di Grosseto,Comune di Orbetello
09_GROSSETO 2022 fpdf.txt,Azienda USL n.9 di Grosseto,Comune di Pitigliano
09_GROSSETO 2022 fpdf.txt,Azienda USL n.9 di Grosseto,Comune di Scansano
09_GROSSETO 2022 fpdf.txt,Azienda USL n.9 di Grosseto,Comune di Scarlino
09_GROSSETO 2022 fpdf.txt,Azienda USL n.9 di Grosseto,Comune di Sorano
09_GROSSETO 2022 fpdf.txt,Azienda USL n.9 di Grosseto,Confesercenti
09_GROSSETO 2022 fpdf.txt,Azienda USL n.9 di Grosseto,Corte d'Appello di Firenze
09_GROSSETO 2022 fpdf.txt,Azienda USL n.9 di Grosseto,Federalberghi
09_GROSSETO 2022 fpdf.txt,Azienda USL n.9 di Grosseto,Polizia provinciale
09_GROSSETO 2022 fpdf.txt,Azienda USL n.9 di Grosseto,Procura Generale della Repubblica presso la Corte d'Appello di Firenze
09_GROSSETO 2022 fpdf.txt,Azienda USL n.9 di Grosseto,Procura Generale presso la Corte d'Appello di Genova
09_GROSSETO 2022 fpdf.txt,Azienda USL n.9 di Grosseto,Procura della Repubblica per i Minorenni di Firenze
09_GROSSETO 2022 fpdf.txt,Azienda USL n.9 di Grosseto,Procura della Repubblica presso il Tribunale di Massa
09_GROSSETO 2022 fpdf.txt,Azienda USL n.9 di Grosseto,Procure della Repubblica presso il Tribunale del Distretto
09_GROSSETO 2022 fpdf.txt,Azienda USL n.9 di Grosseto,Provincia di Grosseto
09_GROSSETO 2022 fpdf.txt,Azienda USL n.9 di Grosseto,Punto di Ascolto territoriale di Arcidosso
09_GROSSETO 2022 fpdf.txt,Azienda USL n.9 di Grosseto,Punto di Ascolto territoriale di Capalbio
09_GROSSETO 2022 fpdf.txt,Azienda USL n.9 di Grosseto,Punto di Ascolto territoriale di Follonica
09_GROSSETO 2022 fpdf.txt,Azienda USL n.9 di Grosseto,Punto di Ascolto territoriale di Manciano
09_GROSSETO 2022 fpdf.txt,Azienda USL n.9 di Grosseto,Punto di ascolto territoriale di Grosseto
09_GROSSETO 2022 fpdf.txt,Azienda USL n.9 di Grosseto,Ufficio Scolastico Provinciale di Grosseto
09_GROSSETO 2022 fpdf.txt,Azienda USL n.9 di Grosseto,Unione dei comuni Montani Amiata Grossetana
09_GROSSETO 2022 fpdf.txt,CIA,Centro Antiviolenza di Grosseto
09_GROSSETO 2022 fpdf.txt,CIA,Centro Antiviolenza di Orbetello
09_GROSSETO 2022 fpdf.txt,CIA,"Centro antiviolenza ""Olympia de Gouges"" di Grosseto e Orbetello"
09_GROSSETO 2022 fpdf.txt,CIA,"Centro antiviolenza ""Tutto e vita — Elisabetta Fiorilli"" Grosseto"
09_GROSSETO 2022 fpdf.txt,CIA,Centro antiviolenza di Mantepescali
09_GROSSETO 2022 fpdf.txt,CIA,Comune di Campagnatico
09_GROSSETO 2022 fpdf.txt,CIA,Comune di Capalbio
09_GROSSETO 2022 fpdf.txt,CIA,Comune di Castiglione della Pescaia
09_GROSSETO 2022 fpdf.txt,CIA,Comune di Cinigiano
09_GROSSETO 2022 fpdf.txt,CIA,Comune di Civitella Paganico
09_GROSSETO 2022 fpdf.txt,CIA,Comune di Follonica
09_GROSSETO 2022 fpdf.txt,CIA,Comune di Gavorrano
09_GROSSETO 2022 fpdf.txt,CIA,Comune di Grosseto
09_GROSSETO 2022 fpdf.txt,CIA,Comune di Isola del Giglio
09_GROSSETO 2022 fpdf.txt,CIA,Comune di Magliano in Toscana
09_GROSSETO 2022 fpdf.txt,CIA,Comune di Manciano
09_GROSSETO 2022 fpdf.txt,CIA,Comune di Massa Marittima
09_GROSSETO 2022 fpdf.txt,CIA,Comune di Monte Argentario
09_GROSSETO 2022 fpdf.txt,CIA,Comune di Monterotondo Marittimo
09_GROSSETO 2022 fpdf.txt,CIA,Comune di Montieri
09_GROSSETO 2022 fpdf.txt,CIA,Comune di Orbetello
09_GROSSETO 2022 fpdf.txt,CIA,Comune di Pitigliano
09_GROSSETO 2022 fpdf.txt,CIA,Comune di Scansano
09_GROSSETO 2022 fpdf.txt,CIA,Comune di Scarlino
09_GROSSETO 2022 fpdf.txt,CIA,Comune di Sorano
09_GROSSETO 2022 fpdf.txt,CIA,Confesercenti
09_GROSSETO 2022 fpdf.txt,CIA,Corte d'Appello di Firenze
09_GROSSETO 2022 fpdf.txt,CIA,Federalberghi
09_GROSSETO 2022 fpdf.txt,CIA,Polizia provinciale
09_GROSSETO 2022 fpdf.txt,CIA,Procura Generale della Repubblica presso la Corte d'Appello di Firenze
09_GROSSETO 2022 fpdf.txt,CIA,Procura Generale presso la Corte d'Appello di Genova
09_GROSSETO 2022 fpdf.txt,CIA,Procura della Repubblica per i Minorenni di Firenze
09_GROSSETO 2022 fpdf.txt,CIA,Procura della Repubblica presso il Tribunale di Massa
09_GROSSETO 2022 fpdf.txt,CIA,Procure della Repubblica presso il Tribunale del Distretto
09_GROSSETO 2022 fpdf.txt,CIA,Provincia di Grosseto
09_GROSSETO 2022 fpdf.txt,CIA,Punto di Ascolto territoriale di Arcidosso
09_GROSSETO 2022 fpdf.txt,CIA,Punto di Ascolto territoriale di Capalbio
09_GROSSETO 2022 fpdf.txt,CIA,Punto di Ascolto territoriale di Follonica
09_GROSSETO 2022 fpdf.txt,CIA,Punto di Ascolto territoriale di Manciano
09_GROSSETO 2022 fpdf.txt,CIA,Punto di ascolto territoriale di Grosseto
09_GROSSETO 2022 fpdf.txt,CIA,Ufficio Scolastico Provinciale di Grosseto
09_GROSSETO 2022 fpdf.txt,CIA,Unione dei comuni Montani Amiata Grossetana
09_GROSSETO 2022 fpdf.txt,Centro Antiviolenza di Grosseto,Centro Antiviolenza di Orbetello
09_GROSSETO 2022 fpdf.txt,Centro Antiviolenza di Grosseto,"Centro antiviolenza ""Olympia de Gouges"" di Grosseto e Orbetello"
09_GROSSETO 2022 fpdf.txt,Centro Antiviolenza di Grosseto,"Centro antiviolenza ""Tutto e vita — Elisabetta Fiorilli"" Grosseto"
09_GROSSETO 2022 fpdf.txt,Centro Antiviolenza di Grosseto,Centro antiviolenza di Mantepescali
09_GROSSETO 2022 fpdf.txt,Centro Antiviolenza di Grosseto,Comune di Campagnatico
09_GROSSETO 2022 fpdf.txt,Centro Antiviolenza di Grosseto,Comune di Capalbio
09_GROSSETO 2022 fpdf.txt,Centro Antiviolenza di Grosseto,Comune di Castiglione della Pescaia
09_GROSSETO 2022 fpdf.txt,Centro Antiviolenza di Grosseto,Comune di Cinigiano
09_GROSSETO 2022 fpdf.txt,Centro Antiviolenza di Grosseto,Comune di Civitella Paganico
09_GROSSETO 2022 fpdf.txt,Centro Antiviolenza di Grosseto,Comune di Follonica
09_GROSSETO 2022 fpdf.txt,Centro Antiviolenza di Grosseto,Comune di Gavorrano
09_GROSSETO 2022 fpdf.txt,Centro Antiviolenza di Grosseto,Comune di Grosseto
09_GROSSETO 2022 fpdf.txt,Centro Antiviolenza di Grosseto,Comune di Isola del Giglio
09_GROSSETO 2022 fpdf.txt,Centro Antiviolenza di Grosseto,Comune di Magliano in Toscana
09_GROSSETO 2022 fpdf.txt,Centro Antiviolenza di Grosseto,Comune di Manciano
09_GROSSETO 2022 fpdf.txt,Centro Antiviolenza di Grosseto,Comune di Massa Marittima
09_GROSSETO 2022 fpdf.txt,Centro Antiviolenza di Grosseto,Comune di Monte Argentario
09_GROSSETO 2022 fpdf.txt,Centro Antiviolenza di Grosseto,Comune di Monterotondo Marittimo
09_GROSSETO 2022 fpdf.txt,Centro Antiviolenza di Grosseto,Comune di Montieri
09_GROSSETO 2022 fpdf.txt,Centro Antiviolenza di Grosseto,Comune di Orbetello
09_GROSSETO 2022 fpdf.txt,Centro Antiviolenza di Grosseto,Comune di Pitigliano
09_GROSSETO 2022 fpdf.txt,Centro Antiviolenza di Grosseto,Comune di Scansano
09_GROSSETO 2022 fpdf.txt,Centro Antiviolenza di Grosseto,Comune di Scarlino
09_GROSSETO 2022 fpdf.txt,Centro Antiviolenza di Grosseto,Comune di Sorano
09_GROSSETO 2022 fpdf.txt,Centro Antiviolenza di Grosseto,Confesercenti
09_GROSSETO 2022 fpdf.txt,Centro Antiviolenza di Grosseto,Corte d'Appello di Firenze
09_GROSSETO 2022 fpdf.txt,Centro Antiviolenza di Grosseto,Federalberghi
09_GROSSETO 2022 fpdf.txt,Centro Antiviolenza di Grosseto,Polizia provinciale
09_GROSSETO 2022 fpdf.txt,Centro Antiviolenza di Grosseto,Procura Generale della Repubblica presso la Corte d'Appello di Firenze
09_GROSSETO 2022 fpdf.txt,Centro Antiviolenza di Grosseto,Procura Generale presso la Corte d'Appello di Genova
09_GROSSETO 2022 fpdf.txt,Centro Antiviolenza di Grosseto,Procura della Repubblica per i Minorenni di Firenze
09_GROSSETO 2022 fpdf.txt,Centro Antiviolenza di Grosseto,Procura della Repubblica presso il Tribunale di Massa
09_GROSSETO 2022 fpdf.txt,Centro Antiviolenza di Grosseto,Procure della Repubblica presso il Tribunale del Distretto
09_GROSSETO 2022 fpdf.txt,Centro Antiviolenza di Grosseto,Provincia di Grosseto
09_GROSSETO 2022 fpdf.txt,Centro Antiviolenza di Grosseto,Punto di Ascolto territoriale di Arcidosso
09_GROSSETO 2022 fpdf.txt,Centro Antiviolenza di Grosseto,Punto di Ascolto territoriale di Capalbio
09_GROSSETO 2022 fpdf.txt,Centro Antiviolenza di Grosseto,Punto di Ascolto territoriale di Follonica
09_GROSSETO 2022 fpdf.txt,Centro Antiviolenza di Grosseto,Punto di Ascolto territoriale di Manciano
09_GROSSETO 2022 fpdf.txt,Centro Antiviolenza di Grosseto,Punto di ascolto territoriale di Grosseto
09_GROSSETO 2022 fpdf.txt,Centro Antiviolenza di Grosseto,Ufficio Scolastico Provinciale di Grosseto
09_GROSSETO 2022 fpdf.txt,Centro Antiviolenza di Grosseto,Unione dei comuni Montani Amiata Grossetana
09_GROSSETO 2022 fpdf.txt,Centro Antiviolenza di Orbetello,"Centro antiviolenza ""Olympia de Gouges"" di Grosseto e Orbetello"
09_GROSSETO 2022 fpdf.txt,Centro Antiviolenza di Orbetello,"Centro antiviolenza ""Tutto e vita — Elisabetta Fiorilli"" Grosseto"
09_GROSSETO 2022 fpdf.txt,Centro Antiviolenza di Orbetello,Centro antiviolenza di Mantepescali
09_GROSSETO 2022 fpdf.txt,Centro Antiviolenza di Orbetello,Comune di Campagnatico
09_GROSSETO 2022 fpdf.txt,Centro Antiviolenza di Orbetello,Comune di Capalbio
09_GROSSETO 2022 fpdf.txt,Centro Antiviolenza di Orbetello,Comune di Castiglione della Pescaia
09_GROSSETO 2022 fpdf.txt,Centro Antiviolenza di Orbetello,Comune di Cinigiano
09_GROSSETO 2022 fpdf.txt,Centro Antiviolenza di Orbetello,Comune di Civitella Paganico
09_GROSSETO 2022 fpdf.txt,Centro Antiviolenza di Orbetello,Comune di Follonica
09_GROSSETO 2022 fpdf.txt,Centro Antiviolenza di Orbetello,Comune di Gavorrano
09_GROSSETO 2022 fpdf.txt,Centro Antiviolenza di Orbetello,Comune di Grosseto
09_GROSSETO 2022 fpdf.txt,Centro Antiviolenza di Orbetello,Comune di Isola del Giglio
09_GROSSETO 2022 fpdf.txt,Centro Antiviolenza di Orbetello,Comune di Magliano in Toscana
09_GROSSETO 2022 fpdf.txt,Centro Antiviolenza di Orbetello,Comune di Manciano
09_GROSSETO 2022 fpdf.txt,Centro Antiviolenza di Orbetello,Comune di Massa Marittima
09_GROSSETO 2022 fpdf.txt,Centro Antiviolenza di Orbetello,Comune di Monte Argentario
09_GROSSETO 2022 fpdf.txt,Centro Antiviolenza di Orbetello,Comune di Monterotondo Marittimo
09_GROSSETO 2022 fpdf.txt,Centro Antiviolenza di Orbetello,Comune di Montieri
09_GROSSETO 2022 fpdf.txt,Centro Antiviolenza di Orbetello,Comune di Orbetello
09_GROSSETO 2022 fpdf.txt,Centro Antiviolenza di Orbetello,Comune di Pitigliano
09_GROSSETO 2022 fpdf.txt,Centro Antiviolenza di Orbetello,Comune di Scansano
09_GROSSETO 2022 fpdf.txt,Centro Antiviolenza di Orbetello,Comune di Scarlino
09_GROSSETO 2022 fpdf.txt,Centro Antiviolenza di Orbetello,Comune di Sorano
09_GROSSETO 2022 fpdf.txt,Centro Antiviolenza di Orbetello,Confesercenti
09_GROSSETO 2022 fpdf.txt,Centro Antiviolenza di Orbetello,Corte d'Appello di Firenze
09_GROSSETO 2022 fpdf.txt,Centro Antiviolenza di Orbetello,Federalberghi
09_GROSSETO 2022 fpdf.txt,Centro Antiviolenza di Orbetello,Polizia provinciale
09_GROSSETO 2022 fpdf.txt,Centro Antiviolenza di Orbetello,Procura Generale della Repubblica presso la Corte d'Appello di Firenze
09_GROSSETO 2022 fpdf.txt,Centro Antiviolenza di Orbetello,Procura Generale presso la Corte d'Appello di Genova
09_GROSSETO 2022 fpdf.txt,Centro Antiviolenza di Orbetello,Procura della Repubblica per i Minorenni di Firenze
09_GROSSETO 2022 fpdf.txt,Centro Antiviolenza di Orbetello,Procura della Repubblica presso il Tribunale di Massa
09_GROSSETO 2022 fpdf.txt,Centro Antiviolenza di Orbetello,Procure della Repubblica presso il Tribunale del Distretto
09_GROSSETO 2022 fpdf.txt,Centro Antiviolenza di Orbetello,Provincia di Grosseto
09_GROSSETO 2022 fpdf.txt,Centro Antiviolenza di Orbetello,Punto di Ascolto territoriale di Arcidosso
09_GROSSETO 2022 fpdf.txt,Centro Antiviolenza di Orbetello,Punto di Ascolto territoriale di Capalbio
09_GROSSETO 2022 fpdf.txt,Centro Antiviolenza di Orbetello,Punto di Ascolto territoriale di Follonica
09_GROSSETO 2022 fpdf.txt,Centro Antiviolenza di Orbetello,Punto di Ascolto territoriale di Manciano
09_GROSSETO 2022 fpdf.txt,Centro Antiviolenza di Orbetello,Punto di ascolto territoriale di Grosseto
09_GROSSETO 2022 fpdf.txt,Centro Antiviolenza di Orbetello,Ufficio Scolastico Provinciale di Grosseto
09_GROSSETO 2022 fpdf.txt,Centro Antiviolenza di Orbetello,Unione dei comuni Montani Amiata Grossetana
09_GROSSETO 2022 fpdf.txt,"Centro antiviolenza ""Olympia de Gouges"" di Grosseto e Orbetello","Centro antiviolenza ""Tutto e vita — Elisabetta Fiorilli"" Grosseto"
09_GROSSETO 2022 fpdf.txt,"Centro antiviolenza ""Olympia de Gouges"" di Grosseto e Orbetello",Centro antiviolenza di Mantepescali
09_GROSSETO 2022 fpdf.txt,"Centro antiviolenza ""Olympia de Gouges"" di Grosseto e Orbetello",Comune di Campagnatico
09_GROSSETO 2022 fpdf.txt,"Centro antiviolenza ""Olympia de Gouges"" di Grosseto e Orbetello",Comune di Capalbio
09_GROSSETO 2022 fpdf.txt,"Centro antiviolenza ""Olympia de Gouges"" di Grosseto e Orbetello",Comune di Castiglione della Pescaia
09_GROSSETO 2022 fpdf.txt,"Centro antiviolenza ""Olympia de Gouges"" di Grosseto e Orbetello",Comune di Cinigiano
09_GROSSETO 2022 fpdf.txt,"Centro antiviolenza ""Olympia de Gouges"" di Grosseto e Orbetello",Comune di Civitella Paganico
09_GROSSETO 2022 fpdf.txt,"Centro antiviolenza ""Olympia de Gouges"" di Grosseto e Orbetello",Comune di Follonica
09_GROSSETO 2022 fpdf.txt,"Centro antiviolenza ""Olympia de Gouges"" di Grosseto e Orbetello",Comune di Gavorrano
09_GROSSETO 2022 fpdf.txt,"Centro antiviolenza ""Olympia de Gouges"" di Grosseto e Orbetello",Comune di Grosseto
09_GROSSETO 2022 fpdf.txt,"Centro antiviolenza ""Olympia de Gouges"" di Grosseto e Orbetello",Comune di Isola del Giglio
09_GROSSETO 2022 fpdf.txt,"Centro antiviolenza ""Olympia de Gouges"" di Grosseto e Orbetello",Comune di Magliano in Toscana
09_GROSSETO 2022 fpdf.txt,"Centro antiviolenza ""Olympia de Gouges"" di Grosseto e Orbetello",Comune di Manciano
09_GROSSETO 2022 fpdf.txt,"Centro antiviolenza ""Olympia de Gouges"" di Grosseto e Orbetello",Comune di Massa Marittima
09_GROSSETO 2022 fpdf.txt,"Centro antiviolenza ""Olympia de Gouges"" di Grosseto e Orbetello",Comune di Monte Argentario
09_GROSSETO 2022 fpdf.txt,"Centro antiviolenza ""Olympia de Gouges"" di Grosseto e Orbetello",Comune di Monterotondo Marittimo
09_GROSSETO 2022 fpdf.txt,"Centro antiviolenza ""Olympia de Gouges"" di Grosseto e Orbetello",Comune di Montieri
09_GROSSETO 2022 fpdf.txt,"Centro antiviolenza ""Olympia de Gouges"" di Grosseto e Orbetello",Comune di Orbetello
09_GROSSETO 2022 fpdf.txt,"Centro antiviolenza ""Olympia de Gouges"" di Grosseto e Orbetello",Comune di Pitigliano
09_GROSSETO 2022 fpdf.txt,"Centro antiviolenza ""Olympia de Gouges"" di Grosseto e Orbetello",Comune di Scansano
09_GROSSETO 2022 fpdf.txt,"Centro antiviolenza ""Olympia de Gouges"" di Grosseto e Orbetello",Comune di Scarlino
09_GROSSETO 2022 fpdf.txt,"Centro antiviolenza ""Olympia de Gouges"" di Grosseto e Orbetello",Comune di Sorano
09_GROSSETO 2022 fpdf.txt,"Centro antiviolenza ""Olympia de Gouges"" di Grosseto e Orbetello",Confesercenti
09_GROSSETO 2022 fpdf.txt,"Centro antiviolenza ""Olympia de Gouges"" di Grosseto e Orbetello",Corte d'Appello di Firenze
09_GROSSETO 2022 fpdf.txt,"Centro antiviolenza ""Olympia de Gouges"" di Grosseto e Orbetello",Federalberghi
09_GROSSETO 2022 fpdf.txt,"Centro antiviolenza ""Olympia de Gouges"" di Grosseto e Orbetello",Polizia provinciale
09_GROSSETO 2022 fpdf.txt,"Centro antiviolenza ""Olympia de Gouges"" di Grosseto e Orbetello",Procura Generale della Repubblica presso la Corte d'Appello di Firenze
09_GROSSETO 2022 fpdf.txt,"Centro antiviolenza ""Olympia de Gouges"" di Grosseto e Orbetello",Procura Generale presso la Corte d'Appello di Genova
09_GROSSETO 2022 fpdf.txt,"Centro antiviolenza ""Olympia de Gouges"" di Grosseto e Orbetello",Procura della Repubblica per i Minorenni di Firenze
09_GROSSETO 2022 fpdf.txt,"Centro antiviolenza ""Olympia de Gouges"" di Grosseto e Orbetello",Procura della Repubblica presso il Tribunale di Massa
09_GROSSETO 2022 fpdf.txt,"Centro antiviolenza ""Olympia de Gouges"" di Grosseto e Orbetello",Procure della Repubblica presso il Tribunale del Distretto
09_GROSSETO 2022 fpdf.txt,"Centro antiviolenza ""Olympia de Gouges"" di Grosseto e Orbetello",Provincia di Grosseto
09_GROSSETO 2022 fpdf.txt,"Centro antiviolenza ""Olympia de Gouges"" di Grosseto e Orbetello",Punto di Ascolto territoriale di Arcidosso
09_GROSSETO 2022 fpdf.txt,"Centro antiviolenza ""Olympia de Gouges"" di Grosseto e Orbetello",Punto di Ascolto territoriale di Capalbio
09_GROSSETO 2022 fpdf.txt,"Centro antiviolenza ""Olympia de Gouges"" di Grosseto e Orbetello",Punto di Ascolto territoriale di Follonica
09_GROSSETO 2022 fpdf.txt,"Centro antiviolenza ""Olympia de Gouges"" di Grosseto e Orbetello",Punto di Ascolto territoriale di Manciano
09_GROSSETO 2022 fpdf.txt,"Centro antiviolenza ""Olympia de Gouges"" di Grosseto e Orbetello",Punto di ascolto territoriale di Grosseto
09_GROSSETO 2022 fpdf.txt,"Centro antiviolenza ""Olympia de Gouges"" di Grosseto e Orbetello",Ufficio Scolastico Provinciale di Grosseto
09_GROSSETO 2022 fpdf.txt,"Centro antiviolenza ""Olympia de Gouges"" di Grosseto e Orbetello",Unione dei comuni Montani Amiata Grossetana
09_GROSSETO 2022 fpdf.txt,"Centro antiviolenza ""Tutto e vita — Elisabetta Fiorilli"" Grosseto",Centro antiviolenza di Mantepescali
09_GROSSETO 2022 fpdf.txt,"Centro antiviolenza ""Tutto e vita — Elisabetta Fiorilli"" Grosseto",Comune di Campagnatico
09_GROSSETO 2022 fpdf.txt,"Centro antiviolenza ""Tutto e vita — Elisabetta Fiorilli"" Grosseto",Comune di Capalbio
09_GROSSETO 2022 fpdf.txt,"Centro antiviolenza ""Tutto e vita — Elisabetta Fiorilli"" Grosseto",Comune di Castiglione della Pescaia
09_GROSSETO 2022 fpdf.txt,"Centro antiviolenza ""Tutto e vita — Elisabetta Fiorilli"" Grosseto",Comune di Cinigiano
09_GROSSETO 2022 fpdf.txt,"Centro antiviolenza ""Tutto e vita — Elisabetta Fiorilli"" Grosseto",Comune di Civitella Paganico
09_GROSSETO 2022 fpdf.txt,"Centro antiviolenza ""Tutto e vita — Elisabetta Fiorilli"" Grosseto",Comune di Follonica
09_GROSSETO 2022 fpdf.txt,"Centro antiviolenza ""Tutto e vita — Elisabetta Fiorilli"" Grosseto",Comune di Gavorrano
09_GROSSETO 2022 fpdf.txt,"Centro antiviolenza ""Tutto e vita — Elisabetta Fiorilli"" Grosseto",Comune di Grosseto
09_GROSSETO 2022 fpdf.txt,"Centro antiviolenza ""Tutto e vita — Elisabetta Fiorilli"" Grosseto",Comune di Isola del Giglio
09_GROSSETO 2022 fpdf.txt,"Centro antiviolenza ""Tutto e vita — Elisabetta Fiorilli"" Grosseto",Comune di Magliano in Toscana
09_GROSSETO 2022 fpdf.txt,"Centro antiviolenza ""Tutto e vita — Elisabetta Fiorilli"" Grosseto",Comune di Manciano
09_GROSSETO 2022 fpdf.txt,"Centro antiviolenza ""Tutto e vita — Elisabetta Fiorilli"" Grosseto",Comune di Massa Marittima
09_GROSSETO 2022 fpdf.txt,"Centro antiviolenza ""Tutto e vita — Elisabetta Fiorilli"" Grosseto",Comune di Monte Argentario
09_GROSSETO 2022 fpdf.txt,"Centro antiviolenza ""Tutto e vita — Elisabetta Fiorilli"" Grosseto",Comune di Monterotondo Marittimo
09_GROSSETO 2022 fpdf.txt,"Centro antiviolenza ""Tutto e vita — Elisabetta Fiorilli"" Grosseto",Comune di Montieri
09_GROSSETO 2022 fpdf.txt,"Centro antiviolenza ""Tutto e vita — Elisabetta Fiorilli"" Grosseto",Comune di Orbetello
09_GROSSETO 2022 fpdf.txt,"Centro antiviolenza ""Tutto e vita — Elisabetta Fiorilli"" Grosseto",Comune di Pitigliano
09_GROSSETO 2022 fpdf.txt,"Centro antiviolenza ""Tutto e vita — Elisabetta Fiorilli"" Grosseto",Comune di Scansano
09_GROSSETO 2022 fpdf.txt,"Centro antiviolenza ""Tutto e vita — Elisabetta Fiorilli"" Grosseto",Comune di Scarlino
09_GROSSETO 2022 fpdf.txt,"Centro antiviolenza ""Tutto e vita — Elisabetta Fiorilli"" Grosseto",Comune di Sorano
09_GROSSETO 2022 fpdf.txt,"Centro antiviolenza ""Tutto e vita — Elisabetta Fiorilli"" Grosseto",Confesercenti
09_GROSSETO 2022 fpdf.txt,"Centro antiviolenza ""Tutto e vita — Elisabetta Fiorilli"" Grosseto",Corte d'Appello di Firenze
09_GROSSETO 2022 fpdf.txt,"Centro antiviolenza ""Tutto e vita — Elisabetta Fiorilli"" Grosseto",Federalberghi
09_GROSSETO 2022 fpdf.txt,"Centro antiviolenza ""Tutto e vita — Elisabetta Fiorilli"" Grosseto",Polizia provinciale
09_GROSSETO 2022 fpdf.txt,"Centro antiviolenza ""Tutto e vita — Elisabetta Fiorilli"" Grosseto",Procura Generale della Repubblica presso la Corte d'Appello di Firenze
09_GROSSETO 2022 fpdf.txt,"Centro antiviolenza ""Tutto e vita — Elisabetta Fiorilli"" Grosseto",Procura Generale presso la Corte d'Appello di Genova
09_GROSSETO 2022 fpdf.txt,"Centro antiviolenza ""Tutto e vita — Elisabetta Fiorilli"" Grosseto",Procura della Repubblica per i Minorenni di Firenze
09_GROSSETO 2022 fpdf.txt,"Centro antiviolenza ""Tutto e vita — Elisabetta Fiorilli"" Grosseto",Procura della Repubblica presso il Tribunale di Massa
09_GROSSETO 2022 fpdf.txt,"Centro antiviolenza ""Tutto e vita — Elisabetta Fiorilli"" Grosseto",Procure della Repubblica presso il Tribunale del Distretto
09_GROSSETO 2022 fpdf.txt,"Centro antiviolenza ""Tutto e vita — Elisabetta Fiorilli"" Grosseto",Provincia di Grosseto
09_GROSSETO 2022 fpdf.txt,"Centro antiviolenza ""Tutto e vita — Elisabetta Fiorilli"" Grosseto",Punto di Ascolto territoriale di Arcidosso
09_GROSSETO 2022 fpdf.txt,"Centro antiviolenza ""Tutto e vita — Elisabetta Fiorilli"" Grosseto",Punto di Ascolto territoriale di Capalbio
09_GROSSETO 2022 fpdf.txt,"Centro antiviolenza ""Tutto e vita — Elisabetta Fiorilli"" Grosseto",Punto di Ascolto territoriale di Follonica
09_GROSSETO 2022 fpdf.txt,"Centro antiviolenza ""Tutto e vita — Elisabetta Fiorilli"" Grosseto",Punto di Ascolto territoriale di Manciano
09_GROSSETO 2022 fpdf.txt,"Centro antiviolenza ""Tutto e vita — Elisabetta Fiorilli"" Grosseto",Punto di ascolto territoriale di Grosseto
09_GROSSETO 2022 fpdf.txt,"Centro antiviolenza ""Tutto e vita — Elisabetta Fiorilli"" Grosseto",Ufficio Scolastico Provinciale di Grosseto
09_GROSSETO 2022 fpdf.txt,"Centro antiviolenza ""Tutto e vita — Elisabetta Fiorilli"" Grosseto",Unione dei comuni Montani Amiata Grossetana
09_GROSSETO 2022 fpdf.txt,Centro antiviolenza di Mantepescali,Comune di Campagnatico
09_GROSSETO 2022 fpdf.txt,Centro antiviolenza di Mantepescali,Comune di Capalbio
09_GROSSETO 2022 fpdf.txt,Centro antiviolenza di Mantepescali,Comune di Castiglione della Pescaia
09_GROSSETO 2022 fpdf.txt,Centro antiviolenza di Mantepescali,Comune di Cinigiano
09_GROSSETO 2022 fpdf.txt,Centro antiviolenza di Mantepescali,Comune di Civitella Paganico
09_GROSSETO 2022 fpdf.txt,Centro antiviolenza di Mantepescali,Comune di Follonica
09_GROSSETO 2022 fpdf.txt,Centro antiviolenza di Mantepescali,Comune di Gavorrano
09_GROSSETO 2022 fpdf.txt,Centro antiviolenza di Mantepescali,Comune di Grosseto
09_GROSSETO 2022 fpdf.txt,Centro antiviolenza di Mantepescali,Comune di Isola del Giglio
09_GROSSETO 2022 fpdf.txt,Centro antiviolenza di Mantepescali,Comune di Magliano in Toscana
09_GROSSETO 2022 fpdf.txt,Centro antiviolenza di Mantepescali,Comune di Manciano
09_GROSSETO 2022 fpdf.txt,Centro antiviolenza di Mantepescali,Comune di Massa Marittima
09_GROSSETO 2022 fpdf.txt,Centro antiviolenza di Mantepescali,Comune di Monte Argentario
09_GROSSETO 2022 fpdf.txt,Centro antiviolenza di Mantepescali,Comune di Monterotondo Marittimo
09_GROSSETO 2022 fpdf.txt,Centro antiviolenza di Mantepescali,Comune di Montieri
09_GROSSETO 2022 fpdf.txt,Centro antiviolenza di Mantepescali,Comune di Orbetello
09_GROSSETO 2022 fpdf.txt,Centro antiviolenza di Mantepescali,Comune di Pitigliano
09_GROSSETO 2022 fpdf.txt,Centro antiviolenza di Mantepescali,Comune di Scansano
09_GROSSETO 2022 fpdf.txt,Centro antiviolenza di Mantepescali,Comune di Scarlino
09_GROSSETO 2022 fpdf.txt,Centro antiviolenza di Mantepescali,Comune di Sorano
09_GROSSETO 2022 fpdf.txt,Centro antiviolenza di Mantepescali,Confesercenti
09_GROSSETO 2022 fpdf.txt,Centro antiviolenza di Mantepescali,Corte d'Appello di Firenze
09_GROSSETO 2022 fpdf.txt,Centro antiviolenza di Mantepescali,Federalberghi
09_GROSSETO 2022 fpdf.txt,Centro antiviolenza di Mantepescali,Polizia provinciale
09_GROSSETO 2022 fpdf.txt,Centro antiviolenza di Mantepescali,Procura Generale della Repubblica presso la Corte d'Appello di Firenze
09_GROSSETO 2022 fpdf.txt,Centro antiviolenza di Mantepescali,Procura Generale presso la Corte d'Appello di Genova
09_GROSSETO 2022 fpdf.txt,Centro antiviolenza di Mantepescali,Procura della Repubblica per i Minorenni di Firenze
09_GROSSETO 2022 fpdf.txt,Centro antiviolenza di Mantepescali,Procura della Repubblica presso il Tribunale di Massa
09_GROSSETO 2022 fpdf.txt,Centro antiviolenza di Mantepescali,Procure della Repubblica presso il Tribunale del Distretto
09_GROSSETO 2022 fpdf.txt,Centro antiviolenza di Mantepescali,Provincia di Grosseto
09_GROSSETO 2022 fpdf.txt,Centro antiviolenza di Mantepescali,Punto di Ascolto territoriale di Arcidosso
09_GROSSETO 2022 fpdf.txt,Centro antiviolenza di Mantepescali,Punto di Ascolto territoriale di Capalbio
09_GROSSETO 2022 fpdf.txt,Centro antiviolenza di Mantepescali,Punto di Ascolto territoriale di Follonica
09_GROSSETO 2022 fpdf.txt,Centro antiviolenza di Mantepescali,Punto di Ascolto territoriale di Manciano
09_GROSSETO 2022 fpdf.txt,Centro antiviolenza di Mantepescali,Punto di ascolto territoriale di Grosseto
09_GROSSETO 2022 fpdf.txt,Centro antiviolenza di Mantepescali,Ufficio Scolastico Provinciale di Grosseto
09_GROSSETO 2022 fpdf.txt,Centro antiviolenza di Mantepescali,Unione dei comuni Montani Amiata Grossetana
09_GROSSETO 2022 fpdf.txt,Comune di Campagnatico,Comune di Capalbio
09_GROSSETO 2022 fpdf.txt,Comune di Campagnatico,Comune di Castiglione della Pescaia
09_GROSSETO 2022 fpdf.txt,Comune di Campagnatico,Comune di Cinigiano
09_GROSSETO 2022 fpdf.txt,Comune di Campagnatico,Comune di Civitella Paganico
09_GROSSETO 2022 fpdf.txt,Comune di Campagnatico,Comune di Follonica
09_GROSSETO 2022 fpdf.txt,Comune di Campagnatico,Comune di Gavorrano
09_GROSSETO 2022 fpdf.txt,Comune di Campagnatico,Comune di Grosseto
09_GROSSETO 2022 fpdf.txt,Comune di Campagnatico,Comune di Isola del Giglio
09_GROSSETO 2022 fpdf.txt,Comune di Campagnatico,Comune di Magliano in Toscana
09_GROSSETO 2022 fpdf.txt,Comune di Campagnatico,Comune di Manciano
09_GROSSETO 2022 fpdf.txt,Comune di Campagnatico,Comune di Massa Marittima
09_GROSSETO 2022 fpdf.txt,Comune di Campagnatico,Comune di Monte Argentario
09_GROSSETO 2022 fpdf.txt,Comune di Campagnatico,Comune di Monterotondo Marittimo
09_GROSSETO 2022 fpdf.txt,Comune di Campagnatico,Comune di Montieri
09_GROSSETO 2022 fpdf.txt,Comune di Campagnatico,Comune di Orbetello
09_GROSSETO 2022 fpdf.txt,Comune di Campagnatico,Comune di Pitigliano
09_GROSSETO 2022 fpdf.txt,Comune di Campagnatico,Comune di Scansano
09_GROSSETO 2022 fpdf.txt,Comune di Campagnatico,Comune di Scarlino
09_GROSSETO 2022 fpdf.txt,Comune di Campagnatico,Comune di Sorano
09_GROSSETO 2022 fpdf.txt,Comune di Campagnatico,Confesercenti
09_GROSSETO 2022 fpdf.txt,Comune di Campagnatico,Corte d'Appello di Firenze
09_GROSSETO 2022 fpdf.txt,Comune di Campagnatico,Federalberghi
09_GROSSETO 2022 fpdf.txt,Comune di Campagnatico,Polizia provinciale
09_GROSSETO 2022 fpdf.txt,Comune di Campagnatico,Procura Generale della Repubblica presso la Corte d'Appello di Firenze
09_GROSSETO 2022 fpdf.txt,Comune di Campagnatico,Procura Generale presso la Corte d'Appello di Genova
09_GROSSETO 2022 fpdf.txt,Comune di Campagnatico,Procura della Repubblica per i Minorenni di Firenze
09_GROSSETO 2022 fpdf.txt,Comune di Campagnatico,Procura della Repubblica presso il Tribunale di Massa
09_GROSSETO 2022 fpdf.txt,Comune di Campagnatico,Procure della Repubblica presso il Tribunale del Distretto
09_GROSSETO 2022 fpdf.txt,Comune di Campagnatico,Provincia di Grosseto
09_GROSSETO 2022 fpdf.txt,Comune di Campagnatico,Punto di Ascolto territoriale di Arcidosso
09_GROSSETO 2022 fpdf.txt,Comune di Campagnatico,Punto di Ascolto territoriale di Capalbio
09_GROSSETO 2022 fpdf.txt,Comune di Campagnatico,Punto di Ascolto territoriale di Follonica
09_GROSSETO 2022 fpdf.txt,Comune di Campagnatico,Punto di Ascolto territoriale di Manciano
09_GROSSETO 2022 fpdf.txt,Comune di Campagnatico,Punto di ascolto territoriale di Grosseto
09_GROSSETO 2022 fpdf.txt,Comune di Campagnatico,Ufficio Scolastico Provinciale di Grosseto
09_GROSSETO 2022 fpdf.txt,Comune di Campagnatico,Unione dei comuni Montani Amiata Grossetana
09_GROSSETO 2022 fpdf.txt,Comune di Capalbio,Comune di Castiglione della Pescaia
09_GROSSETO 2022 fpdf.txt,Comune di Capalbio,Comune di Cinigiano
09_GROSSETO 2022 fpdf.txt,Comune di Capalbio,Comune di Civitella Paganico
09_GROSSETO 2022 fpdf.txt,Comune di Capalbio,Comune di Follonica
09_GROSSETO 2022 fpdf.txt,Comune di Capalbio,Comune di Gavorrano
09_GROSSETO 2022 fpdf.txt,Comune di Capalbio,Comune di Grosseto
09_GROSSETO 2022 fpdf.txt,Comune di Capalbio,Comune di Isola del Giglio
09_GROSSETO 2022 fpdf.txt,Comune di Capalbio,Comune di Magliano in Toscana
09_GROSSETO 2022 fpdf.txt,Comune di Capalbio,Comune di Manciano
09_GROSSETO 2022 fpdf.txt,Comune di Capalbio,Comune di Massa Marittima
09_GROSSETO 2022 fpdf.txt,Comune di Capalbio,Comune di Monte Argentario
09_GROSSETO 2022 fpdf.txt,Comune di Capalbio,Comune di Monterotondo Marittimo
09_GROSSETO 2022 fpdf.txt,Comune di Capalbio,Comune di Montieri
09_GROSSETO 2022 fpdf.txt,Comune di Capalbio,Comune di Orbetello
09_GROSSETO 2022 fpdf.txt,Comune di Capalbio,Comune di Pitigliano
09_GROSSETO 2022 fpdf.txt,Comune di Capalbio,Comune di Scansano
09_GROSSETO 2022 fpdf.txt,Comune di Capalbio,Comune di Scarlino
09_GROSSETO 2022 fpdf.txt,Comune di Capalbio,Comune di Sorano
09_GROSSETO 2022 fpdf.txt,Comune di Capalbio,Confesercenti
09_GROSSETO 2022 fpdf.txt,Comune di Capalbio,Corte d'Appello di Firenze
09_GROSSETO 2022 fpdf.txt,Comune di Capalbio,Federalberghi
09_GROSSETO 2022 fpdf.txt,Comune di Capalbio,Polizia provinciale
09_GROSSETO 2022 fpdf.txt,Comune di Capalbio,Procura Generale della Repubblica presso la Corte d'Appello di Firenze
09_GROSSETO 2022 fpdf.txt,Comune di Capalbio,Procura Generale presso la Corte d'Appello di Genova
09_GROSSETO 2022 fpdf.txt,Comune di Capalbio,Procura della Repubblica per i Minorenni di Firenze
09_GROSSETO 2022 fpdf.txt,Comune di Capalbio,Procura della Repubblica presso il Tribunale di Massa
09_GROSSETO 2022 fpdf.txt,Comune di Capalbio,Procure della Repubblica presso il Tribunale del Distretto
09_GROSSETO 2022 fpdf.txt,Comune di Capalbio,Provincia di Grosseto
09_GROSSETO 2022 fpdf.txt,Comune di Capalbio,Punto di Ascolto territoriale di Arcidosso
09_GROSSETO 2022 fpdf.txt,Comune di Capalbio,Punto di Ascolto territoriale di Capalbio
09_GROSSETO 2022 fpdf.txt,Comune di Capalbio,Punto di Ascolto territoriale di Follonica
09_GROSSETO 2022 fpdf.txt,Comune di Capalbio,Punto di Ascolto territoriale di Manciano
09_GROSSETO 2022 fpdf.txt,Comune di Capalbio,Punto di ascolto territoriale di Grosseto
09_GROSSETO 2022 fpdf.txt,Comune di Capalbio,Ufficio Scolastico Provinciale di Grosseto
09_GROSSETO 2022 fpdf.txt,Comune di Capalbio,Unione dei comuni Montani Amiata Grossetana
09_GROSSETO 2022 fpdf.txt,Comune di Castiglione della Pescaia,Comune di Cinigiano
09_GROSSETO 2022 fpdf.txt,Comune di Castiglione della Pescaia,Comune di Civitella Paganico
09_GROSSETO 2022 fpdf.txt,Comune di Castiglione della Pescaia,Comune di Follonica
09_GROSSETO 2022 fpdf.txt,Comune di Castiglione della Pescaia,Comune di Gavorrano
09_GROSSETO 2022 fpdf.txt,Comune di Castiglione della Pescaia,Comune di Grosseto
09_GROSSETO 2022 fpdf.txt,Comune di Castiglione della Pescaia,Comune di Isola del Giglio
09_GROSSETO 2022 fpdf.txt,Comune di Castiglione della Pescaia,Comune di Magliano in Toscana
09_GROSSETO 2022 fpdf.txt,Comune di Castiglione della Pescaia,Comune di Manciano
09_GROSSETO 2022 fpdf.txt,Comune di Castiglione della Pescaia,Comune di Massa Marittima
09_GROSSETO 2022 fpdf.txt,Comune di Castiglione della Pescaia,Comune di Monte Argentario
09_GROSSETO 2022 fpdf.txt,Comune di Castiglione della Pescaia,Comune di Monterotondo Marittimo
09_GROSSETO 2022 fpdf.txt,Comune di Castiglione della Pescaia,Comune di Montieri
09_GROSSETO 2022 fpdf.txt,Comune di Castiglione della Pescaia,Comune di Orbetello
09_GROSSETO 2022 fpdf.txt,Comune di Castiglione della Pescaia,Comune di Pitigliano
09_GROSSETO 2022 fpdf.txt,Comune di Castiglione della Pescaia,Comune di Scansano
09_GROSSETO 2022 fpdf.txt,Comune di Castiglione della Pescaia,Comune di Scarlino
09_GROSSETO 2022 fpdf.txt,Comune di Castiglione della Pescaia,Comune di Sorano
09_GROSSETO 2022 fpdf.txt,Comune di Castiglione della Pescaia,Confesercenti
09_GROSSETO 2022 fpdf.txt,Comune di Castiglione della Pescaia,Corte d'Appello di Firenze
09_GROSSETO 2022 fpdf.txt,Comune di Castiglione della Pescaia,Federalberghi
09_GROSSETO 2022 fpdf.txt,Comune di Castiglione della Pescaia,Polizia provinciale
09_GROSSETO 2022 fpdf.txt,Comune di Castiglione della Pescaia,Procura Generale della Repubblica presso la Corte d'Appello di Firenze
09_GROSSETO 2022 fpdf.txt,Comune di Castiglione della Pescaia,Procura Generale presso la Corte d'Appello di Genova
09_GROSSETO 2022 fpdf.txt,Comune di Castiglione della Pescaia,Procura della Repubblica per i Minorenni di Firenze
09_GROSSETO 2022 fpdf.txt,Comune di Castiglione della Pescaia,Procura della Repubblica presso il Tribunale di Massa
09_GROSSETO 2022 fpdf.txt,Comune di Castiglione della Pescaia,Procure della Repubblica presso il Tribunale del Distretto
09_GROSSETO 2022 fpdf.txt,Comune di Castiglione della Pescaia,Provincia di Grosseto
09_GROSSETO 2022 fpdf.txt,Comune di Castiglione della Pescaia,Punto di Ascolto territoriale di Arcidosso
09_GROSSETO 2022 fpdf.txt,Comune di Castiglione della Pescaia,Punto di Ascolto territoriale di Capalbio
09_GROSSETO 2022 fpdf.txt,Comune di Castiglione della Pescaia,Punto di Ascolto territoriale di Follonica
09_GROSSETO 2022 fpdf.txt,Comune di Castiglione della Pescaia,Punto di Ascolto territoriale di Manciano
09_GROSSETO 2022 fpdf.txt,Comune di Castiglione della Pescaia,Punto di ascolto territoriale di Grosseto
09_GROSSETO 2022 fpdf.txt,Comune di Castiglione della Pescaia,Ufficio Scolastico Provinciale di Grosseto
09_GROSSETO 2022 fpdf.txt,Comune di Castiglione della Pescaia,Unione dei comuni Montani Amiata Grossetana
09_GROSSETO 2022 fpdf.txt,Comune di Cinigiano,Comune di Civitella Paganico
09_GROSSETO 2022 fpdf.txt,Comune di Cinigiano,Comune di Follonica
09_GROSSETO 2022 fpdf.txt,Comune di Cinigiano,Comune di Gavorrano
09_GROSSETO 2022 fpdf.txt,Comune di Cinigiano,Comune di Grosseto
09_GROSSETO 2022 fpdf.txt,Comune di Cinigiano,Comune di Isola del Giglio
09_GROSSETO 2022 fpdf.txt,Comune di Cinigiano,Comune di Magliano in Toscana
09_GROSSETO 2022 fpdf.txt,Comune di Cinigiano,Comune di Manciano
09_GROSSETO 2022 fpdf.txt,Comune di Cinigiano,Comune di Massa Marittima
09_GROSSETO 2022 fpdf.txt,Comune di Cinigiano,Comune di Monte Argentario
09_GROSSETO 2022 fpdf.txt,Comune di Cinigiano,Comune di Monterotondo Marittimo
09_GROSSETO 2022 fpdf.txt,Comune di Cinigiano,Comune di Montieri
09_GROSSETO 2022 fpdf.txt,Comune di Cinigiano,Comune di Orbetello
09_GROSSETO 2022 fpdf.txt,Comune di Cinigiano,Comune di Pitigliano
09_GROSSETO 2022 fpdf.txt,Comune di Cinigiano,Comune di Scansano
09_GROSSETO 2022 fpdf.txt,Comune di Cinigiano,Comune di Scarlino
09_GROSSETO 2022 fpdf.txt,Comune di Cinigiano,Comune di Sorano
09_GROSSETO 2022 fpdf.txt,Comune di Cinigiano,Confesercenti
09_GROSSETO 2022 fpdf.txt,Comune di Cinigiano,Corte d'Appello di Firenze
09_GROSSETO 2022 fpdf.txt,Comune di Cinigiano,Federalberghi
09_GROSSETO 2022 fpdf.txt,Comune di Cinigiano,Polizia provinciale
09_GROSSETO 2022 fpdf.txt,Comune di Cinigiano,Procura Generale della Repubblica presso la Corte d'Appello di Firenze
09_GROSSETO 2022 fpdf.txt,Comune di Cinigiano,Procura Generale presso la Corte d'Appello di Genova
09_GROSSETO 2022 fpdf.txt,Comune di Cinigiano,Procura della Repubblica per i Minorenni di Firenze
09_GROSSETO 2022 fpdf.txt,Comune di Cinigiano,Procura della Repubblica presso il Tribunale di Massa
09_GROSSETO 2022 fpdf.txt,Comune di Cinigiano,Procure della Repubblica presso il Tribunale del Distretto
09_GROSSETO 2022 fpdf.txt,Comune di Cinigiano,Provincia di Grosseto
09_GROSSETO 2022 fpdf.txt,Comune di Cinigiano,Punto di Ascolto territoriale di Arcidosso
09_GROSSETO 2022 fpdf.txt,Comune di Cinigiano,Punto di Ascolto territoriale di Capalbio
09_GROSSETO 2022 fpdf.txt,Comune di Cinigiano,Punto di Ascolto territoriale di Follonica
09_GROSSETO 2022 fpdf.txt,Comune di Cinigiano,Punto di Ascolto territoriale di Manciano
09_GROSSETO 2022 fpdf.txt,Comune di Cinigiano,Punto di ascolto territoriale di Grosseto
09_GROSSETO 2022 fpdf.txt,Comune di Cinigiano,Ufficio Scolastico Provinciale di Grosseto
09_GROSSETO 2022 fpdf.txt,Comune di Cinigiano,Unione dei comuni Montani Amiata Grossetana
09_GROSSETO 2022 fpdf.txt,Comune di Civitella Paganico,Comune di Follonica
09_GROSSETO 2022 fpdf.txt,Comune di Civitella Paganico,Comune di Gavorrano
09_GROSSETO 2022 fpdf.txt,Comune di Civitella Paganico,Comune di Grosseto
09_GROSSETO 2022 fpdf.txt,Comune di Civitella Paganico,Comune di Isola del Giglio
09_GROSSETO 2022 fpdf.txt,Comune di Civitella Paganico,Comune di Magliano in Toscana
09_GROSSETO 2022 fpdf.txt,Comune di Civitella Paganico,Comune di Manciano
09_GROSSETO 2022 fpdf.txt,Comune di Civitella Paganico,Comune di Massa Marittima
09_GROSSETO 2022 fpdf.txt,Comune di Civitella Paganico,Comune di Monte Argentario
09_GROSSETO 2022 fpdf.txt,Comune di Civitella Paganico,Comune di Monterotondo Marittimo
09_GROSSETO 2022 fpdf.txt,Comune di Civitella Paganico,Comune di Montieri
09_GROSSETO 2022 fpdf.txt,Comune di Civitella Paganico,Comune di Orbetello
09_GROSSETO 2022 fpdf.txt,Comune di Civitella Paganico,Comune di Pitigliano
09_GROSSETO 2022 fpdf.txt,Comune di Civitella Paganico,Comune di Scansano
09_GROSSETO 2022 fpdf.txt,Comune di Civitella Paganico,Comune di Scarlino
09_GROSSETO 2022 fpdf.txt,Comune di Civitella Paganico,Comune di Sorano
09_GROSSETO 2022 fpdf.txt,Comune di Civitella Paganico,Confesercenti
09_GROSSETO 2022 fpdf.txt,Comune di Civitella Paganico,Corte d'Appello di Firenze
09_GROSSETO 2022 fpdf.txt,Comune di Civitella Paganico,Federalberghi
09_GROSSETO 2022 fpdf.txt,Comune di Civitella Paganico,Polizia provinciale
09_GROSSETO 2022 fpdf.txt,Comune di Civitella Paganico,Procura Generale della Repubblica presso la Corte d'Appello di Firenze
09_GROSSETO 2022 fpdf.txt,Comune di Civitella Paganico,Procura Generale presso la Corte d'Appello di Genova
09_GROSSETO 2022 fpdf.txt,Comune di Civitella Paganico,Procura della Repubblica per i Minorenni di Firenze
09_GROSSETO 2022 fpdf.txt,Comune di Civitella Paganico,Procura della Repubblica presso il Tribunale di Massa
09_GROSSETO 2022 fpdf.txt,Comune di Civitella Paganico,Procure della Repubblica presso il Tribunale del Distretto
09_GROSSETO 2022 fpdf.txt,Comune di Civitella Paganico,Provincia di Grosseto
09_GROSSETO 2022 fpdf.txt,Comune di Civitella Paganico,Punto di Ascolto territoriale di Arcidosso
09_GROSSETO 2022 fpdf.txt,Comune di Civitella Paganico,Punto di Ascolto territoriale di Capalbio
09_GROSSETO 2022 fpdf.txt,Comune di Civitella Paganico,Punto di Ascolto territoriale di Follonica
09_GROSSETO 2022 fpdf.txt,Comune di Civitella Paganico,Punto di Ascolto territoriale di Manciano
09_GROSSETO 2022 fpdf.txt,Comune di Civitella Paganico,Punto di ascolto territoriale di Grosseto
09_GROSSETO 2022 fpdf.txt,Comune di Civitella Paganico,Ufficio Scolastico Provinciale di Grosseto
09_GROSSETO 2022 fpdf.txt,Comune di Civitella Paganico,Unione dei comuni Montani Amiata Grossetana
09_GROSSETO 2022 fpdf.txt,Comune di Follonica,Comune di Gavorrano
09_GROSSETO 2022 fpdf.txt,Comune di Follonica,Comune di Grosseto
09_GROSSETO 2022 fpdf.txt,Comune di Follonica,Comune di Isola del Giglio
09_GROSSETO 2022 fpdf.txt,Comune di Follonica,Comune di Magliano in Toscana
09_GROSSETO 2022 fpdf.txt,Comune di Follonica,Comune di Manciano
09_GROSSETO 2022 fpdf.txt,Comune di Follonica,Comune di Massa Marittima
09_GROSSETO 2022 fpdf.txt,Comune di Follonica,Comune di Monte Argentario
09_GROSSETO 2022 fpdf.txt,Comune di Follonica,Comune di Monterotondo Marittimo
09_GROSSETO 2022 fpdf.txt,Comune di Follonica,Comune di Montieri
09_GROSSETO 2022 fpdf.txt,Comune di Follonica,Comune di Orbetello
09_GROSSETO 2022 fpdf.txt,Comune di Follonica,Comune di Pitigliano
09_GROSSETO 2022 fpdf.txt,Comune di Follonica,Comune di Scansano
09_GROSSETO 2022 fpdf.txt,Comune di Follonica,Comune di Scarlino
09_GROSSETO 2022 fpdf.txt,Comune di Follonica,Comune di Sorano
09_GROSSETO 2022 fpdf.txt,Comune di Follonica,Confesercenti
09_GROSSETO 2022 fpdf.txt,Comune di Follonica,Corte d'Appello di Firenze
09_GROSSETO 2022 fpdf.txt,Comune di Follonica,Federalberghi
09_GROSSETO 2022 fpdf.txt,Comune di Follonica,Polizia provinciale
09_GROSSETO 2022 fpdf.txt,Comune di Follonica,Procura Generale della Repubblica presso la Corte d'Appello di Firenze
09_GROSSETO 2022 fpdf.txt,Comune di Follonica,Procura Generale presso la Corte d'Appello di Genova
09_GROSSETO 2022 fpdf.txt,Comune di Follonica,Procura della Repubblica per i Minorenni di Firenze
09_GROSSETO 2022 fpdf.txt,Comune di Follonica,Procura della Repubblica presso il Tribunale di Massa
09_GROSSETO 2022 fpdf.txt,Comune di Follonica,Procure della Repubblica presso il Tribunale del Distretto
09_GROSSETO 2022 fpdf.txt,Comune di Follonica,Provincia di Grosseto
09_GROSSETO 2022 fpdf.txt,Comune di Follonica,Punto di Ascolto territoriale di Arcidosso
09_GROSSETO 2022 fpdf.txt,Comune di Follonica,Punto di Ascolto territoriale di Capalbio
09_GROSSETO 2022 fpdf.txt,Comune di Follonica,Punto di Ascolto territoriale di Follonica
09_GROSSETO 2022 fpdf.txt,Comune di Follonica,Punto di Ascolto territoriale di Manciano
09_GROSSETO 2022 fpdf.txt,Comune di Follonica,Punto di ascolto territoriale di Grosseto
09_GROSSETO 2022 fpdf.txt,Comune di Follonica,Ufficio Scolastico Provinciale di Grosseto
09_GROSSETO 2022 fpdf.txt,Comune di Follonica,Unione dei comuni Montani Amiata Grossetana
09_GROSSETO 2022 fpdf.txt,Comune di Gavorrano,Comune di Grosseto
09_GROSSETO 2022 fpdf.txt,Comune di Gavorrano,Comune di Isola del Giglio
09_GROSSETO 2022 fpdf.txt,Comune di Gavorrano,Comune di Magliano in Toscana
09_GROSSETO 2022 fpdf.txt,Comune di Gavorrano,Comune di Manciano
09_GROSSETO 2022 fpdf.txt,Comune di Gavorrano,Comune di Massa Marittima
09_GROSSETO 2022 fpdf.txt,Comune di Gavorrano,Comune di Monte Argentario
09_GROSSETO 2022 fpdf.txt,Comune di Gavorrano,Comune di Monterotondo Marittimo
09_GROSSETO 2022 fpdf.txt,Comune di Gavorrano,Comune di Montieri
09_GROSSETO 2022 fpdf.txt,Comune di Gavorrano,Comune di Orbetello
09_GROSSETO 2022 fpdf.txt,Comune di Gavorrano,Comune di Pitigliano
09_GROSSETO 2022 fpdf.txt,Comune di Gavorrano,Comune di Scansano
09_GROSSETO 2022 fpdf.txt,Comune di Gavorrano,Comune di Scarlino
09_GROSSETO 2022 fpdf.txt,Comune di Gavorrano,Comune di Sorano
09_GROSSETO 2022 fpdf.txt,Comune di Gavorrano,Confesercenti
09_GROSSETO 2022 fpdf.txt,Comune di Gavorrano,Corte d'Appello di Firenze
09_GROSSETO 2022 fpdf.txt,Comune di Gavorrano,Federalberghi
09_GROSSETO 2022 fpdf.txt,Comune di Gavorrano,Polizia provinciale
09_GROSSETO 2022 fpdf.txt,Comune di Gavorrano,Procura Generale della Repubblica presso la Corte d'Appello di Firenze
09_GROSSETO 2022 fpdf.txt,Comune di Gavorrano,Procura Generale presso la Corte d'Appello di Genova
09_GROSSETO 2022 fpdf.txt,Comune di Gavorrano,Procura della Repubblica per i Minorenni di Firenze
09_GROSSETO 2022 fpdf.txt,Comune di Gavorrano,Procura della Repubblica presso il Tribunale di Massa
09_GROSSETO 2022 fpdf.txt,Comune di Gavorrano,Procure della Repubblica presso il Tribunale del Distretto
09_GROSSETO 2022 fpdf.txt,Comune di Gavorrano,Provincia di Grosseto
09_GROSSETO 2022 fpdf.txt,Comune di Gavorrano,Punto di Ascolto territoriale di Arcidosso
09_GROSSETO 2022 fpdf.txt,Comune di Gavorrano,Punto di Ascolto territoriale di Capalbio
09_GROSSETO 2022 fpdf.txt,Comune di Gavorrano,Punto di Ascolto territoriale di Follonica
09_GROSSETO 2022 fpdf.txt,Comune di Gavorrano,Punto di Ascolto territoriale di Manciano
09_GROSSETO 2022 fpdf.txt,Comune di Gavorrano,Punto di ascolto territoriale di Grosseto
09_GROSSETO 2022 fpdf.txt,Comune di Gavorrano,Ufficio Scolastico Provinciale di Grosseto
09_GROSSETO 2022 fpdf.txt,Comune di Gavorrano,Unione dei comuni Montani Amiata Grossetana
09_GROSSETO 2022 fpdf.txt,Comune di Grosseto,Comune di Isola del Giglio
09_GROSSETO 2022 fpdf.txt,Comune di Grosseto,Comune di Magliano in Toscana
09_GROSSETO 2022 fpdf.txt,Comune di Grosseto,Comune di Manciano
09_GROSSETO 2022 fpdf.txt,Comune di Grosseto,Comune di Massa Marittima
09_GROSSETO 2022 fpdf.txt,Comune di Grosseto,Comune di Monte Argentario
09_GROSSETO 2022 fpdf.txt,Comune di Grosseto,Comune di Monterotondo Marittimo
09_GROSSETO 2022 fpdf.txt,Comune di Grosseto,Comune di Montieri
09_GROSSETO 2022 fpdf.txt,Comune di Grosseto,Comune di Orbetello
09_GROSSETO 2022 fpdf.txt,Comune di Grosseto,Comune di Pitigliano
09_GROSSETO 2022 fpdf.txt,Comune di Grosseto,Comune di Scansano
09_GROSSETO 2022 fpdf.txt,Comune di Grosseto,Comune di Scarlino
09_GROSSETO 2022 fpdf.txt,Comune di Grosseto,Comune di Sorano
09_GROSSETO 2022 fpdf.txt,Comune di Grosseto,Confesercenti
09_GROSSETO 2022 fpdf.txt,Comune di Grosseto,Corte d'Appello di Firenze
09_GROSSETO 2022 fpdf.txt,Comune di Grosseto,Federalberghi
09_GROSSETO 2022 fpdf.txt,Comune di Grosseto,Polizia provinciale
09_GROSSETO 2022 fpdf.txt,Comune di Grosseto,Procura Generale della Repubblica presso la Corte d'Appello di Firenze
09_GROSSETO 2022 fpdf.txt,Comune di Grosseto,Procura Generale presso la Corte d'Appello di Genova
09_GROSSETO 2022 fpdf.txt,Comune di Grosseto,Procura della Repubblica per i Minorenni di Firenze
09_GROSSETO 2022 fpdf.txt,Comune di Grosseto,Procura della Repubblica presso il Tribunale di Massa
09_GROSSETO 2022 fpdf.txt,Comune di Grosseto,Procure della Repubblica presso il Tribunale del Distretto
09_GROSSETO 2022 fpdf.txt,Comune di Grosseto,Provincia di Grosseto
09_GROSSETO 2022 fpdf.txt,Comune di Grosseto,Punto di Ascolto territoriale di Arcidosso
09_GROSSETO 2022 fpdf.txt,Comune di Grosseto,Punto di Ascolto territoriale di Capalbio
09_GROSSETO 2022 fpdf.txt,Comune di Grosseto,Punto di Ascolto territoriale di Follonica
09_GROSSETO 2022 fpdf.txt,Comune di Grosseto,Punto di Ascolto territoriale di Manciano
09_GROSSETO 2022 fpdf.txt,Comune di Grosseto,Punto di ascolto territoriale di Grosseto
09_GROSSETO 2022 fpdf.txt,Comune di Grosseto,Ufficio Scolastico Provinciale di Grosseto
09_GROSSETO 2022 fpdf.txt,Comune di Grosseto,Unione dei comuni Montani Amiata Grossetana
09_GROSSETO 2022 fpdf.txt,Comune di Isola del Giglio,Comune di Magliano in Toscana
09_GROSSETO 2022 fpdf.txt,Comune di Isola del Giglio,Comune di Manciano
09_GROSSETO 2022 fpdf.txt,Comune di Isola del Giglio,Comune di Massa Marittima
09_GROSSETO 2022 fpdf.txt,Comune di Isola del Giglio,Comune di Monte Argentario
09_GROSSETO 2022 fpdf.txt,Comune di Isola del Giglio,Comune di Monterotondo Marittimo
09_GROSSETO 2022 fpdf.txt,Comune di Isola del Giglio,Comune di Montieri
09_GROSSETO 2022 fpdf.txt,Comune di Isola del Giglio,Comune di Orbetello
09_GROSSETO 2022 fpdf.txt,Comune di Isola del Giglio,Comune di Pitigliano
09_GROSSETO 2022 fpdf.txt,Comune di Isola del Giglio,Comune di Scansano
09_GROSSETO 2022 fpdf.txt,Comune di Isola del Giglio,Comune di Scarlino
09_GROSSETO 2022 fpdf.txt,Comune di Isola del Giglio,Comune di Sorano
09_GROSSETO 2022 fpdf.txt,Comune di Isola del Giglio,Confesercenti
09_GROSSETO 2022 fpdf.txt,Comune di Isola del Giglio,Corte d'Appello di Firenze
09_GROSSETO 2022 fpdf.txt,Comune di Isola del Giglio,Federalberghi
09_GROSSETO 2022 fpdf.txt,Comune di Isola del Giglio,Polizia provinciale
09_GROSSETO 2022 fpdf.txt,Comune di Isola del Giglio,Procura Generale della Repubblica presso la Corte d'Appello di Firenze
09_GROSSETO 2022 fpdf.txt,Comune di Isola del Giglio,Procura Generale presso la Corte d'Appello di Genova
09_GROSSETO 2022 fpdf.txt,Comune di Isola del Giglio,Procura della Repubblica per i Minorenni di Firenze
09_GROSSETO 2022 fpdf.txt,Comune di Isola del Giglio,Procura della Repubblica presso il Tribunale di Massa
09_GROSSETO 2022 fpdf.txt,Comune di Isola del Giglio,Procure della Repubblica presso il Tribunale del Distretto
09_GROSSETO 2022 fpdf.txt,Comune di Isola del Giglio,Provincia di Grosseto
09_GROSSETO 2022 fpdf.txt,Comune di Isola del Giglio,Punto di Ascolto territoriale di Arcidosso
09_GROSSETO 2022 fpdf.txt,Comune di Isola del Giglio,Punto di Ascolto territoriale di Capalbio
09_GROSSETO 2022 fpdf.txt,Comune di Isola del Giglio,Punto di Ascolto territoriale di Follonica
09_GROSSETO 2022 fpdf.txt,Comune di Isola del Giglio,Punto di Ascolto territoriale di Manciano
09_GROSSETO 2022 fpdf.txt,Comune di Isola del Giglio,Punto di ascolto territoriale di Grosseto
09_GROSSETO 2022 fpdf.txt,Comune di Isola del Giglio,Ufficio Scolastico Provinciale di Grosseto
09_GROSSETO 2022 fpdf.txt,Comune di Isola del Giglio,Unione dei comuni Montani Amiata Grossetana
09_GROSSETO 2022 fpdf.txt,Comune di Magliano in Toscana,Comune di Manciano
09_GROSSETO 2022 fpdf.txt,Comune di Magliano in Toscana,Comune di Massa Marittima
09_GROSSETO 2022 fpdf.txt,Comune di Magliano in Toscana,Comune di Monte Argentario
09_GROSSETO 2022 fpdf.txt,Comune di Magliano in Toscana,Comune di Monterotondo Marittimo
09_GROSSETO 2022 fpdf.txt,Comune di Magliano in Toscana,Comune di Montieri
09_GROSSETO 2022 fpdf.txt,Comune di Magliano in Toscana,Comune di Orbetello
09_GROSSETO 2022 fpdf.txt,Comune di Magliano in Toscana,Comune di Pitigliano
09_GROSSETO 2022 fpdf.txt,Comune di Magliano in Toscana,Comune di Scansano
09_GROSSETO 2022 fpdf.txt,Comune di Magliano in Toscana,Comune di Scarlino
09_GROSSETO 2022 fpdf.txt,Comune di Magliano in Toscana,Comune di Sorano
09_GROSSETO 2022 fpdf.txt,Comune di Magliano in Toscana,Confesercenti
09_GROSSETO 2022 fpdf.txt,Comune di Magliano in Toscana,Corte d'Appello di Firenze
09_GROSSETO 2022 fpdf.txt,Comune di Magliano in Toscana,Federalberghi
09_GROSSETO 2022 fpdf.txt,Comune di Magliano in Toscana,Polizia provinciale
09_GROSSETO 2022 fpdf.txt,Comune di Magliano in Toscana,Procura Generale della Repubblica presso la Corte d'Appello di Firenze
09_GROSSETO 2022 fpdf.txt,Comune di Magliano in Toscana,Procura Generale presso la Corte d'Appello di Genova
09_GROSSETO 2022 fpdf.txt,Comune di Magliano in Toscana,Procura della Repubblica per i Minorenni di Firenze
09_GROSSETO 2022 fpdf.txt,Comune di Magliano in Toscana,Procura della Repubblica presso il Tribunale di Massa
09_GROSSETO 2022 fpdf.txt,Comune di Magliano in Toscana,Procure della Repubblica presso il Tribunale del Distretto
09_GROSSETO 2022 fpdf.txt,Comune di Magliano in Toscana,Provincia di Grosseto
09_GROSSETO 2022 fpdf.txt,Comune di Magliano in Toscana,Punto di Ascolto territoriale di Arcidosso
09_GROSSETO 2022 fpdf.txt,Comune di Magliano in Toscana,Punto di Ascolto territoriale di Capalbio
09_GROSSETO 2022 fpdf.txt,Comune di Magliano in Toscana,Punto di Ascolto territoriale di Follonica
09_GROSSETO 2022 fpdf.txt,Comune di Magliano in Toscana,Punto di Ascolto territoriale di Manciano
09_GROSSETO 2022 fpdf.txt,Comune di Magliano in Toscana,Punto di ascolto territoriale di Grosseto
09_GROSSETO 2022 fpdf.txt,Comune di Magliano in Toscana,Ufficio Scolastico Provinciale di Grosseto
09_GROSSETO 2022 fpdf.txt,Comune di Magliano in Toscana,Unione dei comuni Montani Amiata Grossetana
09_GROSSETO 2022 fpdf.txt,Comune di Manciano,Comune di Massa Marittima
09_GROSSETO 2022 fpdf.txt,Comune di Manciano,Comune di Monte Argentario
09_GROSSETO 2022 fpdf.txt,Comune di Manciano,Comune di Monterotondo Marittimo
09_GROSSETO 2022 fpdf.txt,Comune di Manciano,Comune di Montieri
09_GROSSETO 2022 fpdf.txt,Comune di Manciano,Comune di Orbetello
09_GROSSETO 2022 fpdf.txt,Comune di Manciano,Comune di Pitigliano
09_GROSSETO 2022 fpdf.txt,Comune di Manciano,Comune di Scansano
09_GROSSETO 2022 fpdf.txt,Comune di Manciano,Comune di Scarlino
09_GROSSETO 2022 fpdf.txt,Comune di Manciano,Comune di Sorano
09_GROSSETO 2022 fpdf.txt,Comune di Manciano,Confesercenti
09_GROSSETO 2022 fpdf.txt,Comune di Manciano,Corte d'Appello di Firenze
09_GROSSETO 2022 fpdf.txt,Comune di Manciano,Federalberghi
09_GROSSETO 2022 fpdf.txt,Comune di Manciano,Polizia provinciale
09_GROSSETO 2022 fpdf.txt,Comune di Manciano,Procura Generale della Repubblica presso la Corte d'Appello di Firenze
09_GROSSETO 2022 fpdf.txt,Comune di Manciano,Procura Generale presso la Corte d'Appello di Genova
09_GROSSETO 2022 fpdf.txt,Comune di Manciano,Procura della Repubblica per i Minorenni di Firenze
09_GROSSETO 2022 fpdf.txt,Comune di Manciano,Procura della Repubblica presso il Tribunale di Massa
09_GROSSETO 2022 fpdf.txt,Comune di Manciano,Procure della Repubblica presso il Tribunale del Distretto
09_GROSSETO 2022 fpdf.txt,Comune di Manciano,Provincia di Grosseto
09_GROSSETO 2022 fpdf.txt,Comune di Manciano,Punto di Ascolto territoriale di Arcidosso
09_GROSSETO 2022 fpdf.txt,Comune di Manciano,Punto di Ascolto territoriale di Capalbio
09_GROSSETO 2022 fpdf.txt,Comune di Manciano,Punto di Ascolto territoriale di Follonica
09_GROSSETO 2022 fpdf.txt,Comune di Manciano,Punto di Ascolto territoriale di Manciano
09_GROSSETO 2022 fpdf.txt,Comune di Manciano,Punto di ascolto territoriale di Grosseto
09_GROSSETO 2022 fpdf.txt,Comune di Manciano,Ufficio Scolastico Provinciale di Grosseto
09_GROSSETO 2022 fpdf.txt,Comune di Manciano,Unione dei comuni Montani Amiata Grossetana
09_GROSSETO 2022 fpdf.txt,Comune di Massa Marittima,Comune di Monte Argentario
09_GROSSETO 2022 fpdf.txt,Comune di Massa Marittima,Comune di Monterotondo Marittimo
09_GROSSETO 2022 fpdf.txt,Comune di Massa Marittima,Comune di Montieri
09_GROSSETO 2022 fpdf.txt,Comune di Massa Marittima,Comune di Orbetello
09_GROSSETO 2022 fpdf.txt,Comune di Massa Marittima,Comune di Pitigliano
09_GROSSETO 2022 fpdf.txt,Comune di Massa Marittima,Comune di Scansano
09_GROSSETO 2022 fpdf.txt,Comune di Massa Marittima,Comune di Scarlino
09_GROSSETO 2022 fpdf.txt,Comune di Massa Marittima,Comune di Sorano
09_GROSSETO 2022 fpdf.txt,Comune di Massa Marittima,Confesercenti
09_GROSSETO 2022 fpdf.txt,Comune di Massa Marittima,Corte d'Appello di Firenze
09_GROSSETO 2022 fpdf.txt,Comune di Massa Marittima,Federalberghi
09_GROSSETO 2022 fpdf.txt,Comune di Massa Marittima,Polizia provinciale
09_GROSSETO 2022 fpdf.txt,Comune di Massa Marittima,Procura Generale della Repubblica presso la Corte d'Appello di Firenze
09_GROSSETO 2022 fpdf.txt,Comune di Massa Marittima,Procura Generale presso la Corte d'Appello di Genova
09_GROSSETO 2022 fpdf.txt,Comune di Massa Marittima,Procura della Repubblica per i Minorenni di Firenze
09_GROSSETO 2022 fpdf.txt,Comune di Massa Marittima,Procura della Repubblica presso il Tribunale di Massa
09_GROSSETO 2022 fpdf.txt,Comune di Massa Marittima,Procure della Repubblica presso il Tribunale del Distretto
09_GROSSETO 2022 fpdf.txt,Comune di Massa Marittima,Provincia di Grosseto
09_GROSSETO 2022 fpdf.txt,Comune di Massa Marittima,Punto di Ascolto territoriale di Arcidosso
09_GROSSETO 2022 fpdf.txt,Comune di Massa Marittima,Punto di Ascolto territoriale di Capalbio
09_GROSSETO 2022 fpdf.txt,Comune di Massa Marittima,Punto di Ascolto territoriale di Follonica
09_GROSSETO 2022 fpdf.txt,Comune di Massa Marittima,Punto di Ascolto territoriale di Manciano
09_GROSSETO 2022 fpdf.txt,Comune di Massa Marittima,Punto di ascolto territoriale di Grosseto
09_GROSSETO 2022 fpdf.txt,Comune di Massa Marittima,Ufficio Scolastico Provinciale di Grosseto
09_GROSSETO 2022 fpdf.txt,Comune di Massa Marittima,Unione dei comuni Montani Amiata Grossetana
09_GROSSETO 2022 fpdf.txt,Comune di Monte Argentario,Comune di Monterotondo Marittimo
09_GROSSETO 2022 fpdf.txt,Comune di Monte Argentario,Comune di Montieri
09_GROSSETO 2022 fpdf.txt,Comune di Monte Argentario,Comune di Orbetello
09_GROSSETO 2022 fpdf.txt,Comune di Monte Argentario,Comune di Pitigliano
09_GROSSETO 2022 fpdf.txt,Comune di Monte Argentario,Comune di Scansano
09_GROSSETO 2022 fpdf.txt,Comune di Monte Argentario,Comune di Scarlino
09_GROSSETO 2022 fpdf.txt,Comune di Monte Argentario,Comune di Sorano
09_GROSSETO 2022 fpdf.txt,Comune di Monte Argentario,Confesercenti
09_GROSSETO 2022 fpdf.txt,Comune di Monte Argentario,Corte d'Appello di Firenze
09_GROSSETO 2022 fpdf.txt,Comune di Monte Argentario,Federalberghi
09_GROSSETO 2022 fpdf.txt,Comune di Monte Argentario,Polizia provinciale
09_GROSSETO 2022 fpdf.txt,Comune di Monte Argentario,Procura Generale della Repubblica presso la Corte d'Appello di Firenze
09_GROSSETO 2022 fpdf.txt,Comune di Monte Argentario,Procura Generale presso la Corte d'Appello di Genova
09_GROSSETO 2022 fpdf.txt,Comune di Monte Argentario,Procura della Repubblica per i Minorenni di Firenze
09_GROSSETO 2022 fpdf.txt,Comune di Monte Argentario,Procura della Repubblica presso il Tribunale di Massa
09_GROSSETO 2022 fpdf.txt,Comune di Monte Argentario,Procure della Repubblica presso il Tribunale del Distretto
09_GROSSETO 2022 fpdf.txt,Comune di Monte Argentario,Provincia di Grosseto
09_GROSSETO 2022 fpdf.txt,Comune di Monte Argentario,Punto di Ascolto territoriale di Arcidosso
09_GROSSETO 2022 fpdf.txt,Comune di Monte Argentario,Punto di Ascolto territoriale di Capalbio
09_GROSSETO 2022 fpdf.txt,Comune di Monte Argentario,Punto di Ascolto territoriale di Follonica
09_GROSSETO 2022 fpdf.txt,Comune di Monte Argentario,Punto di Ascolto territoriale di Manciano
09_GROSSETO 2022 fpdf.txt,Comune di Monte Argentario,Punto di ascolto territoriale di Grosseto
09_GROSSETO 2022 fpdf.txt,Comune di Monte Argentario,Ufficio Scolastico Provinciale di Grosseto
09_GROSSETO 2022 fpdf.txt,Comune di Monte Argentario,Unione dei comuni Montani Amiata Grossetana
09_GROSSETO 2022 fpdf.txt,Comune di Monterotondo Marittimo,Comune di Montieri
09_GROSSETO 2022 fpdf.txt,Comune di Monterotondo Marittimo,Comune di Orbetello
09_GROSSETO 2022 fpdf.txt,Comune di Monterotondo Marittimo,Comune di Pitigliano
09_GROSSETO 2022 fpdf.txt,Comune di Monterotondo Marittimo,Comune di Scansano
09_GROSSETO 2022 fpdf.txt,Comune di Monterotondo Marittimo,Comune di Scarlino
09_GROSSETO 2022 fpdf.txt,Comune di Monterotondo Marittimo,Comune di Sorano
09_GROSSETO 2022 fpdf.txt,Comune di Monterotondo Marittimo,Confesercenti
09_GROSSETO 2022 fpdf.txt,Comune di Monterotondo Marittimo,Corte d'Appello di Firenze
09_GROSSETO 2022 fpdf.txt,Comune di Monterotondo Marittimo,Federalberghi
09_GROSSETO 2022 fpdf.txt,Comune di Monterotondo Marittimo,Polizia provinciale
09_GROSSETO 2022 fpdf.txt,Comune di Monterotondo Marittimo,Procura Generale della Repubblica presso la Corte d'Appello di Firenze
09_GROSSETO 2022 fpdf.txt,Comune di Monterotondo Marittimo,Procura Generale presso la Corte d'Appello di Genova
09_GROSSETO 2022 fpdf.txt,Comune di Monterotondo Marittimo,Procura della Repubblica per i Minorenni di Firenze
09_GROSSETO 2022 fpdf.txt,Comune di Monterotondo Marittimo,Procura della Repubblica presso il Tribunale di Massa
09_GROSSETO 2022 fpdf.txt,Comune di Monterotondo Marittimo,Procure della Repubblica presso il Tribunale del Distretto
09_GROSSETO 2022 fpdf.txt,Comune di Monterotondo Marittimo,Provincia di Grosseto
09_GROSSETO 2022 fpdf.txt,Comune di Monterotondo Marittimo,Punto di Ascolto territoriale di Arcidosso
09_GROSSETO 2022 fpdf.txt,Comune di Monterotondo Marittimo,Punto di Ascolto territoriale di Capalbio
09_GROSSETO 2022 fpdf.txt,Comune di Monterotondo Marittimo,Punto di Ascolto territoriale di Follonica
09_GROSSETO 2022 fpdf.txt,Comune di Monterotondo Marittimo,Punto di Ascolto territoriale di Manciano
09_GROSSETO 2022 fpdf.txt,Comune di Monterotondo Marittimo,Punto di ascolto territoriale di Grosseto
09_GROSSETO 2022 fpdf.txt,Comune di Monterotondo Marittimo,Ufficio Scolastico Provinciale di Grosseto
09_GROSSETO 2022 fpdf.txt,Comune di Monterotondo Marittimo,Unione dei comuni Montani Amiata Grossetana
09_GROSSETO 2022 fpdf.txt,Comune di Montieri,Comune di Orbetello
09_GROSSETO 2022 fpdf.txt,Comune di Montieri,Comune di Pitigliano
09_GROSSETO 2022 fpdf.txt,Comune di Montieri,Comune di Scansano
09_GROSSETO 2022 fpdf.txt,Comune di Montieri,Comune di Scarlino
09_GROSSETO 2022 fpdf.txt,Comune di Montieri,Comune di Sorano
09_GROSSETO 2022 fpdf.txt,Comune di Montieri,Confesercenti
09_GROSSETO 2022 fpdf.txt,Comune di Montieri,Corte d'Appello di Firenze
09_GROSSETO 2022 fpdf.txt,Comune di Montieri,Federalberghi
09_GROSSETO 2022 fpdf.txt,Comune di Montieri,Polizia provinciale
09_GROSSETO 2022 fpdf.txt,Comune di Montieri,Procura Generale della Repubblica presso la Corte d'Appello di Firenze
09_GROSSETO 2022 fpdf.txt,Comune di Montieri,Procura Generale presso la Corte d'Appello di Genova
09_GROSSETO 2022 fpdf.txt,Comune di Montieri,Procura della Repubblica per i Minorenni di Firenze
09_GROSSETO 2022 fpdf.txt,Comune di Montieri,Procura della Repubblica presso il Tribunale di Massa
09_GROSSETO 2022 fpdf.txt,Comune di Montieri,Procure della Repubblica presso il Tribunale del Distretto
09_GROSSETO 2022 fpdf.txt,Comune di Montieri,Provincia di Grosseto
09_GROSSETO 2022 fpdf.txt,Comune di Montieri,Punto di Ascolto territoriale di Arcidosso
09_GROSSETO 2022 fpdf.txt,Comune di Montieri,Punto di Ascolto territoriale di Capalbio
09_GROSSETO 2022 fpdf.txt,Comune di Montieri,Punto di Ascolto territoriale di Follonica
09_GROSSETO 2022 fpdf.txt,Comune di Montieri,Punto di Ascolto territoriale di Manciano
09_GROSSETO 2022 fpdf.txt,Comune di Montieri,Punto di ascolto territoriale di Grosseto
09_GROSSETO 2022 fpdf.txt,Comune di Montieri,Ufficio Scolastico Provinciale di Grosseto
09_GROSSETO 2022 fpdf.txt,Comune di Montieri,Unione dei comuni Montani Amiata Grossetana
09_GROSSETO 2022 fpdf.txt,Comune di Orbetello,Comune di Pitigliano
09_GROSSETO 2022 fpdf.txt,Comune di Orbetello,Comune di Scansano
09_GROSSETO 2022 fpdf.txt,Comune di Orbetello,Comune di Scarlino
09_GROSSETO 2022 fpdf.txt,Comune di Orbetello,Comune di Sorano
09_GROSSETO 2022 fpdf.txt,Comune di Orbetello,Confesercenti
09_GROSSETO 2022 fpdf.txt,Comune di Orbetello,Corte d'Appello di Firenze
09_GROSSETO 2022 fpdf.txt,Comune di Orbetello,Federalberghi
09_GROSSETO 2022 fpdf.txt,Comune di Orbetello,Polizia provinciale
09_GROSSETO 2022 fpdf.txt,Comune di Orbetello,Procura Generale della Repubblica presso la Corte d'Appello di Firenze
09_GROSSETO 2022 fpdf.txt,Comune di Orbetello,Procura Generale presso la Corte d'Appello di Genova
09_GROSSETO 2022 fpdf.txt,Comune di Orbetello,Procura della Repubblica per i Minorenni di Firenze
09_GROSSETO 2022 fpdf.txt,Comune di Orbetello,Procura della Repubblica presso il Tribunale di Massa
09_GROSSETO 2022 fpdf.txt,Comune di Orbetello,Procure della Repubblica presso il Tribunale del Distretto
09_GROSSETO 2022 fpdf.txt,Comune di Orbetello,Provincia di Grosseto
09_GROSSETO 2022 fpdf.txt,Comune di Orbetello,Punto di Ascolto territoriale di Arcidosso
09_GROSSETO 2022 fpdf.txt,Comune di Orbetello,Punto di Ascolto territoriale di Capalbio
09_GROSSETO 2022 fpdf.txt,Comune di Orbetello,Punto di Ascolto territoriale di Follonica
09_GROSSETO 2022 fpdf.txt,Comune di Orbetello,Punto di Ascolto territoriale di Manciano
09_GROSSETO 2022 fpdf.txt,Comune di Orbetello,Punto di ascolto territoriale di Grosseto
09_GROSSETO 2022 fpdf.txt,Comune di Orbetello,Ufficio Scolastico Provinciale di Grosseto
09_GROSSETO 2022 fpdf.txt,Comune di Orbetello,Unione dei comuni Montani Amiata Grossetana
09_GROSSETO 2022 fpdf.txt,Comune di Pitigliano,Comune di Scansano
09_GROSSETO 2022 fpdf.txt,Comune di Pitigliano,Comune di Scarlino
09_GROSSETO 2022 fpdf.txt,Comune di Pitigliano,Comune di Sorano
09_GROSSETO 2022 fpdf.txt,Comune di Pitigliano,Confesercenti
09_GROSSETO 2022 fpdf.txt,Comune di Pitigliano,Corte d'Appello di Firenze
09_GROSSETO 2022 fpdf.txt,Comune di Pitigliano,Federalberghi
09_GROSSETO 2022 fpdf.txt,Comune di Pitigliano,Polizia provinciale
09_GROSSETO 2022 fpdf.txt,Comune di Pitigliano,Procura Generale della Repubblica presso la Corte d'Appello di Firenze
09_GROSSETO 2022 fpdf.txt,Comune di Pitigliano,Procura Generale presso la Corte d'Appello di Genova
09_GROSSETO 2022 fpdf.txt,Comune di Pitigliano,Procura della Repubblica per i Minorenni di Firenze
09_GROSSETO 2022 fpdf.txt,Comune di Pitigliano,Procura della Repubblica presso il Tribunale di Massa
09_GROSSETO 2022 fpdf.txt,Comune di Pitigliano,Procure della Repubblica presso il Tribunale del Distretto
09_GROSSETO 2022 fpdf.txt,Comune di Pitigliano,Provincia di Grosseto
09_GROSSETO 2022 fpdf.txt,Comune di Pitigliano,Punto di Ascolto territoriale di Arcidosso
09_GROSSETO 2022 fpdf.txt,Comune di Pitigliano,Punto di Ascolto territoriale di Capalbio
09_GROSSETO 2022 fpdf.txt,Comune di Pitigliano,Punto di Ascolto territoriale di Follonica
09_GROSSETO 2022 fpdf.txt,Comune di Pitigliano,Punto di Ascolto territoriale di Manciano
09_GROSSETO 2022 fpdf.txt,Comune di Pitigliano,Punto di ascolto territoriale di Grosseto
09_GROSSETO 2022 fpdf.txt,Comune di Pitigliano,Ufficio Scolastico Provinciale di Grosseto
09_GROSSETO 2022 fpdf.txt,Comune di Pitigliano,Unione dei comuni Montani Amiata Grossetana
09_GROSSETO 2022 fpdf.txt,Comune di Scansano,Comune di Scarlino
09_GROSSETO 2022 fpdf.txt,Comune di Scansano,Comune di Sorano
09_GROSSETO 2022 fpdf.txt,Comune di Scansano,Confesercenti
09_GROSSETO 2022 fpdf.txt,Comune di Scansano,Corte d'Appello di Firenze
09_GROSSETO 2022 fpdf.txt,Comune di Scansano,Federalberghi
09_GROSSETO 2022 fpdf.txt,Comune di Scansano,Polizia provinciale
09_GROSSETO 2022 fpdf.txt,Comune di Scansano,Procura Generale della Repubblica presso la Corte d'Appello di Firenze
09_GROSSETO 2022 fpdf.txt,Comune di Scansano,Procura Generale presso la Corte d'Appello di Genova
09_GROSSETO 2022 fpdf.txt,Comune di Scansano,Procura della Repubblica per i Minorenni di Firenze
09_GROSSETO 2022 fpdf.txt,Comune di Scansano,Procura della Repubblica presso il Tribunale di Massa
09_GROSSETO 2022 fpdf.txt,Comune di Scansano,Procure della Repubblica presso il Tribunale del Distretto
09_GROSSETO 2022 fpdf.txt,Comune di Scansano,Provincia di Grosseto
09_GROSSETO 2022 fpdf.txt,Comune di Scansano,Punto di Ascolto territoriale di Arcidosso
09_GROSSETO 2022 fpdf.txt,Comune di Scansano,Punto di Ascolto territoriale di Capalbio
09_GROSSETO 2022 fpdf.txt,Comune di Scansano,Punto di Ascolto territoriale di Follonica
09_GROSSETO 2022 fpdf.txt,Comune di Scansano,Punto di Ascolto territoriale di Manciano
09_GROSSETO 2022 fpdf.txt,Comune di Scansano,Punto di ascolto territoriale di Grosseto
09_GROSSETO 2022 fpdf.txt,Comune di Scansano,Ufficio Scolastico Provinciale di Grosseto
09_GROSSETO 2022 fpdf.txt,Comune di Scansano,Unione dei comuni Montani Amiata Grossetana
09_GROSSETO 2022 fpdf.txt,Comune di Scarlino,Comune di Sorano
09_GROSSETO 2022 fpdf.txt,Comune di Scarlino,Confesercenti
09_GROSSETO 2022 fpdf.txt,Comune di Scarlino,Corte d'Appello di Firenze
09_GROSSETO 2022 fpdf.txt,Comune di Scarlino,Federalberghi
09_GROSSETO 2022 fpdf.txt,Comune di Scarlino,Polizia provinciale
09_GROSSETO 2022 fpdf.txt,Comune di Scarlino,Procura Generale della Repubblica presso la Corte d'Appello di Firenze
09_GROSSETO 2022 fpdf.txt,Comune di Scarlino,Procura Generale presso la Corte d'Appello di Genova
09_GROSSETO 2022 fpdf.txt,Comune di Scarlino,Procura della Repubblica per i Minorenni di Firenze
09_GROSSETO 2022 fpdf.txt,Comune di Scarlino,Procura della Repubblica presso il Tribunale di Massa
09_GROSSETO 2022 fpdf.txt,Comune di Scarlino,Procure della Repubblica presso il Tribunale del Distretto
09_GROSSETO 2022 fpdf.txt,Comune di Scarlino,Provincia di Grosseto
09_GROSSETO 2022 fpdf.txt,Comune di Scarlino,Punto di Ascolto territoriale di Arcidosso
09_GROSSETO 2022 fpdf.txt,Comune di Scarlino,Punto di Ascolto territoriale di Capalbio
09_GROSSETO 2022 fpdf.txt,Comune di Scarlino,Punto di Ascolto territoriale di Follonica
09_GROSSETO 2022 fpdf.txt,Comune di Scarlino,Punto di Ascolto territoriale di Manciano
09_GROSSETO 2022 fpdf.txt,Comune di Scarlino,Punto di ascolto territoriale di Grosseto
09_GROSSETO 2022 fpdf.txt,Comune di Scarlino,Ufficio Scolastico Provinciale di Grosseto
09_GROSSETO 2022 fpdf.txt,Comune di Scarlino,Unione dei comuni Montani Amiata Grossetana
09_GROSSETO 2022 fpdf.txt,Comune di Sorano,Confesercenti
09_GROSSETO 2022 fpdf.txt,Comune di Sorano,Corte d'Appello di Firenze
09_GROSSETO 2022 fpdf.txt,Comune di Sorano,Federalberghi
09_GROSSETO 2022 fpdf.txt,Comune di Sorano,Polizia provinciale
09_GROSSETO 2022 fpdf.txt,Comune di Sorano,Procura Generale della Repubblica presso la Corte d'Appello di Firenze
09_GROSSETO 2022 fpdf.txt,Comune di Sorano,Procura Generale presso la Corte d'Appello di Genova
09_GROSSETO 2022 fpdf.txt,Comune di Sorano,Procura della Repubblica per i Minorenni di Firenze
09_GROSSETO 2022 fpdf.txt,Comune di Sorano,Procura della Repubblica presso il Tribunale di Massa
09_GROSSETO 2022 fpdf.txt,Comune di Sorano,Procure della Repubblica presso il Tribunale del Distretto
09_GROSSETO 2022 fpdf.txt,Comune di Sorano,Provincia di Grosseto
09_GROSSETO 2022 fpdf.txt,Comune di Sorano,Punto di Ascolto territoriale di Arcidosso
09_GROSSETO 2022 fpdf.txt,Comune di Sorano,Punto di Ascolto territoriale di Capalbio
09_GROSSETO 2022 fpdf.txt,Comune di Sorano,Punto di Ascolto territoriale di Follonica
09_GROSSETO 2022 fpdf.txt,Comune di Sorano,Punto di Ascolto territoriale di Manciano
09_GROSSETO 2022 fpdf.txt,Comune di Sorano,Punto di ascolto territoriale di Grosseto
09_GROSSETO 2022 fpdf.txt,Comune di Sorano,Ufficio Scolastico Provinciale di Grosseto
09_GROSSETO 2022 fpdf.txt,Comune di Sorano,Unione dei comuni Montani Amiata Grossetana
09_GROSSETO 2022 fpdf.txt,Confesercenti,Corte d'Appello di Firenze
09_GROSSETO 2022 fpdf.txt,Confesercenti,Federalberghi
09_GROSSETO 2022 fpdf.txt,Confesercenti,Polizia provinciale
09_GROSSETO 2022 fpdf.txt,Confesercenti,Procura Generale della Repubblica presso la Corte d'Appello di Firenze
09_GROSSETO 2022 fpdf.txt,Confesercenti,Procura Generale presso la Corte d'Appello di Genova
09_GROSSETO 2022 fpdf.txt,Confesercenti,Procura della Repubblica per i Minorenni di Firenze
09_GROSSETO 2022 fpdf.txt,Confesercenti,Procura della Repubblica presso il Tribunale di Massa
09_GROSSETO 2022 fpdf.txt,Confesercenti,Procure della Repubblica presso il Tribunale del Distretto
09_GROSSETO 2022 fpdf.txt,Confesercenti,Provincia di Grosseto
09_GROSSETO 2022 fpdf.txt,Confesercenti,Punto di Ascolto territoriale di Arcidosso
09_GROSSETO 2022 fpdf.txt,Confesercenti,Punto di Ascolto territoriale di Capalbio
09_GROSSETO 2022 fpdf.txt,Confesercenti,Punto di Ascolto territoriale di Follonica
09_GROSSETO 2022 fpdf.txt,Confesercenti,Punto di Ascolto territoriale di Manciano
09_GROSSETO 2022 fpdf.txt,Confesercenti,Punto di ascolto territoriale di Grosseto
09_GROSSETO 2022 fpdf.txt,Confesercenti,Ufficio Scolastico Provinciale di Grosseto
09_GROSSETO 2022 fpdf.txt,Confesercenti,Unione dei comuni Montani Amiata Grossetana
09_GROSSETO 2022 fpdf.txt,Corte d'Appello di Firenze,Federalberghi
09_GROSSETO 2022 fpdf.txt,Corte d'Appello di Firenze,Polizia provinciale
09_GROSSETO 2022 fpdf.txt,Corte d'Appello di Firenze,Procura Generale della Repubblica presso la Corte d'Appello di Firenze
09_GROSSETO 2022 fpdf.txt,Corte d'Appello di Firenze,Procura Generale presso la Corte d'Appello di Genova
09_GROSSETO 2022 fpdf.txt,Corte d'Appello di Firenze,Procura della Repubblica per i Minorenni di Firenze
09_GROSSETO 2022 fpdf.txt,Corte d'Appello di Firenze,Procura della Repubblica presso il Tribunale di Massa
09_GROSSETO 2022 fpdf.txt,Corte d'Appello di Firenze,Procure della Repubblica presso il Tribunale del Distretto
09_GROSSETO 2022 fpdf.txt,Corte d'Appello di Firenze,Provincia di Grosseto
09_GROSSETO 2022 fpdf.txt,Corte d'Appello di Firenze,Punto di Ascolto territoriale di Arcidosso
09_GROSSETO 2022 fpdf.txt,Corte d'Appello di Firenze,Punto di Ascolto territoriale di Capalbio
09_GROSSETO 2022 fpdf.txt,Corte d'Appello di Firenze,Punto di Ascolto territoriale di Follonica
09_GROSSETO 2022 fpdf.txt,Corte d'Appello di Firenze,Punto di Ascolto territoriale di Manciano
09_GROSSETO 2022 fpdf.txt,Corte d'Appello di Firenze,Punto di ascolto territoriale di Grosseto
09_GROSSETO 2022 fpdf.txt,Corte d'Appello di Firenze,Ufficio Scolastico Provinciale di Grosseto
09_GROSSETO 2022 fpdf.txt,Corte d'Appello di Firenze,Unione dei comuni Montani Amiata Grossetana
09_GROSSETO 2022 fpdf.txt,Federalberghi,Polizia provinciale
09_GROSSETO 2022 fpdf.txt,Federalberghi,Procura Generale della Repubblica presso la Corte d'Appello di Firenze
09_GROSSETO 2022 fpdf.txt,Federalberghi,Procura Generale presso la Corte d'Appello di Genova
09_GROSSETO 2022 fpdf.txt,Federalberghi,Procura della Repubblica per i Minorenni di Firenze
09_GROSSETO 2022 fpdf.txt,Federalberghi,Procura della Repubblica presso il Tribunale di Massa
09_GROSSETO 2022 fpdf.txt,Federalberghi,Procure della Repubblica presso il Tribunale del Distretto
09_GROSSETO 2022 fpdf.txt,Federalberghi,Provincia di Grosseto
09_GROSSETO 2022 fpdf.txt,Federalberghi,Punto di Ascolto territoriale di Arcidosso
09_GROSSETO 2022 fpdf.txt,Federalberghi,Punto di Ascolto territoriale di Capalbio
09_GROSSETO 2022 fpdf.txt,Federalberghi,Punto di Ascolto territoriale di Follonica
09_GROSSETO 2022 fpdf.txt,Federalberghi,Punto di Ascolto territoriale di Manciano
09_GROSSETO 2022 fpdf.txt,Federalberghi,Punto di ascolto territoriale di Grosseto
09_GROSSETO 2022 fpdf.txt,Federalberghi,Ufficio Scolastico Provinciale di Grosseto
09_GROSSETO 2022 fpdf.txt,Federalberghi,Unione dei comuni Montani Amiata Grossetana
09_GROSSETO 2022 fpdf.txt,Polizia provinciale,Procura Generale della Repubblica presso la Corte d'Appello di Firenze
09_GROSSETO 2022 fpdf.txt,Polizia provinciale,Procura Generale presso la Corte d'Appello di Genova
09_GROSSETO 2022 fpdf.txt,Polizia provinciale,Procura della Repubblica per i Minorenni di Firenze
09_GROSSETO 2022 fpdf.txt,Polizia provinciale,Procura della Repubblica presso il Tribunale di Massa
09_GROSSETO 2022 fpdf.txt,Polizia provinciale,Procure della Repubblica presso il Tribunale del Distretto
09_GROSSETO 2022 fpdf.txt,Polizia provinciale,Provincia di Grosseto
09_GROSSETO 2022 fpdf.txt,Polizia provinciale,Punto di Ascolto territoriale di Arcidosso
09_GROSSETO 2022 fpdf.txt,Polizia provinciale,Punto di Ascolto territoriale di Capalbio
09_GROSSETO 2022 fpdf.txt,Polizia provinciale,Punto di Ascolto territoriale di Follonica
09_GROSSETO 2022 fpdf.txt,Polizia provinciale,Punto di Ascolto territoriale di Manciano
09_GROSSETO 2022 fpdf.txt,Polizia provinciale,Punto di ascolto territoriale di Grosseto
09_GROSSETO 2022 fpdf.txt,Polizia provinciale,Ufficio Scolastico Provinciale di Grosseto
09_GROSSETO 2022 fpdf.txt,Polizia provinciale,Unione dei comuni Montani Amiata Grossetana
09_GROSSETO 2022 fpdf.txt,Procura Generale della Repubblica presso la Corte d'Appello di Firenze,Procura Generale presso la Corte d'Appello di Genova
09_GROSSETO 2022 fpdf.txt,Procura Generale della Repubblica presso la Corte d'Appello di Firenze,Procura della Repubblica per i Minorenni di Firenze
09_GROSSETO 2022 fpdf.txt,Procura Generale della Repubblica presso la Corte d'Appello di Firenze,Procura della Repubblica presso il Tribunale di Massa
09_GROSSETO 2022 fpdf.txt,Procura Generale della Repubblica presso la Corte d'Appello di Firenze,Procure della Repubblica presso il Tribunale del Distretto
09_GROSSETO 2022 fpdf.txt,Procura Generale della Repubblica presso la Corte d'Appello di Firenze,Provincia di Grosseto
09_GROSSETO 2022 fpdf.txt,Procura Generale della Repubblica presso la Corte d'Appello di Firenze,Punto di Ascolto territoriale di Arcidosso
09_GROSSETO 2022 fpdf.txt,Procura Generale della Repubblica presso la Corte d'Appello di Firenze,Punto di Ascolto territoriale di Capalbio
09_GROSSETO 2022 fpdf.txt,Procura Generale della Repubblica presso la Corte d'Appello di Firenze,Punto di Ascolto territoriale di Follonica
09_GROSSETO 2022 fpdf.txt,Procura Generale della Repubblica presso la Corte d'Appello di Firenze,Punto di Ascolto territoriale di Manciano
09_GROSSETO 2022 fpdf.txt,Procura Generale della Repubblica presso la Corte d'Appello di Firenze,Punto di ascolto territoriale di Grosseto
09_GROSSETO 2022 fpdf.txt,Procura Generale della Repubblica presso la Corte d'Appello di Firenze,Ufficio Scolastico Provinciale di Grosseto
09_GROSSETO 2022 fpdf.txt,Procura Generale della Repubblica presso la Corte d'Appello di Firenze,Unione dei comuni Montani Amiata Grossetana
09_GROSSETO 2022 fpdf.txt,Procura Generale presso la Corte d'Appello di Genova,Procura della Repubblica per i Minorenni di Firenze
09_GROSSETO 2022 fpdf.txt,Procura Generale presso la Corte d'Appello di Genova,Procura della Repubblica presso il Tribunale di Massa
09_GROSSETO 2022 fpdf.txt,Procura Generale presso la Corte d'Appello di Genova,Procure della Repubblica presso il Tribunale del Distretto
09_GROSSETO 2022 fpdf.txt,Procura Generale presso la Corte d'Appello di Genova,Provincia di Grosseto
09_GROSSETO 2022 fpdf.txt,Procura Generale presso la Corte d'Appello di Genova,Punto di Ascolto territoriale di Arcidosso
09_GROSSETO 2022 fpdf.txt,Procura Generale presso la Corte d'Appello di Genova,Punto di Ascolto territoriale di Capalbio
09_GROSSETO 2022 fpdf.txt,Procura Generale presso la Corte d'Appello di Genova,Punto di Ascolto territoriale di Follonica
09_GROSSETO 2022 fpdf.txt,Procura Generale presso la Corte d'Appello di Genova,Punto di Ascolto territoriale di Manciano
09_GROSSETO 2022 fpdf.txt,Procura Generale presso la Corte d'Appello di Genova,Punto di ascolto territoriale di Grosseto
09_GROSSETO 2022 fpdf.txt,Procura Generale presso la Corte d'Appello di Genova,Ufficio Scolastico Provinciale di Grosseto
09_GROSSETO 2022 fpdf.txt,Procura Generale presso la Corte d'Appello di Genova,Unione dei comuni Montani Amiata Grossetana
09_GROSSETO 2022 fpdf.txt,Procura della Repubblica per i Minorenni di Firenze,Procura della Repubblica presso il Tribunale di Massa
09_GROSSETO 2022 fpdf.txt,Procura della Repubblica per i Minorenni di Firenze,Procure della Repubblica presso il Tribunale del Distretto
09_GROSSETO 2022 fpdf.txt,Procura della Repubblica per i Minorenni di Firenze,Provincia di Grosseto
09_GROSSETO 2022 fpdf.txt,Procura della Repubblica per i Minorenni di Firenze,Punto di Ascolto territoriale di Arcidosso
09_GROSSETO 2022 fpdf.txt,Procura della Repubblica per i Minorenni di Firenze,Punto di Ascolto territoriale di Capalbio
09_GROSSETO 2022 fpdf.txt,Procura della Repubblica per i Minorenni di Firenze,Punto di Ascolto territoriale di Follonica
09_GROSSETO 2022 fpdf.txt,Procura della Repubblica per i Minorenni di Firenze,Punto di Ascolto territoriale di Manciano
09_GROSSETO 2022 fpdf.txt,Procura della Repubblica per i Minorenni di Firenze,Punto di ascolto territoriale di Grosseto
09_GROSSETO 2022 fpdf.txt,Procura della Repubblica per i Minorenni di Firenze,Ufficio Scolastico Provinciale di Grosseto
09_GROSSETO 2022 fpdf.txt,Procura della Repubblica per i Minorenni di Firenze,Unione dei comuni Montani Amiata Grossetana
09_GROSSETO 2022 fpdf.txt,Procura della Repubblica presso il Tribunale di Massa,Procure della Repubblica presso il Tribunale del Distretto
09_GROSSETO 2022 fpdf.txt,Procura della Repubblica presso il Tribunale di Massa,Provincia di Grosseto
09_GROSSETO 2022 fpdf.txt,Procura della Repubblica presso il Tribunale di Massa,Punto di Ascolto territoriale di Arcidosso
09_GROSSETO 2022 fpdf.txt,Procura della Repubblica presso il Tribunale di Massa,Punto di Ascolto territoriale di Capalbio
09_GROSSETO 2022 fpdf.txt,Procura della Repubblica presso il Tribunale di Massa,Punto di Ascolto territoriale di Follonica
09_GROSSETO 2022 fpdf.txt,Procura della Repubblica presso il Tribunale di Massa,Punto di Ascolto territoriale di Manciano
09_GROSSETO 2022 fpdf.txt,Procura della Repubblica presso il Tribunale di Massa,Punto di ascolto territoriale di Grosseto
09_GROSSETO 2022 fpdf.txt,Procura della Repubblica presso il Tribunale di Massa,Ufficio Scolastico Provinciale di Grosseto
09_GROSSETO 2022 fpdf.txt,Procura della Repubblica presso il Tribunale di Massa,Unione dei comuni Montani Amiata Grossetana
09_GROSSETO 2022 fpdf.txt,Procure della Repubblica presso il Tribunale del Distretto,Provincia di Grosseto
09_GROSSETO 2022 fpdf.txt,Procure della Repubblica presso il Tribunale del Distretto,Punto di Ascolto territoriale di Arcidosso
09_GROSSETO 2022 fpdf.txt,Procure della Repubblica presso il Tribunale del Distretto,Punto di Ascolto territoriale di Capalbio
09_GROSSETO 2022 fpdf.txt,Procure della Repubblica presso il Tribunale del Distretto,Punto di Ascolto territoriale di Follonica
09_GROSSETO 2022 fpdf.txt,Procure della Repubblica presso il Tribunale del Distretto,Punto di Ascolto territoriale di Manciano
09_GROSSETO 2022 fpdf.txt,Procure della Repubblica presso il Tribunale del Distretto,Punto di ascolto territoriale di Grosseto
09_GROSSETO 2022 fpdf.txt,Procure della Repubblica presso il Tribunale del Distretto,Ufficio Scolastico Provinciale di Grosseto
09_GROSSETO 2022 fpdf.txt,Procure della Repubblica presso il Tribunale del Distretto,Unione dei comuni Montani Amiata Grossetana
09_GROSSETO 2022 fpdf.txt,Provincia di Grosseto,Punto di Ascolto territoriale di Arcidosso
09_GROSSETO 2022 fpdf.txt,Provincia di Grosseto,Punto di Ascolto territoriale di Capalbio
09_GROSSETO 2022 fpdf.txt,Provincia di Grosseto,Punto di Ascolto territoriale di Follonica
09_GROSSETO 2022 fpdf.txt,Provincia di Grosseto,Punto di Ascolto territoriale di Manciano
09_GROSSETO 2022 fpdf.txt,Provincia di Grosseto,Punto di ascolto territoriale di Grosseto
09_GROSSETO 2022 fpdf.txt,Provincia di Grosseto,Ufficio Scolastico Provinciale di Grosseto
09_GROSSETO 2022 fpdf.txt,Provincia di Grosseto,Unione dei comuni Montani Amiata Grossetana
09_GROSSETO 2022 fpdf.txt,Punto di Ascolto territoriale di Arcidosso,Punto di Ascolto territoriale di Capalbio
09_GROSSETO 2022 fpdf.txt,Punto di Ascolto territoriale di Arcidosso,Punto di Ascolto territoriale di Follonica
09_GROSSETO 2022 fpdf.txt,Punto di Ascolto territoriale di Arcidosso,Punto di Ascolto territoriale di Manciano
09_GROSSETO 2022 fpdf.txt,Punto di Ascolto territoriale di Arcidosso,Punto di ascolto territoriale di Grosseto
09_GROSSETO 2022 fpdf.txt,Punto di Ascolto territoriale di Arcidosso,Ufficio Scolastico Provinciale di Grosseto
09_GROSSETO 2022 fpdf.txt,Punto di Ascolto territoriale di Arcidosso,Unione dei comuni Montani Amiata Grossetana
09_GROSSETO 2022 fpdf.txt,Punto di Ascolto territoriale di Capalbio,Punto di Ascolto territoriale di Follonica
09_GROSSETO 2022 fpdf.txt,Punto di Ascolto territoriale di Capalbio,Punto di Ascolto territoriale di Manciano
09_GROSSETO 2022 fpdf.txt,Punto di Ascolto territoriale di Capalbio,Punto di ascolto territoriale di Grosseto
09_GROSSETO 2022 fpdf.txt,Punto di Ascolto territoriale di Capalbio,Ufficio Scolastico Provinciale di Grosseto
09_GROSSETO 2022 fpdf.txt,Punto di Ascolto territoriale di Capalbio,Unione dei comuni Montani Amiata Grossetana
09_GROSSETO 2022 fpdf.txt,Punto di Ascolto territoriale di Follonica,Punto di Ascolto territoriale di Manciano
09_GROSSETO 2022 fpdf.txt,Punto di Ascolto territoriale di Follonica,Punto di ascolto territoriale di Grosseto
09_GROSSETO 2022 fpdf.txt,Punto di Ascolto territoriale di Follonica,Ufficio Scolastico Provinciale di Grosseto
09_GROSSETO 2022 fpdf.txt,Punto di Ascolto territoriale di Follonica,Unione dei comuni Montani Amiata Grossetana
09_GROSSETO 2022 fpdf.txt,Punto di Ascolto territoriale di Manciano,Punto di ascolto territoriale di Grosseto
09_GROSSETO 2022 fpdf.txt,Punto di Ascolto territoriale di Manciano,Ufficio Scolastico Provinciale di Grosseto
09_GROSSETO 2022 fpdf.txt,Punto di Ascolto territoriale di Manciano,Unione dei comuni Montani Amiata Grossetana
09_GROSSETO 2022 fpdf.txt,Punto di ascolto territoriale di Grosseto,Ufficio Scolastico Provinciale di Grosseto
09_GROSSETO 2022 fpdf.txt,Punto di ascolto territoriale di Grosseto,Unione dei comuni Montani Amiata Grossetana
09_GROSSETO 2022 fpdf.txt,Ufficio Scolastico Provinciale di Grosseto,Unione dei comuni Montani Amiata Grossetana
09_SENESE Delibera-n.1196-del-24-10-2022-allegato-a_SENESE_2.txt,Ambulatorio,Autorita giudiziaria
09_SENESE Delibera-n.1196-del-24-10-2022-allegato-a_SENESE_2.txt,Ambulatorio,Azienda USL 9 di Grosseto
09_SENESE Delibera-n.1196-del-24-10-2022-allegato-a_SENESE_2.txt,Ambulatorio,Aziende Sanitarie
09_SENESE Delibera-n.1196-del-24-10-2022-allegato-a_SENESE_2.txt,Ambulatorio,Aziende sanitarie toscane
09_SENESE Delibera-n.1196-del-24-10-2022-allegato-a_SENESE_2.txt,Ambulatorio,Comitato Regionale
09_SENESE Delibera-n.1196-del-24-10-2022-allegato-a_SENESE_2.txt,Ambulatorio,Comitato di Area Vasta
09_SENESE Delibera-n.1196-del-24-10-2022-allegato-a_SENESE_2.txt,Ambulatorio,Comunita di tipo familiare
09_SENESE Delibera-n.1196-del-24-10-2022-allegato-a_SENESE_2.txt,Ambulatorio,Consultorio
09_SENESE Delibera-n.1196-del-24-10-2022-allegato-a_SENESE_2.txt,Ambulatorio,Direzione Diritti di cittadinanza e coesione sociale
09_SENESE Delibera-n.1196-del-24-10-2022-allegato-a_SENESE_2.txt,Ambulatorio,Giudice tutelare
09_SENESE Delibera-n.1196-del-24-10-2022-allegato-a_SENESE_2.txt,Ambulatorio,Gruppo di lavoro Tavolo Privacy di Regione Toscana
09_SENESE Delibera-n.1196-del-24-10-2022-allegato-a_SENESE_2.txt,Ambulatorio,Istituto di assistenza pubblico privato
09_SENESE Delibera-n.1196-del-24-10-2022-allegato-a_SENESE_2.txt,Ambulatorio,Polizia Giudiziaria
09_SENESE Delibera-n.1196-del-24-10-2022-allegato-a_SENESE_2.txt,Ambulatorio,Pronto Soccorso
09_SENESE Delibera-n.1196-del-24-10-2022-allegato-a_SENESE_2.txt,Ambulatorio,Questura
09_SENESE Delibera-n.1196-del-24-10-2022-allegato-a_SENESE_2.txt,Ambulatorio,Referenti Aziendali
09_SENESE Delibera-n.1196-del-24-10-2022-allegato-a_SENESE_2.txt,Ambulatorio,Regione Toscana
09_SENESE Delibera-n.1196-del-24-10-2022-allegato-a_SENESE_2.txt,Ambulatorio,Rete Regionale Codice Rosa
09_SENESE Delibera-n.1196-del-24-10-2022-allegato-a_SENESE_2.txt,Ambulatorio,SSR
09_SENESE Delibera-n.1196-del-24-10-2022-allegato-a_SENESE_2.txt,Ambulatorio,Unità Operativa
09_SENESE Delibera-n.1196-del-24-10-2022-allegato-a_SENESE_2.txt,Autorita giudiziaria,Azienda USL 9 di Grosseto
09_SENESE Delibera-n.1196-del-24-10-2022-allegato-a_SENESE_2.txt,Autorita giudiziaria,Aziende Sanitarie
09_SENESE Delibera-n.1196-del-24-10-2022-allegato-a_SENESE_2.txt,Autorita giudiziaria,Aziende sanitarie toscane
09_SENESE Delibera-n.1196-del-24-10-2022-allegato-a_SENESE_2.txt,Autorita giudiziaria,Comitato Regionale
09_SENESE Delibera-n.1196-del-24-10-2022-allegato-a_SENESE_2.txt,Autorita giudiziaria,Comitato di Area Vasta
09_SENESE Delibera-n.1196-del-24-10-2022-allegato-a_SENESE_2.txt,Autorita giudiziaria,Comunita di tipo familiare
09_SENESE Delibera-n.1196-del-24-10-2022-allegato-a_SENESE_2.txt,Autorita giudiziaria,Consultorio
09_SENESE Delibera-n.1196-del-24-10-2022-allegato-a_SENESE_2.txt,Autorita giudiziaria,Direzione Diritti di cittadinanza e coesione sociale
09_SENESE Delibera-n.1196-del-24-10-2022-allegato-a_SENESE_2.txt,Autorita giudiziaria,Giudice tutelare
09_SENESE Delibera-n.1196-del-24-10-2022-allegato-a_SENESE_2.txt,Autorita giudiziaria,Gruppo di lavoro Tavolo Privacy di Regione Toscana
09_SENESE Delibera-n.1196-del-24-10-2022-allegato-a_SENESE_2.txt,Autorita giudiziaria,Istituto di assistenza pubblico privato
09_SENESE Delibera-n.1196-del-24-10-2022-allegato-a_SENESE_2.txt,Autorita giudiziaria,Polizia Giudiziaria
09_SENESE Delibera-n.1196-del-24-10-2022-allegato-a_SENESE_2.txt,Autorita giudiziaria,Pronto Soccorso
09_SENESE Delibera-n.1196-del-24-10-2022-allegato-a_SENESE_2.txt,Autorita giudiziaria,Questura
09_SENESE Delibera-n.1196-del-24-10-2022-allegato-a_SENESE_2.txt,Autorita giudiziaria,Referenti Aziendali
09_SENESE Delibera-n.1196-del-24-10-2022-allegato-a_SENESE_2.txt,Autorita giudiziaria,Regione Toscana
09_SENESE Delibera-n.1196-del-24-10-2022-allegato-a_SENESE_2.txt,Autorita giudiziaria,Rete Regionale Codice Rosa
09_SENESE Delibera-n.1196-del-24-10-2022-allegato-a_SENESE_2.txt,Autorita giudiziaria,SSR
09_SENESE Delibera-n.1196-del-24-10-2022-allegato-a_SENESE_2.txt,Autorita giudiziaria,Unità Operativa
09_SENESE Delibera-n.1196-del-24-10-2022-allegato-a_SENESE_2.txt,Azienda USL 9 di Grosseto,Aziende Sanitarie
09_SENESE Delibera-n.1196-del-24-10-2022-allegato-a_SENESE_2.txt,Azienda USL 9 di Grosseto,Aziende sanitarie toscane
09_SENESE Delibera-n.1196-del-24-10-2022-allegato-a_SENESE_2.txt,Azienda USL 9 di Grosseto,Comitato Regionale
09_SENESE Delibera-n.1196-del-24-10-2022-allegato-a_SENESE_2.txt,Azienda USL 9 di Grosseto,Comitato di Area Vasta
09_SENESE Delibera-n.1196-del-24-10-2022-allegato-a_SENESE_2.txt,Azienda USL 9 di Grosseto,Comunita di tipo familiare
09_SENESE Delibera-n.1196-del-24-10-2022-allegato-a_SENESE_2.txt,Azienda USL 9 di Grosseto,Consultorio
09_SENESE Delibera-n.1196-del-24-10-2022-allegato-a_SENESE_2.txt,Azienda USL 9 di Grosseto,Direzione Diritti di cittadinanza e coesione sociale
09_SENESE Delibera-n.1196-del-24-10-2022-allegato-a_SENESE_2.txt,Azienda USL 9 di Grosseto,Giudice tutelare
09_SENESE Delibera-n.1196-del-24-10-2022-allegato-a_SENESE_2.txt,Azienda USL 9 di Grosseto,Gruppo di lavoro Tavolo Privacy di Regione Toscana
09_SENESE Delibera-n.1196-del-24-10-2022-allegato-a_SENESE_2.txt,Azienda USL 9 di Grosseto,Istituto di assistenza pubblico privato
09_SENESE Delibera-n.1196-del-24-10-2022-allegato-a_SENESE_2.txt,Azienda USL 9 di Grosseto,Polizia Giudiziaria
09_SENESE Delibera-n.1196-del-24-10-2022-allegato-a_SENESE_2.txt,Azienda USL 9 di Grosseto,Pronto Soccorso
09_SENESE Delibera-n.1196-del-24-10-2022-allegato-a_SENESE_2.txt,Azienda USL 9 di Grosseto,Questura
09_SENESE Delibera-n.1196-del-24-10-2022-allegato-a_SENESE_2.txt,Azienda USL 9 di Grosseto,Referenti Aziendali
09_SENESE Delibera-n.1196-del-24-10-2022-allegato-a_SENESE_2.txt,Azienda USL 9 di Grosseto,Regione Toscana
09_SENESE Delibera-n.1196-del-24-10-2022-allegato-a_SENESE_2.txt,Azienda USL 9 di Grosseto,Rete Regionale Codice Rosa
09_SENESE Delibera-n.1196-del-24-10-2022-allegato-a_SENESE_2.txt,Azienda USL 9 di Grosseto,SSR
09_SENESE Delibera-n.1196-del-24-10-2022-allegato-a_SENESE_2.txt,Azienda USL 9 di Grosseto,Unità Operativa
09_SENESE Delibera-n.1196-del-24-10-2022-allegato-a_SENESE_2.txt,Aziende Sanitarie,Aziende sanitarie toscane
09_SENESE Delibera-n.1196-del-24-10-2022-allegato-a_SENESE_2.txt,Aziende Sanitarie,Comitato Regionale
09_SENESE Delibera-n.1196-del-24-10-2022-allegato-a_SENESE_2.txt,Aziende Sanitarie,Comitato di Area Vasta
09_SENESE Delibera-n.1196-del-24-10-2022-allegato-a_SENESE_2.txt,Aziende Sanitarie,Comunita di tipo familiare
09_SENESE Delibera-n.1196-del-24-10-2022-allegato-a_SENESE_2.txt,Aziende Sanitarie,Consultorio
09_SENESE Delibera-n.1196-del-24-10-2022-allegato-a_SENESE_2.txt,Aziende Sanitarie,Direzione Diritti di cittadinanza e coesione sociale
09_SENESE Delibera-n.1196-del-24-10-2022-allegato-a_SENESE_2.txt,Aziende Sanitarie,Giudice tutelare
09_SENESE Delibera-n.1196-del-24-10-2022-allegato-a_SENESE_2.txt,Aziende Sanitarie,Gruppo di lavoro Tavolo Privacy di Regione Toscana
09_SENESE Delibera-n.1196-del-24-10-2022-allegato-a_SENESE_2.txt,Aziende Sanitarie,Istituto di assistenza pubblico privato
09_SENESE Delibera-n.1196-del-24-10-2022-allegato-a_SENESE_2.txt,Aziende Sanitarie,Polizia Giudiziaria
09_SENESE Delibera-n.1196-del-24-10-2022-allegato-a_SENESE_2.txt,Aziende Sanitarie,Pronto Soccorso
09_SENESE Delibera-n.1196-del-24-10-2022-allegato-a_SENESE_2.txt,Aziende Sanitarie,Questura
09_SENESE Delibera-n.1196-del-24-10-2022-allegato-a_SENESE_2.txt,Aziende Sanitarie,Referenti Aziendali
09_SENESE Delibera-n.1196-del-24-10-2022-allegato-a_SENESE_2.txt,Aziende Sanitarie,Regione Toscana
09_SENESE Delibera-n.1196-del-24-10-2022-allegato-a_SENESE_2.txt,Aziende Sanitarie,Rete Regionale Codice Rosa
09_SENESE Delibera-n.1196-del-24-10-2022-allegato-a_SENESE_2.txt,Aziende Sanitarie,SSR
09_SENESE Delibera-n.1196-del-24-10-2022-allegato-a_SENESE_2.txt,Aziende Sanitarie,Unità Operativa
09_SENESE Delibera-n.1196-del-24-10-2022-allegato-a_SENESE_2.txt,Aziende sanitarie toscane,Comitato Regionale
09_SENESE Delibera-n.1196-del-24-10-2022-allegato-a_SENESE_2.txt,Aziende sanitarie toscane,Comitato di Area Vasta
09_SENESE Delibera-n.1196-del-24-10-2022-allegato-a_SENESE_2.txt,Aziende sanitarie toscane,Comunita di tipo familiare
09_SENESE Delibera-n.1196-del-24-10-2022-allegato-a_SENESE_2.txt,Aziende sanitarie toscane,Consultorio
09_SENESE Delibera-n.1196-del-24-10-2022-allegato-a_SENESE_2.txt,Aziende sanitarie toscane,Direzione Diritti di cittadinanza e coesione sociale
09_SENESE Delibera-n.1196-del-24-10-2022-allegato-a_SENESE_2.txt,Aziende sanitarie toscane,Giudice tutelare
09_SENESE Delibera-n.1196-del-24-10-2022-allegato-a_SENESE_2.txt,Aziende sanitarie toscane,Gruppo di lavoro Tavolo Privacy di Regione Toscana
09_SENESE Delibera-n.1196-del-24-10-2022-allegato-a_SENESE_2.txt,Aziende sanitarie toscane,Istituto di assistenza pubblico privato
09_SENESE Delibera-n.1196-del-24-10-2022-allegato-a_SENESE_2.txt,Aziende sanitarie toscane,Polizia Giudiziaria
09_SENESE Delibera-n.1196-del-24-10-2022-allegato-a_SENESE_2.txt,Aziende sanitarie toscane,Pronto Soccorso
09_SENESE Delibera-n.1196-del-24-10-2022-allegato-a_SENESE_2.txt,Aziende sanitarie toscane,Questura
09_SENESE Delibera-n.1196-del-24-10-2022-allegato-a_SENESE_2.txt,Aziende sanitarie toscane,Referenti Aziendali
09_SENESE Delibera-n.1196-del-24-10-2022-allegato-a_SENESE_2.txt,Aziende sanitarie toscane,Regione Toscana
09_SENESE Delibera-n.1196-del-24-10-2022-allegato-a_SENESE_2.txt,Aziende sanitarie toscane,Rete Regionale Codice Rosa
09_SENESE Delibera-n.1196-del-24-10-2022-allegato-a_SENESE_2.txt,Aziende sanitarie toscane,SSR
09_SENESE Delibera-n.1196-del-24-10-2022-allegato-a_SENESE_2.txt,Aziende sanitarie toscane,Unità Operativa
09_SENESE Delibera-n.1196-del-24-10-2022-allegato-a_SENESE_2.txt,Comitato Regionale,Comitato di Area Vasta
09_SENESE Delibera-n.1196-del-24-10-2022-allegato-a_SENESE_2.txt,Comitato Regionale,Comunita di tipo familiare
09_SENESE Delibera-n.1196-del-24-10-2022-allegato-a_SENESE_2.txt,Comitato Regionale,Consultorio
09_SENESE Delibera-n.1196-del-24-10-2022-allegato-a_SENESE_2.txt,Comitato Regionale,Direzione Diritti di cittadinanza e coesione sociale
09_SENESE Delibera-n.1196-del-24-10-2022-allegato-a_SENESE_2.txt,Comitato Regionale,Giudice tutelare
09_SENESE Delibera-n.1196-del-24-10-2022-allegato-a_SENESE_2.txt,Comitato Regionale,Gruppo di lavoro Tavolo Privacy di Regione Toscana
09_SENESE Delibera-n.1196-del-24-10-2022-allegato-a_SENESE_2.txt,Comitato Regionale,Istituto di assistenza pubblico privato
09_SENESE Delibera-n.1196-del-24-10-2022-allegato-a_SENESE_2.txt,Comitato Regionale,Polizia Giudiziaria
09_SENESE Delibera-n.1196-del-24-10-2022-allegato-a_SENESE_2.txt,Comitato Regionale,Pronto Soccorso
09_SENESE Delibera-n.1196-del-24-10-2022-allegato-a_SENESE_2.txt,Comitato Regionale,Questura
09_SENESE Delibera-n.1196-del-24-10-2022-allegato-a_SENESE_2.txt,Comitato Regionale,Referenti Aziendali
09_SENESE Delibera-n.1196-del-24-10-2022-allegato-a_SENESE_2.txt,Comitato Regionale,Regione Toscana
09_SENESE Delibera-n.1196-del-24-10-2022-allegato-a_SENESE_2.txt,Comitato Regionale,Rete Regionale Codice Rosa
09_SENESE Delibera-n.1196-del-24-10-2022-allegato-a_SENESE_2.txt,Comitato Regionale,SSR
09_SENESE Delibera-n.1196-del-24-10-2022-allegato-a_SENESE_2.txt,Comitato Regionale,Unità Operativa
09_SENESE Delibera-n.1196-del-24-10-2022-allegato-a_SENESE_2.txt,Comitato di Area Vasta,Comunita di tipo familiare
09_SENESE Delibera-n.1196-del-24-10-2022-allegato-a_SENESE_2.txt,Comitato di Area Vasta,Consultorio
09_SENESE Delibera-n.1196-del-24-10-2022-allegato-a_SENESE_2.txt,Comitato di Area Vasta,Direzione Diritti di cittadinanza e coesione sociale
09_SENESE Delibera-n.1196-del-24-10-2022-allegato-a_SENESE_2.txt,Comitato di Area Vasta,Giudice tutelare
09_SENESE Delibera-n.1196-del-24-10-2022-allegato-a_SENESE_2.txt,Comitato di Area Vasta,Gruppo di lavoro Tavolo Privacy di Regione Toscana
09_SENESE Delibera-n.1196-del-24-10-2022-allegato-a_SENESE_2.txt,Comitato di Area Vasta,Istituto di assistenza pubblico privato
09_SENESE Delibera-n.1196-del-24-10-2022-allegato-a_SENESE_2.txt,Comitato di Area Vasta,Polizia Giudiziaria
09_SENESE Delibera-n.1196-del-24-10-2022-allegato-a_SENESE_2.txt,Comitato di Area Vasta,Pronto Soccorso
09_SENESE Delibera-n.1196-del-24-10-2022-allegato-a_SENESE_2.txt,Comitato di Area Vasta,Questura
09_SENESE Delibera-n.1196-del-24-10-2022-allegato-a_SENESE_2.txt,Comitato di Area Vasta,Referenti Aziendali
09_SENESE Delibera-n.1196-del-24-10-2022-allegato-a_SENESE_2.txt,Comitato di Area Vasta,Regione Toscana
09_SENESE Delibera-n.1196-del-24-10-2022-allegato-a_SENESE_2.txt,Comitato di Area Vasta,Rete Regionale Codice Rosa
09_SENESE Delibera-n.1196-del-24-10-2022-allegato-a_SENESE_2.txt,Comitato di Area Vasta,SSR
09_SENESE Delibera-n.1196-del-24-10-2022-allegato-a_SENESE_2.txt,Comitato di Area Vasta,Unità Operativa
09_SENESE Delibera-n.1196-del-24-10-2022-allegato-a_SENESE_2.txt,Comunita di tipo familiare,Consultorio
09_SENESE Delibera-n.1196-del-24-10-2022-allegato-a_SENESE_2.txt,Comunita di tipo familiare,Direzione Diritti di cittadinanza e coesione sociale
09_SENESE Delibera-n.1196-del-24-10-2022-allegato-a_SENESE_2.txt,Comunita di tipo familiare,Giudice tutelare
09_SENESE Delibera-n.1196-del-24-10-2022-allegato-a_SENESE_2.txt,Comunita di tipo familiare,Gruppo di lavoro Tavolo Privacy di Regione Toscana
09_SENESE Delibera-n.1196-del-24-10-2022-allegato-a_SENESE_2.txt,Comunita di tipo familiare,Istituto di assistenza pubblico privato
09_SENESE Delibera-n.1196-del-24-10-2022-allegato-a_SENESE_2.txt,Comunita di tipo familiare,Polizia Giudiziaria
09_SENESE Delibera-n.1196-del-24-10-2022-allegato-a_SENESE_2.txt,Comunita di tipo familiare,Pronto Soccorso
09_SENESE Delibera-n.1196-del-24-10-2022-allegato-a_SENESE_2.txt,Comunita di tipo familiare,Questura
09_SENESE Delibera-n.1196-del-24-10-2022-allegato-a_SENESE_2.txt,Comunita di tipo familiare,Referenti Aziendali
09_SENESE Delibera-n.1196-del-24-10-2022-allegato-a_SENESE_2.txt,Comunita di tipo familiare,Regione Toscana
09_SENESE Delibera-n.1196-del-24-10-2022-allegato-a_SENESE_2.txt,Comunita di tipo familiare,Rete Regionale Codice Rosa
09_SENESE Delibera-n.1196-del-24-10-2022-allegato-a_SENESE_2.txt,Comunita di tipo familiare,SSR
09_SENESE Delibera-n.1196-del-24-10-2022-allegato-a_SENESE_2.txt,Comunita di tipo familiare,Unità Operativa
09_SENESE Delibera-n.1196-del-24-10-2022-allegato-a_SENESE_2.txt,Consultorio,Direzione Diritti di cittadinanza e coesione sociale
09_SENESE Delibera-n.1196-del-24-10-2022-allegato-a_SENESE_2.txt,Consultorio,Giudice tutelare
09_SENESE Delibera-n.1196-del-24-10-2022-allegato-a_SENESE_2.txt,Consultorio,Gruppo di lavoro Tavolo Privacy di Regione Toscana
09_SENESE Delibera-n.1196-del-24-10-2022-allegato-a_SENESE_2.txt,Consultorio,Istituto di assistenza pubblico privato
09_SENESE Delibera-n.1196-del-24-10-2022-allegato-a_SENESE_2.txt,Consultorio,Polizia Giudiziaria
09_SENESE Delibera-n.1196-del-24-10-2022-allegato-a_SENESE_2.txt,Consultorio,Pronto Soccorso
09_SENESE Delibera-n.1196-del-24-10-2022-allegato-a_SENESE_2.txt,Consultorio,Questura
09_SENESE Delibera-n.1196-del-24-10-2022-allegato-a_SENESE_2.txt,Consultorio,Referenti Aziendali
09_SENESE Delibera-n.1196-del-24-10-2022-allegato-a_SENESE_2.txt,Consultorio,Regione Toscana
09_SENESE Delibera-n.1196-del-24-10-2022-allegato-a_SENESE_2.txt,Consultorio,Rete Regionale Codice Rosa
09_SENESE Delibera-n.1196-del-24-10-2022-allegato-a_SENESE_2.txt,Consultorio,SSR
09_SENESE Delibera-n.1196-del-24-10-2022-allegato-a_SENESE_2.txt,Consultorio,Unità Operativa
09_SENESE Delibera-n.1196-del-24-10-2022-allegato-a_SENESE_2.txt,Direzione Diritti di cittadinanza e coesione sociale,Giudice tutelare
09_SENESE Delibera-n.1196-del-24-10-2022-allegato-a_SENESE_2.txt,Direzione Diritti di cittadinanza e coesione sociale,Gruppo di lavoro Tavolo Privacy di Regione Toscana
09_SENESE Delibera-n.1196-del-24-10-2022-allegato-a_SENESE_2.txt,Direzione Diritti di cittadinanza e coesione sociale,Istituto di assistenza pubblico privato
09_SENESE Delibera-n.1196-del-24-10-2022-allegato-a_SENESE_2.txt,Direzione Diritti di cittadinanza e coesione sociale,Polizia Giudiziaria
09_SENESE Delibera-n.1196-del-24-10-2022-allegato-a_SENESE_2.txt,Direzione Diritti di cittadinanza e coesione sociale,Pronto Soccorso
09_SENESE Delibera-n.1196-del-24-10-2022-allegato-a_SENESE_2.txt,Direzione Diritti di cittadinanza e coesione sociale,Questura
09_SENESE Delibera-n.1196-del-24-10-2022-allegato-a_SENESE_2.txt,Direzione Diritti di cittadinanza e coesione sociale,Referenti Aziendali
09_SENESE Delibera-n.1196-del-24-10-2022-allegato-a_SENESE_2.txt,Direzione Diritti di cittadinanza e coesione sociale,Regione Toscana
09_SENESE Delibera-n.1196-del-24-10-2022-allegato-a_SENESE_2.txt,Direzione Diritti di cittadinanza e coesione sociale,Rete Regionale Codice Rosa
09_SENESE Delibera-n.1196-del-24-10-2022-allegato-a_SENESE_2.txt,Direzione Diritti di cittadinanza e coesione sociale,SSR
09_SENESE Delibera-n.1196-del-24-10-2022-allegato-a_SENESE_2.txt,Direzione Diritti di cittadinanza e coesione sociale,Unità Operativa
09_SENESE Delibera-n.1196-del-24-10-2022-allegato-a_SENESE_2.txt,Giudice tutelare,Gruppo di lavoro Tavolo Privacy di Regione Toscana
09_SENESE Delibera-n.1196-del-24-10-2022-allegato-a_SENESE_2.txt,Giudice tutelare,Istituto di assistenza pubblico privato
09_SENESE Delibera-n.1196-del-24-10-2022-allegato-a_SENESE_2.txt,Giudice tutelare,Polizia Giudiziaria
09_SENESE Delibera-n.1196-del-24-10-2022-allegato-a_SENESE_2.txt,Giudice tutelare,Pronto Soccorso
09_SENESE Delibera-n.1196-del-24-10-2022-allegato-a_SENESE_2.txt,Giudice tutelare,Questura
09_SENESE Delibera-n.1196-del-24-10-2022-allegato-a_SENESE_2.txt,Giudice tutelare,Referenti Aziendali
09_SENESE Delibera-n.1196-del-24-10-2022-allegato-a_SENESE_2.txt,Giudice tutelare,Regione Toscana
09_SENESE Delibera-n.1196-del-24-10-2022-allegato-a_SENESE_2.txt,Giudice tutelare,Rete Regionale Codice Rosa
09_SENESE Delibera-n.1196-del-24-10-2022-allegato-a_SENESE_2.txt,Giudice tutelare,SSR
09_SENESE Delibera-n.1196-del-24-10-2022-allegato-a_SENESE_2.txt,Giudice tutelare,Unità Operativa
09_SENESE Delibera-n.1196-del-24-10-2022-allegato-a_SENESE_2.txt,Gruppo di lavoro Tavolo Privacy di Regione Toscana,Istituto di assistenza pubblico privato
09_SENESE Delibera-n.1196-del-24-10-2022-allegato-a_SENESE_2.txt,Gruppo di lavoro Tavolo Privacy di Regione Toscana,Polizia Giudiziaria
09_SENESE Delibera-n.1196-del-24-10-2022-allegato-a_SENESE_2.txt,Gruppo di lavoro Tavolo Privacy di Regione Toscana,Pronto Soccorso
09_SENESE Delibera-n.1196-del-24-10-2022-allegato-a_SENESE_2.txt,Gruppo di lavoro Tavolo Privacy di Regione Toscana,Questura
09_SENESE Delibera-n.1196-del-24-10-2022-allegato-a_SENESE_2.txt,Gruppo di lavoro Tavolo Privacy di Regione Toscana,Referenti Aziendali
09_SENESE Delibera-n.1196-del-24-10-2022-allegato-a_SENESE_2.txt,Gruppo di lavoro Tavolo Privacy di Regione Toscana,Regione Toscana
09_SENESE Delibera-n.1196-del-24-10-2022-allegato-a_SENESE_2.txt,Gruppo di lavoro Tavolo Privacy di Regione Toscana,Rete Regionale Codice Rosa
09_SENESE Delibera-n.1196-del-24-10-2022-allegato-a_SENESE_2.txt,Gruppo di lavoro Tavolo Privacy di Regione Toscana,SSR
09_SENESE Delibera-n.1196-del-24-10-2022-allegato-a_SENESE_2.txt,Gruppo di lavoro Tavolo Privacy di Regione Toscana,Unità Operativa
09_SENESE Delibera-n.1196-del-24-10-2022-allegato-a_SENESE_2.txt,Istituto di assistenza pubblico privato,Polizia Giudiziaria
09_SENESE Delibera-n.1196-del-24-10-2022-allegato-a_SENESE_2.txt,Istituto di assistenza pubblico privato,Pronto Soccorso
09_SENESE Delibera-n.1196-del-24-10-2022-allegato-a_SENESE_2.txt,Istituto di assistenza pubblico privato,Questura
09_SENESE Delibera-n.1196-del-24-10-2022-allegato-a_SENESE_2.txt,Istituto di assistenza pubblico privato,Referenti Aziendali
09_SENESE Delibera-n.1196-del-24-10-2022-allegato-a_SENESE_2.txt,Istituto di assistenza pubblico privato,Regione Toscana
09_SENESE Delibera-n.1196-del-24-10-2022-allegato-a_SENESE_2.txt,Istituto di assistenza pubblico privato,Rete Regionale Codice Rosa
09_SENESE Delibera-n.1196-del-24-10-2022-allegato-a_SENESE_2.txt,Istituto di assistenza pubblico privato,SSR
09_SENESE Delibera-n.1196-del-24-10-2022-allegato-a_SENESE_2.txt,Istituto di assistenza pubblico privato,Unità Operativa
09_SENESE Delibera-n.1196-del-24-10-2022-allegato-a_SENESE_2.txt,Polizia Giudiziaria,Pronto Soccorso
09_SENESE Delibera-n.1196-del-24-10-2022-allegato-a_SENESE_2.txt,Polizia Giudiziaria,Questura
09_SENESE Delibera-n.1196-del-24-10-2022-allegato-a_SENESE_2.txt,Polizia Giudiziaria,Referenti Aziendali
09_SENESE Delibera-n.1196-del-24-10-2022-allegato-a_SENESE_2.txt,Polizia Giudiziaria,Regione Toscana
09_SENESE Delibera-n.1196-del-24-10-2022-allegato-a_SENESE_2.txt,Polizia Giudiziaria,Rete Regionale Codice Rosa
09_SENESE Delibera-n.1196-del-24-10-2022-allegato-a_SENESE_2.txt,Polizia Giudiziaria,SSR
09_SENESE Delibera-n.1196-del-24-10-2022-allegato-a_SENESE_2.txt,Polizia Giudiziaria,Unità Operativa
09_SENESE Delibera-n.1196-del-24-10-2022-allegato-a_SENESE_2.txt,Pronto Soccorso,Questura
09_SENESE Delibera-n.1196-del-24-10-2022-allegato-a_SENESE_2.txt,Pronto Soccorso,Referenti Aziendali
09_SENESE Delibera-n.1196-del-24-10-2022-allegato-a_SENESE_2.txt,Pronto Soccorso,Regione Toscana
09_SENESE Delibera-n.1196-del-24-10-2022-allegato-a_SENESE_2.txt,Pronto Soccorso,Rete Regionale Codice Rosa
09_SENESE Delibera-n.1196-del-24-10-2022-allegato-a_SENESE_2.txt,Pronto Soccorso,SSR
09_SENESE Delibera-n.1196-del-24-10-2022-allegato-a_SENESE_2.txt,Pronto Soccorso,Unità Operativa
09_SENESE Delibera-n.1196-del-24-10-2022-allegato-a_SENESE_2.txt,Questura,Referenti Aziendali
09_SENESE Delibera-n.1196-del-24-10-2022-allegato-a_SENESE_2.txt,Questura,Regione Toscana
09_SENESE Delibera-n.1196-del-24-10-2022-allegato-a_SENESE_2.txt,Questura,Rete Regionale Codice Rosa
09_SENESE Delibera-n.1196-del-24-10-2022-allegato-a_SENESE_2.txt,Questura,SSR
09_SENESE Delibera-n.1196-del-24-10-2022-allegato-a_SENESE_2.txt,Questura,Unità Operativa
09_SENESE Delibera-n.1196-del-24-10-2022-allegato-a_SENESE_2.txt,Referenti Aziendali,Regione Toscana
09_SENESE Delibera-n.1196-del-24-10-2022-allegato-a_SENESE_2.txt,Referenti Aziendali,Rete Regionale Codice Rosa
09_SENESE Delibera-n.1196-del-24-10-2022-allegato-a_SENESE_2.txt,Referenti Aziendali,SSR
09_SENESE Delibera-n.1196-del-24-10-2022-allegato-a_SENESE_2.txt,Referenti Aziendali,Unità Operativa
09_SENESE Delibera-n.1196-del-24-10-2022-allegato-a_SENESE_2.txt,Regione Toscana,Rete Regionale Codice Rosa
09_SENESE Delibera-n.1196-del-24-10-2022-allegato-a_SENESE_2.txt,Regione Toscana,SSR
09_SENESE Delibera-n.1196-del-24-10-2022-allegato-a_SENESE_2.txt,Regione Toscana,Unità Operativa
09_SENESE Delibera-n.1196-del-24-10-2022-allegato-a_SENESE_2.txt,Rete Regionale Codice Rosa,SSR
09_SENESE Delibera-n.1196-del-24-10-2022-allegato-a_SENESE_2.txt,Rete Regionale Codice Rosa,Unità Operativa
09_SENESE Delibera-n.1196-del-24-10-2022-allegato-a_SENESE_2.txt,SSR,Unità Operativa
09_FIRENZE Linee-di-indirizzo2024.txt,Autorita giudiziaria,CAM Centro Uomini Maltrattanti
09_FIRENZE Linee-di-indirizzo2024.txt,Autorita giudiziaria,Centro Antiviolenza Associazione Artemisia APS
09_FIRENZE Linee-di-indirizzo2024.txt,Autorita giudiziaria,Centro antiviolenza Artemisia
09_FIRENZE Linee-di-indirizzo2024.txt,Autorita giudiziaria,Città Metropolitana di Firenze
09_FIRENZE Linee-di-indirizzo2024.txt,Autorita giudiziaria,Codice Rosa
09_FIRENZE Linee-di-indirizzo2024.txt,Autorita giudiziaria,Comune di Barberino del Mugello
09_FIRENZE Linee-di-indirizzo2024.txt,Autorita giudiziaria,Comune di Borgo San Lorenzo
09_FIRENZE Linee-di-indirizzo2024.txt,Autorita giudiziaria,Comune di Campi Bisenzio
09_FIRENZE Linee-di-indirizzo2024.txt,Autorita giudiziaria,Comune di Figline e Incisa Valdarno
09_FIRENZE Linee-di-indirizzo2024.txt,Autorita giudiziaria,Comune di Firenze
09_FIRENZE Linee-di-indirizzo2024.txt,Autorita giudiziaria,Comune di Firenze: Area Tutela Valery
09_FIRENZE Linee-di-indirizzo2024.txt,Autorita giudiziaria,Comune di Firenze: Servizi sociali
09_FIRENZE Linee-di-indirizzo2024.txt,Autorita giudiziaria,Comune di Lastra a Signa
09_FIRENZE Linee-di-indirizzo2024.txt,Autorita giudiziaria,Comune di Pontassieve
09_FIRENZE Linee-di-indirizzo2024.txt,Autorita giudiziaria,Comune di San Casciano Val di Pesa
09_FIRENZE Linee-di-indirizzo2024.txt,Autorita giudiziaria,Comune di Scandicci
09_FIRENZE Linee-di-indirizzo2024.txt,Autorita giudiziaria,Comune di Sesto Fiorentino
09_FIRENZE Linee-di-indirizzo2024.txt,Autorita giudiziaria,Comune di Tavarnelle Val di Pesa
09_FIRENZE Linee-di-indirizzo2024.txt,Autorita giudiziaria,European Society Stress Traumatic Studies
09_FIRENZE Linee-di-indirizzo2024.txt,Autorita giudiziaria,Fiorentina Nord Ovest: Codice Rosa
09_FIRENZE Linee-di-indirizzo2024.txt,Autorita giudiziaria,Fiorentina Nord Ovest: Servizi sociali
09_FIRENZE Linee-di-indirizzo2024.txt,Autorita giudiziaria,Fiorentina Sud Est: Codice Rosa
09_FIRENZE Linee-di-indirizzo2024.txt,Autorita giudiziaria,Fiorentina Sud Est: Servizi sociali
09_FIRENZE Linee-di-indirizzo2024.txt,Autorita giudiziaria,Mugello: Codice Rosa
09_FIRENZE Linee-di-indirizzo2024.txt,Autorita giudiziaria,Mugello: Servizi sociali
09_FIRENZE Linee-di-indirizzo2024.txt,Autorita giudiziaria,OMS
09_FIRENZE Linee-di-indirizzo2024.txt,Autorita giudiziaria,Presidente del Tribunale
09_FIRENZE Linee-di-indirizzo2024.txt,Autorita giudiziaria,Procura minorile
09_FIRENZE Linee-di-indirizzo2024.txt,Autorita giudiziaria,Quartiere 5 del Comune di Firenze
09_FIRENZE Linee-di-indirizzo2024.txt,Autorita giudiziaria,Referente Emergenza Sociale (RES) di zona
09_FIRENZE Linee-di-indirizzo2024.txt,Autorita giudiziaria,Società della Salute Fiorentina Nord Ovest
09_FIRENZE Linee-di-indirizzo2024.txt,Autorita giudiziaria,Società della Salute Fiorentina Sud Est
09_FIRENZE Linee-di-indirizzo2024.txt,Autorita giudiziaria,Società della Salute Firenze
09_FIRENZE Linee-di-indirizzo2024.txt,Autorita giudiziaria,Società della Salute Mugello
09_FIRENZE Linee-di-indirizzo2024.txt,Autorita giudiziaria,Tribunale Ordinario
09_FIRENZE Linee-di-indirizzo2024.txt,CAM Centro Uomini Maltrattanti,Centro Antiviolenza Associazione Artemisia APS
09_FIRENZE Linee-di-indirizzo2024.txt,CAM Centro Uomini Maltrattanti,Centro antiviolenza Artemisia
09_FIRENZE Linee-di-indirizzo2024.txt,CAM Centro Uomini Maltrattanti,Città Metropolitana di Firenze
09_FIRENZE Linee-di-indirizzo2024.txt,CAM Centro Uomini Maltrattanti,Codice Rosa
09_FIRENZE Linee-di-indirizzo2024.txt,CAM Centro Uomini Maltrattanti,Comune di Barberino del Mugello
09_FIRENZE Linee-di-indirizzo2024.txt,CAM Centro Uomini Maltrattanti,Comune di Borgo San Lorenzo
09_FIRENZE Linee-di-indirizzo2024.txt,CAM Centro Uomini Maltrattanti,Comune di Campi Bisenzio
09_FIRENZE Linee-di-indirizzo2024.txt,CAM Centro Uomini Maltrattanti,Comune di Figline e Incisa Valdarno
09_FIRENZE Linee-di-indirizzo2024.txt,CAM Centro Uomini Maltrattanti,Comune di Firenze
09_FIRENZE Linee-di-indirizzo2024.txt,CAM Centro Uomini Maltrattanti,Comune di Firenze: Area Tutela Valery
09_FIRENZE Linee-di-indirizzo2024.txt,CAM Centro Uomini Maltrattanti,Comune di Firenze: Servizi sociali
09_FIRENZE Linee-di-indirizzo2024.txt,CAM Centro Uomini Maltrattanti,Comune di Lastra a Signa
09_FIRENZE Linee-di-indirizzo2024.txt,CAM Centro Uomini Maltrattanti,Comune di Pontassieve
09_FIRENZE Linee-di-indirizzo2024.txt,CAM Centro Uomini Maltrattanti,Comune di San Casciano Val di Pesa
09_FIRENZE Linee-di-indirizzo2024.txt,CAM Centro Uomini Maltrattanti,Comune di Scandicci
09_FIRENZE Linee-di-indirizzo2024.txt,CAM Centro Uomini Maltrattanti,Comune di Sesto Fiorentino
09_FIRENZE Linee-di-indirizzo2024.txt,CAM Centro Uomini Maltrattanti,Comune di Tavarnelle Val di Pesa
09_FIRENZE Linee-di-indirizzo2024.txt,CAM Centro Uomini Maltrattanti,European Society Stress Traumatic Studies
09_FIRENZE Linee-di-indirizzo2024.txt,CAM Centro Uomini Maltrattanti,Fiorentina Nord Ovest: Codice Rosa
09_FIRENZE Linee-di-indirizzo2024.txt,CAM Centro Uomini Maltrattanti,Fiorentina Nord Ovest: Servizi sociali
09_FIRENZE Linee-di-indirizzo2024.txt,CAM Centro Uomini Maltrattanti,Fiorentina Sud Est: Codice Rosa
09_FIRENZE Linee-di-indirizzo2024.txt,CAM Centro Uomini Maltrattanti,Fiorentina Sud Est: Servizi sociali
09_FIRENZE Linee-di-indirizzo2024.txt,CAM Centro Uomini Maltrattanti,Mugello: Codice Rosa
09_FIRENZE Linee-di-indirizzo2024.txt,CAM Centro Uomini Maltrattanti,Mugello: Servizi sociali
09_FIRENZE Linee-di-indirizzo2024.txt,CAM Centro Uomini Maltrattanti,OMS
09_FIRENZE Linee-di-indirizzo2024.txt,CAM Centro Uomini Maltrattanti,Presidente del Tribunale
09_FIRENZE Linee-di-indirizzo2024.txt,CAM Centro Uomini Maltrattanti,Procura minorile
09_FIRENZE Linee-di-indirizzo2024.txt,CAM Centro Uomini Maltrattanti,Quartiere 5 del Comune di Firenze
09_FIRENZE Linee-di-indirizzo2024.txt,CAM Centro Uomini Maltrattanti,Referente Emergenza Sociale (RES) di zona
09_FIRENZE Linee-di-indirizzo2024.txt,CAM Centro Uomini Maltrattanti,Società della Salute Fiorentina Nord Ovest
09_FIRENZE Linee-di-indirizzo2024.txt,CAM Centro Uomini Maltrattanti,Società della Salute Fiorentina Sud Est
09_FIRENZE Linee-di-indirizzo2024.txt,CAM Centro Uomini Maltrattanti,Società della Salute Firenze
09_FIRENZE Linee-di-indirizzo2024.txt,CAM Centro Uomini Maltrattanti,Società della Salute Mugello
09_FIRENZE Linee-di-indirizzo2024.txt,CAM Centro Uomini Maltrattanti,Tribunale Ordinario
09_FIRENZE Linee-di-indirizzo2024.txt,Centro Antiviolenza Associazione Artemisia APS,Centro antiviolenza Artemisia
09_FIRENZE Linee-di-indirizzo2024.txt,Centro Antiviolenza Associazione Artemisia APS,Città Metropolitana di Firenze
09_FIRENZE Linee-di-indirizzo2024.txt,Centro Antiviolenza Associazione Artemisia APS,Codice Rosa
09_FIRENZE Linee-di-indirizzo2024.txt,Centro Antiviolenza Associazione Artemisia APS,Comune di Barberino del Mugello
09_FIRENZE Linee-di-indirizzo2024.txt,Centro Antiviolenza Associazione Artemisia APS,Comune di Borgo San Lorenzo
09_FIRENZE Linee-di-indirizzo2024.txt,Centro Antiviolenza Associazione Artemisia APS,Comune di Campi Bisenzio
09_FIRENZE Linee-di-indirizzo2024.txt,Centro Antiviolenza Associazione Artemisia APS,Comune di Figline e Incisa Valdarno
09_FIRENZE Linee-di-indirizzo2024.txt,Centro Antiviolenza Associazione Artemisia APS,Comune di Firenze
09_FIRENZE Linee-di-indirizzo2024.txt,Centro Antiviolenza Associazione Artemisia APS,Comune di Firenze: Area Tutela Valery
09_FIRENZE Linee-di-indirizzo2024.txt,Centro Antiviolenza Associazione Artemisia APS,Comune di Firenze: Servizi sociali
09_FIRENZE Linee-di-indirizzo2024.txt,Centro Antiviolenza Associazione Artemisia APS,Comune di Lastra a Signa
09_FIRENZE Linee-di-indirizzo2024.txt,Centro Antiviolenza Associazione Artemisia APS,Comune di Pontassieve
09_FIRENZE Linee-di-indirizzo2024.txt,Centro Antiviolenza Associazione Artemisia APS,Comune di San Casciano Val di Pesa
09_FIRENZE Linee-di-indirizzo2024.txt,Centro Antiviolenza Associazione Artemisia APS,Comune di Scandicci
09_FIRENZE Linee-di-indirizzo2024.txt,Centro Antiviolenza Associazione Artemisia APS,Comune di Sesto Fiorentino
09_FIRENZE Linee-di-indirizzo2024.txt,Centro Antiviolenza Associazione Artemisia APS,Comune di Tavarnelle Val di Pesa
09_FIRENZE Linee-di-indirizzo2024.txt,Centro Antiviolenza Associazione Artemisia APS,European Society Stress Traumatic Studies
09_FIRENZE Linee-di-indirizzo2024.txt,Centro Antiviolenza Associazione Artemisia APS,Fiorentina Nord Ovest: Codice Rosa
09_FIRENZE Linee-di-indirizzo2024.txt,Centro Antiviolenza Associazione Artemisia APS,Fiorentina Nord Ovest: Servizi sociali
09_FIRENZE Linee-di-indirizzo2024.txt,Centro Antiviolenza Associazione Artemisia APS,Fiorentina Sud Est: Codice Rosa
09_FIRENZE Linee-di-indirizzo2024.txt,Centro Antiviolenza Associazione Artemisia APS,Fiorentina Sud Est: Servizi sociali
09_FIRENZE Linee-di-indirizzo2024.txt,Centro Antiviolenza Associazione Artemisia APS,Mugello: Codice Rosa
09_FIRENZE Linee-di-indirizzo2024.txt,Centro Antiviolenza Associazione Artemisia APS,Mugello: Servizi sociali
09_FIRENZE Linee-di-indirizzo2024.txt,Centro Antiviolenza Associazione Artemisia APS,OMS
09_FIRENZE Linee-di-indirizzo2024.txt,Centro Antiviolenza Associazione Artemisia APS,Presidente del Tribunale
09_FIRENZE Linee-di-indirizzo2024.txt,Centro Antiviolenza Associazione Artemisia APS,Procura minorile
09_FIRENZE Linee-di-indirizzo2024.txt,Centro Antiviolenza Associazione Artemisia APS,Quartiere 5 del Comune di Firenze
09_FIRENZE Linee-di-indirizzo2024.txt,Centro Antiviolenza Associazione Artemisia APS,Referente Emergenza Sociale (RES) di zona
09_FIRENZE Linee-di-indirizzo2024.txt,Centro Antiviolenza Associazione Artemisia APS,Società della Salute Fiorentina Nord Ovest
09_FIRENZE Linee-di-indirizzo2024.txt,Centro Antiviolenza Associazione Artemisia APS,Società della Salute Fiorentina Sud Est
09_FIRENZE Linee-di-indirizzo2024.txt,Centro Antiviolenza Associazione Artemisia APS,Società della Salute Firenze
09_FIRENZE Linee-di-indirizzo2024.txt,Centro Antiviolenza Associazione Artemisia APS,Società della Salute Mugello
09_FIRENZE Linee-di-indirizzo2024.txt,Centro Antiviolenza Associazione Artemisia APS,Tribunale Ordinario
09_FIRENZE Linee-di-indirizzo2024.txt,Centro antiviolenza Artemisia,Città Metropolitana di Firenze
09_FIRENZE Linee-di-indirizzo2024.txt,Centro antiviolenza Artemisia,Codice Rosa
09_FIRENZE Linee-di-indirizzo2024.txt,Centro antiviolenza Artemisia,Comune di Barberino del Mugello
09_FIRENZE Linee-di-indirizzo2024.txt,Centro antiviolenza Artemisia,Comune di Borgo San Lorenzo
09_FIRENZE Linee-di-indirizzo2024.txt,Centro antiviolenza Artemisia,Comune di Campi Bisenzio
09_FIRENZE Linee-di-indirizzo2024.txt,Centro antiviolenza Artemisia,Comune di Figline e Incisa Valdarno
09_FIRENZE Linee-di-indirizzo2024.txt,Centro antiviolenza Artemisia,Comune di Firenze
09_FIRENZE Linee-di-indirizzo2024.txt,Centro antiviolenza Artemisia,Comune di Firenze: Area Tutela Valery
09_FIRENZE Linee-di-indirizzo2024.txt,Centro antiviolenza Artemisia,Comune di Firenze: Servizi sociali
09_FIRENZE Linee-di-indirizzo2024.txt,Centro antiviolenza Artemisia,Comune di Lastra a Signa
09_FIRENZE Linee-di-indirizzo2024.txt,Centro antiviolenza Artemisia,Comune di Pontassieve
09_FIRENZE Linee-di-indirizzo2024.txt,Centro antiviolenza Artemisia,Comune di San Casciano Val di Pesa
09_FIRENZE Linee-di-indirizzo2024.txt,Centro antiviolenza Artemisia,Comune di Scandicci
09_FIRENZE Linee-di-indirizzo2024.txt,Centro antiviolenza Artemisia,Comune di Sesto Fiorentino
09_FIRENZE Linee-di-indirizzo2024.txt,Centro antiviolenza Artemisia,Comune di Tavarnelle Val di Pesa
09_FIRENZE Linee-di-indirizzo2024.txt,Centro antiviolenza Artemisia,European Society Stress Traumatic Studies
09_FIRENZE Linee-di-indirizzo2024.txt,Centro antiviolenza Artemisia,Fiorentina Nord Ovest: Codice Rosa
09_FIRENZE Linee-di-indirizzo2024.txt,Centro antiviolenza Artemisia,Fiorentina Nord Ovest: Servizi sociali
09_FIRENZE Linee-di-indirizzo2024.txt,Centro antiviolenza Artemisia,Fiorentina Sud Est: Codice Rosa
09_FIRENZE Linee-di-indirizzo2024.txt,Centro antiviolenza Artemisia,Fiorentina Sud Est: Servizi sociali
09_FIRENZE Linee-di-indirizzo2024.txt,Centro antiviolenza Artemisia,Mugello: Codice Rosa
09_FIRENZE Linee-di-indirizzo2024.txt,Centro antiviolenza Artemisia,Mugello: Servizi sociali
09_FIRENZE Linee-di-indirizzo2024.txt,Centro antiviolenza Artemisia,OMS
09_FIRENZE Linee-di-indirizzo2024.txt,Centro antiviolenza Artemisia,Presidente del Tribunale
09_FIRENZE Linee-di-indirizzo2024.txt,Centro antiviolenza Artemisia,Procura minorile
09_FIRENZE Linee-di-indirizzo2024.txt,Centro antiviolenza Artemisia,Quartiere 5 del Comune di Firenze
09_FIRENZE Linee-di-indirizzo2024.txt,Centro antiviolenza Artemisia,Referente Emergenza Sociale (RES) di zona
09_FIRENZE Linee-di-indirizzo2024.txt,Centro antiviolenza Artemisia,Società della Salute Fiorentina Nord Ovest
09_FIRENZE Linee-di-indirizzo2024.txt,Centro antiviolenza Artemisia,Società della Salute Fiorentina Sud Est
09_FIRENZE Linee-di-indirizzo2024.txt,Centro antiviolenza Artemisia,Società della Salute Firenze
09_FIRENZE Linee-di-indirizzo2024.txt,Centro antiviolenza Artemisia,Società della Salute Mugello
09_FIRENZE Linee-di-indirizzo2024.txt,Centro antiviolenza Artemisia,Tribunale Ordinario
09_FIRENZE Linee-di-indirizzo2024.txt,Città Metropolitana di Firenze,Codice Rosa
09_FIRENZE Linee-di-indirizzo2024.txt,Città Metropolitana di Firenze,Comune di Barberino del Mugello
09_FIRENZE Linee-di-indirizzo2024.txt,Città Metropolitana di Firenze,Comune di Borgo San Lorenzo
09_FIRENZE Linee-di-indirizzo2024.txt,Città Metropolitana di Firenze,Comune di Campi Bisenzio
09_FIRENZE Linee-di-indirizzo2024.txt,Città Metropolitana di Firenze,Comune di Figline e Incisa Valdarno
09_FIRENZE Linee-di-indirizzo2024.txt,Città Metropolitana di Firenze,Comune di Firenze
09_FIRENZE Linee-di-indirizzo2024.txt,Città Metropolitana di Firenze,Comune di Firenze: Area Tutela Valery
09_FIRENZE Linee-di-indirizzo2024.txt,Città Metropolitana di Firenze,Comune di Firenze: Servizi sociali
09_FIRENZE Linee-di-indirizzo2024.txt,Città Metropolitana di Firenze,Comune di Lastra a Signa
09_FIRENZE Linee-di-indirizzo2024.txt,Città Metropolitana di Firenze,Comune di Pontassieve
09_FIRENZE Linee-di-indirizzo2024.txt,Città Metropolitana di Firenze,Comune di San Casciano Val di Pesa
09_FIRENZE Linee-di-indirizzo2024.txt,Città Metropolitana di Firenze,Comune di Scandicci
09_FIRENZE Linee-di-indirizzo2024.txt,Città Metropolitana di Firenze,Comune di Sesto Fiorentino
09_FIRENZE Linee-di-indirizzo2024.txt,Città Metropolitana di Firenze,Comune di Tavarnelle Val di Pesa
09_FIRENZE Linee-di-indirizzo2024.txt,Città Metropolitana di Firenze,European Society Stress Traumatic Studies
09_FIRENZE Linee-di-indirizzo2024.txt,Città Metropolitana di Firenze,Fiorentina Nord Ovest: Codice Rosa
09_FIRENZE Linee-di-indirizzo2024.txt,Città Metropolitana di Firenze,Fiorentina Nord Ovest: Servizi sociali
09_FIRENZE Linee-di-indirizzo2024.txt,Città Metropolitana di Firenze,Fiorentina Sud Est: Codice Rosa
09_FIRENZE Linee-di-indirizzo2024.txt,Città Metropolitana di Firenze,Fiorentina Sud Est: Servizi sociali
09_FIRENZE Linee-di-indirizzo2024.txt,Città Metropolitana di Firenze,Mugello: Codice Rosa
09_FIRENZE Linee-di-indirizzo2024.txt,Città Metropolitana di Firenze,Mugello: Servizi sociali
09_FIRENZE Linee-di-indirizzo2024.txt,Città Metropolitana di Firenze,OMS
09_FIRENZE Linee-di-indirizzo2024.txt,Città Metropolitana di Firenze,Presidente del Tribunale
09_FIRENZE Linee-di-indirizzo2024.txt,Città Metropolitana di Firenze,Procura minorile
09_FIRENZE Linee-di-indirizzo2024.txt,Città Metropolitana di Firenze,Quartiere 5 del Comune di Firenze
09_FIRENZE Linee-di-indirizzo2024.txt,Città Metropolitana di Firenze,Referente Emergenza Sociale (RES) di zona
09_FIRENZE Linee-di-indirizzo2024.txt,Città Metropolitana di Firenze,Società della Salute Fiorentina Nord Ovest
09_FIRENZE Linee-di-indirizzo2024.txt,Città Metropolitana di Firenze,Società della Salute Fiorentina Sud Est
09_FIRENZE Linee-di-indirizzo2024.txt,Città Metropolitana di Firenze,Società della Salute Firenze
09_FIRENZE Linee-di-indirizzo2024.txt,Città Metropolitana di Firenze,Società della Salute Mugello
09_FIRENZE Linee-di-indirizzo2024.txt,Città Metropolitana di Firenze,Tribunale Ordinario
09_FIRENZE Linee-di-indirizzo2024.txt,Codice Rosa,Comune di Barberino del Mugello
09_FIRENZE Linee-di-indirizzo2024.txt,Codice Rosa,Comune di Borgo San Lorenzo
09_FIRENZE Linee-di-indirizzo2024.txt,Codice Rosa,Comune di Campi Bisenzio
09_FIRENZE Linee-di-indirizzo2024.txt,Codice Rosa,Comune di Figline e Incisa Valdarno
09_FIRENZE Linee-di-indirizzo2024.txt,Codice Rosa,Comune di Firenze
09_FIRENZE Linee-di-indirizzo2024.txt,Codice Rosa,Comune di Firenze: Area Tutela Valery
09_FIRENZE Linee-di-indirizzo2024.txt,Codice Rosa,Comune di Firenze: Servizi sociali
09_FIRENZE Linee-di-indirizzo2024.txt,Codice Rosa,Comune di Lastra a Signa
09_FIRENZE Linee-di-indirizzo2024.txt,Codice Rosa,Comune di Pontassieve
09_FIRENZE Linee-di-indirizzo2024.txt,Codice Rosa,Comune di San Casciano Val di Pesa
09_FIRENZE Linee-di-indirizzo2024.txt,Codice Rosa,Comune di Scandicci
09_FIRENZE Linee-di-indirizzo2024.txt,Codice Rosa,Comune di Sesto Fiorentino
09_FIRENZE Linee-di-indirizzo2024.txt,Codice Rosa,Comune di Tavarnelle Val di Pesa
09_FIRENZE Linee-di-indirizzo2024.txt,Codice Rosa,European Society Stress Traumatic Studies
09_FIRENZE Linee-di-indirizzo2024.txt,Codice Rosa,Fiorentina Nord Ovest: Codice Rosa
09_FIRENZE Linee-di-indirizzo2024.txt,Codice Rosa,Fiorentina Nord Ovest: Servizi sociali
09_FIRENZE Linee-di-indirizzo2024.txt,Codice Rosa,Fiorentina Sud Est: Codice Rosa
09_FIRENZE Linee-di-indirizzo2024.txt,Codice Rosa,Fiorentina Sud Est: Servizi sociali
09_FIRENZE Linee-di-indirizzo2024.txt,Codice Rosa,Mugello: Codice Rosa
09_FIRENZE Linee-di-indirizzo2024.txt,Codice Rosa,Mugello: Servizi sociali
09_FIRENZE Linee-di-indirizzo2024.txt,Codice Rosa,OMS
09_FIRENZE Linee-di-indirizzo2024.txt,Codice Rosa,Presidente del Tribunale
09_FIRENZE Linee-di-indirizzo2024.txt,Codice Rosa,Procura minorile
09_FIRENZE Linee-di-indirizzo2024.txt,Codice Rosa,Quartiere 5 del Comune di Firenze
09_FIRENZE Linee-di-indirizzo2024.txt,Codice Rosa,Referente Emergenza Sociale (RES) di zona
09_FIRENZE Linee-di-indirizzo2024.txt,Codice Rosa,Società della Salute Fiorentina Nord Ovest
09_FIRENZE Linee-di-indirizzo2024.txt,Codice Rosa,Società della Salute Fiorentina Sud Est
09_FIRENZE Linee-di-indirizzo2024.txt,Codice Rosa,Società della Salute Firenze
09_FIRENZE Linee-di-indirizzo2024.txt,Codice Rosa,Società della Salute Mugello
09_FIRENZE Linee-di-indirizzo2024.txt,Codice Rosa,Tribunale Ordinario
09_FIRENZE Linee-di-indirizzo2024.txt,Comune di Barberino del Mugello,Comune di Borgo San Lorenzo
09_FIRENZE Linee-di-indirizzo2024.txt,Comune di Barberino del Mugello,Comune di Campi Bisenzio
09_FIRENZE Linee-di-indirizzo2024.txt,Comune di Barberino del Mugello,Comune di Figline e Incisa Valdarno
09_FIRENZE Linee-di-indirizzo2024.txt,Comune di Barberino del Mugello,Comune di Firenze
09_FIRENZE Linee-di-indirizzo2024.txt,Comune di Barberino del Mugello,Comune di Firenze: Area Tutela Valery
09_FIRENZE Linee-di-indirizzo2024.txt,Comune di Barberino del Mugello,Comune di Firenze: Servizi sociali
09_FIRENZE Linee-di-indirizzo2024.txt,Comune di Barberino del Mugello,Comune di Lastra a Signa
09_FIRENZE Linee-di-indirizzo2024.txt,Comune di Barberino del Mugello,Comune di Pontassieve
09_FIRENZE Linee-di-indirizzo2024.txt,Comune di Barberino del Mugello,Comune di San Casciano Val di Pesa
09_FIRENZE Linee-di-indirizzo2024.txt,Comune di Barberino del Mugello,Comune di Scandicci
09_FIRENZE Linee-di-indirizzo2024.txt,Comune di Barberino del Mugello,Comune di Sesto Fiorentino
09_FIRENZE Linee-di-indirizzo2024.txt,Comune di Barberino del Mugello,Comune di Tavarnelle Val di Pesa
09_FIRENZE Linee-di-indirizzo2024.txt,Comune di Barberino del Mugello,European Society Stress Traumatic Studies
09_FIRENZE Linee-di-indirizzo2024.txt,Comune di Barberino del Mugello,Fiorentina Nord Ovest: Codice Rosa
09_FIRENZE Linee-di-indirizzo2024.txt,Comune di Barberino del Mugello,Fiorentina Nord Ovest: Servizi sociali
09_FIRENZE Linee-di-indirizzo2024.txt,Comune di Barberino del Mugello,Fiorentina Sud Est: Codice Rosa
09_FIRENZE Linee-di-indirizzo2024.txt,Comune di Barberino del Mugello,Fiorentina Sud Est: Servizi sociali
09_FIRENZE Linee-di-indirizzo2024.txt,Comune di Barberino del Mugello,Mugello: Codice Rosa
09_FIRENZE Linee-di-indirizzo2024.txt,Comune di Barberino del Mugello,Mugello: Servizi sociali
09_FIRENZE Linee-di-indirizzo2024.txt,Comune di Barberino del Mugello,OMS
09_FIRENZE Linee-di-indirizzo2024.txt,Comune di Barberino del Mugello,Presidente del Tribunale
09_FIRENZE Linee-di-indirizzo2024.txt,Comune di Barberino del Mugello,Procura minorile
09_FIRENZE Linee-di-indirizzo2024.txt,Comune di Barberino del Mugello,Quartiere 5 del Comune di Firenze
09_FIRENZE Linee-di-indirizzo2024.txt,Comune di Barberino del Mugello,Referente Emergenza Sociale (RES) di zona
09_FIRENZE Linee-di-indirizzo2024.txt,Comune di Barberino del Mugello,Società della Salute Fiorentina Nord Ovest
09_FIRENZE Linee-di-indirizzo2024.txt,Comune di Barberino del Mugello,Società della Salute Fiorentina Sud Est
09_FIRENZE Linee-di-indirizzo2024.txt,Comune di Barberino del Mugello,Società della Salute Firenze
09_FIRENZE Linee-di-indirizzo2024.txt,Comune di Barberino del Mugello,Società della Salute Mugello
09_FIRENZE Linee-di-indirizzo2024.txt,Comune di Barberino del Mugello,Tribunale Ordinario
09_FIRENZE Linee-di-indirizzo2024.txt,Comune di Borgo San Lorenzo,Comune di Campi Bisenzio
09_FIRENZE Linee-di-indirizzo2024.txt,Comune di Borgo San Lorenzo,Comune di Figline e Incisa Valdarno
09_FIRENZE Linee-di-indirizzo2024.txt,Comune di Borgo San Lorenzo,Comune di Firenze
09_FIRENZE Linee-di-indirizzo2024.txt,Comune di Borgo San Lorenzo,Comune di Firenze: Area Tutela Valery
09_FIRENZE Linee-di-indirizzo2024.txt,Comune di Borgo San Lorenzo,Comune di Firenze: Servizi sociali
09_FIRENZE Linee-di-indirizzo2024.txt,Comune di Borgo San Lorenzo,Comune di Lastra a Signa
09_FIRENZE Linee-di-indirizzo2024.txt,Comune di Borgo San Lorenzo,Comune di Pontassieve
09_FIRENZE Linee-di-indirizzo2024.txt,Comune di Borgo San Lorenzo,Comune di San Casciano Val di Pesa
09_FIRENZE Linee-di-indirizzo2024.txt,Comune di Borgo San Lorenzo,Comune di Scandicci
09_FIRENZE Linee-di-indirizzo2024.txt,Comune di Borgo San Lorenzo,Comune di Sesto Fiorentino
09_FIRENZE Linee-di-indirizzo2024.txt,Comune di Borgo San Lorenzo,Comune di Tavarnelle Val di Pesa
09_FIRENZE Linee-di-indirizzo2024.txt,Comune di Borgo San Lorenzo,European Society Stress Traumatic Studies
09_FIRENZE Linee-di-indirizzo2024.txt,Comune di Borgo San Lorenzo,Fiorentina Nord Ovest: Codice Rosa
09_FIRENZE Linee-di-indirizzo2024.txt,Comune di Borgo San Lorenzo,Fiorentina Nord Ovest: Servizi sociali
09_FIRENZE Linee-di-indirizzo2024.txt,Comune di Borgo San Lorenzo,Fiorentina Sud Est: Codice Rosa
09_FIRENZE Linee-di-indirizzo2024.txt,Comune di Borgo San Lorenzo,Fiorentina Sud Est: Servizi sociali
09_FIRENZE Linee-di-indirizzo2024.txt,Comune di Borgo San Lorenzo,Mugello: Codice Rosa
09_FIRENZE Linee-di-indirizzo2024.txt,Comune di Borgo San Lorenzo,Mugello: Servizi sociali
09_FIRENZE Linee-di-indirizzo2024.txt,Comune di Borgo San Lorenzo,OMS
09_FIRENZE Linee-di-indirizzo2024.txt,Comune di Borgo San Lorenzo,Presidente del Tribunale
09_FIRENZE Linee-di-indirizzo2024.txt,Comune di Borgo San Lorenzo,Procura minorile
09_FIRENZE Linee-di-indirizzo2024.txt,Comune di Borgo San Lorenzo,Quartiere 5 del Comune di Firenze
09_FIRENZE Linee-di-indirizzo2024.txt,Comune di Borgo San Lorenzo,Referente Emergenza Sociale (RES) di zona
09_FIRENZE Linee-di-indirizzo2024.txt,Comune di Borgo San Lorenzo,Società della Salute Fiorentina Nord Ovest
09_FIRENZE Linee-di-indirizzo2024.txt,Comune di Borgo San Lorenzo,Società della Salute Fiorentina Sud Est
09_FIRENZE Linee-di-indirizzo2024.txt,Comune di Borgo San Lorenzo,Società della Salute Firenze
09_FIRENZE Linee-di-indirizzo2024.txt,Comune di Borgo San Lorenzo,Società della Salute Mugello
09_FIRENZE Linee-di-indirizzo2024.txt,Comune di Borgo San Lorenzo,Tribunale Ordinario
09_FIRENZE Linee-di-indirizzo2024.txt,Comune di Campi Bisenzio,Comune di Figline e Incisa Valdarno
09_FIRENZE Linee-di-indirizzo2024.txt,Comune di Campi Bisenzio,Comune di Firenze
09_FIRENZE Linee-di-indirizzo2024.txt,Comune di Campi Bisenzio,Comune di Firenze: Area Tutela Valery
09_FIRENZE Linee-di-indirizzo2024.txt,Comune di Campi Bisenzio,Comune di Firenze: Servizi sociali
09_FIRENZE Linee-di-indirizzo2024.txt,Comune di Campi Bisenzio,Comune di Lastra a Signa
09_FIRENZE Linee-di-indirizzo2024.txt,Comune di Campi Bisenzio,Comune di Pontassieve
09_FIRENZE Linee-di-indirizzo2024.txt,Comune di Campi Bisenzio,Comune di San Casciano Val di Pesa
09_FIRENZE Linee-di-indirizzo2024.txt,Comune di Campi Bisenzio,Comune di Scandicci
09_FIRENZE Linee-di-indirizzo2024.txt,Comune di Campi Bisenzio,Comune di Sesto Fiorentino
09_FIRENZE Linee-di-indirizzo2024.txt,Comune di Campi Bisenzio,Comune di Tavarnelle Val di Pesa
09_FIRENZE Linee-di-indirizzo2024.txt,Comune di Campi Bisenzio,European Society Stress Traumatic Studies
09_FIRENZE Linee-di-indirizzo2024.txt,Comune di Campi Bisenzio,Fiorentina Nord Ovest: Codice Rosa
09_FIRENZE Linee-di-indirizzo2024.txt,Comune di Campi Bisenzio,Fiorentina Nord Ovest: Servizi sociali
09_FIRENZE Linee-di-indirizzo2024.txt,Comune di Campi Bisenzio,Fiorentina Sud Est: Codice Rosa
09_FIRENZE Linee-di-indirizzo2024.txt,Comune di Campi Bisenzio,Fiorentina Sud Est: Servizi sociali
09_FIRENZE Linee-di-indirizzo2024.txt,Comune di Campi Bisenzio,Mugello: Codice Rosa
09_FIRENZE Linee-di-indirizzo2024.txt,Comune di Campi Bisenzio,Mugello: Servizi sociali
09_FIRENZE Linee-di-indirizzo2024.txt,Comune di Campi Bisenzio,OMS
09_FIRENZE Linee-di-indirizzo2024.txt,Comune di Campi Bisenzio,Presidente del Tribunale
09_FIRENZE Linee-di-indirizzo2024.txt,Comune di Campi Bisenzio,Procura minorile
09_FIRENZE Linee-di-indirizzo2024.txt,Comune di Campi Bisenzio,Quartiere 5 del Comune di Firenze
09_FIRENZE Linee-di-indirizzo2024.txt,Comune di Campi Bisenzio,Referente Emergenza Sociale (RES) di zona
09_FIRENZE Linee-di-indirizzo2024.txt,Comune di Campi Bisenzio,Società della Salute Fiorentina Nord Ovest
09_FIRENZE Linee-di-indirizzo2024.txt,Comune di Campi Bisenzio,Società della Salute Fiorentina Sud Est
09_FIRENZE Linee-di-indirizzo2024.txt,Comune di Campi Bisenzio,Società della Salute Firenze
09_FIRENZE Linee-di-indirizzo2024.txt,Comune di Campi Bisenzio,Società della Salute Mugello
09_FIRENZE Linee-di-indirizzo2024.txt,Comune di Campi Bisenzio,Tribunale Ordinario
09_FIRENZE Linee-di-indirizzo2024.txt,Comune di Figline e Incisa Valdarno,Comune di Firenze
09_FIRENZE Linee-di-indirizzo2024.txt,Comune di Figline e Incisa Valdarno,Comune di Firenze: Area Tutela Valery
09_FIRENZE Linee-di-indirizzo2024.txt,Comune di Figline e Incisa Valdarno,Comune di Firenze: Servizi sociali
09_FIRENZE Linee-di-indirizzo2024.txt,Comune di Figline e Incisa Valdarno,Comune di Lastra a Signa
09_FIRENZE Linee-di-indirizzo2024.txt,Comune di Figline e Incisa Valdarno,Comune di Pontassieve
09_FIRENZE Linee-di-indirizzo2024.txt,Comune di Figline e Incisa Valdarno,Comune di San Casciano Val di Pesa
09_FIRENZE Linee-di-indirizzo2024.txt,Comune di Figline e Incisa Valdarno,Comune di Scandicci
09_FIRENZE Linee-di-indirizzo2024.txt,Comune di Figline e Incisa Valdarno,Comune di Sesto Fiorentino
09_FIRENZE Linee-di-indirizzo2024.txt,Comune di Figline e Incisa Valdarno,Comune di Tavarnelle Val di Pesa
09_FIRENZE Linee-di-indirizzo2024.txt,Comune di Figline e Incisa Valdarno,European Society Stress Traumatic Studies
09_FIRENZE Linee-di-indirizzo2024.txt,Comune di Figline e Incisa Valdarno,Fiorentina Nord Ovest: Codice Rosa
09_FIRENZE Linee-di-indirizzo2024.txt,Comune di Figline e Incisa Valdarno,Fiorentina Nord Ovest: Servizi sociali
09_FIRENZE Linee-di-indirizzo2024.txt,Comune di Figline e Incisa Valdarno,Fiorentina Sud Est: Codice Rosa
09_FIRENZE Linee-di-indirizzo2024.txt,Comune di Figline e Incisa Valdarno,Fiorentina Sud Est: Servizi sociali
09_FIRENZE Linee-di-indirizzo2024.txt,Comune di Figline e Incisa Valdarno,Mugello: Codice Rosa
09_FIRENZE Linee-di-indirizzo2024.txt,Comune di Figline e Incisa Valdarno,Mugello: Servizi sociali
09_FIRENZE Linee-di-indirizzo2024.txt,Comune di Figline e Incisa Valdarno,OMS
09_FIRENZE Linee-di-indirizzo2024.txt,Comune di Figline e Incisa Valdarno,Presidente del Tribunale
09_FIRENZE Linee-di-indirizzo2024.txt,Comune di Figline e Incisa Valdarno,Procura minorile
09_FIRENZE Linee-di-indirizzo2024.txt,Comune di Figline e Incisa Valdarno,Quartiere 5 del Comune di Firenze
09_FIRENZE Linee-di-indirizzo2024.txt,Comune di Figline e Incisa Valdarno,Referente Emergenza Sociale (RES) di zona
09_FIRENZE Linee-di-indirizzo2024.txt,Comune di Figline e Incisa Valdarno,Società della Salute Fiorentina Nord Ovest
09_FIRENZE Linee-di-indirizzo2024.txt,Comune di Figline e Incisa Valdarno,Società della Salute Fiorentina Sud Est
09_FIRENZE Linee-di-indirizzo2024.txt,Comune di Figline e Incisa Valdarno,Società della Salute Firenze
09_FIRENZE Linee-di-indirizzo2024.txt,Comune di Figline e Incisa Valdarno,Società della Salute Mugello
09_FIRENZE Linee-di-indirizzo2024.txt,Comune di Figline e Incisa Valdarno,Tribunale Ordinario
09_FIRENZE Linee-di-indirizzo2024.txt,Comune di Firenze,Comune di Firenze: Area Tutela Valery
09_FIRENZE Linee-di-indirizzo2024.txt,Comune di Firenze,Comune di Firenze: Servizi sociali
09_FIRENZE Linee-di-indirizzo2024.txt,Comune di Firenze,Comune di Lastra a Signa
09_FIRENZE Linee-di-indirizzo2024.txt,Comune di Firenze,Comune di Pontassieve
09_FIRENZE Linee-di-indirizzo2024.txt,Comune di Firenze,Comune di San Casciano Val di Pesa
09_FIRENZE Linee-di-indirizzo2024.txt,Comune di Firenze,Comune di Scandicci
09_FIRENZE Linee-di-indirizzo2024.txt,Comune di Firenze,Comune di Sesto Fiorentino
09_FIRENZE Linee-di-indirizzo2024.txt,Comune di Firenze,Comune di Tavarnelle Val di Pesa
09_FIRENZE Linee-di-indirizzo2024.txt,Comune di Firenze,European Society Stress Traumatic Studies
09_FIRENZE Linee-di-indirizzo2024.txt,Comune di Firenze,Fiorentina Nord Ovest: Codice Rosa
09_FIRENZE Linee-di-indirizzo2024.txt,Comune di Firenze,Fiorentina Nord Ovest: Servizi sociali
09_FIRENZE Linee-di-indirizzo2024.txt,Comune di Firenze,Fiorentina Sud Est: Codice Rosa
09_FIRENZE Linee-di-indirizzo2024.txt,Comune di Firenze,Fiorentina Sud Est: Servizi sociali
09_FIRENZE Linee-di-indirizzo2024.txt,Comune di Firenze,Mugello: Codice Rosa
09_FIRENZE Linee-di-indirizzo2024.txt,Comune di Firenze,Mugello: Servizi sociali
09_FIRENZE Linee-di-indirizzo2024.txt,Comune di Firenze,OMS
09_FIRENZE Linee-di-indirizzo2024.txt,Comune di Firenze,Presidente del Tribunale
09_FIRENZE Linee-di-indirizzo2024.txt,Comune di Firenze,Procura minorile
09_FIRENZE Linee-di-indirizzo2024.txt,Comune di Firenze,Quartiere 5 del Comune di Firenze
09_FIRENZE Linee-di-indirizzo2024.txt,Comune di Firenze,Referente Emergenza Sociale (RES) di zona
09_FIRENZE Linee-di-indirizzo2024.txt,Comune di Firenze,Società della Salute Fiorentina Nord Ovest
09_FIRENZE Linee-di-indirizzo2024.txt,Comune di Firenze,Società della Salute Fiorentina Sud Est
09_FIRENZE Linee-di-indirizzo2024.txt,Comune di Firenze,Società della Salute Firenze
09_FIRENZE Linee-di-indirizzo2024.txt,Comune di Firenze,Società della Salute Mugello
09_FIRENZE Linee-di-indirizzo2024.txt,Comune di Firenze,Tribunale Ordinario
09_FIRENZE Linee-di-indirizzo2024.txt,Comune di Firenze: Area Tutela Valery,Comune di Firenze: Servizi sociali
09_FIRENZE Linee-di-indirizzo2024.txt,Comune di Firenze: Area Tutela Valery,Comune di Lastra a Signa
09_FIRENZE Linee-di-indirizzo2024.txt,Comune di Firenze: Area Tutela Valery,Comune di Pontassieve
09_FIRENZE Linee-di-indirizzo2024.txt,Comune di Firenze: Area Tutela Valery,Comune di San Casciano Val di Pesa
09_FIRENZE Linee-di-indirizzo2024.txt,Comune di Firenze: Area Tutela Valery,Comune di Scandicci
09_FIRENZE Linee-di-indirizzo2024.txt,Comune di Firenze: Area Tutela Valery,Comune di Sesto Fiorentino
09_FIRENZE Linee-di-indirizzo2024.txt,Comune di Firenze: Area Tutela Valery,Comune di Tavarnelle Val di Pesa
09_FIRENZE Linee-di-indirizzo2024.txt,Comune di Firenze: Area Tutela Valery,European Society Stress Traumatic Studies
09_FIRENZE Linee-di-indirizzo2024.txt,Comune di Firenze: Area Tutela Valery,Fiorentina Nord Ovest: Codice Rosa
09_FIRENZE Linee-di-indirizzo2024.txt,Comune di Firenze: Area Tutela Valery,Fiorentina Nord Ovest: Servizi sociali
09_FIRENZE Linee-di-indirizzo2024.txt,Comune di Firenze: Area Tutela Valery,Fiorentina Sud Est: Codice Rosa
09_FIRENZE Linee-di-indirizzo2024.txt,Comune di Firenze: Area Tutela Valery,Fiorentina Sud Est: Servizi sociali
09_FIRENZE Linee-di-indirizzo2024.txt,Comune di Firenze: Area Tutela Valery,Mugello: Codice Rosa
09_FIRENZE Linee-di-indirizzo2024.txt,Comune di Firenze: Area Tutela Valery,Mugello: Servizi sociali
09_FIRENZE Linee-di-indirizzo2024.txt,Comune di Firenze: Area Tutela Valery,OMS
09_FIRENZE Linee-di-indirizzo2024.txt,Comune di Firenze: Area Tutela Valery,Presidente del Tribunale
09_FIRENZE Linee-di-indirizzo2024.txt,Comune di Firenze: Area Tutela Valery,Procura minorile
09_FIRENZE Linee-di-indirizzo2024.txt,Comune di Firenze: Area Tutela Valery,Quartiere 5 del Comune di Firenze
09_FIRENZE Linee-di-indirizzo2024.txt,Comune di Firenze: Area Tutela Valery,Referente Emergenza Sociale (RES) di zona
09_FIRENZE Linee-di-indirizzo2024.txt,Comune di Firenze: Area Tutela Valery,Società della Salute Fiorentina Nord Ovest
09_FIRENZE Linee-di-indirizzo2024.txt,Comune di Firenze: Area Tutela Valery,Società della Salute Fiorentina Sud Est
09_FIRENZE Linee-di-indirizzo2024.txt,Comune di Firenze: Area Tutela Valery,Società della Salute Firenze
09_FIRENZE Linee-di-indirizzo2024.txt,Comune di Firenze: Area Tutela Valery,Società della Salute Mugello
09_FIRENZE Linee-di-indirizzo2024.txt,Comune di Firenze: Area Tutela Valery,Tribunale Ordinario
09_FIRENZE Linee-di-indirizzo2024.txt,Comune di Firenze: Servizi sociali,Comune di Lastra a Signa
09_FIRENZE Linee-di-indirizzo2024.txt,Comune di Firenze: Servizi sociali,Comune di Pontassieve
09_FIRENZE Linee-di-indirizzo2024.txt,Comune di Firenze: Servizi sociali,Comune di San Casciano Val di Pesa
09_FIRENZE Linee-di-indirizzo2024.txt,Comune di Firenze: Servizi sociali,Comune di Scandicci
09_FIRENZE Linee-di-indirizzo2024.txt,Comune di Firenze: Servizi sociali,Comune di Sesto Fiorentino
09_FIRENZE Linee-di-indirizzo2024.txt,Comune di Firenze: Servizi sociali,Comune di Tavarnelle Val di Pesa
09_FIRENZE Linee-di-indirizzo2024.txt,Comune di Firenze: Servizi sociali,European Society Stress Traumatic Studies
09_FIRENZE Linee-di-indirizzo2024.txt,Comune di Firenze: Servizi sociali,Fiorentina Nord Ovest: Codice Rosa
09_FIRENZE Linee-di-indirizzo2024.txt,Comune di Firenze: Servizi sociali,Fiorentina Nord Ovest: Servizi sociali
09_FIRENZE Linee-di-indirizzo2024.txt,Comune di Firenze: Servizi sociali,Fiorentina Sud Est: Codice Rosa
09_FIRENZE Linee-di-indirizzo2024.txt,Comune di Firenze: Servizi sociali,Fiorentina Sud Est: Servizi sociali
09_FIRENZE Linee-di-indirizzo2024.txt,Comune di Firenze: Servizi sociali,Mugello: Codice Rosa
09_FIRENZE Linee-di-indirizzo2024.txt,Comune di Firenze: Servizi sociali,Mugello: Servizi sociali
09_FIRENZE Linee-di-indirizzo2024.txt,Comune di Firenze: Servizi sociali,OMS
09_FIRENZE Linee-di-indirizzo2024.txt,Comune di Firenze: Servizi sociali,Presidente del Tribunale
09_FIRENZE Linee-di-indirizzo2024.txt,Comune di Firenze: Servizi sociali,Procura minorile
09_FIRENZE Linee-di-indirizzo2024.txt,Comune di Firenze: Servizi sociali,Quartiere 5 del Comune di Firenze
09_FIRENZE Linee-di-indirizzo2024.txt,Comune di Firenze: Servizi sociali,Referente Emergenza Sociale (RES) di zona
09_FIRENZE Linee-di-indirizzo2024.txt,Comune di Firenze: Servizi sociali,Società della Salute Fiorentina Nord Ovest
09_FIRENZE Linee-di-indirizzo2024.txt,Comune di Firenze: Servizi sociali,Società della Salute Fiorentina Sud Est
09_FIRENZE Linee-di-indirizzo2024.txt,Comune di Firenze: Servizi sociali,Società della Salute Firenze
09_FIRENZE Linee-di-indirizzo2024.txt,Comune di Firenze: Servizi sociali,Società della Salute Mugello
09_FIRENZE Linee-di-indirizzo2024.txt,Comune di Firenze: Servizi sociali,Tribunale Ordinario
09_FIRENZE Linee-di-indirizzo2024.txt,Comune di Lastra a Signa,Comune di Pontassieve
09_FIRENZE Linee-di-indirizzo2024.txt,Comune di Lastra a Signa,Comune di San Casciano Val di Pesa
09_FIRENZE Linee-di-indirizzo2024.txt,Comune di Lastra a Signa,Comune di Scandicci
09_FIRENZE Linee-di-indirizzo2024.txt,Comune di Lastra a Signa,Comune di Sesto Fiorentino
09_FIRENZE Linee-di-indirizzo2024.txt,Comune di Lastra a Signa,Comune di Tavarnelle Val di Pesa
09_FIRENZE Linee-di-indirizzo2024.txt,Comune di Lastra a Signa,European Society Stress Traumatic Studies
09_FIRENZE Linee-di-indirizzo2024.txt,Comune di Lastra a Signa,Fiorentina Nord Ovest: Codice Rosa
09_FIRENZE Linee-di-indirizzo2024.txt,Comune di Lastra a Signa,Fiorentina Nord Ovest: Servizi sociali
09_FIRENZE Linee-di-indirizzo2024.txt,Comune di Lastra a Signa,Fiorentina Sud Est: Codice Rosa
09_FIRENZE Linee-di-indirizzo2024.txt,Comune di Lastra a Signa,Fiorentina Sud Est: Servizi sociali
09_FIRENZE Linee-di-indirizzo2024.txt,Comune di Lastra a Signa,Mugello: Codice Rosa
09_FIRENZE Linee-di-indirizzo2024.txt,Comune di Lastra a Signa,Mugello: Servizi sociali
09_FIRENZE Linee-di-indirizzo2024.txt,Comune di Lastra a Signa,OMS
09_FIRENZE Linee-di-indirizzo2024.txt,Comune di Lastra a Signa,Presidente del Tribunale
09_FIRENZE Linee-di-indirizzo2024.txt,Comune di Lastra a Signa,Procura minorile
09_FIRENZE Linee-di-indirizzo2024.txt,Comune di Lastra a Signa,Quartiere 5 del Comune di Firenze
09_FIRENZE Linee-di-indirizzo2024.txt,Comune di Lastra a Signa,Referente Emergenza Sociale (RES) di zona
09_FIRENZE Linee-di-indirizzo2024.txt,Comune di Lastra a Signa,Società della Salute Fiorentina Nord Ovest
09_FIRENZE Linee-di-indirizzo2024.txt,Comune di Lastra a Signa,Società della Salute Fiorentina Sud Est
09_FIRENZE Linee-di-indirizzo2024.txt,Comune di Lastra a Signa,Società della Salute Firenze
09_FIRENZE Linee-di-indirizzo2024.txt,Comune di Lastra a Signa,Società della Salute Mugello
09_FIRENZE Linee-di-indirizzo2024.txt,Comune di Lastra a Signa,Tribunale Ordinario
09_FIRENZE Linee-di-indirizzo2024.txt,Comune di Pontassieve,Comune di San Casciano Val di Pesa
09_FIRENZE Linee-di-indirizzo2024.txt,Comune di Pontassieve,Comune di Scandicci
09_FIRENZE Linee-di-indirizzo2024.txt,Comune di Pontassieve,Comune di Sesto Fiorentino
09_FIRENZE Linee-di-indirizzo2024.txt,Comune di Pontassieve,Comune di Tavarnelle Val di Pesa
09_FIRENZE Linee-di-indirizzo2024.txt,Comune di Pontassieve,European Society Stress Traumatic Studies
09_FIRENZE Linee-di-indirizzo2024.txt,Comune di Pontassieve,Fiorentina Nord Ovest: Codice Rosa
09_FIRENZE Linee-di-indirizzo2024.txt,Comune di Pontassieve,Fiorentina Nord Ovest: Servizi sociali
09_FIRENZE Linee-di-indirizzo2024.txt,Comune di Pontassieve,Fiorentina Sud Est: Codice Rosa
09_FIRENZE Linee-di-indirizzo2024.txt,Comune di Pontassieve,Fiorentina Sud Est: Servizi sociali
09_FIRENZE Linee-di-indirizzo2024.txt,Comune di Pontassieve,Mugello: Codice Rosa
09_FIRENZE Linee-di-indirizzo2024.txt,Comune di Pontassieve,Mugello: Servizi sociali
09_FIRENZE Linee-di-indirizzo2024.txt,Comune di Pontassieve,OMS
09_FIRENZE Linee-di-indirizzo2024.txt,Comune di Pontassieve,Presidente del Tribunale
09_FIRENZE Linee-di-indirizzo2024.txt,Comune di Pontassieve,Procura minorile
09_FIRENZE Linee-di-indirizzo2024.txt,Comune di Pontassieve,Quartiere 5 del Comune di Firenze
09_FIRENZE Linee-di-indirizzo2024.txt,Comune di Pontassieve,Referente Emergenza Sociale (RES) di zona
09_FIRENZE Linee-di-indirizzo2024.txt,Comune di Pontassieve,Società della Salute Fiorentina Nord Ovest
09_FIRENZE Linee-di-indirizzo2024.txt,Comune di Pontassieve,Società della Salute Fiorentina Sud Est
09_FIRENZE Linee-di-indirizzo2024.txt,Comune di Pontassieve,Società della Salute Firenze
09_FIRENZE Linee-di-indirizzo2024.txt,Comune di Pontassieve,Società della Salute Mugello
09_FIRENZE Linee-di-indirizzo2024.txt,Comune di Pontassieve,Tribunale Ordinario
09_FIRENZE Linee-di-indirizzo2024.txt,Comune di San Casciano Val di Pesa,Comune di Scandicci
09_FIRENZE Linee-di-indirizzo2024.txt,Comune di San Casciano Val di Pesa,Comune di Sesto Fiorentino
09_FIRENZE Linee-di-indirizzo2024.txt,Comune di San Casciano Val di Pesa,Comune di Tavarnelle Val di Pesa
09_FIRENZE Linee-di-indirizzo2024.txt,Comune di San Casciano Val di Pesa,European Society Stress Traumatic Studies
09_FIRENZE Linee-di-indirizzo2024.txt,Comune di San Casciano Val di Pesa,Fiorentina Nord Ovest: Codice Rosa
09_FIRENZE Linee-di-indirizzo2024.txt,Comune di San Casciano Val di Pesa,Fiorentina Nord Ovest: Servizi sociali
09_FIRENZE Linee-di-indirizzo2024.txt,Comune di San Casciano Val di Pesa,Fiorentina Sud Est: Codice Rosa
09_FIRENZE Linee-di-indirizzo2024.txt,Comune di San Casciano Val di Pesa,Fiorentina Sud Est: Servizi sociali
09_FIRENZE Linee-di-indirizzo2024.txt,Comune di San Casciano Val di Pesa,Mugello: Codice Rosa
09_FIRENZE Linee-di-indirizzo2024.txt,Comune di San Casciano Val di Pesa,Mugello: Servizi sociali
09_FIRENZE Linee-di-indirizzo2024.txt,Comune di San Casciano Val di Pesa,OMS
09_FIRENZE Linee-di-indirizzo2024.txt,Comune di San Casciano Val di Pesa,Presidente del Tribunale
09_FIRENZE Linee-di-indirizzo2024.txt,Comune di San Casciano Val di Pesa,Procura minorile
09_FIRENZE Linee-di-indirizzo2024.txt,Comune di San Casciano Val di Pesa,Quartiere 5 del Comune di Firenze
09_FIRENZE Linee-di-indirizzo2024.txt,Comune di San Casciano Val di Pesa,Referente Emergenza Sociale (RES) di zona
09_FIRENZE Linee-di-indirizzo2024.txt,Comune di San Casciano Val di Pesa,Società della Salute Fiorentina Nord Ovest
09_FIRENZE Linee-di-indirizzo2024.txt,Comune di San Casciano Val di Pesa,Società della Salute Fiorentina Sud Est
09_FIRENZE Linee-di-indirizzo2024.txt,Comune di San Casciano Val di Pesa,Società della Salute Firenze
09_FIRENZE Linee-di-indirizzo2024.txt,Comune di San Casciano Val di Pesa,Società della Salute Mugello
09_FIRENZE Linee-di-indirizzo2024.txt,Comune di San Casciano Val di Pesa,Tribunale Ordinario
09_FIRENZE Linee-di-indirizzo2024.txt,Comune di Scandicci,Comune di Sesto Fiorentino
09_FIRENZE Linee-di-indirizzo2024.txt,Comune di Scandicci,Comune di Tavarnelle Val di Pesa
09_FIRENZE Linee-di-indirizzo2024.txt,Comune di Scandicci,European Society Stress Traumatic Studies
09_FIRENZE Linee-di-indirizzo2024.txt,Comune di Scandicci,Fiorentina Nord Ovest: Codice Rosa
09_FIRENZE Linee-di-indirizzo2024.txt,Comune di Scandicci,Fiorentina Nord Ovest: Servizi sociali
09_FIRENZE Linee-di-indirizzo2024.txt,Comune di Scandicci,Fiorentina Sud Est: Codice Rosa
09_FIRENZE Linee-di-indirizzo2024.txt,Comune di Scandicci,Fiorentina Sud Est: Servizi sociali
09_FIRENZE Linee-di-indirizzo2024.txt,Comune di Scandicci,Mugello: Codice Rosa
09_FIRENZE Linee-di-indirizzo2024.txt,Comune di Scandicci,Mugello: Servizi sociali
09_FIRENZE Linee-di-indirizzo2024.txt,Comune di Scandicci,OMS
09_FIRENZE Linee-di-indirizzo2024.txt,Comune di Scandicci,Presidente del Tribunale
09_FIRENZE Linee-di-indirizzo2024.txt,Comune di Scandicci,Procura minorile
09_FIRENZE Linee-di-indirizzo2024.txt,Comune di Scandicci,Quartiere 5 del Comune di Firenze
09_FIRENZE Linee-di-indirizzo2024.txt,Comune di Scandicci,Referente Emergenza Sociale (RES) di zona
09_FIRENZE Linee-di-indirizzo2024.txt,Comune di Scandicci,Società della Salute Fiorentina Nord Ovest
09_FIRENZE Linee-di-indirizzo2024.txt,Comune di Scandicci,Società della Salute Fiorentina Sud Est
09_FIRENZE Linee-di-indirizzo2024.txt,Comune di Scandicci,Società della Salute Firenze
09_FIRENZE Linee-di-indirizzo2024.txt,Comune di Scandicci,Società della Salute Mugello
09_FIRENZE Linee-di-indirizzo2024.txt,Comune di Scandicci,Tribunale Ordinario
09_FIRENZE Linee-di-indirizzo2024.txt,Comune di Sesto Fiorentino,Comune di Tavarnelle Val di Pesa
09_FIRENZE Linee-di-indirizzo2024.txt,Comune di Sesto Fiorentino,European Society Stress Traumatic Studies
09_FIRENZE Linee-di-indirizzo2024.txt,Comune di Sesto Fiorentino,Fiorentina Nord Ovest: Codice Rosa
09_FIRENZE Linee-di-indirizzo2024.txt,Comune di Sesto Fiorentino,Fiorentina Nord Ovest: Servizi sociali
09_FIRENZE Linee-di-indirizzo2024.txt,Comune di Sesto Fiorentino,Fiorentina Sud Est: Codice Rosa
09_FIRENZE Linee-di-indirizzo2024.txt,Comune di Sesto Fiorentino,Fiorentina Sud Est: Servizi sociali
09_FIRENZE Linee-di-indirizzo2024.txt,Comune di Sesto Fiorentino,Mugello: Codice Rosa
09_FIRENZE Linee-di-indirizzo2024.txt,Comune di Sesto Fiorentino,Mugello: Servizi sociali
09_FIRENZE Linee-di-indirizzo2024.txt,Comune di Sesto Fiorentino,OMS
09_FIRENZE Linee-di-indirizzo2024.txt,Comune di Sesto Fiorentino,Presidente del Tribunale
09_FIRENZE Linee-di-indirizzo2024.txt,Comune di Sesto Fiorentino,Procura minorile
09_FIRENZE Linee-di-indirizzo2024.txt,Comune di Sesto Fiorentino,Quartiere 5 del Comune di Firenze
09_FIRENZE Linee-di-indirizzo2024.txt,Comune di Sesto Fiorentino,Referente Emergenza Sociale (RES) di zona
09_FIRENZE Linee-di-indirizzo2024.txt,Comune di Sesto Fiorentino,Società della Salute Fiorentina Nord Ovest
09_FIRENZE Linee-di-indirizzo2024.txt,Comune di Sesto Fiorentino,Società della Salute Fiorentina Sud Est
09_FIRENZE Linee-di-indirizzo2024.txt,Comune di Sesto Fiorentino,Società della Salute Firenze
09_FIRENZE Linee-di-indirizzo2024.txt,Comune di Sesto Fiorentino,Società della Salute Mugello
09_FIRENZE Linee-di-indirizzo2024.txt,Comune di Sesto Fiorentino,Tribunale Ordinario
09_FIRENZE Linee-di-indirizzo2024.txt,Comune di Tavarnelle Val di Pesa,European Society Stress Traumatic Studies
09_FIRENZE Linee-di-indirizzo2024.txt,Comune di Tavarnelle Val di Pesa,Fiorentina Nord Ovest: Codice Rosa
09_FIRENZE Linee-di-indirizzo2024.txt,Comune di Tavarnelle Val di Pesa,Fiorentina Nord Ovest: Servizi sociali
09_FIRENZE Linee-di-indirizzo2024.txt,Comune di Tavarnelle Val di Pesa,Fiorentina Sud Est: Codice Rosa
09_FIRENZE Linee-di-indirizzo2024.txt,Comune di Tavarnelle Val di Pesa,Fiorentina Sud Est: Servizi sociali
09_FIRENZE Linee-di-indirizzo2024.txt,Comune di Tavarnelle Val di Pesa,Mugello: Codice Rosa
09_FIRENZE Linee-di-indirizzo2024.txt,Comune di Tavarnelle Val di Pesa,Mugello: Servizi sociali
09_FIRENZE Linee-di-indirizzo2024.txt,Comune di Tavarnelle Val di Pesa,OMS
09_FIRENZE Linee-di-indirizzo2024.txt,Comune di Tavarnelle Val di Pesa,Presidente del Tribunale
09_FIRENZE Linee-di-indirizzo2024.txt,Comune di Tavarnelle Val di Pesa,Procura minorile
09_FIRENZE Linee-di-indirizzo2024.txt,Comune di Tavarnelle Val di Pesa,Quartiere 5 del Comune di Firenze
09_FIRENZE Linee-di-indirizzo2024.txt,Comune di Tavarnelle Val di Pesa,Referente Emergenza Sociale (RES) di zona
09_FIRENZE Linee-di-indirizzo2024.txt,Comune di Tavarnelle Val di Pesa,Società della Salute Fiorentina Nord Ovest
09_FIRENZE Linee-di-indirizzo2024.txt,Comune di Tavarnelle Val di Pesa,Società della Salute Fiorentina Sud Est
09_FIRENZE Linee-di-indirizzo2024.txt,Comune di Tavarnelle Val di Pesa,Società della Salute Firenze
09_FIRENZE Linee-di-indirizzo2024.txt,Comune di Tavarnelle Val di Pesa,Società della Salute Mugello
09_FIRENZE Linee-di-indirizzo2024.txt,Comune di Tavarnelle Val di Pesa,Tribunale Ordinario
09_FIRENZE Linee-di-indirizzo2024.txt,European Society Stress Traumatic Studies,Fiorentina Nord Ovest: Codice Rosa
09_FIRENZE Linee-di-indirizzo2024.txt,European Society Stress Traumatic Studies,Fiorentina Nord Ovest: Servizi sociali
09_FIRENZE Linee-di-indirizzo2024.txt,European Society Stress Traumatic Studies,Fiorentina Sud Est: Codice Rosa
09_FIRENZE Linee-di-indirizzo2024.txt,European Society Stress Traumatic Studies,Fiorentina Sud Est: Servizi sociali
09_FIRENZE Linee-di-indirizzo2024.txt,European Society Stress Traumatic Studies,Mugello: Codice Rosa
09_FIRENZE Linee-di-indirizzo2024.txt,European Society Stress Traumatic Studies,Mugello: Servizi sociali
09_FIRENZE Linee-di-indirizzo2024.txt,European Society Stress Traumatic Studies,OMS
09_FIRENZE Linee-di-indirizzo2024.txt,European Society Stress Traumatic Studies,Presidente del Tribunale
09_FIRENZE Linee-di-indirizzo2024.txt,European Society Stress Traumatic Studies,Procura minorile
09_FIRENZE Linee-di-indirizzo2024.txt,European Society Stress Traumatic Studies,Quartiere 5 del Comune di Firenze
09_FIRENZE Linee-di-indirizzo2024.txt,European Society Stress Traumatic Studies,Referente Emergenza Sociale (RES) di zona
09_FIRENZE Linee-di-indirizzo2024.txt,European Society Stress Traumatic Studies,Società della Salute Fiorentina Nord Ovest
09_FIRENZE Linee-di-indirizzo2024.txt,European Society Stress Traumatic Studies,Società della Salute Fiorentina Sud Est
09_FIRENZE Linee-di-indirizzo2024.txt,European Society Stress Traumatic Studies,Società della Salute Firenze
09_FIRENZE Linee-di-indirizzo2024.txt,European Society Stress Traumatic Studies,Società della Salute Mugello
09_FIRENZE Linee-di-indirizzo2024.txt,European Society Stress Traumatic Studies,Tribunale Ordinario
09_FIRENZE Linee-di-indirizzo2024.txt,Fiorentina Nord Ovest: Codice Rosa,Fiorentina Nord Ovest: Servizi sociali
09_FIRENZE Linee-di-indirizzo2024.txt,Fiorentina Nord Ovest: Codice Rosa,Fiorentina Sud Est: Codice Rosa
09_FIRENZE Linee-di-indirizzo2024.txt,Fiorentina Nord Ovest: Codice Rosa,Fiorentina Sud Est: Servizi sociali
09_FIRENZE Linee-di-indirizzo2024.txt,Fiorentina Nord Ovest: Codice Rosa,Mugello: Codice Rosa
09_FIRENZE Linee-di-indirizzo2024.txt,Fiorentina Nord Ovest: Codice Rosa,Mugello: Servizi sociali
09_FIRENZE Linee-di-indirizzo2024.txt,Fiorentina Nord Ovest: Codice Rosa,OMS
09_FIRENZE Linee-di-indirizzo2024.txt,Fiorentina Nord Ovest: Codice Rosa,Presidente del Tribunale
09_FIRENZE Linee-di-indirizzo2024.txt,Fiorentina Nord Ovest: Codice Rosa,Procura minorile
09_FIRENZE Linee-di-indirizzo2024.txt,Fiorentina Nord Ovest: Codice Rosa,Quartiere 5 del Comune di Firenze
09_FIRENZE Linee-di-indirizzo2024.txt,Fiorentina Nord Ovest: Codice Rosa,Referente Emergenza Sociale (RES) di zona
09_FIRENZE Linee-di-indirizzo2024.txt,Fiorentina Nord Ovest: Codice Rosa,Società della Salute Fiorentina Nord Ovest
09_FIRENZE Linee-di-indirizzo2024.txt,Fiorentina Nord Ovest: Codice Rosa,Società della Salute Fiorentina Sud Est
09_FIRENZE Linee-di-indirizzo2024.txt,Fiorentina Nord Ovest: Codice Rosa,Società della Salute Firenze
09_FIRENZE Linee-di-indirizzo2024.txt,Fiorentina Nord Ovest: Codice Rosa,Società della Salute Mugello
09_FIRENZE Linee-di-indirizzo2024.txt,Fiorentina Nord Ovest: Codice Rosa,Tribunale Ordinario
09_FIRENZE Linee-di-indirizzo2024.txt,Fiorentina Nord Ovest: Servizi sociali,Fiorentina Sud Est: Codice Rosa
09_FIRENZE Linee-di-indirizzo2024.txt,Fiorentina Nord Ovest: Servizi sociali,Fiorentina Sud Est: Servizi sociali
09_FIRENZE Linee-di-indirizzo2024.txt,Fiorentina Nord Ovest: Servizi sociali,Mugello: Codice Rosa
09_FIRENZE Linee-di-indirizzo2024.txt,Fiorentina Nord Ovest: Servizi sociali,Mugello: Servizi sociali
09_FIRENZE Linee-di-indirizzo2024.txt,Fiorentina Nord Ovest: Servizi sociali,OMS
09_FIRENZE Linee-di-indirizzo2024.txt,Fiorentina Nord Ovest: Servizi sociali,Presidente del Tribunale
09_FIRENZE Linee-di-indirizzo2024.txt,Fiorentina Nord Ovest: Servizi sociali,Procura minorile
09_FIRENZE Linee-di-indirizzo2024.txt,Fiorentina Nord Ovest: Servizi sociali,Quartiere 5 del Comune di Firenze
09_FIRENZE Linee-di-indirizzo2024.txt,Fiorentina Nord Ovest: Servizi sociali,Referente Emergenza Sociale (RES) di zona
09_FIRENZE Linee-di-indirizzo2024.txt,Fiorentina Nord Ovest: Servizi sociali,Società della Salute Fiorentina Nord Ovest
09_FIRENZE Linee-di-indirizzo2024.txt,Fiorentina Nord Ovest: Servizi sociali,Società della Salute Fiorentina Sud Est
09_FIRENZE Linee-di-indirizzo2024.txt,Fiorentina Nord Ovest: Servizi sociali,Società della Salute Firenze
09_FIRENZE Linee-di-indirizzo2024.txt,Fiorentina Nord Ovest: Servizi sociali,Società della Salute Mugello
09_FIRENZE Linee-di-indirizzo2024.txt,Fiorentina Nord Ovest: Servizi sociali,Tribunale Ordinario
09_FIRENZE Linee-di-indirizzo2024.txt,Fiorentina Sud Est: Codice Rosa,Fiorentina Sud Est: Servizi sociali
09_FIRENZE Linee-di-indirizzo2024.txt,Fiorentina Sud Est: Codice Rosa,Mugello: Codice Rosa
09_FIRENZE Linee-di-indirizzo2024.txt,Fiorentina Sud Est: Codice Rosa,Mugello: Servizi sociali
09_FIRENZE Linee-di-indirizzo2024.txt,Fiorentina Sud Est: Codice Rosa,OMS
09_FIRENZE Linee-di-indirizzo2024.txt,Fiorentina Sud Est: Codice Rosa,Presidente del Tribunale
09_FIRENZE Linee-di-indirizzo2024.txt,Fiorentina Sud Est: Codice Rosa,Procura minorile
09_FIRENZE Linee-di-indirizzo2024.txt,Fiorentina Sud Est: Codice Rosa,Quartiere 5 del Comune di Firenze
09_FIRENZE Linee-di-indirizzo2024.txt,Fiorentina Sud Est: Codice Rosa,Referente Emergenza Sociale (RES) di zona
09_FIRENZE Linee-di-indirizzo2024.txt,Fiorentina Sud Est: Codice Rosa,Società della Salute Fiorentina Nord Ovest
09_FIRENZE Linee-di-indirizzo2024.txt,Fiorentina Sud Est: Codice Rosa,Società della Salute Fiorentina Sud Est
09_FIRENZE Linee-di-indirizzo2024.txt,Fiorentina Sud Est: Codice Rosa,Società della Salute Firenze
09_FIRENZE Linee-di-indirizzo2024.txt,Fiorentina Sud Est: Codice Rosa,Società della Salute Mugello
09_FIRENZE Linee-di-indirizzo2024.txt,Fiorentina Sud Est: Codice Rosa,Tribunale Ordinario
09_FIRENZE Linee-di-indirizzo2024.txt,Fiorentina Sud Est: Servizi sociali,Mugello: Codice Rosa
09_FIRENZE Linee-di-indirizzo2024.txt,Fiorentina Sud Est: Servizi sociali,Mugello: Servizi sociali
09_FIRENZE Linee-di-indirizzo2024.txt,Fiorentina Sud Est: Servizi sociali,OMS
09_FIRENZE Linee-di-indirizzo2024.txt,Fiorentina Sud Est: Servizi sociali,Presidente del Tribunale
09_FIRENZE Linee-di-indirizzo2024.txt,Fiorentina Sud Est: Servizi sociali,Procura minorile
09_FIRENZE Linee-di-indirizzo2024.txt,Fiorentina Sud Est: Servizi sociali,Quartiere 5 del Comune di Firenze
09_FIRENZE Linee-di-indirizzo2024.txt,Fiorentina Sud Est: Servizi sociali,Referente Emergenza Sociale (RES) di zona
09_FIRENZE Linee-di-indirizzo2024.txt,Fiorentina Sud Est: Servizi sociali,Società della Salute Fiorentina Nord Ovest
09_FIRENZE Linee-di-indirizzo2024.txt,Fiorentina Sud Est: Servizi sociali,Società della Salute Fiorentina Sud Est
09_FIRENZE Linee-di-indirizzo2024.txt,Fiorentina Sud Est: Servizi sociali,Società della Salute Firenze
09_FIRENZE Linee-di-indirizzo2024.txt,Fiorentina Sud Est: Servizi sociali,Società della Salute Mugello
09_FIRENZE Linee-di-indirizzo2024.txt,Fiorentina Sud Est: Servizi sociali,Tribunale Ordinario
09_FIRENZE Linee-di-indirizzo2024.txt,Mugello: Codice Rosa,Mugello: Servizi sociali
09_FIRENZE Linee-di-indirizzo2024.txt,Mugello: Codice Rosa,OMS
09_FIRENZE Linee-di-indirizzo2024.txt,Mugello: Codice Rosa,Presidente del Tribunale
09_FIRENZE Linee-di-indirizzo2024.txt,Mugello: Codice Rosa,Procura minorile
09_FIRENZE Linee-di-indirizzo2024.txt,Mugello: Codice Rosa,Quartiere 5 del Comune di Firenze
09_FIRENZE Linee-di-indirizzo2024.txt,Mugello: Codice Rosa,Referente Emergenza Sociale (RES) di zona
09_FIRENZE Linee-di-indirizzo2024.txt,Mugello: Codice Rosa,Società della Salute Fiorentina Nord Ovest
09_FIRENZE Linee-di-indirizzo2024.txt,Mugello: Codice Rosa,Società della Salute Fiorentina Sud Est
09_FIRENZE Linee-di-indirizzo2024.txt,Mugello: Codice Rosa,Società della Salute Firenze
09_FIRENZE Linee-di-indirizzo2024.txt,Mugello: Codice Rosa,Società della Salute Mugello
09_FIRENZE Linee-di-indirizzo2024.txt,Mugello: Codice Rosa,Tribunale Ordinario
09_FIRENZE Linee-di-indirizzo2024.txt,Mugello: Servizi sociali,OMS
09_FIRENZE Linee-di-indirizzo2024.txt,Mugello: Servizi sociali,Presidente del Tribunale
09_FIRENZE Linee-di-indirizzo2024.txt,Mugello: Servizi sociali,Procura minorile
09_FIRENZE Linee-di-indirizzo2024.txt,Mugello: Servizi sociali,Quartiere 5 del Comune di Firenze
09_FIRENZE Linee-di-indirizzo2024.txt,Mugello: Servizi sociali,Referente Emergenza Sociale (RES) di zona
09_FIRENZE Linee-di-indirizzo2024.txt,Mugello: Servizi sociali,Società della Salute Fiorentina Nord Ovest
09_FIRENZE Linee-di-indirizzo2024.txt,Mugello: Servizi sociali,Società della Salute Fiorentina Sud Est
09_FIRENZE Linee-di-indirizzo2024.txt,Mugello: Servizi sociali,Società della Salute Firenze
09_FIRENZE Linee-di-indirizzo2024.txt,Mugello: Servizi sociali,Società della Salute Mugello
09_FIRENZE Linee-di-indirizzo2024.txt,Mugello: Servizi sociali,Tribunale Ordinario
09_FIRENZE Linee-di-indirizzo2024.txt,OMS,Presidente del Tribunale
09_FIRENZE Linee-di-indirizzo2024.txt,OMS,Procura minorile
09_FIRENZE Linee-di-indirizzo2024.txt,OMS,Quartiere 5 del Comune di Firenze
09_FIRENZE Linee-di-indirizzo2024.txt,OMS,Referente Emergenza Sociale (RES) di zona
09_FIRENZE Linee-di-indirizzo2024.txt,OMS,Società della Salute Fiorentina Nord Ovest
09_FIRENZE Linee-di-indirizzo2024.txt,OMS,Società della Salute Fiorentina Sud Est
09_FIRENZE Linee-di-indirizzo2024.txt,OMS,Società della Salute Firenze
09_FIRENZE Linee-di-indirizzo2024.txt,OMS,Società della Salute Mugello
09_FIRENZE Linee-di-indirizzo2024.txt,OMS,Tribunale Ordinario
09_FIRENZE Linee-di-indirizzo2024.txt,Presidente del Tribunale,Procura minorile
09_FIRENZE Linee-di-indirizzo2024.txt,Presidente del Tribunale,Quartiere 5 del Comune di Firenze
09_FIRENZE Linee-di-indirizzo2024.txt,Presidente del Tribunale,Referente Emergenza Sociale (RES) di zona
09_FIRENZE Linee-di-indirizzo2024.txt,Presidente del Tribunale,Società della Salute Fiorentina Nord Ovest
09_FIRENZE Linee-di-indirizzo2024.txt,Presidente del Tribunale,Società della Salute Fiorentina Sud Est
09_FIRENZE Linee-di-indirizzo2024.txt,Presidente del Tribunale,Società della Salute Firenze
09_FIRENZE Linee-di-indirizzo2024.txt,Presidente del Tribunale,Società della Salute Mugello
09_FIRENZE Linee-di-indirizzo2024.txt,Presidente del Tribunale,Tribunale Ordinario
09_FIRENZE Linee-di-indirizzo2024.txt,Procura minorile,Quartiere 5 del Comune di Firenze
09_FIRENZE Linee-di-indirizzo2024.txt,Procura minorile,Referente Emergenza Sociale (RES) di zona
09_FIRENZE Linee-di-indirizzo2024.txt,Procura minorile,Società della Salute Fiorentina Nord Ovest
09_FIRENZE Linee-di-indirizzo2024.txt,Procura minorile,Società della Salute Fiorentina Sud Est
09_FIRENZE Linee-di-indirizzo2024.txt,Procura minorile,Società della Salute Firenze
09_FIRENZE Linee-di-indirizzo2024.txt,Procura minorile,Società della Salute Mugello
09_FIRENZE Linee-di-indirizzo2024.txt,Procura minorile,Tribunale Ordinario
09_FIRENZE Linee-di-indirizzo2024.txt,Quartiere 5 del Comune di Firenze,Referente Emergenza Sociale (RES) di zona
09_FIRENZE Linee-di-indirizzo2024.txt,Quartiere 5 del Comune di Firenze,Società della Salute Fiorentina Nord Ovest
09_FIRENZE Linee-di-indirizzo2024.txt,Quartiere 5 del Comune di Firenze,Società della Salute Fiorentina Sud Est
09_FIRENZE Linee-di-indirizzo2024.txt,Quartiere 5 del Comune di Firenze,Società della Salute Firenze
09_FIRENZE Linee-di-indirizzo2024.txt,Quartiere 5 del Comune di Firenze,Società della Salute Mugello
09_FIRENZE Linee-di-indirizzo2024.txt,Quartiere 5 del Comune di Firenze,Tribunale Ordinario
09_FIRENZE Linee-di-indirizzo2024.txt,Referente Emergenza Sociale (RES) di zona,Società della Salute Fiorentina Nord Ovest
09_FIRENZE Linee-di-indirizzo2024.txt,Referente Emergenza Sociale (RES) di zona,Società della Salute Fiorentina Sud Est
09_FIRENZE Linee-di-indirizzo2024.txt,Referente Emergenza Sociale (RES) di zona,Società della Salute Firenze
09_FIRENZE Linee-di-indirizzo2024.txt,Referente Emergenza Sociale (RES) di zona,Società della Salute Mugello
09_FIRENZE Linee-di-indirizzo2024.txt,Referente Emergenza Sociale (RES) di zona,Tribunale Ordinario
09_FIRENZE Linee-di-indirizzo2024.txt,Società della Salute Fiorentina Nord Ovest,Società della Salute Fiorentina Sud Est
09_FIRENZE Linee-di-indirizzo2024.txt,Società della Salute Fiorentina Nord Ovest,Società della Salute Firenze
09_FIRENZE Linee-di-indirizzo2024.txt,Società della Salute Fiorentina Nord Ovest,Società della Salute Mugello
09_FIRENZE Linee-di-indirizzo2024.txt,Società della Salute Fiorentina Nord Ovest,Tribunale Ordinario
09_FIRENZE Linee-di-indirizzo2024.txt,Società della Salute Fiorentina Sud Est,Società della Salute Firenze
09_FIRENZE Linee-di-indirizzo2024.txt,Società della Salute Fiorentina Sud Est,Società della Salute Mugello
09_FIRENZE Linee-di-indirizzo2024.txt,Società della Salute Fiorentina Sud Est,Tribunale Ordinario
09_FIRENZE Linee-di-indirizzo2024.txt,Società della Salute Firenze,Società della Salute Mugello
09_FIRENZE Linee-di-indirizzo2024.txt,Società della Salute Firenze,Tribunale Ordinario
09_FIRENZE Linee-di-indirizzo2024.txt,Società della Salute Mugello,Tribunale Ordinario
09_PISTOIA PROV .txt,ASL n. 3 Pistoia,CGIL Provinciale
09_PISTOIA PROV .txt,ASL n. 3 Pistoia,CISL Provinciale
09_PISTOIA PROV .txt,ASL n. 3 Pistoia,Comando Provinciale Carabinieri di Pistoia
09_PISTOIA PROV .txt,ASL n. 3 Pistoia,Comune di Abetone
09_PISTOIA PROV .txt,ASL n. 3 Pistoia,Comune di Agliana
09_PISTOIA PROV .txt,ASL n. 3 Pistoia,Comune di Buggiano
09_PISTOIA PROV .txt,ASL n. 3 Pistoia,Comune di Chiesina Uzzanese
09_PISTOIA PROV .txt,ASL n. 3 Pistoia,Comune di Cutigliano
09_PISTOIA PROV .txt,ASL n. 3 Pistoia,Comune di Lamporecchio
09_PISTOIA PROV .txt,ASL n. 3 Pistoia,Comune di Larciano
09_PISTOIA PROV .txt,ASL n. 3 Pistoia,Comune di Marliana
09_PISTOIA PROV .txt,ASL n. 3 Pistoia,Comune di Massa e Cozzile
09_PISTOIA PROV .txt,ASL n. 3 Pistoia,Comune di Monsummano Terme
09_PISTOIA PROV .txt,ASL n. 3 Pistoia,Comune di Montale
09_PISTOIA PROV .txt,ASL n. 3 Pistoia,Comune di Montecatini Terme
09_PISTOIA PROV .txt,ASL n. 3 Pistoia,Comune di Pescia
09_PISTOIA PROV .txt,ASL n. 3 Pistoia,Comune di Pieve a Nievole
09_PISTOIA PROV .txt,ASL n. 3 Pistoia,Comune di Pistoia
09_PISTOIA PROV .txt,ASL n. 3 Pistoia,Comune di Piteglio
09_PISTOIA PROV .txt,ASL n. 3 Pistoia,Comune di Ponte Buggianese
09_PISTOIA PROV .txt,ASL n. 3 Pistoia,Comune di Quarrata
09_PISTOIA PROV .txt,ASL n. 3 Pistoia,Comune di Sambuca Pistoiese
09_PISTOIA PROV .txt,ASL n. 3 Pistoia,Comune di San Marcello Pistoiese
09_PISTOIA PROV .txt,ASL n. 3 Pistoia,Comune di Serravalle Pistoiese
09_PISTOIA PROV .txt,ASL n. 3 Pistoia,Comune di Uzzano
09_PISTOIA PROV .txt,ASL n. 3 Pistoia,Prefettura di Pistoia - Ufficio Territoriale di Governo
09_PISTOIA PROV .txt,ASL n. 3 Pistoia,Procura della Repubblica di Pistoia
09_PISTOIA PROV .txt,ASL n. 3 Pistoia,Provincia di Pistoia
09_PISTOIA PROV .txt,ASL n. 3 Pistoia,Questura di Pistoia
09_PISTOIA PROV .txt,ASL n. 3 Pistoia,Società della Salute Valdinievole
09_PISTOIA PROV .txt,ASL n. 3 Pistoia,Tribunale di Pistoia
09_PISTOIA PROV .txt,ASL n. 3 Pistoia,UGL Provinciale
09_PISTOIA PROV .txt,ASL n. 3 Pistoia,UIL Provinciale
09_PISTOIA PROV .txt,CGIL Provinciale,CISL Provinciale
09_PISTOIA PROV .txt,CGIL Provinciale,Comando Provinciale Carabinieri di Pistoia
09_PISTOIA PROV .txt,CGIL Provinciale,Comune di Abetone
09_PISTOIA PROV .txt,CGIL Provinciale,Comune di Agliana
09_PISTOIA PROV .txt,CGIL Provinciale,Comune di Buggiano
09_PISTOIA PROV .txt,CGIL Provinciale,Comune di Chiesina Uzzanese
09_PISTOIA PROV .txt,CGIL Provinciale,Comune di Cutigliano
09_PISTOIA PROV .txt,CGIL Provinciale,Comune di Lamporecchio
09_PISTOIA PROV .txt,CGIL Provinciale,Comune di Larciano
09_PISTOIA PROV .txt,CGIL Provinciale,Comune di Marliana
09_PISTOIA PROV .txt,CGIL Provinciale,Comune di Massa e Cozzile
09_PISTOIA PROV .txt,CGIL Provinciale,Comune di Monsummano Terme
09_PISTOIA PROV .txt,CGIL Provinciale,Comune di Montale
09_PISTOIA PROV .txt,CGIL Provinciale,Comune di Montecatini Terme
09_PISTOIA PROV .txt,CGIL Provinciale,Comune di Pescia
09_PISTOIA PROV .txt,CGIL Provinciale,Comune di Pieve a Nievole
09_PISTOIA PROV .txt,CGIL Provinciale,Comune di Pistoia
09_PISTOIA PROV .txt,CGIL Provinciale,Comune di Piteglio
09_PISTOIA PROV .txt,CGIL Provinciale,Comune di Ponte Buggianese
09_PISTOIA PROV .txt,CGIL Provinciale,Comune di Quarrata
09_PISTOIA PROV .txt,CGIL Provinciale,Comune di Sambuca Pistoiese
09_PISTOIA PROV .txt,CGIL Provinciale,Comune di San Marcello Pistoiese
09_PISTOIA PROV .txt,CGIL Provinciale,Comune di Serravalle Pistoiese
09_PISTOIA PROV .txt,CGIL Provinciale,Comune di Uzzano
09_PISTOIA PROV .txt,CGIL Provinciale,Prefettura di Pistoia - Ufficio Territoriale di Governo
09_PISTOIA PROV .txt,CGIL Provinciale,Procura della Repubblica di Pistoia
09_PISTOIA PROV .txt,CGIL Provinciale,Provincia di Pistoia
09_PISTOIA PROV .txt,CGIL Provinciale,Questura di Pistoia
09_PISTOIA PROV .txt,CGIL Provinciale,Società della Salute Valdinievole
09_PISTOIA PROV .txt,CGIL Provinciale,Tribunale di Pistoia
09_PISTOIA PROV .txt,CGIL Provinciale,UGL Provinciale
09_PISTOIA PROV .txt,CGIL Provinciale,UIL Provinciale
09_PISTOIA PROV .txt,CISL Provinciale,Comando Provinciale Carabinieri di Pistoia
09_PISTOIA PROV .txt,CISL Provinciale,Comune di Abetone
09_PISTOIA PROV .txt,CISL Provinciale,Comune di Agliana
09_PISTOIA PROV .txt,CISL Provinciale,Comune di Buggiano
09_PISTOIA PROV .txt,CISL Provinciale,Comune di Chiesina Uzzanese
09_PISTOIA PROV .txt,CISL Provinciale,Comune di Cutigliano
09_PISTOIA PROV .txt,CISL Provinciale,Comune di Lamporecchio
09_PISTOIA PROV .txt,CISL Provinciale,Comune di Larciano
09_PISTOIA PROV .txt,CISL Provinciale,Comune di Marliana
09_PISTOIA PROV .txt,CISL Provinciale,Comune di Massa e Cozzile
09_PISTOIA PROV .txt,CISL Provinciale,Comune di Monsummano Terme
09_PISTOIA PROV .txt,CISL Provinciale,Comune di Montale
09_PISTOIA PROV .txt,CISL Provinciale,Comune di Montecatini Terme
09_PISTOIA PROV .txt,CISL Provinciale,Comune di Pescia
09_PISTOIA PROV .txt,CISL Provinciale,Comune di Pieve a Nievole
09_PISTOIA PROV .txt,CISL Provinciale,Comune di Pistoia
09_PISTOIA PROV .txt,CISL Provinciale,Comune di Piteglio
09_PISTOIA PROV .txt,CISL Provinciale,Comune di Ponte Buggianese
09_PISTOIA PROV .txt,CISL Provinciale,Comune di Quarrata
09_PISTOIA PROV .txt,CISL Provinciale,Comune di Sambuca Pistoiese
09_PISTOIA PROV .txt,CISL Provinciale,Comune di San Marcello Pistoiese
09_PISTOIA PROV .txt,CISL Provinciale,Comune di Serravalle Pistoiese
09_PISTOIA PROV .txt,CISL Provinciale,Comune di Uzzano
09_PISTOIA PROV .txt,CISL Provinciale,Prefettura di Pistoia - Ufficio Territoriale di Governo
09_PISTOIA PROV .txt,CISL Provinciale,Procura della Repubblica di Pistoia
09_PISTOIA PROV .txt,CISL Provinciale,Provincia di Pistoia
09_PISTOIA PROV .txt,CISL Provinciale,Questura di Pistoia
09_PISTOIA PROV .txt,CISL Provinciale,Società della Salute Valdinievole
09_PISTOIA PROV .txt,CISL Provinciale,Tribunale di Pistoia
09_PISTOIA PROV .txt,CISL Provinciale,UGL Provinciale
09_PISTOIA PROV .txt,CISL Provinciale,UIL Provinciale
09_PISTOIA PROV .txt,Comando Provinciale Carabinieri di Pistoia,Comune di Abetone
09_PISTOIA PROV .txt,Comando Provinciale Carabinieri di Pistoia,Comune di Agliana
09_PISTOIA PROV .txt,Comando Provinciale Carabinieri di Pistoia,Comune di Buggiano
09_PISTOIA PROV .txt,Comando Provinciale Carabinieri di Pistoia,Comune di Chiesina Uzzanese
09_PISTOIA PROV .txt,Comando Provinciale Carabinieri di Pistoia,Comune di Cutigliano
09_PISTOIA PROV .txt,Comando Provinciale Carabinieri di Pistoia,Comune di Lamporecchio
09_PISTOIA PROV .txt,Comando Provinciale Carabinieri di Pistoia,Comune di Larciano
09_PISTOIA PROV .txt,Comando Provinciale Carabinieri di Pistoia,Comune di Marliana
09_PISTOIA PROV .txt,Comando Provinciale Carabinieri di Pistoia,Comune di Massa e Cozzile
09_PISTOIA PROV .txt,Comando Provinciale Carabinieri di Pistoia,Comune di Monsummano Terme
09_PISTOIA PROV .txt,Comando Provinciale Carabinieri di Pistoia,Comune di Montale
09_PISTOIA PROV .txt,Comando Provinciale Carabinieri di Pistoia,Comune di Montecatini Terme
09_PISTOIA PROV .txt,Comando Provinciale Carabinieri di Pistoia,Comune di Pescia
09_PISTOIA PROV .txt,Comando Provinciale Carabinieri di Pistoia,Comune di Pieve a Nievole
09_PISTOIA PROV .txt,Comando Provinciale Carabinieri di Pistoia,Comune di Pistoia
09_PISTOIA PROV .txt,Comando Provinciale Carabinieri di Pistoia,Comune di Piteglio
09_PISTOIA PROV .txt,Comando Provinciale Carabinieri di Pistoia,Comune di Ponte Buggianese
09_PISTOIA PROV .txt,Comando Provinciale Carabinieri di Pistoia,Comune di Quarrata
09_PISTOIA PROV .txt,Comando Provinciale Carabinieri di Pistoia,Comune di Sambuca Pistoiese
09_PISTOIA PROV .txt,Comando Provinciale Carabinieri di Pistoia,Comune di San Marcello Pistoiese
09_PISTOIA PROV .txt,Comando Provinciale Carabinieri di Pistoia,Comune di Serravalle Pistoiese
09_PISTOIA PROV .txt,Comando Provinciale Carabinieri di Pistoia,Comune di Uzzano
09_PISTOIA PROV .txt,Comando Provinciale Carabinieri di Pistoia,Prefettura di Pistoia - Ufficio Territoriale di Governo
09_PISTOIA PROV .txt,Comando Provinciale Carabinieri di Pistoia,Procura della Repubblica di Pistoia
09_PISTOIA PROV .txt,Comando Provinciale Carabinieri di Pistoia,Provincia di Pistoia
09_PISTOIA PROV .txt,Comando Provinciale Carabinieri di Pistoia,Questura di Pistoia
09_PISTOIA PROV .txt,Comando Provinciale Carabinieri di Pistoia,Società della Salute Valdinievole
09_PISTOIA PROV .txt,Comando Provinciale Carabinieri di Pistoia,Tribunale di Pistoia
09_PISTOIA PROV .txt,Comando Provinciale Carabinieri di Pistoia,UGL Provinciale
09_PISTOIA PROV .txt,Comando Provinciale Carabinieri di Pistoia,UIL Provinciale
09_PISTOIA PROV .txt,Comune di Abetone,Comune di Agliana
09_PISTOIA PROV .txt,Comune di Abetone,Comune di Buggiano
09_PISTOIA PROV .txt,Comune di Abetone,Comune di Chiesina Uzzanese
09_PISTOIA PROV .txt,Comune di Abetone,Comune di Cutigliano
09_PISTOIA PROV .txt,Comune di Abetone,Comune di Lamporecchio
09_PISTOIA PROV .txt,Comune di Abetone,Comune di Larciano
09_PISTOIA PROV .txt,Comune di Abetone,Comune di Marliana
09_PISTOIA PROV .txt,Comune di Abetone,Comune di Massa e Cozzile
09_PISTOIA PROV .txt,Comune di Abetone,Comune di Monsummano Terme
09_PISTOIA PROV .txt,Comune di Abetone,Comune di Montale
09_PISTOIA PROV .txt,Comune di Abetone,Comune di Montecatini Terme
09_PISTOIA PROV .txt,Comune di Abetone,Comune di Pescia
09_PISTOIA PROV .txt,Comune di Abetone,Comune di Pieve a Nievole
09_PISTOIA PROV .txt,Comune di Abetone,Comune di Pistoia
09_PISTOIA PROV .txt,Comune di Abetone,Comune di Piteglio
09_PISTOIA PROV .txt,Comune di Abetone,Comune di Ponte Buggianese
09_PISTOIA PROV .txt,Comune di Abetone,Comune di Quarrata
09_PISTOIA PROV .txt,Comune di Abetone,Comune di Sambuca Pistoiese
09_PISTOIA PROV .txt,Comune di Abetone,Comune di San Marcello Pistoiese
09_PISTOIA PROV .txt,Comune di Abetone,Comune di Serravalle Pistoiese
09_PISTOIA PROV .txt,Comune di Abetone,Comune di Uzzano
09_PISTOIA PROV .txt,Comune di Abetone,Prefettura di Pistoia - Ufficio Territoriale di Governo
09_PISTOIA PROV .txt,Comune di Abetone,Procura della Repubblica di Pistoia
09_PISTOIA PROV .txt,Comune di Abetone,Provincia di Pistoia
09_PISTOIA PROV .txt,Comune di Abetone,Questura di Pistoia
09_PISTOIA PROV .txt,Comune di Abetone,Società della Salute Valdinievole
09_PISTOIA PROV .txt,Comune di Abetone,Tribunale di Pistoia
09_PISTOIA PROV .txt,Comune di Abetone,UGL Provinciale
09_PISTOIA PROV .txt,Comune di Abetone,UIL Provinciale
09_PISTOIA PROV .txt,Comune di Agliana,Comune di Buggiano
09_PISTOIA PROV .txt,Comune di Agliana,Comune di Chiesina Uzzanese
09_PISTOIA PROV .txt,Comune di Agliana,Comune di Cutigliano
09_PISTOIA PROV .txt,Comune di Agliana,Comune di Lamporecchio
09_PISTOIA PROV .txt,Comune di Agliana,Comune di Larciano
09_PISTOIA PROV .txt,Comune di Agliana,Comune di Marliana
09_PISTOIA PROV .txt,Comune di Agliana,Comune di Massa e Cozzile
09_PISTOIA PROV .txt,Comune di Agliana,Comune di Monsummano Terme
09_PISTOIA PROV .txt,Comune di Agliana,Comune di Montale
09_PISTOIA PROV .txt,Comune di Agliana,Comune di Montecatini Terme
09_PISTOIA PROV .txt,Comune di Agliana,Comune di Pescia
09_PISTOIA PROV .txt,Comune di Agliana,Comune di Pieve a Nievole
09_PISTOIA PROV .txt,Comune di Agliana,Comune di Pistoia
09_PISTOIA PROV .txt,Comune di Agliana,Comune di Piteglio
09_PISTOIA PROV .txt,Comune di Agliana,Comune di Ponte Buggianese
09_PISTOIA PROV .txt,Comune di Agliana,Comune di Quarrata
09_PISTOIA PROV .txt,Comune di Agliana,Comune di Sambuca Pistoiese
09_PISTOIA PROV .txt,Comune di Agliana,Comune di San Marcello Pistoiese
09_PISTOIA PROV .txt,Comune di Agliana,Comune di Serravalle Pistoiese
09_PISTOIA PROV .txt,Comune di Agliana,Comune di Uzzano
09_PISTOIA PROV .txt,Comune di Agliana,Prefettura di Pistoia - Ufficio Territoriale di Governo
09_PISTOIA PROV .txt,Comune di Agliana,Procura della Repubblica di Pistoia
09_PISTOIA PROV .txt,Comune di Agliana,Provincia di Pistoia
09_PISTOIA PROV .txt,Comune di Agliana,Questura di Pistoia
09_PISTOIA PROV .txt,Comune di Agliana,Società della Salute Valdinievole
09_PISTOIA PROV .txt,Comune di Agliana,Tribunale di Pistoia
09_PISTOIA PROV .txt,Comune di Agliana,UGL Provinciale
09_PISTOIA PROV .txt,Comune di Agliana,UIL Provinciale
09_PISTOIA PROV .txt,Comune di Buggiano,Comune di Chiesina Uzzanese
09_PISTOIA PROV .txt,Comune di Buggiano,Comune di Cutigliano
09_PISTOIA PROV .txt,Comune di Buggiano,Comune di Lamporecchio
09_PISTOIA PROV .txt,Comune di Buggiano,Comune di Larciano
09_PISTOIA PROV .txt,Comune di Buggiano,Comune di Marliana
09_PISTOIA PROV .txt,Comune di Buggiano,Comune di Massa e Cozzile
09_PISTOIA PROV .txt,Comune di Buggiano,Comune di Monsummano Terme
09_PISTOIA PROV .txt,Comune di Buggiano,Comune di Montale
09_PISTOIA PROV .txt,Comune di Buggiano,Comune di Montecatini Terme
09_PISTOIA PROV .txt,Comune di Buggiano,Comune di Pescia
09_PISTOIA PROV .txt,Comune di Buggiano,Comune di Pieve a Nievole
09_PISTOIA PROV .txt,Comune di Buggiano,Comune di Pistoia
09_PISTOIA PROV .txt,Comune di Buggiano,Comune di Piteglio
09_PISTOIA PROV .txt,Comune di Buggiano,Comune di Ponte Buggianese
09_PISTOIA PROV .txt,Comune di Buggiano,Comune di Quarrata
09_PISTOIA PROV .txt,Comune di Buggiano,Comune di Sambuca Pistoiese
09_PISTOIA PROV .txt,Comune di Buggiano,Comune di San Marcello Pistoiese
09_PISTOIA PROV .txt,Comune di Buggiano,Comune di Serravalle Pistoiese
09_PISTOIA PROV .txt,Comune di Buggiano,Comune di Uzzano
09_PISTOIA PROV .txt,Comune di Buggiano,Prefettura di Pistoia - Ufficio Territoriale di Governo
09_PISTOIA PROV .txt,Comune di Buggiano,Procura della Repubblica di Pistoia
09_PISTOIA PROV .txt,Comune di Buggiano,Provincia di Pistoia
09_PISTOIA PROV .txt,Comune di Buggiano,Questura di Pistoia
09_PISTOIA PROV .txt,Comune di Buggiano,Società della Salute Valdinievole
09_PISTOIA PROV .txt,Comune di Buggiano,Tribunale di Pistoia
09_PISTOIA PROV .txt,Comune di Buggiano,UGL Provinciale
09_PISTOIA PROV .txt,Comune di Buggiano,UIL Provinciale
09_PISTOIA PROV .txt,Comune di Chiesina Uzzanese,Comune di Cutigliano
09_PISTOIA PROV .txt,Comune di Chiesina Uzzanese,Comune di Lamporecchio
09_PISTOIA PROV .txt,Comune di Chiesina Uzzanese,Comune di Larciano
09_PISTOIA PROV .txt,Comune di Chiesina Uzzanese,Comune di Marliana
09_PISTOIA PROV .txt,Comune di Chiesina Uzzanese,Comune di Massa e Cozzile
09_PISTOIA PROV .txt,Comune di Chiesina Uzzanese,Comune di Monsummano Terme
09_PISTOIA PROV .txt,Comune di Chiesina Uzzanese,Comune di Montale
09_PISTOIA PROV .txt,Comune di Chiesina Uzzanese,Comune di Montecatini Terme
09_PISTOIA PROV .txt,Comune di Chiesina Uzzanese,Comune di Pescia
09_PISTOIA PROV .txt,Comune di Chiesina Uzzanese,Comune di Pieve a Nievole
09_PISTOIA PROV .txt,Comune di Chiesina Uzzanese,Comune di Pistoia
09_PISTOIA PROV .txt,Comune di Chiesina Uzzanese,Comune di Piteglio
09_PISTOIA PROV .txt,Comune di Chiesina Uzzanese,Comune di Ponte Buggianese
09_PISTOIA PROV .txt,Comune di Chiesina Uzzanese,Comune di Quarrata
09_PISTOIA PROV .txt,Comune di Chiesina Uzzanese,Comune di Sambuca Pistoiese
09_PISTOIA PROV .txt,Comune di Chiesina Uzzanese,Comune di San Marcello Pistoiese
09_PISTOIA PROV .txt,Comune di Chiesina Uzzanese,Comune di Serravalle Pistoiese
09_PISTOIA PROV .txt,Comune di Chiesina Uzzanese,Comune di Uzzano
09_PISTOIA PROV .txt,Comune di Chiesina Uzzanese,Prefettura di Pistoia - Ufficio Territoriale di Governo
09_PISTOIA PROV .txt,Comune di Chiesina Uzzanese,Procura della Repubblica di Pistoia
09_PISTOIA PROV .txt,Comune di Chiesina Uzzanese,Provincia di Pistoia
09_PISTOIA PROV .txt,Comune di Chiesina Uzzanese,Questura di Pistoia
09_PISTOIA PROV .txt,Comune di Chiesina Uzzanese,Società della Salute Valdinievole
09_PISTOIA PROV .txt,Comune di Chiesina Uzzanese,Tribunale di Pistoia
09_PISTOIA PROV .txt,Comune di Chiesina Uzzanese,UGL Provinciale
09_PISTOIA PROV .txt,Comune di Chiesina Uzzanese,UIL Provinciale
09_PISTOIA PROV .txt,Comune di Cutigliano,Comune di Lamporecchio
09_PISTOIA PROV .txt,Comune di Cutigliano,Comune di Larciano
09_PISTOIA PROV .txt,Comune di Cutigliano,Comune di Marliana
09_PISTOIA PROV .txt,Comune di Cutigliano,Comune di Massa e Cozzile
09_PISTOIA PROV .txt,Comune di Cutigliano,Comune di Monsummano Terme
09_PISTOIA PROV .txt,Comune di Cutigliano,Comune di Montale
09_PISTOIA PROV .txt,Comune di Cutigliano,Comune di Montecatini Terme
09_PISTOIA PROV .txt,Comune di Cutigliano,Comune di Pescia
09_PISTOIA PROV .txt,Comune di Cutigliano,Comune di Pieve a Nievole
09_PISTOIA PROV .txt,Comune di Cutigliano,Comune di Pistoia
09_PISTOIA PROV .txt,Comune di Cutigliano,Comune di Piteglio
09_PISTOIA PROV .txt,Comune di Cutigliano,Comune di Ponte Buggianese
09_PISTOIA PROV .txt,Comune di Cutigliano,Comune di Quarrata
09_PISTOIA PROV .txt,Comune di Cutigliano,Comune di Sambuca Pistoiese
09_PISTOIA PROV .txt,Comune di Cutigliano,Comune di San Marcello Pistoiese
09_PISTOIA PROV .txt,Comune di Cutigliano,Comune di Serravalle Pistoiese
09_PISTOIA PROV .txt,Comune di Cutigliano,Comune di Uzzano
09_PISTOIA PROV .txt,Comune di Cutigliano,Prefettura di Pistoia - Ufficio Territoriale di Governo
09_PISTOIA PROV .txt,Comune di Cutigliano,Procura della Repubblica di Pistoia
09_PISTOIA PROV .txt,Comune di Cutigliano,Provincia di Pistoia
09_PISTOIA PROV .txt,Comune di Cutigliano,Questura di Pistoia
09_PISTOIA PROV .txt,Comune di Cutigliano,Società della Salute Valdinievole
09_PISTOIA PROV .txt,Comune di Cutigliano,Tribunale di Pistoia
09_PISTOIA PROV .txt,Comune di Cutigliano,UGL Provinciale
09_PISTOIA PROV .txt,Comune di Cutigliano,UIL Provinciale
09_PISTOIA PROV .txt,Comune di Lamporecchio,Comune di Larciano
09_PISTOIA PROV .txt,Comune di Lamporecchio,Comune di Marliana
09_PISTOIA PROV .txt,Comune di Lamporecchio,Comune di Massa e Cozzile
09_PISTOIA PROV .txt,Comune di Lamporecchio,Comune di Monsummano Terme
09_PISTOIA PROV .txt,Comune di Lamporecchio,Comune di Montale
09_PISTOIA PROV .txt,Comune di Lamporecchio,Comune di Montecatini Terme
09_PISTOIA PROV .txt,Comune di Lamporecchio,Comune di Pescia
09_PISTOIA PROV .txt,Comune di Lamporecchio,Comune di Pieve a Nievole
09_PISTOIA PROV .txt,Comune di Lamporecchio,Comune di Pistoia
09_PISTOIA PROV .txt,Comune di Lamporecchio,Comune di Piteglio
09_PISTOIA PROV .txt,Comune di Lamporecchio,Comune di Ponte Buggianese
09_PISTOIA PROV .txt,Comune di Lamporecchio,Comune di Quarrata
09_PISTOIA PROV .txt,Comune di Lamporecchio,Comune di Sambuca Pistoiese
09_PISTOIA PROV .txt,Comune di Lamporecchio,Comune di San Marcello Pistoiese
09_PISTOIA PROV .txt,Comune di Lamporecchio,Comune di Serravalle Pistoiese
09_PISTOIA PROV .txt,Comune di Lamporecchio,Comune di Uzzano
09_PISTOIA PROV .txt,Comune di Lamporecchio,Prefettura di Pistoia - Ufficio Territoriale di Governo
09_PISTOIA PROV .txt,Comune di Lamporecchio,Procura della Repubblica di Pistoia
09_PISTOIA PROV .txt,Comune di Lamporecchio,Provincia di Pistoia
09_PISTOIA PROV .txt,Comune di Lamporecchio,Questura di Pistoia
09_PISTOIA PROV .txt,Comune di Lamporecchio,Società della Salute Valdinievole
09_PISTOIA PROV .txt,Comune di Lamporecchio,Tribunale di Pistoia
09_PISTOIA PROV .txt,Comune di Lamporecchio,UGL Provinciale
09_PISTOIA PROV .txt,Comune di Lamporecchio,UIL Provinciale
09_PISTOIA PROV .txt,Comune di Larciano,Comune di Marliana
09_PISTOIA PROV .txt,Comune di Larciano,Comune di Massa e Cozzile
09_PISTOIA PROV .txt,Comune di Larciano,Comune di Monsummano Terme
09_PISTOIA PROV .txt,Comune di Larciano,Comune di Montale
09_PISTOIA PROV .txt,Comune di Larciano,Comune di Montecatini Terme
09_PISTOIA PROV .txt,Comune di Larciano,Comune di Pescia
09_PISTOIA PROV .txt,Comune di Larciano,Comune di Pieve a Nievole
09_PISTOIA PROV .txt,Comune di Larciano,Comune di Pistoia
09_PISTOIA PROV .txt,Comune di Larciano,Comune di Piteglio
09_PISTOIA PROV .txt,Comune di Larciano,Comune di Ponte Buggianese
09_PISTOIA PROV .txt,Comune di Larciano,Comune di Quarrata
09_PISTOIA PROV .txt,Comune di Larciano,Comune di Sambuca Pistoiese
09_PISTOIA PROV .txt,Comune di Larciano,Comune di San Marcello Pistoiese
09_PISTOIA PROV .txt,Comune di Larciano,Comune di Serravalle Pistoiese
09_PISTOIA PROV .txt,Comune di Larciano,Comune di Uzzano
09_PISTOIA PROV .txt,Comune di Larciano,Prefettura di Pistoia - Ufficio Territoriale di Governo
09_PISTOIA PROV .txt,Comune di Larciano,Procura della Repubblica di Pistoia
09_PISTOIA PROV .txt,Comune di Larciano,Provincia di Pistoia
09_PISTOIA PROV .txt,Comune di Larciano,Questura di Pistoia
09_PISTOIA PROV .txt,Comune di Larciano,Società della Salute Valdinievole
09_PISTOIA PROV .txt,Comune di Larciano,Tribunale di Pistoia
09_PISTOIA PROV .txt,Comune di Larciano,UGL Provinciale
09_PISTOIA PROV .txt,Comune di Larciano,UIL Provinciale
09_PISTOIA PROV .txt,Comune di Marliana,Comune di Massa e Cozzile
09_PISTOIA PROV .txt,Comune di Marliana,Comune di Monsummano Terme
09_PISTOIA PROV .txt,Comune di Marliana,Comune di Montale
09_PISTOIA PROV .txt,Comune di Marliana,Comune di Montecatini Terme
09_PISTOIA PROV .txt,Comune di Marliana,Comune di Pescia
09_PISTOIA PROV .txt,Comune di Marliana,Comune di Pieve a Nievole
09_PISTOIA PROV .txt,Comune di Marliana,Comune di Pistoia
09_PISTOIA PROV .txt,Comune di Marliana,Comune di Piteglio
09_PISTOIA PROV .txt,Comune di Marliana,Comune di Ponte Buggianese
09_PISTOIA PROV .txt,Comune di Marliana,Comune di Quarrata
09_PISTOIA PROV .txt,Comune di Marliana,Comune di Sambuca Pistoiese
09_PISTOIA PROV .txt,Comune di Marliana,Comune di San Marcello Pistoiese
09_PISTOIA PROV .txt,Comune di Marliana,Comune di Serravalle Pistoiese
09_PISTOIA PROV .txt,Comune di Marliana,Comune di Uzzano
09_PISTOIA PROV .txt,Comune di Marliana,Prefettura di Pistoia - Ufficio Territoriale di Governo
09_PISTOIA PROV .txt,Comune di Marliana,Procura della Repubblica di Pistoia
09_PISTOIA PROV .txt,Comune di Marliana,Provincia di Pistoia
09_PISTOIA PROV .txt,Comune di Marliana,Questura di Pistoia
09_PISTOIA PROV .txt,Comune di Marliana,Società della Salute Valdinievole
09_PISTOIA PROV .txt,Comune di Marliana,Tribunale di Pistoia
09_PISTOIA PROV .txt,Comune di Marliana,UGL Provinciale
09_PISTOIA PROV .txt,Comune di Marliana,UIL Provinciale
09_PISTOIA PROV .txt,Comune di Massa e Cozzile,Comune di Monsummano Terme
09_PISTOIA PROV .txt,Comune di Massa e Cozzile,Comune di Montale
09_PISTOIA PROV .txt,Comune di Massa e Cozzile,Comune di Montecatini Terme
09_PISTOIA PROV .txt,Comune di Massa e Cozzile,Comune di Pescia
09_PISTOIA PROV .txt,Comune di Massa e Cozzile,Comune di Pieve a Nievole
09_PISTOIA PROV .txt,Comune di Massa e Cozzile,Comune di Pistoia
09_PISTOIA PROV .txt,Comune di Massa e Cozzile,Comune di Piteglio
09_PISTOIA PROV .txt,Comune di Massa e Cozzile,Comune di Ponte Buggianese
09_PISTOIA PROV .txt,Comune di Massa e Cozzile,Comune di Quarrata
09_PISTOIA PROV .txt,Comune di Massa e Cozzile,Comune di Sambuca Pistoiese
09_PISTOIA PROV .txt,Comune di Massa e Cozzile,Comune di San Marcello Pistoiese
09_PISTOIA PROV .txt,Comune di Massa e Cozzile,Comune di Serravalle Pistoiese
09_PISTOIA PROV .txt,Comune di Massa e Cozzile,Comune di Uzzano
09_PISTOIA PROV .txt,Comune di Massa e Cozzile,Prefettura di Pistoia - Ufficio Territoriale di Governo
09_PISTOIA PROV .txt,Comune di Massa e Cozzile,Procura della Repubblica di Pistoia
09_PISTOIA PROV .txt,Comune di Massa e Cozzile,Provincia di Pistoia
09_PISTOIA PROV .txt,Comune di Massa e Cozzile,Questura di Pistoia
09_PISTOIA PROV .txt,Comune di Massa e Cozzile,Società della Salute Valdinievole
09_PISTOIA PROV .txt,Comune di Massa e Cozzile,Tribunale di Pistoia
09_PISTOIA PROV .txt,Comune di Massa e Cozzile,UGL Provinciale
09_PISTOIA PROV .txt,Comune di Massa e Cozzile,UIL Provinciale
09_PISTOIA PROV .txt,Comune di Monsummano Terme,Comune di Montale
09_PISTOIA PROV .txt,Comune di Monsummano Terme,Comune di Montecatini Terme
09_PISTOIA PROV .txt,Comune di Monsummano Terme,Comune di Pescia
09_PISTOIA PROV .txt,Comune di Monsummano Terme,Comune di Pieve a Nievole
09_PISTOIA PROV .txt,Comune di Monsummano Terme,Comune di Pistoia
09_PISTOIA PROV .txt,Comune di Monsummano Terme,Comune di Piteglio
09_PISTOIA PROV .txt,Comune di Monsummano Terme,Comune di Ponte Buggianese
09_PISTOIA PROV .txt,Comune di Monsummano Terme,Comune di Quarrata
09_PISTOIA PROV .txt,Comune di Monsummano Terme,Comune di Sambuca Pistoiese
09_PISTOIA PROV .txt,Comune di Monsummano Terme,Comune di San Marcello Pistoiese
09_PISTOIA PROV .txt,Comune di Monsummano Terme,Comune di Serravalle Pistoiese
09_PISTOIA PROV .txt,Comune di Monsummano Terme,Comune di Uzzano
09_PISTOIA PROV .txt,Comune di Monsummano Terme,Prefettura di Pistoia - Ufficio Territoriale di Governo
09_PISTOIA PROV .txt,Comune di Monsummano Terme,Procura della Repubblica di Pistoia
09_PISTOIA PROV .txt,Comune di Monsummano Terme,Provincia di Pistoia
09_PISTOIA PROV .txt,Comune di Monsummano Terme,Questura di Pistoia
09_PISTOIA PROV .txt,Comune di Monsummano Terme,Società della Salute Valdinievole
09_PISTOIA PROV .txt,Comune di Monsummano Terme,Tribunale di Pistoia
09_PISTOIA PROV .txt,Comune di Monsummano Terme,UGL Provinciale
09_PISTOIA PROV .txt,Comune di Monsummano Terme,UIL Provinciale
09_PISTOIA PROV .txt,Comune di Montale,Comune di Montecatini Terme
09_PISTOIA PROV .txt,Comune di Montale,Comune di Pescia
09_PISTOIA PROV .txt,Comune di Montale,Comune di Pieve a Nievole
09_PISTOIA PROV .txt,Comune di Montale,Comune di Pistoia
09_PISTOIA PROV .txt,Comune di Montale,Comune di Piteglio
09_PISTOIA PROV .txt,Comune di Montale,Comune di Ponte Buggianese
09_PISTOIA PROV .txt,Comune di Montale,Comune di Quarrata
09_PISTOIA PROV .txt,Comune di Montale,Comune di Sambuca Pistoiese
09_PISTOIA PROV .txt,Comune di Montale,Comune di San Marcello Pistoiese
09_PISTOIA PROV .txt,Comune di Montale,Comune di Serravalle Pistoiese
09_PISTOIA PROV .txt,Comune di Montale,Comune di Uzzano
09_PISTOIA PROV .txt,Comune di Montale,Prefettura di Pistoia - Ufficio Territoriale di Governo
09_PISTOIA PROV .txt,Comune di Montale,Procura della Repubblica di Pistoia
09_PISTOIA PROV .txt,Comune di Montale,Provincia di Pistoia
09_PISTOIA PROV .txt,Comune di Montale,Questura di Pistoia
09_PISTOIA PROV .txt,Comune di Montale,Società della Salute Valdinievole
09_PISTOIA PROV .txt,Comune di Montale,Tribunale di Pistoia
09_PISTOIA PROV .txt,Comune di Montale,UGL Provinciale
09_PISTOIA PROV .txt,Comune di Montale,UIL Provinciale
09_PISTOIA PROV .txt,Comune di Montecatini Terme,Comune di Pescia
09_PISTOIA PROV .txt,Comune di Montecatini Terme,Comune di Pieve a Nievole
09_PISTOIA PROV .txt,Comune di Montecatini Terme,Comune di Pistoia
09_PISTOIA PROV .txt,Comune di Montecatini Terme,Comune di Piteglio
09_PISTOIA PROV .txt,Comune di Montecatini Terme,Comune di Ponte Buggianese
09_PISTOIA PROV .txt,Comune di Montecatini Terme,Comune di Quarrata
09_PISTOIA PROV .txt,Comune di Montecatini Terme,Comune di Sambuca Pistoiese
09_PISTOIA PROV .txt,Comune di Montecatini Terme,Comune di San Marcello Pistoiese
09_PISTOIA PROV .txt,Comune di Montecatini Terme,Comune di Serravalle Pistoiese
09_PISTOIA PROV .txt,Comune di Montecatini Terme,Comune di Uzzano
09_PISTOIA PROV .txt,Comune di Montecatini Terme,Prefettura di Pistoia - Ufficio Territoriale di Governo
09_PISTOIA PROV .txt,Comune di Montecatini Terme,Procura della Repubblica di Pistoia
09_PISTOIA PROV .txt,Comune di Montecatini Terme,Provincia di Pistoia
09_PISTOIA PROV .txt,Comune di Montecatini Terme,Questura di Pistoia
09_PISTOIA PROV .txt,Comune di Montecatini Terme,Società della Salute Valdinievole
09_PISTOIA PROV .txt,Comune di Montecatini Terme,Tribunale di Pistoia
09_PISTOIA PROV .txt,Comune di Montecatini Terme,UGL Provinciale
09_PISTOIA PROV .txt,Comune di Montecatini Terme,UIL Provinciale
09_PISTOIA PROV .txt,Comune di Pescia,Comune di Pieve a Nievole
09_PISTOIA PROV .txt,Comune di Pescia,Comune di Pistoia
09_PISTOIA PROV .txt,Comune di Pescia,Comune di Piteglio
09_PISTOIA PROV .txt,Comune di Pescia,Comune di Ponte Buggianese
09_PISTOIA PROV .txt,Comune di Pescia,Comune di Quarrata
09_PISTOIA PROV .txt,Comune di Pescia,Comune di Sambuca Pistoiese
09_PISTOIA PROV .txt,Comune di Pescia,Comune di San Marcello Pistoiese
09_PISTOIA PROV .txt,Comune di Pescia,Comune di Serravalle Pistoiese
09_PISTOIA PROV .txt,Comune di Pescia,Comune di Uzzano
09_PISTOIA PROV .txt,Comune di Pescia,Prefettura di Pistoia - Ufficio Territoriale di Governo
09_PISTOIA PROV .txt,Comune di Pescia,Procura della Repubblica di Pistoia
09_PISTOIA PROV .txt,Comune di Pescia,Provincia di Pistoia
09_PISTOIA PROV .txt,Comune di Pescia,Questura di Pistoia
09_PISTOIA PROV .txt,Comune di Pescia,Società della Salute Valdinievole
09_PISTOIA PROV .txt,Comune di Pescia,Tribunale di Pistoia
09_PISTOIA PROV .txt,Comune di Pescia,UGL Provinciale
09_PISTOIA PROV .txt,Comune di Pescia,UIL Provinciale
09_PISTOIA PROV .txt,Comune di Pieve a Nievole,Comune di Pistoia
09_PISTOIA PROV .txt,Comune di Pieve a Nievole,Comune di Piteglio
09_PISTOIA PROV .txt,Comune di Pieve a Nievole,Comune di Ponte Buggianese
09_PISTOIA PROV .txt,Comune di Pieve a Nievole,Comune di Quarrata
09_PISTOIA PROV .txt,Comune di Pieve a Nievole,Comune di Sambuca Pistoiese
09_PISTOIA PROV .txt,Comune di Pieve a Nievole,Comune di San Marcello Pistoiese
09_PISTOIA PROV .txt,Comune di Pieve a Nievole,Comune di Serravalle Pistoiese
09_PISTOIA PROV .txt,Comune di Pieve a Nievole,Comune di Uzzano
09_PISTOIA PROV .txt,Comune di Pieve a Nievole,Prefettura di Pistoia - Ufficio Territoriale di Governo
09_PISTOIA PROV .txt,Comune di Pieve a Nievole,Procura della Repubblica di Pistoia
09_PISTOIA PROV .txt,Comune di Pieve a Nievole,Provincia di Pistoia
09_PISTOIA PROV .txt,Comune di Pieve a Nievole,Questura di Pistoia
09_PISTOIA PROV .txt,Comune di Pieve a Nievole,Società della Salute Valdinievole
09_PISTOIA PROV .txt,Comune di Pieve a Nievole,Tribunale di Pistoia
09_PISTOIA PROV .txt,Comune di Pieve a Nievole,UGL Provinciale
09_PISTOIA PROV .txt,Comune di Pieve a Nievole,UIL Provinciale
09_PISTOIA PROV .txt,Comune di Pistoia,Comune di Piteglio
09_PISTOIA PROV .txt,Comune di Pistoia,Comune di Ponte Buggianese
09_PISTOIA PROV .txt,Comune di Pistoia,Comune di Quarrata
09_PISTOIA PROV .txt,Comune di Pistoia,Comune di Sambuca Pistoiese
09_PISTOIA PROV .txt,Comune di Pistoia,Comune di San Marcello Pistoiese
09_PISTOIA PROV .txt,Comune di Pistoia,Comune di Serravalle Pistoiese
09_PISTOIA PROV .txt,Comune di Pistoia,Comune di Uzzano
09_PISTOIA PROV .txt,Comune di Pistoia,Prefettura di Pistoia - Ufficio Territoriale di Governo
09_PISTOIA PROV .txt,Comune di Pistoia,Procura della Repubblica di Pistoia
09_PISTOIA PROV .txt,Comune di Pistoia,Provincia di Pistoia
09_PISTOIA PROV .txt,Comune di Pistoia,Questura di Pistoia
09_PISTOIA PROV .txt,Comune di Pistoia,Società della Salute Valdinievole
09_PISTOIA PROV .txt,Comune di Pistoia,Tribunale di Pistoia
09_PISTOIA PROV .txt,Comune di Pistoia,UGL Provinciale
09_PISTOIA PROV .txt,Comune di Pistoia,UIL Provinciale
09_PISTOIA PROV .txt,Comune di Piteglio,Comune di Ponte Buggianese
09_PISTOIA PROV .txt,Comune di Piteglio,Comune di Quarrata
09_PISTOIA PROV .txt,Comune di Piteglio,Comune di Sambuca Pistoiese
09_PISTOIA PROV .txt,Comune di Piteglio,Comune di San Marcello Pistoiese
09_PISTOIA PROV .txt,Comune di Piteglio,Comune di Serravalle Pistoiese
09_PISTOIA PROV .txt,Comune di Piteglio,Comune di Uzzano
09_PISTOIA PROV .txt,Comune di Piteglio,Prefettura di Pistoia - Ufficio Territoriale di Governo
09_PISTOIA PROV .txt,Comune di Piteglio,Procura della Repubblica di Pistoia
09_PISTOIA PROV .txt,Comune di Piteglio,Provincia di Pistoia
09_PISTOIA PROV .txt,Comune di Piteglio,Questura di Pistoia
09_PISTOIA PROV .txt,Comune di Piteglio,Società della Salute Valdinievole
09_PISTOIA PROV .txt,Comune di Piteglio,Tribunale di Pistoia
09_PISTOIA PROV .txt,Comune di Piteglio,UGL Provinciale
09_PISTOIA PROV .txt,Comune di Piteglio,UIL Provinciale
09_PISTOIA PROV .txt,Comune di Ponte Buggianese,Comune di Quarrata
09_PISTOIA PROV .txt,Comune di Ponte Buggianese,Comune di Sambuca Pistoiese
09_PISTOIA PROV .txt,Comune di Ponte Buggianese,Comune di San Marcello Pistoiese
09_PISTOIA PROV .txt,Comune di Ponte Buggianese,Comune di Serravalle Pistoiese
09_PISTOIA PROV .txt,Comune di Ponte Buggianese,Comune di Uzzano
09_PISTOIA PROV .txt,Comune di Ponte Buggianese,Prefettura di Pistoia - Ufficio Territoriale di Governo
09_PISTOIA PROV .txt,Comune di Ponte Buggianese,Procura della Repubblica di Pistoia
09_PISTOIA PROV .txt,Comune di Ponte Buggianese,Provincia di Pistoia
09_PISTOIA PROV .txt,Comune di Ponte Buggianese,Questura di Pistoia
09_PISTOIA PROV .txt,Comune di Ponte Buggianese,Società della Salute Valdinievole
09_PISTOIA PROV .txt,Comune di Ponte Buggianese,Tribunale di Pistoia
09_PISTOIA PROV .txt,Comune di Ponte Buggianese,UGL Provinciale
09_PISTOIA PROV .txt,Comune di Ponte Buggianese,UIL Provinciale
09_PISTOIA PROV .txt,Comune di Quarrata,Comune di Sambuca Pistoiese
09_PISTOIA PROV .txt,Comune di Quarrata,Comune di San Marcello Pistoiese
09_PISTOIA PROV .txt,Comune di Quarrata,Comune di Serravalle Pistoiese
09_PISTOIA PROV .txt,Comune di Quarrata,Comune di Uzzano
09_PISTOIA PROV .txt,Comune di Quarrata,Prefettura di Pistoia - Ufficio Territoriale di Governo
09_PISTOIA PROV .txt,Comune di Quarrata,Procura della Repubblica di Pistoia
09_PISTOIA PROV .txt,Comune di Quarrata,Provincia di Pistoia
09_PISTOIA PROV .txt,Comune di Quarrata,Questura di Pistoia
09_PISTOIA PROV .txt,Comune di Quarrata,Società della Salute Valdinievole
09_PISTOIA PROV .txt,Comune di Quarrata,Tribunale di Pistoia
09_PISTOIA PROV .txt,Comune di Quarrata,UGL Provinciale
09_PISTOIA PROV .txt,Comune di Quarrata,UIL Provinciale
09_PISTOIA PROV .txt,Comune di Sambuca Pistoiese,Comune di San Marcello Pistoiese
09_PISTOIA PROV .txt,Comune di Sambuca Pistoiese,Comune di Serravalle Pistoiese
09_PISTOIA PROV .txt,Comune di Sambuca Pistoiese,Comune di Uzzano
09_PISTOIA PROV .txt,Comune di Sambuca Pistoiese,Prefettura di Pistoia - Ufficio Territoriale di Governo
09_PISTOIA PROV .txt,Comune di Sambuca Pistoiese,Procura della Repubblica di Pistoia
09_PISTOIA PROV .txt,Comune di Sambuca Pistoiese,Provincia di Pistoia
09_PISTOIA PROV .txt,Comune di Sambuca Pistoiese,Questura di Pistoia
09_PISTOIA PROV .txt,Comune di Sambuca Pistoiese,Società della Salute Valdinievole
09_PISTOIA PROV .txt,Comune di Sambuca Pistoiese,Tribunale di Pistoia
09_PISTOIA PROV .txt,Comune di Sambuca Pistoiese,UGL Provinciale
09_PISTOIA PROV .txt,Comune di Sambuca Pistoiese,UIL Provinciale
09_PISTOIA PROV .txt,Comune di San Marcello Pistoiese,Comune di Serravalle Pistoiese
09_PISTOIA PROV .txt,Comune di San Marcello Pistoiese,Comune di Uzzano
09_PISTOIA PROV .txt,Comune di San Marcello Pistoiese,Prefettura di Pistoia - Ufficio Territoriale di Governo
09_PISTOIA PROV .txt,Comune di San Marcello Pistoiese,Procura della Repubblica di Pistoia
09_PISTOIA PROV .txt,Comune di San Marcello Pistoiese,Provincia di Pistoia
09_PISTOIA PROV .txt,Comune di San Marcello Pistoiese,Questura di Pistoia
09_PISTOIA PROV .txt,Comune di San Marcello Pistoiese,Società della Salute Valdinievole
09_PISTOIA PROV .txt,Comune di San Marcello Pistoiese,Tribunale di Pistoia
09_PISTOIA PROV .txt,Comune di San Marcello Pistoiese,UGL Provinciale
09_PISTOIA PROV .txt,Comune di San Marcello Pistoiese,UIL Provinciale
09_PISTOIA PROV .txt,Comune di Serravalle Pistoiese,Comune di Uzzano
09_PISTOIA PROV .txt,Comune di Serravalle Pistoiese,Prefettura di Pistoia - Ufficio Territoriale di Governo
09_PISTOIA PROV .txt,Comune di Serravalle Pistoiese,Procura della Repubblica di Pistoia
09_PISTOIA PROV .txt,Comune di Serravalle Pistoiese,Provincia di Pistoia
09_PISTOIA PROV .txt,Comune di Serravalle Pistoiese,Questura di Pistoia
09_PISTOIA PROV .txt,Comune di Serravalle Pistoiese,Società della Salute Valdinievole
09_PISTOIA PROV .txt,Comune di Serravalle Pistoiese,Tribunale di Pistoia
09_PISTOIA PROV .txt,Comune di Serravalle Pistoiese,UGL Provinciale
09_PISTOIA PROV .txt,Comune di Serravalle Pistoiese,UIL Provinciale
09_PISTOIA PROV .txt,Comune di Uzzano,Prefettura di Pistoia - Ufficio Territoriale di Governo
09_PISTOIA PROV .txt,Comune di Uzzano,Procura della Repubblica di Pistoia
09_PISTOIA PROV .txt,Comune di Uzzano,Provincia di Pistoia
09_PISTOIA PROV .txt,Comune di Uzzano,Questura di Pistoia
09_PISTOIA PROV .txt,Comune di Uzzano,Società della Salute Valdinievole
09_PISTOIA PROV .txt,Comune di Uzzano,Tribunale di Pistoia
09_PISTOIA PROV .txt,Comune di Uzzano,UGL Provinciale
09_PISTOIA PROV .txt,Comune di Uzzano,UIL Provinciale
09_PISTOIA PROV .txt,Prefettura di Pistoia - Ufficio Territoriale di Governo,Procura della Repubblica di Pistoia
09_PISTOIA PROV .txt,Prefettura di Pistoia - Ufficio Territoriale di Governo,Provincia di Pistoia
09_PISTOIA PROV .txt,Prefettura di Pistoia - Ufficio Territoriale di Governo,Questura di Pistoia
09_PISTOIA PROV .txt,Prefettura di Pistoia - Ufficio Territoriale di Governo,Società della Salute Valdinievole
09_PISTOIA PROV .txt,Prefettura di Pistoia - Ufficio Territoriale di Governo,Tribunale di Pistoia
09_PISTOIA PROV .txt,Prefettura di Pistoia - Ufficio Territoriale di Governo,UGL Provinciale
09_PISTOIA PROV .txt,Prefettura di Pistoia - Ufficio Territoriale di Governo,UIL Provinciale
09_PISTOIA PROV .txt,Procura della Repubblica di Pistoia,Provincia di Pistoia
09_PISTOIA PROV .txt,Procura della Repubblica di Pistoia,Questura di Pistoia
09_PISTOIA PROV .txt,Procura della Repubblica di Pistoia,Società della Salute Valdinievole
09_PISTOIA PROV .txt,Procura della Repubblica di Pistoia,Tribunale di Pistoia
09_PISTOIA PROV .txt,Procura della Repubblica di Pistoia,UGL Provinciale
09_PISTOIA PROV .txt,Procura della Repubblica di Pistoia,UIL Provinciale
09_PISTOIA PROV .txt,Provincia di Pistoia,Questura di Pistoia
09_PISTOIA PROV .txt,Provincia di Pistoia,Società della Salute Valdinievole
09_PISTOIA PROV .txt,Provincia di Pistoia,Tribunale di Pistoia
09_PISTOIA PROV .txt,Provincia di Pistoia,UGL Provinciale
09_PISTOIA PROV .txt,Provincia di Pistoia,UIL Provinciale
09_PISTOIA PROV .txt,Questura di Pistoia,Società della Salute Valdinievole
09_PISTOIA PROV .txt,Questura di Pistoia,Tribunale di Pistoia
09_PISTOIA PROV .txt,Questura di Pistoia,UGL Provinciale
09_PISTOIA PROV .txt,Questura di Pistoia,UIL Provinciale
09_PISTOIA PROV .txt,Società della Salute Valdinievole,Tribunale di Pistoia
09_PISTOIA PROV .txt,Società della Salute Valdinievole,UGL Provinciale
09_PISTOIA PROV .txt,Società della Salute Valdinievole,UIL Provinciale
09_PISTOIA PROV .txt,Tribunale di Pistoia,UGL Provinciale
09_PISTOIA PROV .txt,Tribunale di Pistoia,UIL Provinciale
09_PISTOIA PROV .txt,UGL Provinciale,UIL Provinciale
