file,files,regione,provincia,comune,soggetto_incaricato,nome_canonico,tipo_30,tipo_10,ente_capofila,note
13_2406_rta_13_241122103901_4166---Protocollirete_ortonaelancianoCAVdonn.ÿ.txt | 13_2406_rta_13_241122104158_4166---Protocollirete_ortonaelancianoCAVdonn.ÿ.txt | 13_2406_rta_13_241122104842_4166---Protocollodirete_DAFNE.txt | 13_2406_rta_13_241122105540_4166---protocollodirete_vastodonnattiva.txt,13_2406_rta_13_241122103901_4166---Protocollirete_ortonaelancianoCAVdonn.ÿ.txt | 13_2406_rta_13_241122104158_4166---Protocollirete_ortonaelancianoCAVdonn.ÿ.txt | 13_2406_rta_13_241122104842_4166---Protocollodirete_DAFNE.txt | 13_2406_rta_13_241122105540_4166---protocollodirete_vastodonnattiva.txt,Abruzzo,Chieti,San Salvo,Associazione Dafne Onlus,Associazione Dafne Onlus,Altro,altro,,Coordinatore
18_2406_rta_18_240926102706_4166---protocollomondorosa2013.txt,18_2406_rta_18_240926102706_4166---protocollomondorosa2013.txt,Calabria,Catanzaro,Catanzaro,Centro Calabrese di Solidarieta,Centro Calabrese di Solidarieta,Altro,altro,,"Capofila, accoglienza e gestione del Centro Antiviolenza Regionale Mondo Rosa"
16_bat_convenzione CAV - ASL BT.txt,16_bat_convenzione CAV - ASL BT.txt,Puglia,Barletta-Andria-Trani,Barletta,Osservatorio Giulia e Rossella,Osservatorio Giulia e Rossella,Altro,altro,,ente gestore del proprio CAV
08_2406_rta_08_241015091621_4166---PROTOCOLLO_22.txt,08_2406_rta_08_241015091621_4166---PROTOCOLLO_22.txt,Emilia-Romagna,,,ASP Cesena Valle del Savio,ASP Cesena Valle del Savio,Altro,altro,,"gestore Centro Famiglie, Centro Interculturale Movimenti, Progetto Oltre la Strada"
08_2406_rta_08_241015091500_4166---Protocollo_autonomia_lavorativa_def.txt,08_2406_rta_08_241015091500_4166---Protocollo_autonomia_lavorativa_def.txt,Emilia-Romagna,,,Agenzia regionale per il lavoro,Agenzia regionale per il lavoro,Altro,altro,,gestisce i centri per l'impiego
13_2406_rta_13_241122105540_4166---protocollodirete_vastodonnattiva.txt,13_2406_rta_13_241122105540_4166---protocollodirete_vastodonnattiva.txt,Abruzzo,,,Akon Service,Akon Service,Altro,altro,,Gestione Sportello Antiviolenza DonnAttiva (in collaborazione)
01_2406_rta_01_241003113501_4166---CCVD1deliberaprotocolloccvd-2024eall1prot.txt,01_2406_rta_01_241003113501_4166---CCVD1deliberaprotocolloccvd-2024eall1prot.txt,Piemonte,,,Assemblea del Coordinamento,Assemblea del Coordinamento,Altro,altro,,organo decisionale del Coordinamento
08_2406_rta_08_241015091430_4166---Protocollo_Distrettuale_Contrasto_violenza_Donne2023.stamped.txt,08_2406_rta_08_241015091430_4166---Protocollo_Distrettuale_Contrasto_violenza_Donne2023.stamped.txt,Emilia-Romagna,,,Assistenza Servizi alla Persona (ASSP) Unione Terre e Fiumi,Assistenza Servizi alla Persona (ASSP) Unione Terre e Fiumi,Altro,altro,,Gestisce procedure reddito di libertà e servizi sociali per Unione Terre e Fiumi
09_SENESE Delibera-n.1196-del-24-10-2022-allegato-a_SENESE_2.txt,09_SENESE Delibera-n.1196-del-24-10-2022-allegato-a_SENESE_2.txt,Toscana,,,Autorita giudiziaria,Autorita giudiziaria,Altro,altro,,Soggetto destinatario e coordinatore delle attività
12_2406_rta_12_241004091505_4166---4ProtCAVPAOLALATTESEnjoi(2).txt,12_2406_rta_12_241004091505_4166---4ProtCAVPAOLALATTESEnjoi(2).txt,Lazio,,,BNKR Skatepark,BNKR Skatepark,Altro,altro,,"Luogo di aggregazione, referente per le attività di skateboarding e socializzazione"
12_2406_rta_12_241008150442_4166---1.Protocollo.txt,12_2406_rta_12_241008150442_4166---1.Protocollo.txt,Lazio,,,Be Free Società Cooperativa Sociale,Be Free Società Cooperativa Sociale,Altro,altro,Ente gestore,Ente gestore del C.A.V. SOS Donna — “Nilde Iotti”
01_2406_rta_01_240909114524_4166---CONVENZIONEUNITO-SPORTANTIVIOLENZA.txt,01_2406_rta_01_240909114524_4166---CONVENZIONEUNITO-SPORTANTIVIOLENZA.txt,Piemonte,,,CIRSDE,CIRSDE,Altro,altro,,Centro Interdisciplinare di Ricerche e Studi delle Donne e di Genere di UniTo; coinvolto in coordinamento e didattica
09_APUANE_2015 Protocollo Prefettura.txt | 09_FIRENZE Linee-di-indirizzo2024.txt,09_APUANE_2015 Protocollo Prefettura.txt | 09_FIRENZE Linee-di-indirizzo2024.txt,Toscana,,,CISMAI – Coordinamento Italiano dei Servizi contro il Maltrattamento e l'Abuso all'Infanzia,CISMAI – Coordinamento Italiano dei Servizi contro il Maltrattamento e l'Abuso all'Infanzia,Altro,altro,,Coordinamento italiano dei servizi contro il maltrattamento e l'abuso all'infanzia
03_2406_rta_03_240923171949_4166---PROTOCOLLOD'INTESARETETERRITORIALEANTIVIOLENZAVALLETROMPIA2024.txt,03_2406_rta_03_240923171949_4166---PROTOCOLLOD'INTESARETETERRITORIALEANTIVIOLENZAVALLETROMPIA2024.txt,Lombardia,,,COMUNITA' MONTANA DI VALLE TROMPIA,COMUNITA' MONTANA DI VALLE TROMPIA,Altro,altro,,"Ente Capofila della rete, coordina la rete territoriale"
01_2406_rta_01_241003113501_4166---CCVD1deliberaprotocolloccvd-2024eall1prot.txt,01_2406_rta_01_241003113501_4166---CCVD1deliberaprotocolloccvd-2024eall1prot.txt,Piemonte,,,CSIPiemonte,CSIPiemonte,Altro,altro,,responsabile esterno dei trattamenti per la gestione informatica
12_2406_rta_12_241003112247_4166---Accordodicollaborazione_CREDICI.txt | 12_2406_rta_12_241003113710_4166---Accordodicollaborazione_CREDICI.txt,12_2406_rta_12_241003112247_4166---Accordodicollaborazione_CREDICI.txt | 12_2406_rta_12_241003113710_4166---Accordodicollaborazione_CREDICI.txt,Lazio,,,Case di Semiautonomia gestite dall'Associazione Differenza Donna,Case di Semiautonomia gestite dall'Associazione Differenza Donna,Altro,altro,,Servizi per le donne gestiti da Associazione Differenza Donna APS
12_2406_rta_12_241002110904_4166---5protCAVSAPIENZA-RUOTALIBERACOOPERATIVASOCIALE.txt,12_2406_rta_12_241002110904_4166---5protCAVSAPIENZA-RUOTALIBERACOOPERATIVASOCIALE.txt,Lazio,,,Centrale Preneste,Centrale Preneste,Altro,altro,,Spazio polifunzionale gestito dalla Cooperativa Ruotalibera
12_2406_rta_12_241003112247_4166---Accordodicollaborazione_CREDICI.txt | 12_2406_rta_12_241003113710_4166---Accordodicollaborazione_CREDICI.txt,12_2406_rta_12_241003112247_4166---Accordodicollaborazione_CREDICI.txt | 12_2406_rta_12_241003113710_4166---Accordodicollaborazione_CREDICI.txt,Lazio,,,Centri antitratta gestiti dall'Associazione Differenza Donna,Centri antitratta gestiti dall'Associazione Differenza Donna,Altro,altro,,Servizi per le donne gestiti da Associazione Differenza Donna APS
12_2406_rta_12_241003101925_4166---ProtocolloFormazioneObiettivoUomo.txt,12_2406_rta_12_241003101925_4166---ProtocolloFormazioneObiettivoUomo.txt,Lazio,,,Centro Famiglie Nuovi Legami,Centro Famiglie Nuovi Legami,Altro,altro,,Gestito in Municipio VII.
01_2406_rta_01_241003113501_4166---CCVD1deliberaprotocolloccvd-2024eall1prot.txt,01_2406_rta_01_241003113501_4166---CCVD1deliberaprotocolloccvd-2024eall1prot.txt,Piemonte,,,Comitato di Raccordo,Comitato di Raccordo,Altro,altro,,organo esecutivo del Coordinamento
03_2406_rta_03_240918153240_4166---Protocollod'intesaperl'IstituzionediunSistemaTerritorialeAntiviolenzainReteconAddendumSindacati.txt,03_2406_rta_03_240918153240_4166---Protocollod'intesaperl'IstituzionediunSistemaTerritorialeAntiviolenzainReteconAddendumSindacati.txt,Lombardia,,,Comunite Montana Valsassina Valvarrone Val d'Esino e Riviera,Comunite Montana Valsassina Valvarrone Val d'Esino e Riviera,Altro,altro,,Gestisce servizi per l'inserimento lavorativo
05_2406_rta_05_240919114041_4166---protocollounicorevisionato2024.txt,05_2406_rta_05_240919114041_4166---protocollounicorevisionato2024.txt,Trento,,,Congregazione Suore Orsoline del Sacro Cuore di Maria,Congregazione Suore Orsoline del Sacro Cuore di Maria,Altro,altro,,Gestisce Case Rifugio Villa Savardo e Giovanna Meneghini
01_2406_rta_01_240904122512_4166---accordoSFD.txt,01_2406_rta_01_240904122512_4166---accordoSFD.txt,Piemonte,Biella,Cossato,Consorzio C.I.S.S.A.B.0,Consorzio C.I.S.S.A.B.0,Altro,altro,Partner Capofila,"Gestore del Centro Antiviolenza, titolare e responsabile di Casa Rifugio Biellese, gestore del fondo economico"
01_2406_rta_01_240904122512_4166---accordoSFD.txt,01_2406_rta_01_240904122512_4166---accordoSFD.txt,Piemonte,Biella,Biella,Consorzio I.R.I.S,Consorzio I.R.I.S,Altro,altro,,"Partner del protocollo, gestore progetti relative alle persone senza fissa dimora"
03_2406_rta_03_240925150245_4166---ProtocolloReteARIAPalazzolo.txt,03_2406_rta_03_240925150245_4166---ProtocolloReteARIAPalazzolo.txt,Lombardia,,,Cooperativa Fraternita Creativa,Cooperativa Fraternita Creativa,Altro,altro,ente gestore,"Consultorio Familiare privato accreditato Il Faro, firmatario"
01_2406_rta_01_241002150739_4166---DeliberaCostituzioneOsservatorioSaluteDonne.txt,01_2406_rta_01_241002150739_4166---DeliberaCostituzioneOsservatorioSaluteDonne.txt,Piemonte,,,Coordinamento Cittadino sulla Violenza contro le Donne,Coordinamento Cittadino sulla Violenza contro le Donne,Altro,altro,,Ente di coordinamento della Città su temi delle Pari Opportunità
05_2406_rta_05_240919124736_4166---Protocollo_per_contrasto_alla_violenza_di_genere.stamped.txt,05_2406_rta_05_240919124736_4166---Protocollo_per_contrasto_alla_violenza_di_genere.stamped.txt,Trento,,,Coordinamento Iris,Coordinamento Iris,Altro,altro,,Coordinamento dei Centri Antiviolenza della Regione Veneto
12_2406_rta_12_241008102339_4166---15-ConvenzionePreepost-Laureauniversitàdell'AQUILA.txt,12_2406_rta_12_241008102339_4166---15-ConvenzionePreepost-Laureauniversitàdell'AQUILA.txt,Lazio,,,Dipartimento di Scienze Cliniche Applicate e Biotecnologiche,Dipartimento di Scienze Cliniche Applicate e Biotecnologiche,Altro,altro,,Dipartimento dell'Universita degli Studi dell'Aquila; referente convenzione
03_2406_rta_03_240923103647_4166---protocolloreteantiviolenzacinisello2019(1).txt,03_2406_rta_03_240923103647_4166---protocolloreteantiviolenzacinisello2019(1).txt,Lombardia,,,Fondazione per la Famiglia Edith Stein ONLUS,Fondazione per la Famiglia Edith Stein ONLUS,Altro,altro,,Gestisce i due consultori accreditati
01_2406_rta_01_241003113501_4166---CCVD1deliberaprotocolloccvd-2024eall1prot.txt,01_2406_rta_01_241003113501_4166---CCVD1deliberaprotocolloccvd-2024eall1prot.txt,Piemonte,,,Gruppi di Lavoro del Coordinamento,Gruppi di Lavoro del Coordinamento,Altro,altro,,struttura organizzativa interna al Coordinamento
01_2406_rta_01_240904162242_4166---CONVENZIONETRAASLTO3ESVOLTADONNA.txt,01_2406_rta_01_240904162242_4166---CONVENZIONETRAASLTO3ESVOLTADONNA.txt,Piemonte,,,Gruppo Aziendale per il Maltrattamento e l'Abuso,Gruppo Aziendale per il Maltrattamento e l'Abuso,Altro,altro,,Coinvolto nella gestione delle donne vittime di violenza
08_2406_rta_08_241015091430_4166---Protocollo_Distrettuale_Contrasto_violenza_Donne2023.stamped.txt,08_2406_rta_08_241015091430_4166---Protocollo_Distrettuale_Contrasto_violenza_Donne2023.stamped.txt,Emilia-Romagna,,,INPS,INPS,Altro,altro,,Gestione piattaforma per domanda Reddito di Libertà
01_2406_rta_01_240904121349_4166---convenzione.txt,01_2406_rta_01_240904121349_4166---convenzione.txt,Piemonte,,,ISTAT,ISTAT,Altro,altro,,Richieste dati per monitoraggio
12_2406_rta_12_241004112805_4166---protocollod'intesa.txt,12_2406_rta_12_241004112805_4166---protocollod'intesa.txt,Lazio,,,Ministero del lavoro e delle politiche sociali,Ministero del lavoro e delle politiche sociali,Altro,altro,,gestione RUNTS
09_LIVORNO Protocollo_ RETE ANTIVIOLENZA_ LIVORNO.txt,09_LIVORNO Protocollo_ RETE ANTIVIOLENZA_ LIVORNO.txt,Toscana,,,Osservatorio Sociale Regionale,Osservatorio Sociale Regionale,Altro,altro,,Supporto monitoraggio dati
01_2406_rta_01_240904162242_4166---CONVENZIONETRAASLTO3ESVOLTADONNA.txt,01_2406_rta_01_240904162242_4166---CONVENZIONETRAASLTO3ESVOLTADONNA.txt,Piemonte,,,Psichiatria,Psichiatria,Altro,altro,,Coinvolta nella gestione delle donne vittime di violenza
01_2406_rta_01_240904162242_4166---CONVENZIONETRAASLTO3ESVOLTADONNA.txt,01_2406_rta_01_240904162242_4166---CONVENZIONETRAASLTO3ESVOLTADONNA.txt,Piemonte,,,Psicologia,Psicologia,Altro,altro,,Coinvolta nella gestione delle donne vittime di violenza
01_2406_rta_01_240904162242_4166---CONVENZIONETRAASLTO3ESVOLTADONNA.txt,01_2406_rta_01_240904162242_4166---CONVENZIONETRAASLTO3ESVOLTADONNA.txt,Piemonte,,,Servizi per la salute mentale,Servizi per la salute mentale,Altro,altro,,Coinvolti nella gestione delle donne vittime di violenza
01_2406_rta_01_240904162242_4166---CONVENZIONETRAASLTO3ESVOLTADONNA.txt,01_2406_rta_01_240904162242_4166---CONVENZIONETRAASLTO3ESVOLTADONNA.txt,Piemonte,,,Servizi per le dipendenze patologiche,Servizi per le dipendenze patologiche,Altro,altro,,Coinvolti nella gestione delle donne vittime di violenza
01_2406_rta_01_241003113501_4166---CCVD1deliberaprotocolloccvd-2024eall1prot.txt,01_2406_rta_01_241003113501_4166---CCVD1deliberaprotocolloccvd-2024eall1prot.txt,Piemonte,Torino,Torino,Servizio competente in materia di Pari Opportunita della Città di Torino,Servizio competente in materia di Pari Opportunita della Città di Torino,Altro,altro,,"supporto tecnico e amministrativo, coordinamento"
03_2406_rta_03_240918153252_4166---Protocollo+Appendice+LineeGuida_Datatodafirmare.txt,03_2406_rta_03_240918153252_4166---Protocollo+Appendice+LineeGuida_Datatodafirmare.txt,Lombardia,Cremona,Cremona,Settore Lavoro e Formazione Provincia di Cremona,Settore Lavoro e Formazione Provincia di Cremona,Altro,altro,,Coordina i CPI
01_2406_rta_01_240904162242_4166---CONVENZIONETRAASLTO3ESVOLTADONNA.txt,01_2406_rta_01_240904162242_4166---CONVENZIONETRAASLTO3ESVOLTADONNA.txt,Piemonte,,,Struttura di Ginecologia e Ostetricia,Struttura di Ginecologia e Ostetricia,Altro,altro,,Coinvolta nella gestione delle donne vittime di violenza
08_2406_rta_08_241015091655_4166---Aggiornamentointegrazioneprotocollooperativoapprovatonelgiugno2008.txt,08_2406_rta_08_241015091655_4166---Aggiornamentointegrazioneprotocollooperativoapprovatonelgiugno2008.txt,Emilia-Romagna,,,Tavolo Interistituzionale di contrasto alla violenza alle donne,Tavolo Interistituzionale di contrasto alla violenza alle donne,Altro,altro,,"Tavolo di coordinamento tra enti, promosso dal Comune di Reggio Emilia"
01_2406_rta_01_241003113501_4166---CCVD1deliberaprotocolloccvd-2024eall1prot.txt,01_2406_rta_01_241003113501_4166---CCVD1deliberaprotocolloccvd-2024eall1prot.txt,Piemonte,,,Tavolo della Città Metropolitana di Torino per la Promozione del Cambiamento degli Autori di Violenza di Genere,Tavolo della Città Metropolitana di Torino per la Promozione del Cambiamento degli Autori di Violenza di Genere,Altro,altro,,organismo di coordinamento territoriale
03_2406_rta_03_240923163715_4166---PROTOCOLLOD'INTESA2017_2020.txt,03_2406_rta_03_240923163715_4166---PROTOCOLLOD'INTESA2017_2020.txt,Lombardia,,,Uffici di Piano,Uffici di Piano,Altro,altro,,coordinamento servizi sociali; partecipano ai tavoli tecnici
01_2406_rta_01_240909113151_4166---CONVENZIONERIVOLI.txt,01_2406_rta_01_240909113151_4166---CONVENZIONERIVOLI.txt,Piemonte,,,Ufficio Pari Opportunita,Ufficio Pari Opportunita,Altro,altro,,Ufficio comunale coinvolto nella gestione e affidamento servizio
16_bari_Protocollo Gioia del Colle_ATS_Rete locale.txt | 16_bari_protollo di intesa Putignano_rete antiviolenza.txt,16_bari_Protocollo Gioia del Colle_ATS_Rete locale.txt | 16_bari_protollo di intesa Putignano_rete antiviolenza.txt,Puglia,,,Ufficio di Piano,Ufficio di Piano,Altro,altro,,Sede del Tavolo di coordinamento della Rete Antiviolenza
16_bar_protocollo operativo Triggiano_rete antiviolenza.pdf.txt,16_bar_protocollo operativo Triggiano_rete antiviolenza.pdf.txt,Puglia,,,medihospes,medihospes,Altro,altro,,Cooperativa Sociale; gestore del Centro Antiviolenza Il Giardino delle Lune
06_2406_rta_06_240916164102_4166---protocollopordenoneprefettura.txt,06_2406_rta_06_240916164102_4166---protocollopordenoneprefettura.txt,Veneto,,,Ambito Distrettuale 6.1,Ambito Distrettuale 6.1,"Ambiti della programmazione sociale e socio-sanitaria (Ambiti Sociali, Piani di Zona, Distretti socio-sanitari, Società della Salute)",Territorio,Comune di Sacile,"Firmatario, ente gestore Comune di Sacile"
06_2406_rta_06_240916164102_4166---protocollopordenoneprefettura.txt,06_2406_rta_06_240916164102_4166---protocollopordenoneprefettura.txt,Veneto,,,Ambito Distrettuale 6.2,Ambito Distrettuale 6.2,"Ambiti della programmazione sociale e socio-sanitaria (Ambiti Sociali, Piani di Zona, Distretti socio-sanitari, Società della Salute)",Territorio,Comune di San Vito al Tagliamento,"Firmatario, ente gestore Comune di San Vito al Tagliamento"
06_2406_rta_06_240916164102_4166---protocollopordenoneprefettura.txt,06_2406_rta_06_240916164102_4166---protocollopordenoneprefettura.txt,Veneto,,,Ambito Distrettuale 6.3,Ambito Distrettuale 6.3,"Ambiti della programmazione sociale e socio-sanitaria (Ambiti Sociali, Piani di Zona, Distretti socio-sanitari, Società della Salute)",Territorio,Comune di Azzano Decimo,"Firmatario, ente gestore Comune di Azzano Decimo"
06_2406_rta_06_240916164102_4166---protocollopordenoneprefettura.txt,06_2406_rta_06_240916164102_4166---protocollopordenoneprefettura.txt,Veneto,,,Ambito Distrettuale 6.4,Ambito Distrettuale 6.4,"Ambiti della programmazione sociale e socio-sanitaria (Ambiti Sociali, Piani di Zona, Distretti socio-sanitari, Società della Salute)",Territorio,Comune di Maniago,"Firmatario, ente gestore Comune di Maniago"
16_bari_protocollo operativo Gioia del Colle_EMI.txt,16_bari_protocollo operativo Gioia del Colle_EMI.txt,Puglia,Bari,Gioia del Colle,Ambito Territoriale Sociale di Gioia del Colle,Ambito Territoriale Sociale di Gioia del Colle,"Ambiti della programmazione sociale e socio-sanitaria (Ambiti Sociali, Piani di Zona, Distretti socio-sanitari, Società della Salute)",Territorio,Ambito Territoriale Sociale di Gioia del Colle,Promotore e coordinatore della rete; firmatario del protocollo
11_2406_rta_11_240911113235_4166---MacerataProtocollo2019_2022Firmato.txt,11_2406_rta_11_240911113235_4166---MacerataProtocollo2019_2022Firmato.txt,Marche,Macerata,Macerata,Ambito Territoriale Sociale n. 15 Macerata,Ambito Territoriale Sociale n. 15 Macerata,"Ambiti della programmazione sociale e socio-sanitaria (Ambiti Sociali, Piani di Zona, Distretti socio-sanitari, Società della Salute)",Territorio,capofila,Ambito capofila provinciale
11_2406_rta_11_240911113911_4166---AscoliPPROTOCOLLOoperativo_2019_2021.txt,11_2406_rta_11_240911113911_4166---AscoliPPROTOCOLLOoperativo_2019_2021.txt,Marche,,,Ambito Territoriale Sociale n. 22,Ambito Territoriale Sociale n. 22,"Ambiti della programmazione sociale e socio-sanitaria (Ambiti Sociali, Piani di Zona, Distretti socio-sanitari, Società della Salute)",Territorio,Ente Capofila,"Firmatario, gestisce il CAV e regia di rete"
11_2406_rta_11_240911113034_4166---protocollodireteantiviolenza2020-2022-uuvv.txt,11_2406_rta_11_240911113034_4166---protocollodireteantiviolenza2020-2022-uuvv.txt,Marche,Pesaro e Urbino,Pesaro,Ambito Territoriale Sociale n.1 di Pesaro,Ambito Territoriale Sociale n.1 di Pesaro,"Ambiti della programmazione sociale e socio-sanitaria (Ambiti Sociali, Piani di Zona, Distretti socio-sanitari, Società della Salute)",Territorio,,Capofila degli Ambiti Territoriali Sociali associati del territorio provinciale. Coordinamento della rete antiviolenza provinciale.
16_bari_protocollo operativo Mola di Bari_rete Antiviolenza.txt,16_bari_protocollo operativo Mola di Bari_rete Antiviolenza.txt,Puglia,,,Ambito Territoriale Sociale n°11,Ambito Territoriale Sociale n°11,"Ambiti della programmazione sociale e socio-sanitaria (Ambiti Sociali, Piani di Zona, Distretti socio-sanitari, Società della Salute)",Territorio,,Ufficio di Piano; promotore/accreditato; firmatario; monitoraggio protocollo
06_2406_rta_06_240916164102_4166---protocollopordenoneprefettura.txt,06_2406_rta_06_240916164102_4166---protocollopordenoneprefettura.txt,Veneto,,,Ambito Urbano 6.5,Ambito Urbano 6.5,"Ambiti della programmazione sociale e socio-sanitaria (Ambiti Sociali, Piani di Zona, Distretti socio-sanitari, Società della Salute)",Territorio,Comune di Pordenone,"Firmatario, ente gestore Comune di Pordenone"
03_2406_rta_03_240926122051_4166---Protocollomonz.txt,03_2406_rta_03_240926122051_4166---Protocollomonz.txt,Lombardia,Monza e della Brianza,Monza,Ambito territoriale di Monza,Ambito territoriale di Monza,"Ambiti della programmazione sociale e socio-sanitaria (Ambiti Sociali, Piani di Zona, Distretti socio-sanitari, Società della Salute)",Territorio,,Tra i 5 Ambiti Territoriali capofila possibili
03_2406_rta_03_240926144324_4166---Protocollodiintesa.txt,03_2406_rta_03_240926144324_4166---Protocollodiintesa.txt,Lombardia,,,Azienda Speciale Consortile Comuni Insieme per lo sviluppo sociale,Azienda Speciale Consortile Comuni Insieme per lo sviluppo sociale,"Ambiti della programmazione sociale e socio-sanitaria (Ambiti Sociali, Piani di Zona, Distretti socio-sanitari, Società della Salute)",Territorio,,Ente gestore del Piano di Zona e della gestione associata dei servizi
03_2406_rta_03_240926144324_4166---Protocollodiintesa.txt,03_2406_rta_03_240926144324_4166---Protocollodiintesa.txt,Lombardia,Milano,Rho,Azienda Speciale Consortile Sercop,Azienda Speciale Consortile Sercop,"Ambiti della programmazione sociale e socio-sanitaria (Ambiti Sociali, Piani di Zona, Distretti socio-sanitari, Società della Salute)",Territorio,,Ente gestore del Piano di Zona e della gestione associata dei servizi
03_2406_rta_03_240920120751_4166---protocollodiintesa.txt,03_2406_rta_03_240920120751_4166---protocollodiintesa.txt,Lombardia,Milano,Castano Primo,Azienda sociale di Castano Primo,Azienda sociale di Castano Primo,"Ambiti della programmazione sociale e socio-sanitaria (Ambiti Sociali, Piani di Zona, Distretti socio-sanitari, Società della Salute)",Territorio,,Ente capofila del Piano di Zona
01_2406_rta_01_241003120726_4166---Protocollod'intesaCISSAC-Puntoacapo.txt,01_2406_rta_01_241003120726_4166---Protocollod'intesaCISSAC-Puntoacapo.txt,Piemonte,Torino,Caluso,CONSORZIO INTERCOMUNALE SERVIZI SOCIO ASSISTENZIALI DI CALUSO- C.1.S.S-AC,CONSORZIO INTERCOMUNALE SERVIZI SOCIO ASSISTENZIALI DI CALUSO- C.1.S.S-AC,"Ambiti della programmazione sociale e socio-sanitaria (Ambiti Sociali, Piani di Zona, Distretti socio-sanitari, Società della Salute)",Territorio,,"Supporta il protocollo e il Centro Antiviolenza, gestisce attività territoriali"
01_2406_rta_01_240904121349_4166---convenzione.txt,01_2406_rta_01_240904121349_4166---convenzione.txt,Piemonte,Biella,Cossato,Consorzio CISSABO,Consorzio CISSABO,"Ambiti della programmazione sociale e socio-sanitaria (Ambiti Sociali, Piani di Zona, Distretti socio-sanitari, Società della Salute)",Territorio,ente capofila,"Firmatario, gestore Centro Antiviolenza, partner Casa Rifugio"
01_2406_rta_01_240904120005_4166---protocollo.txt,01_2406_rta_01_240904120005_4166---protocollo.txt,Piemonte,,,Consorzio Intercomunale Servizi Socio Assistenziali del Biellese Orientale C.LS.S.A.B.O,Consorzio Intercomunale Servizi Socio Assistenziali del Biellese Orientale C.LS.S.A.B.O,"Ambiti della programmazione sociale e socio-sanitaria (Ambiti Sociali, Piani di Zona, Distretti socio-sanitari, Società della Salute)",Territorio,soggetto capofila,Firmatario del protocollo; gestore del Centro Antiviolenza; capofila
01_2406_rta_01_240920112211_4166---367772-4-Protocollo_intesa_Completo.txt,01_2406_rta_01_240920112211_4166---367772-4-Protocollo_intesa_Completo.txt,Piemonte,,,Consorzio Socio Assistenziale del Cuneese,Consorzio Socio Assistenziale del Cuneese,"Ambiti della programmazione sociale e socio-sanitaria (Ambiti Sociali, Piani di Zona, Distretti socio-sanitari, Società della Salute)",Territorio,,Capofila Tavolo Provinciale attività donne vittime di violenza e Centro Antiviolenza n. 10/A
09_ALTA VALDELSA Protocollo-violenza-valdelsa-2022_ALTA VALDELSA.txt,09_ALTA VALDELSA Protocollo-violenza-valdelsa-2022_ALTA VALDELSA.txt,Toscana,,,Fondazione Territori Sociali Altavaldelsa,Fondazione Territori Sociali Altavaldelsa,"Ambiti della programmazione sociale e socio-sanitaria (Ambiti Sociali, Piani di Zona, Distretti socio-sanitari, Società della Salute)",Territorio,,Gestione servizi sociali area
06_2406_rta_06_240916164122_4166---prot_n_0119980_2024_Accordo(firmato).txt,06_2406_rta_06_240916164122_4166---prot_n_0119980_2024_Accordo(firmato).txt,Veneto,,,Servizio Sociale dei Comuni dell'Ambito Territoriale Friuli Centrale,Servizio Sociale dei Comuni dell'Ambito Territoriale Friuli Centrale,"Ambiti della programmazione sociale e socio-sanitaria (Ambiti Sociali, Piani di Zona, Distretti socio-sanitari, Società della Salute)",Territorio,Comune di Udine,Firmatario; gestito dal Comune di Udine; coinvolto nella rete territoriale
09_PRATO PREF.txt,09_PRATO PREF.txt,Toscana,,,Società della Salute Area Pratese,Società della Salute Area Pratese,"Ambiti della programmazione sociale e socio-sanitaria (Ambiti Sociali, Piani di Zona, Distretti socio-sanitari, Società della Salute)",Territorio,,"Capofila e promotore, firmatario del protocollo"
16_taranto_protocollo d'intesa CAVGinosa sottoscritto.txt,16_taranto_protocollo d'intesa CAVGinosa sottoscritto.txt,Puglia,Taranto,Ginosa,Ufficio di Piano,Ufficio di Piano,"Ambiti della programmazione sociale e socio-sanitaria (Ambiti Sociali, Piani di Zona, Distretti socio-sanitari, Società della Salute)",Territorio,,Sede eletta del Tavolo di coordinamento
13_2406_rta_13_241122101856_4166---Protocollodirete_AlphaGuardiagrele.txt,13_2406_rta_13_241122101856_4166---Protocollodirete_AlphaGuardiagrele.txt,Abruzzo,,,Centro di ascolto diocesano,Centro di ascolto diocesano,Altro,altro,,gestito da Caritas Diocesana
05_2406_rta_05_240919124736_4166---Protocollo_per_contrasto_alla_violenza_di_genere.stamped.txt,05_2406_rta_05_240919124736_4166---Protocollo_per_contrasto_alla_violenza_di_genere.stamped.txt,Veneto,Verona,Verona,NAV,NAV,Altro,altro,,Servizio gestito dal Comune di Verona per recupero aggressori
12_2406_rta_12_240926133706_4166---STAR.txt,12_2406_rta_12_240926133706_4166---STAR.txt,Lazio,,,"Sportelli di ascolto, orientamento e sostegno","Sportelli di ascolto, orientamento e sostegno",Altro,altro,,Gestiti da Centro Donna Lilith secondo le indicazioni regionali
03_2406_rta_03_240923113114_4166---ProtocolloReteAddaMartesanasottoscritto.txt,03_2406_rta_03_240923113114_4166---ProtocolloReteAddaMartesanasottoscritto.txt,Lombardia,Milano,Cernusco sul Naviglio,Sportello Donna,Sportello Donna,Altro,altro,,"Gestito da Associazione Blimunde; accoglienza, ascolto, consulenza"
12_2406_rta_12_241002115801_4166---3protCAVTITANO-IdeaPrisma82Coop.Soc.txt,12_2406_rta_12_241002115801_4166---3protCAVTITANO-IdeaPrisma82Coop.Soc.txt,Lazio,,,Sportello informativo per l'accesso ai servizi sociosanitari del territorio,Sportello informativo per l'accesso ai servizi sociosanitari del territorio,Altro,altro,,Sportello gestito o promosso da IDEA PRISMA 82 Cooperativa Sociale
11_2406_rta_11_240911113235_4166---MacerataProtocollo2019_2022Firmato.txt,11_2406_rta_11_240911113235_4166---MacerataProtocollo2019_2022Firmato.txt,Marche,,,sportello Informadonna,sportello Informadonna,Altro,altro,,Gestito da Comune di Macerata e Civitanova Marche
03_2406_rta_03_240923102947_4166---ProtSOTTOSCRITTO_ReteAntiviolenzaPiuIntegrazioneAprile2024(1).txt,03_2406_rta_03_240923102947_4166---ProtSOTTOSCRITTO_ReteAntiviolenzaPiuIntegrazioneAprile2024(1).txt,Lombardia,,,Comunità Montana Alta Valtellina,Comunità Montana Alta Valtellina,Province/Città metropolitane,Province/Città metropolitane,,Ente gestore Ufficio di Piano
13_2406_rta_13_241122110421_4166---PROTOCOLLOOPERATIVO.txt,13_2406_rta_13_241122110421_4166---PROTOCOLLOOPERATIVO.txt,Abruzzo,,,Comunità Montana Peligna,Comunità Montana Peligna,Province/Città metropolitane,Province/Città metropolitane,,"gestore di servizi sociali, soggetto promotore della rete"
03_2406_rta_03_240923102947_4166---ProtSOTTOSCRITTO_ReteAntiviolenzaPiuIntegrazioneAprile2024(1).txt,03_2406_rta_03_240923102947_4166---ProtSOTTOSCRITTO_ReteAntiviolenzaPiuIntegrazioneAprile2024(1).txt,Lombardia,,,Comunità Montana Valchiavenna,Comunità Montana Valchiavenna,Province/Città metropolitane,Province/Città metropolitane,,Ente gestore Ufficio di Piano
03_2406_rta_03_240920124656_4166---ProtocolloantiviolenzaDEFINITIVO(1).txt,03_2406_rta_03_240920124656_4166---ProtocolloantiviolenzaDEFINITIVO(1).txt,Lombardia,,,Comunità Montana Valle Brembana,Comunità Montana Valle Brembana,Province/Città metropolitane,Province/Città metropolitane,,Ente capofila della rete antiviolenza per gli Ambiti Valle Brembana e Valle Imagna-Villa d’Almé
03_2406_rta_03_240923102947_4166---ProtSOTTOSCRITTO_ReteAntiviolenzaPiuIntegrazioneAprile2024(1).txt,03_2406_rta_03_240923102947_4166---ProtSOTTOSCRITTO_ReteAntiviolenzaPiuIntegrazioneAprile2024(1).txt,Lombardia,Sondrio,Morbegno,Comunità Montana Valtellina di Morbegno,Comunità Montana Valtellina di Morbegno,Province/Città metropolitane,Province/Città metropolitane,,Ente gestore Ufficio di Piano
03_2406_rta_03_240923102947_4166---ProtSOTTOSCRITTO_ReteAntiviolenzaPiuIntegrazioneAprile2024(1).txt,03_2406_rta_03_240923102947_4166---ProtSOTTOSCRITTO_ReteAntiviolenzaPiuIntegrazioneAprile2024(1).txt,Lombardia,Sondrio,Tirano,Comunità Montana Valtellina di Tirano,Comunità Montana Valtellina di Tirano,Province/Città metropolitane,Province/Città metropolitane,,Ente gestore Ufficio di Piano
09_VALDICHIANA_all. decreto 37_2008 protocollo di intesa 2008.txt,09_VALDICHIANA_all. decreto 37_2008 protocollo di intesa 2008.txt,Toscana,,,Comunità Montana del Cetona,Comunità Montana del Cetona,Province/Città metropolitane,Province/Città metropolitane,,ente capofila dal quale deriva il Centro Pari Opportunità Valdichiana
08_2406_rta_08_241015091310_4166---Accordo_Contrasto_alla_violenza_CittMtrBO.txt,08_2406_rta_08_241015091310_4166---Accordo_Contrasto_alla_violenza_CittMtrBO.txt,Emilia-Romagna,Bologna,,Nuovo Circondario Imolese,Nuovo Circondario Imolese,Province/Città metropolitane,Province/Città metropolitane,Imola,capofila Distretto socio-sanitario di Imola
01_2406_rta_01_240920123646_4166---vercellieos.txt | 01_2406_rta_01_241018142716_4166---protocolloreteVC.txt,01_2406_rta_01_240920123646_4166---vercellieos.txt | 01_2406_rta_01_241018142716_4166---protocolloreteVC.txt,Piemonte,,,Unione Montana dei Comuni della Valsesia,Unione Montana dei Comuni della Valsesia,Province/Città metropolitane,Province/Città metropolitane,,Ente gestore delle funzioni socio assistenziali
08_2406_rta_08_241015091310_4166---Accordo_Contrasto_alla_violenza_CittMtrBO.txt,08_2406_rta_08_241015091310_4166---Accordo_Contrasto_alla_violenza_CittMtrBO.txt,Emilia-Romagna,Bologna,,Unione Reno Galliera,Unione Reno Galliera,Province/Città metropolitane,Province/Città metropolitane,Pianura Est,Ente capofila Distretto socio-sanitario Pianura Est
08_2406_rta_08_241015091310_4166---Accordo_Contrasto_alla_violenza_CittMtrBO.txt,08_2406_rta_08_241015091310_4166---Accordo_Contrasto_alla_violenza_CittMtrBO.txt,Emilia-Romagna,Bologna,,Unione Terre d'Acqua,Unione Terre d'Acqua,Province/Città metropolitane,Province/Città metropolitane,Pianura Ovest,capofila distretto socio-sanitario Pianura Ovest
08_2406_rta_08_241015091430_4166---Protocollo_Distrettuale_Contrasto_violenza_Donne2023.stamped.txt,08_2406_rta_08_241015091430_4166---Protocollo_Distrettuale_Contrasto_violenza_Donne2023.stamped.txt,Emilia-Romagna,Ferrara,,Unione Terre e Fiumi,Unione Terre e Fiumi,Province/Città metropolitane,Province/Città metropolitane,,"Comprende i Comuni di Copparo, Riva del Po, Tresignana; firmatario; ha funzioni sociali e gestionali; coinvolta in progetti e gestione risorse"
08_2406_rta_08_241015092024_4166---Protocollooperativo.txt,08_2406_rta_08_241015092024_4166---Protocollooperativo.txt,Emilia-Romagna,Modena,,Unione dei Comuni Modenesi Area Nord,Unione dei Comuni Modenesi Area Nord,Province/Città metropolitane,Province/Città metropolitane,,"gestione servizi minori, famiglie, giovani"
08_2406_rta_08_241015091310_4166---Accordo_Contrasto_alla_violenza_CittMtrBO.txt,08_2406_rta_08_241015091310_4166---Accordo_Contrasto_alla_violenza_CittMtrBO.txt,Emilia-Romagna,Bologna,,"Unione dei Comuni Valli del Reno, Lavino e Samoggia","Unione dei Comuni Valli del Reno, Lavino e Samoggia",Province/Città metropolitane,Province/Città metropolitane,"Reno, Lavino e Samoggia","Ente capofila Distretto socio-sanitario di Reno, Lavino e Samoggia"
18_2406_rta_18_240926102706_4166---protocollomondorosa2013.txt,18_2406_rta_18_240926102706_4166---protocollomondorosa2013.txt,Calabria,Catanzaro,,Unione dei Comuni del Versante Ionico,Unione dei Comuni del Versante Ionico,Province/Città metropolitane,Province/Città metropolitane,,"Partner, coordinamento servizi sociali; iscrizione centro ai 1522"
08_2406_rta_08_241015091310_4166---Accordo_Contrasto_alla_violenza_CittMtrBO.txt,08_2406_rta_08_241015091310_4166---Accordo_Contrasto_alla_violenza_CittMtrBO.txt,Emilia-Romagna,Bologna,,Unione dei Comuni dell'Appennino bolognese,Unione dei Comuni dell'Appennino bolognese,Province/Città metropolitane,Province/Città metropolitane,Appennino Bolognese,capofila distretto socio-sanitario dell’Appennino Bolognese
09_ALTA VALDELSA Protocollo-violenza-valdelsa-2022_ALTA VALDELSA.txt,09_ALTA VALDELSA Protocollo-violenza-valdelsa-2022_ALTA VALDELSA.txt,Toscana,,,Centro Pari Opportunità Valdelsa,Centro Pari Opportunità Valdelsa,Organismi di parità,Territorio,,Capofila e coordinatore Tavolo Valdelsa
09_VALDICHIANA_all. decreto 37_2008 protocollo di intesa 2008.txt,09_VALDICHIANA_all. decreto 37_2008 protocollo di intesa 2008.txt,Toscana,,,Centro Pari Opportunità Valdichiana,Centro Pari Opportunità Valdichiana,Organismi di parità,Territorio,,"coordinamento, attività operative, promozione rete"
01_2406_rta_01_241002150739_4166---DeliberaCostituzioneOsservatorioSaluteDonne.txt,01_2406_rta_01_241002150739_4166---DeliberaCostituzioneOsservatorioSaluteDonne.txt,Piemonte,,,Consulta Femminile Comunale,Consulta Femminile Comunale,Organismi di parità,Territorio,,Ente di coordinamento della Città su temi delle Pari Opportunità
01_2406_rta_01_241002150739_4166---DeliberaCostituzioneOsservatorioSaluteDonne.txt,01_2406_rta_01_241002150739_4166---DeliberaCostituzioneOsservatorioSaluteDonne.txt,Piemonte,,,Gender City Manager,Gender City Manager,Organismi di parità,Territorio,,Ente di coordinamento della Città su temi delle Pari Opportunità
18_2406_rta_18_240926102943_4166---schemaAccordoCollaborazione499ARIEL_signed.txt,18_2406_rta_18_240926102943_4166---schemaAccordoCollaborazione499ARIEL_signed.txt,Calabria,,Reggio Calabria,Città Metropolitana di Reggio Calabria,Città Metropolitana di Reggio Calabria,Province/Città metropolitane,Province/Città metropolitane,,"Firmatario dell'accordo, esercita funzioni di coordinamento, supervisione e controllo degli interventi"
08_2406_rta_08_241015091310_4166---Accordo_Contrasto_alla_violenza_CittMtrBO.txt | 08_2406_rta_08_241015091330_4166---Protocollo_intesa_autonomia_abitativa_donne_vittime_di_violenza_CittMtrBO.txt | 08_2406_rta_08_241015091500_4166---Protocollo_autonomia_lavorativa_def.txt,08_2406_rta_08_241015091310_4166---Accordo_Contrasto_alla_violenza_CittMtrBO.txt | 08_2406_rta_08_241015091330_4166---Protocollo_intesa_autonomia_abitativa_donne_vittime_di_violenza_CittMtrBO.txt | 08_2406_rta_08_241015091500_4166---Protocollo_autonomia_lavorativa_def.txt,Emilia-Romagna,Bologna,Bologna,Città metropolitana di Bologna,Città metropolitana di Bologna,Province/Città metropolitane,Province/Città metropolitane,,coordina accordo
09_AREZZO Prot_2024-2026.txt,09_AREZZO Prot_2024-2026.txt,Toscana,Arezzo,Arezzo,Provincia di Arezzo,Provincia di Arezzo,Province/Città metropolitane,Province/Città metropolitane,Provincia di Arezzo,Firmatario protocollo; Coordinatore della Rete Antiviolenza
16_2406_rta_16_250409174252_4166---Protocollo_Intesa_LARA.txt,16_2406_rta_16_250409174252_4166---Protocollo_Intesa_LARA.txt,Puglia,Brindisi,Brindisi,Provincia di Brindisi,Provincia di Brindisi,Province/Città metropolitane,Province/Città metropolitane,,"Firmatario del protocollo, coordinamento della rete"
03_2406_rta_03_240918153252_4166---Protocollo+Appendice+LineeGuida_Datatodafirmare.txt,03_2406_rta_03_240918153252_4166---Protocollo+Appendice+LineeGuida_Datatodafirmare.txt,Lombardia,Cremona,Cremona,Provincia di Cremona,Provincia di Cremona,Province/Città metropolitane,Province/Città metropolitane,,"Coordina varie azioni della rete, partecipa ad Assemblea e Comitato Tecnico"
09_GROSSETO 2022 fpdf.txt,09_GROSSETO 2022 fpdf.txt,Toscana,Grosseto,Grosseto,Provincia di Grosseto,Provincia di Grosseto,Province/Città metropolitane,Province/Città metropolitane,,Coordinatore della Rete antiviolenza
03_2406_rta_03_240923111659_4166---ProtocolloantiviolenzaComunediLodi_scansioneconfirme_maggio2014.txt,03_2406_rta_03_240923111659_4166---ProtocolloantiviolenzaComunediLodi_scansioneconfirme_maggio2014.txt,Lombardia,Lodi,Lodi,Provincia di Lodi,Provincia di Lodi,Province/Città metropolitane,Province/Città metropolitane,,"coordinamento precedente protocollo, collaborazioni"
09_LUCCA PROV.txt,09_LUCCA PROV.txt,Toscana,Lucca,Lucca,Provincia di Lucca,Provincia di Lucca,Province/Città metropolitane,Province/Città metropolitane,,"Ente promotore, coordinamento politico del tavolo"
09_PISTOIA PROV .txt,09_PISTOIA PROV .txt,Toscana,Pistoia,Pistoia,Provincia di Pistoia,Provincia di Pistoia,Province/Città metropolitane,Province/Città metropolitane,,firmatario; soggetto capofila dell'Intesa
16_2406_rta_16_250410122122_4166---Protocollo_Viola.txt,16_2406_rta_16_250410122122_4166---Protocollo_Viola.txt,Puglia,Foggia,Foggia,Università degli Studi di Foggia,Università degli Studi di Foggia,Università,Settore Educativo,,Firmatario del protocollo; coordina Osservatorio sulla violenza di genere e sui minori
11_2406_rta_11_240911113105_4166---PROTOCOLLO_OPERATIVO2024_CONINDIRIZZARIO_FIRMATO.txt,11_2406_rta_11_240911113105_4166---PROTOCOLLO_OPERATIVO2024_CONINDIRIZZARIO_FIRMATO.txt,Marche,Ancona,Ancona,CUAV Centro Uomini Autori di Violenza Ancona,CUAV Centro Uomini Autori di Violenza Ancona,"Associazioni che si occupano di programmi di prevenzione, recupero e trattamento per uomini maltrattanti",associazionismo,,Parte del sistema regionale; punto VOCE gestito da Cooperativa Polo 9
08_2406_rta_08_241015091430_4166---Protocollo_Distrettuale_Contrasto_violenza_Donne2023.stamped.txt,08_2406_rta_08_241015091430_4166---Protocollo_Distrettuale_Contrasto_violenza_Donne2023.stamped.txt,Emilia-Romagna,,,Centro Pubblico LIBERIAMOCI DALLA VIOLENZA (LDV,Centro Pubblico LIBERIAMOCI DALLA VIOLENZA (LDV,"Associazioni che si occupano di programmi di prevenzione, recupero e trattamento per uomini maltrattanti",associazionismo,,"Centro pubblico per trattamento uomini autori di violenza, gestito da Aziende Sanitarie"
09_PISA PREF E PROV.txt,09_PISA PREF E PROV.txt,Toscana,,,Nuovo Maschile. Uomini liberi dalla violenza,Nuovo Maschile. Uomini liberi dalla violenza,"Associazioni che si occupano di programmi di prevenzione, recupero e trattamento per uomini maltrattanti",associazionismo,,gestisce linea di ascolto e percorsi per uomini
12_2406_rta_12_240926112734_4166---3AccordoDistrettoVT4ePontedonna-signed(1).txt,12_2406_rta_12_240926112734_4166---3AccordoDistrettoVT4ePontedonna-signed(1).txt,Lazio,Roma,Grottaferrata,APS Ponte Donna,APS Ponte Donna,Ente terzo settore - ETS (iscritto al RUNTS)[1],associazionismo,,Iscritta al RUNTS ID pratica 721443; iscritta all’Albo regionale delle organizzazioni di donne impegnate nel contrasto alla violenza di genere; Ente gestore del Centro Antiviolenza Demetra VT4
01_2406_rta_01_240904121349_4166---convenzione.txt,01_2406_rta_01_240904121349_4166---convenzione.txt,Piemonte,Biella,Biella,Anteo Impresa Cooperativa Sociale,Anteo Impresa Cooperativa Sociale,Ente terzo settore - ETS (iscritto al RUNTS)[1],associazionismo,,"Firmatario, gestore Casa Rifugio ad indirizzo segreto"
16_bari_protocollo operativo Gioia del Colle_EMI.txt | 16_bari_protocollo operativo Grumo_EMI.txt,16_bari_protocollo operativo Gioia del Colle_EMI.txt | 16_bari_protocollo operativo Grumo_EMI.txt,Puglia,Bari,Conversano,Aps Sud Est Donne,Aps Sud Est Donne,Ente terzo settore - ETS (iscritto al RUNTS)[1],associazionismo,,Gestore del Centro Antiviolenza Li.A
16_2406_rta_16_250409161633_4166---29_prot_n_0090671_2024_PROT_OP-ODVPOLIZIADISTATO-RISCOPRIRSI.txt,16_2406_rta_16_250409161633_4166---29_prot_n_0090671_2024_PROT_OP-ODVPOLIZIADISTATO-RISCOPRIRSI.txt,Puglia,Barletta-Andria-Trani,Andria,"Associazione ""RiscoprirSi... - APS","Associazione ""RiscoprirSi... - APS",Ente terzo settore - ETS (iscritto al RUNTS)[1],associazionismo,,gestisce il Centro Antiviolenza RiscoprirSi...
05_2406_rta_05_240919114041_4166---protocollounicorevisionato2024.txt,05_2406_rta_05_240919114041_4166---protocollounicorevisionato2024.txt,Veneto,Vicenza,Bassano del Grappa,Associazione Casa Sichem,Associazione Casa Sichem,Ente terzo settore - ETS (iscritto al RUNTS)[1],associazionismo,,Gestore del Centro Antiviolenza Hagar e Casa Rifugio Tabita
12_2406_rta_12_241003120714_4166---ASLROMA5_.txt,12_2406_rta_12_241003120714_4166---ASLROMA5_.txt,Lazio,Roma,Roma,Associazione Differenza Donna - Associazione di Donne contro la violenza alle donne Onlus,Associazione Differenza Donna - Associazione di Donne contro la violenza alle donne Onlus,Ente terzo settore - ETS (iscritto al RUNTS)[1],associazionismo,,gestione Sportelli Ospedalieri Antiviolenza; collabora con ASL Roma 5 e altre istituzioni su protocolli antiviolenza
12_2406_rta_12_241003110309_4166---ProtocollodiIntesaMunicipio1eDD.txt,12_2406_rta_12_241003110309_4166---ProtocollodiIntesaMunicipio1eDD.txt,Lazio,Roma,Roma,Associazione Differenza Donna - ONLUS,Associazione Differenza Donna - ONLUS,Ente terzo settore - ETS (iscritto al RUNTS)[1],associazionismo,,Firmatario del protocollo; denominata anche semplicemente Associazione Differenza Donna e Ass. D.D.; gestisce il Centro Antiviolenza
12_2406_rta_12_241003105319_4166---PROTOCOLLODIINTES1_2601def-signed-signed.txt | 12_2406_rta_12_241003105855_4166---ProtocollodiintesafirmatoASL1.txt | 12_2406_rta_12_241003110812_4166---ALLIANCEFORAFRICANASSISTANCE_colasantilopez.txt | 12_2406_rta_12_241003112247_4166---Accordodicollaborazione_CREDICI.txt | 12_2406_rta_12_241003112656_4166---AccordodicollaborazioneconsultorieDifferenzaDonna.txt | 12_2406_rta_12_241003113235_4166---Accordodifferenzadonna-29.09.2023-signed.txt | 12_2406_rta_12_241003113710_4166---Accordodicollaborazione_CREDICI.txt | 12_2406_rta_12_241003114931_4166---ProtocollodiintesaDifferenzaDonnaeMunicipio13.txt | 12_2406_rta_12_241003115852_4166---SISTEMABIBLIOTECARIOLASAPIENZA.txt,12_2406_rta_12_241003105319_4166---PROTOCOLLODIINTES1_2601def-signed-signed.txt | 12_2406_rta_12_241003105855_4166---ProtocollodiintesafirmatoASL1.txt | 12_2406_rta_12_241003110812_4166---ALLIANCEFORAFRICANASSISTANCE_colasantilopez.txt | 12_2406_rta_12_241003112247_4166---Accordodicollaborazione_CREDICI.txt | 12_2406_rta_12_241003112656_4166---AccordodicollaborazioneconsultorieDifferenzaDonna.txt | 12_2406_rta_12_241003113235_4166---Accordodifferenzadonna-29.09.2023-signed.txt | 12_2406_rta_12_241003113710_4166---Accordodicollaborazione_CREDICI.txt | 12_2406_rta_12_241003114931_4166---ProtocollodiintesaDifferenzaDonnaeMunicipio13.txt | 12_2406_rta_12_241003115852_4166---SISTEMABIBLIOTECARIOLASAPIENZA.txt,Lazio,Roma,Roma,Associazione Differenza Donna APS,Associazione Differenza Donna APS,Ente terzo settore - ETS (iscritto al RUNTS)[1],associazionismo,,Firmatario del protocollo; gestisce CAV e Casa Rifugio
08_2406_rta_08_241015091621_4166---PROTOCOLLO_22.txt,08_2406_rta_08_241015091621_4166---PROTOCOLLO_22.txt,Emilia-Romagna,Forli-Cesena,Cesena,Associazione Grazia e Pace,Associazione Grazia e Pace,Ente terzo settore - ETS (iscritto al RUNTS)[1],associazionismo,,gestione servizi di riabilitazione e protezione per donne e famiglie
12_2406_rta_12_241004112805_4166---protocollod'intesa.txt,12_2406_rta_12_241004112805_4166---protocollod'intesa.txt,Lazio,Frosinone,Cassino,Associazione Kalimess ODV,Associazione Kalimess ODV,Ente terzo settore - ETS (iscritto al RUNTS)[1],associazionismo,,Gestore CAV 'RINASCITA'; firmatario protocollo
08_2406_rta_08_241015091621_4166---PROTOCOLLO_22.txt,08_2406_rta_08_241015091621_4166---PROTOCOLLO_22.txt,Emilia-Romagna,Forli-Cesena,Cesena,Associazione Mater Caritatis,Associazione Mater Caritatis,Ente terzo settore - ETS (iscritto al RUNTS)[1],associazionismo,,"strumento gestionale Caritas Diocesana, tramite Comune di Cesena"
12_2406_rta_12_241003094302_4166---4VerbaleIncontroGiorgieLaGinestra-PROTOCOLLO.txt,12_2406_rta_12_241003094302_4166---4VerbaleIncontroGiorgieLaGinestra-PROTOCOLLO.txt,Lazio,Roma,Roma,Associazione Nazionale Volontarie del Telefono Rosa - Onlus,Associazione Nazionale Volontarie del Telefono Rosa - Onlus,Ente terzo settore - ETS (iscritto al RUNTS)[1],associazionismo,,Gestisce per conto della Regione Lazio il Centro di accoglienza La Ginestra
01_2406_rta_01_240904120005_4166---protocollo.txt | 01_2406_rta_01_240904122512_4166---accordoSFD.txt,01_2406_rta_01_240904120005_4166---protocollo.txt | 01_2406_rta_01_240904122512_4166---accordoSFD.txt,Piemonte,,,Associazione Non Sei Sola Uscire dal Silenzio Contro la Violenza,Associazione Non Sei Sola Uscire dal Silenzio Contro la Violenza,Ente terzo settore - ETS (iscritto al RUNTS)[1],associazionismo,,Firmatario del protocollo; gestisce Punto di Ascolto Antiviolenza
09_GROSSETO 2022 fpdf.txt,09_GROSSETO 2022 fpdf.txt,Toscana,Grosseto,Grosseto,Associazione Olympia de Gouges,Associazione Olympia de Gouges,Ente terzo settore - ETS (iscritto al RUNTS)[1],associazionismo,,gestore del centro antiviolenza 'Olympia de Gouges'
11_2406_rta_11_240911113911_4166---AscoliPPROTOCOLLOoperativo_2019_2021.txt,11_2406_rta_11_240911113911_4166---AscoliPPROTOCOLLOoperativo_2019_2021.txt,Marche,Ascoli Piceno,Folignano,Associazione On The Road Onlus,Associazione On The Road Onlus,Ente terzo settore - ETS (iscritto al RUNTS)[1],associazionismo,,"Firmatario, gestore Centro Antiviolenza ATS 22"
03_2406_rta_03_240920120751_4166---protocollodiintesa.txt,03_2406_rta_03_240920120751_4166---protocollodiintesa.txt,Lombardia,Milano,Abbiategrasso,Associazione Paroikia Onlus di Abbiategrasso,Associazione Paroikia Onlus di Abbiategrasso,Ente terzo settore - ETS (iscritto al RUNTS)[1],associazionismo,,Gestisce Casa Agora
18_2406_rta_18_240926102528_4166---PROTOCOLLOAISM_PICCOLAOPERA_firma.txt,18_2406_rta_18_240926102528_4166---PROTOCOLLOAISM_PICCOLAOPERA_firma.txt,Calabria,,Reggio Calabria,Associazione Piccola Opera Papa Giovanni Onlus,Associazione Piccola Opera Papa Giovanni Onlus,Ente terzo settore - ETS (iscritto al RUNTS)[1],associazionismo,,Ente gestore del Centro Antiviolenza e della Casa Rifugio Angela Morabito; partner principale del protocollo.
12_2406_rta_12_240926113112_4166---4AccordoSpaziosupportodonnaAPSPonteDonna.txt | 12_2406_rta_12_240926115028_4166---ProtICROASLazioePonteDonna.txt | 12_2406_rta_12_240926124601_4166---ACCORDOtrlepartiITSETLOIeMarielleFranco(1).txt,12_2406_rta_12_240926113112_4166---4AccordoSpaziosupportodonnaAPSPonteDonna.txt | 12_2406_rta_12_240926115028_4166---ProtICROASLazioePonteDonna.txt | 12_2406_rta_12_240926124601_4166---ACCORDOtrlepartiITSETLOIeMarielleFranco(1).txt,Lazio,Roma,Grottaferrata,Associazione Ponte Donna APS,Associazione Ponte Donna APS,Ente terzo settore - ETS (iscritto al RUNTS)[1],associazionismo,,Iscritta al RUNTS ID pratica 721443; iscritta all’Albo regionale delle organizzazioni di donne impegnate nel contrasto alla violenza di genere e nel sostegno ai percorsi di uscita dalla violenza; ente gestore del Centro Antiviolenza Demetra VT4
05_2406_rta_05_240919114041_4166---protocollounicorevisionato2024.txt,05_2406_rta_05_240919114041_4166---protocollounicorevisionato2024.txt,Veneto,Vicenza,Bassano del Grappa,Associazione Questacitta,Associazione Questacitta,Ente terzo settore - ETS (iscritto al RUNTS)[1],associazionismo,,Gestore del Centro Antiviolenza Spazio Donna
01_2406_rta_01_240904120005_4166---protocollo.txt | 01_2406_rta_01_240904122512_4166---accordoSFD.txt,01_2406_rta_01_240904120005_4166---protocollo.txt | 01_2406_rta_01_240904122512_4166---accordoSFD.txt,Piemonte,,,Associazione Save The Children Italia ONLUS,Associazione Save The Children Italia ONLUS,Ente terzo settore - ETS (iscritto al RUNTS)[1],associazionismo,,Firmatario del protocollo; gestisce Centro 'I Germogli' a Ponderano
01_2406_rta_01_240904121349_4166---convenzione.txt,01_2406_rta_01_240904121349_4166---convenzione.txt,Piemonte,Biella,Biella,Associazione Underground OdV,Associazione Underground OdV,Ente terzo settore - ETS (iscritto al RUNTS)[1],associazionismo,,"Firmatario, gestore attività volontariato e raccolta fondi Casa Rifugio"
03_2406_rta_03_240923163715_4166---PROTOCOLLOD'INTESA2017_2020.txt,03_2406_rta_03_240923163715_4166---PROTOCOLLOD'INTESA2017_2020.txt,Lombardia,,,Associazioni del privato sociale,Associazioni del privato sociale,Ente terzo settore - ETS (iscritto al RUNTS)[1],associazionismo,,questione generale su gestione beni confiscati e percorsi antiviolenza
03_2406_rta_03_240920120751_4166---protocollodiintesa.txt,03_2406_rta_03_240920120751_4166---protocollodiintesa.txt,Lombardia,Milano,Legnano,Auser Ticino Olona di Legnano,Auser Ticino Olona di Legnano,Ente terzo settore - ETS (iscritto al RUNTS)[1],associazionismo,,Gestisce servizio Filo d’Argento
03_2406_rta_03_240923101524_4166---PROTOCOLLO_DI_INTESA_versione_DEFINITIVA2021.stamped.txt,03_2406_rta_03_240923101524_4166---PROTOCOLLO_DI_INTESA_versione_DEFINITIVA2021.stamped.txt,Lombardia,Brescia,Brescia,Butterfly Società Cooperativa Sociale,Butterfly Società Cooperativa Sociale,Ente terzo settore - ETS (iscritto al RUNTS)[1],associazionismo,,Gestore di CAV già convenzionata con la Rete interistituzionale territoriale antiviolenza
03_2406_rta_03_240923171949_4166---PROTOCOLLOD'INTESARETETERRITORIALEANTIVIOLENZAVALLETROMPIA2024.txt,03_2406_rta_03_240923171949_4166---PROTOCOLLOD'INTESARETETERRITORIALEANTIVIOLENZAVALLETROMPIA2024.txt,Lombardia,Cremona,Cremona,CIVITAS,CIVITAS,Ente terzo settore - ETS (iscritto al RUNTS)[1],associazionismo,,Società a capitale pubblico che gestisce servizi consultoriali territoriali
16_bat_convenzione CAV - ASL BT.txt,16_bat_convenzione CAV - ASL BT.txt,Puglia,,,COOP. SOC. PROMOZIONE SOCIALE E SOLIDARIETA,COOP. SOC. PROMOZIONE SOCIALE E SOLIDARIETA,Ente terzo settore - ETS (iscritto al RUNTS)[1],associazionismo,,ente gestore del Centro Antiviolenza SAVE
16_bari_protocollo operativo Gioia del Colle_EMI.txt,16_bari_protocollo operativo Gioia del Colle_EMI.txt,Puglia,,,Comunita San Francesco,Comunita San Francesco,Ente terzo settore - ETS (iscritto al RUNTS)[1],associazionismo,,Gestore del Centro Antiviolenza Li.A
01_2406_rta_01_240920112211_4166---367772-4-Protocollo_intesa_Completo.txt,01_2406_rta_01_240920112211_4166---367772-4-Protocollo_intesa_Completo.txt,Piemonte,Cuneo,Cuneo,Coop. Fiordaliso Soc. Coop. Sociale Onlus,Coop. Fiordaliso Soc. Coop. Sociale Onlus,Ente terzo settore - ETS (iscritto al RUNTS)[1],associazionismo,,Gestisce la casa rifugio autorizzata
08_2406_rta_08_241015091621_4166---PROTOCOLLO_22.txt,08_2406_rta_08_241015091621_4166---PROTOCOLLO_22.txt,Emilia-Romagna,,,Coop.va Sociale Librazione,Coop.va Sociale Librazione,Ente terzo settore - ETS (iscritto al RUNTS)[1],associazionismo,,gestione Centro Donna del Comune di Cesena
12_2406_rta_12_241003094302_4166---4VerbaleIncontroGiorgieLaGinestra-PROTOCOLLO.txt,12_2406_rta_12_241003094302_4166---4VerbaleIncontroGiorgieLaGinestra-PROTOCOLLO.txt,Lazio,Latina,Priverno,"Cooperativa ""La Ginestra","Cooperativa ""La Ginestra",Ente terzo settore - ETS (iscritto al RUNTS)[1],associazionismo,,Gestisce il Centro di accoglienza per donne e minori in difficoltà La Ginestra
03_2406_rta_03_240923102947_4166---ProtSOTTOSCRITTO_ReteAntiviolenzaPiuIntegrazioneAprile2024(1).txt,03_2406_rta_03_240923102947_4166---ProtSOTTOSCRITTO_ReteAntiviolenzaPiuIntegrazioneAprile2024(1).txt,Lombardia,Sondrio,Sondrio,Cooperativa Altra Via,Cooperativa Altra Via,Ente terzo settore - ETS (iscritto al RUNTS)[1],associazionismo,,Gestore di Casa Rifugio Emergenza in Rosa
08_2406_rta_08_241015091430_4166---Protocollo_Distrettuale_Contrasto_violenza_Donne2023.stamped.txt,08_2406_rta_08_241015091430_4166---Protocollo_Distrettuale_Contrasto_violenza_Donne2023.stamped.txt,Emilia-Romagna,,,Cooperativa Girogirotondo,Cooperativa Girogirotondo,Ente terzo settore - ETS (iscritto al RUNTS)[1],associazionismo,,Co-gestione Sportello Antiviolenza Iris (Comacchio)
03_2406_rta_03_240923102947_4166---ProtSOTTOSCRITTO_ReteAntiviolenzaPiuIntegrazioneAprile2024(1).txt | 03_2406_rta_03_240923103647_4166---protocolloreteantiviolenzacinisello2019(1).txt,03_2406_rta_03_240923102947_4166---ProtSOTTOSCRITTO_ReteAntiviolenzaPiuIntegrazioneAprile2024(1).txt | 03_2406_rta_03_240923103647_4166---protocolloreteantiviolenzacinisello2019(1).txt,Lombardia,,,Cooperativa Lotta Contro l'Emarginazione,Cooperativa Lotta Contro l'Emarginazione,Ente terzo settore - ETS (iscritto al RUNTS)[1],associazionismo,,Gestore di Casa Rosa Parks e Casa Simona
11_2406_rta_11_240911113105_4166---PROTOCOLLO_OPERATIVO2024_CONINDIRIZZARIO_FIRMATO.txt,11_2406_rta_11_240911113105_4166---PROTOCOLLO_OPERATIVO2024_CONINDIRIZZARIO_FIRMATO.txt,Marche,Ancona,Ancona,Cooperativa Polo 9,Cooperativa Polo 9,Ente terzo settore - ETS (iscritto al RUNTS)[1],associazionismo,,Tra i firmatari; gestisce Casa Rifugio Zefiro
05_2406_rta_05_240919114041_4166---protocollounicorevisionato2024.txt,05_2406_rta_05_240919114041_4166---protocollounicorevisionato2024.txt,Veneto,Vicenza,Schio,Cooperativa Samarcanda,Cooperativa Samarcanda,Ente terzo settore - ETS (iscritto al RUNTS)[1],associazionismo,,Gestisce Casa Rifugio Il Filo di Roberta
05_2406_rta_05_240917141534_4166---protocollodiretefirmato.txt,05_2406_rta_05_240917141534_4166---protocollodiretefirmato.txt,Veneto,Treviso,Montebelluna,"Cooperativa Sociale ""Una Casa per l'Uomo","Cooperativa Sociale ""Una Casa per l'Uomo",Ente terzo settore - ETS (iscritto al RUNTS)[1],associazionismo,,"gestore Centro Antiviolenza Stella Antares, Casa Alma, Casa Aurora, Cambiamento Maschile"
01_2406_rta_01_240904122512_4166---accordoSFD.txt,01_2406_rta_01_240904122512_4166---accordoSFD.txt,Piemonte,Biella,Biella,Cooperativa Sociale Anteo,Cooperativa Sociale Anteo,Ente terzo settore - ETS (iscritto al RUNTS)[1],associazionismo,,"Partner Casa Rifugio Biellese, gestisce casa rifugio"
12_2406_rta_12_241009125640_4166---7.accordo.txt,12_2406_rta_12_241009125640_4166---7.accordo.txt,Lazio,,,Cooperativa Sociale BeFree,Cooperativa Sociale BeFree,Ente terzo settore - ETS (iscritto al RUNTS)[1],associazionismo,,"attiva dal 2007 nel contrasto alla violenza di genere, tratta e discriminazione; gestisce azioni di sostegno a donne vittime di violenza; impegnata sul territorio di Roma e Provincia"
13_2406_rta_13_241122110421_4166---PROTOCOLLOOPERATIVO.txt,13_2406_rta_13_241122110421_4166---PROTOCOLLOOPERATIVO.txt,Abruzzo,L'Aquila,Sulmona,Cooperativa Sociale Horizon Service,Cooperativa Sociale Horizon Service,Ente terzo settore - ETS (iscritto al RUNTS)[1],associazionismo,,"gestore del Centro Antiviolenza “La Libellula”, della Casa delle Donne e dei servizi sociali della Comunita Montana Peligna"
05_2406_rta_05_240917141534_4166---protocollodiretefirmato.txt,05_2406_rta_05_240917141534_4166---protocollodiretefirmato.txt,Veneto,Venezia,Venezia,Cooperativa Sociale Iside,Cooperativa Sociale Iside,Ente terzo settore - ETS (iscritto al RUNTS)[1],associazionismo,,gestore Centro Antiviolenza NILDE
13_2406_rta_13_241122110421_4166---PROTOCOLLOOPERATIVO.txt,13_2406_rta_13_241122110421_4166---PROTOCOLLOOPERATIVO.txt,Abruzzo,L'Aquila,Avezzano,Cooperativa Sociale Leonardo,Cooperativa Sociale Leonardo,Ente terzo settore - ETS (iscritto al RUNTS)[1],associazionismo,,gestore dei servizi sociali della Comunita Montana Alto Sangro ed Alto Piano delle 5 miglia
03_2406_rta_03_240923103647_4166---protocolloreteantiviolenzacinisello2019(1).txt,03_2406_rta_03_240923103647_4166---protocolloreteantiviolenzacinisello2019(1).txt,Lombardia,Milano,Sesto San Giovanni,Cooperativa Sociale Onlus La Grande Casa di Sesto San Giovanni,Cooperativa Sociale Onlus La Grande Casa di Sesto San Giovanni,Ente terzo settore - ETS (iscritto al RUNTS)[1],associazionismo,,"Gestione comunità, alloggi e progetti"
03_2406_rta_03_240920124656_4166---ProtocolloantiviolenzaDEFINITIVO(1).txt | 03_2406_rta_03_240926114940_4166---ProtocollodiintesaeAllegatoTecnico_SOTTOSCRITTO.txt,03_2406_rta_03_240920124656_4166---ProtocolloantiviolenzaDEFINITIVO(1).txt | 03_2406_rta_03_240926114940_4166---ProtocollodiintesaeAllegatoTecnico_SOTTOSCRITTO.txt,Lombardia,Bergamo,Treviglio,Cooperativa Sociale SIRIO,Cooperativa Sociale SIRIO,Ente terzo settore - ETS (iscritto al RUNTS)[1],associazionismo,,Gestore Centro Antiviolenza Valle Brembana e Valle Imagna-Villa d’Almé
16_bari_protocollo operativo Grumo_EMI.txt,16_bari_protocollo operativo Grumo_EMI.txt,Puglia,,,Cooperativa sociale Comunita S. Francesco,Cooperativa sociale Comunita S. Francesco,Ente terzo settore - ETS (iscritto al RUNTS)[1],associazionismo,,Gestisce il Centro Antiviolenza Li.A; firmatario
12_2406_rta_12_241003104626_4166---PROTOCOLLODIINTESAMUNICIPIOXV.txt,12_2406_rta_12_241003104626_4166---PROTOCOLLODIINTESAMUNICIPIOXV.txt,Lazio,Roma,Roma,DIFFERENZA DONNA - ASSOCIAZIONE DI DONNE CONTRO LA VIOLENZA ALLE DONNE APS,DIFFERENZA DONNA - ASSOCIAZIONE DI DONNE CONTRO LA VIOLENZA ALLE DONNE APS,Ente terzo settore - ETS (iscritto al RUNTS)[1],associazionismo,,firmatario; gestore CAV Alda Merini e Casa Rifugio di Roma Capitale di Via Cassia 639
12_2406_rta_12_241003114137_4166---PROTOCOLLODIINTESAROMAVOLLEYEDD.txt,12_2406_rta_12_241003114137_4166---PROTOCOLLODIINTESAROMAVOLLEYEDD.txt,Lazio,Roma,Roma,DIFFERENZA DONNA APS,DIFFERENZA DONNA APS,Ente terzo settore - ETS (iscritto al RUNTS)[1],associazionismo,,"firmatario del protocollo; associazione di donne; gestisce Centri Antiviolenza, Case Rifugio e Case di Semiautonomia"
18_2406_rta_18_240926102333_4166---accordodiretecentroaiutodonna.txt,18_2406_rta_18_240926102333_4166---accordodiretecentroaiutodonna.txt,Calabria,,,Fondazione Città Solidale Onlus,Fondazione Città Solidale Onlus,Ente terzo settore - ETS (iscritto al RUNTS)[1],associazionismo,,"Soggetto firmatario e proponente del progetto, gestisce Centro Aiuto Donna"
03_2406_rta_03_240923103647_4166---protocolloreteantiviolenzacinisello2019(1).txt,03_2406_rta_03_240923103647_4166---protocolloreteantiviolenzacinisello2019(1).txt,Lombardia,,,Fondazione Somaschi ONLUS,Fondazione Somaschi ONLUS,Ente terzo settore - ETS (iscritto al RUNTS)[1],associazionismo,,Gestisce Centro Antiviolenza in ATI con Cooperativa La Grande Casa
03_2406_rta_03_240926144324_4166---Protocollodiintesa.txt,03_2406_rta_03_240926144324_4166---Protocollodiintesa.txt,Lombardia,Milano,Milano,Fondazione Somaschi Onlus,Fondazione Somaschi Onlus,Ente terzo settore - ETS (iscritto al RUNTS)[1],associazionismo,,Gestione del Centro Antiviolenza e case rifugio; opera anche su uomini autori di violenza
01_2406_rta_01_240904150044_4166---Protocollocav-irene2022-2025.txt,01_2406_rta_01_240904150044_4166---Protocollocav-irene2022-2025.txt,Piemonte,,,IRENE Società' COOPERATIVA IMPRESA SOCIALE,IRENE Società' COOPERATIVA IMPRESA SOCIALE,Ente terzo settore - ETS (iscritto al RUNTS)[1],associazionismo,soggetto capofila,"coordinamento, raccordo interno, facilitazione tra i soggetti della rete"
12_2406_rta_12_241003101925_4166---ProtocolloFormazioneObiettivoUomo.txt,12_2406_rta_12_241003101925_4166---ProtocolloFormazioneObiettivoUomo.txt,Lazio,Roma,Roma,Obiettivo Uomo Società Cooperativa Sociale Ets,Obiettivo Uomo Società Cooperativa Sociale Ets,Ente terzo settore - ETS (iscritto al RUNTS)[1],associazionismo,,"Firmatario del protocollo; attiva dal 1981 nei servizi rivolti alla persona, gestisce vari servizi e progetti sul territorio di Roma."
11_2406_rta_11_240911113757_4166---All.4ProtocolloReteAntiviolenzasottoscritto18.12.2023.txt,11_2406_rta_11_240911113757_4166---All.4ProtocolloReteAntiviolenzasottoscritto18.12.2023.txt,Marche,,,On the Road Società Cooperativa Sociale,On the Road Società Cooperativa Sociale,Ente terzo settore - ETS (iscritto al RUNTS)[1],associazionismo,,Gestore Centro Antiviolenza di scala provinciale
16_bat_convenzione CAV - ASL BT.txt,16_bat_convenzione CAV - ASL BT.txt,Puglia,Barletta-Andria-Trani,Andria,RISCOPRIRSI... - APS,RISCOPRIRSI... - APS,Ente terzo settore - ETS (iscritto al RUNTS)[1],associazionismo,,ente gestore del Centro Antiviolenza RiscoprirSi...
12_2406_rta_12_241009125640_4166---7.accordo.txt,12_2406_rta_12_241009125640_4166---7.accordo.txt,Lazio,Roma,Roma,Replay Network aps,Replay Network aps,Ente terzo settore - ETS (iscritto al RUNTS)[1],associazionismo,,"associazione di promozione sociale; coinvolta in formazione non formale, educazione, e attività di empowerment; coordina progetti sociali su vari territori"
03_2406_rta_03_240926114940_4166---ProtocollodiintesaeAllegatoTecnico_SOTTOSCRITTO.txt,03_2406_rta_03_240926114940_4166---ProtocollodiintesaeAllegatoTecnico_SOTTOSCRITTO.txt,Lombardia,,,Sirio Centro Servizi per le Famiglie Società Cooperativa Sociale ONLUS,Sirio Centro Servizi per le Famiglie Società Cooperativa Sociale ONLUS,Ente terzo settore - ETS (iscritto al RUNTS)[1],associazionismo,,Gestore Sportello Donna e Case Rifugio
13_2406_rta_13_241122105938_4166---ACCORDOOPERATIVO.txt | 13_2406_rta_13_241122111153_4166---PROTOCOLLOCASTELDISANGROEASL.txt,13_2406_rta_13_241122105938_4166---ACCORDOOPERATIVO.txt | 13_2406_rta_13_241122111153_4166---PROTOCOLLOCASTELDISANGROEASL.txt,Abruzzo,L'Aquila,Sulmona,Società Cooperativa Sociale Horizon Service,Società Cooperativa Sociale Horizon Service,Ente terzo settore - ETS (iscritto al RUNTS)[1],associazionismo,,"Gestore Casa Rifugio e Centri Antiviolenza, parte firmataria del protocollo"
12_2406_rta_12_240926113237_4166---Accordocavunuiversitari.txt,12_2406_rta_12_240926113237_4166---Accordocavunuiversitari.txt,Lazio,Roma,Roma,APS Casa delle Donne Lucha y Siesta,APS Casa delle Donne Lucha y Siesta,Ente terzo settore - ETS (iscritto al RUNTS) costituito da donne per le donne,associazionismo,,Ente gestore del Centro Antiviolenza ‘Sara Di Pietrantonio’ Universita ROMA TRE Roma
12_2406_rta_12_240926113237_4166---Accordocavunuiversitari.txt,12_2406_rta_12_240926113237_4166---Accordocavunuiversitari.txt,Lazio,Roma,Roma,APS Differenza Donna,APS Differenza Donna,Ente terzo settore - ETS (iscritto al RUNTS) costituito da donne per le donne,associazionismo,,Ente gestore del Centro Antiviolenza presso L’Universita di Tor Vergata Roma
12_2406_rta_12_240926112823_4166---2AccordoDemetra_Aman.txt | 12_2406_rta_12_240926113237_4166---Accordocavunuiversitari.txt | 12_2406_rta_12_240926114327_4166---1AccordoPonteDonnaAliceNova.txt | 12_2406_rta_12_240926122148_4166---2024.1153010-AccordotralepartiPonteDonna–UnderdogSocialClubCAVMarielleFranco-2(1).txt | 12_2406_rta_12_240926123509_4166---2024.1153010-ACCORDOtraAPSPonteDonnaeAPSMammeFuoriCAVMarielleFranco-10-11(1).txt,12_2406_rta_12_240926112823_4166---2AccordoDemetra_Aman.txt | 12_2406_rta_12_240926113237_4166---Accordocavunuiversitari.txt | 12_2406_rta_12_240926114327_4166---1AccordoPonteDonnaAliceNova.txt | 12_2406_rta_12_240926122148_4166---2024.1153010-AccordotralepartiPonteDonna–UnderdogSocialClubCAVMarielleFranco-2(1).txt | 12_2406_rta_12_240926123509_4166---2024.1153010-ACCORDOtraAPSPonteDonnaeAPSMammeFuoriCAVMarielleFranco-10-11(1).txt,Lazio,Roma,Grottaferrata,APS Ponte Donna,APS Ponte Donna,Ente terzo settore - ETS (iscritto al RUNTS) costituito da donne per le donne,associazionismo,,Ente gestore del Centro Antiviolenza Demetra VT4; iscritta al RUNTS ID pratica 721443 iscrizione del 27/01/2023; iscritta all‘Abo regionale delle organizzazioni di donne impegnate nel contrasto alla violenza di genere
03_2406_rta_03_240923113114_4166---ProtocolloReteAddaMartesanasottoscritto.txt,03_2406_rta_03_240923113114_4166---ProtocolloReteAddaMartesanasottoscritto.txt,Lombardia,Brescia,Ghedi,Associazione Blimunde - Sguardi di donne su salute e medicina,Associazione Blimunde - Sguardi di donne su salute e medicina,Ente terzo settore - ETS (iscritto al RUNTS) costituito da donne per le donne,associazionismo,,Gestione Sportello Donna Comune di Cernusco sul Naviglio
03_2406_rta_03_240923113114_4166---ProtocolloReteAddaMartesanasottoscritto.txt,03_2406_rta_03_240923113114_4166---ProtocolloReteAddaMartesanasottoscritto.txt,Lombardia,Milano,Trezzo sull' Adda,Associazione Mariposa,Associazione Mariposa,Ente terzo settore - ETS (iscritto al RUNTS) costituito da donne per le donne,associazionismo,,Gestione linea ascolto per donne vittime maltrattamento
03_2406_rta_03_240918153240_4166---Protocollod'intesaperl'IstituzionediunSistemaTerritorialeAntiviolenzainReteconAddendumSindacati.txt,03_2406_rta_03_240918153240_4166---Protocollod'intesaperl'IstituzionediunSistemaTerritorialeAntiviolenzainReteconAddendumSindacati.txt,Lombardia,Lecco,Lecco,C.P.O. Ordine Avvocati della provincia di Lecco,C.P.O. Ordine Avvocati della provincia di Lecco,Ordine avvocati,associazionismo,,Collabora per attività di monitoraggio e promozione
03_2406_rta_03_240918153240_4166---Protocollod'intesaperl'IstituzionediunSistemaTerritorialeAntiviolenzainReteconAddendumSindacati.txt,03_2406_rta_03_240918153240_4166---Protocollod'intesaperl'IstituzionediunSistemaTerritorialeAntiviolenzainReteconAddendumSindacati.txt,Lombardia,Lecco,Lecco,Ordine degli Avvocati della provincia di Lecco,Ordine degli Avvocati della provincia di Lecco,Ordine avvocati,associazionismo,,Offre informazioni e monitoraggio sulle attività del Protocollo
01_2406_rta_01_240909113151_4166---CONVENZIONERIVOLI.txt,01_2406_rta_01_240909113151_4166---CONVENZIONERIVOLI.txt,Piemonte,,,Associazione Centri Antiviolenza E.M.M.A. Onlus,Associazione Centri Antiviolenza E.M.M.A. Onlus,CAV,CAV,,Gestore dello sportello antiviolenza della Città di Rivoli; aggiudicatario affidamento
01_2406_rta_01_240904162242_4166---CONVENZIONETRAASLTO3ESVOLTADONNA.txt,01_2406_rta_01_240904162242_4166---CONVENZIONETRAASLTO3ESVOLTADONNA.txt,Piemonte,Torino,Pinerolo,Associazione SvoltaDonna OdV -Centro Antiviolenza,Associazione SvoltaDonna OdV -Centro Antiviolenza,CAV,CAV,,"Gestisce Centro Antiviolenza Svolta Donna, firmatario del protocollo"
18_2406_rta_18_240926102333_4166---accordodiretecentroaiutodonna.txt,18_2406_rta_18_240926102333_4166---accordodiretecentroaiutodonna.txt,Calabria,,,"CADIC, Coordinamento Antiviolenza Donne Insieme Calabria","CADIC, Coordinamento Antiviolenza Donne Insieme Calabria",CAV,CAV,,"Coordinamento di centri antiviolenza, centri di accoglienza, case rifugio e case delle donne nella Regione Calabria"
12_2406_rta_12_241008151247_4166---3.prot.txt,12_2406_rta_12_241008151247_4166---3.prot.txt,Lazio,,,CAV SOS Donna - Nilde Iotti,CAV SOS Donna - Nilde Iotti,CAV,CAV,,"CAV nell’VIII Municipio, gestito da Be Free"
01_2406_rta_01_240909114524_4166---CONVENZIONEUNITO-SPORTANTIVIOLENZA.txt,01_2406_rta_01_240909114524_4166---CONVENZIONEUNITO-SPORTANTIVIOLENZA.txt,Piemonte,,,CENTRI ANTIVIOLENZA E.M.M.A. ONLUS,CENTRI ANTIVIOLENZA E.M.M.A. ONLUS,CAV,CAV,,"Gestisce Centri Antiviolenza, Case rifugio, sportelli antiviolenza e altri presidi; firmatario"
01_2406_rta_01_240909110828_4166---PROTOCOLLOHELP.txt | 01_2406_rta_01_240909112136_4166---convenzionecarmagnola.txt,01_2406_rta_01_240909110828_4166---PROTOCOLLOHELP.txt | 01_2406_rta_01_240909112136_4166---convenzionecarmagnola.txt,Piemonte,Torino,Torino,CENTRI ANTIVIOLENZA E.M.M.A. ONLUS,CENTRI ANTIVIOLENZA E.M.M.A. ONLUS,CAV,CAV,,Coordinatore di rete
05_2406_rta_05_240916173648_4166---ULSS5Polesana_Protocollodirete.txt,05_2406_rta_05_240916173648_4166---ULSS5Polesana_Protocollodirete.txt,Trento,,,Casa Rifugio del Centro Antiviolenza del Polesine,Casa Rifugio del Centro Antiviolenza del Polesine,CAV,CAV,,gestita dal Centro Antiviolenza del Polesine
01_2406_rta_01_240904120005_4166---protocollo.txt | 01_2406_rta_01_240904122512_4166---accordoSFD.txt | 01_2406_rta_01_240909103717_4166---PROTOCOLLORETEANTIVIOLENZASVOLTADONNA.txt | 01_2406_rta_01_240924140705_4166---LesConvenzionecoprogettazione.txt | 01_2406_rta_01_241003113501_4166---CCVD1deliberaprotocolloccvd-2024eall1prot.txt,01_2406_rta_01_240904120005_4166---protocollo.txt | 01_2406_rta_01_240904122512_4166---accordoSFD.txt | 01_2406_rta_01_240909103717_4166---PROTOCOLLORETEANTIVIOLENZASVOLTADONNA.txt | 01_2406_rta_01_240924140705_4166---LesConvenzionecoprogettazione.txt | 01_2406_rta_01_241003113501_4166---CCVD1deliberaprotocolloccvd-2024eall1prot.txt,Piemonte,,,Centri Antiviolenza,Centri Antiviolenza,CAV,CAV,,Gestito da C.LS.S.A.B.O.; punto di ascolto; équipe di coordinamento
06_2406_rta_06_240924164454_4166---protocollo_tempo_sospeso.txt,06_2406_rta_06_240924164454_4166---protocollo_tempo_sospeso.txt,Veneto,,,Centri Antiviolenza,Centri Antiviolenza,CAV,CAV,,gestore delle Case a indirizzo segreto
12_2406_rta_12_241003110309_4166---ProtocollodiIntesaMunicipio1eDD.txt,12_2406_rta_12_241003110309_4166---ProtocollodiIntesaMunicipio1eDD.txt,Lazio,Roma,Roma,Centri Antiviolenza,Centri Antiviolenza,CAV,CAV,,Gestito dall’Associazione Differenza Donna Aps/Ong; riferimento per i servizi del protocollo
05_2406_rta_05_240919124736_4166---Protocollo_per_contrasto_alla_violenza_di_genere.stamped.txt,05_2406_rta_05_240919124736_4166---Protocollo_per_contrasto_alla_violenza_di_genere.stamped.txt,Trento,,,Centri Antiviolenza della Regione Veneto,Centri Antiviolenza della Regione Veneto,CAV,CAV,,13 Centri Antiviolenza riuniti nel coordinamento Iris
12_2406_rta_12_241003112247_4166---Accordodicollaborazione_CREDICI.txt | 12_2406_rta_12_241003113710_4166---Accordodicollaborazione_CREDICI.txt,12_2406_rta_12_241003112247_4166---Accordodicollaborazione_CREDICI.txt | 12_2406_rta_12_241003113710_4166---Accordodicollaborazione_CREDICI.txt,Lazio,,,Centri antiviolenza gestiti dall'Associazione Differenza Donna,Centri antiviolenza gestiti dall'Associazione Differenza Donna,CAV,CAV,,Servizi per le donne gestiti da Associazione Differenza Donna APS
13_2406_rta_13_241122104428_4166---Protocollorete_ortonaCAVconsultoriodiocesano.txt,13_2406_rta_13_241122104428_4166---Protocollorete_ortonaCAVconsultoriodiocesano.txt,Abruzzo,,,Centri antiviolenza territoriali Donn.¢ e Non Sei Sola,Centri antiviolenza territoriali Donn.¢ e Non Sei Sola,CAV,CAV,,Coordinamento tecnico e scientifico della rete
13_2406_rta_13_241122103901_4166---Protocollirete_ortonaelancianoCAVdonn.ÿ.txt | 13_2406_rta_13_241122104158_4166---Protocollirete_ortonaelancianoCAVdonn.ÿ.txt | 13_2406_rta_13_241122104842_4166---Protocollodirete_DAFNE.txt,13_2406_rta_13_241122103901_4166---Protocollirete_ortonaelancianoCAVdonn.ÿ.txt | 13_2406_rta_13_241122104158_4166---Protocollirete_ortonaelancianoCAVdonn.ÿ.txt | 13_2406_rta_13_241122104842_4166---Protocollodirete_DAFNE.txt,Abruzzo,Chieti,Lanciano,"Centro Antiviolenza ""Dafne","Centro Antiviolenza ""Dafne",CAV,CAV,,Gestito dall’Associazione Dafne Onlus
13_2406_rta_13_241122105938_4166---ACCORDOOPERATIVO.txt,13_2406_rta_13_241122105938_4166---ACCORDOOPERATIVO.txt,Abruzzo,L'Aquila,Castel di Sangro,"Centro Antiviolenza ""Donna","Centro Antiviolenza ""Donna",CAV,CAV,,Gestito da Horizon Service; dal 2018
12_2406_rta_12_241003113235_4166---Accordodifferenzadonna-29.09.2023-signed.txt,12_2406_rta_12_241003113235_4166---Accordodifferenzadonna-29.09.2023-signed.txt,Lazio,Roma,Formello,"Centro Antiviolenza ""Galassia","Centro Antiviolenza ""Galassia",CAV,CAV,,Gestito da Associazione Differenza Donna APS
13_2406_rta_13_241122105938_4166---ACCORDOOPERATIVO.txt | 13_2406_rta_13_241122110421_4166---PROTOCOLLOOPERATIVO.txt,13_2406_rta_13_241122105938_4166---ACCORDOOPERATIVO.txt | 13_2406_rta_13_241122110421_4166---PROTOCOLLOOPERATIVO.txt,Abruzzo,L'Aquila,Sulmona,"Centro Antiviolenza ""La Libellula","Centro Antiviolenza ""La Libellula",CAV,CAV,,Gestito da Horizon Service; dal 2008
16_lecce_Protocollo Operativo - Procedure integrate per la prevenzione e il contrasto alla violenza contro donne e minori - Copia_Marcato.txt,16_lecce_Protocollo Operativo - Procedure integrate per la prevenzione e il contrasto alla violenza contro donne e minori - Copia_Marcato.txt,Puglia,Lecce,Galatina,"Centro Antiviolenza ""Malala Yousafzai","Centro Antiviolenza ""Malala Yousafzai",CAV,CAV,,Centro pubblico a gestione pubblica Ambito Sociale di Galatina
12_2406_rta_12_241004112805_4166---protocollod'intesa.txt,12_2406_rta_12_241004112805_4166---protocollod'intesa.txt,Lazio,Frosinone,Cassino,"Centro Antiviolenza ""RINASCITA","Centro Antiviolenza ""RINASCITA",CAV,CAV,,Gestito da Associazione Kalimess
16_lecce_Protocollo Operativo - Procedure integrate per la prevenzione e il contrasto alla violenza contro donne e minori - Copia_Marcato.txt,16_lecce_Protocollo Operativo - Procedure integrate per la prevenzione e il contrasto alla violenza contro donne e minori - Copia_Marcato.txt,Puglia,,,"Centro Antiviolenza ""Renata Fonte","Centro Antiviolenza ""Renata Fonte",CAV,CAV,,gestito da Associazione Donne Insieme Onlus
06_2406_rta_06_240916164122_4166---prot_n_0119980_2024_Accordo(firmato).txt,06_2406_rta_06_240916164122_4166---prot_n_0119980_2024_Accordo(firmato).txt,Friuli-Venezia Giulia,Udine,Udine,"Centro Antiviolenza (CAV) del Servizio ""Zero Tolerance","Centro Antiviolenza (CAV) del Servizio ""Zero Tolerance",CAV,CAV,,Gestito dal Comune di Udine; ospitato presso Distretto Sanitario di Udine
11_2406_rta_11_240911113911_4166---AscoliPPROTOCOLLOoperativo_2019_2021.txt,11_2406_rta_11_240911113911_4166---AscoliPPROTOCOLLOoperativo_2019_2021.txt,Marche,,,Centro Antiviolenza ATS 22,Centro Antiviolenza ATS 22,CAV,CAV,,Gestore Associazione On The Road Onlus
18_2406_rta_18_240926102528_4166---PROTOCOLLOAISM_PICCOLAOPERA_firma.txt,18_2406_rta_18_240926102528_4166---PROTOCOLLOAISM_PICCOLAOPERA_firma.txt,Calabria,,,Centro Antiviolenza Angela Morabito,Centro Antiviolenza Angela Morabito,CAV,CAV,,Gestito dall'Associazione Piccola Opera Papa Giovanni Onlus.
13_2406_rta_13_241122102615_4166---PROTOCOLLOD_INTESACOMUNEAQ_donatellatelliniCAV2023.txt,13_2406_rta_13_241122102615_4166---PROTOCOLLOD_INTESACOMUNEAQ_donatellatelliniCAV2023.txt,Abruzzo,,Aquila,Centro Antiviolenza Associazione Donatella Tellini,Centro Antiviolenza Associazione Donatella Tellini,CAV,CAV,,Servizio gestito dall'Associazione Donatella Tellini
08_2406_rta_08_241015091655_4166---Aggiornamentointegrazioneprotocollooperativoapprovatonelgiugno2008.txt,08_2406_rta_08_241015091655_4166---Aggiornamentointegrazioneprotocollooperativoapprovatonelgiugno2008.txt,Emilia-Romagna,,Reggio Emilia,Centro Antiviolenza Casa delle Donne,Centro Antiviolenza Casa delle Donne,CAV,CAV,,Gestito da Associazione Nondasola
03_2406_rta_03_240923113114_4166---ProtocolloReteAddaMartesanasottoscritto.txt,03_2406_rta_03_240923113114_4166---ProtocolloReteAddaMartesanasottoscritto.txt,Lombardia,Milano,Cassano d'Adda,Centro Antiviolenza Cassano d'Adda,Centro Antiviolenza Cassano d'Adda,CAV,CAV,,Gestito in convenzione con Fondazione Somaschi
12_2406_rta_12_240926112734_4166---3AccordoDistrettoVT4ePontedonna-signed(1).txt | 12_2406_rta_12_240926113112_4166---4AccordoSpaziosupportodonnaAPSPonteDonna.txt,12_2406_rta_12_240926112734_4166---3AccordoDistrettoVT4ePontedonna-signed(1).txt | 12_2406_rta_12_240926113112_4166---4AccordoSpaziosupportodonnaAPSPonteDonna.txt,Lazio,,,Centro Antiviolenza Demetra VT4,Centro Antiviolenza Demetra VT4,CAV,CAV,,Gestito da APS Ponte Donna
12_2406_rta_12_241003112656_4166---AccordodicollaborazioneconsultorieDifferenzaDonna.txt,12_2406_rta_12_241003112656_4166---AccordodicollaborazioneconsultorieDifferenzaDonna.txt,Lazio,Roma,Formello,Centro Antiviolenza Galassia,Centro Antiviolenza Galassia,CAV,CAV,,Gestito da Associazione Differenza Donna APS
05_2406_rta_05_240919114041_4166---protocollounicorevisionato2024.txt,05_2406_rta_05_240919114041_4166---protocollounicorevisionato2024.txt,Veneto,Vicenza,Asiago,Centro Antiviolenza Hagar,Centro Antiviolenza Hagar,CAV,CAV,,Gestito da Associazione Casa Sichem di Bassano
16_bari_protocollo operativo Gioia del Colle_EMI.txt | 16_bari_protocollo operativo Grumo_EMI.txt,16_bari_protocollo operativo Gioia del Colle_EMI.txt | 16_bari_protocollo operativo Grumo_EMI.txt,Puglia,,,Centro Antiviolenza Li.A,Centro Antiviolenza Li.A,CAV,CAV,,Gestito dalla Comunità San Francesco e dall’Aps Sud Est Donne; firmatario del protocollo
12_2406_rta_12_241004113737_4166---AccordodicollaborazioneArteinsieme.txt,12_2406_rta_12_241004113737_4166---AccordodicollaborazioneArteinsieme.txt,Lazio,Latina,Priverno,Centro Antiviolenza LiberA di Priverno,Centro Antiviolenza LiberA di Priverno,CAV,CAV,,gestito dal Centro Donna Lilith di Latina
05_2406_rta_05_240917141534_4166---protocollodiretefirmato.txt,05_2406_rta_05_240917141534_4166---protocollodiretefirmato.txt,Veneto,Treviso,Castelfranco Veneto,Centro Antiviolenza NILDE del Comune di Castelfranco Veneto,Centro Antiviolenza NILDE del Comune di Castelfranco Veneto,CAV,CAV,,gestito dalla Cooperativa Sociale Iside
05_2406_rta_05_240919124736_4166---Protocollo_per_contrasto_alla_violenza_di_genere.stamped.txt,05_2406_rta_05_240919124736_4166---Protocollo_per_contrasto_alla_violenza_di_genere.stamped.txt,Veneto,Verona,Verona,Centro Antiviolenza Petra,Centro Antiviolenza Petra,CAV,CAV,,Centro istituito e gestito dal Comune di Verona
11_2406_rta_11_240911113105_4166---PROTOCOLLO_OPERATIVO2024_CONINDIRIZZARIO_FIRMATO.txt,11_2406_rta_11_240911113105_4166---PROTOCOLLO_OPERATIVO2024_CONINDIRIZZARIO_FIRMATO.txt,Marche,Ancona,Ancona,Centro Antiviolenza Provinciale,Centro Antiviolenza Provinciale,CAV,CAV,,Gestito dall'Associazione Donne e Giustizia ODV
01_2406_rta_01_241018134519_4166---Protocollooperativointeristituzionaleviolenzadigenere2023-2026def.txt,01_2406_rta_01_241018134519_4166---Protocollooperativointeristituzionaleviolenzadigenere2023-2026def.txt,Piemonte,,,Centro Antiviolenza Servizio Rosa,Centro Antiviolenza Servizio Rosa,CAV,CAV,,Gestito da ASSOCIAZIONE Futuro Donna OdV
05_2406_rta_05_240919114041_4166---protocollounicorevisionato2024.txt,05_2406_rta_05_240919114041_4166---protocollounicorevisionato2024.txt,Veneto,Vicenza,Bassano del Grappa,Centro Antiviolenza Spazio Donna,Centro Antiviolenza Spazio Donna,CAV,CAV,,Gestito da Associazione Questacitta di Bassano
05_2406_rta_05_240917141534_4166---protocollodiretefirmato.txt,05_2406_rta_05_240917141534_4166---protocollodiretefirmato.txt,Trento,,,Centro Antiviolenza Stella Antares,Centro Antiviolenza Stella Antares,CAV,CAV,,gestito dalla Cooperativa Una Casa per l'Uomo
01_2406_rta_01_240904162242_4166---CONVENZIONETRAASLTO3ESVOLTADONNA.txt,01_2406_rta_01_240904162242_4166---CONVENZIONETRAASLTO3ESVOLTADONNA.txt,Piemonte,,,Centro Antiviolenza Svolta Donna,Centro Antiviolenza Svolta Donna,CAV,CAV,,Gestito da Associazione SvoltaDonna OdV
01_2406_rta_01_240909103717_4166---PROTOCOLLORETEANTIVIOLENZASVOLTADONNA.txt,01_2406_rta_01_240909103717_4166---PROTOCOLLORETEANTIVIOLENZASVOLTADONNA.txt,Piemonte,Torino,Pinerolo,Centro Antiviolenza SvoltaDonna,Centro Antiviolenza SvoltaDonna,CAV,CAV,,Gestito dall'Associazione SvoltaDonna
08_2406_rta_08_241015091917_4166---Protocollo2022-2024.txt,08_2406_rta_08_241015091917_4166---Protocollo2022-2024.txt,Emilia-Romagna,Piacenza,Piacenza,Centro Antiviolenza Telefono Rosa Piacenza - Associazione La Città delle Donne - ODV Piacenza,Centro Antiviolenza Telefono Rosa Piacenza - Associazione La Città delle Donne - ODV Piacenza,CAV,CAV,,Associazione socia fondatrice della rete nazionale D.i.R.e. e del Coordinamento dei Centri Antiviolenza dell’Emilia Romagna
03_2406_rta_03_240920124656_4166---ProtocolloantiviolenzaDEFINITIVO(1).txt,03_2406_rta_03_240920124656_4166---ProtocolloantiviolenzaDEFINITIVO(1).txt,Lombardia,,,Centro Antiviolenza Valle Brembana e Valle Imagna-Villa d'Alme,Centro Antiviolenza Valle Brembana e Valle Imagna-Villa d'Alme,CAV,CAV,,Gestito da Cooperativa Sociale SIRIO
12_2406_rta_12_241003104626_4166---PROTOCOLLODIINTESAMUNICIPIOXV.txt,12_2406_rta_12_241003104626_4166---PROTOCOLLODIINTESAMUNICIPIOXV.txt,Lazio,,,"Centro Antiviolenza di Roma Capitale ""Alda Merini","Centro Antiviolenza di Roma Capitale ""Alda Merini",CAV,CAV,,Gestito da Differenza Donna APS
12_2406_rta_12_241003114931_4166---ProtocollodiintesaDifferenzaDonnaeMunicipio13.txt,12_2406_rta_12_241003114931_4166---ProtocollodiintesaDifferenzaDonnaeMunicipio13.txt,Lazio,,,"Centro Antiviolenza di Roma Capitale ""Palmina Martinelli","Centro Antiviolenza di Roma Capitale ""Palmina Martinelli",CAV,CAV,,"ubicato nel territorio del Municipio XIII, gestito dall’Associazione Differenza Donna APS"
09_FIRENZE Linee-di-indirizzo2024.txt,09_FIRENZE Linee-di-indirizzo2024.txt,Toscana,Firenze,Firenze,Centro antiviolenza Artemisia,Centro antiviolenza Artemisia,CAV,CAV,,"CAV accreditato e inserito nel registro regionale dei Centri Antiviolenza per l’Area Metropolitana fiorentina, gestisce 11 sportelli territoriali"
13_2406_rta_13_241122101453_4166---ProtocollodiRete_AlphaChieti.txt,13_2406_rta_13_241122101453_4166---ProtocollodiRete_AlphaChieti.txt,Abruzzo,,,Centro antiviolenza donna Cooperativa Alpha,Centro antiviolenza donna Cooperativa Alpha,CAV,CAV,coordinamento tecnico scientifico,
13_2406_rta_13_241122101856_4166---Protocollodirete_AlphaGuardiagrele.txt,13_2406_rta_13_241122101856_4166---Protocollodirete_AlphaGuardiagrele.txt,Abruzzo,,,Centro antiviolenza donna Maja-Cooperativa Alpha,Centro antiviolenza donna Maja-Cooperativa Alpha,CAV,CAV,coordinamento tecnico scientifico,gestito da Cooperativa Alpha; coordinamento tecnico scientifico della rete
13_2406_rta_13_241122105938_4166---ACCORDOOPERATIVO.txt,13_2406_rta_13_241122105938_4166---ACCORDOOPERATIVO.txt,Abruzzo,,,"Coordinamento regionale dei Centri antiviolenza e delle Case Rifugio della Regione Abruzzo ""Antigone","Coordinamento regionale dei Centri antiviolenza e delle Case Rifugio della Regione Abruzzo ""Antigone",CAV,CAV,,Coordinamento regionale; Horizon Service è tra i fondatori e sottoscrittori
01_2406_rta_01_240904120005_4166---protocollo.txt,01_2406_rta_01_240904120005_4166---protocollo.txt,Piemonte,,,Equipe di Coordinamento del Centro Antiviolenza,Equipe di Coordinamento del Centro Antiviolenza,CAV,CAV,,Coordina protocollo antiviolenza
12_2406_rta_12_241003105319_4166---PROTOCOLLODIINTES1_2601def-signed-signed.txt,12_2406_rta_12_241003105319_4166---PROTOCOLLODIINTES1_2601def-signed-signed.txt,Lazio,,,Numero Nazionale Antiviolenza e Stalking 1522,Numero Nazionale Antiviolenza e Stalking 1522,CAV,CAV,,Gestito da DD; servizio di supporto
12_2406_rta_12_241003105855_4166---ProtocollodiintesafirmatoASL1.txt | 12_2406_rta_12_241003112247_4166---Accordodicollaborazione_CREDICI.txt | 12_2406_rta_12_241003113235_4166---Accordodifferenzadonna-29.09.2023-signed.txt | 12_2406_rta_12_241003113710_4166---Accordodicollaborazione_CREDICI.txt,12_2406_rta_12_241003105855_4166---ProtocollodiintesafirmatoASL1.txt | 12_2406_rta_12_241003112247_4166---Accordodicollaborazione_CREDICI.txt | 12_2406_rta_12_241003113235_4166---Accordodifferenzadonna-29.09.2023-signed.txt | 12_2406_rta_12_241003113710_4166---Accordodicollaborazione_CREDICI.txt,Lazio,,,Numero Nazionale di pubblica utilita Antiviolenza e Stalking 1522,Numero Nazionale di pubblica utilita Antiviolenza e Stalking 1522,CAV,CAV,,Gestito da Associazione Differenza Donna APS
12_2406_rta_12_240926134140_4166---Protocollointesa.txt | 12_2406_rta_12_241004114912_4166---ProtocolloRetePrantiviolenzaFrosinone.txt | 12_2406_rta_12_241004130514_4166---PROTOCOLLODIINTESAPERLAPROMOZIONEDISTRATEGIECONDIVISESULFENOMENODELLAVIOLENZADIGENERE(1).txt,12_2406_rta_12_240926134140_4166---Protocollointesa.txt | 12_2406_rta_12_241004114912_4166---ProtocolloRetePrantiviolenzaFrosinone.txt | 12_2406_rta_12_241004130514_4166---PROTOCOLLODIINTESAPERLAPROMOZIONEDISTRATEGIECONDIVISESULFENOMENODELLAVIOLENZADIGENERE(1).txt,Lazio,,,Organizzazioni Antiviolenza,Organizzazioni Antiviolenza,CAV,CAV,,organizzazioni che gestiscono centri antiviolenza e case rifugio nella provincia di Frosinone
01_2406_rta_01_240904120005_4166---protocollo.txt,01_2406_rta_01_240904120005_4166---protocollo.txt,Piemonte,,,Punto di Ascolto Antiviolenza,Punto di Ascolto Antiviolenza,CAV,CAV,,Gestito da Associazione Non Sei Sola Uscire dal Silenzio Contro la Violenza
01_2406_rta_01_240920123646_4166---vercellieos.txt,01_2406_rta_01_240920123646_4166---vercellieos.txt,Piemonte,,,Rete Vercellese Antiviolenza,Rete Vercellese Antiviolenza,CAV,CAV,,Organismo di coordinamento territoriale
01_2406_rta_01_241018142716_4166---protocolloreteVC.txt,01_2406_rta_01_241018142716_4166---protocolloreteVC.txt,Piemonte,Vercelli,Vercelli,Rete Vercellese Antiviolenza,Rete Vercellese Antiviolenza,CAV,CAV,,Organismo di coordinamento e programmazione congiunta delle attività di prevenzione e contrasto della violenza
13_2406_rta_13_241122105540_4166---protocollodirete_vastodonnattiva.txt,13_2406_rta_13_241122105540_4166---protocollodirete_vastodonnattiva.txt,Abruzzo,Chieti,Vasto,Sportello Antiviolenza DonnAttiva,Sportello Antiviolenza DonnAttiva,CAV,CAV,,Gestito in collaborazione da Akon Service s.a.s e Associazione Dafne Onlus
08_2406_rta_08_241015091430_4166---Protocollo_Distrettuale_Contrasto_violenza_Donne2023.stamped.txt,08_2406_rta_08_241015091430_4166---Protocollo_Distrettuale_Contrasto_violenza_Donne2023.stamped.txt,Emilia-Romagna,Ferrara,Comacchio,Sportello Antiviolenza Iris - Comacchio,Sportello Antiviolenza Iris - Comacchio,CAV,CAV,,"Presso Casa della Salute, co-gestito Coop. Girogirotondo"
12_2406_rta_12_241003120714_4166---ASLROMA5_.txt,12_2406_rta_12_241003120714_4166---ASLROMA5_.txt,Lazio,Roma,Colleferro,Sportello Ospedaliero Antiviolenza Ospedale Leopoldo Parodi Delfino di Colleferro,Sportello Ospedaliero Antiviolenza Ospedale Leopoldo Parodi Delfino di Colleferro,CAV,CAV,,"gestito da Differenza Donna, operativo da dicembre 2020"
12_2406_rta_12_241003120714_4166---ASLROMA5_.txt,12_2406_rta_12_241003120714_4166---ASLROMA5_.txt,Lazio,Roma,Tivoli,Sportello Ospedaliero Antiviolenza Ospedale San Giovanni Evangelista di Tivoli,Sportello Ospedaliero Antiviolenza Ospedale San Giovanni Evangelista di Tivoli,CAV,CAV,,"gestito da Differenza Donna, operativo da dicembre 2020"
07_2406_rta_07_240916163905_4166---PROTOCOLLOFIRMATO(002).txt,07_2406_rta_07_240916163905_4166---PROTOCOLLOFIRMATO(002).txt,Liguria,Genova,Chiavari,Telefono Donna Centro AntiViolenza CIF APS,Telefono Donna Centro AntiViolenza CIF APS,CAV,CAV,,Soggetto gestore del Centro Antiviolenza
12_2406_rta_12_240926124601_4166---ACCORDOtrlepartiITSETLOIeMarielleFranco(1).txt,12_2406_rta_12_240926124601_4166---ACCORDOtrlepartiITSETLOIeMarielleFranco(1).txt,Lazio,,,"centro antiviolenza Sovradistrettuale Arde, Pomezia Nettuno Anzio ""Marielle Franco","centro antiviolenza Sovradistrettuale Arde, Pomezia Nettuno Anzio ""Marielle Franco",CAV,CAV,,gestito da Associazione Ponte Donna APS
12_2406_rta_12_241004114912_4166---ProtocolloRetePrantiviolenzaFrosinone.txt | 12_2406_rta_12_241004130514_4166---PROTOCOLLODIINTESAPERLAPROMOZIONEDISTRATEGIECONDIVISESULFENOMENODELLAVIOLENZADIGENERE(1).txt | 12_2406_rta_12_241004133706_4166---ProtocollodiretePREFETTURAFrosinone(1).txt | 12_2406_rta_12_241008145357_4166---Protocollointeristituzionale2023.txt,12_2406_rta_12_241004114912_4166---ProtocolloRetePrantiviolenzaFrosinone.txt | 12_2406_rta_12_241004130514_4166---PROTOCOLLODIINTESAPERLAPROMOZIONEDISTRATEGIECONDIVISESULFENOMENODELLAVIOLENZADIGENERE(1).txt | 12_2406_rta_12_241004133706_4166---ProtocollodiretePREFETTURAFrosinone(1).txt | 12_2406_rta_12_241008145357_4166---Protocollointeristituzionale2023.txt,Lazio,Frosinone,Fiuggi,APS Calcutta,APS Calcutta,CAV,CAV,,Organizzazione antiviolenza; iscritta albo regionale gestione centri antiviolenza e case rifugio
12_2406_rta_12_241004144338_4166---06-ProtocolloComunediVALLECORSA.txt | 12_2406_rta_12_241007235530_4166---ProtocolloconilComunediPastena.txt,12_2406_rta_12_241004144338_4166---06-ProtocolloComunediVALLECORSA.txt | 12_2406_rta_12_241007235530_4166---ProtocolloconilComunediPastena.txt,Lazio,Frosinone,Ceccano,ASSOCIAZIONE VOLONTARIE TELEFONO ROSA FROSINONE,ASSOCIAZIONE VOLONTARIE TELEFONO ROSA FROSINONE,CAV,CAV,,Centro di orientamento per i diritti delle Donne ONLUS; firmatario; coordina le azioni della rete
03_2406_rta_03_240918153156_4166---Protocollo_d'Intesa_Rete_Mantova.prot.txt,03_2406_rta_03_240918153156_4166---Protocollo_d'Intesa_Rete_Mantova.prot.txt,Lombardia,Mantova,San Giorgio Bigarello,Associazione Abramo ETS - Ente della Diocesi di Mantova,Associazione Abramo ETS - Ente della Diocesi di Mantova,CAV,CAV,,gestione Casa della Rosa
03_2406_rta_03_240918151606_4166---A_RetePavia_Protocollo2021_e_Integrazioni2023_firmato_compressed.txt,03_2406_rta_03_240918151606_4166---A_RetePavia_Protocollo2021_e_Integrazioni2023_firmato_compressed.txt,Lombardia,Pavia,Voghera,Associazione C.H.I.A.R.A. Onlus,Associazione C.H.I.A.R.A. Onlus,CAV,CAV,,Soggetto gestore di centro antiviolenza collocato a Voghera
09_PISA PREF E PROV.txt,09_PISA PREF E PROV.txt,Toscana,Pisa,Pisa,Associazione Casa della donna,Associazione Casa della donna,CAV,CAV,,gestisce Centri Antiviolenza e Case rifugio
03_2406_rta_03_240923101524_4166---PROTOCOLLO_DI_INTESA_versione_DEFINITIVA2021.stamped.txt,03_2406_rta_03_240923101524_4166---PROTOCOLLO_DI_INTESA_versione_DEFINITIVA2021.stamped.txt,Lombardia,Brescia,Ghedi,Associazione Casa delle Donne OdV,Associazione Casa delle Donne OdV,CAV,CAV,,Gestore di CAV già convenzionata con la Rete interistituzionale territoriale antiviolenza
12_2406_rta_12_240926133706_4166---STAR.txt,12_2406_rta_12_240926133706_4166---STAR.txt,Lazio,Latina,Latina,Associazione Centro Donna Lilith,Associazione Centro Donna Lilith,CAV,CAV,,Gestisce sportelli antiviolenza e percorsi di uscita dalla violenza
13_2406_rta_13_241122102615_4166---PROTOCOLLOD_INTESACOMUNEAQ_donatellatelliniCAV2023.txt,13_2406_rta_13_241122102615_4166---PROTOCOLLOD_INTESACOMUNEAQ_donatellatelliniCAV2023.txt,Abruzzo,,Aquila,Associazione Donatella Tellini,Associazione Donatella Tellini,CAV,CAV,,Gestisce Centro Antiviolenza e Casa Rifugio
09_ALTA VALDELSA Protocollo-violenza-valdelsa-2022_ALTA VALDELSA.txt,09_ALTA VALDELSA Protocollo-violenza-valdelsa-2022_ALTA VALDELSA.txt,Toscana,Siena,Colle di Val d'Elsa,Associazione Donne Insieme Valdelsa,Associazione Donne Insieme Valdelsa,CAV,CAV,,"Gestione CAV e Casa Rifugio, fornisce dati e collabora alla rete"
11_2406_rta_11_240911113105_4166---PROTOCOLLO_OPERATIVO2024_CONINDIRIZZARIO_FIRMATO.txt,11_2406_rta_11_240911113105_4166---PROTOCOLLO_OPERATIVO2024_CONINDIRIZZARIO_FIRMATO.txt,Marche,Ancona,Ancona,Associazione Donne e Giustizia di Ancona,Associazione Donne e Giustizia di Ancona,CAV,CAV,,Gestisce il Centro Antiviolenza Provinciale di Ancona; tra i firmatari
09_PISA PREF E PROV.txt,09_PISA PREF E PROV.txt,Toscana,Pisa,San Miniato,Associazione Frida,Associazione Frida,CAV,CAV,,gestisce Centri Antiviolenza e Case rifugio
03_2406_rta_03_240918153240_4166---Protocollod'intesaperl'IstituzionediunSistemaTerritorialeAntiviolenzainReteconAddendumSindacati.txt,03_2406_rta_03_240918153240_4166---Protocollod'intesaperl'IstituzionediunSistemaTerritorialeAntiviolenzainReteconAddendumSindacati.txt,Lombardia,Lecco,Merate,Associazione L'Altra Meta del Cielo - Telefono Donna di Merate,Associazione L'Altra Meta del Cielo - Telefono Donna di Merate,CAV,CAV,,"Concorre agli obiettivi del Protocollo, servizi multipli, gestione Case di Accoglienza"
08_2406_rta_08_241015091655_4166---Aggiornamentointegrazioneprotocollooperativoapprovatonelgiugno2008.txt,08_2406_rta_08_241015091655_4166---Aggiornamentointegrazioneprotocollooperativoapprovatonelgiugno2008.txt,Emilia-Romagna,,Reggio Emilia,Associazione Nondasola di Reggio Emilia,Associazione Nondasola di Reggio Emilia,CAV,CAV,,Firmatario del protocollo; gestisce la Casa delle Donne (centro antiviolenza)
08_2406_rta_08_241015092049_4166---PROTOCOLLOD.G.C.FAENZA304-2009.txt,08_2406_rta_08_241015092049_4166---PROTOCOLLOD.G.C.FAENZA304-2009.txt,Emilia-Romagna,Ravenna,Faenza,Associazione SOS Donna - Faenza,Associazione SOS Donna - Faenza,CAV,CAV,,"Firmatario del protocollo, gestore Servizio Fenice"
01_2406_rta_01_240904162242_4166---CONVENZIONETRAASLTO3ESVOLTADONNA.txt,01_2406_rta_01_240904162242_4166---CONVENZIONETRAASLTO3ESVOLTADONNA.txt,Piemonte,,,Associazione Svolta Donna Onlus,Associazione Svolta Donna Onlus,CAV,CAV,,Precedente gestione del Centro Antiviolenza SvoltaDonna
12_2406_rta_12_241004141331_4166---ConvenzioneconilComunediCECCANO.txt,12_2406_rta_12_241004141331_4166---ConvenzioneconilComunediCECCANO.txt,Lazio,Frosinone,Ceccano,Associazione Volontarie Telefono Rosa Frosinone - Centro di Orientamento per i diritti delle Donne Onlus,Associazione Volontarie Telefono Rosa Frosinone - Centro di Orientamento per i diritti delle Donne Onlus,CAV,CAV,,Gestore del Centro Antiviolenza; firmatario convenzione
12_2406_rta_12_241004114912_4166---ProtocolloRetePrantiviolenzaFrosinone.txt | 12_2406_rta_12_241004130514_4166---PROTOCOLLODIINTESAPERLAPROMOZIONEDISTRATEGIECONDIVISESULFENOMENODELLAVIOLENZADIGENERE(1).txt,12_2406_rta_12_241004114912_4166---ProtocolloRetePrantiviolenzaFrosinone.txt | 12_2406_rta_12_241004130514_4166---PROTOCOLLODIINTESAPERLAPROMOZIONEDISTRATEGIECONDIVISESULFENOMENODELLAVIOLENZADIGENERE(1).txt,Lazio,,,Associazione Volontarie Telefono Rosa Frosinone- Regione Lazio ODV,Associazione Volontarie Telefono Rosa Frosinone- Regione Lazio ODV,CAV,CAV,,Organizzazione antiviolenza; iscritta albo regionale gestione centri antiviolenza e case rifugio
12_2406_rta_12_241004133706_4166---ProtocollodiretePREFETTURAFrosinone(1).txt,12_2406_rta_12_241004133706_4166---ProtocollodiretePREFETTURAFrosinone(1).txt,Lazio,Frosinone,Ceccano,Associazione Volontarie Telefono Rosa Frosinone-Regione Lazio ODV,Associazione Volontarie Telefono Rosa Frosinone-Regione Lazio ODV,CAV,CAV,,Organizzazione iscritta albo regionale gestione centri antiviolenza e case rifugio
08_2406_rta_08_241015091748_4166---ProtocolloProvincialeCaserifugio2023.2025.txt,08_2406_rta_08_241015091748_4166---ProtocolloProvincialeCaserifugio2023.2025.txt,Emilia-Romagna,Ravenna,Lugo,Associazione di volontariato DEMETRA DONNE IN AIUTO ODV,Associazione di volontariato DEMETRA DONNE IN AIUTO ODV,CAV,CAV,,gestisce uno dei tre Centri Antiviolenza della provincia di Ravenna
08_2406_rta_08_241015091748_4166---ProtocolloProvincialeCaserifugio2023.2025.txt,08_2406_rta_08_241015091748_4166---ProtocolloProvincialeCaserifugio2023.2025.txt,Emilia-Romagna,Ravenna,Ravenna,Associazione di volontariato LINEA ROSA ODV,Associazione di volontariato LINEA ROSA ODV,CAV,CAV,,gestisce uno dei tre Centri Antiviolenza della provincia di Ravenna
08_2406_rta_08_241015091748_4166---ProtocolloProvincialeCaserifugio2023.2025.txt,08_2406_rta_08_241015091748_4166---ProtocolloProvincialeCaserifugio2023.2025.txt,Emilia-Romagna,Ravenna,Faenza,Associazione di volontariato SOS DONNA ODV,Associazione di volontariato SOS DONNA ODV,CAV,CAV,,gestisce uno dei tre Centri Antiviolenza della provincia di Ravenna
12_2406_rta_12_241004114912_4166---ProtocolloRetePrantiviolenzaFrosinone.txt | 12_2406_rta_12_241004130514_4166---PROTOCOLLODIINTESAPERLAPROMOZIONEDISTRATEGIECONDIVISESULFENOMENODELLAVIOLENZADIGENERE(1).txt | 12_2406_rta_12_241004133706_4166---ProtocollodiretePREFETTURAFrosinone(1).txt | 12_2406_rta_12_241008145357_4166---Protocollointeristituzionale2023.txt,12_2406_rta_12_241004114912_4166---ProtocolloRetePrantiviolenzaFrosinone.txt | 12_2406_rta_12_241004130514_4166---PROTOCOLLODIINTESAPERLAPROMOZIONEDISTRATEGIECONDIVISESULFENOMENODELLAVIOLENZADIGENERE(1).txt | 12_2406_rta_12_241004133706_4166---ProtocollodiretePREFETTURAFrosinone(1).txt | 12_2406_rta_12_241008145357_4166---Protocollointeristituzionale2023.txt,Lazio,Frosinone,Frosinone,Auser del Frusinate,Auser del Frusinate,CAV,CAV,,Organizzazione antiviolenza; iscritta albo regionale gestione centri antiviolenza e case rifugio
01_2406_rta_01_240920123646_4166---vercellieos.txt,01_2406_rta_01_240920123646_4166---vercellieos.txt,Piemonte,Vercelli,Gattinara,C.A.S.A. (Consorzio per l'Attivita Socio Assistenziale di Gattinara,C.A.S.A. (Consorzio per l'Attivita Socio Assistenziale di Gattinara,CAV,CAV,,Ente gestore delle funzioni socio assistenziali
01_2406_rta_01_240920123646_4166---vercellieos.txt,01_2406_rta_01_240920123646_4166---vercellieos.txt,Piemonte,Vercelli,Santhia,C.I.S.A.S. (Consorzio Intercomunale per i Servizi di Assistenza Sociale di Santhia,C.I.S.A.S. (Consorzio Intercomunale per i Servizi di Assistenza Sociale di Santhia,CAV,CAV,,Ente gestore delle funzioni socio assistenziali
08_2406_rta_08_241015091310_4166---Accordo_Contrasto_alla_violenza_CittMtrBO.txt | 08_2406_rta_08_241015091330_4166---Protocollo_intesa_autonomia_abitativa_donne_vittime_di_violenza_CittMtrBO.txt | 08_2406_rta_08_241015091500_4166---Protocollo_autonomia_lavorativa_def.txt,08_2406_rta_08_241015091310_4166---Accordo_Contrasto_alla_violenza_CittMtrBO.txt | 08_2406_rta_08_241015091330_4166---Protocollo_intesa_autonomia_abitativa_donne_vittime_di_violenza_CittMtrBO.txt | 08_2406_rta_08_241015091500_4166---Protocollo_autonomia_lavorativa_def.txt,Emilia-Romagna,Bologna,Bologna,CASA delle donne per non subire violenza,CASA delle donne per non subire violenza,CAV,CAV,,gestisce case rifugio Casa SAVE e Casa Riuscire
08_2406_rta_08_241015091655_4166---Aggiornamentointegrazioneprotocollooperativoapprovatonelgiugno2008.txt,08_2406_rta_08_241015091655_4166---Aggiornamentointegrazioneprotocollooperativoapprovatonelgiugno2008.txt,Emilia-Romagna,,Reggio Emilia,Casa delle Donne,Casa delle Donne,CAV,CAV,,Centro antiviolenza gestito in convenzione con il Comune dall’Associazione Nondasola
18_2406_rta_18_240926102259_4166---Protocollod’intesaperlaprotezioneel’assistenzadellevittimediviolenzadigenererichiedentiasilo.txt,18_2406_rta_18_240926102259_4166---Protocollod’intesaperlaprotezioneel’assistenzadellevittimediviolenzadigenererichiedentiasilo.txt,Calabria,,,Centri anti-violenza e Case Rifugio della Regione Calabria,Centri anti-violenza e Case Rifugio della Regione Calabria,CAV,CAV,,rappresentati dal Coordinamento Antiviolenza Donne Insieme Calabria
18_2406_rta_18_240926102333_4166---accordodiretecentroaiutodonna.txt,18_2406_rta_18_240926102333_4166---accordodiretecentroaiutodonna.txt,Calabria,,,Centro Aiuto Donna,Centro Aiuto Donna,CAV,CAV,,Gestito dalla Fondazione Città Solidale; parte della rete CADIC; offre sostegno alle donne vittime di violenza
01_2406_rta_01_240920112211_4166---367772-4-Protocollo_intesa_Completo.txt,01_2406_rta_01_240920112211_4166---367772-4-Protocollo_intesa_Completo.txt,Piemonte,,,Centro Anti Violenza n. 10/A,Centro Anti Violenza n. 10/A,CAV,CAV,,Iscritto sezione A Albo regionale; gestito da CSAC e partner istituzionali
18_2406_rta_18_240926102943_4166---schemaAccordoCollaborazione499ARIEL_signed.txt,18_2406_rta_18_240926102943_4166---schemaAccordoCollaborazione499ARIEL_signed.txt,Calabria,,Reggio Calabria,Centro D'Ascolto ARIEL ODV,Centro D'Ascolto ARIEL ODV,CAV,CAV,,Soggetto gestore CAV autorizzato e riconosciuto dalla Regione Calabria; firmatario dell'accordo; beneficiario e realizzatore delle attività progettuali
08_2406_rta_08_241015091430_4166---Protocollo_Distrettuale_Contrasto_violenza_Donne2023.stamped.txt,08_2406_rta_08_241015091430_4166---Protocollo_Distrettuale_Contrasto_violenza_Donne2023.stamped.txt,Emilia-Romagna,Ferrara,Ferrara,Centro Donna Giustizia APS di Ferrara,Centro Donna Giustizia APS di Ferrara,CAV,CAV,,"Gestione progetto 'Uscire dalla Violenza', sede del Centro Antiviolenza, firmatario, parte della rete D.i.Re, coordinamento regionale e nazionale"
12_2406_rta_12_241004133706_4166---ProtocollodiretePREFETTURAFrosinone(1).txt,12_2406_rta_12_241004133706_4166---ProtocollodiretePREFETTURAFrosinone(1).txt,Lazio,,,Centro Unico d'ascolto,Centro Unico d'ascolto,CAV,CAV,,Gestito dall'ASL
12_2406_rta_12_241004141331_4166---ConvenzioneconilComunediCECCANO.txt,12_2406_rta_12_241004141331_4166---ConvenzioneconilComunediCECCANO.txt,Lazio,Frosinone,Ceccano,Centro di Orientamento per i diritti delle Donne Onlus,Centro di Orientamento per i diritti delle Donne Onlus,CAV,CAV,,Gestito dall’Associazione Volontarie Telefono Rosa Frosinone; beneficiario risorse e oggetto attività convenzione
01_2406_rta_01_240904110730_4166---protocollocontuttelefirme(1).txt,01_2406_rta_01_240904110730_4166---protocollocontuttelefirme(1).txt,Piemonte,,,Consorzio Socio Assistenziale del Cuneese,Consorzio Socio Assistenziale del Cuneese,CAV,CAV,,Ente capofila del CAV n. 10/A
03_2406_rta_03_240925150245_4166---ProtocolloReteARIAPalazzolo.txt,03_2406_rta_03_240925150245_4166---ProtocolloReteARIAPalazzolo.txt,Lombardia,,,Cooperativa Sociale Onlus Il Mago di Oz,Cooperativa Sociale Onlus Il Mago di Oz,CAV,CAV,ente gestore,"Consultorio Familiare privato accreditato S. Andrea, firmatario"
03_2406_rta_03_240918151606_4166---A_RetePavia_Protocollo2021_e_Integrazioni2023_firmato_compressed.txt,03_2406_rta_03_240918151606_4166---A_RetePavia_Protocollo2021_e_Integrazioni2023_firmato_compressed.txt,Lombardia,Pavia,Vigevano,Cooperativa sociale KORE Onlus,Cooperativa sociale KORE Onlus,CAV,CAV,,Gestisce il centro antiviolenza “Donna tutto per te” nella zona della Lomellina e la struttura Casa Kore in Vigevano
03_2406_rta_03_240918151606_4166---A_RetePavia_Protocollo2021_e_Integrazioni2023_firmato_compressed.txt,03_2406_rta_03_240918151606_4166---A_RetePavia_Protocollo2021_e_Integrazioni2023_firmato_compressed.txt,Lombardia,Pavia,Pavia,Cooperativa sociale LiberaMente - Percorsi di donne contro la violenza Onlus,Cooperativa sociale LiberaMente - Percorsi di donne contro la violenza Onlus,CAV,CAV,,"Soggetto gestore di centro antiviolenza, case rifugio e alloggi di semi-autonomia"
12_2406_rta_12_241004114912_4166---ProtocolloRetePrantiviolenzaFrosinone.txt | 12_2406_rta_12_241004130514_4166---PROTOCOLLODIINTESAPERLAPROMOZIONEDISTRATEGIECONDIVISESULFENOMENODELLAVIOLENZADIGENERE(1).txt | 12_2406_rta_12_241004133706_4166---ProtocollodiretePREFETTURAFrosinone(1).txt | 12_2406_rta_12_241008145357_4166---Protocollointeristituzionale2023.txt,12_2406_rta_12_241004114912_4166---ProtocolloRetePrantiviolenzaFrosinone.txt | 12_2406_rta_12_241004130514_4166---PROTOCOLLODIINTESAPERLAPROMOZIONEDISTRATEGIECONDIVISESULFENOMENODELLAVIOLENZADIGENERE(1).txt | 12_2406_rta_12_241004133706_4166---ProtocollodiretePREFETTURAFrosinone(1).txt | 12_2406_rta_12_241008145357_4166---Protocollointeristituzionale2023.txt,Lazio,,,Diaconia Soc.Coop Sociale,Diaconia Soc.Coop Sociale,CAV,CAV,,Organizzazione antiviolenza; iscritta albo regionale gestione centri antiviolenza e case rifugio
03_2406_rta_03_240920093134_4166---Protocollo_Intesa_Rete_Antiviolenza_SudEstMilano_Paullese_2021-2023.txt | 03_2406_rta_03_240923105244_4166---ProtocolloViolenzaMilanoFirme2023.txt | 03_2406_rta_03_240923113114_4166---ProtocolloReteAddaMartesanasottoscritto.txt,03_2406_rta_03_240920093134_4166---Protocollo_Intesa_Rete_Antiviolenza_SudEstMilano_Paullese_2021-2023.txt | 03_2406_rta_03_240923105244_4166---ProtocolloViolenzaMilanoFirme2023.txt | 03_2406_rta_03_240923113114_4166---ProtocolloReteAddaMartesanasottoscritto.txt,Lombardia,,,Fondazione Somaschi Onlus,Fondazione Somaschi Onlus,CAV,CAV,,Gestisce Centro Antiviolenza e Casa Rifugio
12_2406_rta_12_241008151247_4166---3.prot.txt,12_2406_rta_12_241008151247_4166---3.prot.txt,Lazio,,,La Casa - Centro di Pronta Accoglienza per donne,La Casa - Centro di Pronta Accoglienza per donne,CAV,CAV,,Centro gestito da Ce.I.S. per donne in difficoltà
12_2406_rta_12_241003094302_4166---4VerbaleIncontroGiorgieLaGinestra-PROTOCOLLO.txt,12_2406_rta_12_241003094302_4166---4VerbaleIncontroGiorgieLaGinestra-PROTOCOLLO.txt,Lazio,Latina,Priverno,La Ginestra - Centro di accoglienza per donne e minori in difficolta,La Ginestra - Centro di accoglienza per donne e minori in difficolta,CAV,CAV,,Gestito da Associazione Nazionale Volontarie del Telefono Rosa - Onlus
08_2406_rta_08_241015091310_4166---Accordo_Contrasto_alla_violenza_CittMtrBO.txt,08_2406_rta_08_241015091310_4166---Accordo_Contrasto_alla_violenza_CittMtrBO.txt,Emilia-Romagna,Bologna,Bologna,MondoDonna,MondoDonna,CAV,CAV,,gestisce Casa Phoebe
16_lecce_Protocollo Operativo - Procedure integrate per la prevenzione e il contrasto alla violenza contro donne e minori - Copia_Marcato.txt,16_lecce_Protocollo Operativo - Procedure integrate per la prevenzione e il contrasto alla violenza contro donne e minori - Copia_Marcato.txt,Puglia,,,"Rete SanFra - ""Il Melograno","Rete SanFra - ""Il Melograno",CAV,CAV,,gestito dalla Cooperativa Sociale Medihospes
12_2406_rta_12_241004114912_4166---ProtocolloRetePrantiviolenzaFrosinone.txt | 12_2406_rta_12_241004130514_4166---PROTOCOLLODIINTESAPERLAPROMOZIONEDISTRATEGIECONDIVISESULFENOMENODELLAVIOLENZADIGENERE(1).txt | 12_2406_rta_12_241004133706_4166---ProtocollodiretePREFETTURAFrosinone(1).txt | 12_2406_rta_12_241008145357_4166---Protocollointeristituzionale2023.txt,12_2406_rta_12_241004114912_4166---ProtocolloRetePrantiviolenzaFrosinone.txt | 12_2406_rta_12_241004130514_4166---PROTOCOLLODIINTESAPERLAPROMOZIONEDISTRATEGIECONDIVISESULFENOMENODELLAVIOLENZADIGENERE(1).txt | 12_2406_rta_12_241004133706_4166---ProtocollodiretePREFETTURAFrosinone(1).txt | 12_2406_rta_12_241008145357_4166---Protocollointeristituzionale2023.txt,Lazio,Frosinone,Sora,Risorse Donna APS,Risorse Donna APS,CAV,CAV,,Organizzazione antiviolenza; iscritta albo regionale gestione centri antiviolenza e case rifugio
08_2406_rta_08_241015091621_4166---PROTOCOLLO_22.txt,08_2406_rta_08_241015091621_4166---PROTOCOLLO_22.txt,Emilia-Romagna,Rimini,Rimini,Rompi il silenzio ONLUS,Rompi il silenzio ONLUS,CAV,CAV,,gestisce Sportello Antiviolenza ALBA
08_2406_rta_08_241015092049_4166---PROTOCOLLOD.G.C.FAENZA304-2009.txt,08_2406_rta_08_241015092049_4166---PROTOCOLLOD.G.C.FAENZA304-2009.txt,Emilia-Romagna,,,Servizio Fenice,Servizio Fenice,CAV,CAV,,"Centro di ascolto, prima accoglienza, sostegno economico e legale, gestito da Associazione SOS Donna - Faenza"
03_2406_rta_03_240926114940_4166---ProtocollodiintesaeAllegatoTecnico_SOTTOSCRITTO.txt,03_2406_rta_03_240926114940_4166---ProtocollodiintesaeAllegatoTecnico_SOTTOSCRITTO.txt,Lombardia,Bergamo,Treviglio,Sportello Donna di Treviglio,Sportello Donna di Treviglio,CAV,CAV,,Gestito da Sirio in convenzione con il Comune di Treviglio
08_2406_rta_08_241015091310_4166---Accordo_Contrasto_alla_violenza_CittMtrBO.txt | 08_2406_rta_08_241015091330_4166---Protocollo_intesa_autonomia_abitativa_donne_vittime_di_violenza_CittMtrBO.txt | 08_2406_rta_08_241015091500_4166---Protocollo_autonomia_lavorativa_def.txt,08_2406_rta_08_241015091310_4166---Accordo_Contrasto_alla_violenza_CittMtrBO.txt | 08_2406_rta_08_241015091330_4166---Protocollo_intesa_autonomia_abitativa_donne_vittime_di_violenza_CittMtrBO.txt | 08_2406_rta_08_241015091500_4166---Protocollo_autonomia_lavorativa_def.txt,Emilia-Romagna,Bologna,Imola,Trama di Terre,Trama di Terre,CAV,CAV,,gestisce Casa Girasola
"03_2406_rta_03_240923164603_4166---ProtocolloreteantiviolenzaBusto,Gallarate,Saronno,SommaLombardo-2024.txt","03_2406_rta_03_240923164603_4166---ProtocolloreteantiviolenzaBusto,Gallarate,Saronno,SommaLombardo-2024.txt",Lombardia,Varese,Tradate,Baobab Cooperativa Sociale,Baobab Cooperativa Sociale,Case Rifugio,CAV,,Soggetto gestore di Case Rifugio iscritte all'Albo dei Centri Antiviolenza
05_2406_rta_05_240917141534_4166---protocollodiretefirmato.txt,05_2406_rta_05_240917141534_4166---protocollodiretefirmato.txt,Trento,,,Casa Alma,Casa Alma,Case Rifugio,CAV,,Casa Rifugio di tipo A gestita dalla Cooperativa Una Casa per l'Uomo
05_2406_rta_05_240917141534_4166---protocollodiretefirmato.txt,05_2406_rta_05_240917141534_4166---protocollodiretefirmato.txt,Trento,,,Casa Aurora,Casa Aurora,Case Rifugio,CAV,,Casa Rifugio di tipo B gestita dalla Cooperativa Una Casa per l'Uomo
03_2406_rta_03_240923103647_4166---protocolloreteantiviolenzacinisello2019(1).txt,03_2406_rta_03_240923103647_4166---protocolloreteantiviolenzacinisello2019(1).txt,Lombardia,,,Casa Cinzia,Casa Cinzia,Case Rifugio,CAV,,Comunità gestita da La Grande Casa
03_2406_rta_03_240923103647_4166---protocolloreteantiviolenzacinisello2019(1).txt,03_2406_rta_03_240923103647_4166---protocolloreteantiviolenzacinisello2019(1).txt,Lombardia,,,Casa Futura,Casa Futura,Case Rifugio,CAV,,Comunità educativa a Cusano Milanino gestita da La Grande Casa
03_2406_rta_03_240923103647_4166---protocolloreteantiviolenzacinisello2019(1).txt,03_2406_rta_03_240923103647_4166---protocolloreteantiviolenzacinisello2019(1).txt,Lombardia,,,Casa Graziella Campagna,Casa Graziella Campagna,Case Rifugio,CAV,,Comunità gestita da La Grande Casa
13_2406_rta_13_241122105938_4166---ACCORDOOPERATIVO.txt | 13_2406_rta_13_241122110421_4166---PROTOCOLLOOPERATIVO.txt,13_2406_rta_13_241122105938_4166---ACCORDOOPERATIVO.txt | 13_2406_rta_13_241122110421_4166---PROTOCOLLOOPERATIVO.txt,Abruzzo,L'Aquila,Sulmona,"Casa Rifugio ""La Casa delle donne","Casa Rifugio ""La Casa delle donne",Case Rifugio,CAV,,Gestita da Horizon Service; prima Casa Rifugio in Abruzzo
18_2406_rta_18_240926102528_4166---PROTOCOLLOAISM_PICCOLAOPERA_firma.txt,18_2406_rta_18_240926102528_4166---PROTOCOLLOAISM_PICCOLAOPERA_firma.txt,Calabria,,,Casa Rifugio Angela Morabito,Casa Rifugio Angela Morabito,Case Rifugio,CAV,,Gestita dall'Associazione Piccola Opera Papa Giovanni Onlus.
13_2406_rta_13_241122102615_4166---PROTOCOLLOD_INTESACOMUNEAQ_donatellatelliniCAV2023.txt,13_2406_rta_13_241122102615_4166---PROTOCOLLOD_INTESACOMUNEAQ_donatellatelliniCAV2023.txt,Abruzzo,,Aquila,Casa Rifugio Associazione Donatella Tellini,Casa Rifugio Associazione Donatella Tellini,Case Rifugio,CAV,,Servizio gestito dall'Associazione Donatella Tellini
01_2406_rta_01_240904121349_4166---convenzione.txt | 01_2406_rta_01_240904122512_4166---accordoSFD.txt,01_2406_rta_01_240904121349_4166---convenzione.txt | 01_2406_rta_01_240904122512_4166---accordoSFD.txt,Piemonte,,,Casa Rifugio Biellese,Casa Rifugio Biellese,Case Rifugio,CAV,,Iscritta all’Albo della Regione Piemonte sezione B n. 8 del 17.08.2017; gestita da Anteo Impresa Cooperativa Sociale
05_2406_rta_05_240919114041_4166---protocollounicorevisionato2024.txt,05_2406_rta_05_240919114041_4166---protocollounicorevisionato2024.txt,Veneto,Vicenza,Thiene,Casa Rifugio Casa della Solidarieta,Casa Rifugio Casa della Solidarieta,Case Rifugio,CAV,,Gestita dal Comune di Thiene
09_ALTA VALDELSA Protocollo-violenza-valdelsa-2022_ALTA VALDELSA.txt,09_ALTA VALDELSA Protocollo-violenza-valdelsa-2022_ALTA VALDELSA.txt,Toscana,,,Casa Rifugio D.I.V.E,Casa Rifugio D.I.V.E,Case Rifugio,CAV,,Gestita dall’Associazione Donne Insieme Valdelsa
03_2406_rta_03_240923102947_4166---ProtSOTTOSCRITTO_ReteAntiviolenzaPiuIntegrazioneAprile2024(1).txt,03_2406_rta_03_240923102947_4166---ProtSOTTOSCRITTO_ReteAntiviolenzaPiuIntegrazioneAprile2024(1).txt,Lombardia,,,Casa Rifugio Emergenza in Rosa,Casa Rifugio Emergenza in Rosa,Case Rifugio,CAV,,Gestita da Cooperativa Altra Via
05_2406_rta_05_240919114041_4166---protocollounicorevisionato2024.txt,05_2406_rta_05_240919114041_4166---protocollounicorevisionato2024.txt,Trento,,,Casa Rifugio Giovanna Meneghini,Casa Rifugio Giovanna Meneghini,Case Rifugio,CAV,,Gestita da Congregazione Suore Orsoline del Sacro Cuore di Maria
05_2406_rta_05_240919114041_4166---protocollounicorevisionato2024.txt,05_2406_rta_05_240919114041_4166---protocollounicorevisionato2024.txt,Trento,,,Casa Rifugio Il Filo di Roberta,Casa Rifugio Il Filo di Roberta,Case Rifugio,CAV,,Gestita da Cooperativa Samarcanda
05_2406_rta_05_240919114041_4166---protocollounicorevisionato2024.txt,05_2406_rta_05_240919114041_4166---protocollounicorevisionato2024.txt,Veneto,Vicenza,Schio,Casa Rifugio Schio,Casa Rifugio Schio,Case Rifugio,CAV,,Gestita dal Comune di Schio
05_2406_rta_05_240919114041_4166---protocollounicorevisionato2024.txt,05_2406_rta_05_240919114041_4166---protocollounicorevisionato2024.txt,Veneto,Vicenza,Bassano del Grappa,Casa Rifugio Tabita,Casa Rifugio Tabita,Case Rifugio,CAV,,Gestita da Associazione Casa Sichem di Bassano
05_2406_rta_05_240919114041_4166---protocollounicorevisionato2024.txt,05_2406_rta_05_240919114041_4166---protocollounicorevisionato2024.txt,Trento,,,Casa Rifugio Villa Savardo,Casa Rifugio Villa Savardo,Case Rifugio,CAV,,Gestita da Congregazione Suore Orsoline del Sacro Cuore di Maria
03_2406_rta_03_240923103647_4166---protocolloreteantiviolenzacinisello2019(1).txt,03_2406_rta_03_240923103647_4166---protocolloreteantiviolenzacinisello2019(1).txt,Lombardia,,,Casa Rifugio ad indirizzo segreto,Casa Rifugio ad indirizzo segreto,Case Rifugio,CAV,,Gestita da Fondazione Somaschi
12_2406_rta_12_241003104626_4166---PROTOCOLLODIINTESAMUNICIPIOXV.txt,12_2406_rta_12_241003104626_4166---PROTOCOLLODIINTESAMUNICIPIOXV.txt,Lazio,,,Casa Rifugio di Roma Capitale di Via Cassia 639,Casa Rifugio di Roma Capitale di Via Cassia 639,Case Rifugio,CAV,,Gestito da Differenza Donna APS
03_2406_rta_03_240923102947_4166---ProtSOTTOSCRITTO_ReteAntiviolenzaPiuIntegrazioneAprile2024(1).txt,03_2406_rta_03_240923102947_4166---ProtSOTTOSCRITTO_ReteAntiviolenzaPiuIntegrazioneAprile2024(1).txt,Lombardia,,,Casa Rosa Parks,Casa Rosa Parks,Case Rifugio,CAV,,Gestita da Cooperativa Lotta Contro l'Emarginazione
03_2406_rta_03_240923102947_4166---ProtSOTTOSCRITTO_ReteAntiviolenzaPiuIntegrazioneAprile2024(1).txt,03_2406_rta_03_240923102947_4166---ProtSOTTOSCRITTO_ReteAntiviolenzaPiuIntegrazioneAprile2024(1).txt,Lombardia,,,Casa Simona,Casa Simona,Case Rifugio,CAV,,Gestita da Cooperativa Lotta Contro l'Emarginazione
03_2406_rta_03_240923103647_4166---protocolloreteantiviolenzacinisello2019(1).txt,03_2406_rta_03_240923103647_4166---protocolloreteantiviolenzacinisello2019(1).txt,Lombardia,,,Casa Viola,Casa Viola,Case Rifugio,CAV,,Comunità gestita da La Grande Casa
03_2406_rta_03_240923103647_4166---protocolloreteantiviolenzacinisello2019(1).txt,03_2406_rta_03_240923103647_4166---protocolloreteantiviolenzacinisello2019(1).txt,Lombardia,,,Casa del Sole,Casa del Sole,Case Rifugio,CAV,,Comunità gestita da La Grande Casa
13_2406_rta_13_241122101856_4166---Protocollodirete_AlphaGuardiagrele.txt,13_2406_rta_13_241122101856_4166---Protocollodirete_AlphaGuardiagrele.txt,Abruzzo,,,Casa di accoglienza Mater Populi Teatina,Casa di accoglienza Mater Populi Teatina,Case Rifugio,CAV,,gestita da Caritas Diocesana
03_2406_rta_03_240926114940_4166---ProtocollodiintesaeAllegatoTecnico_SOTTOSCRITTO.txt,03_2406_rta_03_240926114940_4166---ProtocollodiintesaeAllegatoTecnico_SOTTOSCRITTO.txt,Lombardia,Bergamo,Treviglio,Case Rifugio - Sirio C.S.F. Coop. Soc. di Treviglio,Case Rifugio - Sirio C.S.F. Coop. Soc. di Treviglio,Case Rifugio,CAV,,Gestite da Cooperativa Sirio
12_2406_rta_12_241003112247_4166---Accordodicollaborazione_CREDICI.txt | 12_2406_rta_12_241003113710_4166---Accordodicollaborazione_CREDICI.txt,12_2406_rta_12_241003112247_4166---Accordodicollaborazione_CREDICI.txt | 12_2406_rta_12_241003113710_4166---Accordodicollaborazione_CREDICI.txt,Lazio,,,Case Rifugio gestite dall'Associazione Differenza Donna,Case Rifugio gestite dall'Associazione Differenza Donna,Case Rifugio,CAV,,Servizi per le donne gestiti da Associazione Differenza Donna APS
01_2406_rta_01_240904120005_4166---protocollo.txt,01_2406_rta_01_240904120005_4166---protocollo.txt,Piemonte,Biella,Ponderano,Centro I Germogli,Centro I Germogli,Case Rifugio,CAV,,Gestito da Save The Children; seconda accoglienza donne e bambini
03_2406_rta_03_240924144947_4166---Protocollod'IntesaReteAntiviolenzaIsolaBergamascaeBassaValSanMartino2024.txt,03_2406_rta_03_240924144947_4166---Protocollod'IntesaReteAntiviolenzaIsolaBergamascaeBassaValSanMartino2024.txt,Lombardia,Bergamo,Bergamo,Cooperativa Generazioni Fa,Cooperativa Generazioni Fa,Case Rifugio,CAV,,ente gestore di Comunità Rifugio
03_2406_rta_03_240924144947_4166---Protocollod'IntesaReteAntiviolenzaIsolaBergamascaeBassaValSanMartino2024.txt,03_2406_rta_03_240924144947_4166---Protocollod'IntesaReteAntiviolenzaIsolaBergamascaeBassaValSanMartino2024.txt,Lombardia,,,Cooperativa Rinnovamento Onlus,Cooperativa Rinnovamento Onlus,Case Rifugio,CAV,,ente gestore di Comunità Rifugio
03_2406_rta_03_240924144947_4166---Protocollod'IntesaReteAntiviolenzaIsolaBergamascaeBassaValSanMartino2024.txt,03_2406_rta_03_240924144947_4166---Protocollod'IntesaReteAntiviolenzaIsolaBergamascaeBassaValSanMartino2024.txt,Lombardia,Bergamo,Treviglio,Cooperativa Sirio,Cooperativa Sirio,Case Rifugio,CAV,,ente gestore di Comunità Rifugio
"03_2406_rta_03_240923164603_4166---ProtocolloreteantiviolenzaBusto,Gallarate,Saronno,SommaLombardo-2024.txt","03_2406_rta_03_240923164603_4166---ProtocolloreteantiviolenzaBusto,Gallarate,Saronno,SommaLombardo-2024.txt",Lombardia,Varese,Varese,Fondazione Felicita Morandi ets,Fondazione Felicita Morandi ets,Case Rifugio,CAV,,Soggetto gestore di Case Rifugio iscritte all'Albo dei Centri Antiviolenza
12_2406_rta_12_241008151247_4166---3.prot.txt,12_2406_rta_12_241008151247_4166---3.prot.txt,Lazio,,,Il Giardino dei Ciliegi - Casa per la semiautonomia per donne,Il Giardino dei Ciliegi - Casa per la semiautonomia per donne,Case Rifugio,CAV,,Casa di semiautonomia gestita dal Ce.I.S.
07_2406_rta_07_240916163905_4166---PROTOCOLLOFIRMATO(002).txt,07_2406_rta_07_240916163905_4166---PROTOCOLLOFIRMATO(002).txt,Liguria,Genova,Chiavari,Opera Diocesana Madonna dei Bambini Villaggio del Ragazzo,Opera Diocesana Madonna dei Bambini Villaggio del Ragazzo,Case Rifugio,CAV,,Soggetto gestore della Casa Rifugio
12_2406_rta_12_240926134140_4166---Protocollointesa.txt | 12_2406_rta_12_240927093424_4166---ProtVMunMerlin.txt | 12_2406_rta_12_241002122243_4166---2ProtocolloAssociazioneAllianceforAfricanAssistance(002).txt | 12_2406_rta_12_241003101925_4166---ProtocolloFormazioneObiettivoUomo.txt | 12_2406_rta_12_241003105319_4166---PROTOCOLLODIINTES1_2601def-signed-signed.txt | 12_2406_rta_12_241003110309_4166---ProtocollodiIntesaMunicipio1eDD.txt | 12_2406_rta_12_241003111748_4166---ACCORDOMUNICIPIOROMAVeDIPPARIOPPROMACAPITALE_DD.txt | 12_2406_rta_12_241003114137_4166---PROTOCOLLODIINTESAROMAVOLLEYEDD.txt | 12_2406_rta_12_241003114931_4166---ProtocollodiintesaDifferenzaDonnaeMunicipio13.txt | 12_2406_rta_12_241004091505_4166---4ProtCAVPAOLALATTESEnjoi(2).txt | 12_2406_rta_12_241004114912_4166---ProtocolloRetePrantiviolenzaFrosinone.txt | 12_2406_rta_12_241004130514_4166---PROTOCOLLODIINTESAPERLAPROMOZIONEDISTRATEGIECONDIVISESULFENOMENODELLAVIOLENZADIGENERE(1).txt | 12_2406_rta_12_241004141331_4166---ConvenzioneconilComunediCECCANO.txt,12_2406_rta_12_240926134140_4166---Protocollointesa.txt | 12_2406_rta_12_240927093424_4166---ProtVMunMerlin.txt | 12_2406_rta_12_241002122243_4166---2ProtocolloAssociazioneAllianceforAfricanAssistance(002).txt | 12_2406_rta_12_241003101925_4166---ProtocolloFormazioneObiettivoUomo.txt | 12_2406_rta_12_241003105319_4166---PROTOCOLLODIINTES1_2601def-signed-signed.txt | 12_2406_rta_12_241003110309_4166---ProtocollodiIntesaMunicipio1eDD.txt | 12_2406_rta_12_241003111748_4166---ACCORDOMUNICIPIOROMAVeDIPPARIOPPROMACAPITALE_DD.txt | 12_2406_rta_12_241003114137_4166---PROTOCOLLODIINTESAROMAVOLLEYEDD.txt | 12_2406_rta_12_241003114931_4166---ProtocollodiintesaDifferenzaDonnaeMunicipio13.txt | 12_2406_rta_12_241004091505_4166---4ProtCAVPAOLALATTESEnjoi(2).txt | 12_2406_rta_12_241004114912_4166---ProtocolloRetePrantiviolenzaFrosinone.txt | 12_2406_rta_12_241004130514_4166---PROTOCOLLODIINTESAPERLAPROMOZIONEDISTRATEGIECONDIVISESULFENOMENODELLAVIOLENZADIGENERE(1).txt | 12_2406_rta_12_241004141331_4166---ConvenzioneconilComunediCECCANO.txt,Lazio,,,case rifugio,case rifugio,Case Rifugio,CAV,,gestite dalle organizzazioni antiviolenza
01_2406_rta_01_240904150044_4166---Protocollocav-irene2022-2025.txt,01_2406_rta_01_240904150044_4166---Protocollocav-irene2022-2025.txt,Piemonte,Novara,Arona,COMUNE DI ARONA,COMUNE DI ARONA,Comuni,Servizi comunali,capofila di Convenzione,Sportello Donna presso palazzo Comunale di Arona; Sportello Lavoro comunale
11_2406_rta_11_240911113105_4166---PROTOCOLLO_OPERATIVO2024_CONINDIRIZZARIO_FIRMATO.txt,11_2406_rta_11_240911113105_4166---PROTOCOLLO_OPERATIVO2024_CONINDIRIZZARIO_FIRMATO.txt,Marche,Ancona,Ancona,Comune di Ancona,Comune di Ancona,Comuni,Servizi comunali,,Gestisce ATS 11; coinvolto nella rete; tra i firmatari
05_2406_rta_05_240919122126_4166---PROTOCOLLOULSS8BERICA.txt,05_2406_rta_05_240919122126_4166---PROTOCOLLOULSS8BERICA.txt,Veneto,Vicenza,Arzignano,Comune di Arzignano,Comune di Arzignano,Comuni,Servizi comunali,,Coordinamento con ente capofila
11_2406_rta_11_240911113911_4166---AscoliPPROTOCOLLOoperativo_2019_2021.txt,11_2406_rta_11_240911113911_4166---AscoliPPROTOCOLLOoperativo_2019_2021.txt,Marche,Ascoli Piceno,Ascoli Piceno,Comune di Ascoli Piceno,Comune di Ascoli Piceno,Comuni,Servizi comunali,Ente Capofila,"Capofila ATS 22, firmatario rappresentato nei Comitati Sindaci"
10_2406_rta_10_250506141901_4166---ProtocollounicoregionaleRINNOVATO.txt,10_2406_rta_10_250506141901_4166---ProtocollounicoregionaleRINNOVATO.txt,Umbria,Perugia,Assisi,Comune di Assisi,Comune di Assisi,Comuni,Servizi comunali,capofila della Zona sociale 3,
06_2406_rta_06_240916164102_4166---protocollopordenoneprefettura.txt,06_2406_rta_06_240916164102_4166---protocollopordenoneprefettura.txt,Friuli-Venezia Giulia,Pordenone,Azzano Decimo,Comune di Azzano Decimo,Comune di Azzano Decimo,Comuni,Servizi comunali,Ambito Distrettuale 6.3,"Firmatario, Comune capofila Ambito Distrettuale 6.3"
05_2406_rta_05_240919114041_4166---protocollounicorevisionato2024.txt,05_2406_rta_05_240919114041_4166---protocollounicorevisionato2024.txt,Veneto,Vicenza,Bassano del Grappa,Comune di Bassano del Grappa,Comune di Bassano del Grappa,Comuni,Servizi comunali,,Capofila per servizi sociali del Distretto 1
01_2406_rta_01_240904122512_4166---accordoSFD.txt,01_2406_rta_01_240904122512_4166---accordoSFD.txt,Piemonte,Biella,Biella,Comune di Biella,Comune di Biella,Comuni,Servizi comunali,,Afferenza territoriale di servizi e gestione turnazione Servizio Sociale
01_2406_rta_01_240904110730_4166---protocollocontuttelefirme(1).txt,01_2406_rta_01_240904110730_4166---protocollocontuttelefirme(1).txt,Piemonte,Cuneo,Bra,Comune di Bra,Comune di Bra,Comuni,Servizi comunali,Comune di Bra,"Ente capofila, soggetto gestore dei Servizi Socio Assistenziali, firmatario del protocollo"
03_2406_rta_03_240923101524_4166---PROTOCOLLO_DI_INTESA_versione_DEFINITIVA2021.stamped.txt | 03_2406_rta_03_240926123135_4166---ProtocollodiRete.txt,03_2406_rta_03_240923101524_4166---PROTOCOLLO_DI_INTESA_versione_DEFINITIVA2021.stamped.txt | 03_2406_rta_03_240926123135_4166---ProtocollodiRete.txt,Lombardia,Brescia,Brescia,Comune di Brescia,Comune di Brescia,Comuni,Servizi comunali,Comune di Brescia,Ente capofila della Rete Antiviolenza
"03_2406_rta_03_240923164603_4166---ProtocolloreteantiviolenzaBusto,Gallarate,Saronno,SommaLombardo-2024.txt","03_2406_rta_03_240923164603_4166---ProtocolloreteantiviolenzaBusto,Gallarate,Saronno,SommaLombardo-2024.txt",Lombardia,Varese,Busto Arsizio,Comune di Busto Arsizio,Comune di Busto Arsizio,Comuni,Servizi comunali,,Capofila della Rete e dell'Ambito Territoriale Sociale di Busto Arsizio; soggetto firmatario degli accordi con Regione Lombardia
01_2406_rta_01_240909112136_4166---convenzionecarmagnola.txt,01_2406_rta_01_240909112136_4166---convenzionecarmagnola.txt,Piemonte,Torino,Carmagnola,Comune di Carmagnola,Comune di Carmagnola,Comuni,Servizi comunali,,"Firmatario della convenzione, mette a disposizione locali e gestisce economicamente lo Sportello Antiviolenza."
05_2406_rta_05_240917141534_4166---protocollodiretefirmato.txt,05_2406_rta_05_240917141534_4166---protocollodiretefirmato.txt,Veneto,Treviso,Castelfranco Veneto,Comune di Castelfranco Veneto,Comune di Castelfranco Veneto,Comuni,Servizi comunali,Comune di Castelfranco Veneto,soggetto capofila del protocollo
08_2406_rta_08_241015091553_4166---Protocollosullaviolenzadigenere_confirme_prot.txt,08_2406_rta_08_241015091553_4166---Protocollosullaviolenzadigenere_confirme_prot.txt,Emilia-Romagna,Rimini,Cattolica,Comune di Cattolica,Comune di Cattolica,Comuni,Servizi comunali,Distretto di Riccione,Ente capofila per tematiche contrasto violenza
03_2406_rta_03_240920120751_4166---protocollodiintesa.txt,03_2406_rta_03_240920120751_4166---protocollodiintesa.txt,Lombardia,Milano,Cerro Maggiore,Comune di Cerro Maggiore,Comune di Cerro Maggiore,Comuni,Servizi comunali,,Comune capofila del protocollo
07_2406_rta_07_240916163905_4166---PROTOCOLLOFIRMATO(002).txt | 07_2406_rta_07_240916163956_4166---DGR477_2022_Protocollo.txt,07_2406_rta_07_240916163905_4166---PROTOCOLLOFIRMATO(002).txt | 07_2406_rta_07_240916163956_4166---DGR477_2022_Protocollo.txt,Liguria,Genova,Chiavari,Comune di Chiavari,Comune di Chiavari,Comuni,Servizi comunali,,Capofila conferenza dei sindaci dell’Asl n. 4
13_2406_rta_13_241122101453_4166---ProtocollodiRete_AlphaChieti.txt,13_2406_rta_13_241122101453_4166---ProtocollodiRete_AlphaChieti.txt,Abruzzo,Chieti,Chieti,Comune di Chieti,Comune di Chieti,Comuni,Servizi comunali,coordinatore generale,"Assessorato alle Politiche Sociali, Pari Opportunità, Polizia Municipale"
03_2406_rta_03_240923103647_4166---protocolloreteantiviolenzacinisello2019(1).txt,03_2406_rta_03_240923103647_4166---protocolloreteantiviolenzacinisello2019(1).txt,Lombardia,Milano,Cinisello Balsamo,Comune di Cinisello Balsamo,Comune di Cinisello Balsamo,Comuni,Servizi comunali,Comune di Cinisello Balsamo,Ente capofila della rete territoriale
10_2406_rta_10_250506141901_4166---ProtocollounicoregionaleRINNOVATO.txt,10_2406_rta_10_250506141901_4166---ProtocollounicoregionaleRINNOVATO.txt,Umbria,Perugia,Città di Castello,Comune di Città di Castello,Comune di Città di Castello,Comuni,Servizi comunali,capofila della Zona sociale 1,
"03_2406_rta_03_240923164603_4166---ProtocolloreteantiviolenzaBusto,Gallarate,Saronno,SommaLombardo-2024.txt | 03_2406_rta_03_240925144919_4166---RETEDICOMO-PROTOCOLLOINTERIST.17novembre2023(1).txt","03_2406_rta_03_240923164603_4166---ProtocolloreteantiviolenzaBusto,Gallarate,Saronno,SommaLombardo-2024.txt | 03_2406_rta_03_240925144919_4166---RETEDICOMO-PROTOCOLLOINTERIST.17novembre2023(1).txt",Lombardia,Como,Como,Comune di Como,Comune di Como,Comuni,Servizi comunali,,Capofila di una delle Reti Territoriali Antiviolenza
03_2406_rta_03_240926122707_4166---ProtocolloReteAntiviolenzaconfirme.txt,03_2406_rta_03_240926122707_4166---ProtocolloReteAntiviolenzaconfirme.txt,Lombardia,Milano,Corsico,Comune di Corsico,Comune di Corsico,Comuni,Servizi comunali,,Ente Capofila del Piano di Zona del Distretto 3 ex ASL Milano 1
03_2406_rta_03_240918153252_4166---Protocollo+Appendice+LineeGuida_Datatodafirmare.txt,03_2406_rta_03_240918153252_4166---Protocollo+Appendice+LineeGuida_Datatodafirmare.txt,Lombardia,Cremona,Cremona,Comune di Cremona,Comune di Cremona,Comuni,Servizi comunali,Comune di Cremona,Capofila amministrativo progetti di rete
03_2406_rta_03_240926123135_4166---ProtocollodiRete.txt,03_2406_rta_03_240926123135_4166---ProtocollodiRete.txt,Lombardia,Brescia,Darfo Boario Terme,Comune di Darfo Boario Terme,Comune di Darfo Boario Terme,Comuni,Servizi comunali,,Firmatario; coordina il Tavolo di lavoro della Rete Territoriale Interistituzionale
03_2406_rta_03_240923165401_4166---PROTOCOLLODIrete2020-2023_rev2confirmescan.txt,03_2406_rta_03_240923165401_4166---PROTOCOLLODIrete2020-2023_rev2confirmescan.txt,Lombardia,Brescia,Desenzano del Garda,Comune di Desenzano del Garda,Comune di Desenzano del Garda,Comuni,Servizi comunali,,Ente Capofila
08_2406_rta_08_241015092049_4166---PROTOCOLLOD.G.C.FAENZA304-2009.txt,08_2406_rta_08_241015092049_4166---PROTOCOLLOD.G.C.FAENZA304-2009.txt,Emilia-Romagna,Ravenna,Faenza,Comune di Faenza,Comune di Faenza,Comuni,Servizi comunali,,"Firmatario del protocollo, territorio pilota, presiede Tavolo di coordinamento"
09_FIRENZE Linee-di-indirizzo2024.txt,09_FIRENZE Linee-di-indirizzo2024.txt,Toscana,Firenze,Firenze,Comune di Firenze: Area Tutela Valery,Comune di Firenze: Area Tutela Valery,Comuni,Servizi comunali,,"Presente solo nel Comune di Firenze, consulenza specialistica e gestione diretta delle situazioni di violenza"
10_2406_rta_10_250506141901_4166---ProtocollounicoregionaleRINNOVATO.txt,10_2406_rta_10_250506141901_4166---ProtocollounicoregionaleRINNOVATO.txt,Umbria,Perugia,Foligno,Comune di Foligno,Comune di Foligno,Comuni,Servizi comunali,capofila della Zona sociale 8,
"03_2406_rta_03_240923164603_4166---ProtocolloreteantiviolenzaBusto,Gallarate,Saronno,SommaLombardo-2024.txt","03_2406_rta_03_240923164603_4166---ProtocolloreteantiviolenzaBusto,Gallarate,Saronno,SommaLombardo-2024.txt",Lombardia,Varese,Gallarate,Comune di Gallarate,Comune di Gallarate,Comuni,Servizi comunali,,Capofila dell'Ambito Territoriale Sociale di Gallarate
13_2406_rta_13_241122101856_4166---Protocollodirete_AlphaGuardiagrele.txt,13_2406_rta_13_241122101856_4166---Protocollodirete_AlphaGuardiagrele.txt,Abruzzo,Chieti,Guardiagrele,Comune di Guardiagrele,Comune di Guardiagrele,Comuni,Servizi comunali,coordinatore generale,"Assessorato alle Politiche Sociali, Pari Opportunità, Polizia Municipale; capofila; coordinatore generale della rete"
10_2406_rta_10_250506141901_4166---ProtocollounicoregionaleRINNOVATO.txt,10_2406_rta_10_250506141901_4166---ProtocollounicoregionaleRINNOVATO.txt,Umbria,Perugia,Gubbio,Comune di Gubbio,Comune di Gubbio,Comuni,Servizi comunali,capofila della Zona sociale 7,
07_2406_rta_07_240916163956_4166---DGR477_2022_Protocollo.txt,07_2406_rta_07_240916163956_4166---DGR477_2022_Protocollo.txt,Liguria,La Spezia,La Spezia,Comune di La Spezia,Comune di La Spezia,Comuni,Servizi comunali,,"Firmatario del protocollo, Comune capofila Conferenza dei Sindaci"
13_2406_rta_13_241122103901_4166---Protocollirete_ortonaelancianoCAVdonn.ÿ.txt | 13_2406_rta_13_241122104158_4166---Protocollirete_ortonaelancianoCAVdonn.ÿ.txt | 13_2406_rta_13_241122104842_4166---Protocollodirete_DAFNE.txt,13_2406_rta_13_241122103901_4166---Protocollirete_ortonaelancianoCAVdonn.ÿ.txt | 13_2406_rta_13_241122104158_4166---Protocollirete_ortonaelancianoCAVdonn.ÿ.txt | 13_2406_rta_13_241122104842_4166---Protocollodirete_DAFNE.txt,Abruzzo,Chieti,Lanciano,Comune di Lanciano,Comune di Lanciano,Comuni,Servizi comunali,Comune di Lanciano,Ente Capofila
03_2406_rta_03_240918153240_4166---Protocollod'intesaperl'IstituzionediunSistemaTerritorialeAntiviolenzainReteconAddendumSindacati.txt,03_2406_rta_03_240918153240_4166---Protocollod'intesaperl'IstituzionediunSistemaTerritorialeAntiviolenzainReteconAddendumSindacati.txt,Lombardia,Lecco,Lecco,Comune di Lecco,Comune di Lecco,Comuni,Servizi comunali,,Coordina la rete; referente per la Regione Lombardia del progetto d'intervento
09_LIVORNO Protocollo_ RETE ANTIVIOLENZA_ LIVORNO.txt,09_LIVORNO Protocollo_ RETE ANTIVIOLENZA_ LIVORNO.txt,Toscana,Livorno,Livorno,Comune di Livorno,Comune di Livorno,Comuni,Servizi comunali,Comune di Livorno,Coordinatore logistico e operativo del protocollo
03_2406_rta_03_240923111659_4166---ProtocolloantiviolenzaComunediLodi_scansioneconfirme_maggio2014.txt,03_2406_rta_03_240923111659_4166---ProtocolloantiviolenzaComunediLodi_scansioneconfirme_maggio2014.txt,Lombardia,Lodi,Lodi,Comune di Lodi,Comune di Lodi,Comuni,Servizi comunali,soggetto firmatario in qualita di ente capofila,"firmatario, coordinamento operativo, riferisce annualmente al Consiglio Comunale"
06_2406_rta_06_240916164102_4166---protocollopordenoneprefettura.txt,06_2406_rta_06_240916164102_4166---protocollopordenoneprefettura.txt,Friuli-Venezia Giulia,Pordenone,Maniago,Comune di Maniago,Comune di Maniago,Comuni,Servizi comunali,Ambito Distrettuale 6.4,"Firmatario, Comune capofila Ambito Distrettuale 6.4"
03_2406_rta_03_240918153156_4166---Protocollo_d'Intesa_Rete_Mantova.prot.txt,03_2406_rta_03_240918153156_4166---Protocollo_d'Intesa_Rete_Mantova.prot.txt,Lombardia,Mantova,Mantova,Comune di Mantova,Comune di Mantova,Comuni,Servizi comunali,,ente capofila della rete interistituzionale
10_2406_rta_10_250506141901_4166---ProtocollounicoregionaleRINNOVATO.txt,10_2406_rta_10_250506141901_4166---ProtocollounicoregionaleRINNOVATO.txt,Umbria,Perugia,Marsciano,Comune di Marsciano,Comune di Marsciano,Comuni,Servizi comunali,capofila della Zona sociale 4,
03_2406_rta_03_240923113114_4166---ProtocolloReteAddaMartesanasottoscritto.txt,03_2406_rta_03_240923113114_4166---ProtocolloReteAddaMartesanasottoscritto.txt,Lombardia,Milano,Melzo,Comune di Melzo,Comune di Melzo,Comuni,Servizi comunali,,Comune capofila del protocollo
16_bari_protocollo operativo Mola di Bari_rete Antiviolenza.txt,16_bari_protocollo operativo Mola di Bari_rete Antiviolenza.txt,Puglia,Bari,Mola di Bari,Comune di Mola di Bari,Comune di Mola di Bari,Comuni,Servizi comunali,,Capofila ambito; firmatario protocollo
10_2406_rta_10_250506141901_4166---ProtocollounicoregionaleRINNOVATO.txt,10_2406_rta_10_250506141901_4166---ProtocollounicoregionaleRINNOVATO.txt,Umbria,Terni,Narni,Comune di Narni,Comune di Narni,Comuni,Servizi comunali,capofila della Zona sociale 11,
10_2406_rta_10_250506141901_4166---ProtocollounicoregionaleRINNOVATO.txt,10_2406_rta_10_250506141901_4166---ProtocollounicoregionaleRINNOVATO.txt,Umbria,Perugia,Norcia,Comune di Norcia,Comune di Norcia,Comuni,Servizi comunali,capofila della Zona sociale 6,
10_2406_rta_10_250506141901_4166---ProtocollounicoregionaleRINNOVATO.txt,10_2406_rta_10_250506141901_4166---ProtocollounicoregionaleRINNOVATO.txt,Umbria,Terni,Orvieto,Comune di Orvieto,Comune di Orvieto,Comuni,Servizi comunali,capofila della Zona sociale 12,
05_2406_rta_05_240918153458_4166---protocolloprovPadova.txt,05_2406_rta_05_240918153458_4166---protocolloprovPadova.txt,Veneto,Padova,Padova,Comune di Padova,Comune di Padova,Comuni,Servizi comunali,,Capofila
03_2406_rta_03_240925150245_4166---ProtocolloReteARIAPalazzolo.txt,03_2406_rta_03_240925150245_4166---ProtocolloReteARIAPalazzolo.txt,Lombardia,Brescia,Palazzolo sull'Oglio,Comune di Palazzolo sull'Oglio,Comune di Palazzolo sull'Oglio,Comuni,Servizi comunali,,"Capofila della rete territoriale antiviolenza, firmatario"
03_2406_rta_03_240918151606_4166---A_RetePavia_Protocollo2021_e_Integrazioni2023_firmato_compressed.txt,03_2406_rta_03_240918151606_4166---A_RetePavia_Protocollo2021_e_Integrazioni2023_firmato_compressed.txt,Lombardia,Pavia,Pavia,Comune di Pavia,Comune di Pavia,Comuni,Servizi comunali,Comune di Pavia,Coordina le attività del Tavolo tecnico. Capofila del protocollo.
10_2406_rta_10_250506141901_4166---ProtocollounicoregionaleRINNOVATO.txt,10_2406_rta_10_250506141901_4166---ProtocollounicoregionaleRINNOVATO.txt,Umbria,Perugia,Perugia,Comune di Perugia,Comune di Perugia,Comuni,Servizi comunali,capofila della Zona sociale 2,
13_2406_rta_13_241122115416_4166---PROTOCOLLOPESCARA.txt,13_2406_rta_13_241122115416_4166---PROTOCOLLOPESCARA.txt,Abruzzo,Pescara,Pescara,Comune di Pescara,Comune di Pescara,Comuni,Servizi comunali,Comune di Pescara,Ente capofila della rete interistituzionale antiviolenza cittadina
03_2406_rta_03_240920093134_4166---Protocollo_Intesa_Rete_Antiviolenza_SudEstMilano_Paullese_2021-2023.txt,03_2406_rta_03_240920093134_4166---Protocollo_Intesa_Rete_Antiviolenza_SudEstMilano_Paullese_2021-2023.txt,Lombardia,Milano,Peschiera Borromeo,Comune di Peschiera Borromeo,Comune di Peschiera Borromeo,Comuni,Servizi comunali,,Ente Capofila del Distretto Sociale del Paullese
03_2406_rta_03_240926122707_4166---ProtocolloReteAntiviolenzaconfirme.txt,03_2406_rta_03_240926122707_4166---ProtocolloReteAntiviolenzaconfirme.txt,Lombardia,Milano,Pieve Emanuele,Comune di Pieve Emanuele,Comune di Pieve Emanuele,Comuni,Servizi comunali,,Ente Capofila del Piano di Zona del Distretto 6 ex ASL Milano 2
06_2406_rta_06_240916164102_4166---protocollopordenoneprefettura.txt,06_2406_rta_06_240916164102_4166---protocollopordenoneprefettura.txt,Friuli-Venezia Giulia,Pordenone,Pordenone,Comune di Pordenone,Comune di Pordenone,Comuni,Servizi comunali,Ambito Urbano 6.5,"Firmatario, Comune capofila Ambito Urbano 6.5"
08_2406_rta_08_241015091748_4166---ProtocolloProvincialeCaserifugio2023.2025.txt,08_2406_rta_08_241015091748_4166---ProtocolloProvincialeCaserifugio2023.2025.txt,Emilia-Romagna,Ravenna,Ravenna,Comune di Ravenna,Comune di Ravenna,Comuni,Servizi comunali,"Comune capofila del Servizio Sociale Associato dei Comuni di Ravenna, Cervia e Russi","capofila del Servizio Sociale Associato dei Comuni di Ravenna, Cervia e Russi"
03_2406_rta_03_240926144324_4166---Protocollodiintesa.txt,03_2406_rta_03_240926144324_4166---Protocollodiintesa.txt,Lombardia,Milano,Rho,Comune di Rho,Comune di Rho,Comuni,Servizi comunali,,Ente capofila del protocollo
03_2406_rta_03_240926122707_4166---ProtocolloReteAntiviolenzaconfirme.txt,03_2406_rta_03_240926122707_4166---ProtocolloReteAntiviolenzaconfirme.txt,Lombardia,Milano,Rozzano,Comune di Rozzano,Comune di Rozzano,Comuni,Servizi comunali,,Ente Capofila del Piano di Zona del Distretto 7 ex ASL Milano 2; ente capofila della Rete Antiviolenza Sovradistrettuale
06_2406_rta_06_240916164102_4166---protocollopordenoneprefettura.txt,06_2406_rta_06_240916164102_4166---protocollopordenoneprefettura.txt,Friuli-Venezia Giulia,Pordenone,Sacile,Comune di Sacile,Comune di Sacile,Comuni,Servizi comunali,Ambito Distrettuale 6.1,"Firmatario, Comune capofila Ambito Distrettuale 6.1"
05_2406_rta_05_240916135305_4166---protocolloulss4.txt,05_2406_rta_05_240916135305_4166---protocolloulss4.txt,Veneto,Venezia,San Dona di Piave,Comune di San Dona di Piave,Comune di San Dona di Piave,Comuni,Servizi comunali,,capofila del protocollo
03_2406_rta_03_240920093134_4166---Protocollo_Intesa_Rete_Antiviolenza_SudEstMilano_Paullese_2021-2023.txt,03_2406_rta_03_240920093134_4166---Protocollo_Intesa_Rete_Antiviolenza_SudEstMilano_Paullese_2021-2023.txt,Lombardia,Milano,San Donato Milanese,Comune di San Donato Milanese,Comune di San Donato Milanese,Comuni,Servizi comunali,,Ente capofila del Protocollo d’Intesa
08_2406_rta_08_241015091310_4166---Accordo_Contrasto_alla_violenza_CittMtrBO.txt | 08_2406_rta_08_241015091330_4166---Protocollo_intesa_autonomia_abitativa_donne_vittime_di_violenza_CittMtrBO.txt,08_2406_rta_08_241015091310_4166---Accordo_Contrasto_alla_violenza_CittMtrBO.txt | 08_2406_rta_08_241015091330_4166---Protocollo_intesa_autonomia_abitativa_donne_vittime_di_violenza_CittMtrBO.txt,Emilia-Romagna,Bologna,San Lazzaro di Savena,Comune di San Lazzaro di Savena,Comune di San Lazzaro di Savena,Comuni,Servizi comunali,Savena Idice,capofila distretto socio-sanitario Savena Idice
06_2406_rta_06_240916164102_4166---protocollopordenoneprefettura.txt,06_2406_rta_06_240916164102_4166---protocollopordenoneprefettura.txt,Friuli-Venezia Giulia,Pordenone,San Vito al Tagliamento,Comune di San Vito al Tagliamento,Comune di San Vito al Tagliamento,Comuni,Servizi comunali,Ambito Distrettuale 6.2,"Firmatario, Comune capofila Ambito Distrettuale 6.2"
07_2406_rta_07_240916163956_4166---DGR477_2022_Protocollo.txt,07_2406_rta_07_240916163956_4166---DGR477_2022_Protocollo.txt,Liguria,Imperia,Sanremo,Comune di Sanremo,Comune di Sanremo,Comuni,Servizi comunali,,"Firmatario del protocollo, Comune capofila Conferenza dei Sindaci"
"03_2406_rta_03_240923164603_4166---ProtocolloreteantiviolenzaBusto,Gallarate,Saronno,SommaLombardo-2024.txt","03_2406_rta_03_240923164603_4166---ProtocolloreteantiviolenzaBusto,Gallarate,Saronno,SommaLombardo-2024.txt",Lombardia,Varese,Saronno,Comune di Saronno,Comune di Saronno,Comuni,Servizi comunali,,Capofila dell'Ambito Territoriale Sociale di Saronno
07_2406_rta_07_240916163956_4166---DGR477_2022_Protocollo.txt,07_2406_rta_07_240916163956_4166---DGR477_2022_Protocollo.txt,Liguria,Savona,Savona,Comune di Savona,Comune di Savona,Comuni,Servizi comunali,,"Firmatario del protocollo, Comune capofila Conferenza dei Sindaci"
03_2406_rta_03_240923114012_4166---23-9-2024ProtocolloReteRita_signed_signed_signedDEF_signed_signed-signed_signed(1).txt,03_2406_rta_03_240923114012_4166---23-9-2024ProtocolloReteRita_signed_signed_signedDEF_signed_signed-signed_signed(1).txt,Lombardia,Bergamo,Seriate,Comune di Seriate,Comune di Seriate,Comuni,Servizi comunali,,Ente capofila della Rete Territoriale Antiviolenza dell’Area Bergamo Est - R.I.T.A.
"03_2406_rta_03_240923164603_4166---ProtocolloreteantiviolenzaBusto,Gallarate,Saronno,SommaLombardo-2024.txt","03_2406_rta_03_240923164603_4166---ProtocolloreteantiviolenzaBusto,Gallarate,Saronno,SommaLombardo-2024.txt",Lombardia,Varese,Somma Lombardo,Comune di Somma Lombardo,Comune di Somma Lombardo,Comuni,Servizi comunali,,Capofila dell'Ambito Territoriale Sociale di Somma Lombardo
03_2406_rta_03_240923102947_4166---ProtSOTTOSCRITTO_ReteAntiviolenzaPiuIntegrazioneAprile2024(1).txt,03_2406_rta_03_240923102947_4166---ProtSOTTOSCRITTO_ReteAntiviolenzaPiuIntegrazioneAprile2024(1).txt,Lombardia,Sondrio,Sondrio,Comune di Sondrio,Comune di Sondrio,Comuni,Servizi comunali,,Ente capofila della rete antiviolenza
10_2406_rta_10_250506141901_4166---ProtocollounicoregionaleRINNOVATO.txt,10_2406_rta_10_250506141901_4166---ProtocollounicoregionaleRINNOVATO.txt,Umbria,Perugia,Spoleto,Comune di Spoleto,Comune di Spoleto,Comuni,Servizi comunali,capofila della Zona sociale 9,Commissario straordinario
10_2406_rta_10_250506141901_4166---ProtocollounicoregionaleRINNOVATO.txt,10_2406_rta_10_250506141901_4166---ProtocollounicoregionaleRINNOVATO.txt,Umbria,Terni,Terni,Comune di Terni,Comune di Terni,Comuni,Servizi comunali,capofila della Zona sociale 10,
03_2406_rta_03_240924144947_4166---Protocollod'IntesaReteAntiviolenzaIsolaBergamascaeBassaValSanMartino2024.txt,03_2406_rta_03_240924144947_4166---Protocollod'IntesaReteAntiviolenzaIsolaBergamascaeBassaValSanMartino2024.txt,Lombardia,Bergamo,Terno d'Isola,Comune di Terno d'Isola,Comune di Terno d'Isola,Comuni,Servizi comunali,,Ente Capofila della Rete interistituzionale territoriale antiviolenza dell’Ambito Isola Bergamasca e Bassa Val San Martino
03_2406_rta_03_240926114940_4166---ProtocollodiintesaeAllegatoTecnico_SOTTOSCRITTO.txt,03_2406_rta_03_240926114940_4166---ProtocollodiintesaeAllegatoTecnico_SOTTOSCRITTO.txt,Lombardia,Bergamo,Treviglio,Comune di Treviglio,Comune di Treviglio,Comuni,Servizi comunali,,"Ente capofila del protocollo; coinvolge Servizi Sociali, Commissione Pari Opportunità, Consiglio delle Donne, Polizia Locale"
"03_2406_rta_03_240923163715_4166---PROTOCOLLOD'INTESA2017_2020.txt | 03_2406_rta_03_240923164603_4166---ProtocolloreteantiviolenzaBusto,Gallarate,Saronno,SommaLombardo-2024.txt","03_2406_rta_03_240923163715_4166---PROTOCOLLOD'INTESA2017_2020.txt | 03_2406_rta_03_240923164603_4166---ProtocolloreteantiviolenzaBusto,Gallarate,Saronno,SommaLombardo-2024.txt",Lombardia,Varese,Varese,Comune di Varese,Comune di Varese,Comuni,Servizi comunali,,"firmatario, soggetto capofila rete RIV"
13_2406_rta_13_241122105540_4166---protocollodirete_vastodonnattiva.txt,13_2406_rta_13_241122105540_4166---protocollodirete_vastodonnattiva.txt,Abruzzo,Chieti,Vasto,Comune di Vasto,Comune di Vasto,Comuni,Servizi comunali,,Ente capofila; amministrazione comunale; aderente e promotore rete antiviolenza
05_2406_rta_05_240919124736_4166---Protocollo_per_contrasto_alla_violenza_di_genere.stamped.txt,05_2406_rta_05_240919124736_4166---Protocollo_per_contrasto_alla_violenza_di_genere.stamped.txt,Veneto,Verona,Verona,Comune di Verona,Comune di Verona,Comuni,Servizi comunali,,"Firmatario del protocollo, gestione e coordinamento servizi di protezione"
05_2406_rta_05_240919122126_4166---PROTOCOLLOULSS8BERICA.txt,05_2406_rta_05_240919122126_4166---PROTOCOLLOULSS8BERICA.txt,Veneto,Vicenza,Vicenza,Comune di Vicenza,Comune di Vicenza,Comuni,Servizi comunali,soggetto capofila,Firmatario
05_2406_rta_05_240919124736_4166---Protocollo_per_contrasto_alla_violenza_di_genere.stamped.txt,05_2406_rta_05_240919124736_4166---Protocollo_per_contrasto_alla_violenza_di_genere.stamped.txt,Trento,,,Comuni dei Distretti 1-2,Comuni dei Distretti 1-2,Comuni,Servizi comunali,,Gestione servizi di tutela e interventi sostegno per la violenza di genere in collaborazione con Ulss 9
03_2406_rta_03_240918153240_4166---Protocollod'intesaperl'IstituzionediunSistemaTerritorialeAntiviolenzainReteconAddendumSindacati.txt,03_2406_rta_03_240918153240_4166---Protocollod'intesaperl'IstituzionediunSistemaTerritorialeAntiviolenzainReteconAddendumSindacati.txt,Lombardia,,,I Comuni,I Comuni,Comuni,Servizi comunali,,Collaborano per la gestione dell'emergenza e il collocamento nelle strutture di accoglienza
12_2406_rta_12_240927093424_4166---ProtVMunMerlin.txt | 12_2406_rta_12_241003111748_4166---ACCORDOMUNICIPIOROMAVeDIPPARIOPPROMACAPITALE_DD.txt,12_2406_rta_12_240927093424_4166---ProtVMunMerlin.txt | 12_2406_rta_12_241003111748_4166---ACCORDOMUNICIPIOROMAVeDIPPARIOPPROMACAPITALE_DD.txt,Lazio,Roma,Roma,Municipio Roma V,Municipio Roma V,Comuni,Servizi comunali,,Direzione Socio Educativa; Ufficio di Piano; Ente coordinatore del tavolo permanente
12_2406_rta_12_240927093424_4166---ProtVMunMerlin.txt,12_2406_rta_12_240927093424_4166---ProtVMunMerlin.txt,Lazio,Roma,Roma,Polizia di Roma Capitale - V Gruppo Prenestino,Polizia di Roma Capitale - V Gruppo Prenestino,Polizia Municipale,Servizi comunali,,"Firmatario, referente locale"
08_2406_rta_08_241015091310_4166---Accordo_Contrasto_alla_violenza_CittMtrBO.txt,08_2406_rta_08_241015091310_4166---Accordo_Contrasto_alla_violenza_CittMtrBO.txt,Emilia-Romagna,,,ASP Circondario Imolese,ASP Circondario Imolese,Servizi sociali comunali,Servizi comunali,,gestione case rifugio Imola
01_2406_rta_01_241003124847_4166---2024-8928-2perinvio.txt,01_2406_rta_01_241003124847_4166---2024-8928-2perinvio.txt,Piemonte,,,Casa Rifugio presente sul territorio del Consorzio Intercomunale dei Servizi Sociali dell'Ossola,Casa Rifugio presente sul territorio del Consorzio Intercomunale dei Servizi Sociali dell'Ossola,Servizi sociali comunali,Servizi comunali,,Casa Rifugio gestita dal consorzio
08_2406_rta_08_241015091310_4166---Accordo_Contrasto_alla_violenza_CittMtrBO.txt,08_2406_rta_08_241015091310_4166---Accordo_Contrasto_alla_violenza_CittMtrBO.txt,Emilia-Romagna,Bologna,Imola,Consorzio Servizi Sociali di Imola,Consorzio Servizi Sociali di Imola,Servizi sociali comunali,Servizi comunali,,ha gestito case rifugio area Imola
06_2406_rta_06_240916164153_4166---protocolloprefettura.txt,06_2406_rta_06_240916164153_4166---protocolloprefettura.txt,Veneto,,,Servizi territoriali,Servizi territoriali,Servizi sociali comunali,Servizi comunali,,Citate nella gestione del protocollo e nella collaborazione
06_2406_rta_06_240916164122_4166---prot_n_0119980_2024_Accordo(firmato).txt,06_2406_rta_06_240916164122_4166---prot_n_0119980_2024_Accordo(firmato).txt,Friuli-Venezia Giulia,Udine,Udine,Servizio Servizi Sociali del Comune di Udine,Servizio Servizi Sociali del Comune di Udine,Servizi sociali comunali,Servizi comunali,,Coinvolto nella gestione integrata
12_2406_rta_12_241003114931_4166---ProtocollodiintesaDifferenzaDonnaeMunicipio13.txt,12_2406_rta_12_241003114931_4166---ProtocollodiintesaDifferenzaDonnaeMunicipio13.txt,Lazio,Roma,Roma,Servizio Sociale,Servizio Sociale,Servizi sociali comunali,Servizi comunali,,referente nominato dal Municipio XIII
01_2406_rta_01_240924140705_4166---LesConvenzionecoprogettazione.txt,01_2406_rta_01_240924140705_4166---LesConvenzionecoprogettazione.txt,Piemonte,,,Settore 5 - Politiche Sociali,Settore 5 - Politiche Sociali,Servizi sociali comunali,Servizi comunali,,Coinvolto nella gestione e controllo della convenzione
01_2406_rta_01_241018142716_4166---protocolloreteVC.txt,01_2406_rta_01_241018142716_4166---protocolloreteVC.txt,Piemonte,Vercelli,Vercelli,Settore Politiche Sociali del Comune di Vercelli,Settore Politiche Sociali del Comune di Vercelli,Servizi sociali comunali,Servizi comunali,,Coordina il tavolo tecnico interistituzionale
03_2406_rta_03_240923111659_4166---ProtocolloantiviolenzaComunediLodi_scansioneconfirme_maggio2014.txt,03_2406_rta_03_240923111659_4166---ProtocolloantiviolenzaComunediLodi_scansioneconfirme_maggio2014.txt,Lombardia,Lodi,Lodi,"Liceo Statale ""Maffeo Vegio"" Lodi - Rete Scuole Lodigiane","Liceo Statale ""Maffeo Vegio"" Lodi - Rete Scuole Lodigiane",Scuole/Ufficio scolastico provinciale e regionale,Settore Educativo,capofila responsabile di tematica per la Rete Scuole Lodigiane,"firmatario, referente per azioni di sensibilizzazione e formazione scolastica"
03_2406_rta_03_240918153252_4166---Protocollo+Appendice+LineeGuida_Datatodafirmare.txt,03_2406_rta_03_240918153252_4166---Protocollo+Appendice+LineeGuida_Datatodafirmare.txt,Lombardia,,,"Liceo delle Scienze Umane ed Economico Sociale ""S. Anguissola","Liceo delle Scienze Umane ed Economico Sociale ""S. Anguissola",Scuole/Ufficio scolastico provinciale e regionale,Settore Educativo,,Istituto capofila ambito 13 e 14
03_2406_rta_03_240923111659_4166---ProtocolloantiviolenzaComunediLodi_scansioneconfirme_maggio2014.txt,03_2406_rta_03_240923111659_4166---ProtocolloantiviolenzaComunediLodi_scansioneconfirme_maggio2014.txt,Lombardia,,,Rete Scuole Lodigiane,Rete Scuole Lodigiane,Scuole/Ufficio scolastico provinciale e regionale,Settore Educativo,,referente Liceo Statale Maffeo Vegio
03_2406_rta_03_240923171949_4166---PROTOCOLLOD'INTESARETETERRITORIALEANTIVIOLENZAVALLETROMPIA2024.txt,03_2406_rta_03_240923171949_4166---PROTOCOLLOD'INTESARETETERRITORIALEANTIVIOLENZAVALLETROMPIA2024.txt,Lombardia,,,UFFICIO SCOLASTICO TERRITORIALE BRESCIA,UFFICIO SCOLASTICO TERRITORIALE BRESCIA,Scuole/Ufficio scolastico provinciale e regionale,Settore Educativo,,Supporto e coordinamento nelle scuole del territorio
03_2406_rta_03_240920124656_4166---ProtocolloantiviolenzaDEFINITIVO(1).txt | 03_2406_rta_03_240926114940_4166---ProtocollodiintesaeAllegatoTecnico_SOTTOSCRITTO.txt,03_2406_rta_03_240920124656_4166---ProtocolloantiviolenzaDEFINITIVO(1).txt | 03_2406_rta_03_240926114940_4166---ProtocollodiintesaeAllegatoTecnico_SOTTOSCRITTO.txt,Lombardia,,,Polizia di Stato,Polizia di Stato,Carabinieri/Polizia/altre forze dell'ordine,Settore giudiziario,,Coinvolta nel Gruppo di Coordinamento
03_2406_rta_03_240918151606_4166---A_RetePavia_Protocollo2021_e_Integrazioni2023_firmato_compressed.txt,03_2406_rta_03_240918151606_4166---A_RetePavia_Protocollo2021_e_Integrazioni2023_firmato_compressed.txt,Lombardia,Pavia,Pavia,Prefettura - Ufficio Territoriale del Governo di Pavia,Prefettura - Ufficio Territoriale del Governo di Pavia,Prefettura,Settore giudiziario,,Coordina le attività del Tavolo tecnico operativo.
11_2406_rta_11_240911113105_4166---PROTOCOLLO_OPERATIVO2024_CONINDIRIZZARIO_FIRMATO.txt,11_2406_rta_11_240911113105_4166---PROTOCOLLO_OPERATIVO2024_CONINDIRIZZARIO_FIRMATO.txt,Marche,Ancona,Ancona,Prefettura di Ancona,Prefettura di Ancona,Prefettura,Settore giudiziario,,Coordina il Tavolo Inter-istituzionale e l’Osservatorio provinciale
09_AREZZO Prot_2024-2026.txt,09_AREZZO Prot_2024-2026.txt,Toscana,Arezzo,Arezzo,Prefettura di Arezzo,Prefettura di Arezzo,Prefettura,Settore giudiziario,,Firmatario protocollo; co-coordinamento Tavolo Provinciale
18_2406_rta_18_240926103211_4166---PROTOCOLLOviolasottoscritto.txt,18_2406_rta_18_240926103211_4166---PROTOCOLLOviolasottoscritto.txt,Calabria,Cosenza,Cosenza,Prefettura di Cosenza,Prefettura di Cosenza,Prefettura,Settore giudiziario,,Coordina il Tavolo Tecnico; parte firmataria del protocollo
03_2406_rta_03_240918153252_4166---Protocollo+Appendice+LineeGuida_Datatodafirmare.txt,03_2406_rta_03_240918153252_4166---Protocollo+Appendice+LineeGuida_Datatodafirmare.txt,Lombardia,Cremona,Cremona,Prefettura di Cremona,Prefettura di Cremona,Prefettura,Settore giudiziario,,Convoca e coordina l'Assemblea di Rete
08_2406_rta_08_241015091355_4166---PROTOCOLLO_CONTRO_VIOLENZA_firmato2023.txt | 08_2406_rta_08_241015091430_4166---Protocollo_Distrettuale_Contrasto_violenza_Donne2023.stamped.txt,08_2406_rta_08_241015091355_4166---PROTOCOLLO_CONTRO_VIOLENZA_firmato2023.txt | 08_2406_rta_08_241015091430_4166---Protocollo_Distrettuale_Contrasto_violenza_Donne2023.stamped.txt,Emilia-Romagna,Ferrara,Ferrara,Prefettura di Ferrara,Prefettura di Ferrara,Prefettura,Settore giudiziario,,Coordinamento protocollo; Gabinetto Ufficio Territoriale del Governo
03_2406_rta_03_240918153240_4166---Protocollod'intesaperl'IstituzionediunSistemaTerritorialeAntiviolenzainReteconAddendumSindacati.txt,03_2406_rta_03_240918153240_4166---Protocollod'intesaperl'IstituzionediunSistemaTerritorialeAntiviolenzainReteconAddendumSindacati.txt,Lombardia,Lecco,Lecco,Prefettura di Lecco,Prefettura di Lecco,Prefettura,Settore giudiziario,,Promuove e coordina il coinvolgimento di tutte le Forze dell'Ordine
11_2406_rta_11_240911113034_4166---protocollodireteantiviolenza2020-2022-uuvv.txt,11_2406_rta_11_240911113034_4166---protocollodireteantiviolenza2020-2022-uuvv.txt,Marche,,,Prefettura di Pesaro e Urbino,Prefettura di Pesaro e Urbino,Prefettura,Settore giudiziario,,Componente della Cabina di Monitoraggio
06_2406_rta_06_240916164102_4166---protocollopordenoneprefettura.txt,06_2406_rta_06_240916164102_4166---protocollopordenoneprefettura.txt,Friuli-Venezia Giulia,Pordenone,Pordenone,Prefettura-UTG di Pordenone,Prefettura-UTG di Pordenone,Prefettura,Settore giudiziario,,"Firmatario, coordinamento protocollo"
11_2406_rta_11_240911113235_4166---MacerataProtocollo2019_2022Firmato.txt,11_2406_rta_11_240911113235_4166---MacerataProtocollo2019_2022Firmato.txt,Marche,Macerata,Macerata,Prefettura-Ufficio Territoriale del Governo di Macerata,Prefettura-Ufficio Territoriale del Governo di Macerata,Prefettura,Settore giudiziario,,Coordinamento Rete territoriale locale
05_2406_rta_05_240916173648_4166---ULSS5Polesana_Protocollodirete.txt,05_2406_rta_05_240916173648_4166---ULSS5Polesana_Protocollodirete.txt,Trento,,,A.ULSS 5 Polesana,A.ULSS 5 Polesana,ASL (consultori familiari e altri servizi territoriali),settore sanitario,,ente capofila della rete territoriale antiviolenza
16_lecce_Protocollo Operativo - Procedure integrate per la prevenzione e il contrasto alla violenza contro donne e minori - Copia_Marcato.txt,16_lecce_Protocollo Operativo - Procedure integrate per la prevenzione e il contrasto alla violenza contro donne e minori - Copia_Marcato.txt,Puglia,,,ASL Lecce,ASL Lecce,ASL (consultori familiari e altri servizi territoriali),settore sanitario,,"firmataria del protocollo, attuatore della rete territoriale, gestione della Rete Antiviolenza"
12_2406_rta_12_241003120714_4166---ASLROMA5_.txt,12_2406_rta_12_241003120714_4166---ASLROMA5_.txt,Lazio,,,ASL Roma 5,ASL Roma 5,ASL (consultori familiari e altri servizi territoriali),settore sanitario,,collabora dal 2017 con Associazione Differenza Donna; partecipa alla gestione degli Sportelli Ospedalieri Antiviolenza e all'elaborazione di protocolli
"03_2406_rta_03_240923164603_4166---ProtocolloreteantiviolenzaBusto,Gallarate,Saronno,SommaLombardo-2024.txt | 03_2406_rta_03_240925144919_4166---RETEDICOMO-PROTOCOLLOINTERIST.17novembre2023(1).txt","03_2406_rta_03_240923164603_4166---ProtocolloreteantiviolenzaBusto,Gallarate,Saronno,SommaLombardo-2024.txt | 03_2406_rta_03_240925144919_4166---RETEDICOMO-PROTOCOLLOINTERIST.17novembre2023(1).txt",Lombardia,,,ATS Insubria,ATS Insubria,ASL (consultori familiari e altri servizi territoriali),settore sanitario,,Promotrice e coordinatrice della Rete di Indirizzo
16_lecce_Protocollo Operativo - Procedure integrate per la prevenzione e il contrasto alla violenza contro donne e minori - Copia_Marcato.txt,16_lecce_Protocollo Operativo - Procedure integrate per la prevenzione e il contrasto alla violenza contro donne e minori - Copia_Marcato.txt,Puglia,,,Area Sociosanitaria ASL Lecce,Area Sociosanitaria ASL Lecce,ASL (consultori familiari e altri servizi territoriali),settore sanitario,,Coordina il Tavolo Interistituzionale Antiviolenza
08_2406_rta_08_241015091430_4166---Protocollo_Distrettuale_Contrasto_violenza_Donne2023.stamped.txt,08_2406_rta_08_241015091430_4166---Protocollo_Distrettuale_Contrasto_violenza_Donne2023.stamped.txt,Emilia-Romagna,Ferrara,Ferrara,Azienda Ospedaliera Universitaria di Ferrara,Azienda Ospedaliera Universitaria di Ferrara,ASL (consultori familiari e altri servizi territoriali),settore sanitario,,"Presidi ospedalieri, coordinamento con AUSL e servizi territoriali, firmataria"
03_2406_rta_03_240923111659_4166---ProtocolloantiviolenzaComunediLodi_scansioneconfirme_maggio2014.txt,03_2406_rta_03_240923111659_4166---ProtocolloantiviolenzaComunediLodi_scansioneconfirme_maggio2014.txt,Lombardia,Lodi,Lodi,Azienda Sanitaria Locale di Lodi,Azienda Sanitaria Locale di Lodi,ASL (consultori familiari e altri servizi territoriali),settore sanitario,,"firmatario, coordinamento sanitario territoriale"
03_2406_rta_03_240918153240_4166---Protocollod'intesaperl'IstituzionediunSistemaTerritorialeAntiviolenzainReteconAddendumSindacati.txt,03_2406_rta_03_240918153240_4166---Protocollod'intesaperl'IstituzionediunSistemaTerritorialeAntiviolenzainReteconAddendumSindacati.txt,Lombardia,Lecco,Lecco,Azienda Socio Sanitaria Territoriale (ASST) di Lecco,Azienda Socio Sanitaria Territoriale (ASST) di Lecco,ASL (consultori familiari e altri servizi territoriali),settore sanitario,,"Predispone interventi sociosanitari, coordina consultori, collabora con centri antiviolenza"
05_2406_rta_05_240916131522_4166---protocolloaggiornamento2023.txt,05_2406_rta_05_240916131522_4166---protocolloaggiornamento2023.txt,Trento,,,Azienda ULSS 3 Serenissima,Azienda ULSS 3 Serenissima,ASL (consultori familiari e altri servizi territoriali),settore sanitario,,Ente capofila del protocollo
08_2406_rta_08_241015091430_4166---Protocollo_Distrettuale_Contrasto_violenza_Donne2023.stamped.txt,08_2406_rta_08_241015091430_4166---Protocollo_Distrettuale_Contrasto_violenza_Donne2023.stamped.txt,Emilia-Romagna,Ferrara,Ferrara,Azienda USL di Ferrara,Azienda USL di Ferrara,ASL (consultori familiari e altri servizi territoriali),settore sanitario,,"Gestione servizi sanitari territoriali e collaborazione rete antiviolenza, consultori, pronto soccorso"
01_2406_rta_01_241003113501_4166---CCVD1deliberaprotocolloccvd-2024eall1prot.txt,01_2406_rta_01_241003113501_4166---CCVD1deliberaprotocolloccvd-2024eall1prot.txt,Piemonte,Torino,Torino,Centro Sanitario Esperto contro la violenza dell'A.O.U. Città della Salute e della Scienza di Torino,Centro Sanitario Esperto contro la violenza dell'A.O.U. Città della Salute e della Scienza di Torino,ASL (consultori familiari e altri servizi territoriali),settore sanitario,,impegno nella presa in carico sanitaria e monitoraggio
01_2406_rta_01_240904162242_4166---CONVENZIONETRAASLTO3ESVOLTADONNA.txt,01_2406_rta_01_240904162242_4166---CONVENZIONETRAASLTO3ESVOLTADONNA.txt,Piemonte,,,Consultori,Consultori,ASL (consultori familiari e altri servizi territoriali),settore sanitario,,Coinvolti nella gestione delle donne vittime di violenza
03_2406_rta_03_240926144324_4166---Protocollodiintesa.txt,03_2406_rta_03_240926144324_4166---Protocollodiintesa.txt,Lombardia,Milano,Bollate,"Consultorio Familiare ""Centro Di Assistenza alla Famiglia"" di Bollate","Consultorio Familiare ""Centro Di Assistenza alla Famiglia"" di Bollate",ASL (consultori familiari e altri servizi territoriali),settore sanitario,,"Gestito dalla Fondazione ""Fare Famiglia-Onlus"" di Assago"
03_2406_rta_03_240920093134_4166---Protocollo_Intesa_Rete_Antiviolenza_SudEstMilano_Paullese_2021-2023.txt,03_2406_rta_03_240920093134_4166---Protocollo_Intesa_Rete_Antiviolenza_SudEstMilano_Paullese_2021-2023.txt,Lombardia,,,Consultorio Familiare Ceaf,Consultorio Familiare Ceaf,ASL (consultori familiari e altri servizi territoriali),settore sanitario,,Gestito da Fondazione Centro Per La Famiglia Cardinal Carlo Maria Martini Onlus
03_2406_rta_03_240924144947_4166---Protocollod'IntesaReteAntiviolenzaIsolaBergamascaeBassaValSanMartino2024.txt,03_2406_rta_03_240924144947_4166---Protocollod'IntesaReteAntiviolenzaIsolaBergamascaeBassaValSanMartino2024.txt,Lombardia,Bergamo,Calusco d'Adda,Consultorio Familiare Mons. Amadei di Calusco d'Adda,Consultorio Familiare Mons. Amadei di Calusco d'Adda,ASL (consultori familiari e altri servizi territoriali),settore sanitario,,gestito dalla Fondazione Angelo Custode
09_ALTA VALDELSA Protocollo-violenza-valdelsa-2022_ALTA VALDELSA.txt,09_ALTA VALDELSA Protocollo-violenza-valdelsa-2022_ALTA VALDELSA.txt,Toscana,,,Pronto Soccorso di Campostaggia Azienda USL Toscana Sud Est,Pronto Soccorso di Campostaggia Azienda USL Toscana Sud Est,ASL (consultori familiari e altri servizi territoriali),settore sanitario,,Referente Codice Rosa
12_2406_rta_12_241004133706_4166---ProtocollodiretePREFETTURAFrosinone(1).txt,12_2406_rta_12_241004133706_4166---ProtocollodiretePREFETTURAFrosinone(1).txt,Lazio,,,Direzione Medica Ospedaliera,Direzione Medica Ospedaliera,"Ospedale (Pronto soccorso, ecc.)",settore sanitario,,Coordina la procedura accoglienza vittime
01_2406_rta_01_240904120005_4166---protocollo.txt,01_2406_rta_01_240904120005_4166---protocollo.txt,Piemonte,Biella,Biella,Presidio Ospedaliero di Biella,Presidio Ospedaliero di Biella,"Ospedale (Pronto soccorso, ecc.)",settore sanitario,,Gestione locali per Punto di Ascolto del Centro Antiviolenza
05_2406_rta_05_240919124736_4166---Protocollo_per_contrasto_alla_violenza_di_genere.stamped.txt,05_2406_rta_05_240919124736_4166---Protocollo_per_contrasto_alla_violenza_di_genere.stamped.txt,Trento,,,Pronto Soccorso Ospedale Mater Salutis,Pronto Soccorso Ospedale Mater Salutis,"Ospedale (Pronto soccorso, ecc.)",settore sanitario,,Coordinamento presa in carico vittime nel Distretto 3 Pianura Veronese
01_2406_rta_01_240904162242_4166---CONVENZIONETRAASLTO3ESVOLTADONNA.txt,01_2406_rta_01_240904162242_4166---CONVENZIONETRAASLTO3ESVOLTADONNA.txt,Piemonte,,,Servizi di Emergenza e Urgenza,Servizi di Emergenza e Urgenza,"Ospedale (Pronto soccorso, ecc.)",settore sanitario,,Coinvolti nella gestione delle donne vittime di violenza
03_2406_rta_03_240923163715_4166---PROTOCOLLOD'INTESA2017_2020.txt,03_2406_rta_03_240923163715_4166---PROTOCOLLOD'INTESA2017_2020.txt,Lombardia,,,presidi ospedalieri,presidi ospedalieri,"Ospedale (Pronto soccorso, ecc.)",settore sanitario,,referenti nei tavoli tecnici sanitari
