file,categoria,estratto
01_2406_rta_01_240904110730_4166---protocollocontuttelefirme(1).json,regioni,Piemonte E Disposizioni Per L'Istituzione Dei Bilanci Di Genere
01_2406_rta_01_240904110730_4166---protocollocontuttelefirme(1).json,comuni,Alba
01_2406_rta_01_240904110730_4166---protocollocontuttelefirme(1).json,comuni,Bra Partecipera Con Gli Altri Membri
01_2406_rta_01_240904110730_4166---protocollocontuttelefirme(1).json,associazioni,Mai+Sole
01_2406_rta_01_240904110730_4166---protocollocontuttelefirme(1).json,consorzi,Socio Assistenziale Alba Langhe Roero Il Presidente Dr
01_2406_rta_01_240904110730_4166---protocollocontuttelefirme(1).json,consorzi,Socio Assistenziale Del Cuneese
01_2406_rta_01_240904120005_4166---protocollo.json,regioni,Piemonte O Da Altri Soggetti Istituzionali
01_2406_rta_01_240904120005_4166---protocollo.json,province,Di Biella
01_2406_rta_01_240904120005_4166---protocollo.json,province,Di Biella Deseo Ne Ge
01_2406_rta_01_240904120005_4166---protocollo.json,province,Di Biella É Attiva Una Rete Antiviolenza Che Promuove Ed Adotta Strategie Condivise Volte Alla Prevenzione E Al Contrasto Del Fenomeno Avvalendosi
01_2406_rta_01_240904120005_4166---protocollo.json,associazioni,Altri Soggetti Pubblici E Privati
01_2406_rta_01_240904120005_4166---protocollo.json,associazioni,Non
01_2406_rta_01_240904120005_4166---protocollo.json,associazioni,Non Ora Quando
01_2406_rta_01_240904120005_4166---protocollo.json,associazioni,Non Ora Qui
01_2406_rta_01_240904120005_4166---protocollo.json,associazioni,Nuove
01_2406_rta_01_240904120005_4166---protocollo.json,associazioni,Paviol Percorsi
01_2406_rta_01_240904120005_4166---protocollo.json,associazioni,Percorsi Antiviolenza
01_2406_rta_01_240904120005_4166---protocollo.json,associazioni,Sei Sola Uscire
01_2406_rta_01_240904120005_4166---protocollo.json,associazioni,Sei Sola Uscire Dal Silenzio
01_2406_rta_01_240904120005_4166---protocollo.json,associazioni,Sei Sola Uscire Dal Silenzio Contro La Violenza
01_2406_rta_01_240904120005_4166---protocollo.json,associazioni,Si Impegna A
01_2406_rta_01_240904120005_4166---protocollo.json,associazioni,The Child
01_2406_rta_01_240904120005_4166---protocollo.json,associazioni,The Children
01_2406_rta_01_240904120005_4166---protocollo.json,associazioni,The Children Italia Onlus
01_2406_rta_01_240904120005_4166---protocollo.json,associazioni,Underground
01_2406_rta_01_240904120005_4166---protocollo.json,associazioni,Vocididonne
01_2406_rta_01_240904120005_4166---protocollo.json,associazioni,Volontariato L
01_2406_rta_01_240904120005_4166---protocollo.json,consorzi,Capofila
01_2406_rta_01_240904120005_4166---protocollo.json,consorzi,Intercomunale Servizi Socio Assistenziali Del Biellese Orientale C
01_2406_rta_01_240904120005_4166---protocollo.json,consorzi,Iris
01_2406_rta_01_240904121349_4166---convenzione.json,regioni,Piemonte Sezione A N
01_2406_rta_01_240904121349_4166---convenzione.json,province,Di Biella La Presenza Di Un Centro Antiviolenza In Raccordo Con Casa Rifugio Facilmente Accessibile E Agibile
01_2406_rta_01_240904121349_4166---convenzione.json,associazioni,Che Gestisce Le Attivita Di Volontariato In Casa Rifugio E Le
01_2406_rta_01_240904121349_4166---convenzione.json,associazioni,Impegna A
01_2406_rta_01_240904121349_4166---convenzione.json,associazioni,Non Ora Quando
01_2406_rta_01_240904121349_4166---convenzione.json,associazioni,Nuove
01_2406_rta_01_240904121349_4166---convenzione.json,associazioni,Odv E Associazione Di Promozione Sociale Paviol Percorsi
01_2406_rta_01_240904121349_4166---convenzione.json,associazioni,Paviol Percorsi
01_2406_rta_01_240904121349_4166---convenzione.json,associazioni,Paviol Percorsi Antiviolenza Aps
01_2406_rta_01_240904121349_4166---convenzione.json,associazioni,Percorsi Antiviolenza
01_2406_rta_01_240904121349_4166---convenzione.json,associazioni,Sei Sola
01_2406_rta_01_240904121349_4166---convenzione.json,associazioni,Sei Sola Uscire Dal
01_2406_rta_01_240904121349_4166---convenzione.json,associazioni,The Children Italia Onlus
01_2406_rta_01_240904121349_4166---convenzione.json,associazioni,Underground
01_2406_rta_01_240904121349_4166---convenzione.json,associazioni,Vocididonne
01_2406_rta_01_240904121349_4166---convenzione.json,associazioni,Volontariato
01_2406_rta_01_240904121349_4166---convenzione.json,consorzi,
01_2406_rta_01_240904121349_4166---convenzione.json,consorzi,Cissabo
01_2406_rta_01_240904121349_4166---convenzione.json,consorzi,Intercomunale Servizi Socio Assistenziali
01_2406_rta_01_240904121349_4166---convenzione.json,consorzi,Iris F
01_2406_rta_01_240904122512_4166---accordoSFD.json,comuni,Biella
01_2406_rta_01_240904122512_4166---accordoSFD.json,comuni,Ultima Residenza
01_2406_rta_01_240904122512_4166---accordoSFD.json,associazioni,E Associazione Di Promozione Sociale Paviol
01_2406_rta_01_240904122512_4166---accordoSFD.json,associazioni,Non Ora Quando
01_2406_rta_01_240904122512_4166---accordoSFD.json,associazioni,Nuove
01_2406_rta_01_240904122512_4166---accordoSFD.json,associazioni,Percorsi Antiviolenza
01_2406_rta_01_240904122512_4166---accordoSFD.json,associazioni,Sei Sola Uscire
01_2406_rta_01_240904122512_4166---accordoSFD.json,associazioni,Sei Sola Uscire Dal Silenzio Contro La Violenza
01_2406_rta_01_240904122512_4166---accordoSFD.json,associazioni,Sei Sola Uscire Dal Silenzio Contro La Violenza E Finanziato Dal
01_2406_rta_01_240904122512_4166---accordoSFD.json,associazioni,The Children Italia
01_2406_rta_01_240904122512_4166---accordoSFD.json,associazioni,Underground
01_2406_rta_01_240904122512_4166---accordoSFD.json,associazioni,Vocididonne
01_2406_rta_01_240904122512_4166---accordoSFD.json,consorzi,
01_2406_rta_01_240904122512_4166---accordoSFD.json,consorzi,Biella
01_2406_rta_01_240904122512_4166---accordoSFD.json,consorzi,Cissabo
01_2406_rta_01_240904122512_4166---accordoSFD.json,consorzi,Intercomunale Servizi Socio Assistenziali I
01_2406_rta_01_240904122512_4166---accordoSFD.json,consorzi,Iris
01_2406_rta_01_240904122512_4166---accordoSFD.json,consorzi,Ogni Anno
01_2406_rta_01_240904122512_4166---accordoSFD.json,consorzi,Turnazione Per L'Individuazione Del Servizio Sociale Titolare
01_2406_rta_01_240904150044_4166---Protocollocav-irene2022-2025.json,province,Consorzio Intercomunale Per La Gestione Dei Servizi Socio-Assistenziali -
01_2406_rta_01_240904150044_4166---Protocollocav-irene2022-2025.json,province,Di Novara Con Il Centro Servizi Pari Opportunita Mettera A Cisposizione
01_2406_rta_01_240904150044_4166---Protocollocav-irene2022-2025.json,province,Di Novara Consorzio Intercomunale Per La Gestione Dei Servizi Socioassistenziali Di Borgomanero Consorzio Intercomunale Per La Gestione Dei Servizi Socioassistenziali Di Castelletto Sopra Ticino Comune Di Arona E Comuni Convenzionati Consorzio Intercomunale Dei Servizi Socio-Assistenziali Zona Cusio-Omegna Premesso
01_2406_rta_01_240904150044_4166---Protocollocav-irene2022-2025.json,province,Di Novara Per I'Associazione Mamre Onlus Asvaciazione
01_2406_rta_01_240904150044_4166---Protocollocav-irene2022-2025.json,comuni,Arona
01_2406_rta_01_240904150044_4166---Protocollocav-irene2022-2025.json,comuni,Borgomanero
01_2406_rta_01_240904150044_4166---Protocollocav-irene2022-2025.json,comuni,Marano Ticino
01_2406_rta_01_240904150044_4166---Protocollocav-irene2022-2025.json,associazioni,Onlus
01_2406_rta_01_240904150044_4166---Protocollocav-irene2022-2025.json,associazioni,Onlus Asvaciazione
01_2406_rta_01_240904150044_4166---Protocollocav-irene2022-2025.json,consorzi,Castelletto Sopra Ticino Mettera A Disposizione
01_2406_rta_01_240904150044_4166---Protocollocav-irene2022-2025.json,consorzi,Intercomunale Dei Servizi Socio-Assistenziali
01_2406_rta_01_240904150044_4166---Protocollocav-irene2022-2025.json,consorzi,Intercomunale Per La Gesti Socioassistenziali Di Castelletto Sopra Ade C Per Il Comune Di Aronaet Commun
01_2406_rta_01_240904150044_4166---Protocollocav-irene2022-2025.json,consorzi,Intercomunale Per La Gestione Dei Servizi Socio-Assistenziali -
01_2406_rta_01_240904150044_4166---Protocollocav-irene2022-2025.json,consorzi,Intercomunale Servizi Socio Assistenziali
01_2406_rta_01_240904162242_4166---CONVENZIONETRAASLTO3ESVOLTADONNA.json,regioni,Piemonte
01_2406_rta_01_240904162242_4166---CONVENZIONETRAASLTO3ESVOLTADONNA.json,associazioni,A Disposizione
01_2406_rta_01_240904162242_4166---CONVENZIONETRAASLTO3ESVOLTADONNA.json,associazioni,A Disposizione Personale Femminile
01_2406_rta_01_240904162242_4166---CONVENZIONETRAASLTO3ESVOLTADONNA.json,associazioni,Annualmente Dei Corsi Di Formazione
01_2406_rta_01_240904162242_4166---CONVENZIONETRAASLTO3ESVOLTADONNA.json,associazioni,Assicura
01_2406_rta_01_240904162242_4166---CONVENZIONETRAASLTO3ESVOLTADONNA.json,associazioni,Avvale Di Un Modello A Rete
01_2406_rta_01_240904162242_4166---CONVENZIONETRAASLTO3ESVOLTADONNA.json,associazioni,Base A Specifiche Competenze
01_2406_rta_01_240904162242_4166---CONVENZIONETRAASLTO3ESVOLTADONNA.json,associazioni,Con Propri Componenti Al Tavolo Regionale Di Coordinamento Dei Centri
01_2406_rta_01_240904162242_4166---CONVENZIONETRAASLTO3ESVOLTADONNA.json,associazioni,Donna Onlus
01_2406_rta_01_240904162242_4166---CONVENZIONETRAASLTO3ESVOLTADONNA.json,associazioni,Garantisce La
01_2406_rta_01_240904162242_4166---CONVENZIONETRAASLTO3ESVOLTADONNA.json,associazioni,Gli Interventi Di Accoglienza Di Cui Alla Presente Convenzione
01_2406_rta_01_240904162242_4166---CONVENZIONETRAASLTO3ESVOLTADONNA.json,associazioni,Impegna A Garantire Il Buon Funzionamento Dei
01_2406_rta_01_240904162242_4166---CONVENZIONETRAASLTO3ESVOLTADONNA.json,associazioni,Impegna A Predisporre E Tenere Un Sistema Di Documentazione Relativa Al Servizio
01_2406_rta_01_240904162242_4166---CONVENZIONETRAASLTO3ESVOLTADONNA.json,associazioni,Impegna Ad Assicurare
01_2406_rta_01_240904162242_4166---CONVENZIONETRAASLTO3ESVOLTADONNA.json,associazioni,Le Proprie Sedi
01_2406_rta_01_240904162242_4166---CONVENZIONETRAASLTO3ESVOLTADONNA.json,associazioni,Odv
01_2406_rta_01_240904162242_4166---CONVENZIONETRAASLTO3ESVOLTADONNA.json,associazioni,Percorsi Dedicati
01_2406_rta_01_240904162242_4166---CONVENZIONETRAASLTO3ESVOLTADONNA.json,associazioni,Rivolto All
01_2406_rta_01_240904162242_4166---CONVENZIONETRAASLTO3ESVOLTADONNA.json,associazioni,Un Proprio Referente A Responsabile Del Trattamento Dei Dati Personaii
01_2406_rta_01_240909103717_4166---PROTOCOLLORETEANTIVIOLENZASVOLTADONNA.json,regioni,Piemonte
01_2406_rta_01_240909103717_4166---PROTOCOLLORETEANTIVIOLENZASVOLTADONNA.json,associazioni,Odv
01_2406_rta_01_240909103717_4166---PROTOCOLLORETEANTIVIOLENZASVOLTADONNA.json,associazioni,Ody
01_2406_rta_01_240909103717_4166---PROTOCOLLORETEANTIVIOLENZASVOLTADONNA.json,associazioni,Odyv
01_2406_rta_01_240909103717_4166---PROTOCOLLORETEANTIVIOLENZASVOLTADONNA.json,associazioni,Persegue I Propri Fini Statutari Mediante Azioni
01_2406_rta_01_240909103717_4166---PROTOCOLLORETEANTIVIOLENZASVOLTADONNA.json,associazioni,Svoltadonnaodv
01_2406_rta_01_240909110828_4166---PROTOCOLLOHELP.json,regioni,Gonzole
01_2406_rta_01_240909110828_4166---PROTOCOLLOHELP.json,regioni,Piemonte
01_2406_rta_01_240909110828_4166---PROTOCOLLOHELP.json,comuni,Orbassano
01_2406_rta_01_240909110828_4166---PROTOCOLLOHELP.json,associazioni,Antiviolenza E
01_2406_rta_01_240909110828_4166---PROTOCOLLOHELP.json,associazioni,Donna Onlus
01_2406_rta_01_240909110828_4166---PROTOCOLLOHELP.json,associazioni,Donne & Futuro Onlus
01_2406_rta_01_240909110828_4166---PROTOCOLLOHELP.json,consorzi,
01_2406_rta_01_240909110828_4166---PROTOCOLLOHELP.json,consorzi,Chivasso
01_2406_rta_01_240909110828_4166---PROTOCOLLOHELP.json,consorzi,Cirie
01_2406_rta_01_240909110828_4166---PROTOCOLLOHELP.json,consorzi,Cooperative Sociali Veronica Finocchio
01_2406_rta_01_240909110828_4166---PROTOCOLLOHELP.json,consorzi,Intercomunale Paola Barbarino Socio Assistenziale Valle Di Susa
01_2406_rta_01_240909110828_4166---PROTOCOLLOHELP.json,consorzi,Intercomunale Socio-Assistenziale Legale Rappresentante
01_2406_rta_01_240909110828_4166---PROTOCOLLOHELP.json,consorzi,Intercomunale Socio-Assistenziale Valle Di Susa
01_2406_rta_01_240909110828_4166---PROTOCOLLOHELP.json,consorzi,Nichelino
01_2406_rta_01_240909110828_4166---PROTOCOLLOHELP.json,consorzi,Pinerolo Nell
01_2406_rta_01_240909110828_4166---PROTOCOLLOHELP.json,consorzi,Servizi
01_2406_rta_01_240909112136_4166---convenzionecarmagnola.json,comuni,Carmagnola Gestito Dai Centri
01_2406_rta_01_240909112136_4166---convenzionecarmagnola.json,comuni,Carmagnola Ha Da Tempo Assunto Il Proprio Impegno Contro La Violenza Sulle Donne
01_2406_rta_01_240909112136_4166---convenzionecarmagnola.json,comuni,Carmagnola Indica Quale Proprio Referente Il Responsabile Del Servizio Giovani
01_2406_rta_01_240909112136_4166---convenzionecarmagnola.json,comuni,Carmagnola Intende Offrire Concretamente
01_2406_rta_01_240909112136_4166---convenzionecarmagnola.json,comuni,Carmagnola Luciana Chiavirano
01_2406_rta_01_240909112136_4166---convenzionecarmagnola.json,comuni,Carmagnola Mette A Disposizione Uno Spazio Adeguato E Riservato Dove Poter
01_2406_rta_01_240909112136_4166---convenzionecarmagnola.json,comuni,Carmagnola Per La Gestione Dello Sportello Antiviolenza Corrispondente A
01_2406_rta_01_240909112136_4166---convenzionecarmagnola.json,comuni,Carmagnola Una Reportistica Semestrale Degli Accessi Allo Sportello
01_2406_rta_01_240909112136_4166---convenzionecarmagnola.json,associazioni,Antiviolenza E
01_2406_rta_01_240909113151_4166---CONVENZIONERIVOLI.json,comuni,Rivoli - Trasmissione Do-
01_2406_rta_01_240909113151_4166---CONVENZIONERIVOLI.json,comuni,Rivoli Corso Francia
01_2406_rta_01_240909113151_4166---CONVENZIONERIVOLI.json,comuni,Rivoli Ha Espresso La Volonta Di Mantenere Attivo Lo Sportello Antiviolenza Si Rende Necessario Affidare La Gestione Operativa Dello Sportello Antiviolenza
01_2406_rta_01_240909113151_4166---CONVENZIONERIVOLI.json,associazioni,Antiviolenza E
01_2406_rta_01_240909113151_4166---CONVENZIONERIVOLI.json,associazioni,Pervenire
01_2406_rta_01_240920112211_4166---367772-4-Protocollo_intesa_Completo.json,regioni,Ai Fini Del Mantenimento Dei Requisiti Di Iscrizione Del Centro Anti Violenza N
01_2406_rta_01_240920112211_4166---367772-4-Protocollo_intesa_Completo.json,regioni,Piemonte - Direzione Coesione Sociale
01_2406_rta_01_240920112211_4166---367772-4-Protocollo_intesa_Completo.json,regioni,Piemonte - Settore Politiche Per I Bambini
01_2406_rta_01_240920112211_4166---367772-4-Protocollo_intesa_Completo.json,regioni,Piemonte E Della Successiva Rendicontazione
01_2406_rta_01_240920112211_4166---367772-4-Protocollo_intesa_Completo.json,regioni,Piemonte E Disposizioni Per L'Istituzione Dei Bilanci Di Genere
01_2406_rta_01_240920112211_4166---367772-4-Protocollo_intesa_Completo.json,comuni,Bra - Gestione Associata Dei Servizi Socio
01_2406_rta_01_240920112211_4166---367772-4-Protocollo_intesa_Completo.json,comuni,Bra Prevede La Collaborazione Con La Rete Territoriale Di Afferenza Dell
01_2406_rta_01_240920112211_4166---367772-4-Protocollo_intesa_Completo.json,comuni,Cuneo
01_2406_rta_01_240920112211_4166---367772-4-Protocollo_intesa_Completo.json,comuni,Fossano - Sede Legale Di Fossano - Via Roma
01_2406_rta_01_240920112211_4166---367772-4-Protocollo_intesa_Completo.json,comuni,Fossano - Sportello Legale Presso Municipio - Via Roma
01_2406_rta_01_240920112211_4166---367772-4-Protocollo_intesa_Completo.json,comuni,Fossano Con Specifico Riferimento Alle Attivita Oggetto Del Presente
01_2406_rta_01_240920112211_4166---367772-4-Protocollo_intesa_Completo.json,comuni,Mondovi Il Sindaco Adriano Paolo
01_2406_rta_01_240920112211_4166---367772-4-Protocollo_intesa_Completo.json,comuni,Saluzzo
01_2406_rta_01_240920112211_4166---367772-4-Protocollo_intesa_Completo.json,comuni,Savigliano
01_2406_rta_01_240920112211_4166---367772-4-Protocollo_intesa_Completo.json,associazioni,Cuneo In
01_2406_rta_01_240920112211_4166---367772-4-Protocollo_intesa_Completo.json,associazioni,Donna Cuneo Odv
01_2406_rta_01_240920112211_4166---367772-4-Protocollo_intesa_Completo.json,associazioni,Donna Cuneo Odv Collegato Al
01_2406_rta_01_240920112211_4166---367772-4-Protocollo_intesa_Completo.json,associazioni,Mai+Sole
01_2406_rta_01_240920112211_4166---367772-4-Protocollo_intesa_Completo.json,associazioni,Mai+Sole Collegato Al Telefono Nazionale Di
01_2406_rta_01_240920112211_4166---367772-4-Protocollo_intesa_Completo.json,associazioni,Savigliano In Via Teatro N
01_2406_rta_01_240920112211_4166---367772-4-Protocollo_intesa_Completo.json,associazioni,Telefono Do
01_2406_rta_01_240920112211_4166---367772-4-Protocollo_intesa_Completo.json,consorzi,
01_2406_rta_01_240920112211_4166---367772-4-Protocollo_intesa_Completo.json,consorzi,Al N
01_2406_rta_01_240920112211_4166---367772-4-Protocollo_intesa_Completo.json,consorzi,Attua Quegli Interventi Individuati Nella Legge Quadro N
01_2406_rta_01_240920112211_4166---367772-4-Protocollo_intesa_Completo.json,consorzi,E Che V
01_2406_rta_01_240920112211_4166---367772-4-Protocollo_intesa_Completo.json,consorzi,Mondovi - Corso Statuto N
01_2406_rta_01_240920112211_4166---367772-4-Protocollo_intesa_Completo.json,consorzi,Monviso Solidale - Sede Legale Di Fossano
01_2406_rta_01_240920112211_4166---367772-4-Protocollo_intesa_Completo.json,consorzi,Monviso Solidale Ha I Seguenti Compiti Istituzionali
01_2406_rta_01_240920112211_4166---367772-4-Protocollo_intesa_Completo.json,consorzi,Monviso Solidale Il Presidente Piola Gianpiero
01_2406_rta_01_240920112211_4166---367772-4-Protocollo_intesa_Completo.json,consorzi,Monviso Solidale Sportello Presso Cascina Sacerdote Via Dello Stagno
01_2406_rta_01_240920112211_4166---367772-4-Protocollo_intesa_Completo.json,consorzi,Per I Servizi Socio Assistenziali Del Monregalese
01_2406_rta_01_240920112211_4166---367772-4-Protocollo_intesa_Completo.json,consorzi,Socio Assistenziale Del Cuneese In Via Pasubio N
01_2406_rta_01_240920112211_4166---367772-4-Protocollo_intesa_Completo.json,consorzi,Socio Assistenziale Del Cuneese Sportello
01_2406_rta_01_240920112211_4166---367772-4-Protocollo_intesa_Completo.json,consorzi,Socio-Assistenziale Del Cuneese Il Direttore Generale Manassero Giulia
01_2406_rta_01_240920112211_4166---367772-4-Protocollo_intesa_Completo.json,consorzi,Socio-Assistenziale Del Cuneese Si É Riunito Nella Sala
01_2406_rta_01_240920112211_4166---367772-4-Protocollo_intesa_Completo.json,consorzi,Socio-Assistenziale Del Cuneese Via Rocca De
01_2406_rta_01_240920112211_4166---367772-4-Protocollo_intesa_Completo.json,consorzi,Violenza Attraverso Le Sue Tre Sedi Operative E Le
01_2406_rta_01_240920123646_4166---vercellieos.json,regioni,Per La Copertura Dei Relativi Costi
01_2406_rta_01_240920123646_4166---vercellieos.json,regioni,Piemonte E Disposizioni Per L'Istituzione Dei Bilanci Di Genere
01_2406_rta_01_240920123646_4166---vercellieos.json,province,Di Vercelli
01_2406_rta_01_240920123646_4166---vercellieos.json,province,Di Vercelli E Referente Nodo Territoriale Contro Le Discriminazioni I Fous Qype Comitato Pari Cme Oc Giudiziario Per Il Distretto Del Piemonte E Della Valle D
01_2406_rta_01_240920123646_4166---vercellieos.json,province,Di Vercelli La Consigliera Di Parita Si Impegna A Svolgere Attivita Di Promozione Delle Pari Opportunita La Referente Del Nodo Provinciale Contro Le Discriminazioni Della Provincia Di Vercelli Si Impegna A Svolgere Attivita Di Informazione Sul Funzionamento Della Rete Regionale E Sui Contenuti Della Lrs
01_2406_rta_01_240920123646_4166---vercellieos.json,province,Di Vercelli Quale Organismo Di Coordinamento E Di Programmazione Congiunta Delle Attivita Di Prevenzione E Di Contrasto Della Violenza
01_2406_rta_01_240920123646_4166---vercellieos.json,province,Ed Al Comma
01_2406_rta_01_240920123646_4166---vercellieos.json,comuni,Isesig
01_2406_rta_01_240920123646_4166---vercellieos.json,comuni,Valsesia
01_2406_rta_01_240920123646_4166---vercellieos.json,comuni,Vercelli C
01_2406_rta_01_240920123646_4166---vercellieos.json,associazioni,Pienamente Informato Circa I Contenuti Del
01_2406_rta_01_240920123646_4166---vercellieos.json,consorzi,Gattinara
01_2406_rta_01_240920123646_4166---vercellieos.json,consorzi,Intercomunale Per I Servizi Di Assistenza Sociale Di Santhia
01_2406_rta_01_240920123646_4166---vercellieos.json,consorzi,Oar
01_2406_rta_01_240920123646_4166---vercellieos.json,consorzi,Per L
01_2406_rta_01_240920123646_4166---vercellieos.json,consorzi,Santhia C
01_2406_rta_01_240924140705_4166---LesConvenzionecoprogettazione.json,comuni,Eventuali Violazioni Da Questi Commesse
01_2406_rta_01_240924140705_4166---LesConvenzionecoprogettazione.json,comuni,No-
01_2406_rta_01_240924140705_4166---LesConvenzionecoprogettazione.json,comuni,Novara A Se- Guito Di Verifica Di Congruita
01_2406_rta_01_240924140705_4166---LesConvenzionecoprogettazione.json,comuni,Novara Assicura Il Controllo Degli Interventi Previsti Dal Progetto Definitivo Attraverso La Verifica Periodica Del Perseguimento Degli Obiettivi In Rapporto Alle Attivita Oggetto Della Presente Conven- Pag
01_2406_rta_01_240924140705_4166---LesConvenzionecoprogettazione.json,comuni,Novara Codice Fiscale N
01_2406_rta_01_240924140705_4166---LesConvenzionecoprogettazione.json,comuni,Novara Compartecipa Alle Attivita Della Presente Conven-
01_2406_rta_01_240924140705_4166---LesConvenzionecoprogettazione.json,comuni,Novara Con La Contestuale Trasmissione Del Relativo Curriculum Vitae
01_2406_rta_01_240924140705_4166---LesConvenzionecoprogettazione.json,comuni,Novara E Ai Tavoli Tecnici Di Monitorag- Gio
01_2406_rta_01_240924140705_4166---LesConvenzionecoprogettazione.json,comuni,Novara E Tutte Le Spese Dovranno Essere Debitamente Documentate Nei Termini Di Cui Al Successivo Art
01_2406_rta_01_240924140705_4166---LesConvenzionecoprogettazione.json,comuni,Novara Ha Attivato Con Gli Ets Un Tavolo Di Co-Progetta-
01_2406_rta_01_240924140705_4166---LesConvenzionecoprogettazione.json,comuni,Novara In Data
01_2406_rta_01_240924140705_4166---LesConvenzionecoprogettazione.json,comuni,Novara In Forma Di Lettera Raccomandata A
01_2406_rta_01_240924140705_4166---LesConvenzionecoprogettazione.json,comuni,Novara La Dirigente Del Settore
01_2406_rta_01_240924140705_4166---LesConvenzionecoprogettazione.json,comuni,Novara Le Criticita E Le Problematiche Che
01_2406_rta_01_240924140705_4166---LesConvenzionecoprogettazione.json,comuni,Novara Li- Quidera Le Sole Spese Da Questi Sostenute
01_2406_rta_01_240924140705_4166---LesConvenzionecoprogettazione.json,comuni,Novara Per Il Raggiungimento Degli Obiettivi Progettuali
01_2406_rta_01_240924140705_4166---LesConvenzionecoprogettazione.json,comuni,Novara Riconosce Un Rimborso Delle Spese Sostenute Dai Soggetti Attuatori
01_2406_rta_01_240924140705_4166---LesConvenzionecoprogettazione.json,comuni,Novara É Sollevato Da Qualunque Pretesa
01_2406_rta_01_241002150739_4166---DeliberaCostituzioneOsservatorioSaluteDonne.json,regioni,Piemonte
01_2406_rta_01_241003113501_4166---CCVD1deliberaprotocolloccvd-2024eall1prot.json,province,Di Torino
01_2406_rta_01_241003113501_4166---CCVD1deliberaprotocolloccvd-2024eall1prot.json,comuni,Territorio Metropolitano
01_2406_rta_01_241003113501_4166---CCVD1deliberaprotocolloccvd-2024eall1prot.json,comuni,Torino
01_2406_rta_01_241003115621_4166---ProtocolloCISCirie.json,associazioni,A Capo
01_2406_rta_01_241003115621_4166---ProtocolloCISCirie.json,associazioni,A Capo Di Chivasso
01_2406_rta_01_241003115621_4166---ProtocolloCISCirie.json,associazioni,A Capo Ed Il Consorzio Cis Di Ciri
01_2406_rta_01_241003115621_4166---ProtocolloCISCirie.json,consorzi,Cirié Intendono Collaborare Per La Promozione
01_2406_rta_01_241003115621_4166---ProtocolloCISCirie.json,consorzi,Cis Di Cirie
01_2406_rta_01_241003115621_4166---ProtocolloCISCirie.json,consorzi,Intercomunale Dei Servizi Socio Assistenziali C
01_2406_rta_01_241003120726_4166---Protocollod'intesaCISSAC-Puntoacapo.json,associazioni,A Capo Di Chivasso
01_2406_rta_01_241003120726_4166---Protocollod'intesaCISSAC-Puntoacapo.json,associazioni,A Capo E Il Consorzio C
01_2406_rta_01_241003120726_4166---Protocollod'intesaCISSAC-Puntoacapo.json,associazioni,Punto A Capo
01_2406_rta_01_241003120726_4166---Protocollod'intesaCISSAC-Puntoacapo.json,consorzi,
01_2406_rta_01_241003120726_4166---Protocollod'intesaCISSAC-Puntoacapo.json,consorzi,Caluso- C
01_2406_rta_01_241003120726_4166---Protocollod'intesaCISSAC-Puntoacapo.json,consorzi,Intercomunale Servizi Socio Assistenziali Di Caluso
01_2406_rta_01_241003124847_4166---2024-8928-2perinvio.json,regioni,Piemonte
01_2406_rta_01_241003124847_4166---2024-8928-2perinvio.json,province,Del Verbano Cusio Ossola
01_2406_rta_01_241003124847_4166---2024-8928-2perinvio.json,province,Del Verbano-Cusio-Ossola Mettera A Disposizione
01_2406_rta_01_241003124847_4166---2024-8928-2perinvio.json,province,Del Verbeano Cusio Ossola
01_2406_rta_01_241003124847_4166---2024-8928-2perinvio.json,consorzi,Intercommuneds Re A Tes Son Ey A Ari A
01_2406_rta_01_241003124847_4166---2024-8928-2perinvio.json,consorzi,Intercomunale Dei Servizi Del Cusio Mettera A Disposizione
01_2406_rta_01_241003124847_4166---2024-8928-2perinvio.json,consorzi,Intercomunale Dei Servizi Det Verbano Mettera A Disposizione
01_2406_rta_01_241003124847_4166---2024-8928-2perinvio.json,consorzi,Intercomunale Dei Servizi Sociali Del Verbano
01_2406_rta_01_241003124847_4166---2024-8928-2perinvio.json,consorzi,Intercomunale Dei Servizi Socio- Assistenziali Dell'Ossola E Cooperativa La Bitta
01_2406_rta_01_241018134519_4166---Protocollooperativointeristituzionaleviolenzadigenere2023-2026def.json,regioni,Ai Sensi Dell
01_2406_rta_01_241018134519_4166---Protocollooperativointeristituzionaleviolenzadigenere2023-2026def.json,regioni,Piemonte
01_2406_rta_01_241018134519_4166---Protocollooperativointeristituzionaleviolenzadigenere2023-2026def.json,comuni,Mombasiglio
01_2406_rta_01_241018134519_4166---Protocollooperativointeristituzionaleviolenzadigenere2023-2026def.json,comuni,Niella Tanaro
01_2406_rta_01_241018134519_4166---Protocollooperativointeristituzionaleviolenzadigenere2023-2026def.json,comuni,Priola
01_2406_rta_01_241018134519_4166---Protocollooperativointeristituzionaleviolenzadigenere2023-2026def.json,comuni,Residenza Della Donna E Dei Minori Ne Fanno Parte
01_2406_rta_01_241018134519_4166---Protocollooperativointeristituzionaleviolenzadigenere2023-2026def.json,comuni,Residenza Per Informarli
01_2406_rta_01_241018134519_4166---Protocollooperativointeristituzionaleviolenzadigenere2023-2026def.json,associazioni,Donna
01_2406_rta_01_241018134519_4166---Protocollooperativointeristituzionaleviolenzadigenere2023-2026def.json,associazioni,Donna Odv
01_2406_rta_01_241018134519_4166---Protocollooperativointeristituzionaleviolenzadigenere2023-2026def.json,associazioni,Donna Odv Centro Antiviolenza Servizio Rosa Firmatari
01_2406_rta_01_241018134519_4166---Protocollooperativointeristituzionaleviolenzadigenere2023-2026def.json,associazioni,Donna Persegue Finalita Di Promozione E Valorizzazione Delle
01_2406_rta_01_241018134519_4166---Protocollooperativointeristituzionaleviolenzadigenere2023-2026def.json,associazioni,Montana Asl Cnl
01_2406_rta_01_241018134519_4166---Protocollooperativointeristituzionaleviolenzadigenere2023-2026def.json,associazioni,Presso Il Pronto Soccorso Del Presidio Ospedaliero Di Ceva
01_2406_rta_01_241018134519_4166---Protocollooperativointeristituzionaleviolenzadigenere2023-2026def.json,associazioni,Volontariato
01_2406_rta_01_241018142716_4166---protocolloreteVC.json,regioni,Per La Copertura Dei Relativi Costi
01_2406_rta_01_241018142716_4166---protocolloreteVC.json,regioni,Piemonte E Disposizioni Per L'Istituzione Dei Bilanci Di Genere
01_2406_rta_01_241018142716_4166---protocolloreteVC.json,province,Di Vercelli
01_2406_rta_01_241018142716_4166---protocolloreteVC.json,province,Di Vercelli E Referente Nodo Territoriale Contro Le Discriminazioni I Fous Qype Comitato Pari Vm On Giudiziario Per Il Distretto Del Piemonte E Della Valle D
01_2406_rta_01_241018142716_4166---protocolloreteVC.json,province,Di Vercelli La Consigliera Di Parita Si Impegna A Svolgere Attivita Di Promozione Delle Pari Opportunita La Referente Del Nodo Provinciale Contro Le Discriminazioni Della Provincia Di Vercelli Si Impegna A Svolgere Attivita Di Informazione Sul Funzionamento Della Rete Regionale E Sui Contenuti Della Lrs
01_2406_rta_01_241018142716_4166---protocolloreteVC.json,province,Di Vercelli Quale Organismo Di Coordinamento E Di Programmazione Congiunta Delle Attivita Di Prevenzione E Di Contrasto Della Violenza
01_2406_rta_01_241018142716_4166---protocolloreteVC.json,province,Ed Al Comma
01_2406_rta_01_241018142716_4166---protocolloreteVC.json,comuni,Isesig
01_2406_rta_01_241018142716_4166---protocolloreteVC.json,comuni,Santatarcepace
01_2406_rta_01_241018142716_4166---protocolloreteVC.json,comuni,Valsesia
01_2406_rta_01_241018142716_4166---protocolloreteVC.json,comuni,Vercelli C
01_2406_rta_01_241018142716_4166---protocolloreteVC.json,associazioni,Pienamente Informato Circa I Contenuti Del
01_2406_rta_01_241018142716_4166---protocolloreteVC.json,consorzi,
01_2406_rta_01_241018142716_4166---protocolloreteVC.json,consorzi,Gattinara
01_2406_rta_01_241018142716_4166---protocolloreteVC.json,consorzi,Intercomunale Per I Servizi Di Assistenza Sociale Di Santhia
01_2406_rta_01_241018142716_4166---protocolloreteVC.json,consorzi,Oar
01_2406_rta_01_241018142716_4166---protocolloreteVC.json,consorzi,Per L
01_2406_rta_01_241018142716_4166---protocolloreteVC.json,consorzi,Santhia C
01_2406_rta_01_241018142804_4166---ConvenzioneASL-Prontosoccorsoceva.json,regioni,Aslouneouno Mp Temonte Www
01_2406_rta_01_241018142804_4166---ConvenzioneASL-Prontosoccorsoceva.json,regioni,Piemonte Per La Prevenzione Della Violenza Contro Le Donne E Per Il Sostegno Alle Vittime E Rappresenta Un Primo Punto Di Riferimento Per Le Donne Che Vivono Questo Disagio E
01_2406_rta_01_241018142804_4166---ConvenzioneASL-Prontosoccorsoceva.json,associazioni,Per I
01_2406_rta_01_241018142804_4166---ConvenzioneASL-Prontosoccorsoceva.json,associazioni,Prestano Attivita Di
01_2406_rta_01_241018142804_4166---ConvenzioneASL-Prontosoccorsoceva.json,associazioni,Volontariato
02_2406_rta_02_240904124958_4166---lrn4del25feb2013.json,regioni,Assicura Alle Vittime Della Violenza Di Genere E Ai Loro Figli
02_2406_rta_02_240904124958_4166---lrn4del25feb2013.json,regioni,Assicura E Realizza Interventi Di Prima Accoglienza E Di Supporto Alle Donne Vittime Di Violenza Di Genere Attraverso Il Servizio Di Prima Accoglienza Per Donne Maltrattate
02_2406_rta_02_240904124958_4166---lrn4del25feb2013.json,regioni,E Annui Euro
02_2406_rta_02_240904124958_4166---lrn4del25feb2013.json,regioni,Garantisce
02_2406_rta_02_240904124958_4166---lrn4del25feb2013.json,regioni,In Deroga A Quanto Previsto Dalla Legge Regionale
02_2406_rta_02_240904124958_4166---lrn4del25feb2013.json,regioni,Per Il Triennio
02_2406_rta_02_240904124958_4166---lrn4del25feb2013.json,regioni,Promuove Progetti Finalizzati Alla Realizzazione Di Iniziative Di Prevenzione Contro La Violenza Di Genere E
02_2406_rta_02_240904124958_4166---lrn4del25feb2013.json,regioni,Riconosce In Ogni Forma Di Violenza Di Genere Una Violazione Dei Diritti Umani
02_2406_rta_02_240904124958_4166---lrn4del25feb2013.json,regioni,Riconosce La Valenza Sociale Del Centro Antiviolenza
03_2406_rta_03_240918151606_4166---A_RetePavia_Protocollo2021_e_Integrazioni2023_firmato_compressed.json,regioni,Lombardia Opi Pavia
03_2406_rta_03_240918151606_4166---A_RetePavia_Protocollo2021_e_Integrazioni2023_firmato_compressed.json,regioni,Lombardia Per La Presidente
03_2406_rta_03_240918151606_4166---A_RetePavia_Protocollo2021_e_Integrazioni2023_firmato_compressed.json,regioni,Whe
03_2406_rta_03_240918151606_4166---A_RetePavia_Protocollo2021_e_Integrazioni2023_firmato_compressed.json,province,Di Pavia
03_2406_rta_03_240918151606_4166---A_RetePavia_Protocollo2021_e_Integrazioni2023_firmato_compressed.json,province,Di Pavia Cgil Gon Rete Interistituzionale Territoriale Antiviolenza Di Pavia Protocollo D
03_2406_rta_03_240918151606_4166---A_RetePavia_Protocollo2021_e_Integrazioni2023_firmato_compressed.json,province,Di Pavia Con Il Quale Si É Previsto
03_2406_rta_03_240918151606_4166---A_RetePavia_Protocollo2021_e_Integrazioni2023_firmato_compressed.json,province,Di Pavia Hanno Awviato Da Anni Un Percorso Di Collaborazione Volto All
03_2406_rta_03_240918151606_4166---A_RetePavia_Protocollo2021_e_Integrazioni2023_firmato_compressed.json,province,Di Pavia La Provincia Di Pavia Si Impegna A
03_2406_rta_03_240918151606_4166---A_RetePavia_Protocollo2021_e_Integrazioni2023_firmato_compressed.json,province,Di Pavia N
03_2406_rta_03_240918151606_4166---A_RetePavia_Protocollo2021_e_Integrazioni2023_firmato_compressed.json,province,Di Pavia Ordine Degli Assistenti Sociali Della Regione Lombardia Opi Pavia
03_2406_rta_03_240918151606_4166---A_RetePavia_Protocollo2021_e_Integrazioni2023_firmato_compressed.json,province,Di Pavia Per Il Presidente
03_2406_rta_03_240918151606_4166---A_RetePavia_Protocollo2021_e_Integrazioni2023_firmato_compressed.json,province,Di Pavia Questura Di Pavia Tribunale Di Pavia Procura Della Repubblica Di Pavia Agenzia Di Tutela Della Salute
03_2406_rta_03_240918151606_4166---A_RetePavia_Protocollo2021_e_Integrazioni2023_firmato_compressed.json,province,Di Pavia Ritenendo I Medici Mediatori Di Istanze Di Prevenzione E Garanzia Della
03_2406_rta_03_240918151606_4166---A_RetePavia_Protocollo2021_e_Integrazioni2023_firmato_compressed.json,province,Di Pavia Si Impegna A
03_2406_rta_03_240918151606_4166---A_RetePavia_Protocollo2021_e_Integrazioni2023_firmato_compressed.json,province,Si Impegnano A Svolgere Un Ruolo Attivo Nel Supporto All
03_2406_rta_03_240918151606_4166---A_RetePavia_Protocollo2021_e_Integrazioni2023_firmato_compressed.json,comuni,Broni
03_2406_rta_03_240918151606_4166---A_RetePavia_Protocollo2021_e_Integrazioni2023_firmato_compressed.json,comuni,Pavia Che
03_2406_rta_03_240918151606_4166---A_RetePavia_Protocollo2021_e_Integrazioni2023_firmato_compressed.json,comuni,Pavia Per Il Sindaco
03_2406_rta_03_240918151606_4166---A_RetePavia_Protocollo2021_e_Integrazioni2023_firmato_compressed.json,comuni,Provincia Si Impegnano A Svolgere Un Ruolo Attivo Nel Supporto All
03_2406_rta_03_240918151606_4166---A_RetePavia_Protocollo2021_e_Integrazioni2023_firmato_compressed.json,comuni,Stradella Il Vicesindaco
03_2406_rta_03_240918151606_4166---A_RetePavia_Protocollo2021_e_Integrazioni2023_firmato_compressed.json,comuni,Stradelta Ene
03_2406_rta_03_240918151606_4166---A_RetePavia_Protocollo2021_e_Integrazioni2023_firmato_compressed.json,comuni,Vigevano
03_2406_rta_03_240918151606_4166---A_RetePavia_Protocollo2021_e_Integrazioni2023_firmato_compressed.json,comuni,Voghera Dl
03_2406_rta_03_240918151606_4166---A_RetePavia_Protocollo2021_e_Integrazioni2023_firmato_compressed.json,associazioni,Contro La Violenza Operante A Pavia Dal
03_2406_rta_03_240918151606_4166---A_RetePavia_Protocollo2021_e_Integrazioni2023_firmato_compressed.json,associazioni,Donne Medico
03_2406_rta_03_240918151606_4166---A_RetePavia_Protocollo2021_e_Integrazioni2023_firmato_compressed.json,consorzi,Pavia Piano Di Zona
03_2406_rta_03_240918151606_4166---A_RetePavia_Protocollo2021_e_Integrazioni2023_firmato_compressed.json,consorzi,Sociale Pavese - Piano Di Zona Di Pavia La Presidente
03_2406_rta_03_240918153156_4166---Protocollo_d'Intesa_Rete_Mantova.prot.json,regioni,Ha Attivato Programmi Di Finanziamento Che Hanno Previsto La Sottoscrizione Con Gli Enti Locali Capifila Di Accordi Di Collaborazione Finalizzati Alla Condivisione Della Programmazione A Livello Locale E Il Trasferimento Delle Risorse Per L
03_2406_rta_03_240918153156_4166---Protocollo_d'Intesa_Rete_Mantova.prot.json,regioni,Lombardia Attraverso
03_2406_rta_03_240918153156_4166---Protocollo_d'Intesa_Rete_Mantova.prot.json,regioni,Lombardia Come Centro Antiviolenza E Casa Rifugio
03_2406_rta_03_240918153156_4166---Protocollo_d'Intesa_Rete_Mantova.prot.json,regioni,Lombardia E Dall
03_2406_rta_03_240918153156_4166---Protocollo_d'Intesa_Rete_Mantova.prot.json,regioni,Lombardia Ha Definito Un Modello Di Governance Basato Sull
03_2406_rta_03_240918153156_4166---Protocollo_d'Intesa_Rete_Mantova.prot.json,province,Attui Specifiche Azioni Positive Volte Ad Evitare Le Discriminazioni A Carico Delle Donne E A Rimuovere Gli Ostacoli Che Di Fatto Impediscano Il Pieno Ed Effettivo Esercizio Dei Diritti Della Persona
03_2406_rta_03_240918153156_4166---Protocollo_d'Intesa_Rete_Mantova.prot.json,province,Di Mantova Dott
03_2406_rta_03_240918153156_4166---Protocollo_d'Intesa_Rete_Mantova.prot.json,province,Di Mantova L
03_2406_rta_03_240918153156_4166---Protocollo_d'Intesa_Rete_Mantova.prot.json,province,Di Mantova La Consigliera Di Parita Della Provincia Di Mantova Ha
03_2406_rta_03_240918153156_4166---Protocollo_d'Intesa_Rete_Mantova.prot.json,province,Di Mantova La Provincia Di Mantova
03_2406_rta_03_240918153156_4166---Protocollo_d'Intesa_Rete_Mantova.prot.json,province,Di Mantova Legale Rappresentante
03_2406_rta_03_240918153156_4166---Protocollo_d'Intesa_Rete_Mantova.prot.json,province,Si Impegna A
03_2406_rta_03_240918153156_4166---Protocollo_d'Intesa_Rete_Mantova.prot.json,comuni,Mantova I
03_2406_rta_03_240918153156_4166---Protocollo_d'Intesa_Rete_Mantova.prot.json,comuni,Territorio
03_2406_rta_03_240918153156_4166---Protocollo_d'Intesa_Rete_Mantova.prot.json,associazioni,Alle Donne
03_2406_rta_03_240918153156_4166---Protocollo_d'Intesa_Rete_Mantova.prot.json,associazioni,Degli Avvocati
03_2406_rta_03_240918153156_4166---Protocollo_d'Intesa_Rete_Mantova.prot.json,associazioni,Del Telefono Rosa Di Mantova
03_2406_rta_03_240918153156_4166---Protocollo_d'Intesa_Rete_Mantova.prot.json,associazioni,Di Aiuto Alla Vita
03_2406_rta_03_240918153156_4166---Protocollo_d'Intesa_Rete_Mantova.prot.json,associazioni,Ets
03_2406_rta_03_240918153156_4166---Protocollo_d'Intesa_Rete_Mantova.prot.json,associazioni,Impegna A Promuovere E Realizzare Attivita Di Raccolta Dati
03_2406_rta_03_240918153156_4166---Protocollo_d'Intesa_Rete_Mantova.prot.json,consorzi,Progetto Solidarieta Andrea Caprini Sede Legale
03_2406_rta_03_240918153240_4166---Protocollod'intesaperl'IstituzionediunSistemaTerritorialeAntiviolenzainReteconAddendumSindacati.json,regioni,Lombardia Del Progetto D'Intervento
03_2406_rta_03_240918153240_4166---Protocollod'intesaperl'IstituzionediunSistemaTerritorialeAntiviolenzainReteconAddendumSindacati.json,regioni,Lombardia In Tema Di Prevenzione E Contrasto Alla Violenza Sulle Donne
03_2406_rta_03_240918153240_4166---Protocollod'intesaperl'IstituzionediunSistemaTerritorialeAntiviolenzainReteconAddendumSindacati.json,regioni,Lombardia Nell'Ambito Del Piano Regionale Quadriennale Antiviolenza
03_2406_rta_03_240918153240_4166---Protocollod'intesaperl'IstituzionediunSistemaTerritorialeAntiviolenzainReteconAddendumSindacati.json,province,Di La Presidente Avv
03_2406_rta_03_240918153240_4166---Protocollod'intesaperl'IstituzionediunSistemaTerritorialeAntiviolenzainReteconAddendumSindacati.json,province,Di Lecco
03_2406_rta_03_240918153240_4166---Protocollod'intesaperl'IstituzionediunSistemaTerritorialeAntiviolenzainReteconAddendumSindacati.json,province,Di Lecco - Collabora Con Gli Enti Firmatari Il Protocollo Attraverso Propri Delegati
03_2406_rta_03_240918153240_4166---Protocollod'intesaperl'IstituzionediunSistemaTerritorialeAntiviolenzainReteconAddendumSindacati.json,province,Di Lecco Garantiscono La Collaborazione A Perseguire E Promuovere Le Finalita Del Protocollo Tramite La Partecipazione Di Propri Rappresentanti Agli Incontri Tecnici E Coopera Con Gli Enti Della Rete Per L
03_2406_rta_03_240918153240_4166---Protocollod'intesaperl'IstituzionediunSistemaTerritorialeAntiviolenzainReteconAddendumSindacati.json,province,Di Lecco Hs Il Presidente Claudio Usuelli Ya Z
03_2406_rta_03_240918153240_4166---Protocollod'intesaperl'IstituzionediunSistemaTerritorialeAntiviolenzainReteconAddendumSindacati.json,province,Di Lecco Nel
03_2406_rta_03_240918153240_4166---Protocollod'intesaperl'IstituzionediunSistemaTerritorialeAntiviolenzainReteconAddendumSindacati.json,province,Di Lecco Promuove
03_2406_rta_03_240918153240_4166---Protocollod'intesaperl'IstituzionediunSistemaTerritorialeAntiviolenzainReteconAddendumSindacati.json,province,Eicentri Antiviolenza Di Lecco E Merate
03_2406_rta_03_240918153240_4166---Protocollod'intesaperl'IstituzionediunSistemaTerritorialeAntiviolenzainReteconAddendumSindacati.json,comuni,Lecco
03_2406_rta_03_240918153240_4166---Protocollod'intesaperl'IstituzionediunSistemaTerritorialeAntiviolenzainReteconAddendumSindacati.json,comuni,Provincia
03_2406_rta_03_240918153240_4166---Protocollod'intesaperl'IstituzionediunSistemaTerritorialeAntiviolenzainReteconAddendumSindacati.json,comuni,Residenza E Tutti I Componenti Della Rete I Quali
03_2406_rta_03_240918153240_4166---Protocollod'intesaperl'IstituzionediunSistemaTerritorialeAntiviolenzainReteconAddendumSindacati.json,associazioni,Donna Lecco
03_2406_rta_03_240918153240_4166---Protocollod'intesaperl'IstituzionediunSistemaTerritorialeAntiviolenzainReteconAddendumSindacati.json,associazioni,International D
03_2406_rta_03_240918153252_4166---Protocollo+Appendice+LineeGuida_Datatodafirmare.json,regioni,Lombardia Ha Promosso Il Coinvolgimento Diretto Dei Cpi Nella Formazione In Tema Di Violenze Di Genere E Nella Definizione Di Prassi E Strumenti Di Cooperazione Con Le Reti Antiviolenza Territoriali
03_2406_rta_03_240918153252_4166---Protocollo+Appendice+LineeGuida_Datatodafirmare.json,regioni,Lombardia In Attuazione Della L
03_2406_rta_03_240918153252_4166---Protocollo+Appendice+LineeGuida_Datatodafirmare.json,regioni,Lombardia Per L
03_2406_rta_03_240918153252_4166---Protocollo+Appendice+LineeGuida_Datatodafirmare.json,regioni,Lombardia Vigente Attraverso
03_2406_rta_03_240918153252_4166---Protocollo+Appendice+LineeGuida_Datatodafirmare.json,province,Di Cremona
03_2406_rta_03_240918153252_4166---Protocollo+Appendice+LineeGuida_Datatodafirmare.json,province,Di Cremona Consigliera Provinciale Di Parita Comune Di Cremona Comune Di Crema
03_2406_rta_03_240918153252_4166---Protocollo+Appendice+LineeGuida_Datatodafirmare.json,province,Di Cremona E I Soggetti Della Rete Territoriale Antiviolenza Deputati Alla Presa In Carico Delle Donne Vittime Di Violenze
03_2406_rta_03_240918153252_4166---Protocollo+Appendice+LineeGuida_Datatodafirmare.json,province,Di Cremona Ed É Aperto
03_2406_rta_03_240918153252_4166---Protocollo+Appendice+LineeGuida_Datatodafirmare.json,province,Di Cremona Garantiscono Alle Donne Vittime Di Violenza
03_2406_rta_03_240918153252_4166---Protocollo+Appendice+LineeGuida_Datatodafirmare.json,province,Di Cremona Lavoro
03_2406_rta_03_240918153252_4166---Protocollo+Appendice+LineeGuida_Datatodafirmare.json,province,Di Cremona Linee-Guida Per La Collaborazione Tra Centri Per L
03_2406_rta_03_240918153252_4166---Protocollo+Appendice+LineeGuida_Datatodafirmare.json,province,Di Cremona Partecipazione Dei Cpi Alla Rete Territoriale Antiviolenza La Provincia Di Cremona É Tra I Soggetti Promotori E Fondatori
03_2406_rta_03_240918153252_4166---Protocollo+Appendice+LineeGuida_Datatodafirmare.json,province,Di Cremona Schema Flusso Progetto Personalizzato Inserimento Lavorativo Cav Servizio Sociale Segnalazione All
03_2406_rta_03_240918153252_4166---Protocollo+Appendice+LineeGuida_Datatodafirmare.json,province,Promuovera La Partecipazione Degli Operatori Del Settore Formazione E Lavoro E Dei Cpi A Momenti
03_2406_rta_03_240918153252_4166---Protocollo+Appendice+LineeGuida_Datatodafirmare.json,comuni,Casalmaggiore
03_2406_rta_03_240918153252_4166---Protocollo+Appendice+LineeGuida_Datatodafirmare.json,comuni,Cremona Comune Di Crema
03_2406_rta_03_240918153252_4166---Protocollo+Appendice+LineeGuida_Datatodafirmare.json,comuni,Cremona Ha Ricevuto Istanza Di Adesione Alla Rete Territoriale Da Parte Dei Seguenti Enti
03_2406_rta_03_240918153252_4166---Protocollo+Appendice+LineeGuida_Datatodafirmare.json,comuni,Cremona Individuera Le Forme Pil Opportune Per Garantire Il Coinvolgimento Degli Attori In
03_2406_rta_03_240918153252_4166---Protocollo+Appendice+LineeGuida_Datatodafirmare.json,comuni,Residenza
03_2406_rta_03_240918153252_4166---Protocollo+Appendice+LineeGuida_Datatodafirmare.json,associazioni,Club Internazionale Di
03_2406_rta_03_240918153252_4166---Protocollo+Appendice+LineeGuida_Datatodafirmare.json,associazioni,Club Internazionale Di Cremona
03_2406_rta_03_240918153252_4166---Protocollo+Appendice+LineeGuida_Datatodafirmare.json,associazioni,Contro La Violenza Di Crema
03_2406_rta_03_240918153252_4166---Protocollo+Appendice+LineeGuida_Datatodafirmare.json,associazioni,Donne Antiviolenza Di
03_2406_rta_03_240918153252_4166---Protocollo+Appendice+LineeGuida_Datatodafirmare.json,associazioni,Donne Antiviolenza Di Cremona
03_2406_rta_03_240918153252_4166---Protocollo+Appendice+LineeGuida_Datatodafirmare.json,associazioni,International D
03_2406_rta_03_240918153252_4166---Protocollo+Appendice+LineeGuida_Datatodafirmare.json,associazioni,Odv
03_2406_rta_03_240918153252_4166---Protocollo+Appendice+LineeGuida_Datatodafirmare.json,associazioni,Senza Frontiere
03_2406_rta_03_240918153252_4166---Protocollo+Appendice+LineeGuida_Datatodafirmare.json,associazioni,Tenda Di Cristo Onlus
03_2406_rta_03_240918153252_4166---Protocollo+Appendice+LineeGuida_Datatodafirmare.json,consorzi,Casalasco Dei Servizi Sociali E Comunita Sociale Cremasca
03_2406_rta_03_240920093134_4166---Protocollo_Intesa_Rete_Antiviolenza_SudEstMilano_Paullese_2021-2023.json,comuni,Peschiera Borromeo Ente Capofila Del Distretto Sociale Del Paullese Sindaco Pro Tempore Dott
03_2406_rta_03_240920093134_4166---Protocollo_Intesa_Rete_Antiviolenza_SudEstMilano_Paullese_2021-2023.json,comuni,San Donato Milanese Ha Accettato Tale Ruolo E Gli Impegni Che Ne Conseguono Con
03_2406_rta_03_240920093134_4166---Protocollo_Intesa_Rete_Antiviolenza_SudEstMilano_Paullese_2021-2023.json,comuni,San Donato Milanese É Stato Individuato Quale Ente Capofila Del Protocollo D
03_2406_rta_03_240920093134_4166---Protocollo_Intesa_Rete_Antiviolenza_SudEstMilano_Paullese_2021-2023.json,comuni,San Giuliano Milanese
03_2406_rta_03_240920093134_4166---Protocollo_Intesa_Rete_Antiviolenza_SudEstMilano_Paullese_2021-2023.json,associazioni,E Noalla Violenza Sulle Donne Sgm
03_2406_rta_03_240920093134_4166---Protocollo_Intesa_Rete_Antiviolenza_SudEstMilano_Paullese_2021-2023.json,associazioni,Nazionale D
03_2406_rta_03_240920093134_4166---Protocollo_Intesa_Rete_Antiviolenza_SudEstMilano_Paullese_2021-2023.json,associazioni,No Alla Violenza Sulle Donne Sgm La Referente
03_2406_rta_03_240920093134_4166---Protocollo_Intesa_Rete_Antiviolenza_SudEstMilano_Paullese_2021-2023.json,associazioni,Orizzonte
03_2406_rta_03_240920093134_4166---Protocollo_Intesa_Rete_Antiviolenza_SudEstMilano_Paullese_2021-2023.json,associazioni,Orizzonte Il Referente
03_2406_rta_03_240920120751_4166---protocollodiintesa.json,regioni,Lombardia Per La Realizzazione Degli Obiettivi Dati
03_2406_rta_03_240920120751_4166---protocollodiintesa.json,province,Di Milano
03_2406_rta_03_240920120751_4166---protocollodiintesa.json,province,Di Milano L'Impegno Della Provincia Di Milano Si Declina In Un Percorso Di Collaborazione Con Le Organizzazioni E Gli Enti Che A Vario Titolo Costituiscono La Rete Territoriale
03_2406_rta_03_240920120751_4166---protocollodiintesa.json,comuni,Abbiategrasso
03_2406_rta_03_240920120751_4166---protocollodiintesa.json,comuni,Cerro Maggiore Ha Accettato Tale Ruolo E Quanto Ne Consegue
03_2406_rta_03_240920120751_4166---protocollodiintesa.json,comuni,Cerro Maggiore In Qualita Di Capofila Si Impegna A Favorire Il Raggiungimento Degli Obiettivi Del Presente Protocollo Sostenendo Il Funzionamento Della Rete E Il Suo Sviluppo Nel Tempo
03_2406_rta_03_240920120751_4166---protocollodiintesa.json,comuni,Cerro Maggiore Viene Individuato Da Tutti I Soggetti Componenti Come Il Pit Idoneo A Svolgere Le
03_2406_rta_03_240920120751_4166---protocollodiintesa.json,comuni,Magenta Che Opera Attraverso Il Comando Polizia Locale E Il Settore Servizi Alla Persona
03_2406_rta_03_240920120751_4166---protocollodiintesa.json,comuni,Magenta É Attivo Un Protocollo Di Intesa Per L
03_2406_rta_03_240920120751_4166---protocollodiintesa.json,associazioni,Accoglienza Solidarieta
03_2406_rta_03_240920120751_4166---protocollodiintesa.json,associazioni,Adopera Perch
03_2406_rta_03_240920120751_4166---protocollodiintesa.json,associazioni,Alla Rete Attraverso Il Proprio Sportello Di
03_2406_rta_03_240920120751_4166---protocollodiintesa.json,associazioni,Auser
03_2406_rta_03_240920120751_4166---protocollodiintesa.json,associazioni,Di Legnano
03_2406_rta_03_240920120751_4166---protocollodiintesa.json,associazioni,Di Milano
03_2406_rta_03_240920120751_4166---protocollodiintesa.json,associazioni,Donna Di
03_2406_rta_03_240920120751_4166---protocollodiintesa.json,associazioni,Donna Di Milano
03_2406_rta_03_240920120751_4166---protocollodiintesa.json,associazioni,Filo Rosa Auser Di
03_2406_rta_03_240920120751_4166---protocollodiintesa.json,associazioni,Lou Salom
03_2406_rta_03_240920120751_4166---protocollodiintesa.json,associazioni,Mariflo
03_2406_rta_03_240920120751_4166---protocollodiintesa.json,associazioni,Maryflo
03_2406_rta_03_240920120751_4166---protocollodiintesa.json,associazioni,Onlus
03_2406_rta_03_240920120751_4166---protocollodiintesa.json,associazioni,Onlus Di
03_2406_rta_03_240920120751_4166---protocollodiintesa.json,associazioni,Onlus Di Abbiategrasso
03_2406_rta_03_240920120751_4166---protocollodiintesa.json,associazioni,Paz
03_2406_rta_03_240920120751_4166---protocollodiintesa.json,associazioni,Svezzamento Onlus Di
03_2406_rta_03_240920120751_4166---protocollodiintesa.json,associazioni,Svezzamento Onlus Di Abbiategrasso
03_2406_rta_03_240920120751_4166---protocollodiintesa.json,associazioni,Via Gen
03_2406_rta_03_240920120751_4166---protocollodiintesa.json,associazioni,Volontariato
03_2406_rta_03_240920124656_4166---ProtocolloantiviolenzaDEFINITIVO(1).json,regioni,Lombardia Costruisce Per Le Donne Ospitate Nelle Proprie Strutture Il Progetto Educativo Individuale Condiviso Con Le Donne Stesse E Il Servizio Sociale Inviante
03_2406_rta_03_240920124656_4166---ProtocolloantiviolenzaDEFINITIVO(1).json,regioni,Lombardia E Le Prefetture
03_2406_rta_03_240920124656_4166---ProtocolloantiviolenzaDEFINITIVO(1).json,regioni,Lombardia Sostiene Da Anni Le Attivita Di Istituzione
03_2406_rta_03_240920124656_4166---ProtocolloantiviolenzaDEFINITIVO(1).json,regioni,Promuova La Stipula Di Protocolli D
03_2406_rta_03_240920124656_4166---ProtocolloantiviolenzaDEFINITIVO(1).json,province,Di Bergamo
03_2406_rta_03_240920124656_4166---ProtocolloantiviolenzaDEFINITIVO(1).json,province,Di Bergamo Associazione La Svolta Istituto Delle Suore Delle Poverelle - Istituto Palazzolo Cooperativa Generazioni Fa Associazione Ledha Fisascat-Cisl Confcommercio Bergamo La Rete Inter-Istituzionale É Finalizzata Al Contrasto Della Violenza
03_2406_rta_03_240920124656_4166---ProtocolloantiviolenzaDEFINITIVO(1).json,province,Di Bergamo Cisl Il Centro Italiano Per La Promozione Della Mediazione
03_2406_rta_03_240920124656_4166---ProtocolloantiviolenzaDEFINITIVO(1).json,province,Di Bergamo Per L
03_2406_rta_03_240920124656_4166---ProtocolloantiviolenzaDEFINITIVO(1).json,province,Di Bergamo Per L'Universita Degli Studi Di Bergamo Per L
03_2406_rta_03_240920124656_4166---ProtocolloantiviolenzaDEFINITIVO(1).json,province,Di Bergamo Sostiene Gli Interventi A Favore Delle Donne Vittime Di Violenza Nei Posti Di Lavoro Per Garantire Una Tutela Integrata
03_2406_rta_03_240920124656_4166---ProtocolloantiviolenzaDEFINITIVO(1).json,province,Di Bergamo Ufficio Scolastico Per La Lombardia
03_2406_rta_03_240920124656_4166---ProtocolloantiviolenzaDEFINITIVO(1).json,province,Di Bergamo Universita Degli Studi Di Bergamo Ufficio Scolastico Territoriale Di Bergamo Cooperativa Sirio
03_2406_rta_03_240920124656_4166---ProtocolloantiviolenzaDEFINITIVO(1).json,comuni,Provenienza
03_2406_rta_03_240920124656_4166---ProtocolloantiviolenzaDEFINITIVO(1).json,comuni,Residenza Della Donna
03_2406_rta_03_240920124656_4166---ProtocolloantiviolenzaDEFINITIVO(1).json,comuni,San Pellegrino Terme In Qualita Di Capofila Della Rete Antiviolenza E I Seguenti Soggetii
03_2406_rta_03_240920124656_4166---ProtocolloantiviolenzaDEFINITIVO(1).json,associazioni,Fisascat
03_2406_rta_03_240920124656_4166---ProtocolloantiviolenzaDEFINITIVO(1).json,associazioni,Ledha
03_2406_rta_03_240920124656_4166---ProtocolloantiviolenzaDEFINITIVO(1).json,associazioni,Onlus
03_2406_rta_03_240920124656_4166---ProtocolloantiviolenzaDEFINITIVO(1).json,associazioni,Per Fisascat Cisl
03_2406_rta_03_240920124656_4166---ProtocolloantiviolenzaDEFINITIVO(1).json,associazioni,Svolta
03_2406_rta_03_240923101524_4166---PROTOCOLLO_DI_INTESA_versione_DEFINITIVA2021.stamped.json,regioni,Lombardia Ha Decretato Di Iscrivere Cooperativa Sociale Ii Cerchio Della Luna Impresa Sociale
03_2406_rta_03_240923101524_4166---PROTOCOLLO_DI_INTESA_versione_DEFINITIVA2021.stamped.json,regioni,Lombardia Hanno Attivato Servizi Rivolti A Tutte Le Donne Vittime Di Violenza Del Territorio Bresciano
03_2406_rta_03_240923101524_4166---PROTOCOLLO_DI_INTESA_versione_DEFINITIVA2021.stamped.json,province,Di Brescia
03_2406_rta_03_240923101524_4166---PROTOCOLLO_DI_INTESA_versione_DEFINITIVA2021.stamped.json,province,Di Brescia - Butterfly Societa Cooperativa Sociale - Associazione Casa Delle Donne Odv - Coop
03_2406_rta_03_240923101524_4166---PROTOCOLLO_DI_INTESA_versione_DEFINITIVA2021.stamped.json,province,Di Brescia La Provincia S
03_2406_rta_03_240923101524_4166---PROTOCOLLO_DI_INTESA_versione_DEFINITIVA2021.stamped.json,comuni,Berlingo
03_2406_rta_03_240923101524_4166---PROTOCOLLO_DI_INTESA_versione_DEFINITIVA2021.stamped.json,comuni,Borgosatollo
03_2406_rta_03_240923101524_4166---PROTOCOLLO_DI_INTESA_versione_DEFINITIVA2021.stamped.json,comuni,Botticino
03_2406_rta_03_240923101524_4166---PROTOCOLLO_DI_INTESA_versione_DEFINITIVA2021.stamped.json,comuni,Brescia Comune Di Brescia Protocollo D
03_2406_rta_03_240923101524_4166---PROTOCOLLO_DI_INTESA_versione_DEFINITIVA2021.stamped.json,comuni,Brescia In Qualita Di Ente Capofila
03_2406_rta_03_240923101524_4166---PROTOCOLLO_DI_INTESA_versione_DEFINITIVA2021.stamped.json,comuni,Brescia É Capofila
03_2406_rta_03_240923101524_4166---PROTOCOLLO_DI_INTESA_versione_DEFINITIVA2021.stamped.json,comuni,Capriano Del Colle
03_2406_rta_03_240923101524_4166---PROTOCOLLO_DI_INTESA_versione_DEFINITIVA2021.stamped.json,comuni,Castegnato
03_2406_rta_03_240923101524_4166---PROTOCOLLO_DI_INTESA_versione_DEFINITIVA2021.stamped.json,comuni,Castel Mella
03_2406_rta_03_240923101524_4166---PROTOCOLLO_DI_INTESA_versione_DEFINITIVA2021.stamped.json,comuni,Castenedolo
03_2406_rta_03_240923101524_4166---PROTOCOLLO_DI_INTESA_versione_DEFINITIVA2021.stamped.json,comuni,Cellatica
03_2406_rta_03_240923101524_4166---PROTOCOLLO_DI_INTESA_versione_DEFINITIVA2021.stamped.json,comuni,Collebeato
03_2406_rta_03_240923101524_4166---PROTOCOLLO_DI_INTESA_versione_DEFINITIVA2021.stamped.json,comuni,Flero
03_2406_rta_03_240923101524_4166---PROTOCOLLO_DI_INTESA_versione_DEFINITIVA2021.stamped.json,comuni,Gussago
03_2406_rta_03_240923101524_4166---PROTOCOLLO_DI_INTESA_versione_DEFINITIVA2021.stamped.json,comuni,Mazzano
03_2406_rta_03_240923101524_4166---PROTOCOLLO_DI_INTESA_versione_DEFINITIVA2021.stamped.json,comuni,Montirone
03_2406_rta_03_240923101524_4166---PROTOCOLLO_DI_INTESA_versione_DEFINITIVA2021.stamped.json,comuni,Nuvolera
03_2406_rta_03_240923101524_4166---PROTOCOLLO_DI_INTESA_versione_DEFINITIVA2021.stamped.json,comuni,Ome
03_2406_rta_03_240923101524_4166---PROTOCOLLO_DI_INTESA_versione_DEFINITIVA2021.stamped.json,comuni,Ospitaletto
03_2406_rta_03_240923101524_4166---PROTOCOLLO_DI_INTESA_versione_DEFINITIVA2021.stamped.json,comuni,Poncarale
03_2406_rta_03_240923101524_4166---PROTOCOLLO_DI_INTESA_versione_DEFINITIVA2021.stamped.json,comuni,Provincia Di Brescia
03_2406_rta_03_240923101524_4166---PROTOCOLLO_DI_INTESA_versione_DEFINITIVA2021.stamped.json,comuni,Rezzato
03_2406_rta_03_240923101524_4166---PROTOCOLLO_DI_INTESA_versione_DEFINITIVA2021.stamped.json,comuni,Rodengo Saiano
03_2406_rta_03_240923101524_4166---PROTOCOLLO_DI_INTESA_versione_DEFINITIVA2021.stamped.json,comuni,Roncadelle
03_2406_rta_03_240923101524_4166---PROTOCOLLO_DI_INTESA_versione_DEFINITIVA2021.stamped.json,comuni,San Zeno Naviglio
03_2406_rta_03_240923101524_4166---PROTOCOLLO_DI_INTESA_versione_DEFINITIVA2021.stamped.json,comuni,Territorio Bresciano Pertinente Agli Ambiti
03_2406_rta_03_240923101524_4166---PROTOCOLLO_DI_INTESA_versione_DEFINITIVA2021.stamped.json,comuni,Torbole Casaglia
03_2406_rta_03_240923101524_4166---PROTOCOLLO_DI_INTESA_versione_DEFINITIVA2021.stamped.json,comuni,Travagliato
03_2406_rta_03_240923101524_4166---PROTOCOLLO_DI_INTESA_versione_DEFINITIVA2021.stamped.json,comuni,Valle Camonica Che Avevano Gia Una Propria Rete Di Cui Darfo É Capofila
03_2406_rta_03_240923101524_4166---PROTOCOLLO_DI_INTESA_versione_DEFINITIVA2021.stamped.json,associazioni,Betel
03_2406_rta_03_240923101524_4166---PROTOCOLLO_DI_INTESA_versione_DEFINITIVA2021.stamped.json,associazioni,Bresciani
03_2406_rta_03_240923101524_4166---PROTOCOLLO_DI_INTESA_versione_DEFINITIVA2021.stamped.json,associazioni,Cerchio Degli Uomini
03_2406_rta_03_240923101524_4166---PROTOCOLLO_DI_INTESA_versione_DEFINITIVA2021.stamped.json,associazioni,Comuni Bresciani Associa I
03_2406_rta_03_240923101524_4166---PROTOCOLLO_DI_INTESA_versione_DEFINITIVA2021.stamped.json,associazioni,Delle Donne Odv
03_2406_rta_03_240923101524_4166---PROTOCOLLO_DI_INTESA_versione_DEFINITIVA2021.stamped.json,associazioni,Delle Donne Odv E Butterfly Societa
03_2406_rta_03_240923101524_4166---PROTOCOLLO_DI_INTESA_versione_DEFINITIVA2021.stamped.json,associazioni,Impegna A Sostenere Il Percorso Personale Degli Uomini Maltrattanti Che Decidono Di Seguire
03_2406_rta_03_240923101524_4166---PROTOCOLLO_DI_INTESA_versione_DEFINITIVA2021.stamped.json,associazioni,Islamica
03_2406_rta_03_240923101524_4166---PROTOCOLLO_DI_INTESA_versione_DEFINITIVA2021.stamped.json,associazioni,Per Il Benessere E La Sicurezza
03_2406_rta_03_240923101524_4166---PROTOCOLLO_DI_INTESA_versione_DEFINITIVA2021.stamped.json,associazioni,Terre Unite
03_2406_rta_03_240923101524_4166---PROTOCOLLO_DI_INTESA_versione_DEFINITIVA2021.stamped.json,associazioni,Zavidovici Onlus
03_2406_rta_03_240923102947_4166---ProtSOTTOSCRITTO_ReteAntiviolenzaPiuIntegrazioneAprile2024(1).json,regioni,Lombardia
03_2406_rta_03_240923102947_4166---ProtSOTTOSCRITTO_ReteAntiviolenzaPiuIntegrazioneAprile2024(1).json,province,All'Interno Dei Luoghi Di Lavoro Dove Siamo Rappresentativi
03_2406_rta_03_240923102947_4166---ProtSOTTOSCRITTO_ReteAntiviolenzaPiuIntegrazioneAprile2024(1).json,province,Di Sondrio
03_2406_rta_03_240923102947_4166---ProtSOTTOSCRITTO_ReteAntiviolenzaPiuIntegrazioneAprile2024(1).json,province,Di Sondrio Avevano Lavorato Alla Definizione Di Un Protocollo D
03_2406_rta_03_240923102947_4166---ProtSOTTOSCRITTO_ReteAntiviolenzaPiuIntegrazioneAprile2024(1).json,province,Di Sondrio Maret
03_2406_rta_03_240923102947_4166---ProtSOTTOSCRITTO_ReteAntiviolenzaPiuIntegrazioneAprile2024(1).json,province,Di Sondrio Presentati Nel
03_2406_rta_03_240923102947_4166---ProtSOTTOSCRITTO_ReteAntiviolenzaPiuIntegrazioneAprile2024(1).json,province,Promuovera
03_2406_rta_03_240923102947_4166---ProtSOTTOSCRITTO_ReteAntiviolenzaPiuIntegrazioneAprile2024(1).json,comuni,Milano Previsto Come Azione Di Sistema Nel Progetto
03_2406_rta_03_240923102947_4166---ProtSOTTOSCRITTO_ReteAntiviolenzaPiuIntegrazioneAprile2024(1).json,comuni,Sondrio E Presso Lo Sportello Decentrato Di Chiavenna
03_2406_rta_03_240923102947_4166---ProtSOTTOSCRITTO_ReteAntiviolenzaPiuIntegrazioneAprile2024(1).json,comuni,Sondrio Nar Sana Wmzoani
03_2406_rta_03_240923102947_4166---ProtSOTTOSCRITTO_ReteAntiviolenzaPiuIntegrazioneAprile2024(1).json,associazioni,Argonaute
03_2406_rta_03_240923102947_4166---ProtSOTTOSCRITTO_ReteAntiviolenzaPiuIntegrazioneAprile2024(1).json,associazioni,Coraggio Di Frida
03_2406_rta_03_240923102947_4166---ProtSOTTOSCRITTO_ReteAntiviolenzaPiuIntegrazioneAprile2024(1).json,associazioni,Impegna A Collaborare
03_2406_rta_03_240923102947_4166---ProtSOTTOSCRITTO_ReteAntiviolenzaPiuIntegrazioneAprile2024(1).json,associazioni,Metafamiglia
03_2406_rta_03_240923102947_4166---ProtSOTTOSCRITTO_ReteAntiviolenzaPiuIntegrazioneAprile2024(1).json,associazioni,Previsto Dallo Statuto I
03_2406_rta_03_240923102947_4166---ProtSOTTOSCRITTO_ReteAntiviolenzaPiuIntegrazioneAprile2024(1).json,associazioni,Propone Di
03_2406_rta_03_240923102947_4166---ProtSOTTOSCRITTO_ReteAntiviolenzaPiuIntegrazioneAprile2024(1).json,associazioni,Sociale
03_2406_rta_03_240923102947_4166---ProtSOTTOSCRITTO_ReteAntiviolenzaPiuIntegrazioneAprile2024(1).json,associazioni,Sondrio Anna Mara Sa G
03_2406_rta_03_240923103647_4166---protocolloreteantiviolenzacinisello2019(1).json,regioni,Lombardia
03_2406_rta_03_240923103647_4166---protocolloreteantiviolenzacinisello2019(1).json,comuni,Bresso Che Pud Ospitare Fino A
03_2406_rta_03_240923103647_4166---protocolloreteantiviolenzacinisello2019(1).json,comuni,Cinisello Balsamo
03_2406_rta_03_240923103647_4166---protocolloreteantiviolenzacinisello2019(1).json,comuni,Sesto
03_2406_rta_03_240923103647_4166---protocolloreteantiviolenzacinisello2019(1).json,associazioni,Con Noi E Dopo Di Noi
03_2406_rta_03_240923103647_4166---protocolloreteantiviolenzacinisello2019(1).json,associazioni,Della Casa Dell
03_2406_rta_03_240923103647_4166---protocolloreteantiviolenzacinisello2019(1).json,associazioni,Di Base Di Sesto San Giovanni
03_2406_rta_03_240923103647_4166---protocolloreteantiviolenzacinisello2019(1).json,associazioni,Domnia Di Cinisello Balsamo
03_2406_rta_03_240923103647_4166---protocolloreteantiviolenzacinisello2019(1).json,associazioni,Donna Di Cormano
03_2406_rta_03_240923103647_4166---protocolloreteantiviolenzacinisello2019(1).json,associazioni,Mittatron
03_2406_rta_03_240923103647_4166---protocolloreteantiviolenzacinisello2019(1).json,associazioni,Onlus
03_2406_rta_03_240923103647_4166---protocolloreteantiviolenzacinisello2019(1).json,associazioni,Per La Vita Di Bresso
03_2406_rta_03_240923105244_4166---ProtocolloViolenzaMilanoFirme2023.json,regioni,Lombardia
03_2406_rta_03_240923105244_4166---ProtocolloViolenzaMilanoFirme2023.json,comuni,Milano - Direzione Welfare E Salute - Area Territorialita E Sistema Integrato Di Accesso Ai Servizi Sociali
03_2406_rta_03_240923105244_4166---ProtocolloViolenzaMilanoFirme2023.json,comuni,Milano Al Fine Di Fornire Un Adeguato Supporto Alla Donna E L
03_2406_rta_03_240923105244_4166---ProtocolloViolenzaMilanoFirme2023.json,comuni,Milano Al Fine Monitorare
03_2406_rta_03_240923105244_4166---ProtocolloViolenzaMilanoFirme2023.json,comuni,Milano Assessorato Welfare E Salute
03_2406_rta_03_240923105244_4166---ProtocolloViolenzaMilanoFirme2023.json,comuni,Milano Convochera I Soggetti Aderenti Al Protocollo In Almeno
03_2406_rta_03_240923105244_4166---ProtocolloViolenzaMilanoFirme2023.json,comuni,Milano E Definiscono Nei Tavoli Di Rete Le Priorita Di Intervento Sul Territorio Cittadino
03_2406_rta_03_240923105244_4166---ProtocolloViolenzaMilanoFirme2023.json,comuni,Milano E Istituzioni
03_2406_rta_03_240923105244_4166---ProtocolloViolenzaMilanoFirme2023.json,comuni,Milano E La Rete Dei Centri E Servizi Antiviolenza Finalizzato A Rafforzare Le Azioni Di
03_2406_rta_03_240923105244_4166---ProtocolloViolenzaMilanoFirme2023.json,comuni,Milano É Capofila
03_2406_rta_03_240923105244_4166---ProtocolloViolenzaMilanoFirme2023.json,comuni,Milano É Impegnato Fin Dal
03_2406_rta_03_240923105244_4166---ProtocolloViolenzaMilanoFirme2023.json,associazioni,Delle Donne Maltrattate Di Milano
03_2406_rta_03_240923105244_4166---ProtocolloViolenzaMilanoFirme2023.json,associazioni,Donna Aiuta Donna Onlus
03_2406_rta_03_240923105244_4166---ProtocolloViolenzaMilanoFirme2023.json,associazioni,Donna Onlus
03_2406_rta_03_240923105244_4166---ProtocolloViolenzaMilanoFirme2023.json,associazioni,Donna Onlus Krmohe A
03_2406_rta_03_240923105244_4166---ProtocolloViolenzaMilanoFirme2023.json,associazioni,Odv
03_2406_rta_03_240923111659_4166---ProtocolloantiviolenzaComunediLodi_scansioneconfirme_maggio2014.json,regioni,Lombardia Per L
03_2406_rta_03_240923111659_4166---ProtocolloantiviolenzaComunediLodi_scansioneconfirme_maggio2014.json,province,Di Lodi
03_2406_rta_03_240923111659_4166---ProtocolloantiviolenzaComunediLodi_scansioneconfirme_maggio2014.json,province,Di Lodi Coordinano
03_2406_rta_03_240923111659_4166---ProtocolloantiviolenzaComunediLodi_scansioneconfirme_maggio2014.json,province,Di Lodi E Ato Pa J Competenza
03_2406_rta_03_240923111659_4166---ProtocolloantiviolenzaComunediLodi_scansioneconfirme_maggio2014.json,province,Di Lodi E Azienda Sanitaria Locale Di Lodi Z
03_2406_rta_03_240923111659_4166---ProtocolloantiviolenzaComunediLodi_scansioneconfirme_maggio2014.json,province,Di Lodi Giuseppe Rossi Azienda Sanitaria Locale Di Lodi Fabio Russo Associazione L
03_2406_rta_03_240923111659_4166---ProtocolloantiviolenzaComunediLodi_scansioneconfirme_maggio2014.json,province,Di Lodi Ha Avviato Dal
03_2406_rta_03_240923111659_4166---ProtocolloantiviolenzaComunediLodi_scansioneconfirme_maggio2014.json,province,Di Lodi Ha Registrato Una Media Di Circa
03_2406_rta_03_240923111659_4166---ProtocolloantiviolenzaComunediLodi_scansioneconfirme_maggio2014.json,province,Di Lodi Nel
03_2406_rta_03_240923111659_4166---ProtocolloantiviolenzaComunediLodi_scansioneconfirme_maggio2014.json,province,Di Lodi Per Costituire Una Rete Territoriale Antiviolenza In Grado Di Offrire Una Prima Risposta Integrata Al Problema Della Violenza Domestica
03_2406_rta_03_240923111659_4166---ProtocolloantiviolenzaComunediLodi_scansioneconfirme_maggio2014.json,province,Di Lodi Per Ricevere Cure Mediche A Seguito Di Danni Fisici Di Dubbia Motivazione - Gli Operatori Dell
03_2406_rta_03_240923111659_4166---ProtocolloantiviolenzaComunediLodi_scansioneconfirme_maggio2014.json,province,Di Lodi Per Ricevere Cure Mediche A Seguito Di Violenza Gli Operatori Attivano La Procedura Interna Sanitaria Prevista In Questi Casi
03_2406_rta_03_240923111659_4166---ProtocolloantiviolenzaComunediLodi_scansioneconfirme_maggio2014.json,province,Di Lodi Realizzano Iniziative Di Sensibilizzazione Sul Tema Del Contrasto Alla Violenza Domestica Rivolti Alla Cittadinanza In Occasione
03_2406_rta_03_240923111659_4166---ProtocolloantiviolenzaComunediLodi_scansioneconfirme_maggio2014.json,province,Per Verificare L
03_2406_rta_03_240923111659_4166---ProtocolloantiviolenzaComunediLodi_scansioneconfirme_maggio2014.json,comuni,Casalpusterlengo
03_2406_rta_03_240923111659_4166---ProtocolloantiviolenzaComunediLodi_scansioneconfirme_maggio2014.json,comuni,Castiglione D'Adda
03_2406_rta_03_240923111659_4166---ProtocolloantiviolenzaComunediLodi_scansioneconfirme_maggio2014.json,comuni,Codogno S
03_2406_rta_03_240923111659_4166---ProtocolloantiviolenzaComunediLodi_scansioneconfirme_maggio2014.json,comuni,Lodi
03_2406_rta_03_240923111659_4166---ProtocolloantiviolenzaComunediLodi_scansioneconfirme_maggio2014.json,comuni,Residenza
03_2406_rta_03_240923111659_4166---ProtocolloantiviolenzaComunediLodi_scansioneconfirme_maggio2014.json,comuni,Sant
03_2406_rta_03_240923111659_4166---ProtocolloantiviolenzaComunediLodi_scansioneconfirme_maggio2014.json,comuni,Territorio Provinciale
03_2406_rta_03_240923111659_4166---ProtocolloantiviolenzaComunediLodi_scansioneconfirme_maggio2014.json,associazioni,Minore Onlus
03_2406_rta_03_240923111659_4166---ProtocolloantiviolenzaComunediLodi_scansioneconfirme_maggio2014.json,associazioni,Minore Onlus Ha Attivato Un Centro Antiviolenza
03_2406_rta_03_240923111659_4166---ProtocolloantiviolenzaComunediLodi_scansioneconfirme_maggio2014.json,associazioni,Onlus
03_2406_rta_03_240923113114_4166---ProtocolloReteAddaMartesanasottoscritto.json,regioni,Lombardia
03_2406_rta_03_240923113114_4166---ProtocolloReteAddaMartesanasottoscritto.json,comuni,Cassano D
03_2406_rta_03_240923113114_4166---ProtocolloReteAddaMartesanasottoscritto.json,comuni,Cernusco S
03_2406_rta_03_240923113114_4166---ProtocolloReteAddaMartesanasottoscritto.json,comuni,Melzo
03_2406_rta_03_240923113114_4166---ProtocolloReteAddaMartesanasottoscritto.json,comuni,Milano Con La Convenzione
03_2406_rta_03_240923113114_4166---ProtocolloReteAddaMartesanasottoscritto.json,comuni,Trezzo Sull
03_2406_rta_03_240923113114_4166---ProtocolloReteAddaMartesanasottoscritto.json,comuni,Zo Presidente Assemblea Dei Sindaci Ambito T
03_2406_rta_03_240923113114_4166---ProtocolloReteAddaMartesanasottoscritto.json,associazioni,Blimunde
03_2406_rta_03_240923113114_4166---ProtocolloReteAddaMartesanasottoscritto.json,associazioni,Blinunde
03_2406_rta_03_240923113114_4166---ProtocolloReteAddaMartesanasottoscritto.json,associazioni,Di Trezzo Sull
03_2406_rta_03_240923113114_4166---ProtocolloReteAddaMartesanasottoscritto.json,associazioni,Mariposa
03_2406_rta_03_240923113114_4166---ProtocolloReteAddaMartesanasottoscritto.json,associazioni,Passo
03_2406_rta_03_240923113114_4166---ProtocolloReteAddaMartesanasottoscritto.json,associazioni,Politici Economici E Sociali
03_2406_rta_03_240923113114_4166---ProtocolloReteAddaMartesanasottoscritto.json,associazioni,Si Impegna A
03_2406_rta_03_240923113114_4166---ProtocolloReteAddaMartesanasottoscritto.json,associazioni,Theao
03_2406_rta_03_240923113114_4166---ProtocolloReteAddaMartesanasottoscritto.json,associazioni,Utilizzera Il Linguaggio E La Pratica Teatrale Come Strumento Pedagogico Ed Educativo
03_2406_rta_03_240923113114_4166---ProtocolloReteAddaMartesanasottoscritto.json,consorzi,Cs
03_2406_rta_03_240923113114_4166---ProtocolloReteAddaMartesanasottoscritto.json,consorzi,Sociale Strad Comunale Per Basia Af A
03_2406_rta_03_240923114012_4166---23-9-2024ProtocolloReteRita_signed_signed_signedDEF_signed_signed-signed_signed(1).json,regioni,Lombardia E Partecipare Ai Tavoli Regionali Per Il Confronto Con Le Altre Reti Unitamente A Eventuale Partecipazione Del Referente Politico E
03_2406_rta_03_240923114012_4166---23-9-2024ProtocolloReteRita_signed_signed_signedDEF_signed_signed-signed_signed(1).json,regioni,Lombardia Ha Definito Un Modello Di Governance Basato Sull
03_2406_rta_03_240923114012_4166---23-9-2024ProtocolloReteRita_signed_signed_signedDEF_signed_signed-signed_signed(1).json,regioni,Lombardia Intende Altresi Sostenere Le Attivita Di Istituzioni
03_2406_rta_03_240923114012_4166---23-9-2024ProtocolloReteRita_signed_signed_signedDEF_signed_signed-signed_signed(1).json,regioni,Lombardia Nell'Ambito Del Piano Regionale Quadriennale Antiviolenza
03_2406_rta_03_240923114012_4166---23-9-2024ProtocolloReteRita_signed_signed_signedDEF_signed_signed-signed_signed(1).json,regioni,Lombardia Presiedere E Coordinare La Rete Territoriale Istituzionale Antiviolenza Dell
03_2406_rta_03_240923114012_4166---23-9-2024ProtocolloReteRita_signed_signed_signedDEF_signed_signed-signed_signed(1).json,province,Di Bergamo
03_2406_rta_03_240923114012_4166---23-9-2024ProtocolloReteRita_signed_signed_signedDEF_signed_signed-signed_signed(1).json,province,Di Bergamo Assume Un Ruolo Attivo Nella Divulgazione Delle Azioni Promosse Dalla Rete Interistituzionale
03_2406_rta_03_240923114012_4166---23-9-2024ProtocolloReteRita_signed_signed_signedDEF_signed_signed-signed_signed(1).json,province,Di Bergamo Ente Capofila
03_2406_rta_03_240923114012_4166---23-9-2024ProtocolloReteRita_signed_signed_signedDEF_signed_signed-signed_signed(1).json,province,Di Bergamo Fisascat Cisl Fondazione Angelo Custode Associazione Ledha
03_2406_rta_03_240923114012_4166---23-9-2024ProtocolloReteRita_signed_signed_signedDEF_signed_signed-signed_signed(1).json,province,Di Bergamo Il Presidente Pasquale Gandolfi Questura Di Bergamo Il Questore Andrea Valentino Tribunale Ordinario Di Bergamo Il Presidente Cesare De Sapia Procura Della Repubblica Presso Il Tribunale Ordinario Di Bergamo La Procuratrice Della Repubblica Aggiunta Maria Cristina Rota Tribunale Per I Minorenni Di Brescia La Presidente Cristina Maggia Procura Della Repubblica Presso Il Tribunale Per I Minorenni Di Brescia La Procuratrice Della Repubblica Giuliana Tondina Associazione
03_2406_rta_03_240923114012_4166---23-9-2024ProtocolloReteRita_signed_signed_signedDEF_signed_signed-signed_signed(1).json,province,Di Bergamo Organizzazioni Sindacali
03_2406_rta_03_240923114012_4166---23-9-2024ProtocolloReteRita_signed_signed_signedDEF_signed_signed-signed_signed(1).json,province,Di Bergamo Promuovere La Diffusione Delle Iniziative Di Rete E Di Sensibilizzazione Sul Fenomeno Nelle Imprese E Sui Lavoratori Del Terziario
03_2406_rta_03_240923114012_4166---23-9-2024ProtocolloReteRita_signed_signed_signedDEF_signed_signed-signed_signed(1).json,province,Di Bergamo Sostenere Gli Interventi A Favore Delle Donne Vittime Di Violenza Nei Posti Di Lavoro Per Garantire Una Tutela Integrata
03_2406_rta_03_240923114012_4166---23-9-2024ProtocolloReteRita_signed_signed_signedDEF_signed_signed-signed_signed(1).json,province,Miriam Bergamo Avvocato Gamo
03_2406_rta_03_240923114012_4166---23-9-2024ProtocolloReteRita_signed_signed_signedDEF_signed_signed-signed_signed(1).json,comuni,Albino
03_2406_rta_03_240923114012_4166---23-9-2024ProtocolloReteRita_signed_signed_signedDEF_signed_signed-signed_signed(1).json,comuni,Seriate - Ente Capofila Svolgere Il Ruolo Di Capofila Della Rete Territoriale Interistituzionale Antiviolenza Ed Assumere La Responsabilita Della Gestione Degli Aspetti Amministrativi E Legali E Dei Rapporti Con Regione Lombardia Presiedere E Coordinare La Rete Territoriale Istituzionale Antiviolenza Dell
03_2406_rta_03_240923114012_4166---23-9-2024ProtocolloReteRita_signed_signed_signedDEF_signed_signed-signed_signed(1).json,associazioni,Di Loto
03_2406_rta_03_240923114012_4166---23-9-2024ProtocolloReteRita_signed_signed_signedDEF_signed_signed-signed_signed(1).json,associazioni,Fior Di
03_2406_rta_03_240923114012_4166---23-9-2024ProtocolloReteRita_signed_signed_signedDEF_signed_signed-signed_signed(1).json,associazioni,Ledha
03_2406_rta_03_240923114012_4166---23-9-2024ProtocolloReteRita_signed_signed_signedDEF_signed_signed-signed_signed(1).json,associazioni,Svolta
03_2406_rta_03_240923114012_4166---23-9-2024ProtocolloReteRita_signed_signed_signedDEF_signed_signed-signed_signed(1).json,consorzi,Famiglie E Accoglienza Fa
03_2406_rta_03_240923163715_4166---PROTOCOLLOD'INTESA2017_2020.json,regioni,Garantiscono Attivita Di Raccolta E Analisi Dei Dati E Di Informazioni Relative Al Fenomeno Della Violenza
03_2406_rta_03_240923163715_4166---PROTOCOLLOD'INTESA2017_2020.json,regioni,Lombardia
03_2406_rta_03_240923163715_4166---PROTOCOLLOD'INTESA2017_2020.json,province,Di Varese
03_2406_rta_03_240923163715_4166---PROTOCOLLOD'INTESA2017_2020.json,province,Di Varese Lido Tes Ufficio Scolastico Territoriale Di Varese
03_2406_rta_03_240923163715_4166---PROTOCOLLOD'INTESA2017_2020.json,province,Sostenere L
03_2406_rta_03_240923163715_4166---PROTOCOLLOD'INTESA2017_2020.json,comuni,Marnate
03_2406_rta_03_240923163715_4166---PROTOCOLLOD'INTESA2017_2020.json,comuni,Varese
03_2406_rta_03_240923163715_4166---PROTOCOLLOD'INTESA2017_2020.json,associazioni,Eos
03_2406_rta_03_240923163715_4166---PROTOCOLLOD'INTESA2017_2020.json,associazioni,Fragile
03_2406_rta_03_240923163715_4166---PROTOCOLLOD'INTESA2017_2020.json,associazioni,Icore
03_2406_rta_03_240923163715_4166---PROTOCOLLOD'INTESA2017_2020.json,associazioni,La Persona
03_2406_rta_03_240923163715_4166---PROTOCOLLOD'INTESA2017_2020.json,associazioni,Sicura
"03_2406_rta_03_240923164603_4166---ProtocolloreteantiviolenzaBusto,Gallarate,Saronno,SommaLombardo-2024.json",regioni,Ha Promosso La Nascita Di Reti Territoriali Interistituzionali Antiviolenza Coordinate Da Un Ente Locale Capofila E Composte Da Altri Enti Locali E Istituzioni Del Territorio
"03_2406_rta_03_240923164603_4166---ProtocolloreteantiviolenzaBusto,Gallarate,Saronno,SommaLombardo-2024.json",regioni,Lombardia Alle Rete Territoriali Interistituzionali Antiviolenza Di Cui Il Comune Di Busto Arsizio É Capofila
"03_2406_rta_03_240923164603_4166---ProtocolloreteantiviolenzaBusto,Gallarate,Saronno,SommaLombardo-2024.json",regioni,Lombardia Aventi Valenza Economica E Operativa
"03_2406_rta_03_240923164603_4166---ProtocolloreteantiviolenzaBusto,Gallarate,Saronno,SommaLombardo-2024.json",regioni,Lombardia Della Rete Di Indirizzo E La Possibilita Data Di Definire Singoli Protocolli Operativi Territoriali
"03_2406_rta_03_240923164603_4166---ProtocolloreteantiviolenzaBusto,Gallarate,Saronno,SommaLombardo-2024.json",regioni,Lombardia Ha Avviato
"03_2406_rta_03_240923164603_4166---ProtocolloreteantiviolenzaBusto,Gallarate,Saronno,SommaLombardo-2024.json",regioni,Lombardia Ha Realizzato Una Serie Di Interventi Finalizzati A
"03_2406_rta_03_240923164603_4166---ProtocolloreteantiviolenzaBusto,Gallarate,Saronno,SommaLombardo-2024.json",province,Di Varese
"03_2406_rta_03_240923164603_4166---ProtocolloreteantiviolenzaBusto,Gallarate,Saronno,SommaLombardo-2024.json",province,Di Varese Allo Scopo Di Garantire Il Libero Accesso Ai Servizi Antiviolenza Delle Donne Presenti
"03_2406_rta_03_240923164603_4166---ProtocolloreteantiviolenzaBusto,Gallarate,Saronno,SommaLombardo-2024.json",province,Di Varese Dell
"03_2406_rta_03_240923164603_4166---ProtocolloreteantiviolenzaBusto,Gallarate,Saronno,SommaLombardo-2024.json",province,E Della Magistratura
"03_2406_rta_03_240923164603_4166---ProtocolloreteantiviolenzaBusto,Gallarate,Saronno,SommaLombardo-2024.json",comuni,Busto Arsizio In Qualita Di Ente Capofila Della Rete E Dell
"03_2406_rta_03_240923164603_4166---ProtocolloreteantiviolenzaBusto,Gallarate,Saronno,SommaLombardo-2024.json",comuni,Busto Arsizio Nelle Sezione Amministrazione Trasparente Dal
"03_2406_rta_03_240923164603_4166---ProtocolloreteantiviolenzaBusto,Gallarate,Saronno,SommaLombardo-2024.json",comuni,Busto Arsizio Risulta Essere Capofila Di Una Delle
"03_2406_rta_03_240923164603_4166---ProtocolloreteantiviolenzaBusto,Gallarate,Saronno,SommaLombardo-2024.json",comuni,Busto Arsizio É Capofila
"03_2406_rta_03_240923164603_4166---ProtocolloreteantiviolenzaBusto,Gallarate,Saronno,SommaLombardo-2024.json",comuni,Gallarate
"03_2406_rta_03_240923164603_4166---ProtocolloreteantiviolenzaBusto,Gallarate,Saronno,SommaLombardo-2024.json",comuni,Saronno
"03_2406_rta_03_240923164603_4166---ProtocolloreteantiviolenzaBusto,Gallarate,Saronno,SommaLombardo-2024.json",comuni,Somma Lombardo
"03_2406_rta_03_240923164603_4166---ProtocolloreteantiviolenzaBusto,Gallarate,Saronno,SommaLombardo-2024.json",comuni,Territorio Della Provincia Di Varese Dell
03_2406_rta_03_240923165401_4166---PROTOCOLLODIrete2020-2023_rev2confirmescan.json,regioni,Lombardia
03_2406_rta_03_240923165401_4166---PROTOCOLLODIrete2020-2023_rev2confirmescan.json,province,Di Brescia Hanno Sottoscritto Con Ex Asl Di Brescia Un Protocollo Per L'Accoglienza E La Presa In Carico Delle Donne Vittime Di Violenza
03_2406_rta_03_240923165401_4166---PROTOCOLLODIrete2020-2023_rev2confirmescan.json,province,Di Brescia I
03_2406_rta_03_240923165401_4166---PROTOCOLLODIrete2020-2023_rev2confirmescan.json,comuni,Desenzano De
03_2406_rta_03_240923165401_4166---PROTOCOLLODIrete2020-2023_rev2confirmescan.json,associazioni,Comuni Italiani A
03_2406_rta_03_240923165401_4166---PROTOCOLLODIrete2020-2023_rev2confirmescan.json,associazioni,Donna A Donna Di Salo
03_2406_rta_03_240923165401_4166---PROTOCOLLODIrete2020-2023_rev2confirmescan.json,associazioni,Donne In Rete Contro La Violenza D
03_2406_rta_03_240923165401_4166---PROTOCOLLODIrete2020-2023_rev2confirmescan.json,associazioni,Iniziative Informative
03_2406_rta_03_240923165401_4166---PROTOCOLLODIrete2020-2023_rev2confirmescan.json,associazioni,Le Eventuali Progettazionl Di
03_2406_rta_03_240923165401_4166---PROTOCOLLODIrete2020-2023_rev2confirmescan.json,associazioni,Oltre Onlus D
03_2406_rta_03_240923165401_4166---PROTOCOLLODIrete2020-2023_rev2confirmescan.json,associazioni,Onlus Di Desenzano Del Garda
03_2406_rta_03_240923171949_4166---PROTOCOLLOD'INTESARETETERRITORIALEANTIVIOLENZAVALLETROMPIA2024.json,regioni,Lombardia
03_2406_rta_03_240923171949_4166---PROTOCOLLOD'INTESARETETERRITORIALEANTIVIOLENZAVALLETROMPIA2024.json,province,Di Brescia Civitas Casa Rifugio Il Vaso Di Pandora Istituto Palazzolo Suore Delle Poverelle Prefettura Di Brescia Cooperativa Il Mosaico Organizzazioni Sindacali Cgil-Cisl-Uil Protocollo D
03_2406_rta_03_240923171949_4166---PROTOCOLLOD'INTESARETETERRITORIALEANTIVIOLENZAVALLETROMPIA2024.json,province,Di Brescia Cooperativa Il Mosaico Protocollo D
03_2406_rta_03_240923171949_4166---PROTOCOLLOD'INTESARETETERRITORIALEANTIVIOLENZAVALLETROMPIA2024.json,province,Di Brescia Hanno Sottoscritto Con L
03_2406_rta_03_240923171949_4166---PROTOCOLLOD'INTESARETETERRITORIALEANTIVIOLENZAVALLETROMPIA2024.json,province,Di Brescia Promuove Attivita Di Conoscenza E Di Informazione
03_2406_rta_03_240923171949_4166---PROTOCOLLOD'INTESARETETERRITORIALEANTIVIOLENZAVALLETROMPIA2024.json,associazioni,Centro Italiano Femminile
03_2406_rta_03_240923171949_4166---PROTOCOLLOD'INTESARETETERRITORIALEANTIVIOLENZAVALLETROMPIA2024.json,associazioni,Cerchio Degli Uomini
03_2406_rta_03_240923171949_4166---PROTOCOLLOD'INTESARETETERRITORIALEANTIVIOLENZAVALLETROMPIA2024.json,associazioni,Collabora Nella Diffusione Di Iniziative Informative E Di Sensibilizzazione
03_2406_rta_03_240923171949_4166---PROTOCOLLOD'INTESARETETERRITORIALEANTIVIOLENZAVALLETROMPIA2024.json,associazioni,Comuni
03_2406_rta_03_240923171949_4166---PROTOCOLLOD'INTESARETETERRITORIALEANTIVIOLENZAVALLETROMPIA2024.json,associazioni,Consorzio Di Cooperative Sociali Valli
03_2406_rta_03_240923171949_4166---PROTOCOLLOD'INTESARETETERRITORIALEANTIVIOLENZAVALLETROMPIA2024.json,associazioni,Delle Donne Brescia
03_2406_rta_03_240923171949_4166---PROTOCOLLOD'INTESARETETERRITORIALEANTIVIOLENZAVALLETROMPIA2024.json,associazioni,Donne In Rete Contro La Violenza D
03_2406_rta_03_240923171949_4166---PROTOCOLLOD'INTESARETETERRITORIALEANTIVIOLENZAVALLETROMPIA2024.json,associazioni,Promuove E Partecipa Alle Azioni Di Sensibilizzazione
03_2406_rta_03_240923171949_4166---PROTOCOLLOD'INTESARETETERRITORIALEANTIVIOLENZAVALLETROMPIA2024.json,associazioni,Terre Unite
03_2406_rta_03_240923171949_4166---PROTOCOLLOD'INTESARETETERRITORIALEANTIVIOLENZAVALLETROMPIA2024.json,associazioni,Ufficio Scolastico Territoriale Brescia
03_2406_rta_03_240923171949_4166---PROTOCOLLOD'INTESARETETERRITORIALEANTIVIOLENZAVALLETROMPIA2024.json,consorzi,Cooperative Sociali Solco Protocollo D
03_2406_rta_03_240923171949_4166---PROTOCOLLOD'INTESARETETERRITORIALEANTIVIOLENZAVALLETROMPIA2024.json,consorzi,Di Cooperative Sociali Valli Cooperativa Sociale Fraternita
03_2406_rta_03_240924144947_4166---Protocollod'IntesaReteAntiviolenzaIsolaBergamascaeBassaValSanMartino2024.json,regioni,Lombardia
03_2406_rta_03_240924144947_4166---Protocollod'IntesaReteAntiviolenzaIsolaBergamascaeBassaValSanMartino2024.json,province,Di Bergamo - Asst Bergamo Ovest Di Treviglio -
03_2406_rta_03_240924144947_4166---Protocollod'IntesaReteAntiviolenzaIsolaBergamascaeBassaValSanMartino2024.json,province,Di Bergamo - Consigliera Di Parita Della Provincia Di Bergamo - Asst Bergamo Ovest Di Treviglio - Ambito Territoriale Isola Bergamasca E Bassa Val San Martino - Azienda Isola -
03_2406_rta_03_240924144947_4166---Protocollod'IntesaReteAntiviolenzaIsolaBergamascaeBassaValSanMartino2024.json,province,Di Bergamo - Maggio
03_2406_rta_03_240924144947_4166---Protocollod'IntesaReteAntiviolenzaIsolaBergamascaeBassaValSanMartino2024.json,province,Di Bergamo Consigliera Di Parita Della Provincia Di Bergamo Si Impegna A
03_2406_rta_03_240924144947_4166---Protocollod'IntesaReteAntiviolenzaIsolaBergamascaeBassaValSanMartino2024.json,province,Di Bergamo Consigliera Effettiva Di Parita Della Provincia Di Bergamo A
03_2406_rta_03_240924144947_4166---Protocollod'IntesaReteAntiviolenzaIsolaBergamascaeBassaValSanMartino2024.json,province,Di Bergamo Per Donne Con O Senza Figli Offrire Progettualita In Pronta Accoglienza
03_2406_rta_03_240924144947_4166---Protocollod'IntesaReteAntiviolenzaIsolaBergamascaeBassaValSanMartino2024.json,province,Di Bergamo Protocollo D
03_2406_rta_03_240924144947_4166---Protocollod'IntesaReteAntiviolenzaIsolaBergamascaeBassaValSanMartino2024.json,province,Di Bergamo Provincia Di Bergamo Assume Un Ruolo Attivo Nella Divulgazione Delle Azioni Promosse Dalla Rete Interistituzionale
03_2406_rta_03_240924144947_4166---Protocollod'IntesaReteAntiviolenzaIsolaBergamascaeBassaValSanMartino2024.json,comuni,Terno
03_2406_rta_03_240924144947_4166---Protocollod'IntesaReteAntiviolenzaIsolaBergamascaeBassaValSanMartino2024.json,comuni,Una Formazione Continua
03_2406_rta_03_240924144947_4166---Protocollod'IntesaReteAntiviolenzaIsolaBergamascaeBassaValSanMartino2024.json,associazioni,Donna
03_2406_rta_03_240924144947_4166---Protocollod'IntesaReteAntiviolenzaIsolaBergamascaeBassaValSanMartino2024.json,associazioni,Ed Assistenza
03_2406_rta_03_240924144947_4166---Protocollod'IntesaReteAntiviolenzaIsolaBergamascaeBassaValSanMartino2024.json,associazioni,Operatrici
03_2406_rta_03_240924144947_4166---Protocollod'IntesaReteAntiviolenzaIsolaBergamascaeBassaValSanMartino2024.json,associazioni,Svolta
03_2406_rta_03_240925144919_4166---RETEDICOMO-PROTOCOLLOINTERIST.17novembre2023(1).json,regioni,Lombardia Per
03_2406_rta_03_240925144919_4166---RETEDICOMO-PROTOCOLLOINTERIST.17novembre2023(1).json,province,Di Como
03_2406_rta_03_240925144919_4166---RETEDICOMO-PROTOCOLLOINTERIST.17novembre2023(1).json,province,Di Como -
03_2406_rta_03_240925144919_4166---RETEDICOMO-PROTOCOLLOINTERIST.17novembre2023(1).json,province,Di Como Consultorio Familiare Icarus - Fondazione Somaschi Onlus Fondazione Don Silvano Caccia Onlus Inps Istituto Nazionale Della Previdenza Sociale Di Como L
03_2406_rta_03_240925144919_4166---RETEDICOMO-PROTOCOLLOINTERIST.17novembre2023(1).json,province,Dicomo
03_2406_rta_03_240925144919_4166---RETEDICOMO-PROTOCOLLOINTERIST.17novembre2023(1).json,comuni,Como
03_2406_rta_03_240925144919_4166---RETEDICOMO-PROTOCOLLOINTERIST.17novembre2023(1).json,associazioni,Di Como
03_2406_rta_03_240925144919_4166---RETEDICOMO-PROTOCOLLOINTERIST.17novembre2023(1).json,associazioni,Donna Como Odv
03_2406_rta_03_240925144919_4166---RETEDICOMO-PROTOCOLLOINTERIST.17novembre2023(1).json,associazioni,Donna Odv
03_2406_rta_03_240925144919_4166---RETEDICOMO-PROTOCOLLOINTERIST.17novembre2023(1).json,associazioni,E Associazione Inframente
03_2406_rta_03_240925144919_4166---RETEDICOMO-PROTOCOLLOINTERIST.17novembre2023(1).json,associazioni,Familiarmentenoi Ets
03_2406_rta_03_240925144919_4166---RETEDICOMO-PROTOCOLLOINTERIST.17novembre2023(1).json,associazioni,Giuriste
03_2406_rta_03_240925144919_4166---RETEDICOMO-PROTOCOLLOINTERIST.17novembre2023(1).json,associazioni,Giuriste Di Como
03_2406_rta_03_240925144919_4166---RETEDICOMO-PROTOCOLLOINTERIST.17novembre2023(1).json,consorzi,Erba
03_2406_rta_03_240925144919_4166---RETEDICOMO-PROTOCOLLOINTERIST.17novembre2023(1).json,consorzi,Olgiate Comasco
03_2406_rta_03_240925144919_4166---RETEDICOMO-PROTOCOLLOINTERIST.17novembre2023(1).json,consorzi,Piano Di
03_2406_rta_03_240925144919_4166---RETEDICOMO-PROTOCOLLOINTERIST.17novembre2023(1).json,consorzi,Servizi Sociali Dell
03_2406_rta_03_240925150245_4166---ProtocolloReteARIAPalazzolo.json,regioni,Hehiamata El Pradetio Piao Regionale
03_2406_rta_03_240925150245_4166---ProtocolloReteARIAPalazzolo.json,regioni,Lombardia
03_2406_rta_03_240925150245_4166---ProtocolloReteARIAPalazzolo.json,comuni,Palazzolo Sull
03_2406_rta_03_240925150245_4166---ProtocolloReteARIAPalazzolo.json,associazioni,Alla Rete Tertitoriale Promuovendo Azioni Di
03_2406_rta_03_240925150245_4166---ProtocolloReteARIAPalazzolo.json,associazioni,Betel
03_2406_rta_03_240925150245_4166---ProtocolloReteARIAPalazzolo.json,associazioni,Beti
03_2406_rta_03_240925150245_4166---ProtocolloReteARIAPalazzolo.json,associazioni,Cerchio Degli Uomini
03_2406_rta_03_240925150245_4166---ProtocolloReteARIAPalazzolo.json,associazioni,Club Aps
03_2406_rta_03_240925150245_4166---ProtocolloReteARIAPalazzolo.json,associazioni,Club Aps Di Palazzolo
03_2406_rta_03_240925150245_4166---ProtocolloReteARIAPalazzolo.json,associazioni,Di Daphne Di Iseo
03_2406_rta_03_240925150245_4166---ProtocolloReteARIAPalazzolo.json,associazioni,Impegna A
03_2406_rta_03_240925150245_4166---ProtocolloReteARIAPalazzolo.json,associazioni,Missione Onlus
03_2406_rta_03_240925150245_4166---ProtocolloReteARIAPalazzolo.json,associazioni,Unite Casa Rifugio Casa Di Daphne
03_2406_rta_03_240925150245_4166---ProtocolloReteARIAPalazzolo.json,associazioni,Unite Di Passirano
03_2406_rta_03_240926114940_4166---ProtocollodiintesaeAllegatoTecnico_SOTTOSCRITTO.json,province,Bd
03_2406_rta_03_240926114940_4166---ProtocollodiintesaeAllegatoTecnico_SOTTOSCRITTO.json,province,Bi Bergamo Allegato Tecnico Linee Guida Premessa In Attesa Che If Piano Regionale Quadriennale Previsto Dall
03_2406_rta_03_240926114940_4166---ProtocollodiintesaeAllegatoTecnico_SOTTOSCRITTO.json,province,Concorre Alla Programmazione Regionale
03_2406_rta_03_240926114940_4166---ProtocollodiintesaeAllegatoTecnico_SOTTOSCRITTO.json,province,De Bergamo
03_2406_rta_03_240926114940_4166---ProtocollodiintesaeAllegatoTecnico_SOTTOSCRITTO.json,province,De Bergamo U
03_2406_rta_03_240926114940_4166---ProtocollodiintesaeAllegatoTecnico_SOTTOSCRITTO.json,province,Df Bergamo Per Quanto Riguarda La Programmazione
03_2406_rta_03_240926114940_4166---ProtocollodiintesaeAllegatoTecnico_SOTTOSCRITTO.json,province,Di Berg Aac Nel
03_2406_rta_03_240926114940_4166---ProtocollodiintesaeAllegatoTecnico_SOTTOSCRITTO.json,province,Di Berg Ame Art
03_2406_rta_03_240926114940_4166---ProtocollodiintesaeAllegatoTecnico_SOTTOSCRITTO.json,province,Di Bergamey D
03_2406_rta_03_240926114940_4166---ProtocollodiintesaeAllegatoTecnico_SOTTOSCRITTO.json,province,Di Bergamg
03_2406_rta_03_240926114940_4166---ProtocollodiintesaeAllegatoTecnico_SOTTOSCRITTO.json,province,Di Bergamo
03_2406_rta_03_240926114940_4166---ProtocollodiintesaeAllegatoTecnico_SOTTOSCRITTO.json,province,Di Bergamo Asl Di Bergamo Azienda Osp
03_2406_rta_03_240926114940_4166---ProtocollodiintesaeAllegatoTecnico_SOTTOSCRITTO.json,province,Di Bergamo La Provincia Assume Un Ruolo Fondamentale In Merito Alla Divulgazione
03_2406_rta_03_240926114940_4166---ProtocollodiintesaeAllegatoTecnico_SOTTOSCRITTO.json,province,Di Bergamo Un Gruppo Di Lavoro Interistituzionale Contro La Violenza Sulle Donne
03_2406_rta_03_240926114940_4166---ProtocollodiintesaeAllegatoTecnico_SOTTOSCRITTO.json,province,Dl Bergamo Imiziative In Merito Ai Temi Del Maltrattamento Alle Donne
03_2406_rta_03_240926114940_4166---ProtocollodiintesaeAllegatoTecnico_SOTTOSCRITTO.json,province,Dt Bergamo
03_2406_rta_03_240926114940_4166---ProtocollodiintesaeAllegatoTecnico_SOTTOSCRITTO.json,province,Dt Bergamo Informazione
03_2406_rta_03_240926114940_4166---ProtocollodiintesaeAllegatoTecnico_SOTTOSCRITTO.json,comuni,Treviglio
03_2406_rta_03_240926114940_4166---ProtocollodiintesaeAllegatoTecnico_SOTTOSCRITTO.json,comuni,Una Formazione Continua
03_2406_rta_03_240926122051_4166---Protocollomonz.json,regioni,Lombardia
03_2406_rta_03_240926122051_4166---Protocollomonz.json,province,Di Monza E Brianza E Dalla Rete Artemide
03_2406_rta_03_240926122051_4166---Protocollomonz.json,province,Di Monza E Brianza L
03_2406_rta_03_240926122051_4166---Protocollomonz.json,province,Di Monza E Brianza Organizzazioni Sindacali
03_2406_rta_03_240926122051_4166---Protocollomonz.json,province,Di Monza E Brianza Prefettura - Ufficio Territoriale Del Governo Di Monza E Della Brianza
03_2406_rta_03_240926122051_4166---Protocollomonz.json,province,Di Monza E Della Brianza
03_2406_rta_03_240926122051_4166---Protocollomonz.json,province,Di Monza E Della Brianza Agenzia Per La Formazione
03_2406_rta_03_240926122051_4166---Protocollomonz.json,province,Di Monza E Della Brianza Consigliera Di Parita
03_2406_rta_03_240926122051_4166---Protocollomonz.json,province,Di Monza E Della Brianza Croce Rossa Italiana - Comitato Di Monza Fondazione Irccs San Gerardo Dei Tintori - Monza Istituto Di Ricerca E Cura A Carattere Scientifico Guardia Di Finanza - Comando Provinciale Istituti Clinic
03_2406_rta_03_240926122051_4166---Protocollomonz.json,province,Di Monza E Della Brianza Impegnati A Contrastare La Violenza Sulle Donne E Con La Firma Di Tale Protocollo É Stata Costituita La Rete Interistituzionale Artemide A Sostegno Delle Donne Vittime Di Maltrattamento
03_2406_rta_03_240926122051_4166---Protocollomonz.json,province,Di Monza E Della Brianza La Consigliera Di Parita
03_2406_rta_03_240926122051_4166---Protocollomonz.json,province,Di Monza E Della Brianza La Provincia Si Impegna A
03_2406_rta_03_240926122051_4166---Protocollomonz.json,province,Di Monza E Della Brianza Questura Di Monza- Polizia Di Stato Con La Sottoscrizione Del Presente Protocollo Si Impegnano Come Segue
03_2406_rta_03_240926122051_4166---Protocollomonz.json,province,Di Monza E Della Brianza Si Impegnano A
03_2406_rta_03_240926122051_4166---Protocollomonz.json,province,Di Monza E Della Brianza Sul Tema Del Contrasto Della Violenza Di Genere
03_2406_rta_03_240926122051_4166---Protocollomonz.json,comuni,Brugherio
03_2406_rta_03_240926122051_4166---Protocollomonz.json,comuni,Monza Agenzia Di Tutela Della Salute
03_2406_rta_03_240926122051_4166---Protocollomonz.json,comuni,Monza Ambito Territoriale Di Seregno Ambito Territoriale Di Vimercate Associazione Mittatron - Centro Antiviolenza Associazione Telefono Donna - Centro Antiviolenza Associazione White Mathilda - Centro Antiviolenza Azienda Socio Sanitaria Territoriale
03_2406_rta_03_240926122051_4166---Protocollomonz.json,comuni,Monza Garantisce Che Il Trattamento Dei Suoi Dati Personali Si Svolge Nel Rispetto Dei Diritti E Delle Liberta
03_2406_rta_03_240926122051_4166---Protocollomonz.json,comuni,Monza Ha Nominato
03_2406_rta_03_240926122051_4166---Protocollomonz.json,comuni,Monza Introduzione La Violenza Degli Uomini Sulle Donne
03_2406_rta_03_240926122051_4166---Protocollomonz.json,comuni,Monza Nello Specifico La Cabina Di Regia Esercita Le Seguenti Funzioni
03_2406_rta_03_240926122051_4166---Protocollomonz.json,comuni,Monza Premessa La Strada Da Percorrere Per Arrivare Alla Parita Di Genere - Lo Sappiamo - É Ancora Lunga
03_2406_rta_03_240926122051_4166---Protocollomonz.json,comuni,Monza Protocollo D
03_2406_rta_03_240926122051_4166---Protocollomonz.json,comuni,Monza Tratta I Dati Personali Da Lei Forniti E Liberamente Comunicati
03_2406_rta_03_240926122051_4166---Protocollomonz.json,comuni,N Monza
03_2406_rta_03_240926122051_4166---Protocollomonz.json,comuni,Os
03_2406_rta_03_240926122051_4166---Protocollomonz.json,comuni,Villasanta
03_2406_rta_03_240926122051_4166---Protocollomonz.json,associazioni,Donna
03_2406_rta_03_240926122051_4166---Protocollomonz.json,associazioni,Mathilda
03_2406_rta_03_240926122051_4166---Protocollomonz.json,associazioni,Mittatron
03_2406_rta_03_240926122707_4166---ProtocolloReteAntiviolenzaconfirme.json,regioni,Lombardia Con La Legge Regionale Lombardia
03_2406_rta_03_240926122707_4166---ProtocolloReteAntiviolenzaconfirme.json,regioni,Lombardia Il Progetto
03_2406_rta_03_240926122707_4166---ProtocolloReteAntiviolenzaconfirme.json,regioni,Lombardia Un Accordo Di Collaborazione Ai Sensi Della D
03_2406_rta_03_240926122707_4166---ProtocolloReteAntiviolenzaconfirme.json,comuni,Corsico In Qualita Di Ente Capofila Del Ppano Di Zona Del Distretto
03_2406_rta_03_240926122707_4166---ProtocolloReteAntiviolenzaconfirme.json,comuni,Pieve Emanuele In Qualita Di Ente Capofila Del Piano Di Zona Del
03_2406_rta_03_240926122707_4166---ProtocolloReteAntiviolenzaconfirme.json,comuni,Rozzano
03_2406_rta_03_240926122707_4166---ProtocolloReteAntiviolenzaconfirme.json,associazioni,Di Arianna
03_2406_rta_03_240926122707_4166---ProtocolloReteAntiviolenzaconfirme.json,associazioni,Di Arianna Ed
03_2406_rta_03_240926122707_4166---ProtocolloReteAntiviolenzaconfirme.json,associazioni,Di Corsico
03_2406_rta_03_240926122707_4166---ProtocolloReteAntiviolenzaconfirme.json,associazioni,Di Ms
03_2406_rta_03_240926122707_4166---ProtocolloReteAntiviolenzaconfirme.json,associazioni,Donne Trezzano Sul Naviglio Onlus
03_2406_rta_03_240926122707_4166---ProtocolloReteAntiviolenzaconfirme.json,associazioni,Ed
03_2406_rta_03_240926122707_4166---ProtocolloReteAntiviolenzaconfirme.json,associazioni,Filo Di Arianna Di Rozzano
03_2406_rta_03_240926122707_4166---ProtocolloReteAntiviolenzaconfirme.json,associazioni,Insieme Contro La
03_2406_rta_03_240926122707_4166---ProtocolloReteAntiviolenzaconfirme.json,associazioni,Insieme Contro La Violenza
03_2406_rta_03_240926122707_4166---ProtocolloReteAntiviolenzaconfirme.json,associazioni,Nazionale D
03_2406_rta_03_240926123135_4166---ProtocollodiRete.json,regioni,Lombardia Ha Ritenuto Meritevole Di Approvazione Il Progetto Sperimentale Per Il Contrasto Al Fenomeno Della Violenza Sulle Donne Presentato Dal Comune Di Darfo Boario Terme
03_2406_rta_03_240926123135_4166---ProtocollodiRete.json,province,Che Dal
03_2406_rta_03_240926123135_4166---ProtocollodiRete.json,comuni,Darfo Boario Terme
03_2406_rta_03_240926123135_4166---ProtocollodiRete.json,associazioni,Comuni
03_2406_rta_03_240926123135_4166---ProtocollodiRete.json,associazioni,Delle Donne Di Brescia
03_2406_rta_03_240926123135_4166---ProtocollodiRete.json,associazioni,Donne In Rete Contro La Violenza D
03_2406_rta_03_240926123135_4166---ProtocollodiRete.json,associazioni,Ed Assistenza
03_2406_rta_03_240926124415_4166---PROTOCOLLODIrete2020-2023_rev2confirmescan(1).json,regioni,Lombardia
03_2406_rta_03_240926124415_4166---PROTOCOLLODIrete2020-2023_rev2confirmescan(1).json,province,Di Brescia Hanno Sottoscritto Con Ex Asl Di Brescia Un Protocollo Per L'Accoglienza E La Presa In Carico Delle Donne Vittime Di Violenza
03_2406_rta_03_240926124415_4166---PROTOCOLLODIrete2020-2023_rev2confirmescan(1).json,province,Di Brescia I
03_2406_rta_03_240926124415_4166---PROTOCOLLODIrete2020-2023_rev2confirmescan(1).json,comuni,Desenzano De
03_2406_rta_03_240926124415_4166---PROTOCOLLODIrete2020-2023_rev2confirmescan(1).json,associazioni,Comuni Italiani A
03_2406_rta_03_240926124415_4166---PROTOCOLLODIrete2020-2023_rev2confirmescan(1).json,associazioni,Donna A Donna Di Salo
03_2406_rta_03_240926124415_4166---PROTOCOLLODIrete2020-2023_rev2confirmescan(1).json,associazioni,Donne In Rete Contro La Violenza D
03_2406_rta_03_240926124415_4166---PROTOCOLLODIrete2020-2023_rev2confirmescan(1).json,associazioni,Iniziative Informative
03_2406_rta_03_240926124415_4166---PROTOCOLLODIrete2020-2023_rev2confirmescan(1).json,associazioni,Le Eventuali Progettazionl Di
03_2406_rta_03_240926124415_4166---PROTOCOLLODIrete2020-2023_rev2confirmescan(1).json,associazioni,Oltre Onlus D
03_2406_rta_03_240926124415_4166---PROTOCOLLODIrete2020-2023_rev2confirmescan(1).json,associazioni,Onlus Di Desenzano Del Garda
03_2406_rta_03_240926144324_4166---Protocollodiintesa.json,regioni,Lombardia
03_2406_rta_03_240926144324_4166---Protocollodiintesa.json,comuni,Rho
03_2406_rta_03_240926144324_4166---Protocollodiintesa.json,associazioni,Di Bollate
03_2406_rta_03_240926144324_4166---Protocollodiintesa.json,associazioni,Di Pane
03_2406_rta_03_240926144324_4166---Protocollodiintesa.json,associazioni,Di Rho
03_2406_rta_03_240926144324_4166---Protocollodiintesa.json,associazioni,Lavoratori Italiani
03_2406_rta_03_240926144324_4166---Protocollodiintesa.json,associazioni,Luna
03_2406_rta_03_240926144324_4166---Protocollodiintesa.json,associazioni,Rota
03_2406_rta_03_240926144324_4166---Protocollodiintesa.json,associazioni,Rotonda
03_2406_rta_03_240926144324_4166---Protocollodiintesa.json,associazioni,White Mathilda
04_2406_Test_rta_04_240620112214_4166---pippo.json,regioni,Che Compila
04_2406_rta_41_240913121642_4166---ProtocolloReteCittadinaAntiviolenza.json,province,Autonoma Di Bolzano Alto Adige - Assessorato Alla Famiglia
04_2406_rta_41_240913121642_4166---ProtocolloReteCittadinaAntiviolenza.json,province,Autonoma Di Bolzano Alto Adige - Intendenza Scolastica Italiana Autonome Provinz Bozen
04_2406_rta_41_240913121642_4166---ProtocolloReteCittadinaAntiviolenza.json,province,Autonoma Di Bolzano Alto Adige - Intendenza Scolastica Tedesca Autonome Provinz Bozen Stidtirol - Deutsches Schulamt Azienda Sanitaria Dell
04_2406_rta_41_240913121642_4166---ProtocolloReteCittadinaAntiviolenza.json,province,Autonoma Di Bolzano Kinder- Und Jugend-Anwaltschaft Des Sutdtiroler Landtages Assb - Azienda Servizi Sociali Di Bolzano Bsb - Betrieb Fur Sozialdienste Bozen Ass
04_2406_rta_41_240913121642_4166---ProtocolloReteCittadinaAntiviolenza.json,comuni,Bolzano É L
04_2406_rta_41_240913121642_4166---ProtocolloReteCittadinaAntiviolenza.json,associazioni,Degli Alloggi Protetti
04_2406_rta_41_240913121642_4166---ProtocolloReteCittadinaAntiviolenza.json,associazioni,Gea
04_2406_rta_41_240913121642_4166---ProtocolloReteCittadinaAntiviolenza.json,associazioni,Nissa
04_2406_rta_41_240913121642_4166---ProtocolloReteCittadinaAntiviolenza.json,associazioni,Strada
04_2406_rta_42_250603130520_4166---Protocollod'Intesafirmato22febbraio2024.json,province,Al Monitoraggio Del Servizio Centro Uomini Autori Di Violenza
04_2406_rta_42_250603130520_4166---Protocollod'Intesafirmato22febbraio2024.json,province,All
04_2406_rta_42_250603130520_4166---Protocollod'Intesafirmato22febbraio2024.json,province,At Trento
04_2406_rta_42_250603130520_4166---Protocollod'Intesafirmato22febbraio2024.json,province,Augohohia Ai Trento Si Impegna A
04_2406_rta_42_250603130520_4166---Protocollod'Intesafirmato22febbraio2024.json,province,Autonoma Di Trento E Commissariato Del Governo Per La Provincia Di Trento E Procura Della Repubblica Di Trento E Procura Della Repubblica Di Rovereto E Questura Di Trento E Comando Provinciale Dei Carabinieri Di Trento
04_2406_rta_42_250603130520_4166---Protocollod'Intesafirmato22febbraio2024.json,province,Autonoma Di Trento E Forze Dell
04_2406_rta_42_250603130520_4166---Protocollod'Intesafirmato22febbraio2024.json,province,Autonoma Di Trento Il Presidente Se Il Commissariato Del Governo Per La Provincia Di Trento
04_2406_rta_42_250603130520_4166---Protocollod'Intesafirmato22febbraio2024.json,province,Autonoma Di Trento La -Funzione Di Prevenire E Contrastare La Violenza Contro Le Donne E
04_2406_rta_42_250603130520_4166---Protocollod'Intesafirmato22febbraio2024.json,province,Di Trento
04_2406_rta_42_250603130520_4166---Protocollod'Intesafirmato22febbraio2024.json,province,Di Trento Attraverso Un Sistema Di Raccolta Dati Condiviso Con I
04_2406_rta_42_250603130520_4166---Protocollod'Intesafirmato22febbraio2024.json,province,Di Trento Tra Provincia Autonoma Di Trento Commissariato Del Governo Per La Provincia Di Trento Procura Della Repubblica Di Trento Procura Della Repubblica Di Rovereto Questura Di Trento Comando Provinciale Dei Carabinieri Di Trento Consorzio Dei Comuni Trentini Azienda Proyinciale Per I Servizi Sanitari Universita Di Trento Federazione Trentina Della Cooperazione Fondazione Bruno Kessler -Premesso Che In Bs
04_2406_rta_42_250603130520_4166---Protocollod'Intesafirmato22febbraio2024.json,province,I Dati Sulle Denunce
04_2406_rta_42_250603130520_4166---Protocollod'Intesafirmato22febbraio2024.json,province,I Dati Sulle Denunce E Sull
04_2406_rta_42_250603130520_4166---Protocollod'Intesafirmato22febbraio2024.json,province,Il Gruppo Interistituzionale Previsto Dall
04_2406_rta_42_250603130520_4166---Protocollod'Intesafirmato22febbraio2024.json,province,La Cabina Di Regia
04_2406_rta_42_250603130520_4166---Protocollod'Intesafirmato22febbraio2024.json,province,Tramite Le Forze Dell
04_2406_rta_42_250603130520_4166---Protocollod'Intesafirmato22febbraio2024.json,consorzi,Dei Comuni Trentini Azienda Proyinciale Per I Servizi Sanitari Universita Di Trento Federazione Trentina Della Cooperazione Fondazione Bruno Kessler -Premesso Che In Bs
04_2406_rta_42_250603130520_4166---Protocollod'Intesafirmato22febbraio2024.json,consorzi,Dei Comuni Trentini Il Presidente Paride Gianmoena L
04_2406_rta_42_250603144940_4166---Comitatoperlatuteladelledonnevittimediviolenza.json,province,Autonoma Di Trento Reg
04_2406_rta_42_250603144940_4166---Comitatoperlatuteladelledonnevittimediviolenza.json,province,Competenti Per Le Politiche Di Pari Opportunita E Per Le Politiche Sociali
04_2406_rta_42_250603144940_4166---Comitatoperlatuteladelledonnevittimediviolenza.json,province,Di Trento
04_2406_rta_42_250603144940_4166---Comitatoperlatuteladelledonnevittimediviolenza.json,province,Istituisca
04_2406_rta_42_250603144940_4166---Comitatoperlatuteladelledonnevittimediviolenza.json,comuni,Rovereto
04_2406_rta_42_250603144940_4166---Comitatoperlatuteladelledonnevittimediviolenza.json,comuni,Trento
04_2406_rta_42_250603144940_4166---Comitatoperlatuteladelledonnevittimediviolenza.json,associazioni,Accoglienza
04_2406_rta_42_250603144940_4166---Comitatoperlatuteladelledonnevittimediviolenza.json,associazioni,Accoglienza Stranieri
04_2406_rta_42_250603144940_4166---Comitatoperlatuteladelledonnevittimediviolenza.json,associazioni,Casa Tridentina Della
04_2406_rta_42_250603144940_4166---Comitatoperlatuteladelledonnevittimediviolenza.json,associazioni,Di Accoglienza Alla Vita Padre
04_2406_rta_42_250603144940_4166---Comitatoperlatuteladelledonnevittimediviolenza.json,associazioni,Donne
04_2406_rta_42_250603144940_4166---Comitatoperlatuteladelledonnevittimediviolenza.json,associazioni,Famiglie In
04_2406_rta_42_250603144940_4166---Comitatoperlatuteladelledonnevittimediviolenza.json,associazioni,Famiglie In Difficolta
04_2406_rta_42_250603145042_4166---ConvenzioneCAV-UniTrento_2024-signed-Copia.json,province,Autonoma Di Trento Per Il Numero Di Pubblica Utilita
04_2406_rta_42_250603145042_4166---ConvenzioneCAV-UniTrento_2024-signed-Copia.json,associazioni,Donne Onlus
04_2406_rta_42_250603145106_4166---ConvenzioneCAV-Trento.json,province,Alla Scadenza Della Presente Convenzione Non Avesse Ancora Provveduto Ad Affidare Nuovamente Il Servizio O A Garantire Soluzioni Alternative
04_2406_rta_42_250603145106_4166---ConvenzioneCAV-Trento.json,province,Autonoma Di Trento
04_2406_rta_42_250603145106_4166---ConvenzioneCAV-Trento.json,province,Che Ha Diritto Di Determinare Le Finalita E I Mezzi Del Trattamento Nel Rispetto Del Regolamento Ue
04_2406_rta_42_250603145106_4166---ConvenzioneCAV-Trento.json,province,Con Un Anticipo Di Almeno
04_2406_rta_42_250603145106_4166---ConvenzioneCAV-Trento.json,province,Connessi Alle Situazioni Di Emergenza
04_2406_rta_42_250603145106_4166---ConvenzioneCAV-Trento.json,province,E Il Soggetto Gestore Convengono Di Realizzare Incontri Periodici Di Verifica E Di Valutazione Delle Attivita Realizzate Anche Per La Messa A Punto Dei Necessari Collegamenti Con La Rete Dei Servizi E Per La Definizione Di Ulteriori Sinergie Utili Al Miglioramento Del Servizio
04_2406_rta_42_250603145106_4166---ConvenzioneCAV-Trento.json,province,Fino A Che Il Cessionario
04_2406_rta_42_250603145106_4166---ConvenzioneCAV-Trento.json,province,Le Informazioni Richieste Necessarie Per Il Monitoraggio E La Valutazione Degli Interventi E Delle Attivita
04_2406_rta_42_250603145106_4166---ConvenzioneCAV-Trento.json,province,Per Garantire La Continuita Del Servizio Ha Facolta Di Ordinare Al Soggetto Gestore L
04_2406_rta_42_250603145106_4166---ConvenzioneCAV-Trento.json,province,Per Sopravvenuti Motivi Di Pubblico Interesse Ovvero Nel Caso Di Mutamento Della Situazione Di Fatto Non Prevedibile Al Momento Della Sottoscrizione Della Presente Convenzione
04_2406_rta_42_250603145106_4166---ConvenzioneCAV-Trento.json,province,Procede Alla Presa D
04_2406_rta_42_250603145106_4166---ConvenzioneCAV-Trento.json,province,Pud Opporsi All
04_2406_rta_42_250603145106_4166---ConvenzioneCAV-Trento.json,province,Si Applicano
04_2406_rta_42_250603145106_4166---ConvenzioneCAV-Trento.json,province,Si Riserva La Possibilita Di Un Rinnovo Della Convenzione
04_2406_rta_42_250603145106_4166---ConvenzioneCAV-Trento.json,province,Sino Alla Data Dell
04_2406_rta_42_250603145106_4166---ConvenzioneCAV-Trento.json,province,Utilizzata Per La Pubblicazione Di Bandi E Avvisi In Materia Di Servizi Socio-Assistenziali
04_2406_rta_42_250603145106_4166---ConvenzioneCAV-Trento.json,associazioni,Donne Onlus
04_2406_rta_42_250603145106_4166---ConvenzioneCAV-Trento.json,associazioni,Donne Onlus Di Seguito Indicato Come Soggetto
04_2406_rta_42_250603145150_4166---CONVENZIONECAV_Roveretoesediperiferiche.json,province,Alla Scadenza Della Presente Convenzione Non Ha Ancora Provveduto Ad Affidare Nuovamente Il Servizio
04_2406_rta_42_250603145150_4166---CONVENZIONECAV_Roveretoesediperiferiche.json,province,Autonoma Di Trento
04_2406_rta_42_250603145150_4166---CONVENZIONECAV_Roveretoesediperiferiche.json,province,Con Un Anticipo Di Almeno
04_2406_rta_42_250603145150_4166---CONVENZIONECAV_Roveretoesediperiferiche.json,province,Connessi Alle Eventuali Situazioni Di Emergenza
04_2406_rta_42_250603145150_4166---CONVENZIONECAV_Roveretoesediperiferiche.json,province,Del Piano Annuale Per La Formazione
04_2406_rta_42_250603145150_4166---CONVENZIONECAV_Roveretoesediperiferiche.json,province,E Il Soggetto Gestore Convengono Di Realizzare Incontri Periodici Di Verifica E Di Valutazione Delle Attivita Realizzate Per La Definizione Di Ulteriori Sinergie Utili Al Miglioramento Del Servizio
04_2406_rta_42_250603145150_4166---CONVENZIONECAV_Roveretoesediperiferiche.json,province,Fino A Che Il Cessionario Ovvero Il Soggetto Risultante Dalle Modifiche
04_2406_rta_42_250603145150_4166---CONVENZIONECAV_Roveretoesediperiferiche.json,province,Le Informazioni Richieste
04_2406_rta_42_250603145150_4166---CONVENZIONECAV_Roveretoesediperiferiche.json,province,Nel Caso In Cui Il Soggetto Gestore Scelga Di Presentare
04_2406_rta_42_250603145150_4166---CONVENZIONECAV_Roveretoesediperiferiche.json,province,Procede Alla Presa D
04_2406_rta_42_250603145150_4166---CONVENZIONECAV_Roveretoesediperiferiche.json,province,Puo Opporsi All
04_2406_rta_42_250603145150_4166---CONVENZIONECAV_Roveretoesediperiferiche.json,province,Si Riserva La Possibilita Di Svolgere In Qualsiasi Momento Attivita Di Vigilanza Sullo Svolgimento Degli Obblighi Di Cui Alla Presente Convenzione E Sul Rispetto Dei Requisiti Dichiarati In Sede Di Partecipazione Alla Procedura
04_2406_rta_42_250603145150_4166---CONVENZIONECAV_Roveretoesediperiferiche.json,province,Utilizzata Per La Pubblicazione Di Bandi E Avvisi In Materia Di Servizi Socio-Assistenziali
04_2406_rta_42_250603145150_4166---CONVENZIONECAV_Roveretoesediperiferiche.json,associazioni,Donne Onlus
04_2406_rta_42_250603145316_4166---Convenzione_Codice_Rosso_2024.json,province,Autonoma Di Trento
04_2406_rta_42_250603145521_4166---ProtocolloScuole_AG2024.json,province,Autonoma Di Trento
04_2406_rta_42_250603145521_4166---ProtocolloScuole_AG2024.json,province,Autonoma Di Trento E Assessore All
04_2406_rta_42_250603145521_4166---ProtocolloScuole_AG2024.json,province,Autonoma Di Trento Premessa Il Presente Protocollo Nasce Dall
04_2406_rta_42_250603145521_4166---ProtocolloScuole_AG2024.json,province,Autonoma Di Trento Protocollo D
05_2406_rta_05_240916131522_4166---protocolloaggiornamento2023.json,regioni,Del Veneto Attui Azioni Volte Alla Tutela E Al Recupero Di Condizioni Di Vita Normali Delle Donne Vittime Di Violenza Nonché Attivita Mirate Al Contrasto Del Fenomeno
05_2406_rta_05_240916131522_4166---protocolloaggiornamento2023.json,province,Di Venezia
05_2406_rta_05_240916131522_4166---protocolloaggiornamento2023.json,province,Di Venezia - Si Occupa Della Formazione Degli Iscritti
05_2406_rta_05_240916131522_4166---protocolloaggiornamento2023.json,province,Di Venezia A Promuovere Incontri Di Formazione
05_2406_rta_05_240916131522_4166---protocolloaggiornamento2023.json,province,Di Venezia Che Interviene Al Presente Atto Nella Persona Del Presidente Dott
05_2406_rta_05_240916131522_4166---protocolloaggiornamento2023.json,province,Di Venezia Che Interviene Al Presente Atto Nella Persona Della Presidente Dott
05_2406_rta_05_240916131522_4166---protocolloaggiornamento2023.json,province,Di Venezia Il Presidente Dr
05_2406_rta_05_240916131522_4166---protocolloaggiornamento2023.json,province,Di Venezia L'Esistenza Del Protocollo E Della Rete Di Interventi In Caso Di Violenza
05_2406_rta_05_240916131522_4166---protocolloaggiornamento2023.json,province,Di Venezia Le Indicazioni E Raccomandazioni Provenienti Dalle Forze Dell'Ordine Su Prevenzione E Modalita Di Comportamento Da Adottare In Situazioni Critiche
05_2406_rta_05_240916131522_4166---protocolloaggiornamento2023.json,province,E Di Sensibilizzare La Popolazione Sul Problema Della Violenza Contro Le Donne
05_2406_rta_05_240916131522_4166---protocolloaggiornamento2023.json,comuni,Cavarzere
05_2406_rta_05_240916131522_4166---protocolloaggiornamento2023.json,comuni,Chioggia Che Interviene Al Presente Atto Nella Persona Della Dirigente Alle Pari Opportunita Dott
05_2406_rta_05_240916131522_4166---protocolloaggiornamento2023.json,comuni,Chioggia Dott
05_2406_rta_05_240916131522_4166---protocolloaggiornamento2023.json,comuni,Chioggia Il Dirigente Responsabile Pari Opportunita Dott
05_2406_rta_05_240916131522_4166---protocolloaggiornamento2023.json,comuni,Residenza
05_2406_rta_05_240916131522_4166---protocolloaggiornamento2023.json,comuni,Territorio Aziendale Attraverso
05_2406_rta_05_240916131522_4166---protocolloaggiornamento2023.json,comuni,Venezia Che Interviene Al Presente Atto Nella Persona Della Dirigente Del Settore Servizi Alla Persona E Alle Famiglie - Direzione Coesione Sociale Dott
05_2406_rta_05_240916131522_4166---protocolloaggiornamento2023.json,comuni,Venezia Dott
05_2406_rta_05_240916131522_4166---protocolloaggiornamento2023.json,comuni,Venezia E I Dipartimenti Di Emergenza E Urgenza Degli Ospedali Di Mestre E Venezia
05_2406_rta_05_240916131522_4166---protocolloaggiornamento2023.json,comuni,Venezia Il Dirigente Direzione Coesione Sociale Dott
05_2406_rta_05_240916131522_4166---protocolloaggiornamento2023.json,comuni,Venezia Sportello Antiviolenza Comune Di Venezia Sede Di Venezia Sportello Antiviolenza Comune Di Venezia
05_2406_rta_05_240916131522_4166---protocolloaggiornamento2023.json,unioni,Di Comuni
05_2406_rta_05_240916131522_4166---protocolloaggiornamento2023.json,associazioni,Primari Ospedalieri
05_2406_rta_05_240916131522_4166---protocolloaggiornamento2023.json,associazioni,Psicologi Italiani
05_2406_rta_05_240916131522_4166---protocolloaggiornamento2023.json,associazioni,Rianimatori Ospedalieri Italiani
05_2406_rta_05_240916131522_4166---protocolloaggiornamento2023.json,associazioni,Sindacato Professionisti Sanitari Della Funzione Infermieristica
05_2406_rta_05_240916135305_4166---protocolloulss4.json,regioni,Del Veneto-A
05_2406_rta_05_240916135305_4166---protocolloulss4.json,comuni,Citta Di San Dona Di Piave
05_2406_rta_05_240916135305_4166---protocolloulss4.json,comuni,Conferenza Dei Sindaci Del Veneto Orientale
05_2406_rta_05_240916135305_4166---protocolloulss4.json,comuni,San Dona Di Piave - In Qualita Di Capofila - Il Sindaco
05_2406_rta_05_240916173648_4166---ULSS5Polesana_Protocollodirete.json,regioni,Del Veneto Conferenza Dei Sindaci Fy A
05_2406_rta_05_240916173648_4166---ULSS5Polesana_Protocollodirete.json,regioni,Del Veneto Direzione Generale Direttore Dei Servizi Socio Sanitari Rovigo
05_2406_rta_05_240916173648_4166---ULSS5Polesana_Protocollodirete.json,regioni,Del Veneto E Confindustria Veneto Per L
05_2406_rta_05_240916173648_4166---ULSS5Polesana_Protocollodirete.json,regioni,Veneto Come Di Titolarita Del Comune Di Rovigo
05_2406_rta_05_240916173648_4166---ULSS5Polesana_Protocollodirete.json,regioni,Veneto E Dalla Conferenza Dei Sindaci
05_2406_rta_05_240916173648_4166---ULSS5Polesana_Protocollodirete.json,regioni,Veneto Oggetto
05_2406_rta_05_240916173648_4166---ULSS5Polesana_Protocollodirete.json,province,Di Rovigo
05_2406_rta_05_240916173648_4166---ULSS5Polesana_Protocollodirete.json,province,Di Rovigo Conferenza Dei Sindaci Comun Iafferenti All Aulss
05_2406_rta_05_240916173648_4166---ULSS5Polesana_Protocollodirete.json,province,Di Rovigo Le Fo Dott
05_2406_rta_05_240916173648_4166---ULSS5Polesana_Protocollodirete.json,comuni,Adria
05_2406_rta_05_240916173648_4166---ULSS5Polesana_Protocollodirete.json,comuni,Lendinara E La Casa Rifugio Del
05_2406_rta_05_240916173648_4166---ULSS5Polesana_Protocollodirete.json,comuni,Residenza Della Donna Per Concordare R Antiviolenza Del
05_2406_rta_05_240916173648_4166---ULSS5Polesana_Protocollodirete.json,comuni,Residenza Della Signora
05_2406_rta_05_240916173648_4166---ULSS5Polesana_Protocollodirete.json,comuni,Residenza O Comune Dove Si Trova Domiciliata
05_2406_rta_05_240916173648_4166---ULSS5Polesana_Protocollodirete.json,comuni,Rovigo All'Attivita Di Monitoraggio Costante Dello Stesso
05_2406_rta_05_240916173648_4166---ULSS5Polesana_Protocollodirete.json,comuni,Rovigo Alla Regione Veneto
05_2406_rta_05_240916173648_4166---ULSS5Polesana_Protocollodirete.json,comuni,Rovigo Ed Il Centro Antiviolenza Alla Raccolta Continua E Elaborazione Dei Dati Relativi Al Fenomeno
05_2406_rta_05_240916173648_4166---ULSS5Polesana_Protocollodirete.json,comuni,Rovigo Prof
05_2406_rta_05_240916173648_4166---ULSS5Polesana_Protocollodirete.json,comuni,Rovigo Viale Trieste
05_2406_rta_05_240917141534_4166---protocollodiretefirmato.json,regioni,Del Vensto
05_2406_rta_05_240917141534_4166---protocollodiretefirmato.json,regioni,Veneto Con I Numeri Utili
05_2406_rta_05_240917141534_4166---protocollodiretefirmato.json,province,Di Treviso
05_2406_rta_05_240917141534_4166---protocollodiretefirmato.json,comuni,Asolo É Gestita Dalla Cooperativa
05_2406_rta_05_240917141534_4166---protocollodiretefirmato.json,comuni,Castelfranco Veneto
05_2406_rta_05_240917141534_4166---protocollodiretefirmato.json,comuni,Montebelluna
05_2406_rta_05_240917141534_4166---protocollodiretefirmato.json,comuni,Residenza
05_2406_rta_05_240917141534_4166---protocollodiretefirmato.json,comuni,Valdobbiadene Citta Di Asolo Cima Di Momrebetia Ld Ba Leo
05_2406_rta_05_240917141534_4166---protocollodiretefirmato.json,comuni,Valdobbiadene Citta Diasolo Tts Montebetiuna
05_2406_rta_05_240917141534_4166---protocollodiretefirmato.json,comuni,Valdobbiadene Wacsse Vy Mace Cs
05_2406_rta_05_240917141534_4166---protocollodiretefirmato.json,comuni,Vedelago
05_2406_rta_05_240917141534_4166---protocollodiretefirmato.json,associazioni,Stessi
05_2406_rta_05_240918144304_4166---Protocollo_ULSS2-DistrettoTreviso.json,regioni,Del Veneto-A
05_2406_rta_05_240918144304_4166---Protocollo_ULSS2-DistrettoTreviso.json,comuni,Residenza Della Donna Sara Tempestivamente Informato
05_2406_rta_05_240918144304_4166---Protocollo_ULSS2-DistrettoTreviso.json,comuni,Residenza E I Centri Antiviolenza
05_2406_rta_05_240918144304_4166---Protocollo_ULSS2-DistrettoTreviso.json,comuni,Treviso
05_2406_rta_05_240918153458_4166---protocolloprovPadova.json,regioni,Del Veneto-A
05_2406_rta_05_240918153458_4166---protocolloprovPadova.json,province,Di Padova E Consigliera Provinciale Di Parita E Conferenza Dei Sindaci Dellambito Territoriale E Comitato Dei Sindaci E Centro Veneto Progetti Donna
05_2406_rta_05_240918153458_4166---protocolloprovPadova.json,province,Di Padova Ii Presidente Fabio Bui Consigliera Di Parita Per La Provincia Di Padova La Consigliera Silvia Scordo Conferenza Dei Sindaci Dellazienda Ulss
05_2406_rta_05_240918153458_4166---protocolloprovPadova.json,comuni,Padova - Capofila E Prefettura Di Padova E Questura Di Padova E Comando Provinciale Carabinieri E
05_2406_rta_05_240918153458_4166---protocolloprovPadova.json,comuni,Padova Ai Sensi Dell'Art
05_2406_rta_05_240918153458_4166---protocolloprovPadova.json,comuni,Padova Assessora Al Sociale - Integrazione E Inclusione Sociale Partecipazione - Politiche Di Genere E Pari Opportunita Politiche Abitative - Edilizia Residenziale Padova
05_2406_rta_05_240918153458_4166---protocolloprovPadova.json,comuni,Padova In Conformita Alle Disposizioni Normative Vigenti E Resi Disponibili Per Le Eventuali Richieste Di Copie E Duplicato
05_2406_rta_05_240918153458_4166---protocolloprovPadova.json,comuni,Padova In Conformita Alle Regole Tecniche Di Cui All'Art
05_2406_rta_05_240918153458_4166---protocolloprovPadova.json,comuni,Padova Padova
05_2406_rta_05_240918153458_4166---protocolloprovPadova.json,comuni,Padova Protecollo Generale
05_2406_rta_05_240919114041_4166---protocollounicorevisionato2024.json,regioni,Basilicata
05_2406_rta_05_240919114041_4166---protocollounicorevisionato2024.json,regioni,Del Veneto Protocollo Di Rete Per La Prevenzione E Il Contrasto Della Oe Ulss
05_2406_rta_05_240919114041_4166---protocollounicorevisionato2024.json,regioni,Del Veneto Regione Del Veneto Ah Y Conferenza Dei Sindaci Ae R Pod Leylttiaa Ob Shenra Yee Sanitriné Abt
05_2406_rta_05_240919114041_4166---protocollounicorevisionato2024.json,regioni,Del Veneto Ulss
05_2406_rta_05_240919114041_4166---protocollounicorevisionato2024.json,regioni,Emilia-Romagna
05_2406_rta_05_240919114041_4166---protocollounicorevisionato2024.json,regioni,Lombardia
05_2406_rta_05_240919114041_4166---protocollounicorevisionato2024.json,province,Di Parma
05_2406_rta_05_240919114041_4166---protocollounicorevisionato2024.json,comuni,Bassano Del Grappa
05_2406_rta_05_240919114041_4166---protocollounicorevisionato2024.json,comuni,Bassano In Via Dei Lotti N
05_2406_rta_05_240919114041_4166---protocollounicorevisionato2024.json,comuni,Prato
05_2406_rta_05_240919114041_4166---protocollounicorevisionato2024.json,comuni,Residenza L'Intervento Piu Idoneo
05_2406_rta_05_240919114041_4166---protocollounicorevisionato2024.json,comuni,Residenza Per L'Accoglienza Gratuita Nei Primi
05_2406_rta_05_240919114041_4166---protocollounicorevisionato2024.json,comuni,Riferimento Per La Costruzione Di Un Primo Progetto Complessivo Di Intervento
05_2406_rta_05_240919114041_4166---protocollounicorevisionato2024.json,comuni,Schio
05_2406_rta_05_240919114041_4166---protocollounicorevisionato2024.json,comuni,Thiene - Centro Ares Di Bassano Per Il Trattamento Di Uomini Autori Di Violenza
05_2406_rta_05_240919114041_4166---protocollounicorevisionato2024.json,comuni,Thiene Tel
05_2406_rta_05_240919114041_4166---protocollounicorevisionato2024.json,associazioni,Comuni Italiani
05_2406_rta_05_240919114041_4166---protocollounicorevisionato2024.json,associazioni,Di Bassano
05_2406_rta_05_240919114041_4166---protocollounicorevisionato2024.json,associazioni,Donne
05_2406_rta_05_240919114041_4166---protocollounicorevisionato2024.json,associazioni,La Presidente Maria Pia Mainardi
05_2406_rta_05_240919114041_4166---protocollounicorevisionato2024.json,associazioni,Sichem
05_2406_rta_05_240919114041_4166---protocollounicorevisionato2024.json,associazioni,Sichem Di Bassano
05_2406_rta_05_240919122126_4166---PROTOCOLLOULSS8BERICA.json,regioni,Del Veneto
05_2406_rta_05_240919122126_4166---PROTOCOLLOULSS8BERICA.json,province,Di Vicenza
05_2406_rta_05_240919122126_4166---PROTOCOLLOULSS8BERICA.json,province,Di Vicenza Anno
05_2406_rta_05_240919122126_4166---PROTOCOLLOULSS8BERICA.json,province,Di Vicenza L
05_2406_rta_05_240919122126_4166---PROTOCOLLOULSS8BERICA.json,province,Vicenza Ai Signori Responsabili Di
05_2406_rta_05_240919122126_4166---PROTOCOLLOULSS8BERICA.json,comuni,Arzignano
05_2406_rta_05_240919122126_4166---PROTOCOLLOULSS8BERICA.json,comuni,Vicenza L
05_2406_rta_05_240919122126_4166---PROTOCOLLOULSS8BERICA.json,associazioni,Chiama Donna
05_2406_rta_05_240919124736_4166---Protocollo_per_contrasto_alla_violenza_di_genere.stamped.json,regioni,Veneto
05_2406_rta_05_240919124736_4166---Protocollo_per_contrasto_alla_violenza_di_genere.stamped.json,province,Di Verona Regione Del Veneto
05_2406_rta_05_240919124736_4166---Protocollo_per_contrasto_alla_violenza_di_genere.stamped.json,comuni,Distrettol-
05_2406_rta_05_240919124736_4166---Protocollo_per_contrasto_alla_violenza_di_genere.stamped.json,comuni,Legnago É Presente Anche Un Centro Antiviolenza Che Offre Consulenza E Sostegno Alle Donne Che Si Rivolgono Per Questioni Legate Alla Violenza E Maltrattamento Domestico
05_2406_rta_05_240919124736_4166---Protocollo_per_contrasto_alla_violenza_di_genere.stamped.json,comuni,Riferimento Dei Distretti
05_2406_rta_05_240919124736_4166---Protocollo_per_contrasto_alla_violenza_di_genere.stamped.json,comuni,Verona L
05_2406_rta_05_240919124736_4166---Protocollo_per_contrasto_alla_violenza_di_genere.stamped.json,associazioni,Degli Avvocati
06_2406_rta_06_240916164102_4166---protocollopordenoneprefettura.json,regioni,E Finanziato Nel
06_2406_rta_06_240916164102_4166---protocollopordenoneprefettura.json,province,Di Pordenone
06_2406_rta_06_240916164102_4166---protocollopordenoneprefettura.json,province,Di Pordenone Ai Sigg
06_2406_rta_06_240916164102_4166---protocollopordenoneprefettura.json,province,Di Pordenone Al Sig
06_2406_rta_06_240916164102_4166---protocollopordenoneprefettura.json,province,Di Pordenone Ambito Distrettuale
06_2406_rta_06_240916164102_4166---protocollopordenoneprefettura.json,province,Di Pordenone E Che Gli Stessi Hanno Attivato Dei Tavoli Di Lavoro Multidisciplinari Sulla Tematica In Questione
06_2406_rta_06_240916164102_4166---protocollopordenoneprefettura.json,province,Di Pordenone Supportare Le Istituzioni Scolastiche Autonome Per L'Approfondimento Del Tema Della Violenza Sulle Donne
06_2406_rta_06_240916164102_4166---protocollopordenoneprefettura.json,province,Si Fara Carico Del Coordinamento Delle Iniziative Indicate Nel Presente Protocollo
06_2406_rta_06_240916164102_4166---protocollopordenoneprefettura.json,comuni,Azzano Decimo Ambito Distrettuale
06_2406_rta_06_240916164102_4166---protocollopordenoneprefettura.json,comuni,Maniago P
06_2406_rta_06_240916164102_4166---protocollopordenoneprefettura.json,comuni,Pordenone Azienda Per I Servizi Sanitari N
06_2406_rta_06_240916164102_4166---protocollopordenoneprefettura.json,comuni,Sacile
06_2406_rta_06_240916164102_4166---protocollopordenoneprefettura.json,associazioni,Donna Onlus
06_2406_rta_06_240916164102_4166---protocollopordenoneprefettura.json,associazioni,Donna Onlus Di Pordenone
06_2406_rta_06_240916164102_4166---protocollopordenoneprefettura.json,associazioni,Donna Onlus E Della Caritas
06_2406_rta_06_240916164102_4166---protocollopordenoneprefettura.json,associazioni,Questione Valutare Ed Avviare Un Percorso Adeguato E Completo Rispetto Alle Richieste Della Donna
06_2406_rta_06_240916164122_4166---prot_n_0119980_2024_Accordo(firmato).json,comuni,Udine - Servizio
06_2406_rta_06_240916164122_4166---prot_n_0119980_2024_Accordo(firmato).json,comuni,Udine Dall
06_2406_rta_06_240916164122_4166---prot_n_0119980_2024_Accordo(firmato).json,comuni,Udine E Di Asufc
06_2406_rta_06_240916164122_4166---prot_n_0119980_2024_Accordo(firmato).json,comuni,Udine Lassessore Al Servizio Demografica E Statistica
06_2406_rta_06_240916164122_4166---prot_n_0119980_2024_Accordo(firmato).json,comuni,Udine Presso La Sede Del Distretto Sanitario Di Udine Con Apertura Dello Sportello Di Accesso Al Pubblico Per
06_2406_rta_06_240916164122_4166---prot_n_0119980_2024_Accordo(firmato).json,comuni,Udine Quale Ente
06_2406_rta_06_240916164153_4166---protocolloprefettura.json,regioni,Un Servizio Di Consulenza Psicologica
06_2406_rta_06_240916164153_4166---protocolloprefettura.json,province,Di Udine Ass
06_2406_rta_06_240916164153_4166---protocolloprefettura.json,province,Di Udine Direttose Dont Pietro Biasiol Keele Centro Regionale Di Orientamento Piano Coordinatore Di Udine D
06_2406_rta_06_240916164153_4166---protocolloprefettura.json,province,Di Udine Supportare Le Istituzioni Scolastiche Autonome Per L'Approfondimento Del Tema Della Violenza Sulle Donne E Abusi Sessuali
06_2406_rta_06_240916164153_4166---protocolloprefettura.json,comuni,Udine Ha Istituito
06_2406_rta_06_240916164258_4166---Protocolloviolenzadomesticaedigenere_30.09.2019.json,province,Di Gorizia - Che Regolava I Rapporti Tra Le Associazioni Titolari Di Attivita Di Collocamento Delle Donne Anche Con Figli Minori Con J Servizi Sociali Dei Comuni
06_2406_rta_06_240916164258_4166---Protocolloviolenzadomesticaedigenere_30.09.2019.json,province,Di Gorizia Ordine Dei Giornalisti Friuli Venezia Giulia Universita Di Trieste
06_2406_rta_06_240916164258_4166---Protocolloviolenzadomesticaedigenere_30.09.2019.json,province,Di Gorizia Ordine Dei Medici Chirurghi E Odontoiatri Della Provincia Di Gorizia
06_2406_rta_06_240916164258_4166---Protocolloviolenzadomesticaedigenere_30.09.2019.json,comuni,Gorizia
06_2406_rta_06_240916164258_4166---Protocolloviolenzadomesticaedigenere_30.09.2019.json,comuni,Monfalcone
06_2406_rta_06_240916164258_4166---Protocolloviolenzadomesticaedigenere_30.09.2019.json,associazioni,Dpi
06_2406_rta_06_240916164258_4166---Protocolloviolenzadomesticaedigenere_30.09.2019.json,associazioni,Gorizia
06_2406_rta_06_240916164258_4166---Protocolloviolenzadomesticaedigenere_30.09.2019.json,associazioni,Trieste Bo
06_2406_rta_06_240924164454_4166---protocollo_tempo_sospeso.json,comuni,Trieste Protocollo Ambito Triestino Ambito Carso Giuliano Associazione G
06_2406_rta_06_240924164454_4166---protocollo_tempo_sospeso.json,associazioni,Di Trieste
07_2406_rta_07_240916163905_4166---PROTOCOLLOFIRMATO(002).json,regioni,Liguria
07_2406_rta_07_240916163905_4166---PROTOCOLLOFIRMATO(002).json,comuni,Chiavari Capofila Conferenza Dei Sindaci Dell
07_2406_rta_07_240916163905_4166---PROTOCOLLOFIRMATO(002).json,comuni,Chiavari In Qualita Di Capofila Territoriale
07_2406_rta_07_240916163905_4166---PROTOCOLLOFIRMATO(002).json,comuni,Residenza Della Donna Per Il Passaggio Della Situazione
07_2406_rta_07_240916163905_4166---PROTOCOLLOFIRMATO(002).json,comuni,Residenza Della Stessa
07_2406_rta_07_240916163905_4166---PROTOCOLLOFIRMATO(002).json,comuni,Residenza E Pertanto Rendicontato Direttamente Allo Stesso
07_2406_rta_07_240916163905_4166---PROTOCOLLOFIRMATO(002).json,comuni,Residenza O Domicilio Della Donna
07_2406_rta_07_240916163905_4166---PROTOCOLLOFIRMATO(002).json,comuni,Residenza Viene Tempestivamente Contattato Via Mail Dalla Casa Rifugio
07_2406_rta_07_240916163933_4166---sub_14574431199510849525_Protocollo_LVLS-signed.json,comuni,Genova E Del Sistema Cas
07_2406_rta_07_240916163933_4166---sub_14574431199510849525_Protocollo_LVLS-signed.json,associazioni,Dedita Ad
07_2406_rta_07_240916163956_4166---DGR477_2022_Protocollo.json,regioni,Liguria Comune Di La Spezia Comune Di Savona Comune Di Sanremo Comune Di Chiavari
07_2406_rta_07_240916163956_4166---DGR477_2022_Protocollo.json,regioni,Liguria Dal Segretario Generale
07_2406_rta_07_240916163956_4166---DGR477_2022_Protocollo.json,regioni,Liguria E Con La Procura Generale Presso La Corte D
07_2406_rta_07_240916163956_4166---DGR477_2022_Protocollo.json,regioni,Liguria E Dell
07_2406_rta_07_240916163956_4166---DGR477_2022_Protocollo.json,regioni,Liguria Ed Ai Centri Di Recupero Per Persone Maltrattanti
07_2406_rta_07_240916163956_4166---DGR477_2022_Protocollo.json,regioni,Liguria Figftuva Ds Le Chega La Corte D
07_2406_rta_07_240916163956_4166---DGR477_2022_Protocollo.json,regioni,Liguria Inrete Contro La Violenza La Regione Liguria Il Comune Di Genova La Citta Metropolitana Di Genova Le Prefetture
07_2406_rta_07_240916163956_4166---DGR477_2022_Protocollo.json,regioni,Liguria Per La Sua Pubblicazione Integrale
07_2406_rta_07_240916163956_4166---DGR477_2022_Protocollo.json,regioni,Liguria Prefttara De Le Srogta La Corte D
07_2406_rta_07_240916163956_4166---DGR477_2022_Protocollo.json,province,Di Genova
07_2406_rta_07_240916163956_4166---DGR477_2022_Protocollo.json,province,Di Genova Dal Tavolo Denominato
07_2406_rta_07_240916163956_4166---DGR477_2022_Protocollo.json,comuni,Chiavari
07_2406_rta_07_240916163956_4166---DGR477_2022_Protocollo.json,comuni,Genova Citta Dela Spezia
07_2406_rta_07_240916163956_4166---DGR477_2022_Protocollo.json,comuni,Genova La Citta Metropolitana Di Genova Le Prefetture
07_2406_rta_07_240916163956_4166---DGR477_2022_Protocollo.json,comuni,Sanremo
07_2406_rta_07_240916163956_4166---DGR477_2022_Protocollo.json,comuni,Savona
08_2406_rta_08_241015091310_4166---Accordo_Contrasto_alla_violenza_CittMtrBO.json,regioni,Emilia-Romagna
08_2406_rta_08_241015091310_4166---Accordo_Contrasto_alla_violenza_CittMtrBO.json,regioni,Favorisce
08_2406_rta_08_241015091310_4166---Accordo_Contrasto_alla_violenza_CittMtrBO.json,regioni,Ribadisce Che Ai Sensi Dell
08_2406_rta_08_241015091310_4166---Accordo_Contrasto_alla_violenza_CittMtrBO.json,province,Di Bologna Dall
08_2406_rta_08_241015091310_4166---Accordo_Contrasto_alla_violenza_CittMtrBO.json,comuni,Bologna Il Sindaco Del Comune Di Imola Ll Sindaco Del Comune Di San Lazzaro Di Savena
08_2406_rta_08_241015091310_4166---Accordo_Contrasto_alla_violenza_CittMtrBO.json,comuni,Imola
08_2406_rta_08_241015091310_4166---Accordo_Contrasto_alla_violenza_CittMtrBO.json,comuni,San Lazzaro Di Savena
08_2406_rta_08_241015091310_4166---Accordo_Contrasto_alla_violenza_CittMtrBO.json,unioni,Dei Comuni
08_2406_rta_08_241015091310_4166---Accordo_Contrasto_alla_violenza_CittMtrBO.json,unioni,Dell
08_2406_rta_08_241015091310_4166---Accordo_Contrasto_alla_violenza_CittMtrBO.json,associazioni,Delle Donne
08_2406_rta_08_241015091310_4166---Accordo_Contrasto_alla_violenza_CittMtrBO.json,associazioni,Delle Donne Mette A Disposizione Appartamenti
08_2406_rta_08_241015091310_4166---Accordo_Contrasto_alla_violenza_CittMtrBO.json,associazioni,Di Terre
08_2406_rta_08_241015091310_4166---Accordo_Contrasto_alla_violenza_CittMtrBO.json,associazioni,Di Terre Mette A
08_2406_rta_08_241015091310_4166---Accordo_Contrasto_alla_violenza_CittMtrBO.json,associazioni,La Presenza Operativa Nel Territorio In Cui Deve
08_2406_rta_08_241015091310_4166---Accordo_Contrasto_alla_violenza_CittMtrBO.json,associazioni,Mette A Disposizione Un
08_2406_rta_08_241015091330_4166---Protocollo_intesa_autonomia_abitativa_donne_vittime_di_violenza_CittMtrBO.json,regioni,Emilia-Romagna Contro La Violenza Di Genere
08_2406_rta_08_241015091330_4166---Protocollo_intesa_autonomia_abitativa_donne_vittime_di_violenza_CittMtrBO.json,regioni,Emilia-Romagna Ha Approvato
08_2406_rta_08_241015091330_4166---Protocollo_intesa_autonomia_abitativa_donne_vittime_di_violenza_CittMtrBO.json,regioni,Emilia-Romagna Ha Assegnato Con Dgr N
08_2406_rta_08_241015091330_4166---Protocollo_intesa_autonomia_abitativa_donne_vittime_di_violenza_CittMtrBO.json,regioni,Emilia-Romagna Ha Dedicato La Scheda N
08_2406_rta_08_241015091330_4166---Protocollo_intesa_autonomia_abitativa_donne_vittime_di_violenza_CittMtrBO.json,regioni,Emilia-Romagna Ha Incrementato Il Fondo Per Il Reddito Di Liberta Per Le Donne Vittime Di Violenza Con Dgr N
08_2406_rta_08_241015091330_4166---Protocollo_intesa_autonomia_abitativa_donne_vittime_di_violenza_CittMtrBO.json,regioni,Emilia-Romagna In Ene Ia Role Zm
08_2406_rta_08_241015091330_4166---Protocollo_intesa_autonomia_abitativa_donne_vittime_di_violenza_CittMtrBO.json,comuni,Alto Reno Terme
08_2406_rta_08_241015091330_4166---Protocollo_intesa_autonomia_abitativa_donne_vittime_di_violenza_CittMtrBO.json,comuni,Anzola Dell
08_2406_rta_08_241015091330_4166---Protocollo_intesa_autonomia_abitativa_donne_vittime_di_violenza_CittMtrBO.json,comuni,Argelato
08_2406_rta_08_241015091330_4166---Protocollo_intesa_autonomia_abitativa_donne_vittime_di_violenza_CittMtrBO.json,comuni,Baricella
08_2406_rta_08_241015091330_4166---Protocollo_intesa_autonomia_abitativa_donne_vittime_di_violenza_CittMtrBO.json,comuni,Bentivoglio
08_2406_rta_08_241015091330_4166---Protocollo_intesa_autonomia_abitativa_donne_vittime_di_violenza_CittMtrBO.json,comuni,Bologna
08_2406_rta_08_241015091330_4166---Protocollo_intesa_autonomia_abitativa_donne_vittime_di_violenza_CittMtrBO.json,comuni,Borgo Tossignano
08_2406_rta_08_241015091330_4166---Protocollo_intesa_autonomia_abitativa_donne_vittime_di_violenza_CittMtrBO.json,comuni,Budrio
08_2406_rta_08_241015091330_4166---Protocollo_intesa_autonomia_abitativa_donne_vittime_di_violenza_CittMtrBO.json,comuni,Calderara Di Reno
08_2406_rta_08_241015091330_4166---Protocollo_intesa_autonomia_abitativa_donne_vittime_di_violenza_CittMtrBO.json,comuni,Camugnano
08_2406_rta_08_241015091330_4166---Protocollo_intesa_autonomia_abitativa_donne_vittime_di_violenza_CittMtrBO.json,comuni,Casalecchio Di Reno
08_2406_rta_08_241015091330_4166---Protocollo_intesa_autonomia_abitativa_donne_vittime_di_violenza_CittMtrBO.json,comuni,Casalfiumanese
08_2406_rta_08_241015091330_4166---Protocollo_intesa_autonomia_abitativa_donne_vittime_di_violenza_CittMtrBO.json,comuni,Castel Guelfo Di
08_2406_rta_08_241015091330_4166---Protocollo_intesa_autonomia_abitativa_donne_vittime_di_violenza_CittMtrBO.json,comuni,Castel Maggiore
08_2406_rta_08_241015091330_4166---Protocollo_intesa_autonomia_abitativa_donne_vittime_di_violenza_CittMtrBO.json,comuni,Castel San Pietro Terme
08_2406_rta_08_241015091330_4166---Protocollo_intesa_autonomia_abitativa_donne_vittime_di_violenza_CittMtrBO.json,comuni,Castello D
08_2406_rta_08_241015091330_4166---Protocollo_intesa_autonomia_abitativa_donne_vittime_di_violenza_CittMtrBO.json,comuni,Castenaso
08_2406_rta_08_241015091330_4166---Protocollo_intesa_autonomia_abitativa_donne_vittime_di_violenza_CittMtrBO.json,comuni,Castiglione Dei Pepoli
08_2406_rta_08_241015091330_4166---Protocollo_intesa_autonomia_abitativa_donne_vittime_di_violenza_CittMtrBO.json,comuni,Crevalcore
08_2406_rta_08_241015091330_4166---Protocollo_intesa_autonomia_abitativa_donne_vittime_di_violenza_CittMtrBO.json,comuni,Fontanelice
08_2406_rta_08_241015091330_4166---Protocollo_intesa_autonomia_abitativa_donne_vittime_di_violenza_CittMtrBO.json,comuni,Gaggio Montano
08_2406_rta_08_241015091330_4166---Protocollo_intesa_autonomia_abitativa_donne_vittime_di_violenza_CittMtrBO.json,comuni,Galliera
08_2406_rta_08_241015091330_4166---Protocollo_intesa_autonomia_abitativa_donne_vittime_di_violenza_CittMtrBO.json,comuni,Granarolo Dell
08_2406_rta_08_241015091330_4166---Protocollo_intesa_autonomia_abitativa_donne_vittime_di_violenza_CittMtrBO.json,comuni,Grizzana Morandi
08_2406_rta_08_241015091330_4166---Protocollo_intesa_autonomia_abitativa_donne_vittime_di_violenza_CittMtrBO.json,comuni,Imola N
08_2406_rta_08_241015091330_4166---Protocollo_intesa_autonomia_abitativa_donne_vittime_di_violenza_CittMtrBO.json,comuni,Lizzano In Belvedere
08_2406_rta_08_241015091330_4166---Protocollo_intesa_autonomia_abitativa_donne_vittime_di_violenza_CittMtrBO.json,comuni,Loiano
08_2406_rta_08_241015091330_4166---Protocollo_intesa_autonomia_abitativa_donne_vittime_di_violenza_CittMtrBO.json,comuni,Malalbergo
08_2406_rta_08_241015091330_4166---Protocollo_intesa_autonomia_abitativa_donne_vittime_di_violenza_CittMtrBO.json,comuni,Marzabotto
08_2406_rta_08_241015091330_4166---Protocollo_intesa_autonomia_abitativa_donne_vittime_di_violenza_CittMtrBO.json,comuni,Medicina
08_2406_rta_08_241015091330_4166---Protocollo_intesa_autonomia_abitativa_donne_vittime_di_violenza_CittMtrBO.json,comuni,Minerbio
08_2406_rta_08_241015091330_4166---Protocollo_intesa_autonomia_abitativa_donne_vittime_di_violenza_CittMtrBO.json,comuni,Molinella
08_2406_rta_08_241015091330_4166---Protocollo_intesa_autonomia_abitativa_donne_vittime_di_violenza_CittMtrBO.json,comuni,Monghidoro
08_2406_rta_08_241015091330_4166---Protocollo_intesa_autonomia_abitativa_donne_vittime_di_violenza_CittMtrBO.json,comuni,Monte San Pietro
08_2406_rta_08_241015091330_4166---Protocollo_intesa_autonomia_abitativa_donne_vittime_di_violenza_CittMtrBO.json,comuni,Monterenzio
08_2406_rta_08_241015091330_4166---Protocollo_intesa_autonomia_abitativa_donne_vittime_di_violenza_CittMtrBO.json,comuni,Monzuno
08_2406_rta_08_241015091330_4166---Protocollo_intesa_autonomia_abitativa_donne_vittime_di_violenza_CittMtrBO.json,comuni,Mordano
08_2406_rta_08_241015091330_4166---Protocollo_intesa_autonomia_abitativa_donne_vittime_di_violenza_CittMtrBO.json,comuni,Ozzano Dell
08_2406_rta_08_241015091330_4166---Protocollo_intesa_autonomia_abitativa_donne_vittime_di_violenza_CittMtrBO.json,comuni,Pianoro
08_2406_rta_08_241015091330_4166---Protocollo_intesa_autonomia_abitativa_donne_vittime_di_violenza_CittMtrBO.json,comuni,Pieve Di Cento
08_2406_rta_08_241015091330_4166---Protocollo_intesa_autonomia_abitativa_donne_vittime_di_violenza_CittMtrBO.json,comuni,San Benedetto Val Di
08_2406_rta_08_241015091330_4166---Protocollo_intesa_autonomia_abitativa_donne_vittime_di_violenza_CittMtrBO.json,comuni,San Giorgio Di Piano
08_2406_rta_08_241015091330_4166---Protocollo_intesa_autonomia_abitativa_donne_vittime_di_violenza_CittMtrBO.json,comuni,San Giovanni In
08_2406_rta_08_241015091330_4166---Protocollo_intesa_autonomia_abitativa_donne_vittime_di_violenza_CittMtrBO.json,comuni,San Lazzaro Di Savena N
08_2406_rta_08_241015091330_4166---Protocollo_intesa_autonomia_abitativa_donne_vittime_di_violenza_CittMtrBO.json,comuni,San Pietro In Casale
08_2406_rta_08_241015091330_4166---Protocollo_intesa_autonomia_abitativa_donne_vittime_di_violenza_CittMtrBO.json,comuni,Sasso Marconi N
08_2406_rta_08_241015091330_4166---Protocollo_intesa_autonomia_abitativa_donne_vittime_di_violenza_CittMtrBO.json,comuni,Valsamoggia
08_2406_rta_08_241015091330_4166---Protocollo_intesa_autonomia_abitativa_donne_vittime_di_violenza_CittMtrBO.json,comuni,Vergato
08_2406_rta_08_241015091330_4166---Protocollo_intesa_autonomia_abitativa_donne_vittime_di_violenza_CittMtrBO.json,comuni,Zola Predosa
08_2406_rta_08_241015091330_4166---Protocollo_intesa_autonomia_abitativa_donne_vittime_di_violenza_CittMtrBO.json,unioni,Di Comuni Dei Sette Distretti Socio- Sanitari E Le Associazioni Che Si Occupano Di Contrasto Alla Violenza Di Genere Presenti Sul Territorio Metropolitano Hanno Approvato
08_2406_rta_08_241015091330_4166---Protocollo_intesa_autonomia_abitativa_donne_vittime_di_violenza_CittMtrBO.json,unioni,Di Comuni Dell
08_2406_rta_08_241015091330_4166---Protocollo_intesa_autonomia_abitativa_donne_vittime_di_violenza_CittMtrBO.json,unioni,E Comuni Non Associati Dell'Area Bolognese
08_2406_rta_08_241015091330_4166---Protocollo_intesa_autonomia_abitativa_donne_vittime_di_violenza_CittMtrBO.json,associazioni,Appc
08_2406_rta_08_241015091330_4166---Protocollo_intesa_autonomia_abitativa_donne_vittime_di_violenza_CittMtrBO.json,associazioni,Associazione Sos Donna
08_2406_rta_08_241015091330_4166---Protocollo_intesa_autonomia_abitativa_donne_vittime_di_violenza_CittMtrBO.json,associazioni,Proprietari Case
08_2406_rta_08_241015091355_4166---PROTOCOLLO_CONTRO_VIOLENZA_firmato2023.json,regioni,Emilia Romagna
08_2406_rta_08_241015091355_4166---PROTOCOLLO_CONTRO_VIOLENZA_firmato2023.json,province,Ad Approfondire I Temi Della Violenza Sulle Donne E Sui Minori E Si Impegna A
08_2406_rta_08_241015091355_4166---PROTOCOLLO_CONTRO_VIOLENZA_firmato2023.json,province,Di Ferrara
08_2406_rta_08_241015091355_4166---PROTOCOLLO_CONTRO_VIOLENZA_firmato2023.json,province,Di Ferrara Attraverso Gruppi E Circoli Locali
08_2406_rta_08_241015091355_4166---PROTOCOLLO_CONTRO_VIOLENZA_firmato2023.json,province,Su Eventuali Iniziative
08_2406_rta_08_241015091355_4166---PROTOCOLLO_CONTRO_VIOLENZA_firmato2023.json,comuni,Cento
08_2406_rta_08_241015091355_4166---PROTOCOLLO_CONTRO_VIOLENZA_firmato2023.json,comuni,Codigoro
08_2406_rta_08_241015091355_4166---PROTOCOLLO_CONTRO_VIOLENZA_firmato2023.json,comuni,Copparo
08_2406_rta_08_241015091355_4166---PROTOCOLLO_CONTRO_VIOLENZA_firmato2023.json,comuni,Ferrara Tribunale Di Ferrara Procura Della Repubblica Presso Il Tribunale Di Ferrara Tribunale Per I Minorenni Dell
08_2406_rta_08_241015091355_4166---PROTOCOLLO_CONTRO_VIOLENZA_firmato2023.json,associazioni,Per Le Azioni Di Assistenza Psicologica E Legale Nonch
08_2406_rta_08_241015091355_4166---PROTOCOLLO_CONTRO_VIOLENZA_firmato2023.json,associazioni,Questione
08_2406_rta_08_241015091430_4166---Protocollo_Distrettuale_Contrasto_violenza_Donne2023.stamped.json,regioni,Emilia Romagna
08_2406_rta_08_241015091430_4166---Protocollo_Distrettuale_Contrasto_violenza_Donne2023.stamped.json,province,Con L
08_2406_rta_08_241015091430_4166---Protocollo_Distrettuale_Contrasto_violenza_Donne2023.stamped.json,province,Di Ferrara
08_2406_rta_08_241015091430_4166---Protocollo_Distrettuale_Contrasto_violenza_Donne2023.stamped.json,province,Partecipa Finanziariamente
08_2406_rta_08_241015091430_4166---Protocollo_Distrettuale_Contrasto_violenza_Donne2023.stamped.json,province,Tramite Le
08_2406_rta_08_241015091430_4166---Protocollo_Distrettuale_Contrasto_violenza_Donne2023.stamped.json,comuni,Distretto Centro-Nord Comprendente I Comuni Di Ferrara
08_2406_rta_08_241015091430_4166---Protocollo_Distrettuale_Contrasto_violenza_Donne2023.stamped.json,comuni,Ferrara - Capoluogo Di Provincia
08_2406_rta_08_241015091430_4166---Protocollo_Distrettuale_Contrasto_violenza_Donne2023.stamped.json,comuni,Ferrara Coordina I Lavori Del Tavolo Preposto Alle Iniziativa Di Contrasto Alla Violenza
08_2406_rta_08_241015091430_4166---Protocollo_Distrettuale_Contrasto_violenza_Donne2023.stamped.json,comuni,Ferrara E Del Comune Di Comacchio
08_2406_rta_08_241015091430_4166---Protocollo_Distrettuale_Contrasto_violenza_Donne2023.stamped.json,comuni,Ferrara Itt Patrimonio Dell
08_2406_rta_08_241015091430_4166---Protocollo_Distrettuale_Contrasto_violenza_Donne2023.stamped.json,comuni,Ferrara Protocollo Generale Tesy
08_2406_rta_08_241015091430_4166---Protocollo_Distrettuale_Contrasto_violenza_Donne2023.stamped.json,comuni,Jolanda Di Savoia Yo Wy
08_2406_rta_08_241015091430_4166---Protocollo_Distrettuale_Contrasto_violenza_Donne2023.stamped.json,comuni,Masi Torello
08_2406_rta_08_241015091430_4166---Protocollo_Distrettuale_Contrasto_violenza_Donne2023.stamped.json,comuni,Provincia Con L
08_2406_rta_08_241015091430_4166---Protocollo_Distrettuale_Contrasto_violenza_Donne2023.stamped.json,comuni,Territorio Di Competenza
08_2406_rta_08_241015091430_4166---Protocollo_Distrettuale_Contrasto_violenza_Donne2023.stamped.json,comuni,Territorio Provinciale
08_2406_rta_08_241015091430_4166---Protocollo_Distrettuale_Contrasto_violenza_Donne2023.stamped.json,comuni,Voghiera
08_2406_rta_08_241015091430_4166---Protocollo_Distrettuale_Contrasto_violenza_Donne2023.stamped.json,unioni,Di Comuni Che Ospitano Centri Antiviolenza E Case Rifugio
08_2406_rta_08_241015091430_4166---Protocollo_Distrettuale_Contrasto_violenza_Donne2023.stamped.json,associazioni,Consulenza Legale In Materia Di Diritto Di Famiglia
08_2406_rta_08_241015091430_4166---Protocollo_Distrettuale_Contrasto_violenza_Donne2023.stamped.json,associazioni,Ispira Ai Principi E Agli Obiettivi Dell
08_2406_rta_08_241015091430_4166---Protocollo_Distrettuale_Contrasto_violenza_Donne2023.stamped.json,associazioni,Laboratori Didattici E Partecipa A Convegni
08_2406_rta_08_241015091430_4166---Protocollo_Distrettuale_Contrasto_violenza_Donne2023.stamped.json,associazioni,Si
08_2406_rta_08_241015091500_4166---Protocollo_autonomia_lavorativa_def.json,regioni,Emilia - Romagna Arcidiocesi Di Bologna E Fondazione San Petronio Onlus Associazione Mondodonna Onlus Associazione Sos Donna Casa Delle Donne Per Non Subire Violenza Perledonne
08_2406_rta_08_241015091500_4166---Protocollo_autonomia_lavorativa_def.json,comuni,Bologna
08_2406_rta_08_241015091500_4166---Protocollo_autonomia_lavorativa_def.json,associazioni,Donna
08_2406_rta_08_241015091500_4166---Protocollo_autonomia_lavorativa_def.json,associazioni,Onlus
08_2406_rta_08_241015091553_4166---Protocollosullaviolenzadigenere_confirme_prot.json,regioni,Emilia Romagna Per L
08_2406_rta_08_241015091553_4166---Protocollosullaviolenzadigenere_confirme_prot.json,province,Di Rimini
08_2406_rta_08_241015091553_4166---Protocollosullaviolenzadigenere_confirme_prot.json,province,Di Rimini Il Centro Antiviolenza De
08_2406_rta_08_241015091553_4166---Protocollosullaviolenzadigenere_confirme_prot.json,province,Di Rimini La Consigliera Di Parita
08_2406_rta_08_241015091553_4166---Protocollosullaviolenzadigenere_confirme_prot.json,province,Di Rimini La Provincia Di Rimini
08_2406_rta_08_241015091553_4166---Protocollosullaviolenzadigenere_confirme_prot.json,province,Inseriti Nell
08_2406_rta_08_241015091553_4166---Protocollosullaviolenzadigenere_confirme_prot.json,province,La Vicesindaca Del Comune Di Rimini Il Sindaco Del Comune Di Cattolica I
08_2406_rta_08_241015091553_4166---Protocollosullaviolenzadigenere_confirme_prot.json,comuni,Distretto Di Riccione Il Comune Di Cattolica
08_2406_rta_08_241015091553_4166---Protocollosullaviolenzadigenere_confirme_prot.json,comuni,Rimini
08_2406_rta_08_241015091553_4166---Protocollosullaviolenzadigenere_confirme_prot.json,comuni,Territorio
08_2406_rta_08_241015091553_4166---Protocollosullaviolenzadigenere_confirme_prot.json,associazioni,Dei Comuni
08_2406_rta_08_241015091621_4166---PROTOCOLLO_22.json,regioni,Emilia- Romagna
08_2406_rta_08_241015091621_4166---PROTOCOLLO_22.json,province,Di Forli
08_2406_rta_08_241015091621_4166---PROTOCOLLO_22.json,province,Di Forli - Cesena Il Sindaco Di Forli Ll Sindaco Di Cesena Ll Presidente Dell
08_2406_rta_08_241015091621_4166---PROTOCOLLO_22.json,province,Di Forli-Cesena Comune Di Forli Comune Di Cesena Unione Rubicone E Mare Ausl Della Romagna Ufficio Scolastico Regionale Per
08_2406_rta_08_241015091621_4166---PROTOCOLLO_22.json,province,Di Forli-Cesena Copia Analogica
08_2406_rta_08_241015091621_4166---PROTOCOLLO_22.json,province,Di Forli-Cesena In Qualita Di Punto Di Riferimento Per Il Coinvolgimento Informativo E Divulgativo Presso I Vari Ordini Di Scuole
08_2406_rta_08_241015091621_4166---PROTOCOLLO_22.json,province,Di Forli-Cesena L
08_2406_rta_08_241015091621_4166---PROTOCOLLO_22.json,province,Di Forli-Cesena Universita Degli Studi Di Bologna
08_2406_rta_08_241015091621_4166---PROTOCOLLO_22.json,province,La Provincia Di Forli- Cesena
08_2406_rta_08_241015091621_4166---PROTOCOLLO_22.json,province,Ufficio Scolastico Regionale Di Forli'-Cesena Per L
08_2406_rta_08_241015091621_4166---PROTOCOLLO_22.json,province,Unione Rubicone E Mare Comando Prov
08_2406_rta_08_241015091621_4166---PROTOCOLLO_22.json,comuni,Cesena Nell
08_2406_rta_08_241015091621_4166---PROTOCOLLO_22.json,comuni,Cesenatico
08_2406_rta_08_241015091621_4166---PROTOCOLLO_22.json,comuni,Forli Comune Di Cesena Unione Rubicone E Mare Ausl Della Romagna Ufficio Scolastico Regionale Per
08_2406_rta_08_241015091621_4166---PROTOCOLLO_22.json,comuni,Forli E Del Comune Di Cesena Sono Stati Inseriti Nell
08_2406_rta_08_241015091621_4166---PROTOCOLLO_22.json,comuni,Forli E Ordine Degli Avvocati E Fondazione Forense Di Forli-Cesena
08_2406_rta_08_241015091621_4166---PROTOCOLLO_22.json,comuni,Forli Nell'Ambito Delle Attivita Del Centro Donna Del Comune Di Forli
08_2406_rta_08_241015091621_4166---PROTOCOLLO_22.json,comuni,Forli Quali
08_2406_rta_08_241015091621_4166---PROTOCOLLO_22.json,comuni,Provincia
08_2406_rta_08_241015091621_4166---PROTOCOLLO_22.json,associazioni,Amaranto
08_2406_rta_08_241015091621_4166---PROTOCOLLO_22.json,associazioni,Caritatis In Qualita Di Strumento Gestionale
08_2406_rta_08_241015091621_4166---PROTOCOLLO_22.json,associazioni,Donna
08_2406_rta_08_241015091621_4166---PROTOCOLLO_22.json,associazioni,Per La Famiglia
08_2406_rta_08_241015091655_4166---Aggiornamentointegrazioneprotocollooperativoapprovatonelgiugno2008.json,province,Con Particolare Riferimento A Quelli Dedicati All
08_2406_rta_08_241015091655_4166---Aggiornamentointegrazioneprotocollooperativoapprovatonelgiugno2008.json,province,Di Reggio Emilia - Consigliera Di Partta Provinciale Di Reggio Emilia Reggio Emilia
08_2406_rta_08_241015091655_4166---Aggiornamentointegrazioneprotocollooperativoapprovatonelgiugno2008.json,province,Di Reggio Emilia E Delle Modifiche Pervenute
08_2406_rta_08_241015091655_4166---Aggiornamentointegrazioneprotocollooperativoapprovatonelgiugno2008.json,province,Di Reggio Emilia Jord Roam Tribunale Di Reggio Emilia
08_2406_rta_08_241015091655_4166---Aggiornamentointegrazioneprotocollooperativoapprovatonelgiugno2008.json,province,Di Reggio Emilia La Provincia Di Reggio Emilia
08_2406_rta_08_241015091655_4166---Aggiornamentointegrazioneprotocollooperativoapprovatonelgiugno2008.json,province,Di Reggio Emilia Vanta Buone Pratiche A Livello Europeo
08_2406_rta_08_241015091655_4166---Aggiornamentointegrazioneprotocollooperativoapprovatonelgiugno2008.json,comuni,Reggio Emilia - Prefettura Di Reggio Emilia - Tribunale Di Reggio Emilia - Procura Della Repubblica Di Reggio Emilia - Questura Di Reggio Emilia
08_2406_rta_08_241015091655_4166---Aggiornamentointegrazioneprotocollooperativoapprovatonelgiugno2008.json,comuni,Reggio Ha Aderito
08_2406_rta_08_241015091655_4166---Aggiornamentointegrazioneprotocollooperativoapprovatonelgiugno2008.json,associazioni,Alle Donne Maltrattate
08_2406_rta_08_241015091655_4166---Aggiornamentointegrazioneprotocollooperativoapprovatonelgiugno2008.json,associazioni,Di Lhe
08_2406_rta_08_241015091655_4166---Aggiornamentointegrazioneprotocollooperativoapprovatonelgiugno2008.json,associazioni,Di Reggio Emilia
08_2406_rta_08_241015091655_4166---Aggiornamentointegrazioneprotocollooperativoapprovatonelgiugno2008.json,associazioni,Donne Giuriste Ha Tra I Suoi Scopi Statutari
08_2406_rta_08_241015091655_4166---Aggiornamentointegrazioneprotocollooperativoapprovatonelgiugno2008.json,associazioni,Nondasola
08_2406_rta_08_241015091655_4166---Aggiornamentointegrazioneprotocollooperativoapprovatonelgiugno2008.json,associazioni,Per Attivare Un Percorso Di Accoglienza Presso Il Centro Antiviolenza Casa
08_2406_rta_08_241015091725_4166---Protoc-Prefett-2017.json,province,Di Modena
08_2406_rta_08_241015091725_4166---Protoc-Prefett-2017.json,province,Di Modena Associazione Gruppo Donne E Giustizia Casa Delle Donne Contro La Violenza Onlus - Centro Antiviolenza Vivere Donna Onlus - Centro Antiviolenza Protocollo D
08_2406_rta_08_241015091725_4166---Protoc-Prefett-2017.json,province,Di Modena Associazione Gruppo Donne E Giustizia Casa Delle Donne Contro La Violenza Onlus - Centro Antiviolenza Vivere Donna Onlus- Centro Antiviolenza
08_2406_rta_08_241015091725_4166---Protoc-Prefett-2017.json,province,Di Modena Comune Di Modena Questura Di Modena Comando Provinciale Dei Carabinieri Di Modena Unimore -
08_2406_rta_08_241015091725_4166---Protoc-Prefett-2017.json,province,Di Modena Comune Di Modena Questura Di Modena Comando Provinciale Dei Carabinieri Di Modena Unimore - Universita Degli Studi Di Modena E Reggio Emilia Miur - Ufficio Scolastico Regionale Per
08_2406_rta_08_241015091725_4166---Protoc-Prefett-2017.json,province,Di Modena Con La Dirigenza Scolastica E Con L'Universita Degli Studi Di Modena E Reggio Emilia
08_2406_rta_08_241015091725_4166---Protoc-Prefett-2017.json,province,Di Modena Hanno Assunto I
08_2406_rta_08_241015091725_4166---Protoc-Prefett-2017.json,province,Di Modena On
08_2406_rta_08_241015091725_4166---Protoc-Prefett-2017.json,province,Di Modena Per L
08_2406_rta_08_241015091725_4166---Protoc-Prefett-2017.json,province,Di Modena Supportare Le Istituzioni Scolastiche Autonome Per L
08_2406_rta_08_241015091725_4166---Protoc-Prefett-2017.json,province,Di Modena Unione Dei Comuni Del Distretto Ceramico Unione Delle Terre D
08_2406_rta_08_241015091725_4166---Protoc-Prefett-2017.json,province,E Sostenere L
08_2406_rta_08_241015091725_4166---Protoc-Prefett-2017.json,comuni,Distretto Ceramico Unione Delle Terre D
08_2406_rta_08_241015091725_4166---Protoc-Prefett-2017.json,comuni,Frignano
08_2406_rta_08_241015091725_4166---Protoc-Prefett-2017.json,comuni,Modena Questura Di Modena Comando Provinciale Dei Carabinieri Di Modena Unimore -
08_2406_rta_08_241015091725_4166---Protoc-Prefett-2017.json,comuni,Montese Emilia-Romagna Emilia-Romagna Consigliere Al Lavoro Women At Work Consigliera Di Parita
08_2406_rta_08_241015091725_4166---Protoc-Prefett-2017.json,comuni,San Cesario Sul Panaro
08_2406_rta_08_241015091725_4166---Protoc-Prefett-2017.json,comuni,Sorbara
08_2406_rta_08_241015091725_4166---Protoc-Prefett-2017.json,unioni,Dei Comuni E Amministrazioni Comunali In Base Alla Distinzione Fra I Tre Diversi Livelli Di Prevenzione Previsti Dal Piano Regionale Contro La Violenza Di Alle Donne
08_2406_rta_08_241015091725_4166---Protoc-Prefett-2017.json,unioni,Dei Comuni E Dai Comuni Al Fine Di Dare Risposte Operative Alle Esigenze
08_2406_rta_08_241015091725_4166---Protoc-Prefett-2017.json,unioni,Di Comuni Possono Distinguersi In
08_2406_rta_08_241015091725_4166---Protoc-Prefett-2017.json,associazioni,Donne E Giustizia
08_2406_rta_08_241015091725_4166---Protoc-Prefett-2017.json,associazioni,E Sostegno Attraverso
08_2406_rta_08_241015091725_4166---Protoc-Prefett-2017.json,associazioni,Edelleg Donne
08_2406_rta_08_241015091725_4166---Protoc-Prefett-2017.json,associazioni,Questione Valutare Ed Avviare Un Percorso Adeguato E Completo Rispetto Alle Richieste Della
08_2406_rta_08_241015091748_4166---ProtocolloProvincialeCaserifugio2023.2025.json,regioni,Emilia-Romagna Ha Approvato Il Piano Regionale Contro La Violenza Di Genere Ai Sensi Dell
08_2406_rta_08_241015091748_4166---ProtocolloProvincialeCaserifugio2023.2025.json,regioni,Riconosce La Funzione Essenziale Dei Centri Antiviolenza Di Cui Al Decreto-Legge
08_2406_rta_08_241015091748_4166---ProtocolloProvincialeCaserifugio2023.2025.json,province,Di Ravenna
08_2406_rta_08_241015091748_4166---ProtocolloProvincialeCaserifugio2023.2025.json,province,Di Ravenna Corrispondenti Mittenti
08_2406_rta_08_241015091748_4166---ProtocolloProvincialeCaserifugio2023.2025.json,province,Di Ravenna E Che Agiscono In Nome E Per Conto Di Ausl Rispettivamente
08_2406_rta_08_241015091748_4166---ProtocolloProvincialeCaserifugio2023.2025.json,comuni,Bassa Romagna
08_2406_rta_08_241015091748_4166---ProtocolloProvincialeCaserifugio2023.2025.json,comuni,Provenienza
08_2406_rta_08_241015091748_4166---ProtocolloProvincialeCaserifugio2023.2025.json,comuni,Ravenna - Capofila Del Servizio
08_2406_rta_08_241015091748_4166---ProtocolloProvincialeCaserifugio2023.2025.json,comuni,Ravenna - Comune Di Ravenna - Protocollo Generale
08_2406_rta_08_241015091748_4166---ProtocolloProvincialeCaserifugio2023.2025.json,comuni,Romagna Faentina N
08_2406_rta_08_241015091748_4166---ProtocolloProvincialeCaserifugio2023.2025.json,associazioni,Donna Odv
08_2406_rta_08_241015091748_4166---ProtocolloProvincialeCaserifugio2023.2025.json,associazioni,Donne In Aiuto
08_2406_rta_08_241015091748_4166---ProtocolloProvincialeCaserifugio2023.2025.json,associazioni,Stessa
08_2406_rta_08_241015091748_4166---ProtocolloProvincialeCaserifugio2023.2025.json,associazioni,Volontariato
08_2406_rta_08_241015091832_4166---P.G.111546-2023PROTOCOLLOOPERATIVOFENOMENOVIOLENZADONNE(1).json,regioni,Emilia-Romagna Sull
08_2406_rta_08_241015091832_4166---P.G.111546-2023PROTOCOLLOOPERATIVOFENOMENOVIOLENZADONNE(1).json,province,Di Piacenza
08_2406_rta_08_241015091832_4166---P.G.111546-2023PROTOCOLLOOPERATIVOFENOMENOVIOLENZADONNE(1).json,province,Di Piacenza Centro Antiviolenza Piacenza
08_2406_rta_08_241015091832_4166---P.G.111546-2023PROTOCOLLOOPERATIVOFENOMENOVIOLENZADONNE(1).json,province,Di Piacenza Comune Di Piacenza Questura Di Piacenza Comando Provinciale Dell
08_2406_rta_08_241015091832_4166---P.G.111546-2023PROTOCOLLOOPERATIVOFENOMENOVIOLENZADONNE(1).json,province,Di Piacenza Uarticolazione Territoriale Dell
08_2406_rta_08_241015091832_4166---P.G.111546-2023PROTOCOLLOOPERATIVOFENOMENOVIOLENZADONNE(1).json,province,La Provincia Di Piacenza Nell'Ambito Delle Proprie Prerogative Istituzionali
08_2406_rta_08_241015091832_4166---P.G.111546-2023PROTOCOLLOOPERATIVOFENOMENOVIOLENZADONNE(1).json,comuni,Piacenza Si Impegna A
08_2406_rta_08_241015091832_4166---P.G.111546-2023PROTOCOLLOOPERATIVOFENOMENOVIOLENZADONNE(1).json,comuni,Provincia
08_2406_rta_08_241015091832_4166---P.G.111546-2023PROTOCOLLOOPERATIVOFENOMENOVIOLENZADONNE(1).json,associazioni,Questione Valutare Ed Avviare Un Percorso Adeguato E Completo Rispetto
08_2406_rta_08_241015091917_4166---Protocollo2022-2024.json,province,Di Piacenza
08_2406_rta_08_241015091917_4166---Protocollo2022-2024.json,comuni,Castel San Giovanni Si Impegna A
08_2406_rta_08_241015091917_4166---Protocollo2022-2024.json,comuni,Fiorenzuola D
08_2406_rta_08_241015091917_4166---Protocollo2022-2024.json,comuni,Piacenza E Il Centro Antiviolenza
08_2406_rta_08_241015091917_4166---Protocollo2022-2024.json,comuni,Residenza Come Verra Meglio Dettagliato
08_2406_rta_08_241015091917_4166---Protocollo2022-2024.json,associazioni,Fondatrice Della Rete
08_2406_rta_08_241015092005_4166---DG216-2024.json,province,Di Piacenza
08_2406_rta_08_241015092005_4166---DG216-2024.json,comuni,Piacenza E Consigliera Di Parita Della Provincia Di Piacenza
08_2406_rta_08_241015092005_4166---DG216-2024.json,comuni,Piacenza E Provincia
08_2406_rta_08_241015092005_4166---DG216-2024.json,comuni,Piacenza Possa Favorire La Conoscenza
08_2406_rta_08_241015092005_4166---DG216-2024.json,comuni,Piacenza É Impegnato Da Anni A Sostenere Le Azioni Volte A Contrastare Il
08_2406_rta_08_241015092024_4166---Protocollooperativo.json,province,Di Modena
08_2406_rta_08_241015092024_4166---Protocollooperativo.json,province,Di Modena Cell
08_2406_rta_08_241015092024_4166---Protocollooperativo.json,province,Di Modena Per La Promozione Di Strategie Condivise Finalizzate Alla Prevenzione Ed Al Contrasto Del Fenomeno Della Violenza Nei Confronti Delle Donne
08_2406_rta_08_241015092024_4166---Protocollooperativo.json,province,Di Modena Via Bernardin
08_2406_rta_08_241015092024_4166---Protocollooperativo.json,comuni,Camposanto
08_2406_rta_08_241015092024_4166---Protocollooperativo.json,comuni,Cavezzo Via Cavour
08_2406_rta_08_241015092024_4166---Protocollooperativo.json,comuni,Cavezzo Via Dante Alighieri
08_2406_rta_08_241015092024_4166---Protocollooperativo.json,comuni,Concordia
08_2406_rta_08_241015092024_4166---Protocollooperativo.json,comuni,Finale Emilia Via Montegrappa N
08_2406_rta_08_241015092024_4166---Protocollooperativo.json,comuni,Martedi Giovedi Sabato
08_2406_rta_08_241015092024_4166---Protocollooperativo.json,comuni,Medolla Piazza Garibaldi N
08_2406_rta_08_241015092024_4166---Protocollooperativo.json,comuni,Mirandola
08_2406_rta_08_241015092024_4166---Protocollooperativo.json,comuni,Residenza
08_2406_rta_08_241015092024_4166---Protocollooperativo.json,comuni,San Felice Panaro Palazzo Municipale
08_2406_rta_08_241015092024_4166---Protocollooperativo.json,comuni,San Prospero
08_2406_rta_08_241015092024_4166---Protocollooperativo.json,associazioni,Delle
08_2406_rta_08_241015092049_4166---PROTOCOLLOD.G.C.FAENZA304-2009.json,regioni,Ai Sensi Della L
08_2406_rta_08_241015092049_4166---PROTOCOLLOD.G.C.FAENZA304-2009.json,regioni,Emilia-Romagna
08_2406_rta_08_241015092049_4166---PROTOCOLLOD.G.C.FAENZA304-2009.json,province,Di Ravenna
08_2406_rta_08_241015092049_4166---PROTOCOLLOD.G.C.FAENZA304-2009.json,comuni,Faenza Al Protocollo D'Intesa Con La Presidenza Del Consiglio Dei Ministri - Dipartimento Per Le Pari Opportunita
08_2406_rta_08_241015092049_4166---PROTOCOLLOD.G.C.FAENZA304-2009.json,comuni,Faenza Durante Il
08_2406_rta_08_241015092049_4166---PROTOCOLLOD.G.C.FAENZA304-2009.json,comuni,Faenza E Gli Altri Comuni Del Comprensorio Sui Progetti Di Pari Opportunita
08_2406_rta_08_241015092049_4166---PROTOCOLLOD.G.C.FAENZA304-2009.json,comuni,Faenza E Le Amministrazioni Comunali
08_2406_rta_08_241015092049_4166---PROTOCOLLOD.G.C.FAENZA304-2009.json,comuni,Faenza Prot
08_2406_rta_08_241015092049_4166---PROTOCOLLOD.G.C.FAENZA304-2009.json,comuni,Riolo Terme
08_2406_rta_08_241015092049_4166---PROTOCOLLOD.G.C.FAENZA304-2009.json,comuni,Solarolo
08_2406_rta_08_241015092049_4166---PROTOCOLLOD.G.C.FAENZA304-2009.json,associazioni,Acquisire Conoscenze
08_2406_rta_08_241015092049_4166---PROTOCOLLOD.G.C.FAENZA304-2009.json,associazioni,Donna
08_2406_rta_08_241015092049_4166---PROTOCOLLOD.G.C.FAENZA304-2009.json,associazioni,Donna Di Faenza
09_ALTA VALDELSA Protocollo-violenza-valdelsa-2022_ALTA VALDELSA.json,regioni,Toscana E Definito Dalla Dgr N
09_ALTA VALDELSA Protocollo-violenza-valdelsa-2022_ALTA VALDELSA.json,regioni,Toscana Legge Regionale Toscana N
09_ALTA VALDELSA Protocollo-violenza-valdelsa-2022_ALTA VALDELSA.json,province,Di Siena
09_ALTA VALDELSA Protocollo-violenza-valdelsa-2022_ALTA VALDELSA.json,province,Di Siena Paola Pedani Po Aziendale Educazione Alla Salute Nicoletta Baracchini Direttore Generale Fondazione Territori Sociali Alta Val D
09_ALTA VALDELSA Protocollo-violenza-valdelsa-2022_ALTA VALDELSA.json,province,Di Siena Si Rende Disponibile A Indicare Un Referente Che Partecipa Al Tavolo Valdelsa E Avvia In Collaborazione Con Il Cpo Altavaldelsa E
09_ALTA VALDELSA Protocollo-violenza-valdelsa-2022_ALTA VALDELSA.json,comuni,Casole D
09_ALTA VALDELSA Protocollo-violenza-valdelsa-2022_ALTA VALDELSA.json,comuni,Colle Di Val D
09_ALTA VALDELSA Protocollo-violenza-valdelsa-2022_ALTA VALDELSA.json,comuni,Poggibonsi Nella Sua Qualita Di Sindaco Del Comune Di Poggibonsi
09_ALTA VALDELSA Protocollo-violenza-valdelsa-2022_ALTA VALDELSA.json,comuni,Poggibonsi Nicola Magni Vicesegretario Con Funzioni Vicarie Del Servizio
09_ALTA VALDELSA Protocollo-violenza-valdelsa-2022_ALTA VALDELSA.json,comuni,Radicondoli Alum Sagt
09_ALTA VALDELSA Protocollo-violenza-valdelsa-2022_ALTA VALDELSA.json,comuni,Radicondoli Nicola Marini Procuratore Della Repubblica Facente Funzioni Al Biancamaria Rossi Diretfore Socweta Della Salute Alta Val D
09_ALTA VALDELSA Protocollo-violenza-valdelsa-2022_ALTA VALDELSA.json,comuni,San Gimignano A Francesco Parri Responsabile Area Amministrativa Gianni Mori Responsabile Del Settore Amministrativo-Contabile Comune Di Radicondoli In I Eal Valentina Pappalardo Unicipaj
09_ALTA VALDELSA Protocollo-violenza-valdelsa-2022_ALTA VALDELSA.json,comuni,Vadelsa É
09_ALTA VALDELSA Protocollo-violenza-valdelsa-2022_ALTA VALDELSA.json,associazioni,Base Delle Indicazioni Contenute In Questi Atti Sovracomunali Accoglie Le Donne
09_ALTA VALDELSA Protocollo-violenza-valdelsa-2022_ALTA VALDELSA.json,associazioni,Decodifica Della Violenza Di Genere E Rispetto Alla
09_ALTA VALDELSA Protocollo-violenza-valdelsa-2022_ALTA VALDELSA.json,associazioni,Genetisti Forensi Italiani Contenute All
09_ALTA VALDELSA Protocollo-violenza-valdelsa-2022_ALTA VALDELSA.json,associazioni,Insieme Nel Definire Il Piano Di Accompagnamento E Di Uscita Dalla Violenza
09_ALTA VALDELSA Protocollo-violenza-valdelsa-2022_ALTA VALDELSA.json,associazioni,Insieme Val D
09_ALTA VALDELSA Protocollo-violenza-valdelsa-2022_ALTA VALDELSA.json,associazioni,Insieme Valdelsa E
09_ALTA VALDELSA Protocollo-violenza-valdelsa-2022_ALTA VALDELSA.json,associazioni,Insieme Valdelsa Gestisce I
09_ALTA VALDELSA Protocollo-violenza-valdelsa-2022_ALTA VALDELSA.json,associazioni,Insieme Valdelsa Ha Sede Legale Nel Comune Di Colle Di Val D
09_ALTA VALDELSA Protocollo-violenza-valdelsa-2022_ALTA VALDELSA.json,associazioni,Qualvolta Stanno
09_ALTA VALDELSA Protocollo-violenza-valdelsa-2022_ALTA VALDELSA.json,associazioni,Vantaggio Donna
09_ALTAVALDICECINAVALDERA_Convenzione.json,regioni,Toscana Ha Assegnato Al Progetto
09_ALTAVALDICECINAVALDERA_Convenzione.json,regioni,Toscana Ha Pubblicato Un Avviso Per La Presentazione Di Progetti Antiviolenza
09_ALTAVALDICECINAVALDERA_Convenzione.json,province,Di Pisa E Altri Soggetti Del Terzo Settore
09_ALTAVALDICECINAVALDERA_Convenzione.json,comuni,Bientina Ed Unione Valdera
09_ALTAVALDICECINAVALDERA_Convenzione.json,associazioni,Della Donna
09_ALTAVALDICECINAVALDERA_Convenzione.json,associazioni,Della Donna Di Pisa
09_ALTAVALDICECINAVALDERA_Convenzione.json,associazioni,Presentato Idonea Documentazione
09_APUANE_2015 Protocollo Prefettura.json,regioni,Toscana N
09_APUANE_2015 Protocollo Prefettura.json,province,Di Massa Carrara
09_APUANE_2015 Protocollo Prefettura.json,province,Di Massa Carrara Dott
09_APUANE_2015 Protocollo Prefettura.json,province,Di Massa Carrara Massa Al Sig
09_APUANE_2015 Protocollo Prefettura.json,comuni,Carrara Carrara Al Sig
09_APUANE_2015 Protocollo Prefettura.json,comuni,Carrara Il Vice Sindaco Fiorella Fambrini
09_APUANE_2015 Protocollo Prefettura.json,comuni,Cui All'Art
09_APUANE_2015 Protocollo Prefettura.json,comuni,Massa Massa
09_APUANE_2015 Protocollo Prefettura.json,comuni,Montignoso Montignoso Al Sig
09_APUANE_2015 Protocollo Prefettura.json,comuni,Provincia Di Massa Carrara
09_APUANE_2020_Convenzione CAV definitiva.json,regioni,Toscana N
09_APUANE_2020_Convenzione CAV definitiva.json,comuni,Carrara Affida All
09_APUANE_2020_Convenzione CAV definitiva.json,comuni,Carrara Centro Itallano Femminile Aau Ci
09_APUANE_2020_Convenzione CAV definitiva.json,comuni,Carrara Con Mail Del
09_APUANE_2020_Convenzione CAV definitiva.json,comuni,Carrara Convenzione Per La Gestione Del Centro Antiviolenza
09_APUANE_2020_Convenzione CAV definitiva.json,comuni,Carrara Decorato Di Medaglia D
09_APUANE_2020_Convenzione CAV definitiva.json,comuni,Carrara E Sul Sito Web Del Comune Di Carrara
09_APUANE_2020_Convenzione CAV definitiva.json,comuni,Carrara Per Mesi N
09_APUANE_2020_Convenzione CAV definitiva.json,associazioni,All
09_APUANE_2020_Convenzione CAV definitiva.json,associazioni,Carrara
09_APUANE_2020_Convenzione CAV definitiva.json,associazioni,Carrara E Come
09_APUANE_2020_Convenzione CAV definitiva.json,associazioni,Collaborare Alle Verifiche Effettuate Sulle Attivita E Sulla Gestione Del
09_APUANE_2020_Convenzione CAV definitiva.json,associazioni,Comunicare L
09_APUANE_2020_Convenzione CAV definitiva.json,associazioni,Entro
09_APUANE_2020_Convenzione CAV definitiva.json,associazioni,Facolta Di Presentare Le Proprie Controdeduzioni Entro E Non Oltre
09_APUANE_2020_Convenzione CAV definitiva.json,associazioni,Garantire L
09_APUANE_2020_Convenzione CAV definitiva.json,associazioni,Gestrice
09_APUANE_2020_Convenzione CAV definitiva.json,associazioni,Impegna A Garantire Le Necessarie Attivita Di Aggiornamento Del
09_APUANE_2020_Convenzione CAV definitiva.json,associazioni,Impegna Inoltre A Svolgere
09_APUANE_2020_Convenzione CAV definitiva.json,associazioni,Inoltre Trasmettere I
09_APUANE_2020_Convenzione CAV definitiva.json,associazioni,Nell
09_APUANE_2020_Convenzione CAV definitiva.json,associazioni,Normativa Regionale
09_APUANE_2020_Convenzione CAV definitiva.json,associazioni,Obbliga Ad Eseguire La Gestione Del Centro Antiviolenza Alle Condizioni Previste
09_APUANE_2020_Convenzione CAV definitiva.json,associazioni,Per La Gestione Del Centro Antiviolenza
09_APUANE_2020_Convenzione CAV definitiva.json,associazioni,Preventivamente Comunicare All
09_APUANE_2020_Convenzione CAV definitiva.json,associazioni,Tenuta A Rispettare Gli Orari Di Apertura E Chiusura Del Centro
09_APUANE_2020_Convenzione CAV definitiva.json,associazioni,Tenuta Ad Utilizzare Gli Ambienti Messi A Disposizione Dall
09_APUANE_2020_Convenzione CAV definitiva.json,associazioni,Tenuta All
09_APUANE_Assegnazione locali Casa delle Caroline.json,regioni,Promuova E Sostenga Progetti Antiviolenza
09_APUANE_Assegnazione locali Casa delle Caroline.json,regioni,Toscana Per Il Mantenimento Dell
09_APUANE_Assegnazione locali Casa delle Caroline.json,province,Di Massa Carrara Deliberazione Della Giunta Comunale N
09_APUANE_Assegnazione locali Casa delle Caroline.json,comuni,Montignoso Collabora Da Sempre Con Le Associazioni Del Territorio Che Operano Per Il Perseguimento
09_APUANE_Assegnazione locali Casa delle Caroline.json,comuni,Montignoso Denominato
09_APUANE_Assegnazione locali Casa delle Caroline.json,comuni,Montignoso Provincia Di Massa Carrara Deliberazione Della Giunta Comunale N
09_APUANE_Assegnazione locali Casa delle Caroline.json,associazioni,A Seguito Di Deliberazione N
09_APUANE_Assegnazione locali Casa delle Caroline.json,associazioni,Per La Realizzazione Dei Servizi Minimi Previsti
09_APUANE_Assegnazione locali Casa delle Caroline.json,associazioni,Quale Unico Centro
09_APUANE_Assegnazione locali Casa delle Caroline.json,associazioni,Sabine
09_APUANE_Assegnazione locali Casa delle Caroline.json,associazioni,Sara
09_APUANE_CAV Convenzione.json,regioni,Toscana
09_APUANE_CAV Convenzione.json,comuni,Carrara A Fronte Della Gestione Del Centro Antiviolenza
09_APUANE_CAV Convenzione.json,comuni,Carrara Affida All
09_APUANE_CAV Convenzione.json,comuni,Carrara Convenzione Per La Gestione Del Centro Antiviolenza
09_APUANE_CAV Convenzione.json,comuni,Carrara Decorato Di Medaglia D
09_APUANE_CAV Convenzione.json,comuni,Carrara Dichiara Che
09_APUANE_CAV Convenzione.json,comuni,Carrara Per Mesi N
09_APUANE_CAV Convenzione.json,associazioni,All
09_APUANE_CAV Convenzione.json,associazioni,Carrara
09_APUANE_CAV Convenzione.json,associazioni,Collaborare Alle Verifiche Effettuate Sulle Attivita E Sulla Gestione Del
09_APUANE_CAV Convenzione.json,associazioni,Comunicare L
09_APUANE_CAV Convenzione.json,associazioni,Entro
09_APUANE_CAV Convenzione.json,associazioni,Essere
09_APUANE_CAV Convenzione.json,associazioni,Facolta Di Presentare Le Proprie Controdeduzioni Entro E
09_APUANE_CAV Convenzione.json,associazioni,Garantire L
09_APUANE_CAV Convenzione.json,associazioni,Gestrice
09_APUANE_CAV Convenzione.json,associazioni,Impegna A Garantire Le Necessarie Attivita Di Aggiornamento Del Personale
09_APUANE_CAV Convenzione.json,associazioni,Impegna Inoltre A Svolgere
09_APUANE_CAV Convenzione.json,associazioni,Inoltre Trasmettere I
09_APUANE_CAV Convenzione.json,associazioni,Nell
09_APUANE_CAV Convenzione.json,associazioni,Normativa Regionale
09_APUANE_CAV Convenzione.json,associazioni,Obbliga Ad Eseguire La Gestione Del Centro Antiviolenza Alle Condizioni Previste
09_APUANE_CAV Convenzione.json,associazioni,Per La Gestione Del Centro Antiviolenza
09_APUANE_CAV Convenzione.json,associazioni,Preventivamente Comunicare All
09_APUANE_CAV Convenzione.json,associazioni,Rimborso Delle Spese Sostenute Ai Sensi Dell
09_APUANE_CAV Convenzione.json,associazioni,Tenuta A Rispettare Gli Orari Di Apertura E Chiusura Del Centro Antiviolenza
09_APUANE_CAV Convenzione.json,associazioni,Tenuta Ad Utilizzare Gli Ambienti Messi A Disposizione Dall
09_APUANE_CONVENZIONE sabine-2.json,province,Di Massa - Carrara Convenzione Per L
09_APUANE_CONVENZIONE sabine-2.json,comuni,Montignoso Provincia Di Massa - Carrara Convenzione Per L
09_APUANE_CONVENZIONE sabine-2.json,comuni,Montignoso Si Riserva Il Diritto Di
09_APUANE_CONVENZIONE sabine-2.json,associazioni,Aggiudicataria
09_APUANE_CONVENZIONE sabine-2.json,associazioni,Con Sede A Montignoso
09_APUANE_CONVENZIONE sabine-2.json,associazioni,Dovra Comunicare Annualmente All
09_APUANE_CONVENZIONE sabine-2.json,associazioni,Espressamente L
09_APUANE_CONVENZIONE sabine-2.json,associazioni,Non Potra Cedere A Terzi
09_APUANE_CONVENZIONE sabine-2.json,associazioni,Sabine
09_APUANE_CONVENZIONE sabine-2.json,associazioni,Suddetta
09_APUANE_CONVENZIONE sabine-2.json,associazioni,Utilizzata In Forma Completamente Gratuita Dall
09_APUANE_CartaServizi_CentroAntiviolenzaDUNA_MS[1].json,regioni,Toscana Contro La Violenza Di Genere
09_APUANE_CartaServizi_CentroAntiviolenzaDUNA_MS[1].json,province,Di Massa Carrara
09_APUANE_CartaServizi_CentroAntiviolenzaDUNA_MS[1].json,comuni,Massa Per I Casi Di Violenza Sulle Donne E Loro
09_APUANE_CartaServizi_CentroAntiviolenzaDUNA_MS[1].json,comuni,Massa Per Le Attivita Previste Dalla
09_APUANE_CartaServizi_CentroAntiviolenzaDUNA_MS[1].json,associazioni,Che Sono Regolarmente
09_APUANE_CartaServizi_CentroAntiviolenzaDUNA_MS[1].json,associazioni,Di Betania Onlus Attraverso Referenti Di
09_APUANE_CartaServizi_CentroAntiviolenzaDUNA_MS[1].json,associazioni,Fissare Quindi Un Incontro
09_APUANE_CartaServizi_CentroAntiviolenzaDUNA_MS[1].json,associazioni,Parita
09_APUANE_CartaServizi_CentroAntiviolenzaDUNA_MS[1].json,associazioni,Senza Fini Di Lucro
09_APUANE_Convenzione Pur.json,regioni,Toscana N
09_APUANE_Convenzione Pur.json,comuni,Carrara Convenzione Per La Realizzazione Di Interventi Di Carattere Preventivo E Di Trattamento Di Uomini Autori Di Violenza
09_APUANE_Convenzione Pur.json,comuni,Carrara Decorato Di Medaglia D
09_APUANE_Convenzione Pur.json,comuni,Carrara Ha Aderito Ad Avviso Pubblico Della Regione Toscana Pubblicato Ai Sensi Della Dgrt
09_APUANE_Convenzione Pur.json,comuni,Carrara Ha Previsto Apposito Stanziamento Di Bilancio Sul
09_APUANE_Convenzione Pur.json,comuni,Carrara Ma Anche Per Quelli Provenienti Dai
09_APUANE_Convenzione Pur.json,comuni,Carrara Per La Realizzazione Degli Interventi Oggetto Della Presente Convenzione
09_APUANE_Convenzione Pur.json,comuni,Carrara Prevede Tra Le Varie Azioni I Programmi Per Gli Uomini Maltrattanti Con Assegnazione Di
09_APUANE_Convenzione Pur.json,comuni,Zona Apuana
09_APUANE_Convenzione Pur.json,associazioni,Carrara Odv
09_APUANE_Convenzione_ultima_revisione - NOVEMBRE 2022.json,regioni,Toscana Ai Sensi Dell
09_APUANE_Convenzione_ultima_revisione - NOVEMBRE 2022.json,comuni,Massa Avra La Facolta Di Avvalersi
09_APUANE_Convenzione_ultima_revisione - NOVEMBRE 2022.json,comuni,Massa Con Deliberazione Della Giunta
09_APUANE_Convenzione_ultima_revisione - NOVEMBRE 2022.json,comuni,Massa Destinati A Finalita Sociali
09_APUANE_Convenzione_ultima_revisione - NOVEMBRE 2022.json,comuni,Massa E Come
09_APUANE_Convenzione_ultima_revisione - NOVEMBRE 2022.json,comuni,Massa E Dell
09_APUANE_Convenzione_ultima_revisione - NOVEMBRE 2022.json,comuni,Massa Ed Ets Lavoreranno In Modo Integrato Per Ricercare Bandi E Finanziamenti Allo Scopo Di Implementare Gli Interventi E Le Azioni Volte A Contrastare La Violenza Di Genere In Tutte Le Sue Sfaccettature
09_APUANE_Convenzione_ultima_revisione - NOVEMBRE 2022.json,comuni,Massa Ed Ets Verificheranno Congiuntamente Lo Svolgimento Delle Attivita
09_APUANE_Convenzione_ultima_revisione - NOVEMBRE 2022.json,comuni,Massa Ha Altresi La Facolta Di Ottenere La Risoluzione Della Convenzione Mediante Putilizzo Dello Strumento Di Cui All
09_APUANE_Convenzione_ultima_revisione - NOVEMBRE 2022.json,comuni,Massa Ha Facolta Di Verifica E Di Controllo Sullo Svolgimento Delle Attivita
09_APUANE_Convenzione_ultima_revisione - NOVEMBRE 2022.json,comuni,Massa In Quanto Lo Stesso Viene Decurtato Del
09_APUANE_Convenzione_ultima_revisione - NOVEMBRE 2022.json,comuni,Massa Intende Affidare In Concessione
09_APUANE_Convenzione_ultima_revisione - NOVEMBRE 2022.json,comuni,Massa O Di Competenza Del Comune Di Massa
09_APUANE_Convenzione_ultima_revisione - NOVEMBRE 2022.json,comuni,Massa O Per Le Quali Sia Competente Il Comune Di Massa
09_APUANE_Convenzione_ultima_revisione - NOVEMBRE 2022.json,comuni,Massa Per Danni A Beni Di Proprieta Dell
09_APUANE_Convenzione_ultima_revisione - NOVEMBRE 2022.json,comuni,Massa Per Ospitare Donne
09_APUANE_Convenzione_ultima_revisione - NOVEMBRE 2022.json,comuni,Massa Per Pespletamento Delle Attivita Oggetto Della Presente Convenzione Il Comune Di Massa
09_APUANE_Convenzione_ultima_revisione - NOVEMBRE 2022.json,comuni,Massa Per Tutta La Durata Della Convenzione Ed
09_APUANE_Convenzione_ultima_revisione - NOVEMBRE 2022.json,comuni,Massa Pert Iscritto
09_APUANE_Convenzione_ultima_revisione - NOVEMBRE 2022.json,comuni,Massa Pet Quanto Risatcito Ai Sensi Delle Polizze Stesse
09_APUANE_Convenzione_ultima_revisione - NOVEMBRE 2022.json,comuni,Massa Provvedera Al Pagamento Nei
09_APUANE_Convenzione_ultima_revisione - NOVEMBRE 2022.json,comuni,Massa Rispettivamente Con Decreto Dell
09_APUANE_Convenzione_ultima_revisione - NOVEMBRE 2022.json,comuni,Massa Sono Assicurati A Cura Del Comune Contro I Rischi Di Incendio
09_APUANE_Convenzione_ultima_revisione - NOVEMBRE 2022.json,comuni,Massa É Riservato Putilizzo Di Una Camera Con Tre Posti Letto Nella Casa Rifugio Applicando Le Rette Agevolate Di Cui Sopra
09_APUANE_Convenzione_ultima_revisione - NOVEMBRE 2022.json,comuni,Massa É Titolare Del Trattamento Dei Dati Personali Connessi All
09_APUANE_Convenzione_ultima_revisione - NOVEMBRE 2022.json,comuni,Provenienza
09_APUANE_Convenzione_ultima_revisione - NOVEMBRE 2022.json,associazioni,Indicata In Viale E
09_APUANE_Convenzione_ultima_revisione - NOVEMBRE 2022.json,associazioni,Parita
09_APUANE_farmacisti.json,province,Di Massa Carrara
09_APUANE_prefettura integrazione medici marzo 2017.json,province,Di Massa Carrara
09_APUANE_protocollo prefettura.json,regioni,Toscana N
09_APUANE_protocollo prefettura.json,province,Di Massa Carrara
09_APUANE_protocollo prefettura.json,province,Di Massa Carrara Dott
09_APUANE_protocollo prefettura.json,province,Di Massa Carrara Massa Al Sig
09_APUANE_protocollo prefettura.json,comuni,Carrara Carrara Al Sig
09_APUANE_protocollo prefettura.json,comuni,Carrara Il Vice Sindaco Fiorella Fambrini
09_APUANE_protocollo prefettura.json,comuni,Cui All'Art
09_APUANE_protocollo prefettura.json,comuni,Massa Massa
09_APUANE_protocollo prefettura.json,comuni,Montignoso Montignoso Al Sig
09_APUANE_protocollo prefettura.json,comuni,Provincia Di Massa Carrara
09_AREZZO Prot_2024-2026.json,regioni,Toscana
09_AREZZO Prot_2024-2026.json,province,Di Arezzo
09_AREZZO Prot_2024-2026.json,province,Di Arezzo Il Coordinamento Della Rete Antiviolenza
09_AREZZO Prot_2024-2026.json,province,Di Arezzo Per Il Tribunale Di Arezzo Per La Procura Della Repubblica Presso Il Tribunale Di Arezzo Per
09_AREZZO Prot_2024-2026.json,province,Di Arezzo Tribunale Di Arezzo Procura Della Repubblica Presso Il Tribunale Di Arezzo Azienda Usl Toscana Sud Est Ufficio Scolastico Regionale Per La Toscana Ambito Territoriale Della Provincia Di Arezzo Ufficio Vi Conferenza Dei Sindaci Della Zona Aretina Conferenza Zonale Dei Sindaci Del Casentino
09_AREZZO Prot_2024-2026.json,province,Di Arezzo Ufficio Vi
09_AREZZO Prot_2024-2026.json,province,Di Arezzo Ufficio Vi Per La Conferenza Dei Sindaci Della Zona Aretina Per La Conferenza Zonale Dei Sindaci Del Casentino Ae
09_AREZZO Prot_2024-2026.json,comuni,Arezzo
09_AREZZO Prot_2024-2026.json,comuni,Valtiberina Toscana Consigliera Provinciale Di Parita Associazione
09_Amiata Valdorcia senese e Val di Chiana senese Convenzione.json,regioni,Toscana Atto Di Convenzione Tra La Regione Toscana E Societa Della Salute Amiata Senese E Val D'Orcia Valdichiana Senese L
09_Amiata Valdorcia senese e Val di Chiana senese Convenzione.json,regioni,Toscana Con Sede Legale In Firenze
09_Amiata Valdorcia senese e Val di Chiana senese Convenzione.json,regioni,Toscana Ha Approvato La Delibera Di Giunta N
09_Amiata senese e Val d’Orcia-Val di Chiana senese CODICE ROSA.json,regioni,Toscana N
09_Amiata senese e Val d’Orcia-Val di Chiana senese NOTTOLA.json,associazioni,Donna
09_Amiata senese e Val d’Orcia-Val di Chiana senese.json,comuni,Residenza Della Signora
09_BASSA VAL DI CECINA-VAL DI CORNIA_decreto 2443 del 30-01-2024 .json,regioni,Toscana Azienda Usl Toscana Nord Ovest Via Cocchi
09_BASSA VAL DI CECINA-VAL DI CORNIA_decreto 2443 del 30-01-2024 .json,regioni,Toscana Mediante Start
09_CASENTINO Protocollo_CASENTINO.json,regioni,Toscana
09_CASENTINO Protocollo_CASENTINO.json,province,Arezzo Al Sig
09_CASENTINO Protocollo_CASENTINO.json,province,Arezzo Presidente Del Tribunale Arezzo Procuratore Della Repubblica Presso Il Tribunale Di Arezzo Direttore Generale Usl Toscana Sud Est Arezzo Dirigente Ufficio Scolastico Territoriale Arezzo Questore Arezzo Comandante Provinciale Carabinieri Arezzo Comandante Provinciale Guardia Di Finanza Arezzo Sindaco Di Arezzo Per Articolazione Territoriale Aretina Sindaco Di San Giovanni Valdarno Per Articolazione Zonale Della Conferenza Dei Sindaci Del Valdarno Sindaco Di Cortona Per Articolazione Zonale Della Conferenza Dei Sindaci Della Valdichiana Aretina Presidente Unione Dei Comuni Montani Del Casentino Per Articolazione Territoriale Casentino Presidente Unione Montana Dei Comuni Della Valtiberina Toscana Per Articolazione Territoriale Valtiberina Tel
09_CASENTINO Protocollo_CASENTINO.json,province,Di Arezzo
09_CASENTINO Protocollo_CASENTINO.json,province,Di Arezzo Il Coordinamento Della Rete Antiviolenza
09_CASENTINO Protocollo_CASENTINO.json,province,Di Arezzo Tribunale Di Arezzo Procura Della Repubblica Presso Il Tribunale Di Arezzo Azienda Usl Toscana Sud Est Ufficio Scolastico Regionale Per La Toscana Ambito Territoriale Della Provincia Di Arezzo Ufficio Vi Conferenza Dei Sindaci Della Zona Aretina Conferenza Zonale De
09_CASENTINO Protocollo_CASENTINO.json,province,Di Arezzo Ufficio Vi
09_CASENTINO Protocollo_CASENTINO.json,province,Di Arezzo Ufficio Vi Per La Conferenza Dei Sindaci Della Zona Aretina
09_CASENTINO Protocollo_CASENTINO.json,comuni,Arezzo
09_CASENTINO Protocollo_CASENTINO.json,comuni,Valtiberina Toscana Consigliera Provinciale Di Parita Associazione
09_CASENTINO Protocollo_CASENTINO.json,comuni,Valtiberina Toscana Per Articolazione Territoriale Valtiberina Tel
09_CASENTINO Protocollo_CASENTINO.json,associazioni,Donna Arezzo
09_COMUNE BUCINE Procedure-unica-modifiche-10-01-20_BUCINE.json,regioni,Toscana Con Il Contributo Dei Fondi Dpcm
09_COMUNE BUCINE Procedure-unica-modifiche-10-01-20_BUCINE.json,province,Dell
09_COMUNE BUCINE Procedure-unica-modifiche-10-01-20_BUCINE.json,province,Di Arezzo A Tribunale Di Arezzo I Esi Are I
09_COMUNE BUCINE Procedure-unica-modifiche-10-01-20_BUCINE.json,province,Di Arezzo Prefettura E
09_COMUNE BUCINE Procedure-unica-modifiche-10-01-20_BUCINE.json,province,Di Arezzo Procedure Operative Della Rete Provinciale A Contrasto Della Violenza Di Genere Art
09_COMUNE TERRANUOVA BRACCIOLINI .Delibera.json,regioni,Toscana
09_COMUNE TERRANUOVA BRACCIOLINI .Delibera.json,province,Di Arezzo
09_COMUNE TERRANUOVA BRACCIOLINI .Delibera.json,province,Di Arezzo Il Coordinamento Della Rete Antiviolenza
09_COMUNE TERRANUOVA BRACCIOLINI .Delibera.json,province,Di Arezzo Tribunale Di Arezzo Procura Della Repubblica Arezzo Azienda Usl Toscana Sud Est Ufficio Scolastico Territoriale Articolazione Territoriale Aretina Articolazione Territoriale Casentino
09_COMUNE TERRANUOVA BRACCIOLINI .Delibera.json,comuni,Arezzo
09_COMUNE TERRANUOVA BRACCIOLINI .Delibera.json,comuni,Terranuova Bracciolini - Ctb - Reg
09_COMUNE TERRANUOVA BRACCIOLINI .Delibera.json,comuni,Valtiberina Toscana
09_ELBA Progetto_SPORTELLO_ELBA.json,regioni,Toscana
09_ELBA Progetto_SPORTELLO_ELBA.json,consorzi,Pegaso Network
09_ELBA_ACCORDO_CR_ DELIBERA.json,regioni,Sostiene Ed Incentiva La Costituzione Di Una Rete Di Relazioni Tra Comuni
09_ELBA_ACCORDO_CR_ DELIBERA.json,regioni,Toscana N
09_ELBA_ACCORDO_CR_ DELIBERA.json,comuni,Portoferraio Denominato
09_ELBA_ACCORDO_CR_ DELIBERA.json,comuni,Portoferraio E I Servizi Sociali Dell'Asl Tno
09_ELBA_ACCORDO_CR_ DELIBERA.json,comuni,Portoferraio Rientrando Tra Le Strutture Sottoposte A Tale Obbligo Previsto Dall'Art
09_ELBA_ACCORDO_CR_ DELIBERA.json,comuni,Territorio Delle Spese Sostenute Nelle Modalita Indicate Nel Paragrafo Relativo Alla Contribuzione Da Parte Dei Comuni
09_ELBA_ACCORDO_CR_ DELIBERA.json,comuni,Territorio Isolano Ed A Tutti Coloro Che Hanno Diritto Di Accedere Agli Interventi Ed Ai Servizi Del Sistema Integrato Ai Sensi Dei Commi
09_ELBA_ACCORDO_CR_ DELIBERA.json,associazioni,A Disposizione Un
09_ELBA_ACCORDO_CR_ DELIBERA.json,associazioni,Alla Conferenza Dei Sindaci
09_ELBA_ACCORDO_CR_ DELIBERA.json,associazioni,Asl
09_ELBA_ACCORDO_CR_ DELIBERA.json,associazioni,Che I Volontari Inseriti Nelle Attivita Siano Coperti Da Polizza
09_ELBA_ACCORDO_CR_ DELIBERA.json,associazioni,Che La Struttura
09_ELBA_ACCORDO_CR_ DELIBERA.json,associazioni,Copertura Delle Spese
09_ELBA_ACCORDO_CR_ DELIBERA.json,associazioni,Di Operare Nel Rispetto Della Normativa Sulla Privacy Ed In
09_ELBA_ACCORDO_CR_ DELIBERA.json,associazioni,Fine Di
09_ELBA_ACCORDO_CR_ DELIBERA.json,associazioni,Fino Al Ricevimento Della Diffida
09_ELBA_ACCORDO_CR_ DELIBERA.json,associazioni,Impegna A Comunicare
09_ELBA_ACCORDO_CR_ DELIBERA.json,associazioni,Impegna A Realizzare Tutte Le Attivita E Gli Obiettivi Oggetto Della
09_ELBA_ACCORDO_CR_ DELIBERA.json,associazioni,Impegna Affinch
09_ELBA_ACCORDO_CR_ DELIBERA.json,associazioni,Inoltre Le Seguenti Modalita Di Raccordo
09_ELBA_ACCORDO_CR_ DELIBERA.json,associazioni,Insieme
09_ELBA_ACCORDO_CR_ DELIBERA.json,associazioni,La Tempestiva Comunicazione Di Eventuali Variazioni
09_ELBA_ACCORDO_CR_ DELIBERA.json,associazioni,Obbliga A Nominare Un Proprio Referente Come Responsabile Del
09_ELBA_ACCORDO_CR_ DELIBERA.json,associazioni,Per
09_ELBA_ACCORDO_CR_ DELIBERA.json,associazioni,Per I
09_ELBA_ACCORDO_CR_ DELIBERA.json,associazioni,Presentato Comunicazione Di Avvio Attivita Al Comune Di
09_ELBA_ACCORDO_CR_ DELIBERA.json,associazioni,Redigere E Rendere Disponibile
09_ELBA_ACCORDO_CR_ DELIBERA.json,associazioni,Svolge I
09_ELBA_CR_SAMIRA_DELIBERA.json,regioni,Toscana Azienda Usl Toscana Nord Ovest Via Cocchi
09_ELBA_CR_SAMIRA_DELIBERA.json,regioni,Toscana Riconosce Che Ogni Tipo Di Violenza Di Genere
09_ELBA_CR_SAMIRA_DELIBERA.json,comuni,Portoferraio Denominato
09_ELBA_CR_SAMIRA_DELIBERA.json,associazioni,Insieme
09_ELBA_CR_SAMIRA_DELIBERA.json,associazioni,Per I
09_ELBA_SPORTELLOANTIVIOLENZA_decreto.json,regioni,Toscana Si Impegna Ad Applicare Le
09_ELBA_accordo _CR_samira.json,regioni,Sostiene Ed Incentiva La Costituzione Di Una Rete Di Relazioni Tra Comuni
09_ELBA_accordo _CR_samira.json,regioni,Toscana N
09_ELBA_accordo _CR_samira.json,comuni,Portoferraio Denominato
09_ELBA_accordo _CR_samira.json,comuni,Portoferraio E I Servizi Sociali Dell'Asl Tno
09_ELBA_accordo _CR_samira.json,comuni,Portoferraio Rientrando Tra Le Strutture Sottoposte A Tale Obbligo Previsto Dall'Art
09_ELBA_accordo _CR_samira.json,comuni,Territorio Delle Spese Sostenute Nelle Modalita Indicate Nel Paragrafo Relativo Alla Contribuzione Da Parte Dei Comuni
09_ELBA_accordo _CR_samira.json,comuni,Territorio Isolano Ed A Tutti Coloro Che Hanno Diritto Di Accedere Agli Interventi Ed Ai Servizi Del Sistema Integrato Ai Sensi Dei Commi
09_ELBA_accordo _CR_samira.json,associazioni,A Disposizione Un
09_ELBA_accordo _CR_samira.json,associazioni,Alla Conferenza Dei Sindaci
09_ELBA_accordo _CR_samira.json,associazioni,Asl
09_ELBA_accordo _CR_samira.json,associazioni,Che I Volontari Inseriti Nelle Attivita Siano Coperti Da Polizza
09_ELBA_accordo _CR_samira.json,associazioni,Che La Struttura
09_ELBA_accordo _CR_samira.json,associazioni,Copertura Delle Spese
09_ELBA_accordo _CR_samira.json,associazioni,Di Operare Nel Rispetto Della Normativa Sulla Privacy Ed In
09_ELBA_accordo _CR_samira.json,associazioni,Fine Di
09_ELBA_accordo _CR_samira.json,associazioni,Fino Al Ricevimento Della Diffida
09_ELBA_accordo _CR_samira.json,associazioni,Impegna A Comunicare
09_ELBA_accordo _CR_samira.json,associazioni,Impegna A Realizzare Tutte Le Attivita E Gli Obiettivi Oggetto Della
09_ELBA_accordo _CR_samira.json,associazioni,Impegna Affinch
09_ELBA_accordo _CR_samira.json,associazioni,Inoltre Le Seguenti Modalita Di Raccordo
09_ELBA_accordo _CR_samira.json,associazioni,Insieme
09_ELBA_accordo _CR_samira.json,associazioni,La Tempestiva Comunicazione Di Eventuali Variazioni
09_ELBA_accordo _CR_samira.json,associazioni,Obbliga A Nominare Un Proprio Referente Come Responsabile Del
09_ELBA_accordo _CR_samira.json,associazioni,Per
09_ELBA_accordo _CR_samira.json,associazioni,Per I
09_ELBA_accordo _CR_samira.json,associazioni,Presentato Comunicazione Di Avvio Attivita Al Comune Di
09_ELBA_accordo _CR_samira.json,associazioni,Redigere E Rendere Disponibile
09_ELBA_accordo _CR_samira.json,associazioni,Svolge I
09_EMPOLESE VALDARNO VALDELSA_Convenzione Lilith e Frida 2023_2024.json,associazioni,Assistenze Riunite Di Empoli Centro
09_EMPOLESE VALDARNO VALDELSA_Convenzione Lilith e Frida 2023_2024.json,associazioni,Di San
09_EMPOLESE VALDARNO VALDELSA_Convenzione Lilith e Frida 2023_2024.json,associazioni,Di San Miniato
09_EMPOLESE VALDARNO VALDELSA_Convenzione Lilith e Frida 2023_2024.json,associazioni,E Al Centro Lilith Da Parte Della Sds
09_EMPOLESE VALDARNO VALDELSA_Convenzione Lilith e Frida 2023_2024.json,associazioni,E Dal Centro Lilith Alla Sds Una
09_EMPOLESE VALDARNO VALDELSA_Convenzione Lilith e Frida 2023_2024.json,associazioni,E Del Centro Lilith
09_EMPOLESE VALDARNO VALDELSA_Convenzione Lilith e Frida 2023_2024.json,associazioni,E Il Cen
09_EMPOLESE VALDARNO VALDELSA_Convenzione Lilith e Frida 2023_2024.json,associazioni,E Il Centro Lilith
09_EMPOLESE VALDARNO VALDELSA_Convenzione Lilith e Frida 2023_2024.json,associazioni,E Il Centro Lilith Assicurano
09_EMPOLESE VALDARNO VALDELSA_Convenzione Lilith e Frida 2023_2024.json,associazioni,E Il Centro Lilith Collaborano
09_EMPOLESE VALDARNO VALDELSA_Convenzione Lilith e Frida 2023_2024.json,associazioni,E Il Centro Lilith Dalla Responsabilita Civile E Penale In Cui La Stessa
09_EMPOLESE VALDARNO VALDELSA_Convenzione Lilith e Frida 2023_2024.json,associazioni,E Il Centro Lilith Dovranno Trasmettere Le Proprie Note Di Debito All
09_EMPOLESE VALDARNO VALDELSA_Convenzione Lilith e Frida 2023_2024.json,associazioni,E Il Centro Lilith Gestiranno Gli Accessi In
09_EMPOLESE VALDARNO VALDELSA_Convenzione Lilith e Frida 2023_2024.json,associazioni,E Il Centro Lilith Possono Richiedere La Risoluzione Della Convenzione In Caso
09_EMPOLESE VALDARNO VALDELSA_Convenzione Lilith e Frida 2023_2024.json,associazioni,E Il Centro Lilith Provvederanno A Emettere Mensilmente Fattura
09_EMPOLESE VALDARNO VALDELSA_Convenzione Lilith e Frida 2023_2024.json,associazioni,E Il Centro Lilith Si Impegnano A Rispettare Le Disposizioni Nazionali E Regionali
09_EMPOLESE VALDARNO VALDELSA_Convenzione Lilith e Frida 2023_2024.json,associazioni,E Il Centro Lilith Si Impegnano Ad Assolvere Le Procedure Di Iscrizione
09_EMPOLESE VALDARNO VALDELSA_Convenzione Lilith e Frida 2023_2024.json,associazioni,E Il Centro Lilith Sono Responsabili Circa Il Mantenimento Delle Condizioni
09_EMPOLESE VALDARNO VALDELSA_Convenzione Lilith e Frida 2023_2024.json,associazioni,E Il Centro Lilith Sono Responsabili Della Sicurezza E Dell
09_EMPOLESE VALDARNO VALDELSA_Convenzione Lilith e Frida 2023_2024.json,associazioni,E Il Centro Lilith Sono Tenute
09_EMPOLESE VALDARNO VALDELSA_Convenzione Lilith e Frida 2023_2024.json,associazioni,E Il Centro Lilith Sono Tenute A Far Osservare A Tutti I Propri Operatori I Principi
09_EMPOLESE VALDARNO VALDELSA_Convenzione Lilith e Frida 2023_2024.json,associazioni,Facente Parte Di Altra Organizzazione Di Volontariato
09_EMPOLESE VALDARNO VALDELSA_Convenzione Lilith e Frida 2023_2024.json,associazioni,Frida
09_EMPOLESE VALDARNO VALDELSA_Convenzione Lilith e Frida 2023_2024.json,associazioni,Lilith
09_EMPOLESE VALDARNO VALDELSA_Convenzione Lilith e Frida 2023_2024.json,associazioni,Trasmettere Le Rendicontazioni Semestrali E Annuali
09_EMPOLESE VALDARNO VALDELSA_Convenzione Lilith e Frida 2023_2024.json,associazioni,Valdarno Valdelsa La Legale Rappresentante
09_EMPOLESE VALDARNO VALDELSA_Xerox Scan_28082024132403.json,regioni,Toscana Direzione Sanita
09_EMPOLESE VALDARNO VALDELSA_Xerox Scan_28082024132403.json,associazioni,Di San Miniato
09_EMPOLESE-VALDARNO-VALDELSA_SU_11213_2024_PROT.json,regioni,Toscana Direzione Sanita
09_EMPOLESE-VALDARNO-VALDELSA_SU_11213_2024_PROT.json,associazioni,Assistenze Riunite Di Empoli Centro
09_EMPOLESE-VALDARNO-VALDELSA_SU_11213_2024_PROT.json,associazioni,Assistenze Riunite Di Empoli Centro Donna Lilith E Associazione
09_EMPOLESE-VALDARNO-VALDELSA_SU_11213_2024_PROT.json,associazioni,Di San
09_EMPOLESE-VALDARNO-VALDELSA_SU_11213_2024_PROT.json,associazioni,Di San Miniato
09_EMPOLESE-VALDARNO-VALDELSA_SU_11213_2024_PROT.json,associazioni,E Al Centro Lilith Da Parte Della Sds
09_EMPOLESE-VALDARNO-VALDELSA_SU_11213_2024_PROT.json,associazioni,E Dal Centro Lilith Alla Sds Una
09_EMPOLESE-VALDARNO-VALDELSA_SU_11213_2024_PROT.json,associazioni,E Del Centro Lilith
09_EMPOLESE-VALDARNO-VALDELSA_SU_11213_2024_PROT.json,associazioni,E Il Cen
09_EMPOLESE-VALDARNO-VALDELSA_SU_11213_2024_PROT.json,associazioni,E Il Centro Lilith
09_EMPOLESE-VALDARNO-VALDELSA_SU_11213_2024_PROT.json,associazioni,E Il Centro Lilith Assicurano
09_EMPOLESE-VALDARNO-VALDELSA_SU_11213_2024_PROT.json,associazioni,E Il Centro Lilith Collaborano
09_EMPOLESE-VALDARNO-VALDELSA_SU_11213_2024_PROT.json,associazioni,E Il Centro Lilith Dalla Responsabilita Civile E Penale In Cui La Stessa
09_EMPOLESE-VALDARNO-VALDELSA_SU_11213_2024_PROT.json,associazioni,E Il Centro Lilith Dovranno Trasmettere Le Proprie Note Di Debito All
09_EMPOLESE-VALDARNO-VALDELSA_SU_11213_2024_PROT.json,associazioni,E Il Centro Lilith Gestiranno Gli Accessi In
09_EMPOLESE-VALDARNO-VALDELSA_SU_11213_2024_PROT.json,associazioni,E Il Centro Lilith Possono Richiedere La Risoluzione Della Convenzione In Caso
09_EMPOLESE-VALDARNO-VALDELSA_SU_11213_2024_PROT.json,associazioni,E Il Centro Lilith Provvederanno A Emettere Mensilmente Fattura
09_EMPOLESE-VALDARNO-VALDELSA_SU_11213_2024_PROT.json,associazioni,E Il Centro Lilith Si Impegnano A Rispettare Le Disposizioni Nazionali E Regionali
09_EMPOLESE-VALDARNO-VALDELSA_SU_11213_2024_PROT.json,associazioni,E Il Centro Lilith Si Impegnano Ad Assolvere Le Procedure Di Iscrizione
09_EMPOLESE-VALDARNO-VALDELSA_SU_11213_2024_PROT.json,associazioni,E Il Centro Lilith Sono Responsabili Circa Il Mantenimento Delle Condizioni
09_EMPOLESE-VALDARNO-VALDELSA_SU_11213_2024_PROT.json,associazioni,E Il Centro Lilith Sono Responsabili Della Sicurezza E Dell
09_EMPOLESE-VALDARNO-VALDELSA_SU_11213_2024_PROT.json,associazioni,E Il Centro Lilith Sono Tenute
09_EMPOLESE-VALDARNO-VALDELSA_SU_11213_2024_PROT.json,associazioni,E Il Centro Lilith Sono Tenute A Far Osservare A Tutti I Propri Operatori I Principi
09_EMPOLESE-VALDARNO-VALDELSA_SU_11213_2024_PROT.json,associazioni,Facente Parte Di Altra Organizzazione Di Volontariato
09_EMPOLESE-VALDARNO-VALDELSA_SU_11213_2024_PROT.json,associazioni,Frida
09_EMPOLESE-VALDARNO-VALDELSA_SU_11213_2024_PROT.json,associazioni,Lilith
09_EMPOLESE-VALDARNO-VALDELSA_SU_11213_2024_PROT.json,associazioni,Trasmettere Le Rendicontazioni Semestrali E Annuali
09_EMPOLESE-VALDARNO-VALDELSA_SU_11213_2024_PROT.json,associazioni,Valdarno Valdelsa La Legale Rappresentante
09_Empolese-Valdarno-Valdelsa_Convenzione-signed.json,regioni,Toscana Atto Di Convenzione Tra La Regione Toscana E Societa Della Salute Empolese Valdarno Valdelsa L
09_Empolese-Valdarno-Valdelsa_Convenzione-signed.json,regioni,Toscana Con Sede Legale In Firenze
09_Empolese-Valdarno-Valdelsa_Convenzione-signed.json,regioni,Toscana Ha Approvato La Delibera Di Giunta N
09_FIRENZE Linee-di-indirizzo2024.json,regioni,Toscana Programma Finanziato Con I Fondi Della Regione Toscana Fiorentina
09_FIRENZE Linee-di-indirizzo2024.json,comuni,Firenze E Gestisce
09_FIRENZE Linee-di-indirizzo2024.json,comuni,Firenze Ovest
09_FIRENZE Linee-di-indirizzo2024.json,associazioni,Aps
09_FIRENZE Procedure_FIRENZE.json,comuni,Firenze Con Reperibilita H
09_FIRENZE Procedure_FIRENZE.json,comuni,Residenza E Raccordarsi Sugli Interventi Da
09_FIRENZE SUD ESTLinee-di-indirizzo2024.json,regioni,Toscana Programma Finanziato Con I Fondi Della Regione Toscana Fiorentina
09_FIRENZE SUD ESTLinee-di-indirizzo2024.json,comuni,Firenze E Gestisce
09_FIRENZE SUD ESTLinee-di-indirizzo2024.json,comuni,Firenze Ovest
09_FIRENZE SUD ESTLinee-di-indirizzo2024.json,associazioni,Aps
09_FIRENZE convenzione.json,regioni,Toscana
09_FIRENZE convenzione.json,comuni,Firenze
09_FIRENZE convenzione.json,associazioni,Aps
09_GROSSETO 2022 fpdf.json,regioni,Toscana N
09_GROSSETO 2022 fpdf.json,regioni,Toseana Per Il Monitoraggio Delle Azioni Intraprese
09_GROSSETO 2022 fpdf.json,province,Di Grosscto Si Impegnano A Sastenere Economicamente Ic Iniziative Di Cui Al Presente Protocollo Con Un Contributo Proporzionale Alla Popolazione Residente Per Fasce Di Popolazione
09_GROSSETO 2022 fpdf.json,province,Di Grosseto
09_GROSSETO 2022 fpdf.json,province,Di Grosseto Azienda Us
09_GROSSETO 2022 fpdf.json,province,Di Grosseto Con Sede In Piazza Dante Alighieri
09_GROSSETO 2022 fpdf.json,province,Di Grosseto Per La Prevenzione E I
09_GROSSETO 2022 fpdf.json,province,Di Grosseto Per La Prevenzione E Il Contrasto Delle Violenze Nei Confronti Dei
09_GROSSETO 2022 fpdf.json,province,Di Grosseto Premesso Che Negli Anni
09_GROSSETO 2022 fpdf.json,province,La Provincia Di Grosseto
09_GROSSETO 2022 fpdf.json,comuni,Campagnatico Gmt
09_GROSSETO 2022 fpdf.json,comuni,Capalbio Firmato Digitalmente Da
09_GROSSETO 2022 fpdf.json,comuni,Castiglione Della Pescaia
09_GROSSETO 2022 fpdf.json,comuni,Cinigiano
09_GROSSETO 2022 fpdf.json,comuni,Civitella Paganico
09_GROSSETO 2022 fpdf.json,comuni,Follonica Biondi Andrea
09_GROSSETO 2022 fpdf.json,comuni,Gavorrano
09_GROSSETO 2022 fpdf.json,comuni,Isola De
09_GROSSETO 2022 fpdf.json,comuni,Magliano In Toscana
09_GROSSETO 2022 fpdf.json,comuni,Manciano
09_GROSSETO 2022 fpdf.json,comuni,Mante Argentario Giacomo Termine Comune Di Monterotondo Marittimo Nicola Verruzzi
09_GROSSETO 2022 fpdf.json,comuni,Massa Marittima
09_GROSSETO 2022 fpdf.json,comuni,Montieri
09_GROSSETO 2022 fpdf.json,comuni,Orbetello Firmato Pe Teeta Tops Da
09_GROSSETO 2022 fpdf.json,comuni,Pitigliana Data
09_GROSSETO 2022 fpdf.json,comuni,Provincia Di Grosseto Per La Prevenzione E I
09_GROSSETO 2022 fpdf.json,comuni,Provincia Di Grosseto Premesso Che Negli Anni
09_GROSSETO 2022 fpdf.json,comuni,Scansano
09_GROSSETO 2022 fpdf.json,comuni,Scarlino
09_GROSSETO 2022 fpdf.json,comuni,Sorano
09_GROSSETO 2022 fpdf.json,associazioni,De Gouges
09_GROSSETO 2022 fpdf.json,associazioni,De Gouges A Supporto De
09_GROSSETO_AUSL COESO codice-rosa_.json,regioni,Toscana A Fronte Di Questo Scenario Ha Inteso Favorire La Costituzione Di Una Rete Di Soggetti Istituzionali
09_GROSSETO_AUSL COESO codice-rosa_.json,province,Di Grosseto
09_GROSSETO_AUSL COESO codice-rosa_.json,province,Di Grosseto E Per Questo
09_GROSSETO_AUSL COESO codice-rosa_.json,associazioni,De Gouges Centro Antiviolenza Di Grosseto Ed I Punti Di Ascolto Sul
09_GROSSETO_AUSL COESO codice-rosa_.json,associazioni,De Gouges Gestisce Il Centro Antiviolenza Ed I Punti Di Ascolto
09_GROSSETO_COESO Procedura.json,regioni,Toscana A Fronte Di Questo Scenario Ha Inteso Favorire La Costituzione Di Una Rete Di Soggetti Istituzionali
09_GROSSETO_COESO Procedura.json,province,Di Grosseto
09_GROSSETO_COESO Procedura.json,province,Di Grosseto E Per Questo
09_GROSSETO_COESO Procedura.json,associazioni,De Gouges Centro Antiviolenza Di Grosseto Ed I Punti Di Ascolto Sul
09_GROSSETO_COESO Procedura.json,associazioni,De Gouges Gestisce Il Centro Antiviolenza Ed I Punti Di Ascolto
09_LIVORNO COM.json,regioni,Toscana N
09_LIVORNO COM.json,province,Di Livorno
09_LIVORNO COM.json,province,Di Livorno Maria Grazia Dainelli Azienda Usl Toscana Nord Ovest Direttore Della Zona
09_LIVORNO COM.json,province,Di Livorno Presidente Sandra Scarpellini Comune Di Livorno Sindaco Luca Salvetti Tribunale Di Livorno Presidente Luciano Costantini Questura Di Livorno Vicario Del Questore Di Livorno Alfredo Matteucci Comando Provinciale Carabinieri Di Livorno Comandante Col
09_LIVORNO COM.json,comuni,Livorno Che Curera Le Convocazioni E Le
09_LIVORNO COM.json,comuni,Livorno E Composto Dai Seguenti Soggetti Della Rete
09_LIVORNO COM.json,associazioni,Aps
09_LIVORNO COM.json,associazioni,Urge
09_LIVORNO Protocollo_ RETE ANTIVIOLENZA_ LIVORNO.json,regioni,Toscana N
09_LIVORNO Protocollo_ RETE ANTIVIOLENZA_ LIVORNO.json,province,Di Livorno
09_LIVORNO Protocollo_ RETE ANTIVIOLENZA_ LIVORNO.json,province,Di Livorno Maria Grazia Dainelli Filiale Di Livorno Della Banca D'Italia Direttore Raffaele Zaccagnini Ippogrifo Aps Presidente Maria Giovanna Ulivieri Associazione Randi Aps Presidente Da Alessandra Fierli Associazione Lui Aps Vice-Presidente Gabriele Lessi Associazione Psicosfera Presidente Dott
09_LIVORNO Protocollo_ RETE ANTIVIOLENZA_ LIVORNO.json,province,Di Livorno Presidente Sandra Scarpellini Prefettura Di Livorno Prefetto Paolo D'Attilio Questura Di Livorno Questore Maria Rita Giuseppina Stellino Azienda Usl Toscana Nord Ovest Direttore Della Zona
09_LIVORNO Protocollo_ RETE ANTIVIOLENZA_ LIVORNO.json,comuni,Livorno Sindaco Luca Salvetti Provincia Di Livorno Presidente Sandra Scarpellini Prefettura Di Livorno Prefetto Paolo D'Attilio Questura Di Livorno Questore Maria Rita Giuseppina Stellino Azienda Usl Toscana Nord Ovest Direttore Della Zona
09_LIVORNO Protocollo_ RETE ANTIVIOLENZA_ LIVORNO.json,associazioni,Aps
09_LIVORNO Protocollo_ RETE ANTIVIOLENZA_ LIVORNO.json,associazioni,In Persona Della Presidente
09_LIVORNO Protocollo_ RETE ANTIVIOLENZA_ LIVORNO.json,associazioni,Ippogrifo
09_LIVORNO Protocollo_ RETE ANTIVIOLENZA_ LIVORNO.json,associazioni,Ly
09_LIVORNO Protocollo_ RETE ANTIVIOLENZA_ LIVORNO.json,associazioni,Presidente Dott
09_LIVORNO Protocollo_ RETE ANTIVIOLENZA_ LIVORNO.json,associazioni,Randi
09_LUCCA PROV.json,province,Con Particolare Riferimenti A Quelli Dedicati All
09_LUCCA PROV.json,province,Di Lucca
09_LUCCA PROV.json,province,Di Lucca Prefettura Di Lucca Procura Della Repubblica Questura Di Lucca Arma Dei Carabinieri-Comando Provinciale Di Lucca Conferenza Dei Sindaci Asl
09_LUCCA PROV.json,province,Di Lucca Si Fa Promotrice Del Presente Protocollo Contro La Violenza Di Genere
09_LUCCA PROV.json,province,Di Lucca Sostiene Da Tempo Nel Territoric Iniziative Volte Alla Promozione Ed Alla Tutela Dei Diritti Fondamentali Della Persona E Della Uguaglianza Fra Le Persone In Accordo Con Gli Obblighi Assunti Dal Govemo Italiano A Livello Internazionale
09_LUNIGIANA Protocollo_ Prefettura_LUNIGIANA - 2015.json,regioni,Toscana N
09_LUNIGIANA Protocollo_ Prefettura_LUNIGIANA - 2015.json,province,Di Massa Carrara
09_LUNIGIANA Protocollo_ Prefettura_LUNIGIANA - 2015.json,province,Di Massa Carrara Dott
09_LUNIGIANA Protocollo_ Prefettura_LUNIGIANA - 2015.json,province,Di Massa Carrara Massa Al Sig
09_LUNIGIANA Protocollo_ Prefettura_LUNIGIANA - 2015.json,comuni,Carrara Carrara Al Sig
09_LUNIGIANA Protocollo_ Prefettura_LUNIGIANA - 2015.json,comuni,Carrara Il Vice Sindaco Fiorella Fambrini
09_LUNIGIANA Protocollo_ Prefettura_LUNIGIANA - 2015.json,comuni,Cui All'Art
09_LUNIGIANA Protocollo_ Prefettura_LUNIGIANA - 2015.json,comuni,Massa Massa
09_LUNIGIANA Protocollo_ Prefettura_LUNIGIANA - 2015.json,comuni,Montignoso Montignoso Al Sig
09_LUNIGIANA Protocollo_ Prefettura_LUNIGIANA - 2015.json,comuni,Provincia Di Massa Carrara
09_MASSA PREF 2015.json,regioni,Toscana N
09_MASSA PREF 2015.json,province,Di Massa Carrara
09_MASSA PREF 2015.json,province,Di Massa Carrara Dott
09_MASSA PREF 2015.json,comuni,Carrara Il Vice Sindaco Fiorella Fambrini Ie Ull
09_MASSA PREF 2015.json,comuni,Cui All'Art
09_MASSA PREF 2015.json,comuni,Montignoso
09_MASSA PREF 2015.json,comuni,Provincia Di Massa Carrara
09_MUGELLO Linee-di-indirizzo-MUGELLO.json,regioni,Toscana Programma Finanziato Con I Fondi Della Regione Toscana Fiorentina
09_MUGELLO Linee-di-indirizzo-MUGELLO.json,comuni,Firenze E Gestisce
09_MUGELLO Linee-di-indirizzo-MUGELLO.json,comuni,Firenze Ovest
09_MUGELLO Linee-di-indirizzo-MUGELLO.json,associazioni,Aps
09_PISA PREF E PROV.json,regioni,Toscana Ambito Territoriale Della Provincia Di Pisa Si Impegna A
09_PISA PREF E PROV.json,regioni,Toscana E Gli Enti Del Terzo Settore
09_PISA PREF E PROV.json,regioni,Toscana E Procura Generale Della Repubblica Di Firenze Per La Realizzazione Di Interventi A Tutela Delle Fasce Deboli Di Popolazione Sottoposta A Violenza
09_PISA PREF E PROV.json,regioni,Toscana E Rispondono Ai Requisiti Previsti Dall'Intesa Stato-Regioni Dpcm Del
09_PISA PREF E PROV.json,province,Di Pisa
09_PISA PREF E PROV.json,province,Di Pisa Arnera Societa Cooperativa Sociale Si Impegna A
09_PISA PREF E PROV.json,province,Di Pisa C
09_PISA PREF E PROV.json,province,Di Pisa Comunita
09_PISA PREF E PROV.json,province,Di Pisa Consigliera Di Parita Della Provincia Di Pisa E I Centri Antiviolenza Riconosciuti Dalla Regione Toscana E Gli Enti Del Terzo Settore
09_PISA PREF E PROV.json,province,Di Pisa Contesto Territoriale
09_PISA PREF E PROV.json,province,Di Pisa Contro Le Donne
09_PISA PREF E PROV.json,province,Di Pisa Deliberazione Del Consiglio Regionale Della Toscana N
09_PISA PREF E PROV.json,province,Di Pisa E I Comuni Di
09_PISA PREF E PROV.json,province,Di Pisa E Prefettura Ciascuna Per Le Proprie Competenze
09_PISA PREF E PROV.json,province,Di Pisa Firenze
09_PISA PREF E PROV.json,province,Di Pisa Istanbul
09_PISA PREF E PROV.json,province,Di Pisa L'Associazione Eunice Si Impegna A
09_PISA PREF E PROV.json,province,Di Pisa La Convenzione Del Consiglio D'Europa
09_PISA PREF E PROV.json,province,Di Pisa La Convocazione Del Tavolo Provinciale E Del Gruppo Interistituzionale
09_PISA PREF E PROV.json,province,Di Pisa La Provincia Di Pisa
09_PISA PREF E PROV.json,province,Di Pisa Loro Bambini E Delle Loro Bambine
09_PISA PREF E PROV.json,province,Di Pisa Norma Dell'Articolo
09_PISA PREF E PROV.json,province,Di Pisa Organismi Preposti Alla Formazione
09_PISA PREF E PROV.json,province,Di Pisa Partecipano I Soggetti Aderenti Interessati Ed Eventuali Soggetti Esperti Nella Materia Che Verra Trattata Nell'Incontro
09_PISA PREF E PROV.json,province,Di Pisa Piano Sanitario E Sociale Integrato Regionale Regione Toscana
09_PISA PREF E PROV.json,province,Di Pisa Prevenzione
09_PISA PREF E PROV.json,province,Di Pisa Protocollo D'Intesa Rete Provinciale Per La Prevenzione E Il Contrasto Della Violenza Maschile Contro Le Donne
09_PISA PREF E PROV.json,province,Di Pisa Proviciale Di Riferimento Per L'Ambito Coinvolto
09_PISA PREF E PROV.json,province,Di Pisa Sensibilizzazione E Di Informazione Anche Mediante Media E Social Media
09_PISA PREF E PROV.json,province,Di Pisa Si Impegna A
09_PISA PREF E PROV.json,province,Di Pisa Sono State Attivate A Partire Dal
09_PISA PREF E PROV.json,province,Di Pisa Valutazione Delle Azioni Intraprese Dalla Rete
09_PISA PREF E PROV.json,province,Rivestono Un Ruolo Di Raccordo E Coordinamento Per Delineare Gli Interventi Necessari Alla Creazione Di Una Rete Di Servizi Efficace Sul Territorio E A Rendere Omogeneo L'Intervento Nell'Ambito Delia Provincia
09_PISA PREF E PROV.json,province,Si Impegnano A
09_PISA PREF E PROV.json,comuni,Provincia Si Impegnano A
09_PISA PREF E PROV.json,associazioni,Amiche Di Mafalda
09_PISA PREF E PROV.json,associazioni,Della Donna E Dell
09_PISA PREF E PROV.json,associazioni,In Movimento
09_PISA PREF E PROV.json,associazioni,Si Impegna A
09_PISA PREF E PROV.json,associazioni,Sono Riconosciuti Dalla Regione Toscana E Rispondono Ai Requisiti Previsti Dall
09_PISA protocollo prefettura 2020.json,regioni,Toscana Ambito Territoriale Della Provincia Di Pisa Si Impegna A
09_PISA protocollo prefettura 2020.json,regioni,Toscana E Gli Enti Del Terzo Settore
09_PISA protocollo prefettura 2020.json,regioni,Toscana E Procura Generale Della Repubblica Di Firenze Per La Realizzazione Di Interventi A Tutela Delle Fasce Deboli Di Popolazione Sottoposta A Violenza
09_PISA protocollo prefettura 2020.json,regioni,Toscana E Rispondono Ai Requisiti Previsti Dall'Intesa Stato-Regioni Dpcm Del
09_PISA protocollo prefettura 2020.json,province,Di Pisa
09_PISA protocollo prefettura 2020.json,province,Di Pisa Arnera Societa Cooperativa Sociale Si Impegna A
09_PISA protocollo prefettura 2020.json,province,Di Pisa C
09_PISA protocollo prefettura 2020.json,province,Di Pisa Comunita
09_PISA protocollo prefettura 2020.json,province,Di Pisa Consigliera Di Parita Della Provincia Di Pisa E I Centri Antiviolenza Riconosciuti Dalla Regione Toscana E Gli Enti Del Terzo Settore
09_PISA protocollo prefettura 2020.json,province,Di Pisa Contesto Territoriale
09_PISA protocollo prefettura 2020.json,province,Di Pisa Contro Le Donne
09_PISA protocollo prefettura 2020.json,province,Di Pisa Deliberazione Del Consiglio Regionale Della Toscana N
09_PISA protocollo prefettura 2020.json,province,Di Pisa E I Comuni Di
09_PISA protocollo prefettura 2020.json,province,Di Pisa E Prefettura Ciascuna Per Le Proprie Competenze
09_PISA protocollo prefettura 2020.json,province,Di Pisa Firenze
09_PISA protocollo prefettura 2020.json,province,Di Pisa Istanbul
09_PISA protocollo prefettura 2020.json,province,Di Pisa L'Associazione Eunice Si Impegna A
09_PISA protocollo prefettura 2020.json,province,Di Pisa La Convenzione Del Consiglio D'Europa
09_PISA protocollo prefettura 2020.json,province,Di Pisa La Convocazione Del Tavolo Provinciale E Del Gruppo Interistituzionale
09_PISA protocollo prefettura 2020.json,province,Di Pisa La Provincia Di Pisa
09_PISA protocollo prefettura 2020.json,province,Di Pisa Loro Bambini E Delle Loro Bambine
09_PISA protocollo prefettura 2020.json,province,Di Pisa Norma Dell'Articolo
09_PISA protocollo prefettura 2020.json,province,Di Pisa Organismi Preposti Alla Formazione
09_PISA protocollo prefettura 2020.json,province,Di Pisa Partecipano I Soggetti Aderenti Interessati Ed Eventuali Soggetti Esperti Nella Materia Che Verra Trattata Nell'Incontro
09_PISA protocollo prefettura 2020.json,province,Di Pisa Piano Sanitario E Sociale Integrato Regionale Regione Toscana
09_PISA protocollo prefettura 2020.json,province,Di Pisa Prevenzione
09_PISA protocollo prefettura 2020.json,province,Di Pisa Protocollo D'Intesa Rete Provinciale Per La Prevenzione E Il Contrasto Della Violenza Maschile Contro Le Donne
09_PISA protocollo prefettura 2020.json,province,Di Pisa Proviciale Di Riferimento Per L'Ambito Coinvolto
09_PISA protocollo prefettura 2020.json,province,Di Pisa Sensibilizzazione E Di Informazione Anche Mediante Media E Social Media
09_PISA protocollo prefettura 2020.json,province,Di Pisa Si Impegna A
09_PISA protocollo prefettura 2020.json,province,Di Pisa Sono State Attivate A Partire Dal
09_PISA protocollo prefettura 2020.json,province,Di Pisa Valutazione Delle Azioni Intraprese Dalla Rete
09_PISA protocollo prefettura 2020.json,province,Rivestono Un Ruolo Di Raccordo E Coordinamento Per Delineare Gli Interventi Necessari Alla Creazione Di Una Rete Di Servizi Efficace Sul Territorio E A Rendere Omogeneo L'Intervento Nell'Ambito Delia Provincia
09_PISA protocollo prefettura 2020.json,province,Si Impegnano A
09_PISA protocollo prefettura 2020.json,comuni,Provincia Si Impegnano A
09_PISA protocollo prefettura 2020.json,associazioni,Amiche Di Mafalda
09_PISA protocollo prefettura 2020.json,associazioni,Della Donna E Dell
09_PISA protocollo prefettura 2020.json,associazioni,In Movimento
09_PISA protocollo prefettura 2020.json,associazioni,Si Impegna A
09_PISA protocollo prefettura 2020.json,associazioni,Sono Riconosciuti Dalla Regione Toscana E Rispondono Ai Requisiti Previsti Dall
09_PISANA Linee-guida-violenza-pisa_PISANA.json,province,Di Pisa
09_PISANA_accordo firmato.json,comuni,Pisa
09_PISANA_accordo firmato.json,associazioni,Della Donna Aps Quale Partner Di Progetto
09_PISANA_accordo firmato.json,associazioni,Di Essere A Conoscenza Che Il Mancato Tispetto Degli Obblighi Di Tracciabilita Dei
09_PISANA_accordo firmato.json,associazioni,Emettera
09_PISANA_accordo firmato.json,associazioni,Impegna A Darne Immediata
09_PISANA_accordo firmato.json,associazioni,In Movimento
09_PISANA_accordo firmato.json,associazioni,In Movimento In Qualita Di Partner
09_PISANA_accordo firmato.json,associazioni,La Presidente Associazione Casa Della Donna
09_PISANA_accordo firmato.json,associazioni,Mese Prima
09_PISANA_accordo firmato.json,associazioni,Qualita Di Partner
09_PISANA_accordo firmato.json,associazioni,Sono Soggetti Ad Iva Ai Sensi Dell
09_PISANA_accordo firmato.json,associazioni,Titolo Di Anticipo Il
09_PISANA_accordo firmato.json,associazioni,Via Possenti N
09_PISANA_convenzione firmata.json,regioni,E Daila St
09_PISANA_convenzione firmata.json,associazioni,Alla Sds Pisana Gli Estremi Del Conto
09_PISANA_convenzione firmata.json,associazioni,Contitolari Del Trattamento Dei Dati E Determinano Congiuntamente
09_PISANA_convenzione firmata.json,associazioni,Di Fornire Il Pid Ampio Quadro Di Collaborazione
09_PISANA_convenzione firmata.json,associazioni,Emettera
09_PISANA_convenzione firmata.json,associazioni,Impegna A Darne Immediata
09_PISANA_convenzione firmata.json,associazioni,Impegna A Realizzare I Servizi In Collaborazione
09_PISANA_convenzione firmata.json,associazioni,Impegna Ad Adottare Una Propria Carta Dei Servizi Sulla Base Della Vigente Normativa
09_PISANA_convenzione firmata.json,associazioni,Le Proprie
09_PISANA_convenzione firmata.json,associazioni,Maschile
09_PISANA_convenzione firmata.json,associazioni,Maschile Aps
09_PISANA_convenzione firmata.json,associazioni,Maschile Soddisfa Tutti
09_PISANA_convenzione firmata.json,associazioni,Nuovo Maschile
09_PISANA_convenzione firmata.json,associazioni,Riconosciuta Un Rimborso Annuale Pari Ad
09_PISANA_convenzione firmata.json,associazioni,Son
09_PISANA_convenzione firmata.json,associazioni,Sono Soggetti Ad Iva Ai Sensi Dell
09_PISANA_convenzione firmata.json,associazioni,Tavolo Antiviolenza
09_PISANA_convenzione firmata.json,consorzi,Cui Agli Articoli
09_PISANA_convenzione_ass casa della donna.json,regioni,E Dalla Sds
09_PISANA_convenzione_ass casa della donna.json,regioni,Toscana Per Gli Interventi Oggetto Della Presente Convenzione
09_PISANA_convenzione_ass casa della donna.json,province,Di Pisa - Sportelli Presso Le Sedi Dei Comuni Di Cascina
09_PISANA_convenzione_ass casa della donna.json,associazioni,Alla Sds Pisana Gli Estremi Del Conto
09_PISANA_convenzione_ass casa della donna.json,associazioni,Casa Della Donna
09_PISANA_convenzione_ass casa della donna.json,associazioni,Contitolari Del Trattamento Dei Dati E Determinano Congiuntamente
09_PISANA_convenzione_ass casa della donna.json,associazioni,Della Donna
09_PISANA_convenzione_ass casa della donna.json,associazioni,Della Donna Di Pisa
09_PISANA_convenzione_ass casa della donna.json,associazioni,Di Essere A Conoscenza Che Il Mancato Rispetto Degli Obblighi Di Tracciabilita Dei
09_PISANA_convenzione_ass casa della donna.json,associazioni,Emettera
09_PISANA_convenzione_ass casa della donna.json,associazioni,Far
09_PISANA_convenzione_ass casa della donna.json,associazioni,Impegna A
09_PISANA_convenzione_ass casa della donna.json,associazioni,Impegna A Darne Immediata
09_PISANA_convenzione_ass casa della donna.json,associazioni,Impegna A Partecipare Ad Incontri
09_PISANA_convenzione_ass casa della donna.json,associazioni,Impegna A Partecipare Alle Sedute Del Gruppo Di Lavoro Della Sds Pisana Che
09_PISANA_convenzione_ass casa della donna.json,associazioni,Impegna A Realizzare I Servizi In Collaborazione
09_PISANA_convenzione_ass casa della donna.json,associazioni,Impegna Ad Adottare Una Propria Carta Dei Servizi Sulla Base Della Vigente Normativa
09_PISANA_convenzione_ass casa della donna.json,associazioni,Le Proprie
09_PISANA_convenzione_ass casa della donna.json,associazioni,Mese Prima Del Termine
09_PISANA_convenzione_ass casa della donna.json,associazioni,Nell
09_PISANA_convenzione_ass casa della donna.json,associazioni,Sono
09_PISANA_convenzione_ass casa della donna.json,associazioni,Sono Soggetti Ad Iva Ai Sensi Dell
09_PISANA_convenzione_ass casa della donna.json,associazioni,Tavolo Antiviolenza
09_PISANA_convenzione_ass casa della donna.json,associazioni,Ticonosciuta Un Rimborso Annuale Pati Ad
09_PISANA_convenzione_ass casa della donna.json,associazioni,Titolo Di Anticipo Il
09_PISANA_convenzione_ass casa della donna.json,consorzi,Cui Agli Articoli
09_PISANA_linee guida violenza.json,province,Di Pisa
09_PISTOIA P-fasce-deboli-aggiornato-al-15.9.23-PISTOIA.json,comuni,Marliana
09_PISTOIA P-fasce-deboli-aggiornato-al-15.9.23-PISTOIA.json,comuni,Montale
09_PISTOIA P-fasce-deboli-aggiornato-al-15.9.23-PISTOIA.json,comuni,Pistoia
09_PISTOIA P-fasce-deboli-aggiornato-al-15.9.23-PISTOIA.json,comuni,Quarrata
09_PISTOIA PROV .json,province,Con Il Supporto Degli Enti E Organizzazioni Sottoscrittori
09_PISTOIA PROV .json,province,Di Pistoia
09_PISTOIA PROV .json,province,Di Pistoia - Protocollo Generale - Prot
09_PISTOIA PROV .json,province,Di Pistoia In Ambiti Connessi A Politiche Di Genere Ed A Prevenzione E Contrasto Della Violenza Contro Le Donne Impegnano A
09_PISTOIA PROV .json,province,Di Pistoia Si Impegna A
09_PISTOIA PROV .json,comuni,Chiesina Uzzanese
09_PISTOIA PROV .json,comuni,Cutigliano
09_PISTOIA PROV .json,comuni,Lamporecchio
09_PISTOIA PROV .json,comuni,Larciano
09_PISTOIA PROV .json,comuni,Marliana
09_PISTOIA PROV .json,comuni,Massa E Cozzile
09_PISTOIA PROV .json,comuni,Monsummano Terme
09_PISTOIA PROV .json,comuni,Montale
09_PISTOIA PROV .json,comuni,Montecatini Terme
09_PISTOIA PROV .json,comuni,Pescia
09_PISTOIA PROV .json,comuni,Pieve A Nievole
09_PISTOIA PROV .json,comuni,Pistoia
09_PISTOIA PROV .json,comuni,Piteglio
09_PISTOIA PROV .json,comuni,Ponte Buggianese
09_PISTOIA PROV .json,comuni,Quarrata
09_PISTOIA PROV .json,comuni,Serravalle
09_PISTOIA PROV .json,comuni,Territorio Provinciale
09_PISTOIA PROV .json,comuni,Uzzano
09_PRATO PREF.json,regioni,Toscana Con La Delibera Grt
09_PRATO PREF.json,province,Di Prato
09_PRATO PREF.json,province,Di Prato Fra La Prefettura Ufficio Territoriale Del Governo Di Prato
09_PRATO PREF.json,province,Di Prato Si Impegna A
09_PRATO PREF.json,comuni,Cantagallo
09_PRATO PREF.json,comuni,Carmignano
09_PRATO PREF.json,comuni,Montemurlo
09_PRATO PREF.json,comuni,Prato
09_PRATO PREF.json,comuni,Provincia
09_PRATO PREF.json,comuni,Vaiano
09_PRATO PREF.json,comuni,Vernio
09_PRATO Procedure-vittime-di-violenza-definitive_PRATO.json,regioni,Toscana
09_PRATO Procedure-vittime-di-violenza-definitive_PRATO.json,comuni,Carmignano
09_PRATO Procedure-vittime-di-violenza-definitive_PRATO.json,comuni,Montemurlo
09_PRATO Procedure-vittime-di-violenza-definitive_PRATO.json,comuni,Prato
09_PRATO Procedure-vittime-di-violenza-definitive_PRATO.json,comuni,Residenza Ed Inserita In Altra Struttura Ritenuta Idonea Dal Servizio Sociale
09_PRATO Procedure-vittime-di-violenza-definitive_PRATO.json,comuni,Vaiano
09_Piana di Lucca e ValledelSerchio convenzione.json,regioni,Toscana Con Legge N
09_Piana di Lucca e ValledelSerchio convenzione.json,province,Di Lucca
09_Piana di Lucca e ValledelSerchio convenzione.json,comuni,Residenza
09_Piana di Lucca e ValledelSerchio convenzione.json,associazioni,Nazionale D
09_SENESE Decreto-n.18586-del-13-11-2019-allegato-1_SENESE_3.json,regioni,Del Settembre
09_SENESE Decreto-n.18586-del-13-11-2019-allegato-1_SENESE_3.json,regioni,Ha Adottato Un Proprio Modello Organizzativo Di Triage
09_SENESE Decreto-n.18586-del-13-11-2019-allegato-1_SENESE_3.json,regioni,Pubica In Modo Tale Da Far Cadere I Peli Sul Telino
09_SENESE Decreto-n.18586-del-13-11-2019-allegato-1_SENESE_3.json,regioni,Tamponata
09_SENESE Decreto-n.18586-del-13-11-2019-allegato-1_SENESE_3.json,regioni,Toscana E La Procura Generale
09_SENESE Decreto-n.18586-del-13-11-2019-allegato-1_SENESE_3.json,regioni,Toscana In Premessa Citato
09_SENESE Decreto-n.18586-del-13-11-2019-allegato-1_SENESE_3.json,regioni,Toscana-Procura Generale
09_SENESE Decreto-n.18586-del-13-11-2019-allegato-1_SENESE_3.json,associazioni,Genetisti Forensi Italiani
09_SENESE Delibera-n.1196-del-24-10-2022-allegato-a_SENESE_2.json,regioni,Toscana E La Procura Generale Della Repubblica Di Firenze
09_SENESE Delibera-n.1196-del-24-10-2022-allegato-a_SENESE_2.json,regioni,Toscana Presso La Corte D
09_SENESE Delibera-n.1260-allegato_SENESE_1.json,regioni,Toscana Assicura
09_SENESE Delibera-n.1260-allegato_SENESE_1.json,regioni,Toscana E La Procura Generale Della Repubblica Di Firenze
09_SENESE Delibera-n.1260-allegato_SENESE_1.json,regioni,Toscana Prevedendo La Diffusione Nazionale Istituzionale Di Codice Rosa Quale
09_VALDICHIANA ARETINA Codice_Rosa_2022.json,regioni,Toscana N
09_VALDICHIANA_all. decreto 37_2008 protocollo di intesa 2008.json,associazioni,Dohna
09_VALDICHIANA_all. decreto 37_2008 protocollo di intesa 2008.json,associazioni,Donna
09_VALDICHIANA_all. decreto 37_2008 protocollo di intesa 2008.json,associazioni,Donna I Quali Svolgono Attivita Di Prevenzione
09_VALDICHIANA_all. delibera 1_2013 procedure operative .json,regioni,Toscana
09_VALDICHIANA_all. delibera 1_2013 procedure operative .json,province,Di Siena Incaricandolo Anche A Partecipare Ai Tavoli Operativi Gia Attivati O A Quelli Che In Futuro Saranno Costituiti
09_VALDICHIANA_all. delibera 1_2013 procedure operative .json,comuni,Cetona
09_VALDICHIANA_all. delibera 1_2013 procedure operative .json,comuni,Chianciano Terme
09_VALDICHIANA_all. delibera 1_2013 procedure operative .json,comuni,Chiusi
09_VALDICHIANA_all. delibera 1_2013 procedure operative .json,comuni,Competenza
09_VALDICHIANA_all. delibera 1_2013 procedure operative .json,comuni,Montepulciano
09_VALDICHIANA_all. delibera 1_2013 procedure operative .json,comuni,San Casciano Dei Bagni
09_VALDICHIANA_all. delibera 1_2013 procedure operative .json,comuni,Sarteano
09_VALDICHIANA_all. delibera 1_2013 procedure operative .json,comuni,Sinalunga
09_VALDICHIANA_all. delibera 1_2013 procedure operative .json,comuni,Torrita Di Siena
09_VALDICHIANA_all. delibera 1_2013 procedure operative .json,comuni,Trequanda
09_VALDICHIANA_all. delibera 1_2013 procedure operative .json,comuni,Zona Valdichiana Senese Si Impegnano A Garantire Come Risorse Umane Il Personale Qualificato E Funzionalmente Competente Che Abbia Notizia Di Situazioni Di Violenza Contro Le Donne
09_VALDICHIANA_all. delibera 1_2013 procedure operative .json,associazioni,Donna
09_VALDICHIANA_all. delibera 1_2013 procedure operative .json,associazioni,Donna Sara Cura
09_VALDICHIANA_delibera 4_2012 SDS_ protocollo violenza.json,comuni,Cetona Fabio Di Meo Sindaco
09_VALDICHIANA_delibera 4_2012 SDS_ protocollo violenza.json,comuni,Chianciano Terme Gabriella Ferranti Sindaco
09_VALDICHIANA_delibera 4_2012 SDS_ protocollo violenza.json,comuni,Chiusi Andrea Micheletti Ass
09_VALDICHIANA_delibera 4_2012 SDS_ protocollo violenza.json,comuni,Montepulciano Andrea Rossi Sindaco
09_VALDICHIANA_delibera 4_2012 SDS_ protocollo violenza.json,comuni,Montepulciano Dal E Per
09_VALDICHIANA_delibera 4_2012 SDS_ protocollo violenza.json,comuni,Pienza Mario Mangiavacchi
09_VALDICHIANA_delibera 4_2012 SDS_ protocollo violenza.json,comuni,San Casciano Dei Bagni
09_VALDICHIANA_delibera 4_2012 SDS_ protocollo violenza.json,comuni,Sarteano Francesco Landi Sindaco
09_VALDICHIANA_delibera 4_2012 SDS_ protocollo violenza.json,comuni,Sinalunga Maurizio Botarelli Sindaco
09_VALDICHIANA_delibera 4_2012 SDS_ protocollo violenza.json,comuni,Torrita Di Siena Stefania Franci Ass
09_VALDICHIANA_delibera 4_2012 SDS_ protocollo violenza.json,comuni,Trequanda Mauro Lacagnina Ass
09_VALDICHIANA_delibera 4_2012 SDS_ protocollo violenza.json,associazioni,Donna
09_VALDICHIANA_delibera 4_2012 SDS_ protocollo violenza.json,consorzi,Pubblico
09_VALTIBERINA.json,regioni,Toscana Servitio Seniferlo Della Toscana Deliberazione Del Direttore Generale N
09_VALTIBERINA.json,province,Di Arezzo
09_VALTIBERINA.json,province,Di Arezzo Tribunale Di Arezzo Procura Della Repubblica Arezzo Azienda Usl Toscana Sud Est Ufficio Scolastico Territoriale Articolazione Territoriale Aretina Articolazione Territoriale Casentino
09_VALTIBERINA.json,province,Di Arezzo Tribunale Di Arezzo Procura Della Repubblica Presso Il Tribunale Di Arezzo Azienda Usl Toscana Sud Est Ufficio Scolastico Regionale Per La Toscana Ambito Territoriale Della Provincia Di Arezzo Ufficio Vi Conferenza De
09_VALTIBERINA.json,province,Di Arezzo Ufficio Vi Per La Conferenza Dei Sindaci Della Zona Aretina Entmnneiesineeenctiianiees
09_VALTIBERINA.json,comuni,Arezzo
09_VALTIBERINA.json,comuni,Valtiberina Toscana Consigliera Provinciale Di Parita Associazione
09_VALTIBERINA4_DEPLIANT RETE ANTIVIOLENZA-1.json,regioni,Toscana Np
09_VALTIBERINA4_DEPLIANT RETE ANTIVIOLENZA-1.json,province,Dell
09_VALTIBERINA4_DEPLIANT RETE ANTIVIOLENZA-1.json,province,Di Arezzo Prefettura E
09_VALTIBERINA4_DEPLIANT RETE ANTIVIOLENZA-1.json,province,Di Arezzo Procedure Operative Della Rete Provinciale A Contrasto Della Violenza Di Genere Art
09_VALTIBERINA4_DEPLIANT RETE ANTIVIOLENZA-1.json,province,Di Arezzo Richiesta Di Aiuto Della Donna Oggetto Di Violenza Di Genere Protocollo Di Intesa Firmato Il
09_VALTIBERINA_Protocollo_2024-2026.json,regioni,Toscana
09_VALTIBERINA_Protocollo_2024-2026.json,province,Di Arezzo
09_VALTIBERINA_Protocollo_2024-2026.json,province,Di Arezzo Il Coordinamento Della Rete Antiviolenza
09_VALTIBERINA_Protocollo_2024-2026.json,province,Di Arezzo Per Il Tribunale Di Arezzo Per La Procura Della Repubblica Presso Il Tribunale Di Arezzo Per
09_VALTIBERINA_Protocollo_2024-2026.json,province,Di Arezzo Tribunale Di Arezzo Procura Della Repubblica Presso Il Tribunale Di Arezzo Azienda Usl Toscana Sud Est Ufficio Scolastico Regionale Per La Toscana Ambito Territoriale Della Provincia Di Arezzo Ufficio Vi Conferenza Dei Sindaci Della Zona Aretina Conferenza Zonale Dei Sindaci Del Casentino
09_VALTIBERINA_Protocollo_2024-2026.json,province,Di Arezzo Ufficio Vi
09_VALTIBERINA_Protocollo_2024-2026.json,province,Di Arezzo Ufficio Vi Per La Conferenza Dei Sindaci Della Zona Aretina Per La Conferenza Zonale Dei Sindaci Del Casentino Ae
09_VALTIBERINA_Protocollo_2024-2026.json,comuni,Arezzo
09_VALTIBERINA_Protocollo_2024-2026.json,comuni,Valtiberina Toscana Consigliera Provinciale Di Parita Associazione
09_VALTIBERINA_Registro 14910_7 Convenzione_Thevenin_signed.json,regioni,Stessa
09_VALTIBERINA_Registro 14910_7 Convenzione_Thevenin_signed.json,regioni,Toscana N
09_VALTIBERINA_Registro 14910_7 Convenzione_Thevenin_signed.json,province,A As Qd B Di Arezzo Thevenin Nella Specifica Convenzione
09_VALTIBERINA_Registro 14910_7 Convenzione_Thevenin_signed.json,province,A As Qd Di Arezzo Thevenin - Che Le Attivita Del Programma Di Cui Sopra Sono Finalizzate Alla Prevenzione
09_VALTIBERINA_Registro 14910_7 Convenzione_Thevenin_signed.json,province,A As Qd Di Arezzo Thevenin Rifugio
09_VALTIBERINA_Registro 14910_7 Convenzione_Thevenin_signed.json,province,A As Qd Diarezzo Thevenin Provincia Di Arezzo Servizio Pari Opportunita
09_VALTIBERINA_Registro 14910_7 Convenzione_Thevenin_signed.json,province,Con Un Congruo Anticipo
09_VALTIBERINA_Registro 14910_7 Convenzione_Thevenin_signed.json,province,Di Arezzo
09_VALTIBERINA_Registro 14910_7 Convenzione_Thevenin_signed.json,province,Di Arezzo Che Per La Fondazione
09_VALTIBERINA_Registro 14910_7 Convenzione_Thevenin_signed.json,province,Di Arezzo E Regione Toscana
09_VALTIBERINA_Registro 14910_7 Convenzione_Thevenin_signed.json,province,Di Arezzo Ha Approvato Il Programma Provinciale Antiviolenza Di Genere
09_VALTIBERINA_Registro 14910_7 Convenzione_Thevenin_signed.json,province,Di Arezzo Hanno Sottoscritto
09_VALTIBERINA_Registro 14910_7 Convenzione_Thevenin_signed.json,province,Di Arezzo In Data
09_VALTIBERINA_Registro 14910_7 Convenzione_Thevenin_signed.json,province,Di Arezzo Per La Fondazione Thevenin Onlus Dirigente Dott
09_VALTIBERINA_Registro 14910_7 Convenzione_Thevenin_signed.json,province,Di Arezzo Potra Recedere Dalla Convenzione
09_VALTIBERINA_Registro 14910_7 Convenzione_Thevenin_signed.json,province,Entro Il
09_VALTIBERINA_Registro 14910_7 Convenzione_Thevenin_signed.json,province,Si Assumono L
09_VALTIBERINA_Registro 14910_7 Convenzione_Thevenin_signed.json,province,X Di Arezzo Thevenin Art
09_VALTIBERINA_Registro 14910_7 Convenzione_Thevenin_signed.json,province,X Di Arezzo Thevenin Ospiti Dalla Struttura
09_VALTIBERINA_Registro 14910_7 Convenzione_Thevenin_signed.json,province,X Di Arezzo Thevenin Provinciale Antiviolenza Di Genere - Annualita
09_VALTIBERINA_Registro 14910_7 Convenzione_Thevenin_signed.json,comuni,Riferimento Della Donna E Con Quello Del Centro Antiviolenza
09_VALTIBERINA_Registro 14910_7 Convenzione_Thevenin_signed.json,associazioni,Donna
09_VALTIBERINA_Registro 14910_7 Convenzione_Thevenin_signed.json,associazioni,Donna Cav
09_VALTIBERINA_Registro n. 14909_ 6_Convenzione_Pronto_Donna_signed.json,regioni,Di Un Programma Unico E Coordinato A Livello Provinciale
09_VALTIBERINA_Registro n. 14909_ 6_Convenzione_Pronto_Donna_signed.json,regioni,In Collaborazione Con La Provincia Di Arezzo
09_VALTIBERINA_Registro n. 14909_ 6_Convenzione_Pronto_Donna_signed.json,regioni,In Merito All
09_VALTIBERINA_Registro n. 14909_ 6_Convenzione_Pronto_Donna_signed.json,regioni,Stessa
09_VALTIBERINA_Registro n. 14909_ 6_Convenzione_Pronto_Donna_signed.json,regioni,Toscana N
09_VALTIBERINA_Registro n. 14909_ 6_Convenzione_Pronto_Donna_signed.json,province,A Di Arezzo
09_VALTIBERINA_Registro n. 14909_ 6_Convenzione_Pronto_Donna_signed.json,province,Di Arezzo
09_VALTIBERINA_Registro n. 14909_ 6_Convenzione_Pronto_Donna_signed.json,province,Di Arezzo Alla Presentazione In Regione Di Un Programma Unico E Coordinato A Livello Provinciale
09_VALTIBERINA_Registro n. 14909_ 6_Convenzione_Pronto_Donna_signed.json,province,Di Arezzo Che Per
09_VALTIBERINA_Registro n. 14909_ 6_Convenzione_Pronto_Donna_signed.json,province,Di Arezzo E Regione Toscana
09_VALTIBERINA_Registro n. 14909_ 6_Convenzione_Pronto_Donna_signed.json,province,Di Arezzo Ha Approvato Il Programma Provinciale Antiviolenza Di Genere - Annualita
09_VALTIBERINA_Registro n. 14909_ 6_Convenzione_Pronto_Donna_signed.json,province,Di Arezzo Hanno Sottoscritto
09_VALTIBERINA_Registro n. 14909_ 6_Convenzione_Pronto_Donna_signed.json,province,Di Arezzo In Data
09_VALTIBERINA_Registro n. 14909_ 6_Convenzione_Pronto_Donna_signed.json,province,Di Arezzo Per L
09_VALTIBERINA_Registro n. 14909_ 6_Convenzione_Pronto_Donna_signed.json,province,Di Arezzo Potra Recedere Dal Pari Opportunita Sz Provincia
09_VALTIBERINA_Registro n. 14909_ 6_Convenzione_Pronto_Donna_signed.json,province,Di Arezzo Servizio Pari Opportunita
09_VALTIBERINA_Registro n. 14909_ 6_Convenzione_Pronto_Donna_signed.json,province,Di Una Scheda Di Rilevazione A Cadenza Trimestrale Nella Quale Saranno Descritte Le Iniziative Attivate
09_VALTIBERINA_Registro n. 14909_ 6_Convenzione_Pronto_Donna_signed.json,province,Si Assumono Limpegno Al Rispetto Ed All
09_VALTIBERINA_Registro n. 14909_ 6_Convenzione_Pronto_Donna_signed.json,associazioni,A Disposizione Una Struttura Abitativa Di Seconda
09_VALTIBERINA_Registro n. 14909_ 6_Convenzione_Pronto_Donna_signed.json,associazioni,Ai Seguenti Servizi
09_VALTIBERINA_Registro n. 14909_ 6_Convenzione_Pronto_Donna_signed.json,associazioni,All
09_VALTIBERINA_Registro n. 14909_ 6_Convenzione_Pronto_Donna_signed.json,associazioni,Alla Valutazione Delle Richieste Di Accoglienza Da
09_VALTIBERINA_Registro n. 14909_ 6_Convenzione_Pronto_Donna_signed.json,associazioni,Alle Ospiti Della Casa
09_VALTIBERINA_Registro n. 14909_ 6_Convenzione_Pronto_Donna_signed.json,associazioni,Allo Sviluppo Di Un Percorso Formativo E Di
09_VALTIBERINA_Registro n. 14909_ 6_Convenzione_Pronto_Donna_signed.json,associazioni,Di Tutti Gli Eventuali Danni Arrecati Alla Provincia E
09_VALTIBERINA_Registro n. 14909_ 6_Convenzione_Pronto_Donna_signed.json,associazioni,Donna
09_VALTIBERINA_Registro n. 14909_ 6_Convenzione_Pronto_Donna_signed.json,associazioni,Donna Cav A
09_VALTIBERINA_Registro n. 14909_ 6_Convenzione_Pronto_Donna_signed.json,associazioni,Esente Dal Pagamento Dell
09_VALTIBERINA_Registro n. 14909_ 6_Convenzione_Pronto_Donna_signed.json,associazioni,Fara Carico Della Gestione Della Casa
09_VALTIBERINA_Registro n. 14909_ 6_Convenzione_Pronto_Donna_signed.json,associazioni,Garantisce L
09_VALTIBERINA_Registro n. 14909_ 6_Convenzione_Pronto_Donna_signed.json,associazioni,Il Monitoraggio Dei Percorsi Di Accoglienza Attraverso
09_VALTIBERINA_Registro n. 14909_ 6_Convenzione_Pronto_Donna_signed.json,associazioni,Impegna Ad Elaborare
09_VALTIBERINA_Registro n. 14909_ 6_Convenzione_Pronto_Donna_signed.json,associazioni,Impegna Ad Eseguire La Rilevazione E Valutazione Del Rischio
09_VALTIBERINA_Registro n. 14909_ 6_Convenzione_Pronto_Donna_signed.json,associazioni,Impegna Affinch
09_VALTIBERINA_Registro n. 14909_ 6_Convenzione_Pronto_Donna_signed.json,associazioni,La Provincia Si Assumono Limpegno Al Rispetto Ed
09_VALTIBERINA_Registro n. 14909_ 6_Convenzione_Pronto_Donna_signed.json,associazioni,La Reperibilita
09_VALTIBERINA_Registro n. 14909_ 6_Convenzione_Pronto_Donna_signed.json,associazioni,Proceda All
09_VALTIBERINA_Registro n. 14909_ 6_Convenzione_Pronto_Donna_signed.json,associazioni,Retribuite
09_VALTIBERINA_Registro n. 14909_ 6_Convenzione_Pronto_Donna_signed.json,associazioni,Tenuta A Collaborare
09_VERSILIA Lineeguidasoccorsoviolenzadonne2017_VERSILIA_1.json,regioni,Di Appartenenza
09_VERSILIA Lineeguidasoccorsoviolenzadonne2017_VERSILIA_1.json,associazioni,Furto
09_VERSILIA Lineeguidasoccorsoviolenzadonne2017_VERSILIA_1.json,associazioni,Genetisti
09_VERSILIA Lineeguidasoccorsoviolenzadonne2017_VERSILIA_1.json,associazioni,Genetisti Forensi Italiani
09_VERSILIA Toscana-dgr-1260-2016-all_VERSILIA_2.json,regioni,Toscana Assicura
09_VERSILIA Toscana-dgr-1260-2016-all_VERSILIA_2.json,regioni,Toscana E La Procura Generale Della Repubblica Di Firenze
09_VERSILIA Toscana-dgr-1260-2016-all_VERSILIA_2.json,regioni,Toscana Prevedendo La Diffusione Nazionale Istituzionale Di Codice Rosa Quale
09_VERSILIA codice-rosa-linee-di-indirizzo.json,regioni,Toscana E La Procura Generale Della Repubblica Di Firenze
09_VERSILIA codice-rosa-linee-di-indirizzo.json,regioni,Toscana Presso La Corte D
09__APUANE_2015 Protocollo Prefettura.json,regioni,Toscana N
09__APUANE_2015 Protocollo Prefettura.json,province,Di Massa Carrara
09__APUANE_2015 Protocollo Prefettura.json,province,Di Massa Carrara Dott
09__APUANE_2015 Protocollo Prefettura.json,province,Di Massa Carrara Massa Al Sig
09__APUANE_2015 Protocollo Prefettura.json,comuni,Carrara Carrara Al Sig
09__APUANE_2015 Protocollo Prefettura.json,comuni,Carrara Il Vice Sindaco Fiorella Fambrini
09__APUANE_2015 Protocollo Prefettura.json,comuni,Cui All'Art
09__APUANE_2015 Protocollo Prefettura.json,comuni,Massa Massa
09__APUANE_2015 Protocollo Prefettura.json,comuni,Montignoso Montignoso Al Sig
09__APUANE_2015 Protocollo Prefettura.json,comuni,Provincia Di Massa Carrara
10_2406_rta_10_250506141901_4166---ProtocollounicoregionaleRINNOVATO.json,regioni,Nella Definizione Del Funzionamento Del Sistema Dei Servizi Di Prevenzione E Contrasto Della Violenza Contro Le Donne Basata Sul Genere
10_2406_rta_10_250506141901_4166---ProtocollounicoregionaleRINNOVATO.json,regioni,Procedure E Protocolli Specifici Afferenti Il Proprio Ambito Di Competenza Con Particolare Attenzione A Quelle Che Riguardano Il Raccordo Con Gli Altri Servizi Della Rete
10_2406_rta_10_250506141901_4166---ProtocollounicoregionaleRINNOVATO.json,regioni,Promuova La Costituzione Della Rete Di Prevenzione E Contrasto Alla Violenza Degli Uomini Contro Le Donne Quale Forma Integrata Di Percorsi Di Accoglienza E Di Uscita Dalla Violenza
10_2406_rta_10_250506141901_4166---ProtocollounicoregionaleRINNOVATO.json,regioni,Umbria
10_2406_rta_10_250506141901_4166---ProtocollounicoregionaleRINNOVATO.json,comuni,Assisi
10_2406_rta_10_250506141901_4166---ProtocollounicoregionaleRINNOVATO.json,comuni,Citta Di Castello
10_2406_rta_10_250506141901_4166---ProtocollounicoregionaleRINNOVATO.json,comuni,Foligno
10_2406_rta_10_250506141901_4166---ProtocollounicoregionaleRINNOVATO.json,comuni,Gubbio
10_2406_rta_10_250506141901_4166---ProtocollounicoregionaleRINNOVATO.json,comuni,Marsciano
10_2406_rta_10_250506141901_4166---ProtocollounicoregionaleRINNOVATO.json,comuni,Narni
10_2406_rta_10_250506141901_4166---ProtocollounicoregionaleRINNOVATO.json,comuni,Norcia
10_2406_rta_10_250506141901_4166---ProtocollounicoregionaleRINNOVATO.json,comuni,Orvieto
10_2406_rta_10_250506141901_4166---ProtocollounicoregionaleRINNOVATO.json,comuni,Perugia
10_2406_rta_10_250506141901_4166---ProtocollounicoregionaleRINNOVATO.json,comuni,Spoleto
10_2406_rta_10_250506141901_4166---ProtocollounicoregionaleRINNOVATO.json,comuni,Terni Sindaco
10_2406_rta_10_250506141901_4166---ProtocollounicoregionaleRINNOVATO.json,comuni,Trasimeno
10_2406_rta_10_250506141901_4166---ProtocollounicoregionaleRINNOVATO.json,associazioni,Comuni Italiani
10_2406_rta_10_250506141901_4166---ProtocollounicoregionaleRINNOVATO.json,associazioni,Contro La Guerra
10_2406_rta_10_250506141901_4166---ProtocollounicoregionaleRINNOVATO.json,associazioni,Donna
10_2406_rta_10_250506141901_4166---ProtocollounicoregionaleRINNOVATO.json,associazioni,Forum Amelia
10_2406_rta_10_250506141901_4166---ProtocollounicoregionaleRINNOVATO.json,associazioni,La Rosa
10_2406_rta_10_250506141901_4166---ProtocollounicoregionaleRINNOVATO.json,associazioni,Libera
10_2406_rta_10_250506141901_4166---ProtocollounicoregionaleRINNOVATO.json,associazioni,Pietro Vannucci
11_2406_rta_11_240911113034_4166---protocollodireteantiviolenza2020-2022-uuvv.json,regioni,Marche Delle Politiche Di Contrasto Alla Violenza Di Genere A Livello Territoriale
11_2406_rta_11_240911113034_4166---protocollodireteantiviolenza2020-2022-uuvv.json,regioni,Marche E Dei Risultati Delle Indagini Istat Su Violenze E Molestie Sessuali
11_2406_rta_11_240911113034_4166---protocollodireteantiviolenza2020-2022-uuvv.json,regioni,Marche Firmato Digitalmente Da Katia Marilungo Prot
11_2406_rta_11_240911113034_4166---protocollodireteantiviolenza2020-2022-uuvv.json,regioni,Marche Per Donne Vittime Di Violenza E Centro Antiviolenza Denominato
11_2406_rta_11_240911113034_4166---protocollodireteantiviolenza2020-2022-uuvv.json,province,Di
11_2406_rta_11_240911113034_4166---protocollodireteantiviolenza2020-2022-uuvv.json,province,Di Pesaro E Urbino
11_2406_rta_11_240911113034_4166---protocollodireteantiviolenza2020-2022-uuvv.json,province,Di Pesaro E Urbino Firmato Digitalmente Da Giuseppe Paolini Documento Agli Atti Di Ufficio Omop
11_2406_rta_11_240911113034_4166---protocollodireteantiviolenza2020-2022-uuvv.json,province,Di Pesaro E Urbino Firmato Digitalmente Da Paolo Maria Battistini Prot
11_2406_rta_11_240911113034_4166---protocollodireteantiviolenza2020-2022-uuvv.json,province,Di Pesaro E Urbino- Omop
11_2406_rta_11_240911113034_4166---protocollodireteantiviolenza2020-2022-uuvv.json,comuni,Pesaro
11_2406_rta_11_240911113034_4166---protocollodireteantiviolenza2020-2022-uuvv.json,comuni,Residenza
11_2406_rta_11_240911113105_4166---PROTOCOLLO_OPERATIVO2024_CONINDIRIZZARIO_FIRMATO.json,regioni,Marche - Dipartimento Dipendenze Patologiche Ast Ancona - Associazione
11_2406_rta_11_240911113105_4166---PROTOCOLLO_OPERATIVO2024_CONINDIRIZZARIO_FIRMATO.json,regioni,Marche Delle Politiche Di Contrasto Alla Violenza Di Genere A Livello Provinciale
11_2406_rta_11_240911113105_4166---PROTOCOLLO_OPERATIVO2024_CONINDIRIZZARIO_FIRMATO.json,regioni,Marche E Un Sistema Di Interventi Per Consentire L
11_2406_rta_11_240911113105_4166---PROTOCOLLO_OPERATIVO2024_CONINDIRIZZARIO_FIRMATO.json,regioni,Marche F L Cooperativa
11_2406_rta_11_240911113105_4166---PROTOCOLLO_OPERATIVO2024_CONINDIRIZZARIO_FIRMATO.json,province,Della Regione Marche E Un Sistema Di Interventi Per Consentire L
11_2406_rta_11_240911113105_4166---PROTOCOLLO_OPERATIVO2024_CONINDIRIZZARIO_FIRMATO.json,province,Di
11_2406_rta_11_240911113105_4166---PROTOCOLLO_OPERATIVO2024_CONINDIRIZZARIO_FIRMATO.json,province,Di Ancona
11_2406_rta_11_240911113105_4166---PROTOCOLLO_OPERATIVO2024_CONINDIRIZZARIO_FIRMATO.json,province,Di Ancona - Consigliera Di Parita
11_2406_rta_11_240911113105_4166---PROTOCOLLO_OPERATIVO2024_CONINDIRIZZARIO_FIRMATO.json,province,Di Ancona - Cooperativa Polo
11_2406_rta_11_240911113105_4166---PROTOCOLLO_OPERATIVO2024_CONINDIRIZZARIO_FIRMATO.json,province,Di Ancona Anmuouh Gor
11_2406_rta_11_240911113105_4166---PROTOCOLLO_OPERATIVO2024_CONINDIRIZZARIO_FIRMATO.json,province,Di Ancona Tribunale Di Ancona
11_2406_rta_11_240911113105_4166---PROTOCOLLO_OPERATIVO2024_CONINDIRIZZARIO_FIRMATO.json,comuni,Ancona - Provincia Di
11_2406_rta_11_240911113105_4166---PROTOCOLLO_OPERATIVO2024_CONINDIRIZZARIO_FIRMATO.json,comuni,Ancona- Largo Direzione Politiche Tiziana
11_2406_rta_11_240911113105_4166---PROTOCOLLO_OPERATIVO2024_CONINDIRIZZARIO_FIRMATO.json,comuni,Residenza
11_2406_rta_11_240911113105_4166---PROTOCOLLO_OPERATIVO2024_CONINDIRIZZARIO_FIRMATO.json,associazioni,E Giustizia A
11_2406_rta_11_240911113105_4166---PROTOCOLLO_OPERATIVO2024_CONINDIRIZZARIO_FIRMATO.json,associazioni,E Giustizia Di Ancona
11_2406_rta_11_240911113105_4166---PROTOCOLLO_OPERATIVO2024_CONINDIRIZZARIO_FIRMATO.json,associazioni,E Giustizia Odv Ha La Funzione Del Centro Antiviolenza
11_2406_rta_11_240911113105_4166---PROTOCOLLO_OPERATIVO2024_CONINDIRIZZARIO_FIRMATO.json,associazioni,Verde
11_2406_rta_11_240911113235_4166---MacerataProtocollo2019_2022Firmato.json,regioni,Marche - Un
11_2406_rta_11_240911113235_4166---MacerataProtocollo2019_2022Firmato.json,regioni,Marche Il Presidente Della Provincia Il Sindaco Di Macerata Il Sindaco Di Civitanova Marche Il Procuratore Della Repubblica Di Macerata Il Dirigente Dell
11_2406_rta_11_240911113235_4166---MacerataProtocollo2019_2022Firmato.json,regioni,Marche Nell'Ambito Delle Proprie Funzioni Previste Dalla Legge Regionale
11_2406_rta_11_240911113235_4166---MacerataProtocollo2019_2022Firmato.json,regioni,Per Gli Ats Del Territorio Provinciale Maceratese
11_2406_rta_11_240911113235_4166---MacerataProtocollo2019_2022Firmato.json,province,Compatibilmente Con Il Rispetto Dell
11_2406_rta_11_240911113235_4166---MacerataProtocollo2019_2022Firmato.json,province,Di Macerata
11_2406_rta_11_240911113235_4166---MacerataProtocollo2019_2022Firmato.json,province,Di Macerata Con Connotazioni
11_2406_rta_11_240911113235_4166---MacerataProtocollo2019_2022Firmato.json,province,Di Macerata La Provincia Di Macerata
11_2406_rta_11_240911113235_4166---MacerataProtocollo2019_2022Firmato.json,province,Il Sindaco Di Macerata Il Sindaco Di Civitanova Marche Il Procuratore Della Repubblica Di Macerata Il Dirigente Dell
11_2406_rta_11_240911113235_4166---MacerataProtocollo2019_2022Firmato.json,comuni,Civitanova Marche I Comuni Di Macerata E Civitanova Marche
11_2406_rta_11_240911113235_4166---MacerataProtocollo2019_2022Firmato.json,unioni,Montane Della Provincia Di Macerata
11_2406_rta_11_240911113235_4166---MacerataProtocollo2019_2022Firmato.json,associazioni,Di Categoria
11_2406_rta_11_240911113757_4166---All.4ProtocolloReteAntiviolenzasottoscritto18.12.2023.json,regioni,Marche
11_2406_rta_11_240911113757_4166---All.4ProtocolloReteAntiviolenzasottoscritto18.12.2023.json,province,Capofila Degli Enti Locali Associati
11_2406_rta_11_240911113757_4166---All.4ProtocolloReteAntiviolenzasottoscritto18.12.2023.json,province,Di Fermo
11_2406_rta_11_240911113757_4166---All.4ProtocolloReteAntiviolenzasottoscritto18.12.2023.json,province,Di Fermo Aia Ats
11_2406_rta_11_240911113757_4166---All.4ProtocolloReteAntiviolenzasottoscritto18.12.2023.json,province,Di Fermo Dott
11_2406_rta_11_240911113757_4166---All.4ProtocolloReteAntiviolenzasottoscritto18.12.2023.json,province,Di Fermo Mena At Ecm Wea
11_2406_rta_11_240911113757_4166---All.4ProtocolloReteAntiviolenzasottoscritto18.12.2023.json,province,Di Fermo É Istituita
11_2406_rta_11_240911113757_4166---All.4ProtocolloReteAntiviolenzasottoscritto18.12.2023.json,province,Diermo ' Dott
11_2406_rta_11_240911113757_4166---All.4ProtocolloReteAntiviolenzasottoscritto18.12.2023.json,associazioni,Degli Avvocati
11_2406_rta_11_240911113757_4166---All.4ProtocolloReteAntiviolenzasottoscritto18.12.2023.json,associazioni,Per La Famiglia Sezione Territoriale Di Fermo
11_2406_rta_11_240911113911_4166---AscoliPPROTOCOLLOoperativo_2019_2021.json,regioni,Marche Il Servizio Di Polizia Locale Si Rende Disponibile Allo Svolgimento Dello Stesso
11_2406_rta_11_240911113911_4166---AscoliPPROTOCOLLOoperativo_2019_2021.json,regioni,Marche Nell
11_2406_rta_11_240911113911_4166---AscoliPPROTOCOLLOoperativo_2019_2021.json,regioni,Marche Per Le Funzioni Legislative
11_2406_rta_11_240911113911_4166---AscoliPPROTOCOLLOoperativo_2019_2021.json,regioni,Marche Quale Organismo Dell'Assemblea Legislativa Istituito Con L
11_2406_rta_11_240911113911_4166---AscoliPPROTOCOLLOoperativo_2019_2021.json,regioni,Wae
11_2406_rta_11_240911113911_4166---AscoliPPROTOCOLLOoperativo_2019_2021.json,province,Ascoli Piceno
11_2406_rta_11_240911113911_4166---AscoliPPROTOCOLLOoperativo_2019_2021.json,province,Ascoli Piceno Si Impegna A Sensibilizzare Ed Informare I Propri Iscritti Sull
11_2406_rta_11_240911113911_4166---AscoliPPROTOCOLLOoperativo_2019_2021.json,province,Di Ascoli Caag Ufficio Scolastico Regionale Ufficio Iv Ambito Territoriale Per Le Province Di Ascoli Piceno E Fermo Associazione On The Road Sypaseme So Organizzazioni Sindacali Cisl Omune Di Ascoli Piceno - C
11_2406_rta_11_240911113911_4166---AscoliPPROTOCOLLOoperativo_2019_2021.json,province,Di Ascoli Piceno
11_2406_rta_11_240911113911_4166---AscoliPPROTOCOLLOoperativo_2019_2021.json,province,Di Ascoli Piceno Collaborera Con Le Stesse Modalita Attuate Negli Altri Territori
11_2406_rta_11_240911113911_4166---AscoliPPROTOCOLLOoperativo_2019_2021.json,province,Di Ascoli Piceno Consigliere Di Parita
11_2406_rta_11_240911113911_4166---AscoliPPROTOCOLLOoperativo_2019_2021.json,province,Di Ascoli Piceno Premesso Che Le Istituzioni E Gli Organismi Sopra Elencati
11_2406_rta_11_240911113911_4166---AscoliPPROTOCOLLOoperativo_2019_2021.json,province,Di Ascoli Piceno Regione Marche
11_2406_rta_11_240911113911_4166---AscoliPPROTOCOLLOoperativo_2019_2021.json,province,Di Ascoli Piceno Si Impegna A Collaborare
11_2406_rta_11_240911113911_4166---AscoliPPROTOCOLLOoperativo_2019_2021.json,province,Di Ascoli Piceno Si Impegna A Sensibilizzare Ed Informare I Medici Iscritti All
11_2406_rta_11_240911113911_4166---AscoliPPROTOCOLLOoperativo_2019_2021.json,province,Di Ascoli Pireno Cgil
11_2406_rta_11_240911113911_4166---AscoliPPROTOCOLLOoperativo_2019_2021.json,comuni,Ascoli Piceno In Qualita Di Ente Capofila Dell
11_2406_rta_11_240911113911_4166---AscoliPPROTOCOLLOoperativo_2019_2021.json,comuni,Ascoli Piceno In Rappresentanza Dei Comitati Dei Sindaci Degli Ambiti Territoriali
11_2406_rta_11_240911113911_4166---AscoliPPROTOCOLLOoperativo_2019_2021.json,comuni,Residenza Che
11_2406_rta_11_240911113911_4166---AscoliPPROTOCOLLOoperativo_2019_2021.json,comuni,San Benedetto
11_2406_rta_11_240911113911_4166---AscoliPPROTOCOLLOoperativo_2019_2021.json,associazioni,The Road
11_2406_rta_11_240911113911_4166---AscoliPPROTOCOLLOoperativo_2019_2021.json,associazioni,The Road Onlus
12_2406_rta_12_240926112734_4166---3AccordoDistrettoVT4ePontedonna-signed(1).json,associazioni,Valido Dal
12_2406_rta_12_240926112823_4166---2AccordoDemetra_Aman.json,associazioni,Il Miglioramento Dell
12_2406_rta_12_240926113112_4166---4AccordoSpaziosupportodonnaAPSPonteDonna.json,associazioni,Ponte Donna
12_2406_rta_12_240926113237_4166---Accordocavunuiversitari.json,regioni,Lazio Alla C
12_2406_rta_12_240926113237_4166---Accordocavunuiversitari.json,regioni,Ritiene Importante Che La Rete Con Il Iil
12_2406_rta_12_240926113237_4166---Accordocavunuiversitari.json,comuni,Viterbo
12_2406_rta_12_240926113237_4166---Accordocavunuiversitari.json,associazioni,Ponte Donna Mimose
12_2406_rta_12_240926115028_4166---ProtICROASLazioePonteDonna.json,associazioni,Donna Aps
12_2406_rta_12_240926115028_4166---ProtICROASLazioePonteDonna.json,associazioni,Gmt+
12_2406_rta_12_240926122148_4166---2024.1153010-AccordotralepartiPonteDonna–UnderdogSocialClubCAVMarielleFranco-2(1).json,regioni,Lazio Organizzazioni Di Donne Impegnate Nel Contrasto Alla Violenza Di Genere E Nel Sostegno Ai Percorsi Di Uscita Dalla Violenza
12_2406_rta_12_240926122148_4166---2024.1153010-AccordotralepartiPonteDonna–UnderdogSocialClubCAVMarielleFranco-2(1).json,associazioni,Che Rientrano Nei Requisiti Isee Di Legge Nei Valori Di Disagio
12_2406_rta_12_240926122148_4166---2024.1153010-AccordotralepartiPonteDonna–UnderdogSocialClubCAVMarielleFranco-2(1).json,associazioni,Dilettantistica Underdog Social Club Ha Come Scopo La Realizzazione Di
12_2406_rta_12_240926122148_4166---2024.1153010-AccordotralepartiPonteDonna–UnderdogSocialClubCAVMarielleFranco-2(1).json,associazioni,Sociale
12_2406_rta_12_240926122148_4166---2024.1153010-AccordotralepartiPonteDonna–UnderdogSocialClubCAVMarielleFranco-2(1).json,associazioni,Sociale A
12_2406_rta_12_240926123509_4166---2024.1153010-ACCORDOtraAPSPonteDonnaeAPSMammeFuoriCAVMarielleFranco-10-11(1).json,regioni,Lazio Organizzazioni Di Donne Impegnate Nel Contrasto Alla Violenza Di Genere E Nel Sostegno Ai Percorsi Di Uscita Dalla Violenza
12_2406_rta_12_240926123509_4166---2024.1153010-ACCORDOtraAPSPonteDonnaeAPSMammeFuoriCAVMarielleFranco-10-11(1).json,associazioni,Mammefuori
12_2406_rta_12_240926123509_4166---2024.1153010-ACCORDOtraAPSPonteDonnaeAPSMammeFuoriCAVMarielleFranco-10-11(1).json,associazioni,Sociale
12_2406_rta_12_240926124601_4166---ACCORDOtrlepartiITSETLOIeMarielleFranco(1).json,associazioni,Donna Aps
12_2406_rta_12_240926133329_4166---ProtInt2CAVFRANCARAME-18-20(1).json,associazioni,E Realizza Iniziative
12_2406_rta_12_240926133329_4166---ProtInt2CAVFRANCARAME-18-20(1).json,associazioni,Oggi
12_2406_rta_12_240926133329_4166---ProtInt2CAVFRANCARAME-18-20(1).json,associazioni,Volontarie Del Telefono Rosa Centro Astalli
12_2406_rta_12_240926133329_4166---ProtInt2CAVFRANCARAME-18-20(1).json,associazioni,Votontarie Telefono Rosa
12_2406_rta_12_240926133452_4166---PISPICGIL.json,associazioni,E Realizza Iniziative
12_2406_rta_12_240926133452_4166---PISPICGIL.json,associazioni,Oggi
12_2406_rta_12_240926133452_4166---PISPICGIL.json,associazioni,Volontarie Telefono Rosa
12_2406_rta_12_240926133706_4166---STAR.json,comuni,Cisterna Di Latina Prot
12_2406_rta_12_240926133706_4166---STAR.json,comuni,Residenza E
12_2406_rta_12_240926133706_4166---STAR.json,associazioni,Donna Lilith
12_2406_rta_12_240926134140_4166---Protocollointesa.json,regioni,Lazio Odv
12_2406_rta_12_240926134140_4166---Protocollointesa.json,province,Di Frosinone
12_2406_rta_12_240926134140_4166---Protocollointesa.json,province,Il Direttore Gen Erale Della Di Frosinon Asl Di Fro Inone Il Presidente Del Consiglio Dell
12_2406_rta_12_240926134140_4166---Protocollointesa.json,province,Il Procuratore Della Repubblica Difr N Presso Il Tri Unale Di Frosinone
12_2406_rta_12_240926134140_4166---Protocollointesa.json,associazioni,Telefono Rosa Frosinone
12_2406_rta_12_240926135421_4166---3protCAVFRANCARAME-28-30(1).json,associazioni,E Realizza Iniziative
12_2406_rta_12_240926135421_4166---3protCAVFRANCARAME-28-30(1).json,associazioni,Oggi
12_2406_rta_12_240926135421_4166---3protCAVFRANCARAME-28-30(1).json,associazioni,Volontarie Telefono Rosa
12_2406_rta_12_240926140522_4166---4ProtintCAVFRANCARAME-38-41(1).json,associazioni,Le Donne
12_2406_rta_12_240926140522_4166---4ProtintCAVFRANCARAME-38-41(1).json,associazioni,Le Donne Di Collaborare Alla Promozione Di
12_2406_rta_12_240926140522_4166---4ProtintCAVFRANCARAME-38-41(1).json,associazioni,Le Donne Organizza Eventi
12_2406_rta_12_240926140522_4166---4ProtintCAVFRANCARAME-38-41(1).json,associazioni,Le Donne Promuove Delle Attivita Di Gruppo Al Fine Di Favorire L
12_2406_rta_12_240926140522_4166---4ProtintCAVFRANCARAME-38-41(1).json,associazioni,Le Donne Promuove Il Dialogo E La Collaborazione Sinergica Tra Diversi Enti
12_2406_rta_12_240926140522_4166---4ProtintCAVFRANCARAME-38-41(1).json,associazioni,Le Donne Sviluppa Percorsi Informativi E Formativi Rivolti A Minori E Adulti
12_2406_rta_12_240926140522_4166---4ProtintCAVFRANCARAME-38-41(1).json,associazioni,Volontarie Telefono Rosa
12_2406_rta_12_240926143343_4166---2.1protocolloIntegra-CavMerlin(1).json,associazioni,Anche Iniziative Culturali
12_2406_rta_12_240926143343_4166---2.1protocolloIntegra-CavMerlin(1).json,associazioni,Che
12_2406_rta_12_240926143343_4166---2.1protocolloIntegra-CavMerlin(1).json,associazioni,Delle Donne Lucha Y Siesta
12_2406_rta_12_240926143343_4166---2.1protocolloIntegra-CavMerlin(1).json,associazioni,Fine Di
12_2406_rta_12_240926143343_4166---2.1protocolloIntegra-CavMerlin(1).json,associazioni,Impegna A
12_2406_rta_12_240926143343_4166---2.1protocolloIntegra-CavMerlin(1).json,associazioni,Maturato Un
12_2406_rta_12_240926143343_4166---2.1protocolloIntegra-CavMerlin(1).json,associazioni,Nel Rispetto Dei Diritti Fondamentali Delle Donne Che Beneficiano Della
12_2406_rta_12_240926143343_4166---2.1protocolloIntegra-CavMerlin(1).json,associazioni,Scopo Di
12_2406_rta_12_240926143343_4166---2.1protocolloIntegra-CavMerlin(1).json,associazioni,Un Approccio Di Genere E Modalita
12_2406_rta_12_240927093424_4166---ProtVMunMerlin.json,regioni,Lazio
12_2406_rta_12_240927093424_4166---ProtVMunMerlin.json,associazioni,Delle Donne Lucha Y Siesta
12_2406_rta_12_241001130527_4166---protocollocontrolaviolenzadigenere.pdfpdf.json,regioni,Lazio E La Procura Generale Presso La Corte D
12_2406_rta_12_241001130527_4166---protocollocontrolaviolenzadigenere.pdfpdf.json,province,Di Rieti
12_2406_rta_12_241001130527_4166---protocollocontrolaviolenzadigenere.pdfpdf.json,province,Di Rieti Hanno Facolta Di Aderirvi Mediante Manifestazione Di Volonta In Tal Senso Da Trasmettere Alla Prefettura Di Rieti E Agli Altri Sottoscrittori
12_2406_rta_12_241001130527_4166---protocollocontrolaviolenzadigenere.pdfpdf.json,province,Di Rieti L
12_2406_rta_12_241001130527_4166---protocollocontrolaviolenzadigenere.pdfpdf.json,province,Di Rieti Si Impegna A Sensibilizzare E Formare I Medici Iscritti All
12_2406_rta_12_241001130527_4166---protocollocontrolaviolenzadigenere.pdfpdf.json,province,E Degli Ambiti Territoriali Esistenti Di Aderirvi Mediante Manifestazione Di Volonta In Tal Senso Da Trasmettere Alla Prefettura Di Rieti E Agli Altri Sottoscrittori
12_2406_rta_12_241001130527_4166---protocollocontrolaviolenzadigenere.pdfpdf.json,comuni,Provincia E Degli Ambiti Territoriali Esistenti Di Aderirvi Mediante Manifestazione Di Volonta In Tal Senso Da Trasmettere Alla Prefettura Di Rieti E Agli Altri Sottoscrittori
12_2406_rta_12_241001130527_4166---protocollocontrolaviolenzadigenere.pdfpdf.json,comuni,Rieti Paragrafo Pagina Is
12_2406_rta_12_241001130527_4166---protocollocontrolaviolenzadigenere.pdfpdf.json,comuni,Rieti Sia Ad Implementare E Rafforzare La Presenza Ed Il Funzionamento Di Case Rifugio
12_2406_rta_12_241001133138_4166---1protCAVSAPIENZA-COMITATODIQUARTIERESANLORENZO(1).json,associazioni,Rasa Si Impegns
12_2406_rta_12_241001133138_4166---1protCAVSAPIENZA-COMITATODIQUARTIERESANLORENZO(1).json,associazioni,Rosa E Del Comitato Di Quartiere San Lorenzo Roma Di
12_2406_rta_12_241001133138_4166---1protCAVSAPIENZA-COMITATODIQUARTIERESANLORENZO(1).json,associazioni,Volontarie Telefono Rosa
12_2406_rta_12_241002105403_4166---2ProtCAVSAPIENZA-HAPPYCOACHINGANDCOUNSELING.json,associazioni,Happy Coaching And Counseling Korma A
12_2406_rta_12_241002105403_4166---2ProtCAVSAPIENZA-HAPPYCOACHINGANDCOUNSELING.json,associazioni,Volontarie Telefono Rosa
12_2406_rta_12_241002110138_4166---3protCAVSAPIENZA-laGRU.json,associazioni,E Realizza Iniziative
12_2406_rta_12_241002110138_4166---3protCAVSAPIENZA-laGRU.json,associazioni,Gr U
12_2406_rta_12_241002110138_4166---3protCAVSAPIENZA-laGRU.json,associazioni,Gru Aps
12_2406_rta_12_241002110138_4166---3protCAVSAPIENZA-laGRU.json,associazioni,Itta Di
12_2406_rta_12_241002110138_4166---3protCAVSAPIENZA-laGRU.json,associazioni,Oggi
12_2406_rta_12_241002110138_4166---3protCAVSAPIENZA-laGRU.json,associazioni,Solontarie
12_2406_rta_12_241002110138_4166---3protCAVSAPIENZA-laGRU.json,associazioni,Volontarie Telefono Rosa
12_2406_rta_12_241002110904_4166---5protCAVSAPIENZA-RUOTALIBERACOOPERATIVASOCIALE.json,associazioni,Per Ruotzliberaz Coup
12_2406_rta_12_241002110904_4166---5protCAVSAPIENZA-RUOTALIBERACOOPERATIVASOCIALE.json,associazioni,Rosa E Della Cooperativa Ruotalibera Di Roma Di
12_2406_rta_12_241002110904_4166---5protCAVSAPIENZA-RUOTALIBERACOOPERATIVASOCIALE.json,associazioni,Rosa Si Impegna
12_2406_rta_12_241002110904_4166---5protCAVSAPIENZA-RUOTALIBERACOOPERATIVASOCIALE.json,associazioni,Volontarie Telefono Rosa
12_2406_rta_12_241002111710_4166---6protCAVSAPIENZA-SAPIENZAINMOVIMENTO.json,regioni,Lazio
12_2406_rta_12_241002111710_4166---6protCAVSAPIENZA-SAPIENZAINMOVIMENTO.json,associazioni,Ogyi
12_2406_rta_12_241002111710_4166---6protCAVSAPIENZA-SAPIENZAINMOVIMENTO.json,associazioni,Promuove
12_2406_rta_12_241002111710_4166---6protCAVSAPIENZA-SAPIENZAINMOVIMENTO.json,associazioni,Rosa All
12_2406_rta_12_241002111710_4166---6protCAVSAPIENZA-SAPIENZAINMOVIMENTO.json,associazioni,Rosa E Dei Centri Anti Violenza Della Regione Lazio
12_2406_rta_12_241002111710_4166---6protCAVSAPIENZA-SAPIENZAINMOVIMENTO.json,associazioni,Volontarie Telefono Rosa
12_2406_rta_12_241002112428_4166---7prot(mancapagina)CAVSAPIENZA-UNIVERSITàPOPOLAREVITAATIVA.json,associazioni,Volontarie Telefono Rosa
12_2406_rta_12_241002113235_4166---8protCAVSAPIENZA-RETAKEROMAODV.json,associazioni,Oggi
12_2406_rta_12_241002113235_4166---8protCAVSAPIENZA-RETAKEROMAODV.json,associazioni,Per
12_2406_rta_12_241002113235_4166---8protCAVSAPIENZA-RETAKEROMAODV.json,associazioni,Roma
12_2406_rta_12_241002113235_4166---8protCAVSAPIENZA-RETAKEROMAODV.json,associazioni,Roma Agisce
12_2406_rta_12_241002113235_4166---8protCAVSAPIENZA-RETAKEROMAODV.json,associazioni,Roma Di Coll
12_2406_rta_12_241002113235_4166---8protCAVSAPIENZA-RETAKEROMAODV.json,associazioni,Roma Odv
12_2406_rta_12_241002113235_4166---8protCAVSAPIENZA-RETAKEROMAODV.json,associazioni,Roma Odv Opera Attraverso Una Serie Di Evemti Di Mobilaazione Civica
12_2406_rta_12_241002113235_4166---8protCAVSAPIENZA-RETAKEROMAODV.json,associazioni,Rosa
12_2406_rta_12_241002113235_4166---8protCAVSAPIENZA-RETAKEROMAODV.json,associazioni,Rosa Promuove
12_2406_rta_12_241002113235_4166---8protCAVSAPIENZA-RETAKEROMAODV.json,associazioni,Telefono Ro
12_2406_rta_12_241002113235_4166---8protCAVSAPIENZA-RETAKEROMAODV.json,associazioni,Volontarie Telefono Rosa
12_2406_rta_12_241002114038_4166---1protCAVTITANO-8-10DidascoSoc.Coop.Soc.json,associazioni,Oggi
12_2406_rta_12_241002114038_4166---1protCAVTITANO-8-10DidascoSoc.Coop.Soc.json,associazioni,Volontarie Telefono Rosa
12_2406_rta_12_241002115125_4166---2protCAVTITANO-AmiciDiConcaD’oro.json,associazioni,E Realizza Iniziative
12_2406_rta_12_241002115125_4166---2protCAVTITANO-AmiciDiConcaD’oro.json,associazioni,Intarie Il Presidente
12_2406_rta_12_241002115125_4166---2protCAVTITANO-AmiciDiConcaD’oro.json,associazioni,Oggi
12_2406_rta_12_241002115125_4166---2protCAVTITANO-AmiciDiConcaD’oro.json,associazioni,Volontarie Telefono Rosa
12_2406_rta_12_241002115801_4166---3protCAVTITANO-IdeaPrisma82Coop.Soc.json,associazioni,E Realizza Iniziative
12_2406_rta_12_241002115801_4166---3protCAVTITANO-IdeaPrisma82Coop.Soc.json,associazioni,Oggi
12_2406_rta_12_241002115801_4166---3protCAVTITANO-IdeaPrisma82Coop.Soc.json,associazioni,Volontarie Telefono Rosa
12_2406_rta_12_241002120506_4166---4protCAVTITANO-ASSOCIAZIONESolidarietàLaicaeResponsabileSO.LA.RE.Onlus.json,associazioni,Del Telefono Rosa
12_2406_rta_12_241002120506_4166---4protCAVTITANO-ASSOCIAZIONESolidarietàLaicaeResponsabileSO.LA.RE.Onlus.json,associazioni,Del Telefono Rosa Nelle Attivita Gestite
12_2406_rta_12_241002120506_4166---4protCAVTITANO-ASSOCIAZIONESolidarietàLaicaeResponsabileSO.LA.RE.Onlus.json,associazioni,E Realizza Iniziative
12_2406_rta_12_241002120506_4166---4protCAVTITANO-ASSOCIAZIONESolidarietàLaicaeResponsabileSO.LA.RE.Onlus.json,associazioni,In Particolare Svolgere Attivita Integrative E Sinergiche
12_2406_rta_12_241002120506_4166---4protCAVTITANO-ASSOCIAZIONESolidarietàLaicaeResponsabileSO.LA.RE.Onlus.json,associazioni,Laica E Responsabile
12_2406_rta_12_241002120506_4166---4protCAVTITANO-ASSOCIAZIONESolidarietàLaicaeResponsabileSO.LA.RE.Onlus.json,associazioni,Oggi
12_2406_rta_12_241002120506_4166---4protCAVTITANO-ASSOCIAZIONESolidarietàLaicaeResponsabileSO.LA.RE.Onlus.json,associazioni,Stessa
12_2406_rta_12_241002120506_4166---4protCAVTITANO-ASSOCIAZIONESolidarietàLaicaeResponsabileSO.LA.RE.Onlus.json,associazioni,Volontarie Telefono Rosa
12_2406_rta_12_241002122243_4166---2ProtocolloAssociazioneAllianceforAfricanAssistance(002).json,associazioni,Adopera In Ogni Modo
12_2406_rta_12_241002122243_4166---2ProtocolloAssociazioneAllianceforAfricanAssistance(002).json,associazioni,E Realizza Iniziative
12_2406_rta_12_241002122243_4166---2ProtocolloAssociazioneAllianceforAfricanAssistance(002).json,associazioni,For Africa Assistance In Relazione Al
12_2406_rta_12_241002122243_4166---2ProtocolloAssociazioneAllianceforAfricanAssistance(002).json,associazioni,For African Assistance
12_2406_rta_12_241002122243_4166---2ProtocolloAssociazioneAllianceforAfricanAssistance(002).json,associazioni,For African Assistance Italy Da Oltre
12_2406_rta_12_241002122243_4166---2ProtocolloAssociazioneAllianceforAfricanAssistance(002).json,associazioni,Oggi
12_2406_rta_12_241002122243_4166---2ProtocolloAssociazioneAllianceforAfricanAssistance(002).json,associazioni,Promuove Iniziative Affinch
12_2406_rta_12_241002122243_4166---2ProtocolloAssociazioneAllianceforAfricanAssistance(002).json,associazioni,Volontarie Telefono Rosa
12_2406_rta_12_241002130504_4166---3Protocollid'intesa-TavoloInteristituzionaletraUfficiGiudiziaricompetentinelcircondariodiRomaavvocaturaecentriantiviolenza(1).json,regioni,Lazio
12_2406_rta_12_241003091037_4166---5Protocollid'intesa-Ass.Salvamamme(002).json,associazioni,Adopera In Ogni Modo
12_2406_rta_12_241003091037_4166---5Protocollid'intesa-Ass.Salvamamme(002).json,associazioni,In Relazione Al Percorso Di
12_2406_rta_12_241003091037_4166---5Protocollid'intesa-Ass.Salvamamme(002).json,associazioni,La Legale Rappresentante
12_2406_rta_12_241003091037_4166---5Protocollid'intesa-Ass.Salvamamme(002).json,associazioni,Oggi
12_2406_rta_12_241003091037_4166---5Protocollid'intesa-Ass.Salvamamme(002).json,associazioni,Promuove Iniziative Affinch
12_2406_rta_12_241003091037_4166---5Protocollid'intesa-Ass.Salvamamme(002).json,associazioni,Salvamamme
12_2406_rta_12_241003091037_4166---5Protocollid'intesa-Ass.Salvamamme(002).json,associazioni,Si Impegna A
12_2406_rta_12_241003091037_4166---5Protocollid'intesa-Ass.Salvamamme(002).json,associazioni,Volontarie Telefono Rosa
12_2406_rta_12_241003093443_4166---7Protocollod'intesa-Donneinrinascita.json,comuni,Lavoro E Di Reciproca Collaborazione Raggiungimento I Scopi Statutari Detie Due I
12_2406_rta_12_241003093443_4166---7Protocollod'intesa-Donneinrinascita.json,associazioni,In Rimassita
12_2406_rta_12_241003093443_4166---7Protocollod'intesa-Donneinrinascita.json,associazioni,In Rinascita Reaiizza Attvita Di
12_2406_rta_12_241003093443_4166---7Protocollod'intesa-Donneinrinascita.json,associazioni,Volontarie Telefono Rosa Onlus
12_2406_rta_12_241003094302_4166---4VerbaleIncontroGiorgieLaGinestra-PROTOCOLLO.json,regioni,Lazio
12_2406_rta_12_241003094302_4166---4VerbaleIncontroGiorgieLaGinestra-PROTOCOLLO.json,associazioni,Volontarie Del Telefono Rosa
12_2406_rta_12_241003095202_4166---8ProtocolloUIL.json,associazioni,Rosa
12_2406_rta_12_241003095202_4166---8ProtocolloUIL.json,associazioni,Rosa Opera Nel Territorio Nazionale In Sintonia
12_2406_rta_12_241003095202_4166---8ProtocolloUIL.json,associazioni,Rosa Potranno Inviare Ai Centri Di
12_2406_rta_12_241003095202_4166---8ProtocolloUIL.json,associazioni,Volontarie Telefono Rosa Onlus
12_2406_rta_12_241003100516_4166---1ProtCAVPAOLALATTESLibroteka(1).json,associazioni,E Realizza Iniziative Pe
12_2406_rta_12_241003100516_4166---1ProtCAVPAOLALATTESLibroteka(1).json,associazioni,La Libroteca
12_2406_rta_12_241003100516_4166---1ProtCAVPAOLALATTESLibroteka(1).json,associazioni,Oggi
12_2406_rta_12_241003100516_4166---1ProtCAVPAOLALATTESLibroteka(1).json,associazioni,Prefigge Quale Scopo Istituzionale Di Dotare Il Territorio Di Roma Di Uno Spazio
12_2406_rta_12_241003100516_4166---1ProtCAVPAOLALATTESLibroteka(1).json,associazioni,Volontarie Telefono Rosa
12_2406_rta_12_241003101925_4166---ProtocolloFormazioneObiettivoUomo.json,regioni,Lazio Per La Formazione Continua
12_2406_rta_12_241003104626_4166---PROTOCOLLODIINTESAMUNICIPIOXV.json,regioni,Lazio
12_2406_rta_12_241003104626_4166---PROTOCOLLODIINTESAMUNICIPIOXV.json,associazioni,Donna Aps
12_2406_rta_12_241003104626_4166---PROTOCOLLODIINTESAMUNICIPIOXV.json,associazioni,La Violenza Alle Donne Aps
12_2406_rta_12_241003105319_4166---PROTOCOLLODIINTES1_2601def-signed-signed.json,associazioni,Donna Aps
12_2406_rta_12_241003105319_4166---PROTOCOLLODIINTES1_2601def-signed-signed.json,associazioni,E Organizzazione Non Governativa
12_2406_rta_12_241003105855_4166---ProtocollodiintesafirmatoASL1.json,regioni,Lazio N
12_2406_rta_12_241003105855_4166---ProtocollodiintesafirmatoASL1.json,associazioni,Avuto Chiaro Che La
12_2406_rta_12_241003105855_4166---ProtocollodiintesafirmatoASL1.json,associazioni,Avvale
12_2406_rta_12_241003105855_4166---ProtocollodiintesafirmatoASL1.json,associazioni,Donna
12_2406_rta_12_241003105855_4166---ProtocollodiintesafirmatoASL1.json,associazioni,Donna Annovera Tra Le Sue Principali Attivita
12_2406_rta_12_241003105855_4166---ProtocollodiintesafirmatoASL1.json,associazioni,Donna Aps
12_2406_rta_12_241003105855_4166---ProtocollodiintesafirmatoASL1.json,associazioni,Donna Aps E Il Distretto
12_2406_rta_12_241003105855_4166---ProtocollodiintesafirmatoASL1.json,associazioni,Donna Aps Si Occupa Di Far Emergere
12_2406_rta_12_241003105855_4166---ProtocollodiintesafirmatoASL1.json,associazioni,Donna Aps Si Rendono Disponibili All
12_2406_rta_12_241003110309_4166---ProtocollodiIntesaMunicipio1eDD.json,associazioni,Donna
12_2406_rta_12_241003110309_4166---ProtocollodiIntesaMunicipio1eDD.json,associazioni,Donna Aps
12_2406_rta_12_241003110812_4166---ALLIANCEFORAFRICANASSISTANCE_colasantilopez.json,associazioni,B Differenza Donna Aps
12_2406_rta_12_241003110812_4166---ALLIANCEFORAFRICANASSISTANCE_colasantilopez.json,associazioni,Donna Aps
12_2406_rta_12_241003111748_4166---ACCORDOMUNICIPIOROMAVeDIPPARIOPPROMACAPITALE_DD.json,regioni,Lazio
12_2406_rta_12_241003112247_4166---Accordodicollaborazione_CREDICI.json,associazioni,Avuto Chiaro Che La Discriminazione
12_2406_rta_12_241003112247_4166---Accordodicollaborazione_CREDICI.json,associazioni,Avvale
12_2406_rta_12_241003112247_4166---Accordodicollaborazione_CREDICI.json,associazioni,Donna
12_2406_rta_12_241003112247_4166---Accordodicollaborazione_CREDICI.json,associazioni,Donna Annovera Tra Le Sue Principali Attivita
12_2406_rta_12_241003112247_4166---Accordodicollaborazione_CREDICI.json,associazioni,Donna Aps
12_2406_rta_12_241003112247_4166---Accordodicollaborazione_CREDICI.json,associazioni,Donna Aps E Credici S
12_2406_rta_12_241003112247_4166---Accordodicollaborazione_CREDICI.json,associazioni,Donna Aps Si Occupa Di Far Emergere
12_2406_rta_12_241003112247_4166---Accordodicollaborazione_CREDICI.json,associazioni,Donna In Merito Alle Opportunita Lavorative Offerte
12_2406_rta_12_241003112656_4166---AccordodicollaborazioneconsultorieDifferenzaDonna.json,associazioni,Avuto Chiaro Che La Discriminazione
12_2406_rta_12_241003112656_4166---AccordodicollaborazioneconsultorieDifferenzaDonna.json,associazioni,Avvale
12_2406_rta_12_241003112656_4166---AccordodicollaborazioneconsultorieDifferenzaDonna.json,associazioni,Donna
12_2406_rta_12_241003112656_4166---AccordodicollaborazioneconsultorieDifferenzaDonna.json,associazioni,Donna Annovera Tra Le Sue Principali Attivita
12_2406_rta_12_241003112656_4166---AccordodicollaborazioneconsultorieDifferenzaDonna.json,associazioni,Donna Aps
12_2406_rta_12_241003112656_4166---AccordodicollaborazioneconsultorieDifferenzaDonna.json,associazioni,Donna Aps E La Unita Operativa Complessa
12_2406_rta_12_241003112656_4166---AccordodicollaborazioneconsultorieDifferenzaDonna.json,associazioni,Donna Aps Si Occupa Di Far Emergere
12_2406_rta_12_241003112656_4166---AccordodicollaborazioneconsultorieDifferenzaDonna.json,associazioni,Donna Aps Si Rendono Disponibili All
12_2406_rta_12_241003112656_4166---AccordodicollaborazioneconsultorieDifferenzaDonna.json,associazioni,Donna Ha Gestito Il Centro Antiviolenza
12_2406_rta_12_241003112656_4166---AccordodicollaborazioneconsultorieDifferenzaDonna.json,associazioni,Donna Ha Gestito Lo Sportello Ospedaliero
12_2406_rta_12_241003112656_4166---AccordodicollaborazioneconsultorieDifferenzaDonna.json,consorzi,Valle Del Tevere
12_2406_rta_12_241003113235_4166---Accordodifferenzadonna-29.09.2023-signed.json,comuni,Trevignano Romano Per Il
12_2406_rta_12_241003113235_4166---Accordodifferenzadonna-29.09.2023-signed.json,comuni,Trevignano É Impegnato A Contrastare E Prevenire La Violenza Sulle Donne
12_2406_rta_12_241003113235_4166---Accordodifferenzadonna-29.09.2023-signed.json,associazioni,Avuto Chiaro Che La Discriminazione
12_2406_rta_12_241003113235_4166---Accordodifferenzadonna-29.09.2023-signed.json,associazioni,Avvale
12_2406_rta_12_241003113235_4166---Accordodifferenzadonna-29.09.2023-signed.json,associazioni,Donna
12_2406_rta_12_241003113235_4166---Accordodifferenzadonna-29.09.2023-signed.json,associazioni,Donna Annoveratra Le Sue Principali Attivita
12_2406_rta_12_241003113235_4166---Accordodifferenzadonna-29.09.2023-signed.json,associazioni,Donna Aps
12_2406_rta_12_241003113235_4166---Accordodifferenzadonna-29.09.2023-signed.json,associazioni,Donna Aps Ed Il Comune Di Trevignano Romano
12_2406_rta_12_241003113235_4166---Accordodifferenzadonna-29.09.2023-signed.json,associazioni,Donna Aps In Merito Alle Azioni
12_2406_rta_12_241003113235_4166---Accordodifferenzadonna-29.09.2023-signed.json,associazioni,Donna Aps Si Occupa Di Far Emergere
12_2406_rta_12_241003113235_4166---Accordodifferenzadonna-29.09.2023-signed.json,associazioni,Donna Aps Si Rendono Disponibili All
12_2406_rta_12_241003113235_4166---Accordodifferenzadonna-29.09.2023-signed.json,associazioni,Donna Ha Gestito Il Centro Antiviolenza
12_2406_rta_12_241003113235_4166---Accordodifferenzadonna-29.09.2023-signed.json,associazioni,Donna Ha Gestito Lo Sportello Ospedaliero
12_2406_rta_12_241003113235_4166---Accordodifferenzadonna-29.09.2023-signed.json,consorzi,Valle Del Tevere
12_2406_rta_12_241003113710_4166---Accordodicollaborazione_CREDICI.json,associazioni,Avuto Chiaro Che La Discriminazione
12_2406_rta_12_241003113710_4166---Accordodicollaborazione_CREDICI.json,associazioni,Avvale
12_2406_rta_12_241003113710_4166---Accordodicollaborazione_CREDICI.json,associazioni,Donna
12_2406_rta_12_241003113710_4166---Accordodicollaborazione_CREDICI.json,associazioni,Donna Annovera Tra Le Sue Principali Attivita
12_2406_rta_12_241003113710_4166---Accordodicollaborazione_CREDICI.json,associazioni,Donna Aps
12_2406_rta_12_241003113710_4166---Accordodicollaborazione_CREDICI.json,associazioni,Donna Aps E Credici S
12_2406_rta_12_241003113710_4166---Accordodicollaborazione_CREDICI.json,associazioni,Donna Aps Si Occupa Di Far Emergere
12_2406_rta_12_241003113710_4166---Accordodicollaborazione_CREDICI.json,associazioni,Donna In Merito Alle Opportunita Lavorative Offerte
12_2406_rta_12_241003114137_4166---PROTOCOLLODIINTESAROMAVOLLEYEDD.json,associazioni,Riconosciuto La Discriminazione
12_2406_rta_12_241003114137_4166---PROTOCOLLODIINTESAROMAVOLLEYEDD.json,associazioni,Si Dedica A Far Emergere
12_2406_rta_12_241003114931_4166---ProtocollodiintesaDifferenzaDonnaeMunicipio13.json,regioni,Lazio
12_2406_rta_12_241003114931_4166---ProtocollodiintesaDifferenzaDonnaeMunicipio13.json,associazioni,Donna Aps
12_2406_rta_12_241003114931_4166---ProtocollodiintesaDifferenzaDonnaeMunicipio13.json,associazioni,Impegna A
12_2406_rta_12_241003115345_4166---1.PROTOCOLLOTAVOLOINTERISTITUZIONALE.json,regioni,Lazio
12_2406_rta_12_241003115852_4166---SISTEMABIBLIOTECARIOLASAPIENZA.json,associazioni,Avuto Chiaro Che La Discriminazione
12_2406_rta_12_241003115852_4166---SISTEMABIBLIOTECARIOLASAPIENZA.json,associazioni,Avvale
12_2406_rta_12_241003115852_4166---SISTEMABIBLIOTECARIOLASAPIENZA.json,associazioni,Donna
12_2406_rta_12_241003115852_4166---SISTEMABIBLIOTECARIOLASAPIENZA.json,associazioni,Donna Annovera Tra Le Sue Principali Attivita
12_2406_rta_12_241003115852_4166---SISTEMABIBLIOTECARIOLASAPIENZA.json,associazioni,Donna Aps
12_2406_rta_12_241003115852_4166---SISTEMABIBLIOTECARIOLASAPIENZA.json,associazioni,Donna Aps E L
12_2406_rta_12_241003115852_4166---SISTEMABIBLIOTECARIOLASAPIENZA.json,associazioni,Donna Aps Si Occupa Di Far Emergere
12_2406_rta_12_241003115852_4166---SISTEMABIBLIOTECARIOLASAPIENZA.json,associazioni,Donna Aps Si Rendono Disponibili
12_2406_rta_12_241003120714_4166---ASLROMA5_.json,associazioni,Donna
12_2406_rta_12_241003120714_4166---ASLROMA5_.json,associazioni,Donna Di Due Sportelli Ospedalieri Antiviolenza
12_2406_rta_12_241003120714_4166---ASLROMA5_.json,associazioni,La Violenza Alle Donne Onlus
12_2406_rta_12_241003121816_4166---Copiadi1.PROTOCOLLOTAVOLOINTERISTITUZIONALE.json,regioni,Lazio
12_2406_rta_12_241004090303_4166---2ProtCAVPAOLALATTESTorraccia(1).json,comuni,Roma Dal
12_2406_rta_12_241004090303_4166---2ProtCAVPAOLALATTESTorraccia(1).json,associazioni,E Realizza Iniziative
12_2406_rta_12_241004090303_4166---2ProtCAVPAOLALATTESTorraccia(1).json,associazioni,Oggi
12_2406_rta_12_241004090303_4166---2ProtCAVPAOLALATTESTorraccia(1).json,associazioni,Torraccia
12_2406_rta_12_241004090303_4166---2ProtCAVPAOLALATTESTorraccia(1).json,associazioni,Volontarie Telefono Rosa
12_2406_rta_12_241004090846_4166---3protCAVPAOLALATTESgenitoriperlascuola(1).json,associazioni,Anche Altre Attivita Solidali Tra Cui La Raccolta Di Materiale Scolastico
12_2406_rta_12_241004090846_4166---3protCAVPAOLALATTESgenitoriperlascuola(1).json,associazioni,Avviato Dei Progetti Di Lettura
12_2406_rta_12_241004090846_4166---3protCAVPAOLALATTESgenitoriperlascuola(1).json,associazioni,E Realizza Iniziative
12_2406_rta_12_241004090846_4166---3protCAVPAOLALATTESgenitoriperlascuola(1).json,associazioni,Genitori X La Scuola
12_2406_rta_12_241004090846_4166---3protCAVPAOLALATTESgenitoriperlascuola(1).json,associazioni,Individua L
12_2406_rta_12_241004090846_4166---3protCAVPAOLALATTESgenitoriperlascuola(1).json,associazioni,Oggi
12_2406_rta_12_241004090846_4166---3protCAVPAOLALATTESgenitoriperlascuola(1).json,associazioni,Organizza Azioni Ludiche
12_2406_rta_12_241004090846_4166---3protCAVPAOLALATTESgenitoriperlascuola(1).json,associazioni,Organizzato Occasioni Di Saluto A Conclusione Del Ciclo Di
12_2406_rta_12_241004090846_4166---3protCAVPAOLALATTESgenitoriperlascuola(1).json,associazioni,Proposto Progetti Che Hanno Coinvolto Le Realta Associative
12_2406_rta_12_241004090846_4166---3protCAVPAOLALATTESgenitoriperlascuola(1).json,associazioni,Suddetta
12_2406_rta_12_241004090846_4166---3protCAVPAOLALATTESgenitoriperlascuola(1).json,associazioni,Volontarie Telefono Rosa
12_2406_rta_12_241004090846_4166---3protCAVPAOLALATTESgenitoriperlascuola(1).json,associazioni,X La Scuola
12_2406_rta_12_241004091505_4166---4ProtCAVPAOLALATTESEnjoi(2).json,associazioni,Dilettantistica Enjoy More
12_2406_rta_12_241004091505_4166---4ProtCAVPAOLALATTESEnjoi(2).json,associazioni,Dilettantistica Enjoy More Nei Progetti Attivati
12_2406_rta_12_241004091505_4166---4ProtCAVPAOLALATTESEnjoi(2).json,associazioni,Dilettantistica Liberi Nantes
12_2406_rta_12_241004091505_4166---4ProtCAVPAOLALATTESEnjoi(2).json,associazioni,E Realizza Iniziative
12_2406_rta_12_241004091505_4166---4ProtCAVPAOLALATTESEnjoi(2).json,associazioni,Oggi
12_2406_rta_12_241004091505_4166---4ProtCAVPAOLALATTESEnjoi(2).json,associazioni,Un Prezioso Servizio Educativo
12_2406_rta_12_241004091505_4166---4ProtCAVPAOLALATTESEnjoi(2).json,associazioni,Volontarie
12_2406_rta_12_241004091505_4166---4ProtCAVPAOLALATTESEnjoi(2).json,associazioni,Volontarie Telefono Rosa
12_2406_rta_12_241004091505_4166---4ProtCAVPAOLALATTESEnjoi(2).json,associazioni,Volontarie Telefono Rosa Negli Eventi Organizzati E Promossi
12_2406_rta_12_241004092644_4166---5potCAVPAOLALATTESnantes(1).json,associazioni,Dilettantistica
12_2406_rta_12_241004092644_4166---5potCAVPAOLALATTESnantes(1).json,associazioni,Dilettantistica Liberi Nantes
12_2406_rta_12_241004092644_4166---5potCAVPAOLALATTESnantes(1).json,associazioni,E Realizza Iniziative
12_2406_rta_12_241004092644_4166---5potCAVPAOLALATTESnantes(1).json,associazioni,Nantes
12_2406_rta_12_241004092644_4166---5potCAVPAOLALATTESnantes(1).json,associazioni,Nantes Nei Progetti Attivati
12_2406_rta_12_241004092644_4166---5potCAVPAOLALATTESnantes(1).json,associazioni,Oggi
12_2406_rta_12_241004092644_4166---5potCAVPAOLALATTESnantes(1).json,associazioni,Volontarie Telefono Rosa
12_2406_rta_12_241004093800_4166---6protCavPaolaLattesComitatodiQuartiere“CittadinidiColliAniene.json,associazioni,E Realizza Iniziative
12_2406_rta_12_241004093800_4166---6protCavPaolaLattesComitatodiQuartiere“CittadinidiColliAniene.json,associazioni,Oggi
12_2406_rta_12_241004093800_4166---6protCavPaolaLattesComitatodiQuartiere“CittadinidiColliAniene.json,associazioni,Volontarie
12_2406_rta_12_241004093800_4166---6protCavPaolaLattesComitatodiQuartiere“CittadinidiColliAniene.json,associazioni,Volontarie Telefono Rosa
12_2406_rta_12_241004094402_4166---7ProtCAVPAOLALATTESAPSedIlComitatodiQuartiere“ComprensorioPratolungo(1).json,associazioni,Di Quartiere
12_2406_rta_12_241004094402_4166---7ProtCAVPAOLALATTESAPSedIlComitatodiQuartiere“ComprensorioPratolungo(1).json,associazioni,Oggi
12_2406_rta_12_241004094402_4166---7ProtCAVPAOLALATTESAPSedIlComitatodiQuartiere“ComprensorioPratolungo(1).json,associazioni,Promuove E
12_2406_rta_12_241004094402_4166---7ProtCAVPAOLALATTESAPSedIlComitatodiQuartiere“ComprensorioPratolungo(1).json,associazioni,Volontarie Telefono Rosa
12_2406_rta_12_241004094402_4166---7ProtCAVPAOLALATTESAPSedIlComitatodiQuartiere“ComprensorioPratolungo(1).json,associazioni,Volontarie Telefono Rosa Odv Di Seguito
12_2406_rta_12_241004095020_4166---8protCAVPAOLALATTES(ComitatodiQuartiereRebibbia(1).json,associazioni,Acri
12_2406_rta_12_241004095020_4166---8protCAVPAOLALATTES(ComitatodiQuartiereRebibbia(1).json,associazioni,E Realizza Iniziative
12_2406_rta_12_241004095020_4166---8protCAVPAOLALATTES(ComitatodiQuartiereRebibbia(1).json,associazioni,Oggi
12_2406_rta_12_241004095020_4166---8protCAVPAOLALATTES(ComitatodiQuartiereRebibbia(1).json,associazioni,Rosa Affinch
12_2406_rta_12_241004095020_4166---8protCAVPAOLALATTES(ComitatodiQuartiereRebibbia(1).json,associazioni,Volontarie Telefono Rosa
12_2406_rta_12_241004100148_4166---910protCAVPAOLALATTESCooperativaSocialeLineaSociale-Onlus(1).json,associazioni,E Realizza Iniziative
12_2406_rta_12_241004100148_4166---910protCAVPAOLALATTESCooperativaSocialeLineaSociale-Onlus(1).json,associazioni,Oggi
12_2406_rta_12_241004100148_4166---910protCAVPAOLALATTESCooperativaSocialeLineaSociale-Onlus(1).json,associazioni,Volontarie Telefono Rosa
12_2406_rta_12_241004101038_4166---911protCAVPAOLALATTESAssociazioneGliAmicidiRobertoOdV(1).json,associazioni,Amici Di Roberto Odv
12_2406_rta_12_241004101038_4166---911protCAVPAOLALATTESAssociazioneGliAmicidiRobertoOdV(1).json,associazioni,Amici Di Roberto Odv Nei Progetti Attivati
12_2406_rta_12_241004101038_4166---911protCAVPAOLALATTESAssociazioneGliAmicidiRobertoOdV(1).json,associazioni,E Realizza Iniziative
12_2406_rta_12_241004101038_4166---911protCAVPAOLALATTESAssociazioneGliAmicidiRobertoOdV(1).json,associazioni,Gratuite
12_2406_rta_12_241004101038_4166---911protCAVPAOLALATTESAssociazioneGliAmicidiRobertoOdV(1).json,associazioni,Oggi
12_2406_rta_12_241004101038_4166---911protCAVPAOLALATTESAssociazioneGliAmicidiRobertoOdV(1).json,associazioni,Volontarie Telefono Rosa
12_2406_rta_12_241004103912_4166---9protCAVPAOLALATTESComitatodiQuartiereTorraccia(1).json,associazioni,E Realizza Iniziative
12_2406_rta_12_241004103912_4166---9protCAVPAOLALATTESComitatodiQuartiereTorraccia(1).json,associazioni,I Canali Social Del Cdq E L
12_2406_rta_12_241004103912_4166---9protCAVPAOLALATTESComitatodiQuartiereTorraccia(1).json,associazioni,Oggi
12_2406_rta_12_241004103912_4166---9protCAVPAOLALATTESComitatodiQuartiereTorraccia(1).json,associazioni,Volontarie
12_2406_rta_12_241004103912_4166---9protCAVPAOLALATTESComitatodiQuartiereTorraccia(1).json,associazioni,Volontarie Telefono Rosa Odv
12_2406_rta_12_241004103912_4166---9protCAVPAOLALATTESComitatodiQuartiereTorraccia(1).json,associazioni,Volontarie Telefono Rosa Odv Di Seguito
12_2406_rta_12_241004112805_4166---protocollod'intesa.json,regioni,Lazio N
12_2406_rta_12_241004112805_4166---protocollod'intesa.json,associazioni,Kalimess
12_2406_rta_12_241004112805_4166---protocollod'intesa.json,associazioni,Per Associazione Risorse Donna Aps
12_2406_rta_12_241004113215_4166---Protocollod'intesaP.L.Cerveteri-BeFree.json,comuni,Cerveteri
12_2406_rta_12_241004113737_4166---AccordodicollaborazioneArteinsieme.json,associazioni,Avuto Chiaro Che La Discriminazione
12_2406_rta_12_241004113737_4166---AccordodicollaborazioneArteinsieme.json,associazioni,Donna Lilith Aps
12_2406_rta_12_241004113737_4166---AccordodicollaborazioneArteinsieme.json,associazioni,Donna Lilith Aps Annovera Tra Le Sue Principali Attivita
12_2406_rta_12_241004114912_4166---ProtocolloRetePrantiviolenzaFrosinone.json,regioni,Lazio E Gli Ordini Forensi Del Lazio Ed Anche Tutti Gli Strumenti Giuridici Che Prevedono Tutele E Provvidenze A Favore Delle Vittime
12_2406_rta_12_241004114912_4166---ProtocolloRetePrantiviolenzaFrosinone.json,regioni,Lazio Odv
12_2406_rta_12_241004114912_4166---ProtocolloRetePrantiviolenzaFrosinone.json,province,Di Frosinone
12_2406_rta_12_241004114912_4166---ProtocolloRetePrantiviolenzaFrosinone.json,province,Il Direttore Generale Della Di Frosinone Asl Di Frosinone F
12_2406_rta_12_241004114912_4166---ProtocolloRetePrantiviolenzaFrosinone.json,province,Il Procuratore Della Repubblica Di Frosinon
12_2406_rta_12_241004114912_4166---ProtocolloRetePrantiviolenzaFrosinone.json,province,Il Procuratore Della Repubblica Di Frosinone Presso Il Tribunale Di Frosinone F
12_2406_rta_12_241004114912_4166---ProtocolloRetePrantiviolenzaFrosinone.json,associazioni,Telefono Rosa Frosinone
12_2406_rta_12_241004130514_4166---PROTOCOLLODIINTESAPERLAPROMOZIONEDISTRATEGIECONDIVISESULFENOMENODELLAVIOLENZADIGENERE(1).json,regioni,Lazio E Gli Ordini Forensi Del Lazio Ed Anche Tutti Gli Strumenti Giuridici Che Prevedono Tutele E Provvidenze A Favore Delle Vittime
12_2406_rta_12_241004130514_4166---PROTOCOLLODIINTESAPERLAPROMOZIONEDISTRATEGIECONDIVISESULFENOMENODELLAVIOLENZADIGENERE(1).json,regioni,Lazio Odv
12_2406_rta_12_241004130514_4166---PROTOCOLLODIINTESAPERLAPROMOZIONEDISTRATEGIECONDIVISESULFENOMENODELLAVIOLENZADIGENERE(1).json,province,Asl I Ordine
12_2406_rta_12_241004130514_4166---PROTOCOLLODIINTESAPERLAPROMOZIONEDISTRATEGIECONDIVISESULFENOMENODELLAVIOLENZADIGENERE(1).json,province,Asl I Rt Howe Ot Fsrene Soe
12_2406_rta_12_241004130514_4166---PROTOCOLLODIINTESAPERLAPROMOZIONEDISTRATEGIECONDIVISESULFENOMENODELLAVIOLENZADIGENERE(1).json,province,Asl Ra A Ordine Tinunele D Rosrane Tae
12_2406_rta_12_241004130514_4166---PROTOCOLLODIINTESAPERLAPROMOZIONEDISTRATEGIECONDIVISESULFENOMENODELLAVIOLENZADIGENERE(1).json,province,Di Frosinone
12_2406_rta_12_241004130514_4166---PROTOCOLLODIINTESAPERLAPROMOZIONEDISTRATEGIECONDIVISESULFENOMENODELLAVIOLENZADIGENERE(1).json,province,Di Frosinone F
12_2406_rta_12_241004130514_4166---PROTOCOLLODIINTESAPERLAPROMOZIONEDISTRATEGIECONDIVISESULFENOMENODELLAVIOLENZADIGENERE(1).json,province,He Frosinone
12_2406_rta_12_241004130514_4166---PROTOCOLLODIINTESAPERLAPROMOZIONEDISTRATEGIECONDIVISESULFENOMENODELLAVIOLENZADIGENERE(1).json,province,Il Direttore Generale Della Di Frosinone Asl Di Frosinone F
12_2406_rta_12_241004130514_4166---PROTOCOLLODIINTESAPERLAPROMOZIONEDISTRATEGIECONDIVISESULFENOMENODELLAVIOLENZADIGENERE(1).json,province,Il Procuratore Della Repubblica Di Frosinon
12_2406_rta_12_241004130514_4166---PROTOCOLLODIINTESAPERLAPROMOZIONEDISTRATEGIECONDIVISESULFENOMENODELLAVIOLENZADIGENERE(1).json,associazioni,Telefono Rosa Frosinone
12_2406_rta_12_241004133706_4166---ProtocollodiretePREFETTURAFrosinone(1).json,regioni,Lazio E Gli Ordini Forensi Del Lazio Ed Anche Tutti Gli Strumenti Giuridici Che Prevedono Tutele E Provvidenze A Favore Delle Vittime
12_2406_rta_12_241004133706_4166---ProtocollodiretePREFETTURAFrosinone(1).json,regioni,Lazio Odv
12_2406_rta_12_241004133706_4166---ProtocollodiretePREFETTURAFrosinone(1).json,province,Di Frosinone
12_2406_rta_12_241004133706_4166---ProtocollodiretePREFETTURAFrosinone(1).json,province,Il Direttore
12_2406_rta_12_241004133706_4166---ProtocollodiretePREFETTURAFrosinone(1).json,province,Il Direttore Generale Della Asl Di Frosinone
12_2406_rta_12_241004133706_4166---ProtocollodiretePREFETTURAFrosinone(1).json,province,Il Procuratore Della Repubblica Presso Il Tribunale Di Frosinone
12_2406_rta_12_241004133706_4166---ProtocollodiretePREFETTURAFrosinone(1).json,associazioni,Telefono Rosa Frosinone
12_2406_rta_12_241004134724_4166---02-ProtocolloconlaProvinciadiFrosinone.json,regioni,Lazio E Iscritte All
12_2406_rta_12_241004134724_4166---02-ProtocolloconlaProvinciadiFrosinone.json,regioni,Lazio Odv In Provincia Di Frosinone
12_2406_rta_12_241004134724_4166---02-ProtocolloconlaProvinciadiFrosinone.json,regioni,Lazio Odv Nell
12_2406_rta_12_241004134724_4166---02-ProtocolloconlaProvinciadiFrosinone.json,regioni,Lazio Odv Si Mette A Disposizione Dell
12_2406_rta_12_241004134724_4166---02-ProtocolloconlaProvinciadiFrosinone.json,regioni,Lazio Odv É Iscritta All
12_2406_rta_12_241004134724_4166---02-ProtocolloconlaProvinciadiFrosinone.json,province,Avy
12_2406_rta_12_241004134724_4166---02-ProtocolloconlaProvinciadiFrosinone.json,province,Di Frosinone
12_2406_rta_12_241004134724_4166---02-ProtocolloconlaProvinciadiFrosinone.json,province,Di Frosinone E
12_2406_rta_12_241004134724_4166---02-ProtocolloconlaProvinciadiFrosinone.json,province,Di Frosinone E L
12_2406_rta_12_241004134724_4166---02-ProtocolloconlaProvinciadiFrosinone.json,province,Di Frosinone Nell
12_2406_rta_12_241004134724_4166---02-ProtocolloconlaProvinciadiFrosinone.json,province,Di Frosinone Promuovere
12_2406_rta_12_241004134724_4166---02-ProtocolloconlaProvinciadiFrosinone.json,province,E
12_2406_rta_12_241004134724_4166---02-ProtocolloconlaProvinciadiFrosinone.json,province,E L
12_2406_rta_12_241004134724_4166---02-ProtocolloconlaProvinciadiFrosinone.json,province,Le Sue Professionalita Per Lo Svolgimento Di Attivita Nel Territorio Della Provincia
12_2406_rta_12_241004134724_4166---02-ProtocolloconlaProvinciadiFrosinone.json,province,Nominera Un Proprio Referente
12_2406_rta_12_241004134724_4166---02-ProtocolloconlaProvinciadiFrosinone.json,province,Per Iniziative Con Gli Istituti Scolastici
12_2406_rta_12_241004134724_4166---02-ProtocolloconlaProvinciadiFrosinone.json,associazioni,Ne Ravvisino La Necessita
12_2406_rta_12_241004134724_4166---02-ProtocolloconlaProvinciadiFrosinone.json,associazioni,Rosa Frosinone
12_2406_rta_12_241004134724_4166---02-ProtocolloconlaProvinciadiFrosinone.json,associazioni,Rosa Frosinone Regione Lazio Odv
12_2406_rta_12_241004134724_4166---02-ProtocolloconlaProvinciadiFrosinone.json,associazioni,Telefono
12_2406_rta_12_241004134724_4166---02-ProtocolloconlaProvinciadiFrosinone.json,associazioni,Telefono Rosa Frosinone Regione Lazio
12_2406_rta_12_241004134724_4166---02-ProtocolloconlaProvinciadiFrosinone.json,associazioni,Telefono Rosa Frosinone Regione Lazio Odv Si Mette A Disposizione Dell
12_2406_rta_12_241004134724_4166---02-ProtocolloconlaProvinciadiFrosinone.json,associazioni,Telefono Rosa Regione Lazio Odv
12_2406_rta_12_241004135803_4166---03-ConvenzioneTribunaleOrdinariodiFrosinone.json,regioni,Lazio Odv
12_2406_rta_12_241004135803_4166---03-ConvenzioneTribunaleOrdinariodiFrosinone.json,associazioni,Che L
12_2406_rta_12_241004135803_4166---03-ConvenzioneTribunaleOrdinariodiFrosinone.json,associazioni,Del Telefono Rosa Frosinone Regione Lazio Odv
12_2406_rta_12_241004135803_4166---03-ConvenzioneTribunaleOrdinariodiFrosinone.json,associazioni,Nominativo Del Funzionario Incaricato A Seguire
12_2406_rta_12_241004140636_4166---04-ProtocolloconlaQuesturadiFrosinone.json,regioni,Lazio Odv C
12_2406_rta_12_241004140636_4166---04-ProtocolloconlaQuesturadiFrosinone.json,associazioni,Alle Donne
12_2406_rta_12_241004140636_4166---04-ProtocolloconlaQuesturadiFrosinone.json,associazioni,Rosa
12_2406_rta_12_241004140636_4166---04-ProtocolloconlaQuesturadiFrosinone.json,associazioni,Rosa Frosinone Regione
12_2406_rta_12_241004140636_4166---04-ProtocolloconlaQuesturadiFrosinone.json,associazioni,Rosa Frosinone Regione Lazio Odv Eghi
12_2406_rta_12_241004140636_4166---04-ProtocolloconlaQuesturadiFrosinone.json,associazioni,Telefono Rosa
12_2406_rta_12_241004141331_4166---ConvenzioneconilComunediCECCANO.json,regioni,Lazio
12_2406_rta_12_241004141331_4166---ConvenzioneconilComunediCECCANO.json,comuni,Apposita Scheda Di Attivita E Rendicontazione Delle Spese Sostenute
12_2406_rta_12_241004141331_4166---ConvenzioneconilComunediCECCANO.json,comuni,Ceccano Con Spese A Carico Dello Stesso
12_2406_rta_12_241004141331_4166---ConvenzioneconilComunediCECCANO.json,comuni,Ceccano E I
12_2406_rta_12_241004141331_4166---ConvenzioneconilComunediCECCANO.json,comuni,Ceccano La Predetta Associazione Gestisce Il Centro Antiviolenza Che
12_2406_rta_12_241004141331_4166---ConvenzioneconilComunediCECCANO.json,comuni,Ceccano Presidente Legale Rappresentante Sindaco P
12_2406_rta_12_241004141331_4166---ConvenzioneconilComunediCECCANO.json,associazioni,Il Centro Antiviolenza Che
12_2406_rta_12_241004141331_4166---ConvenzioneconilComunediCECCANO.json,associazioni,Oneri Connessi Alla Gestione Del Centro Antiviolenza
12_2406_rta_12_241004141331_4166---ConvenzioneconilComunediCECCANO.json,associazioni,Telefono
12_2406_rta_12_241004141331_4166---ConvenzioneconilComunediCECCANO.json,associazioni,Telefono Rosa
12_2406_rta_12_241004141331_4166---ConvenzioneconilComunediCECCANO.json,associazioni,Telefono Rosa Frosinone
12_2406_rta_12_241004144338_4166---06-ProtocolloComunediVALLECORSA.json,province,Di Frosinone
12_2406_rta_12_241004144338_4166---06-ProtocolloComunediVALLECORSA.json,comuni,Prevenzione E Di Lotta Contro Ogni Tipologia Di Violenza
12_2406_rta_12_241004144338_4166---06-ProtocolloComunediVALLECORSA.json,associazioni,Alle Donne
12_2406_rta_12_241004144338_4166---06-ProtocolloComunediVALLECORSA.json,associazioni,E Gli Organismi Impegnati A Prevenire Ed A
12_2406_rta_12_241004144338_4166---06-ProtocolloComunediVALLECORSA.json,associazioni,Rosa Frosinone
12_2406_rta_12_241004144338_4166---06-ProtocolloComunediVALLECORSA.json,associazioni,Rosa Frosinone Attraverso La Firma Di Un Protocollo D
12_2406_rta_12_241004144338_4166---06-ProtocolloComunediVALLECORSA.json,associazioni,Rosa Frosinone Che
12_2406_rta_12_241004144338_4166---06-ProtocolloComunediVALLECORSA.json,associazioni,Rosa Frosinone Che Faccia Da
12_2406_rta_12_241004144338_4166---06-ProtocolloComunediVALLECORSA.json,associazioni,Rosa Frosinone Iniziative Di Sensibilizzazione E Di
12_2406_rta_12_241004144338_4166---06-ProtocolloComunediVALLECORSA.json,associazioni,Rosa Frosinone Progetti Volti Al Recupero Degli Uomini
12_2406_rta_12_241004144338_4166---06-ProtocolloComunediVALLECORSA.json,associazioni,Telefono Rosa Frosinone
12_2406_rta_12_241004144338_4166---06-ProtocolloComunediVALLECORSA.json,associazioni,Telefono Rosa Frosinone E I Firmatari Del Presente Protocollo
12_2406_rta_12_241004144338_4166---06-ProtocolloComunediVALLECORSA.json,associazioni,Telefono Rosa Frosinone In Azioni Ed Iniziative Volte A Prevenire Ogni Forma Di
12_2406_rta_12_241004144338_4166---06-ProtocolloComunediVALLECORSA.json,associazioni,Telefono Rosa Frosinone In Azioni Ed Iniziative Volte A Provvedere Nei Primi
12_2406_rta_12_241004145108_4166---07-ProtocolloCONilComunediVILLASANTOSTEFANO.json,comuni,Prevenzione E Lotta Contro Ogni Tipologia Di Violenza
12_2406_rta_12_241004145108_4166---07-ProtocolloCONilComunediVILLASANTOSTEFANO.json,associazioni,Rosa Frosinone
12_2406_rta_12_241004145108_4166---07-ProtocolloCONilComunediVILLASANTOSTEFANO.json,associazioni,Rosa Frosinone Che Coinvolga Il Pit
12_2406_rta_12_241004145108_4166---07-ProtocolloCONilComunediVILLASANTOSTEFANO.json,associazioni,Rosa Frosinone Garantisce Alle Donne
12_2406_rta_12_241004145108_4166---07-ProtocolloCONilComunediVILLASANTOSTEFANO.json,associazioni,Rosa Frosinone Si Impegna Inoltre A
12_2406_rta_12_241004145108_4166---07-ProtocolloCONilComunediVILLASANTOSTEFANO.json,associazioni,Telefono Rosa
12_2406_rta_12_241004145108_4166---07-ProtocolloCONilComunediVILLASANTOSTEFANO.json,associazioni,Telefono Rosa Frosinone
12_2406_rta_12_241004145108_4166---07-ProtocolloCONilComunediVILLASANTOSTEFANO.json,associazioni,Telefono Rosa Frosinone Che Faccia Da
12_2406_rta_12_241004145108_4166---07-ProtocolloCONilComunediVILLASANTOSTEFANO.json,associazioni,Telefono Rosa Frosinone Inoltre Promuove Iniziative Affinch
12_2406_rta_12_241004145108_4166---07-ProtocolloCONilComunediVILLASANTOSTEFANO.json,associazioni,Telefono Rosa Frosinone Ove Partecipera Anche Un Rappresentante Di Ogni Singolo Aderente
12_2406_rta_12_241004145108_4166---07-ProtocolloCONilComunediVILLASANTOSTEFANO.json,associazioni,Telefono Rosa Frosinone Promuove E Realizza Iniziative
12_2406_rta_12_241004145108_4166---07-ProtocolloCONilComunediVILLASANTOSTEFANO.json,associazioni,Telefono Rosa Frosinone Si Adopera In Ogni Modo
12_2406_rta_12_241004145702_4166---08-ProtocolloComunediFalvaterra.json,regioni,Lazio Odv Che Faccia Da Collegamento Tra
12_2406_rta_12_241004145702_4166---08-ProtocolloComunediFalvaterra.json,regioni,Lazio Odv Inoltre Promuove Iniziative Affinché Vengano Riconosciuti Come Imprescindibili I Diritti Enunciati E Le Azioni Suggerite Dalla Convenzione Del Consiglio D
12_2406_rta_12_241004145702_4166---08-ProtocolloComunediFalvaterra.json,regioni,Lazio Odv Promuove E Realizza Iniziative Per Combattere La Violenza Sulle Donne
12_2406_rta_12_241004145702_4166---08-ProtocolloComunediFalvaterra.json,regioni,Lazio Odv-Centro Di Orientamento Per Le Donne
12_2406_rta_12_241004145702_4166---08-ProtocolloComunediFalvaterra.json,regioni,Lazio- Odv Che Coinvolga Il Pi Ampio Numero Di Enti
12_2406_rta_12_241004145702_4166---08-ProtocolloComunediFalvaterra.json,regioni,Lazio-Odv E Gli Eventuali Aggiornamenti
12_2406_rta_12_241004145702_4166---08-ProtocolloComunediFalvaterra.json,regioni,Lazio-Odv E Gli Organismi Impegnati A Sostenere E A Contrastare La Violenza Contro Le Donne
12_2406_rta_12_241004145702_4166---08-ProtocolloComunediFalvaterra.json,regioni,Lazio-Odv Garantisce Alle Donne
12_2406_rta_12_241004145702_4166---08-ProtocolloComunediFalvaterra.json,regioni,Lazio-Odv Mette A Disposizione
12_2406_rta_12_241004145702_4166---08-ProtocolloComunediFalvaterra.json,regioni,Lazio-Odv Si Adopera In Ogni Modo Per Ottenere Il Raggiungimento Degli Obiettivi Previsti Dall
12_2406_rta_12_241004145702_4166---08-ProtocolloComunediFalvaterra.json,comuni,Prevenzione E Lotta Contro Ogni Tipologia Di Violenza
12_2406_rta_12_241004145702_4166---08-ProtocolloComunediFalvaterra.json,associazioni,Rosa Frosinone
12_2406_rta_12_241004145702_4166---08-ProtocolloComunediFalvaterra.json,associazioni,Rosa Frosinone Regione Lazio Odv
12_2406_rta_12_241004145702_4166---08-ProtocolloComunediFalvaterra.json,associazioni,Telefono Rosa
12_2406_rta_12_241004145702_4166---08-ProtocolloComunediFalvaterra.json,associazioni,Telefono Rosa Frosinone
12_2406_rta_12_241004145702_4166---08-ProtocolloComunediFalvaterra.json,associazioni,Telefono Rosa Frosinone Regione Lazio
12_2406_rta_12_241007224201_4166---ProtocolloConilComunediARCE.json,regioni,Lazio Odv E
12_2406_rta_12_241007224201_4166---ProtocolloConilComunediARCE.json,province,Di Frosinone
12_2406_rta_12_241007224201_4166---ProtocolloConilComunediARCE.json,comuni,Prevenzione E Di Lotta Contro Ogni Tipologia Di Violenza
12_2406_rta_12_241007224201_4166---ProtocolloConilComunediARCE.json,associazioni,Alle Donne
12_2406_rta_12_241007224201_4166---ProtocolloConilComunediARCE.json,associazioni,Regione Lazio Odv E Gli Organismi
12_2406_rta_12_241007224201_4166---ProtocolloConilComunediARCE.json,associazioni,Rosa Frosinone
12_2406_rta_12_241007224201_4166---ProtocolloConilComunediARCE.json,associazioni,Rosa Frosinone Regione Lazio
12_2406_rta_12_241007224201_4166---ProtocolloConilComunediARCE.json,associazioni,Rosa Frosinone Regione Lazio Odv Iniziative Di
12_2406_rta_12_241007224201_4166---ProtocolloConilComunediARCE.json,associazioni,Rosa Frosinone Regione Lazio Odv Progetti Volti Al
12_2406_rta_12_241007224201_4166---ProtocolloConilComunediARCE.json,associazioni,Telefono Rosa Amministrazione Locale Di
12_2406_rta_12_241007224201_4166---ProtocolloConilComunediARCE.json,associazioni,Telefono Rosa Frosinone
12_2406_rta_12_241007224201_4166---ProtocolloConilComunediARCE.json,associazioni,Telefono Rosa Frosinone E I Firmatari Del Presente Protocollo
12_2406_rta_12_241007224201_4166---ProtocolloConilComunediARCE.json,associazioni,Telefono Rosa Frosinone Regione Lazio Odv In Azioni Ed Iniziative Volte A
12_2406_rta_12_241007225239_4166---10-ProtocolloconilComunediCOLFELICE.json,regioni,Lazio Odv Ove Partecipera Anche Un Rappresentante Di Ogni Singolo Aderente La Rete Promuovere La Collaborazione Tra Gli Aderenti Alla Rete
12_2406_rta_12_241007225239_4166---10-ProtocolloconilComunediCOLFELICE.json,province,Di Frosinone
12_2406_rta_12_241007225239_4166---10-ProtocolloconilComunediCOLFELICE.json,comuni,Prevenzione E Di Lotta Contro Ogni Tipologia Di Violenza
12_2406_rta_12_241007225239_4166---10-ProtocolloconilComunediCOLFELICE.json,associazioni,Alle Donne
12_2406_rta_12_241007225239_4166---10-ProtocolloconilComunediCOLFELICE.json,associazioni,Regione Lazio Odv E Gli Organismi
12_2406_rta_12_241007225239_4166---10-ProtocolloconilComunediCOLFELICE.json,associazioni,Rosa Frosinone
12_2406_rta_12_241007225239_4166---10-ProtocolloconilComunediCOLFELICE.json,associazioni,Rosa Frosinone Regione Lazio
12_2406_rta_12_241007225239_4166---10-ProtocolloconilComunediCOLFELICE.json,associazioni,Rosa Frosinone Regione Lazio Odv Iniziative Di
12_2406_rta_12_241007225239_4166---10-ProtocolloconilComunediCOLFELICE.json,associazioni,Rosa Frosinone Regione Lazio Odv Progetti Volti Al
12_2406_rta_12_241007225239_4166---10-ProtocolloconilComunediCOLFELICE.json,associazioni,Telefono Rosa Amministrazione Locale Di
12_2406_rta_12_241007225239_4166---10-ProtocolloconilComunediCOLFELICE.json,associazioni,Telefono Rosa Frosinone
12_2406_rta_12_241007225239_4166---10-ProtocolloconilComunediCOLFELICE.json,associazioni,Telefono Rosa Frosinone E I Firmatari Del Presente Protocollo
12_2406_rta_12_241007225239_4166---10-ProtocolloconilComunediCOLFELICE.json,associazioni,Telefono Rosa Frosinone Regione Lazio Odv In Azioni Ed Iniziative Volte A
12_2406_rta_12_241007235530_4166---ProtocolloconilComunediPastena.json,province,Di Frosinone La Costruzione Di Una Rete Antiviolenza Con Fe Amministrazioni Provinciali
12_2406_rta_12_241007235530_4166---ProtocolloconilComunediPastena.json,comuni,Prevenzione E Di Lotta Contro Ogni Tipologia Di Violenza
12_2406_rta_12_241007235530_4166---ProtocolloconilComunediPastena.json,associazioni,Alle Donne
12_2406_rta_12_241007235530_4166---ProtocolloconilComunediPastena.json,associazioni,E Gli Organismi Impegnati A Prevenire Ed A
12_2406_rta_12_241007235530_4166---ProtocolloconilComunediPastena.json,associazioni,Rosa Frosinone
12_2406_rta_12_241007235530_4166---ProtocolloconilComunediPastena.json,associazioni,Rosa Frosinone Attraverso La Firma Di Un Protocollo D
12_2406_rta_12_241007235530_4166---ProtocolloconilComunediPastena.json,associazioni,Rosa Frosinone Che
12_2406_rta_12_241007235530_4166---ProtocolloconilComunediPastena.json,associazioni,Rosa Frosinone Che Faccia Da Collegamento
12_2406_rta_12_241007235530_4166---ProtocolloconilComunediPastena.json,associazioni,Rosa Frosinone Iniziative Di Sensibilizzazione E Di
12_2406_rta_12_241007235530_4166---ProtocolloconilComunediPastena.json,associazioni,Rosa Frosinone Progetti Volti Al Recupero Degli Uomini
12_2406_rta_12_241007235530_4166---ProtocolloconilComunediPastena.json,associazioni,Telefono Rosa Frosinone
12_2406_rta_12_241007235530_4166---ProtocolloconilComunediPastena.json,associazioni,Telefono Rosa Frosinone In Azioni Ed Iniziative Volte A Prevenire Ogni Forma Di
12_2406_rta_12_241007235530_4166---ProtocolloconilComunediPastena.json,associazioni,Telefono Rosa Frosinone In Azioni Ed Iniziative Volte A Provvedere Nei Primi
12_2406_rta_12_241008101410_4166---ConvenzioneconUniversitàMERCATORUM.json,regioni,Lazio Ov L'Istituto O Ente
12_2406_rta_12_241008101410_4166---ConvenzioneconUniversitàMERCATORUM.json,associazioni,Telefono Rosa Frosinone Regione Lazio Ov
12_2406_rta_12_241008102339_4166---15-ConvenzionePreepost-Laureauniversitàdell'AQUILA.json,regioni,Abruzzo In Data
12_2406_rta_12_241008102339_4166---15-ConvenzionePreepost-Laureauniversitàdell'AQUILA.json,regioni,Lazio Odv Centro Di Orientamento Per Le Donne Via G
12_2406_rta_12_241008102339_4166---15-ConvenzionePreepost-Laureauniversitàdell'AQUILA.json,regioni,O Alla Provincia Delegata
12_2406_rta_12_241008102339_4166---15-ConvenzionePreepost-Laureauniversitàdell'AQUILA.json,province,Delegata
12_2406_rta_12_241008102339_4166---15-ConvenzionePreepost-Laureauniversitàdell'AQUILA.json,associazioni,Consorzio
12_2406_rta_12_241008102339_4166---15-ConvenzionePreepost-Laureauniversitàdell'AQUILA.json,associazioni,Telefono Rosa Frosinone
12_2406_rta_12_241008102339_4166---15-ConvenzionePreepost-Laureauniversitàdell'AQUILA.json,associazioni,Telefono Rosa Frosinone Regione Lazio
12_2406_rta_12_241008102339_4166---15-ConvenzionePreepost-Laureauniversitàdell'AQUILA.json,associazioni,Telefono Rosa Frosinone Regionelazio
12_2406_rta_12_241008103001_4166---16-Convenzioneconl'UniversitàECAMPUS.json,regioni,Lazio Odv
12_2406_rta_12_241008103001_4166---16-Convenzioneconl'UniversitàECAMPUS.json,associazioni,Telefono Rosa
12_2406_rta_12_241008103723_4166---17-ConvenzioneconilLiceoScientificoeLinguisticoCECCANO.json,regioni,Lazio Odv Ee Rappresentante
12_2406_rta_12_241008103723_4166---17-ConvenzioneconilLiceoScientificoeLinguisticoCECCANO.json,regioni,Lazio Odv Qui Di Seguito Indicato Anche Come Il
12_2406_rta_12_241008103723_4166---17-ConvenzioneconilLiceoScientificoeLinguisticoCECCANO.json,regioni,Lazio Odv-Centro Di Orientamento Per Le Donne Con Sede In Ceccano
12_2406_rta_12_241008103723_4166---17-ConvenzioneconilLiceoScientificoeLinguisticoCECCANO.json,associazioni,Telefono Rosa
12_2406_rta_12_241008103723_4166---17-ConvenzioneconilLiceoScientificoeLinguisticoCECCANO.json,associazioni,Telefono Rosa Frosinone Regione Lazio Odv
12_2406_rta_12_241008104436_4166---18-ConvenzioneconilLiceoScientificoelinguisticoMartinoFileticodiFERENTINO.json,regioni,Lazio Odv Si Intendono A Titolo Gratuito
12_2406_rta_12_241008104436_4166---18-ConvenzioneconilLiceoScientificoelinguisticoMartinoFileticodiFERENTINO.json,regioni,Lazio Odv-Centro Oi Orientamento Per Le Donne
12_2406_rta_12_241008104436_4166---18-ConvenzioneconilLiceoScientificoelinguisticoMartinoFileticodiFERENTINO.json,associazioni,Di Caltura Classica
12_2406_rta_12_241008104436_4166---18-ConvenzioneconilLiceoScientificoelinguisticoMartinoFileticodiFERENTINO.json,associazioni,Hialiana C
12_2406_rta_12_241008104436_4166---18-ConvenzioneconilLiceoScientificoelinguisticoMartinoFileticodiFERENTINO.json,associazioni,Italiana
12_2406_rta_12_241008104436_4166---18-ConvenzioneconilLiceoScientificoelinguisticoMartinoFileticodiFERENTINO.json,associazioni,Telefono Rosa Frosinone Regione
12_2406_rta_12_241008104436_4166---18-ConvenzioneconilLiceoScientificoelinguisticoMartinoFileticodiFERENTINO.json,associazioni,Telefono Rosa Frosinone Regione Lazio Odv Si
12_2406_rta_12_241008112319_4166---protocollo25.11.2023.json,comuni,Viterbo
12_2406_rta_12_241008145357_4166---Protocollointeristituzionale2023.json,regioni,Lazio Odv
12_2406_rta_12_241008145357_4166---Protocollointeristituzionale2023.json,province,Di Frosinone
12_2406_rta_12_241008145357_4166---Protocollointeristituzionale2023.json,province,Il Procuratore Della Repubblica Di Frosinon
12_2406_rta_12_241008145357_4166---Protocollointeristituzionale2023.json,associazioni,Telefono Rosa Frosinone
12_2406_rta_12_241008150836_4166---2.prot.json,associazioni,Dal
12_2406_rta_12_241008150836_4166---2.prot.json,associazioni,Domus Asf
12_2406_rta_12_241008150836_4166---2.prot.json,associazioni,E Persegue
12_2406_rta_12_241008150836_4166---2.prot.json,associazioni,Per La Scuola
12_2406_rta_12_241008151247_4166---3.prot.json,province,E Nello Specifico Sul Territorio Del Municipio Viii Presso Il Cav Sos Donna
12_2406_rta_12_241009123601_4166---5.accordo.json,associazioni,Al Piano Sociale Del Municipio Viii Su Contrasto Alla Poverta E
12_2406_rta_12_241009125640_4166---7.accordo.json,regioni,Lazio Per I
12_2406_rta_12_241009125640_4166---7.accordo.json,associazioni,Composta Da Educatori E
12_2406_rta_12_241009125640_4166---7.accordo.json,associazioni,Impegna A Reciproche Collaborazioni Finalizzate
12_2406_rta_12_241009125640_4166---7.accordo.json,associazioni,Stessa
13_2406_rta_13_241122101453_4166---ProtocollodiRete_AlphaChieti.json,regioni,Abruzzo Antiviolenza
13_2406_rta_13_241122101453_4166---ProtocollodiRete_AlphaChieti.json,regioni,Abruzzo As Seg
13_2406_rta_13_241122101453_4166---ProtocollodiRete_AlphaChieti.json,regioni,Abruzzo Con La Legge N
13_2406_rta_13_241122101453_4166---ProtocollodiRete_AlphaChieti.json,regioni,Abruzzo K R
13_2406_rta_13_241122101453_4166---ProtocollodiRete_AlphaChieti.json,regioni,Abruzzo Nub On K Q
13_2406_rta_13_241122101453_4166---ProtocollodiRete_AlphaChieti.json,regioni,Abruzzo Og We Ia Ce On As
13_2406_rta_13_241122101453_4166---ProtocollodiRete_AlphaChieti.json,regioni,Ovasy
13_2406_rta_13_241122101453_4166---ProtocollodiRete_AlphaChieti.json,comuni,Chieti - Assessorato Alle Politiche Sociali E Pari Opportunita
13_2406_rta_13_241122101453_4166---ProtocollodiRete_AlphaChieti.json,comuni,Chieti - Corpo Di Polizia Municipale
13_2406_rta_13_241122101453_4166---ProtocollodiRete_AlphaChieti.json,comuni,Chieti - Servizio Politiche Sociali
13_2406_rta_13_241122101453_4166---ProtocollodiRete_AlphaChieti.json,comuni,Chieti Nell
13_2406_rta_13_241122101453_4166---ProtocollodiRete_AlphaChieti.json,comuni,Chieti Quale Coordinatore Generale E Dal Coordinamento Tecnico Scientifico Affidato Al Centro Antiviolenza
13_2406_rta_13_241122101453_4166---ProtocollodiRete_AlphaChieti.json,comuni,Primo Contatto Finalizzata Alla Raccolta Strutturata Di Dati
13_2406_rta_13_241122101856_4166---Protocollodirete_AlphaGuardiagrele.json,regioni,Abruzzo
13_2406_rta_13_241122101856_4166---Protocollodirete_AlphaGuardiagrele.json,comuni,Chieti
13_2406_rta_13_241122101856_4166---Protocollodirete_AlphaGuardiagrele.json,comuni,Guar- Diagrele Quale Coordinatore Generale E Dal Coordinamento Tecnico Scientifico Affidato Al Centro Antiviolenza Donna Maja- Cooperativa Alpha
13_2406_rta_13_241122101856_4166---Protocollodirete_AlphaGuardiagrele.json,comuni,Guardiagrele - Assessorato Alle Politiche Sociali E Pari Opportunita
13_2406_rta_13_241122101856_4166---Protocollodirete_AlphaGuardiagrele.json,comuni,Guardiagrele - Corpo Di Polizia Municipale
13_2406_rta_13_241122101856_4166---Protocollodirete_AlphaGuardiagrele.json,comuni,Guardiagrele Il Centro Antiviolenza Don- Na Maja
13_2406_rta_13_241122101856_4166---Protocollodirete_AlphaGuardiagrele.json,comuni,Guardiagrele Sara Diffuso Ad
13_2406_rta_13_241122101856_4166---Protocollodirete_AlphaGuardiagrele.json,comuni,Guardiagrele- Servizio Politiche Sociali
13_2406_rta_13_241122101856_4166---Protocollodirete_AlphaGuardiagrele.json,comuni,Primo Contatto Finalizzata Alla Raccolta Strutturata Di Dati
13_2406_rta_13_241122102615_4166---PROTOCOLLOD_INTESACOMUNEAQ_donatellatelliniCAV2023.json,regioni,Abruzzo Ha Emanato La Legge N
13_2406_rta_13_241122102615_4166---PROTOCOLLOD_INTESACOMUNEAQ_donatellatelliniCAV2023.json,regioni,Ai Sensi Della L
13_2406_rta_13_241122102615_4166---PROTOCOLLOD_INTESACOMUNEAQ_donatellatelliniCAV2023.json,associazioni,Aderenza Alle
13_2406_rta_13_241122102615_4166---PROTOCOLLOD_INTESACOMUNEAQ_donatellatelliniCAV2023.json,associazioni,Comune
13_2406_rta_13_241122102615_4166---PROTOCOLLOD_INTESACOMUNEAQ_donatellatelliniCAV2023.json,associazioni,In Possesso Dei Requisiti Previsti Dalle Vigenti Normative Di Settore
13_2406_rta_13_241122102615_4166---PROTOCOLLOD_INTESACOMUNEAQ_donatellatelliniCAV2023.json,associazioni,Tellini
13_2406_rta_13_241122102615_4166---PROTOCOLLOD_INTESACOMUNEAQ_donatellatelliniCAV2023.json,associazioni,Tellini Inviera Annualmente Al Comune La Proposta Progettuale
13_2406_rta_13_241122102615_4166---PROTOCOLLOD_INTESACOMUNEAQ_donatellatelliniCAV2023.json,associazioni,Tellini Onlus
13_2406_rta_13_241122102615_4166---PROTOCOLLOD_INTESACOMUNEAQ_donatellatelliniCAV2023.json,associazioni,Tellini Relativamente Ai Servizi Di Centro Antiviolenza E Casa Rifugio
13_2406_rta_13_241122103653_4166---protocollodirete_cavlafenice_provinciateramo.json,regioni,Abruzzo
13_2406_rta_13_241122103653_4166---protocollodirete_cavlafenice_provinciateramo.json,province,Di Teramo
13_2406_rta_13_241122103653_4166---protocollodirete_cavlafenice_provinciateramo.json,province,Di Teramo - Protocollo N
13_2406_rta_13_241122103653_4166---protocollodirete_cavlafenice_provinciateramo.json,province,Di Teramo Amministrazioni Comunali Di Alba Adriatica Atri Basciano Campli Canzano Castellalto Castelli Castilenti Cellino Attanasio Civitella Del Tronto Giulianova Isola Del Gran Sasso Martinsicuro Montefino Montorio Al Vomano Pineto Rocca Santa Maria Roseto Degli Abruzzi Silvi Teramo Torricella Sicura Tortoreto Universita Degli Studi Di Teramo Ufficio Scolastico Provinciale Di Teramo Azienda Sanitaria Asl Di Teramo Commissione Provinciale Pari Opportunita Di Teramo Centro Antiviolenza
13_2406_rta_13_241122103653_4166---protocollodirete_cavlafenice_provinciateramo.json,province,Di Teramo Prot
13_2406_rta_13_241122103653_4166---protocollodirete_cavlafenice_provinciateramo.json,province,Di Teramo Sono Attivi Centri Antiviolenza E Strutture Di Accoglienza Che Operano In Questo Ambito Con Competenze Professionali Specialistiche
13_2406_rta_13_241122103653_4166---protocollodirete_cavlafenice_provinciateramo.json,province,Di Teramo Sono State Attivate Da Soggetti Istituzionali E Del Privato Sociale Iniziative E Percorsi Volti A Prevenire E Contrastare I Fenomeni In Argomento
13_2406_rta_13_241122103653_4166---protocollodirete_cavlafenice_provinciateramo.json,province,Si Impegna
13_2406_rta_13_241122103653_4166---protocollodirete_cavlafenice_provinciateramo.json,province,Si Impegnano M A Svolgere Le Azioni Di Indirizzo E Controllo In Ambito Socio-Sanitario In Relazione Ai Percorsi Di Assistenza E Sostegno Delle Vittime E Di Trattamento Dei Soggetti Autori Di Maltrattamento E Atti Persecutori
13_2406_rta_13_241122103653_4166---protocollodirete_cavlafenice_provinciateramo.json,comuni,Cui All
13_2406_rta_13_241122103653_4166---protocollodirete_cavlafenice_provinciateramo.json,comuni,Provincia Si Impegnano M A Svolgere Le Azioni Di Indirizzo E Controllo In Ambito Socio-Sanitario In Relazione Ai Percorsi Di Assistenza E Sostegno Delle Vittime E Di Trattamento Dei Soggetti Autori Di Maltrattamento E Atti Persecutori
13_2406_rta_13_241122103901_4166---Protocollirete_ortonaelancianoCAVdonn.ÿ.json,regioni,Abruzzo Disciplina Le Modalita Con Cui Attivare E Sostenere I Centri Antiviolenza E Le Case Di Accoglienza Nonché I Requisiti Che Devono Essere Posseduti Per Poter Operare Sul Territorio Regionale
13_2406_rta_13_241122103901_4166---Protocollirete_ortonaelancianoCAVdonn.ÿ.json,regioni,Abruzzo Ha Emanato La Legge N
13_2406_rta_13_241122103901_4166---Protocollirete_ortonaelancianoCAVdonn.ÿ.json,comuni,Castel Frentano Y Wr Peletatin
13_2406_rta_13_241122103901_4166---Protocollirete_ortonaelancianoCAVdonn.ÿ.json,comuni,Fossacesia
13_2406_rta_13_241122103901_4166---Protocollirete_ortonaelancianoCAVdonn.ÿ.json,comuni,Frisa -
13_2406_rta_13_241122103901_4166---Protocollirete_ortonaelancianoCAVdonn.ÿ.json,comuni,Lanciano E
13_2406_rta_13_241122103901_4166---Protocollirete_ortonaelancianoCAVdonn.ÿ.json,comuni,Mozzagrogna Ot
13_2406_rta_13_241122103901_4166---Protocollirete_ortonaelancianoCAVdonn.ÿ.json,comuni,Ortona E Da Tutti I Servizi Pubblici E Privati Aderenti Alla Rete Che Si Impegnano A
13_2406_rta_13_241122103901_4166---Protocollirete_ortonaelancianoCAVdonn.ÿ.json,comuni,Ortona Prefettura Di Chieti Comando Compagnia Carabinieri Ortona Consultorio Famigliare A
13_2406_rta_13_241122103901_4166---Protocollirete_ortonaelancianoCAVdonn.ÿ.json,comuni,Rocca San Giovanni
13_2406_rta_13_241122103901_4166---Protocollirete_ortonaelancianoCAVdonn.ÿ.json,comuni,San Vito Chietino
13_2406_rta_13_241122103901_4166---Protocollirete_ortonaelancianoCAVdonn.ÿ.json,comuni,Santa Maria Imbaro
13_2406_rta_13_241122103901_4166---Protocollirete_ortonaelancianoCAVdonn.ÿ.json,comuni,Treglio
13_2406_rta_13_241122103901_4166---Protocollirete_ortonaelancianoCAVdonn.ÿ.json,associazioni,Donn
13_2406_rta_13_241122103901_4166---Protocollirete_ortonaelancianoCAVdonn.ÿ.json,associazioni,Maria Luisa Brasile
13_2406_rta_13_241122103901_4166---Protocollirete_ortonaelancianoCAVdonn.ÿ.json,associazioni,Onlus
13_2406_rta_13_241122103901_4166---Protocollirete_ortonaelancianoCAVdonn.ÿ.json,associazioni,Onlus E Realizzato In Stretta
13_2406_rta_13_241122103901_4166---Protocollirete_ortonaelancianoCAVdonn.ÿ.json,associazioni,Onlus E Tutti Gli
13_2406_rta_13_241122104158_4166---Protocollirete_ortonaelancianoCAVdonn.ÿ.json,regioni,Abruzzo Disciplina Le Modalita Con Cui Attivare E Sostenere I Centri Antiviolenza E Le Case Di Accoglienza Nonché I Requisiti Che Devono Essere Posseduti Per Poter Operare Sul Territorio Regionale
13_2406_rta_13_241122104158_4166---Protocollirete_ortonaelancianoCAVdonn.ÿ.json,regioni,Abruzzo Ha Emanato La Legge N
13_2406_rta_13_241122104158_4166---Protocollirete_ortonaelancianoCAVdonn.ÿ.json,comuni,Castel Frentano Y Wr Peletatin
13_2406_rta_13_241122104158_4166---Protocollirete_ortonaelancianoCAVdonn.ÿ.json,comuni,Fossacesia
13_2406_rta_13_241122104158_4166---Protocollirete_ortonaelancianoCAVdonn.ÿ.json,comuni,Frisa -
13_2406_rta_13_241122104158_4166---Protocollirete_ortonaelancianoCAVdonn.ÿ.json,comuni,Lanciano E
13_2406_rta_13_241122104158_4166---Protocollirete_ortonaelancianoCAVdonn.ÿ.json,comuni,Mozzagrogna Ot
13_2406_rta_13_241122104158_4166---Protocollirete_ortonaelancianoCAVdonn.ÿ.json,comuni,Ortona E Da Tutti I Servizi Pubblici E Privati Aderenti Alla Rete Che Si Impegnano A
13_2406_rta_13_241122104158_4166---Protocollirete_ortonaelancianoCAVdonn.ÿ.json,comuni,Ortona Prefettura Di Chieti Comando Compagnia Carabinieri Ortona Consultorio Famigliare A
13_2406_rta_13_241122104158_4166---Protocollirete_ortonaelancianoCAVdonn.ÿ.json,comuni,Rocca San Giovanni
13_2406_rta_13_241122104158_4166---Protocollirete_ortonaelancianoCAVdonn.ÿ.json,comuni,San Vito Chietino
13_2406_rta_13_241122104158_4166---Protocollirete_ortonaelancianoCAVdonn.ÿ.json,comuni,Santa Maria Imbaro
13_2406_rta_13_241122104158_4166---Protocollirete_ortonaelancianoCAVdonn.ÿ.json,comuni,Treglio
13_2406_rta_13_241122104158_4166---Protocollirete_ortonaelancianoCAVdonn.ÿ.json,associazioni,Donn
13_2406_rta_13_241122104158_4166---Protocollirete_ortonaelancianoCAVdonn.ÿ.json,associazioni,Maria Luisa Brasile
13_2406_rta_13_241122104158_4166---Protocollirete_ortonaelancianoCAVdonn.ÿ.json,associazioni,Onlus
13_2406_rta_13_241122104158_4166---Protocollirete_ortonaelancianoCAVdonn.ÿ.json,associazioni,Onlus E Realizzato In Stretta
13_2406_rta_13_241122104158_4166---Protocollirete_ortonaelancianoCAVdonn.ÿ.json,associazioni,Onlus E Tutti Gli
13_2406_rta_13_241122104428_4166---Protocollorete_ortonaCAVconsultoriodiocesano.json,regioni,Abruzzo Ha Emanato La Legge N
13_2406_rta_13_241122104428_4166---Protocollorete_ortonaCAVconsultoriodiocesano.json,comuni,Ortona E Da Tutti I Servizi Pubblici E Privati Aderenti Alla Rete Che Si Impegnano A
13_2406_rta_13_241122104428_4166---Protocollorete_ortonaCAVconsultoriodiocesano.json,comuni,Ortona Prefettura Di Chieti Comando Compagnia Carabinieri Ortona Consultorio Famigliare A
13_2406_rta_13_241122104428_4166---Protocollorete_ortonaCAVconsultoriodiocesano.json,associazioni,Donn
13_2406_rta_13_241122104842_4166---Protocollodirete_DAFNE.json,regioni,Abruzzo Disciplina Le Modalita Con Cui Attivare E Sostenere I Centri Antiviolenza E Le Case Di Accoglienza Nonché I Requisiti Che Devono Essere Posseduti Per Poter Operare Sul Territorio Regionale
13_2406_rta_13_241122104842_4166---Protocollodirete_DAFNE.json,comuni,Castel Frentano Y Wr Peletatin
13_2406_rta_13_241122104842_4166---Protocollodirete_DAFNE.json,comuni,Fossacesia
13_2406_rta_13_241122104842_4166---Protocollodirete_DAFNE.json,comuni,Frisa -
13_2406_rta_13_241122104842_4166---Protocollodirete_DAFNE.json,comuni,Lanciano E
13_2406_rta_13_241122104842_4166---Protocollodirete_DAFNE.json,comuni,Mozzagrogna Ot
13_2406_rta_13_241122104842_4166---Protocollodirete_DAFNE.json,comuni,Rocca San Giovanni
13_2406_rta_13_241122104842_4166---Protocollodirete_DAFNE.json,comuni,San Vito Chietino
13_2406_rta_13_241122104842_4166---Protocollodirete_DAFNE.json,comuni,Santa Maria Imbaro
13_2406_rta_13_241122104842_4166---Protocollodirete_DAFNE.json,comuni,Treglio
13_2406_rta_13_241122104842_4166---Protocollodirete_DAFNE.json,associazioni,Donn
13_2406_rta_13_241122104842_4166---Protocollodirete_DAFNE.json,associazioni,Maria Luisa Brasile
13_2406_rta_13_241122104842_4166---Protocollodirete_DAFNE.json,associazioni,Onlus
13_2406_rta_13_241122104842_4166---Protocollodirete_DAFNE.json,associazioni,Onlus E Realizzato In Stretta
13_2406_rta_13_241122104842_4166---Protocollodirete_DAFNE.json,associazioni,Onlus E Tutti Gli
13_2406_rta_13_241122105540_4166---protocollodirete_vastodonnattiva.json,regioni,Abruzzo É Stata Promossa La L
13_2406_rta_13_241122105540_4166---protocollodirete_vastodonnattiva.json,province,Di Chieti Piazza Barbacani
13_2406_rta_13_241122105540_4166---protocollodirete_vastodonnattiva.json,comuni,Vasto
13_2406_rta_13_241122105540_4166---protocollodirete_vastodonnattiva.json,associazioni,Onlus
13_2406_rta_13_241122105540_4166---protocollodirete_vastodonnattiva.json,associazioni,Onlus Warsi Tho Conoue Dafne
13_2406_rta_13_241122105938_4166---ACCORDOOPERATIVO.json,regioni,Abruzzo Denominato
13_2406_rta_13_241122105938_4166---ACCORDOOPERATIVO.json,regioni,Abruzzo E Due Centri Antiviolenza
13_2406_rta_13_241122105938_4166---ACCORDOOPERATIVO.json,regioni,Abruzzo Firmata
13_2406_rta_13_241122105938_4166---ACCORDOOPERATIVO.json,comuni,Residenza Del Nucleo Familiare E Alle Forze Dell
13_2406_rta_13_241122105938_4166---ACCORDOOPERATIVO.json,comuni,Sulmona - Promuovere Attivita Di Diffusione Della Cultura Dei Diritti Fondamentali Delle Donne
13_2406_rta_13_241122105938_4166---ACCORDOOPERATIVO.json,comuni,Sulmona Istituito Nel
13_2406_rta_13_241122105938_4166---ACCORDOOPERATIVO.json,comuni,Sulmona Premesso Che
13_2406_rta_13_241122105938_4166---ACCORDOOPERATIVO.json,comuni,Sulmona Realizzare
13_2406_rta_13_241122105938_4166---ACCORDOOPERATIVO.json,associazioni,Sociale
13_2406_rta_13_241122110421_4166---PROTOCOLLOOPERATIVO.json,regioni,Abruzzo Firmata
13_2406_rta_13_241122110421_4166---PROTOCOLLOOPERATIVO.json,associazioni,Occupera Di
13_2406_rta_13_241122110421_4166---PROTOCOLLOOPERATIVO.json,associazioni,Onlus
13_2406_rta_13_241122110421_4166---PROTOCOLLOOPERATIVO.json,associazioni,Pone
13_2406_rta_13_241122110421_4166---PROTOCOLLOOPERATIVO.json,associazioni,Sociale
13_2406_rta_13_241122110421_4166---PROTOCOLLOOPERATIVO.json,associazioni,Svolgimento Delle Sue Attivita
13_2406_rta_13_241122111153_4166---PROTOCOLLOCASTELDISANGROEASL.json,regioni,Abruzzo Azienda Sanitaria Locale
13_2406_rta_13_241122111153_4166---PROTOCOLLOCASTELDISANGROEASL.json,regioni,Abruzzo Della Domanda Di Partecipazione Al Piano Operativo
13_2406_rta_13_241122111153_4166---PROTOCOLLOCASTELDISANGROEASL.json,regioni,Abruzzo Firmata
13_2406_rta_13_241122111153_4166---PROTOCOLLOCASTELDISANGROEASL.json,comuni,Castel Di Sangro Dr
13_2406_rta_13_241122111153_4166---PROTOCOLLOCASTELDISANGROEASL.json,comuni,Civitella Alfedena Visci Romano
13_2406_rta_13_241122111153_4166---PROTOCOLLOCASTELDISANGROEASL.json,comuni,Residenza Del Nucleo Familiare E Alle Forze Dell
13_2406_rta_13_241122111153_4166---PROTOCOLLOCASTELDISANGROEASL.json,comuni,Sulmona
13_2406_rta_13_241122111153_4166---PROTOCOLLOCASTELDISANGROEASL.json,associazioni,Sociale
13_2406_rta_13_241122115416_4166---PROTOCOLLOPESCARA.json,regioni,Abruzzo - Ordine Degli Avvocati Di Pescara
13_2406_rta_13_241122115416_4166---PROTOCOLLOPESCARA.json,regioni,Abruzzo E Dei Risultati Delle Indagini Istat Su Violenze E Molestie Sessuali
13_2406_rta_13_241122115416_4166---PROTOCOLLOPESCARA.json,province,Di Pescara
13_2406_rta_13_241122115416_4166---PROTOCOLLOPESCARA.json,province,Di Pescara Ordine Degli Psicologi Della Regione Abruzzo A
13_2406_rta_13_241122115416_4166---PROTOCOLLOPESCARA.json,comuni,Pescara U
16_2406_rta_16_250312150114_4166---ProtocolloGioiadelColle_ATS_Retelocale.json,regioni,Puglia
16_2406_rta_16_250312150114_4166---ProtocolloGioiadelColle_ATS_Retelocale.json,comuni,Bari
16_2406_rta_16_250312162108_4166---protocollooperativoGioiadelColle_EMI.json,province,Di Bari Comuni Di Gioia Del Colle
16_2406_rta_16_250312162108_4166---protocollooperativoGioiadelColle_EMI.json,comuni,Gioia Del Colle
16_2406_rta_16_250312164250_4166---protocollooperativoGrumo_EMI.json,province,Di Bari Comuni Di Grumo Appula
16_2406_rta_16_250312164250_4166---protocollooperativoGrumo_EMI.json,comuni,Grumo Appula - Prot
16_2406_rta_16_250312164250_4166---protocollooperativoGrumo_EMI.json,associazioni,Est
16_2406_rta_16_250407161043_4166---protocollooperativoMoladiBari_reteAntiviolenza.json,regioni,Di
16_2406_rta_16_250407161043_4166---protocollooperativoMoladiBari_reteAntiviolenza.json,regioni,Puglia
16_2406_rta_16_250407161043_4166---protocollooperativoMoladiBari_reteAntiviolenza.json,comuni,Mola Di Bari
16_2406_rta_16_250407161043_4166---protocollooperativoMoladiBari_reteAntiviolenza.json,comuni,Residenza Per I Minori
16_2406_rta_16_250407161043_4166---protocollooperativoMoladiBari_reteAntiviolenza.json,comuni,Responsabile Servizio Sociale Il Dirigente Noicattaro Professionale Del Settore I Avv
16_2406_rta_16_250407161043_4166---protocollooperativoMoladiBari_reteAntiviolenza.json,comuni,Rutigliano - Tempestiva Segnalazione
16_2406_rta_16_250407161043_4166---protocollooperativoMoladiBari_reteAntiviolenza.json,comuni,Rutigliano Capofila Ambito Territoriale Sociale N
16_2406_rta_16_250407161043_4166---protocollooperativoMoladiBari_reteAntiviolenza.json,comuni,Rutigliano Letto
16_2406_rta_16_250407161043_4166---protocollooperativoMoladiBari_reteAntiviolenza.json,comuni,Rutigliano Responsabile Servizio Sociale Professionale Dott
16_2406_rta_16_250407161043_4166---protocollooperativoMoladiBari_reteAntiviolenza.json,comuni,Rutigliano Strumenti
16_2406_rta_16_250407161043_4166---protocollooperativoMoladiBari_reteAntiviolenza.json,comuni,Rutigliano Utili A Definire La Condizione Di Vita Attuale E Pregressa
16_2406_rta_16_250407164310_4166---protocollooperativoPutignano_EMI.json,regioni,Puglia
16_2406_rta_16_250407164310_4166---protocollooperativoPutignano_EMI.json,comuni,Assistente Socalee
16_2406_rta_16_250407164310_4166---protocollooperativoPutignano_EMI.json,comuni,Castellana Grotte
16_2406_rta_16_250407164310_4166---protocollooperativoPutignano_EMI.json,comuni,Comune Di Comune Di Comune Di Comune Di Asl Ba
16_2406_rta_16_250407164310_4166---protocollooperativoPutignano_EMI.json,comuni,Noci
16_2406_rta_16_250407164310_4166---protocollooperativoPutignano_EMI.json,comuni,Putignano - Prot
16_2406_rta_16_250407164310_4166---protocollooperativoPutignano_EMI.json,comuni,Putignano Responsmarile Sermea Soclaci
16_2406_rta_16_250407164310_4166---protocollooperativoPutignano_EMI.json,comuni,Residenza Per I
16_2406_rta_16_250409123532_4166---protocollooperativoTriggiano_reteantiviolenza.pdf.json,regioni,Puglia - N
16_2406_rta_16_250409123532_4166---protocollooperativoTriggiano_reteantiviolenza.pdf.json,regioni,Puglia Ordine Degli Assistenti Sociali Regione Puglia Centro Antiviolenza Il Giardino Delle Lune Comitato Pari Opportunita
16_2406_rta_16_250409123532_4166---protocollooperativoTriggiano_reteantiviolenza.pdf.json,regioni,Puglia Si Indica Quanto Segue
16_2406_rta_16_250409123532_4166---protocollooperativoTriggiano_reteantiviolenza.pdf.json,comuni,Residenza Del Minore E Della Famiglia
16_2406_rta_16_250409145030_4166---protollodiintesaPutignano_reteantiviolenza.json,regioni,Puglia
16_2406_rta_16_250409145030_4166---protollodiintesaPutignano_reteantiviolenza.json,comuni,Bari
16_2406_rta_16_250409145030_4166---protollodiintesaPutignano_reteantiviolenza.json,comuni,Comune Di Comune Di Comune Di Comune Di Asl Ba
16_2406_rta_16_250409145030_4166---protollodiintesaPutignano_reteantiviolenza.json,comuni,Putignano
16_2406_rta_16_250409161633_4166---29_prot_n_0090671_2024_PROT_OP-ODVPOLIZIADISTATO-RISCOPRIRSI.json,associazioni,Polizia Di Stato
16_2406_rta_16_250409161633_4166---29_prot_n_0090671_2024_PROT_OP-ODVPOLIZIADISTATO-RISCOPRIRSI.json,associazioni,Rimborso Spese
16_2406_rta_16_250409164629_4166---convenzioneCAV-ASLBT.json,regioni,Promuove E Sostiene Le Attivita Dei Cav A Favore Delle Donne
16_2406_rta_16_250409164629_4166---convenzioneCAV-ASLBT.json,regioni,Puglia N
16_2406_rta_16_250409164629_4166---convenzioneCAV-ASLBT.json,associazioni,Genetisti Forensi Italiani
16_2406_rta_16_250409174252_4166---Protocollo_Intesa_LARA.json,regioni,Puglia - Fichiedere
16_2406_rta_16_250409174252_4166---Protocollo_Intesa_LARA.json,regioni,Puglia Art
16_2406_rta_16_250409174252_4166---Protocollo_Intesa_LARA.json,regioni,Puglia Cittadinanza Sessuata
16_2406_rta_16_250409174252_4166---Protocollo_Intesa_LARA.json,regioni,Puglia Commessa Dall
16_2406_rta_16_250409174252_4166---Protocollo_Intesa_LARA.json,regioni,Puglia Con Le Amministrazioni Provinciali Sul Territorio
16_2406_rta_16_250409174252_4166---Protocollo_Intesa_LARA.json,regioni,Puglia Considerato Che Ll Tema Della Violenza Nella Legisiazione Nazionale Italiana Viene Trattato Sotto Laspetto Penale Dalla Legge N
16_2406_rta_16_250409174252_4166---Protocollo_Intesa_LARA.json,regioni,Puglia E Altegato
16_2406_rta_16_250409174252_4166---Protocollo_Intesa_LARA.json,regioni,Puglia Ente
16_2406_rta_16_250409174252_4166---Protocollo_Intesa_LARA.json,regioni,Puglia Ha Awviato La Strategia Di Intervento Per Contrastare Il Fenomeno Della Violenza Contro Donne E Minori Con I'Approvazione Del
16_2406_rta_16_250409174252_4166---Protocollo_Intesa_LARA.json,regioni,Puglia Ha Messo A Disposizione Risorse Aggiuntive
16_2406_rta_16_250409174252_4166---Protocollo_Intesa_LARA.json,regioni,Puglia Provincia Di Brin Dise Brindisi
16_2406_rta_16_250409174252_4166---Protocollo_Intesa_LARA.json,regioni,Puglia Si É Dotata Anche Delle
16_2406_rta_16_250409174252_4166---Protocollo_Intesa_LARA.json,regioni,Puglia Sociali Di Zona Della Provincia
16_2406_rta_16_250409174252_4166---Protocollo_Intesa_LARA.json,regioni,Puglia Stimolare E Coordinare L'Azione Delle Forze Dell
16_2406_rta_16_250409174252_4166---Protocollo_Intesa_LARA.json,regioni,Pugtia Comunicare Periodicamente Alla Rete
16_2406_rta_16_250409174252_4166---Protocollo_Intesa_LARA.json,regioni,Pugtia Provincia Di Brindist Lava Tra Provincia Di Brindisi
16_2406_rta_16_250409174252_4166---Protocollo_Intesa_LARA.json,regioni,Pugtis Protocollo D
16_2406_rta_16_250409174252_4166---Protocollo_Intesa_LARA.json,province,De Brindisi Laverare In Rete Per Uantiviolenze Regione Puglia Art
16_2406_rta_16_250409174252_4166---Protocollo_Intesa_LARA.json,province,De Brindisi Lavorere In Rete Per L'Antiviolenze Regione Puglia B
16_2406_rta_16_250409174252_4166---Protocollo_Intesa_LARA.json,province,Debrindise Lavorere In Rete Per Uartivialenzs Regione Puglia Allegato N
16_2406_rta_16_250409174252_4166---Protocollo_Intesa_LARA.json,province,Debrindist Lavorare In Rete Per
16_2406_rta_16_250409174252_4166---Protocollo_Intesa_LARA.json,province,Di Bri I
16_2406_rta_16_250409174252_4166---Protocollo_Intesa_LARA.json,province,Di Brin Dise Brindisi
16_2406_rta_16_250409174252_4166---Protocollo_Intesa_LARA.json,province,Di Brindish Lavorere In Rete Per Uantivioles Regione Puglia Cittadinanza Sessuata
16_2406_rta_16_250409174252_4166---Protocollo_Intesa_LARA.json,province,Di Brindisi
16_2406_rta_16_250409174252_4166---Protocollo_Intesa_LARA.json,province,Di Brindisi - Servizio Politiche Sociali
16_2406_rta_16_250409174252_4166---Protocollo_Intesa_LARA.json,province,Di Brindisi - Sociali
16_2406_rta_16_250409174252_4166---Protocollo_Intesa_LARA.json,province,Di Brindisi C
16_2406_rta_16_250409174252_4166---Protocollo_Intesa_LARA.json,province,Di Brindisi Fae
16_2406_rta_16_250409174252_4166---Protocollo_Intesa_LARA.json,province,Di Brindisi Fag Y Lara Provincla Di Brindise Laverare In Rete Per
16_2406_rta_16_250409174252_4166---Protocollo_Intesa_LARA.json,province,Di Brindisi Fagy
16_2406_rta_16_250409174252_4166---Protocollo_Intesa_LARA.json,province,Di Brindisi Ha Dato Avvio Nel Mese Di Gennaio
16_2406_rta_16_250409174252_4166---Protocollo_Intesa_LARA.json,province,Di Brindisi Laverare In Rete Per Lantiviclenze Regione Puglia Ente
16_2406_rta_16_250409174252_4166---Protocollo_Intesa_LARA.json,province,Di Brindisi Lavorare In Rete Per T'Antiviotenza Regione Puglia - Fichiedere
16_2406_rta_16_250409174252_4166---Protocollo_Intesa_LARA.json,province,Di Brindisi Pag
16_2406_rta_16_250409174252_4166---Protocollo_Intesa_LARA.json,province,Di Brindisi Pass Ae Y S
16_2406_rta_16_250409174252_4166---Protocollo_Intesa_LARA.json,province,Di Brindisi Possono Aderire
16_2406_rta_16_250409174252_4166---Protocollo_Intesa_LARA.json,province,Di Brindisi Provincia De Brindise Laversi
16_2406_rta_16_250409174252_4166---Protocollo_Intesa_LARA.json,province,Di Brindisi Provincla De Brindisl Lavo A E In Rete Per Uantiviclenze Regione Puglia Considerato Che Ll Tema Della Violenza Nella Legisiazione Nazionale Italiana Viene Trattato Sotto Laspetto Penale Dalla Legge N
16_2406_rta_16_250409174252_4166---Protocollo_Intesa_LARA.json,province,Di Brindisi Segreteria Del Dirigente Prot
16_2406_rta_16_250409174252_4166---Protocollo_Intesa_LARA.json,province,Di Brindist
16_2406_rta_16_250409174252_4166---Protocollo_Intesa_LARA.json,province,Di Brindist Lava Tra Provincia Di Brindisi
16_2406_rta_16_250409174252_4166---Protocollo_Intesa_LARA.json,province,Di Brindist Lewerare In Rete Per U
16_2406_rta_16_250409174252_4166---Protocollo_Intesa_LARA.json,province,Di Brindlsi
16_2406_rta_16_250409174252_4166---Protocollo_Intesa_LARA.json,province,Di Bringisi Rage
16_2406_rta_16_250409174252_4166---Protocollo_Intesa_LARA.json,province,Dibrindise Lavorare In Rete Per
16_2406_rta_16_250409174252_4166---Protocollo_Intesa_LARA.json,province,Dibrindist Lavorere In Rete Per Tantiviolenze Regione Pugtia Comunicare Periodicamente Alla Rete
16_2406_rta_16_250409174252_4166---Protocollo_Intesa_LARA.json,province,Die Brindisi Lavorare In Rete Per L
16_2406_rta_16_250409174252_4166---Protocollo_Intesa_LARA.json,province,Die Brindist Lavarere In Reke Per Vartivialenze Hen Gent Ente
16_2406_rta_16_250409174252_4166---Protocollo_Intesa_LARA.json,province,Dl Brindisi Laverare In Rete Per Uantiviolenza Regione Pugtis Protocollo D
16_2406_rta_16_250409174252_4166---Protocollo_Intesa_LARA.json,province,Dlbrindise Lavorare In Rete Per L'Antiviolenza Sed S
16_2406_rta_16_250409174252_4166---Protocollo_Intesa_LARA.json,province,I Brindisi
16_2406_rta_16_250409174252_4166---Protocollo_Intesa_LARA.json,comuni,Competenza Ed Il Centro Antiviolenza Competente
16_2406_rta_16_250409174252_4166---Protocollo_Intesa_LARA.json,associazioni,Donna
16_2406_rta_16_250410122122_4166---Protocollo_Viola.json,regioni,Puglia
16_2406_rta_16_250410122122_4166---Protocollo_Viola.json,province,Di Foggia - Sig
16_2406_rta_16_250410122122_4166---Protocollo_Viola.json,province,Di Foggia Avv
16_2406_rta_16_250410122122_4166---Protocollo_Viola.json,province,Di Foggia L
16_2406_rta_16_250410122122_4166---Protocollo_Viola.json,province,Di Foggia Nella Persona Del Presidente N
16_2406_rta_16_250410122122_4166---Protocollo_Viola.json,province,Di Foggia Si Impegna A
16_2406_rta_16_250410122122_4166---Protocollo_Viola.json,comuni,Foggia Si Impegna A Promuovere La Cultura Della Non Violenza Ed Il Rispetto Delle Diversita Attraverso Iniziative Dirette A Raccogliere E Diffondere Le Informazioni Riguardanti La Parita E Le Pari Opportunita
16_2406_rta_16_250410122122_4166---Protocollo_Viola.json,associazioni,Dauna Nella Persona Della Dott
16_2406_rta_16_250410122122_4166---Protocollo_Viola.json,associazioni,Donna
16_2406_rta_16_250410122122_4166---Protocollo_Viola.json,associazioni,Volontariato
16_2406_rta_16_250410144304_4166---ProtocolloOperativo-Procedureintegrateperlaprevenzioneeilcontrastoallaviolenzacontrodonneeminori-Copia_Marcato.json,regioni,Ove La Stessa É Ubicata E Sui Servizi Sociali Del Posto
16_2406_rta_16_250410144304_4166---ProtocolloOperativo-Procedureintegrateperlaprevenzioneeilcontrastoallaviolenzacontrodonneeminori-Copia_Marcato.json,regioni,Puglia Azienda Sanitaria Locale Della Province Di Lecce E Di Brindisi Presidio Ospedaliero Centro Nascite I Sottoscritti Sig
16_2406_rta_16_250410144304_4166---ProtocolloOperativo-Procedureintegrateperlaprevenzioneeilcontrastoallaviolenzacontrodonneeminori-Copia_Marcato.json,regioni,Puglia Ha Adottato Le
16_2406_rta_16_250410144304_4166---ProtocolloOperativo-Procedureintegrateperlaprevenzioneeilcontrastoallaviolenzacontrodonneeminori-Copia_Marcato.json,regioni,Puglia Ha Istituito Una Rete Di Centri Per Uomini Autori Di Violenza In Attuazione A Quanto Previsto Dall
16_2406_rta_16_250410144304_4166---ProtocolloOperativo-Procedureintegrateperlaprevenzioneeilcontrastoallaviolenzacontrodonneeminori-Copia_Marcato.json,regioni,Puglia Ha Proceduto Alla Riorganizzazione Della Rete Consultoriale Secondo Un Modello
16_2406_rta_16_250410144304_4166---ProtocolloOperativo-Procedureintegrateperlaprevenzioneeilcontrastoallaviolenzacontrodonneeminori-Copia_Marcato.json,regioni,Puglia Ha Recepito I
16_2406_rta_16_250410144304_4166---ProtocolloOperativo-Procedureintegrateperlaprevenzioneeilcontrastoallaviolenzacontrodonneeminori-Copia_Marcato.json,province,Attraverso Il Sindaco Di Lecce Quale Presidente Della Con- Ferenza Dei Sindaci Che Li Rappresenta
16_2406_rta_16_250410144304_4166---ProtocolloOperativo-Procedureintegrateperlaprevenzioneeilcontrastoallaviolenzacontrodonneeminori-Copia_Marcato.json,province,Di Lecce Al Signor Prefetto Della Provincia Di Brindisi Al Signor Presidente Del Tribunale Per I Minorenni Sede Oggetto
16_2406_rta_16_250410144304_4166---ProtocolloOperativo-Procedureintegrateperlaprevenzioneeilcontrastoallaviolenzacontrodonneeminori-Copia_Marcato.json,province,Resta Responsabile Del Progetto D
16_2406_rta_16_250410144304_4166---ProtocolloOperativo-Procedureintegrateperlaprevenzioneeilcontrastoallaviolenzacontrodonneeminori-Copia_Marcato.json,comuni,Galatina - C
16_2406_rta_16_250410144304_4166---ProtocolloOperativo-Procedureintegrateperlaprevenzioneeilcontrastoallaviolenzacontrodonneeminori-Copia_Marcato.json,comuni,Nascita Del Bambino
16_2406_rta_16_250410144304_4166---ProtocolloOperativo-Procedureintegrateperlaprevenzioneeilcontrastoallaviolenzacontrodonneeminori-Copia_Marcato.json,comuni,Residenza Del Minore E Della Famiglia
16_2406_rta_16_250410144304_4166---ProtocolloOperativo-Procedureintegrateperlaprevenzioneeilcontrastoallaviolenzacontrodonneeminori-Copia_Marcato.json,comuni,Residenza Della Vittima
16_2406_rta_16_250410144304_4166---ProtocolloOperativo-Procedureintegrateperlaprevenzioneeilcontrastoallaviolenzacontrodonneeminori-Copia_Marcato.json,associazioni,Donne Medico
16_2406_rta_16_250410144304_4166---ProtocolloOperativo-Procedureintegrateperlaprevenzioneeilcontrastoallaviolenzacontrodonneeminori-Copia_Marcato.json,associazioni,Insieme
16_2406_rta_16_250410144304_4166---ProtocolloOperativo-Procedureintegrateperlaprevenzioneeilcontrastoallaviolenzacontrodonneeminori-Copia_Marcato.json,associazioni,Settore Del
16_2406_rta_16_250410170705_4166---protocolloPrefetturaProvinciaTaranto.json,regioni,Puglia
16_2406_rta_16_250410170705_4166---protocolloPrefetturaProvinciaTaranto.json,regioni,Vins Ma Dott
16_2406_rta_16_250410170705_4166---protocolloPrefetturaProvinciaTaranto.json,province,Di Taranto
16_2406_rta_16_250410170705_4166---protocolloPrefetturaProvinciaTaranto.json,province,Di Taranto La Consig
16_2406_rta_16_250410170705_4166---protocolloPrefetturaProvinciaTaranto.json,province,Di Taranto Si É Costituita La Rete Locale Di Promozione Delle Politiche Di Genere Che Ha Come Obiettivo Primario Il Contrasto Alla Violenza Su Donne E Minori
16_2406_rta_16_250410170705_4166---protocolloPrefetturaProvinciaTaranto.json,province,Frefettera De Ferante Ry
16_2406_rta_16_250410170705_4166---protocolloPrefetturaProvinciaTaranto.json,province,Frofettonn He Taranto Ee
16_2406_rta_16_250410170705_4166---protocolloPrefetturaProvinciaTaranto.json,associazioni,Alzaia Dott
16_2406_rta_16_250410172220_4166---protocollod'intesaCAVGinosasottoscritto.json,regioni,Puglia
16_2406_rta_16_250410172220_4166---protocollod'intesaCAVGinosasottoscritto.json,comuni,Ginosa Comune Di Laterza Comune Di Castellaneta
16_2406_rta_16_250410172220_4166---protocollod'intesaCAVGinosasottoscritto.json,comuni,Ginosa- Via
16_2406_rta_16_250410172220_4166---protocollod'intesaCAVGinosasottoscritto.json,comuni,Palagianello
16_2406_rta_16_250411124608_4166---Prot_CGIL-CISL-CONFINDUSTRIA_CAV.json,regioni,Puglia E Centri Antiviolenza Di Puglia Per Collaborazione E Condivisione Delle Azioni Di Contrasto Alle Discriminazioni
16_2406_rta_16_250411124608_4166---Prot_CGIL-CISL-CONFINDUSTRIA_CAV.json,comuni,Bari
16_bar_protocollo operativo Triggiano_rete antiviolenza.pdf.json,regioni,Puglia - N
16_bar_protocollo operativo Triggiano_rete antiviolenza.pdf.json,regioni,Puglia Ordine Degli Assistenti Sociali Regione Puglia Centro Antiviolenza Il Giardino Delle Lune Comitato Pari Opportunita
16_bar_protocollo operativo Triggiano_rete antiviolenza.pdf.json,regioni,Puglia Si Indica Quanto Segue
16_bar_protocollo operativo Triggiano_rete antiviolenza.pdf.json,comuni,Residenza Del Minore E Della Famiglia
16_bari_Protocollo Gioia del Colle_ATS_Rete locale.json,regioni,Puglia
16_bari_Protocollo Gioia del Colle_ATS_Rete locale.json,comuni,Bari
16_bari_protocollo operativo Gioia del Colle_EMI.json,province,Di Bari Comuni Di Gioia Del Colle
16_bari_protocollo operativo Gioia del Colle_EMI.json,comuni,Gioia Del Colle
16_bari_protocollo operativo Grumo_EMI.json,province,Di Bari Comuni Di Grumo Appula
16_bari_protocollo operativo Grumo_EMI.json,comuni,Grumo Appula - Prot
16_bari_protocollo operativo Grumo_EMI.json,associazioni,Est
16_bari_protocollo operativo Mola di Bari_rete Antiviolenza.json,regioni,Di
16_bari_protocollo operativo Mola di Bari_rete Antiviolenza.json,regioni,Puglia
16_bari_protocollo operativo Mola di Bari_rete Antiviolenza.json,comuni,Mola Di Bari
16_bari_protocollo operativo Mola di Bari_rete Antiviolenza.json,comuni,Residenza Per I Minori
16_bari_protocollo operativo Mola di Bari_rete Antiviolenza.json,comuni,Responsabile Servizio Sociale Il Dirigente Noicattaro Professionale Del Settore I Avv
16_bari_protocollo operativo Mola di Bari_rete Antiviolenza.json,comuni,Rutigliano - Tempestiva Segnalazione
16_bari_protocollo operativo Mola di Bari_rete Antiviolenza.json,comuni,Rutigliano Capofila Ambito Territoriale Sociale N
16_bari_protocollo operativo Mola di Bari_rete Antiviolenza.json,comuni,Rutigliano Letto
16_bari_protocollo operativo Mola di Bari_rete Antiviolenza.json,comuni,Rutigliano Responsabile Servizio Sociale Professionale Dott
16_bari_protocollo operativo Mola di Bari_rete Antiviolenza.json,comuni,Rutigliano Strumenti
16_bari_protocollo operativo Mola di Bari_rete Antiviolenza.json,comuni,Rutigliano Utili A Definire La Condizione Di Vita Attuale E Pregressa
16_bari_protocollo operativo Putignano_EMI.json,regioni,Puglia
16_bari_protocollo operativo Putignano_EMI.json,comuni,Assistente Socalee
16_bari_protocollo operativo Putignano_EMI.json,comuni,Castellana Grotte
16_bari_protocollo operativo Putignano_EMI.json,comuni,Comune Di Comune Di Comune Di Comune Di Asl Ba
16_bari_protocollo operativo Putignano_EMI.json,comuni,Noci
16_bari_protocollo operativo Putignano_EMI.json,comuni,Putignano - Prot
16_bari_protocollo operativo Putignano_EMI.json,comuni,Putignano Responsmarile Sermea Soclaci
16_bari_protocollo operativo Putignano_EMI.json,comuni,Residenza Per I
16_bari_protollo di intesa Putignano_rete antiviolenza.json,regioni,Puglia
16_bari_protollo di intesa Putignano_rete antiviolenza.json,comuni,Bari
16_bari_protollo di intesa Putignano_rete antiviolenza.json,comuni,Comune Di Comune Di Comune Di Comune Di Asl Ba
16_bari_protollo di intesa Putignano_rete antiviolenza.json,comuni,Putignano
16_bat_29_prot_n_0090671_2024_PROT_OP - ODV POLIZIA DI STATO- RISCOPRIRSI.json,associazioni,Polizia Di Stato
16_bat_29_prot_n_0090671_2024_PROT_OP - ODV POLIZIA DI STATO- RISCOPRIRSI.json,associazioni,Rimborso Spese
16_bat_convenzione CAV - ASL BT.json,regioni,Promuove E Sostiene Le Attivita Dei Cav A Favore Delle Donne
16_bat_convenzione CAV - ASL BT.json,regioni,Puglia N
16_bat_convenzione CAV - ASL BT.json,associazioni,Genetisti Forensi Italiani
16_brindisi_Protocollo_Intesa_LARA.json,regioni,Puglia - Fichiedere
16_brindisi_Protocollo_Intesa_LARA.json,regioni,Puglia Art
16_brindisi_Protocollo_Intesa_LARA.json,regioni,Puglia Cittadinanza Sessuata
16_brindisi_Protocollo_Intesa_LARA.json,regioni,Puglia Commessa Dall
16_brindisi_Protocollo_Intesa_LARA.json,regioni,Puglia Con Le Amministrazioni Provinciali Sul Territorio
16_brindisi_Protocollo_Intesa_LARA.json,regioni,Puglia Considerato Che Ll Tema Della Violenza Nella Legisiazione Nazionale Italiana Viene Trattato Sotto Laspetto Penale Dalla Legge N
16_brindisi_Protocollo_Intesa_LARA.json,regioni,Puglia E Altegato
16_brindisi_Protocollo_Intesa_LARA.json,regioni,Puglia Ente
16_brindisi_Protocollo_Intesa_LARA.json,regioni,Puglia Ha Awviato La Strategia Di Intervento Per Contrastare Il Fenomeno Della Violenza Contro Donne E Minori Con I'Approvazione Del
16_brindisi_Protocollo_Intesa_LARA.json,regioni,Puglia Ha Messo A Disposizione Risorse Aggiuntive
16_brindisi_Protocollo_Intesa_LARA.json,regioni,Puglia Provincia Di Brin Dise Brindisi
16_brindisi_Protocollo_Intesa_LARA.json,regioni,Puglia Si É Dotata Anche Delle
16_brindisi_Protocollo_Intesa_LARA.json,regioni,Puglia Sociali Di Zona Della Provincia
16_brindisi_Protocollo_Intesa_LARA.json,regioni,Puglia Stimolare E Coordinare L'Azione Delle Forze Dell
16_brindisi_Protocollo_Intesa_LARA.json,regioni,Pugtia Comunicare Periodicamente Alla Rete
16_brindisi_Protocollo_Intesa_LARA.json,regioni,Pugtia Provincia Di Brindist Lava Tra Provincia Di Brindisi
16_brindisi_Protocollo_Intesa_LARA.json,regioni,Pugtis Protocollo D
16_brindisi_Protocollo_Intesa_LARA.json,province,De Brindisi Laverare In Rete Per Uantiviolenze Regione Puglia Art
16_brindisi_Protocollo_Intesa_LARA.json,province,De Brindisi Lavorere In Rete Per L'Antiviolenze Regione Puglia B
16_brindisi_Protocollo_Intesa_LARA.json,province,Debrindise Lavorere In Rete Per Uartivialenzs Regione Puglia Allegato N
16_brindisi_Protocollo_Intesa_LARA.json,province,Debrindist Lavorare In Rete Per
16_brindisi_Protocollo_Intesa_LARA.json,province,Di Bri I
16_brindisi_Protocollo_Intesa_LARA.json,province,Di Brin Dise Brindisi
16_brindisi_Protocollo_Intesa_LARA.json,province,Di Brindish Lavorere In Rete Per Uantivioles Regione Puglia Cittadinanza Sessuata
16_brindisi_Protocollo_Intesa_LARA.json,province,Di Brindisi
16_brindisi_Protocollo_Intesa_LARA.json,province,Di Brindisi - Servizio Politiche Sociali
16_brindisi_Protocollo_Intesa_LARA.json,province,Di Brindisi - Sociali
16_brindisi_Protocollo_Intesa_LARA.json,province,Di Brindisi C
16_brindisi_Protocollo_Intesa_LARA.json,province,Di Brindisi Fae
16_brindisi_Protocollo_Intesa_LARA.json,province,Di Brindisi Fag Y Lara Provincla Di Brindise Laverare In Rete Per
16_brindisi_Protocollo_Intesa_LARA.json,province,Di Brindisi Fagy
16_brindisi_Protocollo_Intesa_LARA.json,province,Di Brindisi Ha Dato Avvio Nel Mese Di Gennaio
16_brindisi_Protocollo_Intesa_LARA.json,province,Di Brindisi Laverare In Rete Per Lantiviclenze Regione Puglia Ente
16_brindisi_Protocollo_Intesa_LARA.json,province,Di Brindisi Lavorare In Rete Per T'Antiviotenza Regione Puglia - Fichiedere
16_brindisi_Protocollo_Intesa_LARA.json,province,Di Brindisi Pag
16_brindisi_Protocollo_Intesa_LARA.json,province,Di Brindisi Pass Ae Y S
16_brindisi_Protocollo_Intesa_LARA.json,province,Di Brindisi Possono Aderire
16_brindisi_Protocollo_Intesa_LARA.json,province,Di Brindisi Provincia De Brindise Laversi
16_brindisi_Protocollo_Intesa_LARA.json,province,Di Brindisi Provincla De Brindisl Lavo A E In Rete Per Uantiviclenze Regione Puglia Considerato Che Ll Tema Della Violenza Nella Legisiazione Nazionale Italiana Viene Trattato Sotto Laspetto Penale Dalla Legge N
16_brindisi_Protocollo_Intesa_LARA.json,province,Di Brindisi Segreteria Del Dirigente Prot
16_brindisi_Protocollo_Intesa_LARA.json,province,Di Brindist
16_brindisi_Protocollo_Intesa_LARA.json,province,Di Brindist Lava Tra Provincia Di Brindisi
16_brindisi_Protocollo_Intesa_LARA.json,province,Di Brindist Lewerare In Rete Per U
16_brindisi_Protocollo_Intesa_LARA.json,province,Di Brindlsi
16_brindisi_Protocollo_Intesa_LARA.json,province,Di Bringisi Rage
16_brindisi_Protocollo_Intesa_LARA.json,province,Dibrindise Lavorare In Rete Per
16_brindisi_Protocollo_Intesa_LARA.json,province,Dibrindist Lavorere In Rete Per Tantiviolenze Regione Pugtia Comunicare Periodicamente Alla Rete
16_brindisi_Protocollo_Intesa_LARA.json,province,Die Brindisi Lavorare In Rete Per L
16_brindisi_Protocollo_Intesa_LARA.json,province,Die Brindist Lavarere In Reke Per Vartivialenze Hen Gent Ente
16_brindisi_Protocollo_Intesa_LARA.json,province,Dl Brindisi Laverare In Rete Per Uantiviolenza Regione Pugtis Protocollo D
16_brindisi_Protocollo_Intesa_LARA.json,province,Dlbrindise Lavorare In Rete Per L'Antiviolenza Sed S
16_brindisi_Protocollo_Intesa_LARA.json,province,I Brindisi
16_brindisi_Protocollo_Intesa_LARA.json,comuni,Competenza Ed Il Centro Antiviolenza Competente
16_brindisi_Protocollo_Intesa_LARA.json,associazioni,Donna
16_ex_Convenzione Ginosa.json,regioni,Puglia Con L
16_ex_Convenzione Ginosa.json,regioni,Puglia E Dall
16_ex_Convenzione Ginosa.json,comuni,Ginesa Comune Di Laterza Comune Di Castellaneta Comune Di Palagianello Cron
16_ex_Convenzione Ginosa.json,comuni,Ginosa
16_ex_Convenzione Ginosa.json,associazioni,Est Donne
16_ex_Convenzione Ginosa.json,associazioni,Est Donne Della Durata Di
16_ex_Convenzione Ginosa.json,associazioni,Sociale
16_ex_Convenzione Gioia del Colle.json,regioni,Puglia
16_ex_Convenzione Gioia del Colle.json,comuni,Appartenenza Dell'Utente
16_ex_Convenzione Gioia del Colle.json,comuni,Casamassima N
16_ex_Convenzione Gioia del Colle.json,comuni,Gioia Del Colle N
16_ex_Convenzione Gioia del Colle.json,comuni,Sammichele Di
16_ex_Convenzione Gioia del Colle.json,comuni,Turi N
16_ex_Convenzione Grumo Appula.json,regioni,Puglia
16_ex_Convenzione Grumo Appula.json,comuni,Comune Di Grumo Appula - Prot
16_ex_Convenzione Grumo Appula.json,comuni,Grumo Appula Svolge Le Funzioni Di Comune Capofila Per L'Adozione Dei Necessari Atti Amministrativi E Relativo Impegno Di Spesa
16_ex_Convenzione Mola di Bari.json,comuni,Mola Di Bari - Cod
16_ex_Convenzione Mola di Bari.json,comuni,Noicattaro Comune Di Mola Di Bari Comune Di Rutigliano Capofila Ambito Territoriale Sociale N
16_ex_Convenzione Triggiano.json,regioni,Puglia N
16_ex_Convenzione Triggiano.json,comuni,Triggiano
16_foggia_Protocollo_Viola.json,regioni,Puglia
16_foggia_Protocollo_Viola.json,province,Di Foggia - Sig
16_foggia_Protocollo_Viola.json,province,Di Foggia Avv
16_foggia_Protocollo_Viola.json,province,Di Foggia L
16_foggia_Protocollo_Viola.json,province,Di Foggia Nella Persona Del Presidente N
16_foggia_Protocollo_Viola.json,province,Di Foggia Si Impegna A
16_foggia_Protocollo_Viola.json,comuni,Foggia Si Impegna A Promuovere La Cultura Della Non Violenza Ed Il Rispetto Delle Diversita Attraverso Iniziative Dirette A Raccogliere E Diffondere Le Informazioni Riguardanti La Parita E Le Pari Opportunita
16_foggia_Protocollo_Viola.json,associazioni,Dauna Nella Persona Della Dott
16_foggia_Protocollo_Viola.json,associazioni,Donna
16_foggia_Protocollo_Viola.json,associazioni,Volontariato
16_lecce_Protocollo Operativo - Procedure integrate per la prevenzione e il contrasto alla violenza contro donne e minori - Copia_Marcato.json,regioni,Ove La Stessa É Ubicata E Sui Servizi Sociali Del Posto
16_lecce_Protocollo Operativo - Procedure integrate per la prevenzione e il contrasto alla violenza contro donne e minori - Copia_Marcato.json,regioni,Puglia Azienda Sanitaria Locale Della Province Di Lecce E Di Brindisi Presidio Ospedaliero Centro Nascite I Sottoscritti Sig
16_lecce_Protocollo Operativo - Procedure integrate per la prevenzione e il contrasto alla violenza contro donne e minori - Copia_Marcato.json,regioni,Puglia Ha Adottato Le
16_lecce_Protocollo Operativo - Procedure integrate per la prevenzione e il contrasto alla violenza contro donne e minori - Copia_Marcato.json,regioni,Puglia Ha Istituito Una Rete Di Centri Per Uomini Autori Di Violenza In Attuazione A Quanto Previsto Dall
16_lecce_Protocollo Operativo - Procedure integrate per la prevenzione e il contrasto alla violenza contro donne e minori - Copia_Marcato.json,regioni,Puglia Ha Proceduto Alla Riorganizzazione Della Rete Consultoriale Secondo Un Modello
16_lecce_Protocollo Operativo - Procedure integrate per la prevenzione e il contrasto alla violenza contro donne e minori - Copia_Marcato.json,regioni,Puglia Ha Recepito I
16_lecce_Protocollo Operativo - Procedure integrate per la prevenzione e il contrasto alla violenza contro donne e minori - Copia_Marcato.json,province,Attraverso Il Sindaco Di Lecce Quale Presidente Della Con- Ferenza Dei Sindaci Che Li Rappresenta
16_lecce_Protocollo Operativo - Procedure integrate per la prevenzione e il contrasto alla violenza contro donne e minori - Copia_Marcato.json,province,Di Lecce Al Signor Prefetto Della Provincia Di Brindisi Al Signor Presidente Del Tribunale Per I Minorenni Sede Oggetto
16_lecce_Protocollo Operativo - Procedure integrate per la prevenzione e il contrasto alla violenza contro donne e minori - Copia_Marcato.json,province,Resta Responsabile Del Progetto D
16_lecce_Protocollo Operativo - Procedure integrate per la prevenzione e il contrasto alla violenza contro donne e minori - Copia_Marcato.json,comuni,Galatina - C
16_lecce_Protocollo Operativo - Procedure integrate per la prevenzione e il contrasto alla violenza contro donne e minori - Copia_Marcato.json,comuni,Nascita Del Bambino
16_lecce_Protocollo Operativo - Procedure integrate per la prevenzione e il contrasto alla violenza contro donne e minori - Copia_Marcato.json,comuni,Residenza Del Minore E Della Famiglia
16_lecce_Protocollo Operativo - Procedure integrate per la prevenzione e il contrasto alla violenza contro donne e minori - Copia_Marcato.json,comuni,Residenza Della Vittima
16_lecce_Protocollo Operativo - Procedure integrate per la prevenzione e il contrasto alla violenza contro donne e minori - Copia_Marcato.json,associazioni,Donne Medico
16_lecce_Protocollo Operativo - Procedure integrate per la prevenzione e il contrasto alla violenza contro donne e minori - Copia_Marcato.json,associazioni,Insieme
16_lecce_Protocollo Operativo - Procedure integrate per la prevenzione e il contrasto alla violenza contro donne e minori - Copia_Marcato.json,associazioni,Settore Del
16_taranto_protocollo Prefettura ProvinciaTaranto.json,regioni,Puglia
16_taranto_protocollo Prefettura ProvinciaTaranto.json,regioni,Vins Ma Dott
16_taranto_protocollo Prefettura ProvinciaTaranto.json,province,Di Taranto
16_taranto_protocollo Prefettura ProvinciaTaranto.json,province,Di Taranto La Consig
16_taranto_protocollo Prefettura ProvinciaTaranto.json,province,Di Taranto Si É Costituita La Rete Locale Di Promozione Delle Politiche Di Genere Che Ha Come Obiettivo Primario Il Contrasto Alla Violenza Su Donne E Minori
16_taranto_protocollo Prefettura ProvinciaTaranto.json,province,Frefettera De Ferante Ry
16_taranto_protocollo Prefettura ProvinciaTaranto.json,province,Frofettonn He Taranto Ee
16_taranto_protocollo Prefettura ProvinciaTaranto.json,associazioni,Alzaia Dott
16_taranto_protocollo d'intesa CAVGinosa sottoscritto.json,regioni,Puglia
16_taranto_protocollo d'intesa CAVGinosa sottoscritto.json,comuni,Ginosa Comune Di Laterza Comune Di Castellaneta
16_taranto_protocollo d'intesa CAVGinosa sottoscritto.json,comuni,Ginosa- Via
16_taranto_protocollo d'intesa CAVGinosa sottoscritto.json,comuni,Palagianello
16_terreg_Prot_CGIL - CISL - CONFINDUSTRIA_CAV.json,regioni,Puglia E Centri Antiviolenza Di Puglia Per Collaborazione E Condivisione Delle Azioni Di Contrasto Alle Discriminazioni
16_terreg_Prot_CGIL - CISL - CONFINDUSTRIA_CAV.json,comuni,Bari
17_2406_rta_17_250506142731_4166---Tavolodicoordinamentoemonitoraggio30-01-24.json,regioni,Basilicata Programma Regionale Di Interventi Finanziati Con Il Fondo Pari Opportunita
17_2406_rta_17_250506142746_4166---Tavolodicoordinamentoemonitoraggio30-01-24.json,regioni,Basilicata Programma Regionale Di Interventi Finanziati Con Il Fondo Pari Opportunita
18_2406_rta_18_240925130829_4166---PROTOCOLLODIINTESA_COMUNEDIMENDICINO.json,regioni,Calabria
18_2406_rta_18_240925130829_4166---PROTOCOLLODIINTESA_COMUNEDIMENDICINO.json,comuni,Mendicino Si Occupera Di Individuare E Mettere A Disposizione Idoneo Spazio
18_2406_rta_18_240925130829_4166---PROTOCOLLODIINTESA_COMUNEDIMENDICINO.json,comuni,Mendicino Tra La Fondazione
18_2406_rta_18_240925130829_4166---PROTOCOLLODIINTESA_COMUNEDIMENDICINO.json,comuni,Rende
18_2406_rta_18_240926102259_4166---Protocollod’intesaperlaprotezioneel’assistenzadellevittimediviolenzadigenererichiedentiasilo.json,regioni,Calabria
18_2406_rta_18_240926102317_4166---PROTOCOLLOISTITUTOSUP.NOSTRO-REPACI.json,regioni,Calabria Settore
18_2406_rta_18_240926102317_4166---PROTOCOLLOISTITUTOSUP.NOSTRO-REPACI.json,comuni,Tutte Le Violenze
18_2406_rta_18_240926102333_4166---accordodiretecentroaiutodonna.json,regioni,Calabria
18_2406_rta_18_240926102333_4166---accordodiretecentroaiutodonna.json,comuni,Staletti Con Sede In Via A
18_2406_rta_18_240926102333_4166---accordodiretecentroaiutodonna.json,comuni,Staletti Intendono Impegnarsi Nell
18_2406_rta_18_240926102407_4166---ProtocollointesaAISM_CentroLanzino_ReteREDCALABRIA_firmadigitale.json,regioni,Calabria Attraverso Alcune Azioni Sinergiche Con La Collaborazione Con
18_2406_rta_18_240926102407_4166---ProtocollointesaAISM_CentroLanzino_ReteREDCALABRIA_firmadigitale.json,regioni,Calabria Con Il Titolo Cambia Il Finale
18_2406_rta_18_240926102407_4166---ProtocollointesaAISM_CentroLanzino_ReteREDCALABRIA_firmadigitale.json,province,Di Cosenza
18_2406_rta_18_240926102407_4166---ProtocollointesaAISM_CentroLanzino_ReteREDCALABRIA_firmadigitale.json,comuni,Borgia
18_2406_rta_18_240926102407_4166---ProtocollointesaAISM_CentroLanzino_ReteREDCALABRIA_firmadigitale.json,comuni,Cosenza
18_2406_rta_18_240926102407_4166---ProtocollointesaAISM_CentroLanzino_ReteREDCALABRIA_firmadigitale.json,comuni,Lonadi
18_2406_rta_18_240926102407_4166---ProtocollointesaAISM_CentroLanzino_ReteREDCALABRIA_firmadigitale.json,comuni,Palmi
18_2406_rta_18_240926102407_4166---ProtocollointesaAISM_CentroLanzino_ReteREDCALABRIA_firmadigitale.json,comuni,Vibo Valentia
18_2406_rta_18_240926102407_4166---ProtocollointesaAISM_CentroLanzino_ReteREDCALABRIA_firmadigitale.json,associazioni,Contro La Violenza Alle Donne
18_2406_rta_18_240926102407_4166---ProtocollointesaAISM_CentroLanzino_ReteREDCALABRIA_firmadigitale.json,associazioni,Opera Papa Giovanni Onlus
18_2406_rta_18_240926102407_4166---ProtocollointesaAISM_CentroLanzino_ReteREDCALABRIA_firmadigitale.json,associazioni,Rappresentanza
18_2406_rta_18_240926102407_4166---ProtocollointesaAISM_CentroLanzino_ReteREDCALABRIA_firmadigitale.json,associazioni,Riconoscimento Della Personalita Giuridica
18_2406_rta_18_240926102407_4166---ProtocollointesaAISM_CentroLanzino_ReteREDCALABRIA_firmadigitale.json,associazioni,Sclerosi Multipla
18_2406_rta_18_240926102407_4166---ProtocollointesaAISM_CentroLanzino_ReteREDCALABRIA_firmadigitale.json,associazioni,Sociale
18_2406_rta_18_240926102419_4166---protocollodiintesaterritorialeunito.json,regioni,Calabria Per
18_2406_rta_18_240926102419_4166---protocollodiintesaterritorialeunito.json,province,Di Cosenza
18_2406_rta_18_240926102419_4166---protocollodiintesaterritorialeunito.json,comuni,Dipignano
18_2406_rta_18_240926102419_4166---protocollodiintesaterritorialeunito.json,comuni,Malito
18_2406_rta_18_240926102419_4166---protocollodiintesaterritorialeunito.json,comuni,Marz
18_2406_rta_18_240926102419_4166---protocollodiintesaterritorialeunito.json,comuni,Parenti
18_2406_rta_18_240926102419_4166---protocollodiintesaterritorialeunito.json,comuni,Paterno Calabro Avente Sede Legale In Paterno Calabro
18_2406_rta_18_240926102419_4166---protocollodiintesaterritorialeunito.json,comuni,Paterno Calabro Compilando La Presente Scheda
18_2406_rta_18_240926102419_4166---protocollodiintesaterritorialeunito.json,comuni,Paterno Calabro Comune Di Paterno Calabro Aoo Aoo
18_2406_rta_18_240926102419_4166---protocollodiintesaterritorialeunito.json,comuni,Paterno Calabro Con Sede In Piazza Municipio
18_2406_rta_18_240926102419_4166---protocollodiintesaterritorialeunito.json,comuni,Paterno Calabro Garantisce Alle Donne Servizi Di
18_2406_rta_18_240926102419_4166---protocollodiintesaterritorialeunito.json,comuni,Paterno Calabro Guardia Medica Telefono Pyr Cra Car Le Email Pec Referente Stazione Dei Carabinieri Nome E Cognome
18_2406_rta_18_240926102419_4166---protocollodiintesaterritorialeunito.json,comuni,Paterno Calabro Ha Acquisito Al Protocollo Dell
18_2406_rta_18_240926102419_4166---protocollodiintesaterritorialeunito.json,comuni,Paterno Calabro Ha Inaugurato Nel
18_2406_rta_18_240926102419_4166---protocollodiintesaterritorialeunito.json,comuni,Paterno Calabro Il Comune Riconosce All
18_2406_rta_18_240926102419_4166---protocollodiintesaterritorialeunito.json,comuni,Paterno Calabro Protocollo Di Intesa E Collaborazione Con Il Centro Antiviolenza Del Comune Di Paterno Calabro Nell
18_2406_rta_18_240926102419_4166---protocollodiintesaterritorialeunito.json,comuni,Paterno Calabro Scheda Adesione Manifestazione Di Interesse Comune Di
18_2406_rta_18_240926102419_4166---protocollodiintesaterritorialeunito.json,comuni,Paterno Calabro Scheda Informativa Sindaco Donatella Deposito Telefono
18_2406_rta_18_240926102419_4166---protocollodiintesaterritorialeunito.json,comuni,Paterno Calabro Servizio Transfer Da
18_2406_rta_18_240926102419_4166---protocollodiintesaterritorialeunito.json,comuni,Paterno Calabro Sindaca Lucia Papaianni Per L
18_2406_rta_18_240926102419_4166---protocollodiintesaterritorialeunito.json,comuni,Paterno Calabro Tutto Quanto Premesso
18_2406_rta_18_240926102419_4166---protocollodiintesaterritorialeunito.json,comuni,Paterno Calabro É Il Primo Ad Essere Attivato All
18_2406_rta_18_240926102419_4166---protocollodiintesaterritorialeunito.json,comuni,Paterno Calabro É Stato Istituito Formalmente Grazie Al Contributo Dalla Regione Calabria Per
18_2406_rta_18_240926102419_4166---protocollodiintesaterritorialeunito.json,comuni,Territorio Di Riferimento E Favorire La Presa Di Coscienza Dei Sindaci Riguardo La Connessione Tra La Raffigurazione Della Donna Nella Pubblicita E La Violenza Maschile Contro Le Donne
18_2406_rta_18_240926102419_4166---protocollodiintesaterritorialeunito.json,associazioni,Contributo Di Euro
18_2406_rta_18_240926102419_4166---protocollodiintesaterritorialeunito.json,associazioni,Donneincammino
18_2406_rta_18_240926102419_4166---protocollodiintesaterritorialeunito.json,associazioni,E Lo Storico Delle
18_2406_rta_18_240926102419_4166---protocollodiintesaterritorialeunito.json,associazioni,Il Seguente
18_2406_rta_18_240926102419_4166---protocollodiintesaterritorialeunito.json,associazioni,Persegue Come Scopo La Lotta Alla Violenza Di Genere
18_2406_rta_18_240926102419_4166---protocollodiintesaterritorialeunito.json,associazioni,Si Avwale Di Professioniste
18_2406_rta_18_240926102419_4166---protocollodiintesaterritorialeunito.json,associazioni,Sociale
18_2406_rta_18_240926102419_4166---protocollodiintesaterritorialeunito.json,associazioni,Un Ruolo Consulenziale E Di Coordinamento
18_2406_rta_18_240926102528_4166---PROTOCOLLOAISM_PICCOLAOPERA_firma.json,regioni,Calabria Attraverso Alcune Azioni Sinergiche Con La Collaborazione Con Il Centro Antiviolenza E La Casa Rifugio Dell'Associazione Piccola Opera Papa Giovanni Onlus Che Da Molti Anni É A Fianco Delle Donne In Difficolta Personale E
18_2406_rta_18_240926102528_4166---PROTOCOLLOAISM_PICCOLAOPERA_firma.json,regioni,Calabria Con Il Titolo Cambia Il Finale
18_2406_rta_18_240926102528_4166---PROTOCOLLOAISM_PICCOLAOPERA_firma.json,province,Di Cosenza
18_2406_rta_18_240926102528_4166---PROTOCOLLOAISM_PICCOLAOPERA_firma.json,comuni,Borgia
18_2406_rta_18_240926102528_4166---PROTOCOLLOAISM_PICCOLAOPERA_firma.json,comuni,Cosenza
18_2406_rta_18_240926102528_4166---PROTOCOLLOAISM_PICCOLAOPERA_firma.json,comuni,Ionadi
18_2406_rta_18_240926102528_4166---PROTOCOLLOAISM_PICCOLAOPERA_firma.json,comuni,Palmi
18_2406_rta_18_240926102528_4166---PROTOCOLLOAISM_PICCOLAOPERA_firma.json,comuni,Vibo Valentia
18_2406_rta_18_240926102528_4166---PROTOCOLLOAISM_PICCOLAOPERA_firma.json,associazioni,Opera Papa Giovanni
18_2406_rta_18_240926102528_4166---PROTOCOLLOAISM_PICCOLAOPERA_firma.json,associazioni,Opera Papa Giovanni Onlus
18_2406_rta_18_240926102528_4166---PROTOCOLLOAISM_PICCOLAOPERA_firma.json,associazioni,Opera Papa Giovanni Onlus Che Da
18_2406_rta_18_240926102528_4166---PROTOCOLLOAISM_PICCOLAOPERA_firma.json,associazioni,Rappresentanza
18_2406_rta_18_240926102528_4166---PROTOCOLLOAISM_PICCOLAOPERA_firma.json,associazioni,Riconoscimento Della Personalita Giuridica
18_2406_rta_18_240926102528_4166---PROTOCOLLOAISM_PICCOLAOPERA_firma.json,associazioni,Sclerosi Multipla
18_2406_rta_18_240926102528_4166---PROTOCOLLOAISM_PICCOLAOPERA_firma.json,associazioni,Sociale
18_2406_rta_18_240926102620_4166---protocollopercorsorosa.json,regioni,Calabria Consigliera Di Parita Della Provincia Di Catanzaro Comitato Pari Opportunita Dell
18_2406_rta_18_240926102620_4166---protocollopercorsorosa.json,regioni,Calabria E Della Provincia Di Catanzaro
18_2406_rta_18_240926102620_4166---protocollopercorsorosa.json,regioni,Calabria La Regione Calabria
18_2406_rta_18_240926102620_4166---protocollopercorsorosa.json,province,Di Catanzaro
18_2406_rta_18_240926102620_4166---protocollopercorsorosa.json,province,Di Catanzaro Adottare Tutte Le Misure Necessarie
18_2406_rta_18_240926102620_4166---protocollopercorsorosa.json,province,Di Catanzaro Allegato Tecnico Per Il Settore Uffici Giudiziari E Forze Dell
18_2406_rta_18_240926102620_4166---protocollopercorsorosa.json,province,Di Catanzaro Consigliera Di Parita Della Regione Calabria Consigliera Di Parita Della Provincia Di Catanzaro Comitato Pari Opportunita Dell
18_2406_rta_18_240926102620_4166---protocollopercorsorosa.json,province,Di Catanzaro I Centri Antiviolenza Che Operano Nel Territorio Della Provincia Di Catanzaro Si Impegnano A Strutturare
18_2406_rta_18_240926102620_4166---protocollopercorsorosa.json,province,Di Catanzaro La Prefettura Di Catanzaro
18_2406_rta_18_240926102620_4166---protocollopercorsorosa.json,province,Pilota Di Catanzaro
18_2406_rta_18_240926102620_4166---protocollopercorsorosa.json,comuni,Catanzaro
18_2406_rta_18_240926102620_4166---protocollopercorsorosa.json,comuni,Lamezia Terme An Wo Pl-
18_2406_rta_18_240926102620_4166---protocollopercorsorosa.json,comuni,Proprio Distretto Al Fine Di Dare Risposte Operative
18_2406_rta_18_240926102620_4166---protocollopercorsorosa.json,comuni,Territorio
18_2406_rta_18_240926102620_4166---protocollopercorsorosa.json,unioni,E Fusioni Di Comuni
18_2406_rta_18_240926102620_4166---protocollopercorsorosa.json,associazioni,Associazione Aiaf Calabria
18_2406_rta_18_240926102620_4166---protocollopercorsorosa.json,associazioni,Combivir
18_2406_rta_18_240926102620_4166---protocollopercorsorosa.json,associazioni,Di Catanzaro
18_2406_rta_18_240926102620_4166---protocollopercorsorosa.json,associazioni,Di Lamezia Terme
18_2406_rta_18_240926102620_4166---protocollopercorsorosa.json,associazioni,Donne Medico
18_2406_rta_18_240926102620_4166---protocollopercorsorosa.json,associazioni,Ginecologi Italiani
18_2406_rta_18_240926102620_4166---protocollopercorsorosa.json,associazioni,I Servizi Territoriali Di Riferimento Di Cui Al Presente
18_2406_rta_18_240926102620_4166---protocollopercorsorosa.json,associazioni,Idapa Di Lamezia Terme
18_2406_rta_18_240926102620_4166---protocollopercorsorosa.json,associazioni,Kaletra
18_2406_rta_18_240926102620_4166---protocollopercorsorosa.json,associazioni,Onlus Comitato Di Catanzaro
18_2406_rta_18_240926102620_4166---protocollopercorsorosa.json,associazioni,Per Le Azioni Di Assistenza Psicologica E Legale Nonch
18_2406_rta_18_240926102620_4166---protocollopercorsorosa.json,associazioni,Truvada
18_2406_rta_18_240926102706_4166---protocollomondorosa2013.json,regioni,Calabria
18_2406_rta_18_240926102706_4166---protocollomondorosa2013.json,province,Di Catanzaro
18_2406_rta_18_240926102706_4166---protocollomondorosa2013.json,province,Di Catanzaro Caritas Dioces
18_2406_rta_18_240926102706_4166---protocollomondorosa2013.json,province,Di Catanzaro Diffondere La Conascenza E Promuovere Lo Scambio Di Buone Prassi In Tema Di Pari Opportunita E Specificatamente A Contrasto Della Violenza Di-Genere
18_2406_rta_18_240926102706_4166---protocollomondorosa2013.json,comuni,Catanzaro
18_2406_rta_18_240926102706_4166---protocollomondorosa2013.json,comuni,Lamezia Terme
18_2406_rta_18_240926102706_4166---protocollomondorosa2013.json,comuni,Settingiano
18_2406_rta_18_240926102706_4166---protocollomondorosa2013.json,comuni,Simeri
18_2406_rta_18_240926102706_4166---protocollomondorosa2013.json,comuni,Versante Lonico
18_2406_rta_18_240926102706_4166---protocollomondorosa2013.json,associazioni,Donna
18_2406_rta_18_240926102814_4166---convenzDemetraIISCostanzoDecollatura2020.json,comuni,Lamezia Terme
18_2406_rta_18_240926102814_4166---convenzDemetraIISCostanzoDecollatura2020.json,associazioni,Mago
18_2406_rta_18_240926102814_4166---convenzDemetraIISCostanzoDecollatura2020.json,associazioni,Merlino Onlus
18_2406_rta_18_240926102931_4166---PROT.2403-24.json,regioni,Calabria
18_2406_rta_18_240926102931_4166---PROT.2403-24.json,associazioni,Sociale
18_2406_rta_18_240926102943_4166---schemaAccordoCollaborazione499ARIEL_signed.json,regioni,Calabria Ammessi E Che
18_2406_rta_18_240926102943_4166---schemaAccordoCollaborazione499ARIEL_signed.json,regioni,Calabria Dovranno Operare In Collaborazione Con La Citta Metropolitana Di Reggio Calabria Secondo Modalita Che Saranno Concordate E Dettagliate In Un Accordo Di Collaborazione Per L'Attuazione Del Progetto
18_2406_rta_18_240926102943_4166---schemaAccordoCollaborazione499ARIEL_signed.json,regioni,Calabriade Denominato
18_2406_rta_18_240926103211_4166---PROTOCOLLOviolasottoscritto.json,regioni,Calabria La Regione Calabria
18_2406_rta_18_240926103211_4166---PROTOCOLLOviolasottoscritto.json,regioni,Calabria Provincia Di Cosenza Questura Di Cosenza Comando Provinciale Dei Carabinieri Di Cosenza Comando Provinciale Della Guardia Di Finanza Di Cosenza Azienda Sanitaria Provinciale Di Cosenza Azienda Ospedaliera S
18_2406_rta_18_240926103211_4166---PROTOCOLLOviolasottoscritto.json,regioni,Calabria Tribunale Di Castrovillari Tribunale Di Paola Tribunale Di Cosenza Presidente Del Tribunale Per I Minorenni Di Catanzaro Procura Della Repubblica Presso Il Tribunale Di Castrovillari Azienda Ospedaliera
18_2406_rta_18_240926103211_4166---PROTOCOLLOviolasottoscritto.json,province,Di Cosenza
18_2406_rta_18_240926103211_4166---PROTOCOLLOviolasottoscritto.json,province,Di Cosenza Comando Provinciale Dei Carabinieri Di Cosenza A Opsigdisha Db
18_2406_rta_18_240926103211_4166---PROTOCOLLOviolasottoscritto.json,province,Di Cosenza Questura Di Cosenza Comando Provinciale Dei Carabinieri Di Cosenza Comando Provinciale Della Guardia Di Finanza Di Cosenza Azienda Sanitaria Provinciale Di Cosenza Azienda Ospedaliera S
18_2406_rta_18_240926103211_4166---PROTOCOLLOviolasottoscritto.json,comuni,Proprio Distretto
18_2406_rta_18_240926103211_4166---PROTOCOLLOviolasottoscritto.json,comuni,Territorio
18_2406_rta_18_240926103211_4166---PROTOCOLLOviolasottoscritto.json,associazioni,Mondivers
18_2406_rta_18_240926103211_4166---PROTOCOLLOviolasottoscritto.json,associazioni,Onlus Ll Presidente
20_2406_rta_20_250620094616_4166---Delibera52-22del23.12.2024-Allegato1.json,regioni,Autonoma De Sardigna Regione Autonoma Della Sardegna Protocollo D
20_2406_rta_20_250620094616_4166---Delibera52-22del23.12.2024-Allegato1.json,regioni,Autonoma Sardegna Della Rete Regionale Antiviolenza E Delle Reti Territoriali Locali Antiviolenza
20_2406_rta_20_250620094616_4166---Delibera52-22del23.12.2024-Allegato1.json,regioni,E Reti Locali Istituzionali
20_2406_rta_20_250620094616_4166---Delibera52-22del23.12.2024-Allegato1.json,regioni,Nella Definizione Del Funzionamento Del Sistema Dei Servizi Di Prevenzione E Di Contrasto Della Violenza Contro Le Donne Da Realizzare Anche Attraverso La Predisposizione Di Linee Guida
20_2406_rta_20_250620094616_4166---Delibera52-22del23.12.2024-Allegato1.json,regioni,Promuove I'Istituzione Di Una Rete Antiviolenza Costituita Da Enti Pubblici
20_2406_rta_20_250620094616_4166---Delibera52-22del23.12.2024-Allegato1.json,regioni,Promuove La Sottoscrizione Di Appositi Protocolli Operativi Per La Disciplina Di Procedure Uniformi Di Accoglienza E Presa In Carico In Emergenza Delle Vittime Di Violenza E Di Stalking Prevedendo Un Percorso Assistenziale E Curativo Protetto E Individualizzato Attuato Con La Partecipazione Attiva Di Tutti I Soggetti Che Aderiscono Alla Rete
20_2406_rta_20_250620094616_4166---Delibera52-22del23.12.2024-Allegato1.json,regioni,Sardegna Azienda Regionale Della Salute Sardegna Azienda Sociosanitaria Locale N
20_2406_rta_20_250620094616_4166---Delibera52-22del23.12.2024-Allegato1.json,regioni,Sardegna Della Rete Regionale Antiviolenza E La Costituzione Delle
20_2406_rta_20_250620094616_4166---Delibera52-22del23.12.2024-Allegato1.json,regioni,Sardegna E Iscritti Nella Mappatura Nazionale Del
20_2406_rta_20_250620094616_4166---Delibera52-22del23.12.2024-Allegato1.json,regioni,Sardegna E Tutti I Soggetti Che Sottoscrivono Il Presente Protocollo
20_2406_rta_20_250620094616_4166---Delibera52-22del23.12.2024-Allegato1.json,regioni,Sardegna In Tema Di Violenza Di Genere
20_2406_rta_20_250620094616_4166---Delibera52-22del23.12.2024-Allegato1.json,regioni,Sardegna Ordine Degli Avvocati Di Cagliari Ordine Degli Avvocati Di Oristano Ordine Degli Avvocati Di Lanusei Ordine Degli Avvocati Di Nuoro Ordine Degli Avvocati Di Sassari Ordine Degli Avvocati Di Tempio Pausania Ordini Dei Farmacisti Della Sardegna Ordine Dei Giornalisti Della Sardegna
20_2406_rta_20_250620094616_4166---Delibera52-22del23.12.2024-Allegato1.json,regioni,Sardegna Per Cid Che Riguarda
20_2406_rta_20_250620094616_4166---Delibera52-22del23.12.2024-Allegato1.json,province,Che Abbia Funzioni Di Raccordo Con La Rete Regionale E Le Reti Territoriali Antiviolenza
20_2406_rta_20_250620094616_4166---Delibera52-22del23.12.2024-Allegato1.json,province,Di Cagliari Ordine Dei Medici Chirurghi E Odontoiatri Della Provincia Di Oristano Ordine Dei Medici Chirurghi E Odontoiatri Della Provincia Di Nuoro Ordine Dei Medici Chirurghi E Odontoiatri Della Provincia Di Sassari Ordine Delle Professioni Nfermieristiche Di Carbonia Iglesias Ordine Delle Professioni Nfermieristiche Di Cagliari Ordine Delle Professioni Nfermieristiche Di Oristano Ordine Delle Professioni Nfermieristiche Di Nuoro Ordine Delle Professioni Nfermieristiche Di Sassari Ordine Della Professione Di Ostetrica Di Cagliari E Delle Province Di Nuoro
20_2406_rta_20_250620094616_4166---Delibera52-22del23.12.2024-Allegato1.json,province,Di Nuoro
20_2406_rta_20_250620094616_4166---Delibera52-22del23.12.2024-Allegato1.json,province,Di Sassari
20_2406_rta_20_250620094616_4166---Delibera52-22del23.12.2024-Allegato1.json,province,Di Sassari Ufficio Scolastico Regionale Della Sardegna
20_2406_rta_20_250620094616_4166---Delibera52-22del23.12.2024-Allegato1.json,province,Di Sassari Ufficio Scolastico Regionale Della Sardegna Ordine Degli Assistenti Sociali Regione Sardegna Ordine Degli Avvocati Di Cagliari Ordine Degli Avvocati Di Oristano Ordine Degli Avvocati Di Lanusei Ordine Degli Avvocati Di Nuoro Ordine Degli Avvocati Di Sassari Ordine Degli Avvocati Di Tempio Pausania Ordini Dei Farmacisti Della Sardegna Ordine Dei Giornalisti Della Sardegna
20_2406_rta_20_250620094616_4166---Delibera52-22del23.12.2024-Allegato1.json,comuni,Marghine - Macomer
20_2406_rta_20_250620094616_4166---Delibera52-22del23.12.2024-Allegato1.json,comuni,Marghine Centro Antiviolenza Interdistrettuale
20_2406_rta_20_250620094616_4166---Delibera52-22del23.12.2024-Allegato1.json,associazioni,Al Traguardo
20_2406_rta_20_250620094616_4166---Delibera52-22del23.12.2024-Allegato1.json,associazioni,Altri
20_2406_rta_20_250620094616_4166---Delibera52-22del23.12.2024-Allegato1.json,associazioni,Comuni
20_2406_rta_20_250620094616_4166---Delibera52-22del23.12.2024-Allegato1.json,associazioni,Comuni Italiani
20_2406_rta_20_250620094616_4166---Delibera52-22del23.12.2024-Allegato1.json,associazioni,Degli Avvocati
20_2406_rta_20_250620094616_4166---Delibera52-22del23.12.2024-Allegato1.json,associazioni,Donne Al
20_2406_rta_20_250620094616_4166---Delibera52-22del23.12.2024-Allegato1.json,associazioni,Forense
20_2406_rta_20_250620094616_4166---Delibera52-22del23.12.2024-Allegato1.json,associazioni,Giornaliste
20_2406_rta_20_250620094616_4166---Delibera52-22del23.12.2024-Allegato1.json,associazioni,Giornaliste Sardegna
20_2406_rta_20_250620094616_4166---Delibera52-22del23.12.2024-Allegato1.json,associazioni,International Italia
20_2406_rta_20_250620094616_4166---Delibera52-22del23.12.2024-Allegato1.json,associazioni,Principalmente
