id_rete,input_json,titolo_rete,file,regione,provincia,comune_soggetto,nome_soggetto,tipo_dettaglio,tipo_aggregato_10,macro_tipologia,ruolo_attore,ruolo_firmatario,ruolo_proponente,ruolo_gestione,ruolo_monitoraggio,ruolo_coordinamento,ruolo_governance_totale,stato_osservazione,Totale Riga
13_2406_rta_13_241122103901_4166---Protocollirete_ortonaelancianoCAVdonn.ÿ.txt,0.0,0.0,0.0,0.0,0.0,0.0,0.0,0.0,0.0,0.0,1,1,1,0,0,1,1,0.0,5.0
18_2406_rta_18_240926103211_4166---PROTOCOLLOviolasottoscritto.txt,0.0,0.0,0.0,0.0,0.0,0.0,0.0,0.0,0.0,0.0,0,1,0,0,0,0,0,0.0,1.0
16_taranto_protocollo Prefettura ProvinciaTaranto.txt,0.0,0.0,0.0,0.0,0.0,0.0,0.0,0.0,0.0,0.0,1,1,0,0,0,0,0,0.0,2.0
12_2406_rta_12_241004144338_4166---06-ProtocolloComunediVALLECORSA.txt,0.0,0.0,0.0,0.0,0.0,0.0,0.0,0.0,0.0,0.0,0,0,0,0,0,0,0,0.0,0.0
18_2406_rta_18_240926102706_4166---protocollomondorosa2013.txt,0.0,0.0,0.0,0.0,0.0,0.0,0.0,0.0,0.0,0.0,1,1,1,1,0,1,1,0.0,6.0
12_2406_rta_12_241008151247_4166---3.prot.txt,0.0,0.0,0.0,0.0,0.0,0.0,0.0,0.0,0.0,0.0,1,1,0,0,0,0,0,0.0,2.0
12_2406_rta_12_240926115028_4166---ProtICROASLazioePonteDonna.txt,0.0,0.0,0.0,0.0,0.0,0.0,0.0,0.0,0.0,0.0,0,0,0,0,0,0,0,0.0,0.0
03_2406_rta_03_240925150245_4166---ProtocolloReteARIAPalazzolo.txt,0.0,0.0,0.0,0.0,0.0,0.0,0.0,0.0,0.0,0.0,1,1,0,0,0,0,0,0.0,2.0
03_2406_rta_03_240925150245_4166---ProtocolloReteARIAPalazzolo.txt,0.0,0.0,0.0,0.0,0.0,0.0,0.0,0.0,0.0,0.0,1,1,0,0,0,0,0,0.0,2.0
03_2406_rta_03_240923113114_4166---ProtocolloReteAddaMartesanasottoscritto.txt,0.0,0.0,0.0,0.0,0.0,0.0,0.0,0.0,0.0,0.0,1,1,0,0,0,0,0,0.0,2.0
16_bat_convenzione CAV - ASL BT.txt,0.0,0.0,0.0,0.0,0.0,0.0,0.0,0.0,0.0,0.0,1,1,0,1,1,0,1,0.0,5.0
13_2406_rta_13_241122104158_4166---Protocollirete_ortonaelancianoCAVdonn.ÿ.txt,0.0,0.0,0.0,0.0,0.0,0.0,0.0,0.0,0.0,0.0,1,1,0,0,0,0,0,0.0,2.0
12_2406_rta_12_241004114912_4166---ProtocolloRetePrantiviolenzaFrosinone.txt,0.0,0.0,0.0,0.0,0.0,0.0,1522.0,0.0,0.0,0.0,0,0,0,0,0,0,0,0.0,1522.0
09_PISTOIA PROV .txt,0.0,0.0,0.0,0.0,0.0,0.0,0.0,0.0,0.0,0.0,0,1,0,0,0,0,0,0.0,1.0
12_2406_rta_12_240927093424_4166---ProtVMunMerlin.txt,0.0,0.0,0.0,0.0,0.0,0.0,0.0,0.0,0.0,0.0,1,1,0,0,0,0,0,0.0,2.0
01_2406_rta_01_241018142804_4166---ConvenzioneASL-Prontosoccorsoceva.txt,0.0,0.0,0.0,0.0,0.0,0.0,0.0,0.0,0.0,0.0,0,0,0,0,0,0,0,0.0,0.0
08_2406_rta_08_241015091330_4166---Protocollo_intesa_autonomia_abitativa_donne_vittime_di_violenza_CittMtrBO.txt,0.0,0.0,0.0,0.0,0.0,0.0,0.0,0.0,0.0,0.0,1,1,0,0,0,0,0,0.0,2.0
12_2406_rta_12_241003100516_4166---1ProtCAVPAOLALATTESLibroteka(1).txt,0.0,0.0,0.0,0.0,0.0,0.0,0.0,0.0,0.0,0.0,1,1,0,0,0,0,0,0.0,2.0
08_2406_rta_08_241015091355_4166---PROTOCOLLO_CONTRO_VIOLENZA_firmato2023.txt,0.0,0.0,0.0,0.0,0.0,0.0,0.0,0.0,0.0,0.0,1,1,0,0,0,0,0,0.0,2.0
03_2406_rta_03_240926122707_4166---ProtocolloReteAntiviolenzaconfirme.txt,0.0,0.0,0.0,0.0,0.0,0.0,0.0,0.0,0.0,0.0,1,1,0,0,0,0,0,0.0,2.0
08_2406_rta_08_241015091330_4166---Protocollo_intesa_autonomia_abitativa_donne_vittime_di_violenza_CittMtrBO.txt,0.0,0.0,0.0,0.0,0.0,0.0,0.0,0.0,0.0,0.0,1,1,0,0,0,0,0,0.0,2.0
09_PISA PREF E PROV.txt,0.0,0.0,0.0,0.0,0.0,0.0,0.0,0.0,0.0,0.0,1,1,0,0,0,0,0,0.0,2.0
18_2406_rta_18_240926102407_4166---ProtocollointesaAISM_CentroLanzino_ReteREDCALABRIA_firmadigitale.txt,0.0,0.0,0.0,0.0,0.0,0.0,0.0,0.0,0.0,0.0,1,0,0,0,0,0,0,0.0,1.0
05_2406_rta_05_240919114041_4166---protocollounicorevisionato2024.txt,0.0,0.0,0.0,0.0,0.0,0.0,0.0,0.0,0.0,0.0,0,0,0,0,0,0,0,0.0,0.0
18_2406_rta_18_240926102706_4166---protocollomondorosa2013.txt,0.0,0.0,0.0,0.0,0.0,0.0,0.0,0.0,0.0,0.0,1,1,0,0,0,0,0,0.0,2.0
07_2406_rta_07_240916163956_4166---DGR477_2022_Protocollo.txt,0.0,0.0,0.0,0.0,0.0,0.0,0.0,0.0,0.0,0.0,1,1,0,0,0,0,0,0.0,2.0
01_2406_rta_01_240909110828_4166---PROTOCOLLOHELP.txt,0.0,0.0,0.0,0.0,0.0,0.0,0.0,0.0,0.0,0.0,0,0,0,0,0,0,0,0.0,0.0
16_terreg_Prot_CGIL - CISL - CONFINDUSTRIA_CAV.txt,0.0,0.0,0.0,0.0,0.0,0.0,0.0,0.0,0.0,0.0,1,1,0,0,0,0,0,0.0,2.0
10_2406_rta_10_250506141901_4166---ProtocollounicoregionaleRINNOVATO.txt,0.0,0.0,0.0,0.0,0.0,0.0,0.0,0.0,0.0,0.0,1,0,0,0,0,0,0,0.0,1.0
08_2406_rta_08_241015091330_4166---Protocollo_intesa_autonomia_abitativa_donne_vittime_di_violenza_CittMtrBO.txt,0.0,0.0,0.0,0.0,0.0,0.0,0.0,0.0,0.0,0.0,1,1,0,0,0,0,0,0.0,2.0
12_2406_rta_12_240926122148_4166---2024.1153010-AccordotralepartiPonteDonna–UnderdogSocialClubCAVMarielleFranco-2(1).txt,0.0,0.0,0.0,0.0,0.0,0.0,0.0,0.0,0.0,0.0,1,1,0,0,0,0,0,0.0,2.0
08_2406_rta_08_241015091621_4166---PROTOCOLLO_22.txt,0.0,0.0,0.0,0.0,0.0,0.0,0.0,0.0,0.0,0.0,1,1,0,1,0,0,1,0.0,4.0
08_2406_rta_08_241015091917_4166---Protocollo2022-2024.txt,0.0,0.0,0.0,0.0,0.0,0.0,0.0,0.0,0.0,0.0,1,1,1,0,0,0,0,0.0,3.0
08_2406_rta_08_241015091621_4166---PROTOCOLLO_22.txt,0.0,0.0,0.0,0.0,0.0,0.0,0.0,0.0,0.0,0.0,1,0,0,0,0,0,0,0.0,1.0
12_2406_rta_12_241008150836_4166---2.prot.txt,0.0,0.0,0.0,0.0,0.0,0.0,0.0,0.0,0.0,0.0,1,1,0,0,0,0,0,0.0,2.0
12_2406_rta_12_240927093424_4166---ProtVMunMerlin.txt,0.0,0.0,0.0,0.0,0.0,0.0,0.0,0.0,0.0,0.0,1,1,0,0,0,0,0,0.0,2.0
03_2406_rta_03_240923111659_4166---ProtocolloantiviolenzaComunediLodi_scansioneconfirme_maggio2014.txt,0.0,0.0,0.0,0.0,0.0,0.0,0.0,0.0,0.0,0.0,1,1,0,0,0,0,0,0.0,2.0
08_2406_rta_08_241015091330_4166---Protocollo_intesa_autonomia_abitativa_donne_vittime_di_violenza_CittMtrBO.txt,0.0,0.0,0.0,0.0,0.0,0.0,0.0,0.0,0.0,0.0,1,1,0,0,0,0,0,0.0,2.0
12_2406_rta_12_240927093424_4166---ProtVMunMerlin.txt,0.0,0.0,0.0,0.0,0.0,0.0,0.0,0.0,0.0,0.0,1,1,0,0,0,0,0,0.0,2.0
08_2406_rta_08_241015091330_4166---Protocollo_intesa_autonomia_abitativa_donne_vittime_di_violenza_CittMtrBO.txt,0.0,0.0,0.0,0.0,0.0,0.0,0.0,0.0,0.0,0.0,1,1,0,0,0,0,0,0.0,2.0
03_2406_rta_03_240923163715_4166---PROTOCOLLOD'INTESA2017_2020.txt,0.0,0.0,0.0,0.0,0.0,0.0,0.0,0.0,0.0,0.0,1,1,0,0,0,0,0,0.0,2.0
12_2406_rta_12_241002105403_4166---2ProtCAVSAPIENZA-HAPPYCOACHINGANDCOUNSELING.txt,0.0,0.0,0.0,0.0,0.0,0.0,0.0,0.0,0.0,0.0,0,0,0,0,0,0,0,0.0,0.0
03_2406_rta_03_240923163715_4166---PROTOCOLLOD'INTESA2017_2020.txt,0.0,0.0,0.0,0.0,0.0,0.0,0.0,0.0,0.0,0.0,1,1,0,0,0,0,0,0.0,2.0
12_2406_rta_12_241003105319_4166---PROTOCOLLODIINTES1_2601def-signed-signed.txt,0.0,0.0,0.0,0.0,0.0,0.0,0.0,0.0,0.0,0.0,0,0,0,0,0,0,0,0.0,0.0
01_2406_rta_01_240909114524_4166---CONVENZIONEUNITO-SPORTANTIVIOLENZA.txt,0.0,0.0,0.0,0.0,0.0,0.0,0.0,0.0,0.0,0.0,0,0,0,0,0,0,0,0.0,0.0
08_2406_rta_08_241015092005_4166---DG216-2024.txt,0.0,0.0,0.0,0.0,0.0,0.0,0.0,0.0,0.0,0.0,1,0,1,0,0,0,0,0.0,2.0
08_2406_rta_08_241015091500_4166---Protocollo_autonomia_lavorativa_def.txt,0.0,0.0,0.0,0.0,0.0,0.0,0.0,0.0,0.0,0.0,1,0,0,0,0,0,0,0.0,1.0
12_2406_rta_12_241002112428_4166---7prot(mancapagina)CAVSAPIENZA-UNIVERSITàPOPOLAREVITAATIVA.txt,0.0,0.0,0.0,0.0,0.0,0.0,0.0,0.0,0.0,0.0,0,0,0,0,0,0,0,0.0,0.0
13_2406_rta_13_241122105540_4166---protocollodirete_vastodonnattiva.txt,0.0,0.0,0.0,0.0,0.0,0.0,0.0,0.0,0.0,0.0,1,1,0,1,0,0,1,0.0,4.0
08_2406_rta_08_241015091500_4166---Protocollo_autonomia_lavorativa_def.txt,0.0,0.0,0.0,0.0,0.0,0.0,0.0,0.0,0.0,0.0,1,1,1,0,0,0,0,0.0,3.0
03_2406_rta_03_240918153156_4166---Protocollo_d'Intesa_Rete_Mantova.prot.txt,0.0,0.0,0.0,0.0,0.0,0.0,0.0,0.0,0.0,0.0,0,0,0,0,0,0,0,0.0,0.0
08_2406_rta_08_241015091621_4166---PROTOCOLLO_22.txt,0.0,0.0,0.0,0.0,0.0,0.0,0.0,0.0,0.0,0.0,1,1,0,0,0,0,0,0.0,2.0
08_2406_rta_08_241015091500_4166---Protocollo_autonomia_lavorativa_def.txt,0.0,0.0,0.0,0.0,0.0,0.0,0.0,0.0,0.0,0.0,1,1,1,0,0,0,0,0.0,3.0
03_2406_rta_03_240923105244_4166---ProtocolloViolenzaMilanoFirme2023.txt,0.0,0.0,0.0,0.0,0.0,0.0,0.0,0.0,0.0,0.0,1,0,0,0,0,0,0,0.0,1.0
09_GROSSETO 2022 fpdf.txt,0.0,0.0,0.0,0.0,0.0,0.0,0.0,0.0,0.0,0.0,0,0,0,0,0,0,0,0.0,0.0
03_2406_rta_03_240923163715_4166---PROTOCOLLOD'INTESA2017_2020.txt,0.0,0.0,0.0,0.0,0.0,0.0,0.0,0.0,0.0,0.0,0,0,0,0,0,1,1,0.0,2.0
01_2406_rta_01_241003113501_4166---CCVD1deliberaprotocolloccvd-2024eall1prot.txt,0.0,0.0,0.0,0.0,0.0,0.0,0.0,0.0,0.0,0.0,1,0,0,0,0,1,1,0.0,3.0
03_2406_rta_03_240923105244_4166---ProtocolloViolenzaMilanoFirme2023.txt,0.0,0.0,0.0,0.0,0.0,0.0,0.0,0.0,0.0,0.0,1,0,0,0,0,0,0,0.0,1.0
03_2406_rta_03_240923105244_4166---ProtocolloViolenzaMilanoFirme2023.txt,0.0,0.0,0.0,0.0,0.0,0.0,0.0,0.0,0.0,0.0,1,0,0,0,0,0,0,0.0,1.0
08_2406_rta_08_241015091430_4166---Protocollo_Distrettuale_Contrasto_violenza_Donne2023.stamped.txt,0.0,0.0,0.0,0.0,0.0,0.0,0.0,0.0,0.0,0.0,1,1,0,0,0,0,0,0.0,2.0
12_2406_rta_12_241004095020_4166---8protCAVPAOLALATTES(ComitatodiQuartiereRebibbia(1).txt,0.0,0.0,0.0,0.0,0.0,0.0,0.0,0.0,0.0,0.0,0,0,0,0,0,0,0,0.0,0.0
18_2406_rta_18_240926102620_4166---protocollopercorsorosa.txt,0.0,0.0,0.0,0.0,0.0,0.0,0.0,0.0,0.0,0.0,1,1,0,0,0,0,0,0.0,2.0
11_2406_rta_11_240911113757_4166---All.4ProtocolloReteAntiviolenzasottoscritto18.12.2023.txt,0.0,0.0,0.0,0.0,0.0,0.0,0.0,0.0,0.0,0.0,0,1,0,0,0,0,0,0.0,1.0
12_2406_rta_12_241004094402_4166---7ProtCAVPAOLALATTESAPSedIlComitatodiQuartiere“ComprensorioPratolungo(1).txt,0.0,0.0,0.0,0.0,0.0,0.0,0.0,0.0,0.0,0.0,1,1,0,0,0,0,0,0.0,2.0
18_2406_rta_18_240926102620_4166---protocollopercorsorosa.txt,0.0,0.0,0.0,0.0,0.0,0.0,0.0,0.0,0.0,0.0,1,1,0,0,0,0,0,0.0,2.0
08_2406_rta_08_241015091621_4166---PROTOCOLLO_22.txt,0.0,0.0,0.0,0.0,0.0,0.0,0.0,0.0,0.0,0.0,1,0,0,0,0,0,0,0.0,1.0
18_2406_rta_18_240926102620_4166---protocollopercorsorosa.txt,0.0,0.0,0.0,0.0,0.0,0.0,0.0,0.0,0.0,0.0,1,1,0,0,0,0,0,0.0,2.0
18_2406_rta_18_240926102620_4166---protocollopercorsorosa.txt,0.0,0.0,0.0,0.0,0.0,0.0,0.0,0.0,0.0,0.0,1,1,0,0,0,0,0,0.0,2.0
20_2406_rta_20_250620094616_4166---Delibera52-22del23.12.2024-Allegato1.txt,0.0,0.0,0.0,0.0,0.0,0.0,0.0,0.0,0.0,0.0,1,1,0,0,0,0,0,0.0,2.0
18_2406_rta_18_240926102620_4166---protocollopercorsorosa.txt,0.0,0.0,0.0,0.0,0.0,0.0,0.0,0.0,0.0,0.0,1,1,0,0,0,0,0,0.0,2.0
11_2406_rta_11_240911113757_4166---All.4ProtocolloReteAntiviolenzasottoscritto18.12.2023.txt,0.0,0.0,0.0,0.0,0.0,0.0,0.0,0.0,0.0,0.0,0,0,0,0,0,0,0,0.0,0.0
12_2406_rta_12_241007235530_4166---ProtocolloconilComunediPastena.txt,0.0,0.0,0.0,0.0,0.0,0.0,0.0,0.0,0.0,0.0,0,0,0,0,0,0,0,0.0,0.0
18_2406_rta_18_240926102620_4166---protocollopercorsorosa.txt,0.0,0.0,0.0,0.0,0.0,0.0,0.0,0.0,0.0,0.0,1,1,0,0,0,0,0,0.0,2.0
12_2406_rta_12_241004144338_4166---06-ProtocolloComunediVALLECORSA.txt,0.0,0.0,0.0,0.0,0.0,0.0,0.0,0.0,0.0,0.0,0,0,0,0,0,0,0,0.0,0.0
20_2406_rta_20_250620094616_4166---Delibera52-22del23.12.2024-Allegato1.txt,0.0,0.0,0.0,0.0,0.0,0.0,0.0,0.0,0.0,0.0,1,1,0,0,0,0,0,0.0,2.0
08_2406_rta_08_241015091553_4166---Protocollosullaviolenzadigenere_confirme_prot.txt,0.0,0.0,0.0,0.0,0.0,0.0,0.0,0.0,0.0,0.0,0,0,0,0,0,0,0,0.0,0.0
16_bat_convenzione CAV - ASL BT.txt,0.0,0.0,0.0,0.0,0.0,0.0,0.0,0.0,0.0,0.0,0,0,0,0,0,0,0,0.0,0.0
18_2406_rta_18_240926102620_4166---protocollopercorsorosa.txt,0.0,0.0,0.0,0.0,0.0,0.0,0.0,0.0,0.0,0.0,1,1,0,0,0,0,0,0.0,2.0
18_2406_rta_18_240926102620_4166---protocollopercorsorosa.txt,0.0,0.0,0.0,0.0,0.0,0.0,0.0,0.0,0.0,0.0,1,1,0,0,0,0,0,0.0,2.0
12_2406_rta_12_241004091505_4166---4ProtCAVPAOLALATTESEnjoi(2).txt,0.0,0.0,0.0,0.0,0.0,0.0,0.0,0.0,0.0,0.0,1,1,0,0,0,0,0,0.0,2.0
12_2406_rta_12_241007235530_4166---ProtocolloconilComunediPastena.txt,0.0,0.0,0.0,0.0,0.0,0.0,0.0,0.0,0.0,0.0,0,0,0,0,0,0,0,0.0,0.0
12_2406_rta_12_241007224201_4166---ProtocolloConilComunediARCE.txt,0.0,0.0,0.0,0.0,0.0,0.0,0.0,0.0,0.0,0.0,0,0,0,0,0,0,0,0.0,0.0
11_2406_rta_11_240911113235_4166---MacerataProtocollo2019_2022Firmato.txt,0.0,0.0,0.0,0.0,0.0,0.0,0.0,0.0,0.0,0.0,1,1,0,0,0,0,0,0.0,2.0
12_2406_rta_12_241004141331_4166---ConvenzioneconilComunediCECCANO.txt,0.0,0.0,0.0,0.0,0.0,0.0,0.0,0.0,0.0,0.0,0,0,0,0,0,0,0,0.0,0.0
12_2406_rta_12_241004145702_4166---08-ProtocolloComunediFalvaterra.txt,0.0,0.0,0.0,0.0,0.0,0.0,0.0,0.0,0.0,0.0,0,0,0,0,0,0,0,0.0,0.0
18_2406_rta_18_240926102620_4166---protocollopercorsorosa.txt,0.0,0.0,0.0,0.0,0.0,0.0,0.0,0.0,0.0,0.0,1,1,0,0,0,0,0,0.0,2.0
01_2406_rta_01_240920112211_4166---367772-4-Protocollo_intesa_Completo.txt,0.0,0.0,0.0,0.0,0.0,0.0,0.0,0.0,0.0,0.0,0,0,0,0,0,0,0,0.0,0.0
12_2406_rta_12_241003104626_4166---PROTOCOLLODIINTESAMUNICIPIOXV.txt,0.0,0.0,0.0,0.0,0.0,0.0,0.0,0.0,0.0,0.0,0,0,0,0,0,0,0,0.0,0.0
03_2406_rta_03_240923165401_4166---PROTOCOLLODIrete2020-2023_rev2confirmescan.txt,0.0,0.0,0.0,0.0,0.0,0.0,0.0,0.0,0.0,0.0,1,0,0,0,0,0,0,0.0,1.0
03_2406_rta_03_240923163715_4166---PROTOCOLLOD'INTESA2017_2020.txt,0.0,0.0,0.0,0.0,0.0,0.0,0.0,0.0,0.0,0.0,1,1,0,0,0,0,0,0.0,2.0
03_2406_rta_03_240923111659_4166---ProtocolloantiviolenzaComunediLodi_scansioneconfirme_maggio2014.txt,0.0,0.0,0.0,0.0,0.0,0.0,0.0,0.0,0.0,0.0,1,1,1,0,0,0,0,0.0,3.0
03_2406_rta_03_240920124656_4166---ProtocolloantiviolenzaDEFINITIVO(1).txt,0.0,0.0,0.0,0.0,0.0,0.0,0.0,0.0,0.0,0.0,1,1,0,0,0,0,0,0.0,2.0
03_2406_rta_03_240926123135_4166---ProtocollodiRete.txt,0.0,0.0,0.0,0.0,0.0,0.0,0.0,0.0,0.0,0.0,1,1,0,0,0,0,0,0.0,2.0
12_2406_rta_12_241004114912_4166---ProtocolloRetePrantiviolenzaFrosinone.txt,0.0,0.0,0.0,0.0,0.0,0.0,0.0,0.0,0.0,0.0,0,0,0,0,0,0,0,0.0,0.0
08_2406_rta_08_241015091330_4166---Protocollo_intesa_autonomia_abitativa_donne_vittime_di_violenza_CittMtrBO.txt,0.0,0.0,0.0,0.0,0.0,0.0,0.0,0.0,0.0,0.0,1,0,0,0,0,0,0,0.0,1.0
12_2406_rta_12_240927093424_4166---ProtVMunMerlin.txt,0.0,0.0,0.0,0.0,0.0,0.0,0.0,0.0,0.0,0.0,1,1,0,0,0,0,0,0.0,2.0
12_2406_rta_12_241004091505_4166---4ProtCAVPAOLALATTESEnjoi(2).txt,0.0,0.0,0.0,0.0,0.0,0.0,0.0,0.0,0.0,0.0,0,0,0,0,0,1,1,0.0,2.0
08_2406_rta_08_241015091832_4166---P.G.111546-2023PROTOCOLLOOPERATIVOFENOMENOVIOLENZADONNE(1).txt,0.0,0.0,0.0,0.0,0.0,0.0,0.0,0.0,0.0,0.0,1,1,0,0,0,0,0,0.0,2.0
01_2406_rta_01_240924140705_4166---LesConvenzionecoprogettazione.txt,0.0,0.0,0.0,0.0,0.0,0.0,0.0,0.0,0.0,0.0,1,1,0,0,0,0,0,0.0,2.0
12_2406_rta_12_241008150442_4166---1.Protocollo.txt,0.0,0.0,0.0,0.0,0.0,0.0,0.0,0.0,0.0,0.0,1,1,0,1,0,0,1,0.0,4.0
12_2406_rta_12_241009125120_4166---6.accordo.txt,0.0,0.0,0.0,0.0,0.0,0.0,0.0,0.0,0.0,0.0,1,0,0,0,0,0,0,0.0,1.0
12_2406_rta_12_241004101038_4166---911protCAVPAOLALATTESAssociazioneGliAmicidiRobertoOdV(1).txt,0.0,0.0,0.0,0.0,0.0,0.0,0.0,0.0,0.0,0.0,0,0,0,0,0,0,0,0.0,0.0
12_2406_rta_12_241004101038_4166---911protCAVPAOLALATTESAssociazioneGliAmicidiRobertoOdV(1).txt,0.0,0.0,0.0,0.0,0.0,0.0,0.0,0.0,0.0,0.0,0,0,0,0,0,0,0,0.0,0.0
12_2406_rta_12_241003091037_4166---5Protocollid'intesa-Ass.Salvamamme(002).txt,0.0,0.0,0.0,0.0,0.0,0.0,0.0,0.0,0.0,0.0,1,0,0,0,0,0,0,0.0,1.0
12_2406_rta_12_241003095202_4166---8ProtocolloUIL.txt,0.0,0.0,0.0,0.0,0.0,0.0,0.0,0.0,0.0,0.0,1,0,0,0,0,0,0,0.0,1.0
09_PISTOIA PROV .txt,0.0,0.0,0.0,0.0,0.0,0.0,0.0,0.0,0.0,0.0,0,1,0,0,0,0,0,0.0,1.0
01_2406_rta_01_240909114524_4166---CONVENZIONEUNITO-SPORTANTIVIOLENZA.txt,0.0,0.0,0.0,0.0,0.0,0.0,0.0,0.0,0.0,0.0,1,0,0,0,0,1,1,0.0,3.0
12_2406_rta_12_241002130504_4166---3Protocollid'intesa-TavoloInteristituzionaletraUfficiGiudiziaricompetentinelcircondariodiRomaavvocaturaecentriantiviolenza(1).txt,0.0,0.0,0.0,0.0,0.0,0.0,0.0,0.0,0.0,0.0,0,0,0,0,0,0,0,0.0,0.0
09_APUANE_2015 Protocollo Prefettura.txt,0.0,0.0,0.0,0.0,0.0,0.0,0.0,0.0,0.0,0.0,0,0,0,0,0,1,1,0.0,2.0
13_2406_rta_13_241122101453_4166---ProtocollodiRete_AlphaChieti.txt,0.0,0.0,0.0,0.0,0.0,0.0,0.0,0.0,0.0,0.0,1,1,1,0,0,0,0,0.0,3.0
13_2406_rta_13_241122101453_4166---ProtocollodiRete_AlphaChieti.txt,0.0,0.0,0.0,0.0,0.0,0.0,0.0,0.0,0.0,0.0,1,0,0,0,0,0,0,0.0,1.0
03_2406_rta_03_240923171949_4166---PROTOCOLLOD'INTESARETETERRITORIALEANTIVIOLENZAVALLETROMPIA2024.txt,0.0,0.0,0.0,0.0,0.0,0.0,0.0,0.0,0.0,0.0,1,1,1,0,0,1,1,0.0,5.0
08_2406_rta_08_241015091330_4166---Protocollo_intesa_autonomia_abitativa_donne_vittime_di_violenza_CittMtrBO.txt,0.0,0.0,0.0,0.0,0.0,0.0,0.0,0.0,0.0,0.0,1,1,0,0,0,0,0,0.0,2.0
12_2406_rta_12_241004090303_4166---2ProtCAVPAOLALATTESTorraccia(1).txt,0.0,0.0,0.0,0.0,0.0,0.0,0.0,0.0,0.0,0.0,0,0,0,0,0,0,0,0.0,0.0
01_2406_rta_01_240909113151_4166---CONVENZIONERIVOLI.txt,0.0,0.0,0.0,0.0,0.0,0.0,0.0,0.0,0.0,0.0,0,0,0,0,0,0,0,0.0,0.0
03_2406_rta_03_240923171949_4166---PROTOCOLLOD'INTESARETETERRITORIALEANTIVIOLENZAVALLETROMPIA2024.txt,0.0,0.0,0.0,0.0,0.0,0.0,0.0,0.0,0.0,0.0,1,0,0,0,0,0,0,0.0,1.0
03_2406_rta_03_240923171949_4166---PROTOCOLLOD'INTESARETETERRITORIALEANTIVIOLENZAVALLETROMPIA2024.txt,0.0,0.0,0.0,0.0,0.0,0.0,0.0,0.0,0.0,0.0,1,1,0,0,0,0,0,0.0,2.0
12_2406_rta_12_241003113710_4166---Accordodicollaborazione_CREDICI.txt,0.0,0.0,0.0,0.0,0.0,0.0,0.0,0.0,0.0,0.0,1,1,0,0,0,0,0,0.0,2.0
01_2406_rta_01_241003113501_4166---CCVD1deliberaprotocolloccvd-2024eall1prot.txt,0.0,0.0,0.0,0.0,0.0,0.0,0.0,0.0,0.0,0.0,0,0,0,1,0,0,1,0.0,2.0
16_bari_Protocollo Gioia del Colle_ATS_Rete locale.txt,0.0,0.0,0.0,0.0,0.0,0.0,0.0,0.0,0.0,0.0,1,0,0,0,0,0,0,0.0,1.0
08_2406_rta_08_241015091500_4166---Protocollo_autonomia_lavorativa_def.txt,0.0,0.0,0.0,0.0,0.0,0.0,0.0,0.0,0.0,0.0,0,0,0,0,0,0,0,0.0,0.0
03_2406_rta_03_240923163715_4166---PROTOCOLLOD'INTESA2017_2020.txt,0.0,0.0,0.0,0.0,0.0,0.0,0.0,0.0,0.0,0.0,0,0,0,0,0,1,1,0.0,2.0
11_2406_rta_11_240911113911_4166---AscoliPPROTOCOLLOoperativo_2019_2021.txt,0.0,0.0,0.0,0.0,0.0,0.0,0.0,0.0,0.0,0.0,0,0,0,0,0,1,1,0.0,2.0
01_2406_rta_01_241003113501_4166---CCVD1deliberaprotocolloccvd-2024eall1prot.txt,0.0,0.0,0.0,0.0,0.0,0.0,0.0,0.0,0.0,0.0,1,0,0,0,0,0,0,0.0,1.0
13_2406_rta_13_241122104428_4166---Protocollorete_ortonaCAVconsultoriodiocesano.txt,0.0,0.0,0.0,0.0,0.0,0.0,0.0,0.0,0.0,0.0,0,0,0,0,0,0,0,0.0,0.0
12_2406_rta_12_241008112319_4166---protocollo25.11.2023.txt,0.0,0.0,0.0,0.0,0.0,0.0,0.0,0.0,0.0,0.0,1,0,1,0,0,0,0,0.0,2.0
16_2406_rta_16_250410122122_4166---Protocollo_Viola.txt,0.0,0.0,0.0,0.0,0.0,0.0,0.0,0.0,0.0,0.0,1,1,0,0,0,0,0,0.0,2.0
16_2406_rta_16_250410122122_4166---Protocollo_Viola.txt,0.0,0.0,0.0,0.0,0.0,0.0,0.0,0.0,0.0,0.0,1,1,0,0,0,0,0,0.0,2.0
18_2406_rta_18_240926102706_4166---protocollomondorosa2013.txt,0.0,0.0,0.0,0.0,0.0,0.0,0.0,0.0,0.0,0.0,1,1,0,0,0,0,0,0.0,2.0
12_2406_rta_12_241004092644_4166---5potCAVPAOLALATTESnantes(1).txt,0.0,0.0,0.0,0.0,0.0,0.0,0.0,0.0,0.0,0.0,0,0,0,0,0,0,0,0.0,0.0
12_2406_rta_12_241004135803_4166---03-ConvenzioneTribunaleOrdinariodiFrosinone.txt,0.0,0.0,0.0,0.0,0.0,0.0,0.0,0.0,0.0,0.0,0,0,0,0,0,0,0,0.0,0.0
08_2406_rta_08_241015091430_4166---Protocollo_Distrettuale_Contrasto_violenza_Donne2023.stamped.txt,0.0,0.0,0.0,0.0,0.0,0.0,0.0,0.0,0.0,0.0,0,0,0,0,0,0,0,0.0,0.0
08_2406_rta_08_241015091621_4166---PROTOCOLLO_22.txt,0.0,0.0,0.0,0.0,0.0,0.0,0.0,0.0,0.0,0.0,0,0,0,0,0,0,0,0.0,0.0
13_2406_rta_13_241122103901_4166---Protocollirete_ortonaelancianoCAVdonn.ÿ.txt,0.0,0.0,0.0,0.0,0.0,0.0,0.0,0.0,0.0,0.0,1,1,1,0,0,0,0,0.0,3.0
06_2406_rta_06_240916164258_4166---Protocolloviolenzadomesticaedigenere_30.09.2019.txt,0.0,0.0,0.0,0.0,0.0,0.0,0.0,0.0,0.0,0.0,0,1,0,0,0,0,0,0.0,1.0
03_2406_rta_03_240925144919_4166---RETEDICOMO-PROTOCOLLOINTERIST.17novembre2023(1).txt,0.0,0.0,0.0,0.0,0.0,0.0,0.0,0.0,0.0,0.0,1,1,1,0,0,0,0,0.0,3.0
03_2406_rta_03_240918153252_4166---Protocollo+Appendice+LineeGuida_Datatodafirmare.txt,0.0,0.0,0.0,0.0,0.0,0.0,0.0,0.0,0.0,0.0,1,1,0,0,0,0,0,0.0,2.0
03_2406_rta_03_240918153252_4166---Protocollo+Appendice+LineeGuida_Datatodafirmare.txt,0.0,0.0,0.0,0.0,0.0,0.0,0.0,0.0,0.0,0.0,1,1,1,0,0,0,0,0.0,3.0
16_2406_rta_16_250410122122_4166---Protocollo_Viola.txt,0.0,0.0,0.0,0.0,0.0,0.0,0.0,0.0,0.0,0.0,1,1,0,0,0,0,0,0.0,2.0
03_2406_rta_03_240925144919_4166---RETEDICOMO-PROTOCOLLOINTERIST.17novembre2023(1).txt,0.0,0.0,0.0,0.0,0.0,0.0,0.0,0.0,0.0,0.0,0,0,0,0,0,0,0,0.0,0.0
18_2406_rta_18_240926102706_4166---protocollomondorosa2013.txt,0.0,0.0,0.0,0.0,0.0,0.0,0.0,0.0,0.0,0.0,1,1,0,0,0,0,0,0.0,2.0
03_2406_rta_03_240923103647_4166---protocolloreteantiviolenzacinisello2019(1).txt,0.0,0.0,0.0,0.0,0.0,0.0,0.0,0.0,0.0,0.0,1,0,0,0,0,0,0,0.0,1.0
13_2406_rta_13_241122101453_4166---ProtocollodiRete_AlphaChieti.txt,0.0,0.0,0.0,0.0,0.0,0.0,0.0,0.0,0.0,0.0,1,1,0,0,0,0,0,0.0,2.0
13_2406_rta_13_241122101453_4166---ProtocollodiRete_AlphaChieti.txt,0.0,0.0,0.0,0.0,0.0,0.0,0.0,0.0,0.0,0.0,1,1,1,0,0,0,0,0.0,3.0
05_2406_rta_05_240917141534_4166---protocollodiretefirmato.txt,0.0,0.0,0.0,0.0,0.0,0.0,0.0,0.0,0.0,0.0,0,0,0,0,0,0,0,0.0,0.0
13_2406_rta_13_241122103901_4166---Protocollirete_ortonaelancianoCAVdonn.ÿ.txt,0.0,0.0,0.0,0.0,0.0,0.0,0.0,0.0,0.0,0.0,1,1,1,0,0,0,0,0.0,3.0
08_2406_rta_08_241015091553_4166---Protocollosullaviolenzadigenere_confirme_prot.txt,0.0,0.0,0.0,0.0,0.0,0.0,0.0,0.0,0.0,0.0,1,1,0,0,0,0,0,0.0,2.0
05_2406_rta_05_240917141534_4166---protocollodiretefirmato.txt,0.0,0.0,0.0,0.0,0.0,0.0,0.0,0.0,0.0,0.0,0,0,0,0,0,0,0,0.0,0.0
12_2406_rta_12_241004144338_4166---06-ProtocolloComunediVALLECORSA.txt,0.0,0.0,0.0,0.0,0.0,0.0,0.0,0.0,0.0,0.0,0,0,0,0,0,0,0,0.0,0.0
03_2406_rta_03_240925144919_4166---RETEDICOMO-PROTOCOLLOINTERIST.17novembre2023(1).txt,0.0,0.0,0.0,0.0,0.0,0.0,0.0,0.0,0.0,0.0,1,1,1,0,0,0,0,0.0,3.0
12_2406_rta_12_240926143343_4166---2.1protocolloIntegra-CavMerlin(1).txt,0.0,0.0,0.0,0.0,0.0,0.0,0.0,0.0,0.0,0.0,0,0,0,0,0,0,0,0.0,0.0
12_2406_rta_12_241003101925_4166---ProtocolloFormazioneObiettivoUomo.txt,0.0,0.0,0.0,0.0,0.0,0.0,0.0,0.0,0.0,0.0,0,0,0,0,0,0,0,0.0,0.0
12_2406_rta_12_241003112247_4166---Accordodicollaborazione_CREDICI.txt,0.0,0.0,0.0,0.0,0.0,0.0,0.0,0.0,0.0,0.0,1,1,0,0,0,0,0,0.0,2.0
12_2406_rta_12_241004141331_4166---ConvenzioneconilComunediCECCANO.txt,0.0,0.0,0.0,0.0,0.0,0.0,0.0,0.0,0.0,0.0,0,0,0,0,0,0,0,0.0,0.0
12_2406_rta_12_241004090846_4166---3protCAVPAOLALATTESgenitoriperlascuola(1).txt,0.0,0.0,0.0,0.0,0.0,0.0,0.0,0.0,0.0,0.0,0,0,0,0,0,0,0,0.0,0.0
12_2406_rta_12_241003111748_4166---ACCORDOMUNICIPIOROMAVeDIPPARIOPPROMACAPITALE_DD.txt,0.0,0.0,0.0,0.0,0.0,0.0,0.0,0.0,0.0,0.0,1,0,0,0,0,0,0,0.0,1.0
12_2406_rta_12_241002110904_4166---5protCAVSAPIENZA-RUOTALIBERACOOPERATIVASOCIALE.txt,0.0,0.0,0.0,0.0,0.0,0.0,0.0,0.0,0.0,0.0,0,0,0,0,0,0,0,0.0,0.0
12_2406_rta_12_241003112247_4166---Accordodicollaborazione_CREDICI.txt,0.0,0.0,0.0,0.0,0.0,0.0,0.0,0.0,0.0,0.0,1,1,0,0,0,0,0,0.0,2.0
18_2406_rta_18_240926102407_4166---ProtocollointesaAISM_CentroLanzino_ReteREDCALABRIA_firmadigitale.txt,0.0,0.0,0.0,0.0,0.0,0.0,0.0,0.0,0.0,0.0,0,0,0,0,0,0,0,0.0,0.0
03_2406_rta_03_240923101524_4166---PROTOCOLLO_DI_INTESA_versione_DEFINITIVA2021.stamped.txt,0.0,0.0,0.0,0.0,0.0,0.0,0.0,0.0,0.0,0.0,1,1,1,0,0,0,0,0.0,3.0
12_2406_rta_12_241003101925_4166---ProtocolloFormazioneObiettivoUomo.txt,0.0,0.0,0.0,0.0,0.0,0.0,0.0,0.0,0.0,0.0,0,0,0,0,0,0,0,0.0,0.0
20_2406_rta_20_250620094616_4166---Delibera52-22del23.12.2024-Allegato1.txt,0.0,0.0,0.0,0.0,0.0,0.0,0.0,0.0,0.0,0.0,1,1,0,0,0,0,0,0.0,2.0
06_2406_rta_06_240916164153_4166---protocolloprefettura.txt,0.0,0.0,0.0,0.0,0.0,0.0,0.0,0.0,0.0,0.0,1,1,0,0,0,0,0,0.0,2.0
03_2406_rta_03_240918153240_4166---Protocollod'intesaperl'IstituzionediunSistemaTerritorialeAntiviolenzainReteconAddendumSindacati.txt,0.0,0.0,0.0,0.0,0.0,0.0,0.0,0.0,0.0,0.0,1,0,0,0,0,0,0,0.0,1.0
03_2406_rta_03_240923101524_4166---PROTOCOLLO_DI_INTESA_versione_DEFINITIVA2021.stamped.txt,0.0,0.0,0.0,0.0,0.0,0.0,0.0,0.0,0.0,0.0,1,1,0,0,0,0,0,0.0,2.0
16_bari_protocollo operativo Putignano_EMI.txt,0.0,0.0,0.0,0.0,0.0,0.0,0.0,0.0,0.0,0.0,0,0,0,0,0,0,0,0.0,0.0
16_bari_protocollo operativo Mola di Bari_rete Antiviolenza.txt,0.0,0.0,0.0,0.0,0.0,0.0,0.0,0.0,0.0,0.0,1,0,0,0,0,0,0,0.0,1.0
16_lecce_Protocollo Operativo - Procedure integrate per la prevenzione e il contrasto alla violenza contro donne e minori - Copia_Marcato.txt,0.0,0.0,0.0,0.0,0.0,0.0,0.0,0.0,0.0,0.0,1,0,0,0,0,0,0,0.0,1.0
18_2406_rta_18_240926102407_4166---ProtocollointesaAISM_CentroLanzino_ReteREDCALABRIA_firmadigitale.txt,0.0,0.0,0.0,0.0,0.0,0.0,0.0,0.0,0.0,0.0,0,0,0,0,0,0,0,0.0,0.0
12_2406_rta_12_241002114038_4166---1protCAVTITANO-8-10DidascoSoc.Coop.Soc.txt,0.0,0.0,0.0,0.0,0.0,0.0,0.0,0.0,0.0,0.0,0,0,0,0,0,0,0,0.0,0.0
12_2406_rta_12_241003101925_4166---ProtocolloFormazioneObiettivoUomo.txt,0.0,0.0,0.0,0.0,0.0,0.0,0.0,0.0,0.0,0.0,0,0,0,0,0,0,0,0.0,0.0
12_2406_rta_12_241003101925_4166---ProtocolloFormazioneObiettivoUomo.txt,0.0,0.0,0.0,0.0,0.0,0.0,0.0,0.0,0.0,0.0,0,0,0,0,0,0,0,0.0,0.0
12_2406_rta_12_241003101925_4166---ProtocolloFormazioneObiettivoUomo.txt,0.0,0.0,0.0,0.0,0.0,0.0,0.0,0.0,0.0,0.0,0,0,0,0,0,0,0,0.0,0.0
12_2406_rta_12_240926133706_4166---STAR.txt,0.0,0.0,0.0,0.0,0.0,0.0,0.0,0.0,0.0,0.0,0,0,0,0,0,0,0,0.0,0.0
05_2406_rta_05_240919114041_4166---protocollounicorevisionato2024.txt,0.0,0.0,0.0,0.0,0.0,0.0,0.0,0.0,0.0,0.0,1,1,0,0,0,0,0,0.0,2.0
01_2406_rta_01_241002150739_4166---DeliberaCostituzioneOsservatorioSaluteDonne.txt,0.0,0.0,0.0,0.0,0.0,0.0,0.0,0.0,0.0,0.0,1,0,0,0,0,0,0,0.0,1.0
06_2406_rta_06_240916164258_4166---Protocolloviolenzadomesticaedigenere_30.09.2019.txt,0.0,0.0,0.0,0.0,0.0,0.0,0.0,0.0,0.0,0.0,0,1,0,0,0,0,0,0.0,1.0
09_FIRENZE Linee-di-indirizzo2024.txt,0.0,0.0,0.0,0.0,0.0,0.0,0.0,0.0,0.0,0.0,1,0,0,0,0,0,0,0.0,1.0
12_2406_rta_12_241004145108_4166---07-ProtocolloCONilComunediVILLASANTOSTEFANO.txt,0.0,0.0,0.0,0.0,0.0,0.0,0.0,0.0,0.0,0.0,0,0,0,0,0,0,0,0.0,0.0
16_2406_rta_16_250410122122_4166---Protocollo_Viola.txt,0.0,0.0,0.0,0.0,0.0,0.0,0.0,0.0,0.0,0.0,0,0,0,0,0,0,0,0.0,0.0
05_2406_rta_05_240919114041_4166---protocollounicorevisionato2024.txt,0.0,0.0,0.0,0.0,0.0,0.0,0.0,0.0,0.0,0.0,1,1,0,0,0,0,0,0.0,2.0
03_2406_rta_03_240926122707_4166---ProtocolloReteAntiviolenzaconfirme.txt,0.0,0.0,0.0,0.0,0.0,0.0,0.0,0.0,0.0,0.0,1,1,0,0,0,0,0,0.0,2.0
13_2406_rta_13_241122105540_4166---protocollodirete_vastodonnattiva.txt,0.0,0.0,0.0,0.0,0.0,0.0,0.0,0.0,0.0,0.0,0,0,0,0,0,0,0,0.0,0.0
18_2406_rta_18_240926102706_4166---protocollomondorosa2013.txt,0.0,0.0,0.0,0.0,0.0,0.0,0.0,0.0,0.0,0.0,1,1,0,0,0,0,0,0.0,2.0
03_2406_rta_03_240923103647_4166---protocolloreteantiviolenzacinisello2019(1).txt,0.0,0.0,0.0,0.0,0.0,0.0,0.0,0.0,0.0,0.0,1,0,0,0,0,0,0,0.0,1.0
01_2406_rta_01_240909114524_4166---CONVENZIONEUNITO-SPORTANTIVIOLENZA.txt,0.0,0.0,0.0,0.0,0.0,0.0,0.0,0.0,0.0,0.0,0,0,0,0,1,0,1,0.0,2.0
16_2406_rta_16_250409174252_4166---Protocollo_Intesa_LARA.txt,0.0,0.0,0.0,0.0,0.0,0.0,0.0,0.0,0.0,0.0,0,0,0,0,0,0,0,0.0,0.0
16_2406_rta_16_250410122122_4166---Protocollo_Viola.txt,0.0,0.0,0.0,0.0,0.0,0.0,0.0,0.0,0.0,0.0,1,1,0,0,0,0,0,0.0,2.0
09_SENESE Delibera-n.1196-del-24-10-2022-allegato-a_SENESE_2.txt,0.0,0.0,0.0,0.0,0.0,0.0,0.0,0.0,0.0,0.0,0,0,0,0,0,1,1,0.0,2.0
01_2406_rta_01_240909114524_4166---CONVENZIONEUNITO-SPORTANTIVIOLENZA.txt,0.0,0.0,0.0,0.0,0.0,0.0,0.0,0.0,0.0,0.0,0,0,0,0,1,0,1,0.0,2.0
01_2406_rta_01_240909114524_4166---CONVENZIONEUNITO-SPORTANTIVIOLENZA.txt,0.0,0.0,0.0,0.0,0.0,0.0,0.0,0.0,0.0,0.0,0,0,0,0,1,0,1,0.0,2.0
12_2406_rta_12_241004093800_4166---6protCavPaolaLattesComitatodiQuartiere“CittadinidiColliAniene.txt,0.0,0.0,0.0,0.0,0.0,0.0,0.0,0.0,0.0,0.0,1,1,0,0,0,0,0,0.0,2.0
12_2406_rta_12_241004095020_4166---8protCAVPAOLALATTES(ComitatodiQuartiereRebibbia(1).txt,0.0,0.0,0.0,0.0,0.0,0.0,0.0,0.0,0.0,0.0,1,1,0,0,0,0,0,0.0,2.0
12_2406_rta_12_241001133138_4166---1protCAVSAPIENZA-COMITATODIQUARTIERESANLORENZO(1).txt,0.0,0.0,0.0,0.0,0.0,0.0,0.0,0.0,0.0,0.0,1,1,0,0,0,0,0,0.0,2.0
12_2406_rta_12_241004103912_4166---9protCAVPAOLALATTESComitatodiQuartiereTorraccia(1).txt,0.0,0.0,0.0,0.0,0.0,0.0,0.0,0.0,0.0,0.0,1,1,0,0,0,0,0,0.0,2.0
01_2406_rta_01_241003113501_4166---CCVD1deliberaprotocolloccvd-2024eall1prot.txt,0.0,0.0,0.0,0.0,0.0,0.0,0.0,0.0,0.0,0.0,1,0,0,0,0,1,1,0.0,3.0
01_2406_rta_01_241003113501_4166---CCVD1deliberaprotocolloccvd-2024eall1prot.txt,0.0,0.0,0.0,0.0,0.0,0.0,0.0,0.0,0.0,0.0,0,0,0,0,0,0,0,0.0,0.0
07_2406_rta_07_240916163933_4166---sub_14574431199510849525_Protocollo_LVLS-signed.txt,0.0,0.0,0.0,0.0,0.0,0.0,0.0,0.0,0.0,0.0,0,0,0,0,0,0,0,0.0,0.0
03_2406_rta_03_240923105244_4166---ProtocolloViolenzaMilanoFirme2023.txt,0.0,0.0,0.0,0.0,0.0,0.0,0.0,0.0,0.0,0.0,1,1,0,0,0,0,0,0.0,2.0
18_2406_rta_18_240926102259_4166---Protocollod’intesaperlaprotezioneel’assistenzadellevittimediviolenzadigenererichiedentiasilo.txt,0.0,0.0,0.0,0.0,0.0,0.0,0.0,0.0,0.0,0.0,1,1,0,0,0,0,0,0.0,2.0
12_2406_rta_12_241004113737_4166---AccordodicollaborazioneArteinsieme.txt,0.0,0.0,0.0,0.0,0.0,0.0,0.0,0.0,0.0,0.0,0,0,0,0,0,0,0,0.0,0.0
05_2406_rta_05_240916173648_4166---ULSS5Polesana_Protocollodirete.txt,0.0,0.0,0.0,0.0,0.0,0.0,0.0,0.0,0.0,0.0,0,0,0,0,0,0,0,0.0,0.0
18_2406_rta_18_240926102943_4166---schemaAccordoCollaborazione499ARIEL_signed.txt,0.0,0.0,0.0,0.0,0.0,0.0,0.0,0.0,0.0,0.0,0,0,0,0,1,0,1,0.0,2.0
01_2406_rta_01_241002150739_4166---DeliberaCostituzioneOsservatorioSaluteDonne.txt,0.0,0.0,0.0,0.0,0.0,0.0,0.0,0.0,0.0,0.0,0,0,0,0,0,0,0,0.0,0.0
08_2406_rta_08_241015092024_4166---Protocollooperativo.txt,0.0,0.0,0.0,0.0,0.0,0.0,0.0,0.0,0.0,0.0,1,0,0,0,0,0,0,0.0,1.0
13_2406_rta_13_241122101453_4166---ProtocollodiRete_AlphaChieti.txt,0.0,0.0,0.0,0.0,0.0,0.0,0.0,0.0,0.0,0.0,1,1,0,0,0,0,0,0.0,2.0
03_2406_rta_03_240918153252_4166---Protocollo+Appendice+LineeGuida_Datatodafirmare.txt,0.0,0.0,0.0,0.0,0.0,0.0,0.0,0.0,0.0,0.0,1,1,0,0,0,0,0,0.0,2.0
03_2406_rta_03_240918153240_4166---Protocollod'intesaperl'IstituzionediunSistemaTerritorialeAntiviolenzainReteconAddendumSindacati.txt,0.0,0.0,0.0,0.0,0.0,0.0,0.0,0.0,0.0,0.0,1,0,0,0,0,0,0,0.0,1.0
06_2406_rta_06_240916164122_4166---prot_n_0119980_2024_Accordo(firmato).txt,0.0,0.0,0.0,0.0,0.0,0.0,0.0,0.0,0.0,0.0,0,0,0,0,0,0,0,0.0,0.0
12_2406_rta_12_241008103001_4166---16-Convenzioneconl'UniversitàECAMPUS.txt,0.0,0.0,0.0,0.0,0.0,0.0,0.0,0.0,0.0,0.0,0,0,0,0,0,0,0,0.0,0.0
08_2406_rta_08_241015091355_4166---PROTOCOLLO_CONTRO_VIOLENZA_firmato2023.txt,0.0,0.0,0.0,0.0,0.0,0.0,0.0,0.0,0.0,0.0,0,0,0,0,0,0,0,0.0,0.0
03_2406_rta_03_240926122051_4166---Protocollomonz.txt,0.0,0.0,0.0,0.0,0.0,0.0,0.0,0.0,0.0,0.0,0,0,0,0,0,0,0,0.0,0.0
16_lecce_Protocollo Operativo - Procedure integrate per la prevenzione e il contrasto alla violenza contro donne e minori - Copia_Marcato.txt,0.0,0.0,0.0,0.0,0.0,0.0,0.0,0.0,0.0,0.0,0,1,0,0,0,0,0,0.0,1.0
05_2406_rta_05_240916173648_4166---ULSS5Polesana_Protocollodirete.txt,0.0,0.0,0.0,0.0,0.0,0.0,0.0,0.0,0.0,0.0,1,1,0,0,0,0,0,0.0,2.0
08_2406_rta_08_241015091725_4166---Protoc-Prefett-2017.txt,0.0,0.0,0.0,0.0,0.0,0.0,0.0,0.0,0.0,0.0,0,0,0,0,0,0,0,0.0,0.0
05_2406_rta_05_240919114041_4166---protocollounicorevisionato2024.txt,0.0,0.0,0.0,0.0,0.0,0.0,0.0,0.0,0.0,0.0,0,1,0,0,0,0,0,0.0,1.0
01_2406_rta_01_240909114524_4166---CONVENZIONEUNITO-SPORTANTIVIOLENZA.txt,0.0,0.0,0.0,0.0,0.0,0.0,0.0,0.0,0.0,0.0,1,0,0,0,0,0,0,0.0,1.0
08_2406_rta_08_241015091500_4166---Protocollo_autonomia_lavorativa_def.txt,0.0,0.0,0.0,0.0,0.0,0.0,0.0,0.0,0.0,0.0,0,0,0,0,0,0,0,0.0,0.0
08_2406_rta_08_241015091500_4166---Protocollo_autonomia_lavorativa_def.txt,0.0,0.0,0.0,0.0,0.0,0.0,0.0,0.0,0.0,0.0,1,1,1,0,0,0,0,0.0,3.0
18_2406_rta_18_240926102943_4166---schemaAccordoCollaborazione499ARIEL_signed.txt,0.0,0.0,0.0,0.0,0.0,0.0,0.0,0.0,0.0,0.0,0,0,0,0,0,0,0,0.0,0.0
12_2406_rta_12_241002130504_4166---3Protocollid'intesa-TavoloInteristituzionaletraUfficiGiudiziaricompetentinelcircondariodiRomaavvocaturaecentriantiviolenza(1).txt,0.0,0.0,0.0,0.0,0.0,0.0,0.0,0.0,0.0,0.0,0,0,0,0,0,0,0,0.0,0.0
12_2406_rta_12_241009123601_4166---5.accordo.txt,0.0,0.0,0.0,0.0,0.0,0.0,0.0,0.0,0.0,0.0,0,0,0,0,0,0,0,0.0,0.0
08_2406_rta_08_241015092024_4166---Protocollooperativo.txt,0.0,0.0,0.0,0.0,0.0,0.0,0.0,0.0,0.0,0.0,0,0,0,0,0,0,0,0.0,0.0
08_2406_rta_08_241015091330_4166---Protocollo_intesa_autonomia_abitativa_donne_vittime_di_violenza_CittMtrBO.txt,0.0,0.0,0.0,0.0,0.0,0.0,0.0,0.0,0.0,0.0,0,0,0,0,0,0,0,0.0,0.0
02_2406_rta_02_240904124958_4166---lrn4del25feb2013.txt,0.0,0.0,0.0,0.0,0.0,0.0,0.0,0.0,0.0,0.0,1,0,0,0,0,0,0,0.0,1.0
07_2406_rta_07_240916163933_4166---sub_14574431199510849525_Protocollo_LVLS-signed.txt,0.0,0.0,0.0,0.0,0.0,0.0,0.0,0.0,0.0,0.0,0,0,0,0,0,0,0,0.0,0.0
01_2406_rta_01_240904122512_4166---accordoSFD.txt,0.0,0.0,0.0,0.0,0.0,0.0,0.0,0.0,0.0,0.0,1,1,0,1,0,1,1,0.0,5.0
03_2406_rta_03_240923113114_4166---ProtocolloReteAddaMartesanasottoscritto.txt,0.0,0.0,0.0,0.0,0.0,0.0,0.0,0.0,0.0,0.0,1,1,0,0,0,0,0,0.0,2.0
03_2406_rta_03_240923114012_4166---23-9-2024ProtocolloReteRita_signed_signed_signedDEF_signed_signed-signed_signed(1).txt,0.0,0.0,0.0,0.0,0.0,0.0,0.0,0.0,0.0,0.0,1,1,0,0,0,0,0,0.0,2.0
01_2406_rta_01_240904122512_4166---accordoSFD.txt,0.0,0.0,0.0,0.0,0.0,0.0,0.0,0.0,0.0,0.0,1,1,0,1,0,0,1,0.0,4.0
12_2406_rta_12_241003112656_4166---AccordodicollaborazioneconsultorieDifferenzaDonna.txt,0.0,0.0,0.0,0.0,0.0,0.0,0.0,0.0,0.0,0.0,0,0,0,0,0,0,0,0.0,0.0
13_2406_rta_13_241122103901_4166---Protocollirete_ortonaelancianoCAVdonn.ÿ.txt,0.0,0.0,0.0,0.0,0.0,0.0,0.0,0.0,0.0,0.0,1,1,0,0,0,0,0,0.0,2.0
03_2406_rta_03_240920120751_4166---protocollodiintesa.txt,0.0,0.0,0.0,0.0,0.0,0.0,0.0,0.0,0.0,0.0,1,1,0,0,0,0,0,0.0,2.0
03_2406_rta_03_240920120751_4166---protocollodiintesa.txt,0.0,0.0,0.0,0.0,0.0,0.0,0.0,0.0,0.0,0.0,1,1,0,0,0,0,0,0.0,2.0
03_2406_rta_03_240925150245_4166---ProtocolloReteARIAPalazzolo.txt,0.0,0.0,0.0,0.0,0.0,0.0,0.0,0.0,0.0,0.0,1,1,0,1,0,0,1,0.0,4.0
03_2406_rta_03_240925150245_4166---ProtocolloReteARIAPalazzolo.txt,0.0,0.0,0.0,0.0,0.0,0.0,0.0,0.0,0.0,0.0,1,1,1,0,0,0,0,0.0,3.0
03_2406_rta_03_240923103647_4166---protocolloreteantiviolenzacinisello2019(1).txt,0.0,0.0,0.0,0.0,0.0,0.0,0.0,0.0,0.0,0.0,1,1,1,0,0,0,0,0.0,3.0
03_2406_rta_03_240923103647_4166---protocolloreteantiviolenzacinisello2019(1).txt,0.0,0.0,0.0,0.0,0.0,0.0,0.0,0.0,0.0,0.0,1,0,0,0,0,0,0,0.0,1.0
01_2406_rta_01_241002150739_4166---DeliberaCostituzioneOsservatorioSaluteDonne.txt,0.0,0.0,0.0,0.0,0.0,0.0,0.0,0.0,0.0,0.0,1,0,0,0,0,1,1,0.0,3.0
01_2406_rta_01_241003113501_4166---CCVD1deliberaprotocolloccvd-2024eall1prot.txt,0.0,0.0,0.0,0.0,0.0,0.0,0.0,0.0,0.0,0.0,1,0,0,0,0,1,1,0.0,3.0
05_2406_rta_05_240919124736_4166---Protocollo_per_contrasto_alla_violenza_di_genere.stamped.txt,0.0,0.0,0.0,0.0,0.0,0.0,0.0,0.0,0.0,0.0,0,0,0,0,0,1,1,0.0,2.0
03_2406_rta_03_240923103647_4166---protocolloreteantiviolenzacinisello2019(1).txt,0.0,0.0,0.0,0.0,0.0,0.0,0.0,0.0,0.0,0.0,1,1,1,0,0,0,0,0.0,3.0
03_2406_rta_03_240923114012_4166---23-9-2024ProtocolloReteRita_signed_signed_signedDEF_signed_signed-signed_signed(1).txt,0.0,0.0,0.0,0.0,0.0,0.0,0.0,0.0,0.0,0.0,1,1,1,0,0,0,0,0.0,3.0
03_2406_rta_03_240918153252_4166---Protocollo+Appendice+LineeGuida_Datatodafirmare.txt,0.0,0.0,0.0,0.0,0.0,0.0,0.0,0.0,0.0,0.0,1,1,0,0,0,0,0,0.0,2.0
01_2406_rta_01_240909113151_4166---CONVENZIONERIVOLI.txt,0.0,0.0,0.0,0.0,0.0,0.0,0.0,0.0,0.0,0.0,0,0,0,0,0,0,0,0.0,0.0
08_2406_rta_08_241015091430_4166---Protocollo_Distrettuale_Contrasto_violenza_Donne2023.stamped.txt,0.0,0.0,0.0,0.0,0.0,0.0,0.0,0.0,0.0,0.0,0,0,0,0,0,0,0,0.0,0.0
03_2406_rta_03_240923105244_4166---ProtocolloViolenzaMilanoFirme2023.txt,0.0,0.0,0.0,0.0,0.0,0.0,0.0,0.0,0.0,0.0,1,0,0,0,0,0,0,0.0,1.0
01_2406_rta_01_240904120005_4166---protocollo.txt,0.0,0.0,0.0,0.0,0.0,0.0,0.0,0.0,0.0,0.0,0,0,0,0,0,0,0,0.0,0.0
03_2406_rta_03_240923101524_4166---PROTOCOLLO_DI_INTESA_versione_DEFINITIVA2021.stamped.txt,0.0,0.0,0.0,0.0,0.0,0.0,0.0,0.0,0.0,0.0,1,1,1,0,0,0,0,0.0,3.0
01_2406_rta_01_240904121349_4166---convenzione.txt,0.0,0.0,0.0,0.0,0.0,0.0,0.0,0.0,0.0,0.0,1,1,0,0,0,0,0,0.0,2.0
06_2406_rta_06_240916164122_4166---prot_n_0119980_2024_Accordo(firmato).txt,0.0,0.0,0.0,0.0,0.0,0.0,0.0,0.0,0.0,0.0,1,1,0,0,0,0,0,0.0,2.0
01_2406_rta_01_241002150739_4166---DeliberaCostituzioneOsservatorioSaluteDonne.txt,0.0,0.0,0.0,0.0,0.0,0.0,0.0,0.0,0.0,0.0,1,0,0,0,0,0,0,0.0,1.0
01_2406_rta_01_240909114524_4166---CONVENZIONEUNITO-SPORTANTIVIOLENZA.txt,0.0,0.0,0.0,0.0,0.0,0.0,0.0,0.0,0.0,0.0,0,0,0,0,0,0,0,0.0,0.0
01_2406_rta_01_240909114524_4166---CONVENZIONEUNITO-SPORTANTIVIOLENZA.txt,0.0,0.0,0.0,0.0,0.0,0.0,0.0,0.0,0.0,0.0,0,0,0,0,0,0,0,0.0,0.0
01_2406_rta_01_240909114524_4166---CONVENZIONEUNITO-SPORTANTIVIOLENZA.txt,0.0,0.0,0.0,0.0,0.0,0.0,0.0,0.0,0.0,0.0,0,0,0,0,0,0,0,0.0,0.0
01_2406_rta_01_240909114524_4166---CONVENZIONEUNITO-SPORTANTIVIOLENZA.txt,0.0,0.0,0.0,0.0,0.0,0.0,0.0,0.0,0.0,0.0,0,0,0,0,0,0,0,0.0,0.0
01_2406_rta_01_240909114524_4166---CONVENZIONEUNITO-SPORTANTIVIOLENZA.txt,0.0,0.0,0.0,0.0,0.0,0.0,0.0,0.0,0.0,0.0,0,0,0,0,0,0,0,0.0,0.0
01_2406_rta_01_240909114524_4166---CONVENZIONEUNITO-SPORTANTIVIOLENZA.txt,0.0,0.0,0.0,0.0,0.0,0.0,0.0,0.0,0.0,0.0,0,0,0,0,0,0,0,0.0,0.0
01_2406_rta_01_241002150739_4166---DeliberaCostituzioneOsservatorioSaluteDonne.txt,0.0,0.0,0.0,0.0,0.0,0.0,0.0,0.0,0.0,0.0,0,0,0,0,0,0,0,0.0,0.0
01_2406_rta_01_240909114524_4166---CONVENZIONEUNITO-SPORTANTIVIOLENZA.txt,0.0,0.0,0.0,0.0,0.0,0.0,0.0,0.0,0.0,0.0,0,0,0,0,0,0,0,0.0,0.0
12_2406_rta_12_241008102339_4166---15-ConvenzionePreepost-Laureauniversitàdell'AQUILA.txt,0.0,0.0,0.0,0.0,0.0,0.0,0.0,0.0,0.0,0.0,1,0,0,0,0,1,1,0.0,3.0
01_2406_rta_01_240904121349_4166---convenzione.txt,0.0,0.0,0.0,0.0,0.0,0.0,0.0,0.0,0.0,0.0,0,0,0,0,0,0,0,0.0,0.0
12_2406_rta_12_241004140636_4166---04-ProtocolloconlaQuesturadiFrosinone.txt,0.0,0.0,0.0,0.0,0.0,0.0,0.0,0.0,0.0,0.0,0,0,0,0,0,0,0,0.0,0.0
01_2406_rta_01_240904110730_4166---protocollocontuttelefirme(1).txt,0.0,0.0,0.0,0.0,0.0,0.0,0.0,0.0,0.0,0.0,0,0,0,0,0,0,0,0.0,0.0
01_2406_rta_01_241018134519_4166---Protocollooperativointeristituzionaleviolenzadigenere2023-2026def.txt,0.0,0.0,0.0,0.0,0.0,0.0,0.0,0.0,0.0,0.0,0,0,0,0,0,0,0,0.0,0.0
09_SENESE Delibera-n.1196-del-24-10-2022-allegato-a_SENESE_2.txt,0.0,0.0,0.0,0.0,0.0,0.0,0.0,0.0,0.0,0.0,0,0,0,0,0,0,0,0.0,0.0
17_2406_rta_17_250506142731_4166---Tavolodicoordinamentoemonitoraggio30-01-24.txt,0.0,0.0,0.0,0.0,0.0,0.0,0.0,0.0,0.0,0.0,1,0,0,0,0,0,0,0.0,1.0
01_2406_rta_01_241003113501_4166---CCVD1deliberaprotocolloccvd-2024eall1prot.txt,0.0,0.0,0.0,0.0,0.0,0.0,0.0,0.0,0.0,0.0,1,0,0,0,0,0,0,0.0,1.0
08_2406_rta_08_241015091553_4166---Protocollosullaviolenzadigenere_confirme_prot.txt,0.0,0.0,0.0,0.0,0.0,0.0,0.0,0.0,0.0,0.0,1,1,0,0,0,0,0,0.0,2.0
05_2406_rta_05_240918144304_4166---Protocollo_ULSS2-DistrettoTreviso.txt,0.0,0.0,0.0,0.0,0.0,0.0,0.0,0.0,0.0,0.0,1,0,0,0,0,0,0,0.0,1.0
05_2406_rta_05_240918144304_4166---Protocollo_ULSS2-DistrettoTreviso.txt,0.0,0.0,0.0,0.0,0.0,0.0,0.0,0.0,0.0,0.0,1,0,0,0,0,0,0,0.0,1.0
13_2406_rta_13_241122111153_4166---PROTOCOLLOCASTELDISANGROEASL.txt,0.0,0.0,0.0,0.0,0.0,0.0,0.0,0.0,0.0,0.0,1,0,0,0,0,0,0,0.0,1.0
03_2406_rta_03_240926122051_4166---Protocollomonz.txt,0.0,0.0,0.0,0.0,0.0,0.0,0.0,0.0,0.0,0.0,0,0,1,0,0,0,0,0.0,1.0
03_2406_rta_03_240923114012_4166---23-9-2024ProtocolloReteRita_signed_signed_signedDEF_signed_signed-signed_signed(1).txt,0.0,0.0,0.0,0.0,0.0,0.0,0.0,0.0,0.0,0.0,1,1,0,0,0,0,0,0.0,2.0
12_2406_rta_12_241003094302_4166---4VerbaleIncontroGiorgieLaGinestra-PROTOCOLLO.txt,0.0,0.0,0.0,0.0,0.0,0.0,0.0,0.0,0.0,0.0,0,0,0,0,0,0,0,0.0,0.0
03_2406_rta_03_240923114012_4166---23-9-2024ProtocolloReteRita_signed_signed_signedDEF_signed_signed-signed_signed(1).txt,0.0,0.0,0.0,0.0,0.0,0.0,0.0,0.0,0.0,0.0,0,1,0,0,0,0,0,0.0,1.0
13_2406_rta_13_241122110421_4166---PROTOCOLLOOPERATIVO.txt,0.0,0.0,0.0,0.0,0.0,0.0,0.0,0.0,0.0,0.0,0,0,0,0,0,0,0,0.0,0.0
12_2406_rta_12_241004144338_4166---06-ProtocolloComunediVALLECORSA.txt,0.0,0.0,0.0,0.0,0.0,0.0,0.0,0.0,0.0,0.0,0,0,0,0,0,0,0,0.0,0.0
18_2406_rta_18_240926102943_4166---schemaAccordoCollaborazione499ARIEL_signed.txt,0.0,0.0,0.0,0.0,0.0,0.0,0.0,0.0,0.0,0.0,0,0,0,0,0,0,0,0.0,0.0
12_2406_rta_12_241003105319_4166---PROTOCOLLODIINTES1_2601def-signed-signed.txt,0.0,0.0,0.0,0.0,0.0,0.0,0.0,0.0,0.0,0.0,0,0,0,0,0,0,0,0.0,0.0
12_2406_rta_12_241004144338_4166---06-ProtocolloComunediVALLECORSA.txt,0.0,0.0,0.0,0.0,0.0,0.0,0.0,0.0,0.0,0.0,0,0,0,0,0,0,0,0.0,0.0
16_bari_protocollo operativo Putignano_EMI.txt,0.0,0.0,0.0,0.0,0.0,0.0,0.0,0.0,0.0,0.0,1,1,0,0,0,0,0,0.0,2.0
07_2406_rta_07_240916163905_4166---PROTOCOLLOFIRMATO(002).txt,0.0,0.0,0.0,0.0,0.0,0.0,0.0,0.0,0.0,0.0,1,0,0,0,0,0,0,0.0,1.0
16_bar_protocollo operativo Triggiano_rete antiviolenza.pdf.txt,0.0,0.0,0.0,0.0,0.0,0.0,0.0,0.0,0.0,0.0,1,0,0,0,0,0,0,0.0,1.0
01_2406_rta_01_240904121349_4166---convenzione.txt,0.0,0.0,0.0,0.0,0.0,0.0,0.0,0.0,0.0,0.0,1,1,0,1,0,0,1,0.0,4.0
16_bar_protocollo operativo Triggiano_rete antiviolenza.pdf.txt,0.0,0.0,0.0,0.0,0.0,0.0,0.0,0.0,0.0,0.0,1,0,0,0,0,0,0,0.0,1.0
16_bari_protocollo operativo Gioia del Colle_EMI.txt,0.0,0.0,0.0,0.0,0.0,0.0,0.0,0.0,0.0,0.0,1,0,0,0,0,0,0,0.0,1.0
07_2406_rta_07_240916163905_4166---PROTOCOLLOFIRMATO(002).txt,0.0,0.0,0.0,0.0,0.0,0.0,0.0,0.0,0.0,0.0,1,0,0,1,1,0,1,0.0,4.0
05_2406_rta_05_240918144304_4166---Protocollo_ULSS2-DistrettoTreviso.txt,0.0,0.0,0.0,0.0,0.0,0.0,0.0,0.0,0.0,0.0,1,0,0,0,0,0,0,0.0,1.0
16_2406_rta_16_250409174252_4166---Protocollo_Intesa_LARA.txt,0.0,0.0,0.0,0.0,0.0,0.0,0.0,0.0,0.0,0.0,1,0,0,0,0,0,0,0.0,1.0
16_bari_protollo di intesa Putignano_rete antiviolenza.txt,0.0,0.0,0.0,0.0,0.0,0.0,0.0,0.0,0.0,0.0,1,1,0,0,0,0,0,0.0,2.0
09_FIRENZE Linee-di-indirizzo2024.txt,0.0,0.0,0.0,0.0,0.0,0.0,0.0,0.0,0.0,0.0,0,0,0,0,0,0,0,0.0,0.0
03_2406_rta_03_240923101524_4166---PROTOCOLLO_DI_INTESA_versione_DEFINITIVA2021.stamped.txt,0.0,0.0,0.0,0.0,0.0,0.0,0.0,0.0,0.0,0.0,1,1,1,0,0,0,0,0.0,3.0
08_2406_rta_08_241015091330_4166---Protocollo_intesa_autonomia_abitativa_donne_vittime_di_violenza_CittMtrBO.txt,0.0,0.0,0.0,0.0,0.0,0.0,0.0,0.0,0.0,0.0,1,1,0,0,0,0,0,0.0,2.0
03_2406_rta_03_240923171949_4166---PROTOCOLLOD'INTESARETETERRITORIALEANTIVIOLENZAVALLETROMPIA2024.txt,0.0,0.0,0.0,0.0,0.0,0.0,0.0,0.0,0.0,0.0,1,1,0,0,0,0,0,0.0,2.0
12_2406_rta_12_241003101925_4166---ProtocolloFormazioneObiettivoUomo.txt,0.0,0.0,0.0,0.0,0.0,0.0,0.0,0.0,0.0,0.0,0,0,0,0,0,0,0,0.0,0.0
09_LIVORNO Protocollo_ RETE ANTIVIOLENZA_ LIVORNO.txt,0.0,0.0,0.0,0.0,0.0,0.0,0.0,0.0,0.0,0.0,1,0,0,0,0,0,0,0.0,1.0
09_FIRENZE Linee-di-indirizzo2024.txt,0.0,0.0,0.0,0.0,0.0,0.0,0.0,0.0,0.0,0.0,1,0,0,0,0,0,0,0.0,1.0
09_FIRENZE Linee-di-indirizzo2024.txt,0.0,0.0,0.0,0.0,0.0,0.0,0.0,0.0,0.0,0.0,1,0,0,0,0,0,0,0.0,1.0
03_2406_rta_03_240923114012_4166---23-9-2024ProtocolloReteRita_signed_signed_signedDEF_signed_signed-signed_signed(1).txt,0.0,0.0,0.0,0.0,0.0,0.0,0.0,0.0,0.0,0.0,1,1,0,0,0,0,0,0.0,2.0
12_2406_rta_12_241008150442_4166---1.Protocollo.txt,0.0,0.0,0.0,0.0,0.0,0.0,0.0,0.0,0.0,0.0,1,1,0,0,0,0,0,0.0,2.0
03_2406_rta_03_240926122051_4166---Protocollomonz.txt,0.0,0.0,0.0,0.0,0.0,0.0,0.0,0.0,0.0,0.0,0,0,1,0,0,0,0,0.0,1.0
18_2406_rta_18_240926102706_4166---protocollomondorosa2013.txt,0.0,0.0,0.0,0.0,0.0,0.0,0.0,0.0,0.0,0.0,1,1,0,0,0,0,0,0.0,2.0
03_2406_rta_03_240918153252_4166---Protocollo+Appendice+LineeGuida_Datatodafirmare.txt,0.0,0.0,0.0,0.0,0.0,0.0,0.0,0.0,0.0,0.0,1,1,1,0,0,0,0,0.0,3.0
06_2406_rta_06_240916164258_4166---Protocolloviolenzadomesticaedigenere_30.09.2019.txt,0.0,0.0,0.0,0.0,0.0,0.0,0.0,0.0,0.0,0.0,0,1,0,0,0,0,0,0.0,1.0
03_2406_rta_03_240920093134_4166---Protocollo_Intesa_Rete_Antiviolenza_SudEstMilano_Paullese_2021-2023.txt,0.0,0.0,0.0,0.0,0.0,0.0,0.0,0.0,0.0,0.0,1,1,0,0,0,0,0,0.0,2.0
03_2406_rta_03_240925144919_4166---RETEDICOMO-PROTOCOLLOINTERIST.17novembre2023(1).txt,0.0,0.0,0.0,0.0,0.0,0.0,0.0,0.0,0.0,0.0,1,1,0,0,0,0,0,0.0,2.0
03_2406_rta_03_240926122707_4166---ProtocolloReteAntiviolenzaconfirme.txt,0.0,0.0,0.0,0.0,0.0,0.0,0.0,0.0,0.0,0.0,1,1,0,0,0,0,0,0.0,2.0
08_2406_rta_08_241015091621_4166---PROTOCOLLO_22.txt,0.0,0.0,0.0,0.0,0.0,0.0,0.0,0.0,0.0,0.0,1,1,0,0,0,0,0,0.0,2.0
13_2406_rta_13_241122105540_4166---protocollodirete_vastodonnattiva.txt,0.0,0.0,0.0,0.0,0.0,0.0,0.0,0.0,0.0,0.0,1,1,0,0,0,0,0,0.0,2.0
12_2406_rta_12_241004092644_4166---5potCAVPAOLALATTESnantes(1).txt,0.0,0.0,0.0,0.0,0.0,0.0,0.0,0.0,0.0,0.0,0,0,0,0,0,0,0,0.0,0.0
03_2406_rta_03_240918153252_4166---Protocollo+Appendice+LineeGuida_Datatodafirmare.txt,0.0,0.0,0.0,0.0,0.0,0.0,0.0,0.0,0.0,0.0,1,1,0,0,0,0,0,0.0,2.0
13_2406_rta_13_241122101453_4166---ProtocollodiRete_AlphaChieti.txt,0.0,0.0,0.0,0.0,0.0,0.0,0.0,0.0,0.0,0.0,1,1,0,0,0,0,0,0.0,2.0
13_2406_rta_13_241122101453_4166---ProtocollodiRete_AlphaChieti.txt,0.0,0.0,0.0,0.0,0.0,0.0,0.0,0.0,0.0,0.0,1,1,0,0,0,0,0,0.0,2.0
08_2406_rta_08_241015091500_4166---Protocollo_autonomia_lavorativa_def.txt,0.0,0.0,0.0,0.0,0.0,0.0,0.0,0.0,0.0,0.0,0,1,1,0,0,0,0,0.0,2.0
03_2406_rta_03_240923103647_4166---protocolloreteantiviolenzacinisello2019(1).txt,0.0,0.0,0.0,0.0,0.0,0.0,0.0,0.0,0.0,0.0,1,0,0,0,0,0,0,0.0,1.0
03_2406_rta_03_240918153240_4166---Protocollod'intesaperl'IstituzionediunSistemaTerritorialeAntiviolenzainReteconAddendumSindacati.txt,0.0,0.0,0.0,0.0,0.0,0.0,0.0,0.0,0.0,0.0,1,1,0,0,0,0,0,0.0,2.0
01_2406_rta_01_240909103717_4166---PROTOCOLLORETEANTIVIOLENZASVOLTADONNA.txt,0.0,0.0,0.0,0.0,0.0,0.0,0.0,0.0,0.0,0.0,0,0,0,0,0,0,0,0.0,0.0
12_2406_rta_12_241004130514_4166---PROTOCOLLODIINTESAPERLAPROMOZIONEDISTRATEGIECONDIVISESULFENOMENODELLAVIOLENZADIGENERE(1).txt,0.0,0.0,0.0,0.0,0.0,0.0,0.0,0.0,0.0,0.0,0,0,0,0,0,0,0,0.0,0.0
10_2406_rta_10_250506141901_4166---ProtocollounicoregionaleRINNOVATO.txt,0.0,0.0,0.0,0.0,0.0,0.0,0.0,0.0,0.0,0.0,1,0,1,0,0,0,0,0.0,2.0
20_2406_rta_20_250620094616_4166---Delibera52-22del23.12.2024-Allegato1.txt,0.0,0.0,0.0,0.0,0.0,0.0,0.0,0.0,0.0,0.0,1,1,0,0,0,0,0,0.0,2.0
12_2406_rta_12_241003105319_4166---PROTOCOLLODIINTES1_2601def-signed-signed.txt,0.0,0.0,0.0,0.0,0.0,0.0,0.0,0.0,0.0,0.0,0,0,0,0,0,0,0,0.0,0.0
09_SENESE Delibera-n.1196-del-24-10-2022-allegato-a_SENESE_2.txt,0.0,0.0,0.0,0.0,0.0,0.0,0.0,0.0,0.0,0.0,0,0,0,0,0,0,0,0.0,0.0
12_2406_rta_12_241003104626_4166---PROTOCOLLODIINTESAMUNICIPIOXV.txt,0.0,0.0,0.0,0.0,0.0,0.0,0.0,0.0,0.0,0.0,0,0,0,0,0,0,0,0.0,0.0
01_2406_rta_01_240920112211_4166---367772-4-Protocollo_intesa_Completo.txt,0.0,0.0,0.0,0.0,0.0,0.0,0.0,0.0,0.0,0.0,0,0,0,0,0,0,0,0.0,0.0
06_2406_rta_06_240916164122_4166---prot_n_0119980_2024_Accordo(firmato).txt,0.0,0.0,0.0,0.0,0.0,0.0,0.0,0.0,0.0,0.0,0,0,0,0,0,0,0,0.0,0.0
03_2406_rta_03_240926122051_4166---Protocollomonz.txt,0.0,0.0,0.0,0.0,0.0,0.0,0.0,0.0,0.0,0.0,0,0,0,0,0,0,0,0.0,0.0
16_taranto_protocollo Prefettura ProvinciaTaranto.txt,0.0,0.0,0.0,0.0,0.0,0.0,0.0,0.0,0.0,0.0,0,0,0,0,0,0,0,0.0,0.0
13_2406_rta_13_241122102615_4166---PROTOCOLLOD_INTESACOMUNEAQ_donatellatelliniCAV2023.txt,0.0,0.0,0.0,0.0,0.0,0.0,0.0,0.0,0.0,0.0,0,0,0,0,0,0,0,0.0,0.0
01_2406_rta_01_241003113501_4166---CCVD1deliberaprotocolloccvd-2024eall1prot.txt,0.0,0.0,0.0,0.0,0.0,0.0,0.0,0.0,0.0,0.0,1,0,0,0,0,1,1,0.0,3.0
01_2406_rta_01_240904162242_4166---CONVENZIONETRAASLTO3ESVOLTADONNA.txt,0.0,0.0,0.0,0.0,0.0,0.0,0.0,0.0,0.0,0.0,1,0,0,1,0,0,1,0.0,3.0
03_2406_rta_03_240923103647_4166---protocolloreteantiviolenzacinisello2019(1).txt,0.0,0.0,0.0,0.0,0.0,0.0,0.0,0.0,0.0,0.0,1,1,1,0,0,0,0,0.0,3.0
09_SENESE Delibera-n.1196-del-24-10-2022-allegato-a_SENESE_2.txt,0.0,0.0,0.0,0.0,0.0,0.0,0.0,0.0,0.0,0.0,1,1,0,0,0,0,0,0.0,2.0
12_2406_rta_12_240926124601_4166---ACCORDOtrlepartiITSETLOIeMarielleFranco(1).txt,0.0,0.0,0.0,0.0,0.0,0.0,0.0,0.0,0.0,0.0,0,0,0,0,0,0,0,0.0,0.0
01_2406_rta_01_240909113151_4166---CONVENZIONERIVOLI.txt,0.0,0.0,0.0,0.0,0.0,0.0,0.0,0.0,0.0,0.0,0,0,0,0,1,0,1,0.0,2.0
08_2406_rta_08_241015091430_4166---Protocollo_Distrettuale_Contrasto_violenza_Donne2023.stamped.txt,0.0,0.0,0.0,0.0,0.0,0.0,0.0,0.0,0.0,0.0,0,0,0,1,0,0,1,0.0,2.0
03_2406_rta_03_240925144919_4166---RETEDICOMO-PROTOCOLLOINTERIST.17novembre2023(1).txt,0.0,0.0,0.0,0.0,0.0,0.0,0.0,0.0,0.0,0.0,1,1,1,0,0,0,0,0.0,3.0
12_2406_rta_12_241008101410_4166---ConvenzioneconUniversitàMERCATORUM.txt,0.0,0.0,0.0,0.0,0.0,0.0,0.0,0.0,0.0,0.0,0,0,0,0,0,0,0,0.0,0.0
11_2406_rta_11_240911113235_4166---MacerataProtocollo2019_2022Firmato.txt,0.0,0.0,0.0,0.0,0.0,0.0,0.0,0.0,0.0,0.0,1,1,0,0,0,0,0,0.0,2.0
03_2406_rta_03_240923101524_4166---PROTOCOLLO_DI_INTESA_versione_DEFINITIVA2021.stamped.txt,0.0,0.0,0.0,0.0,0.0,0.0,0.0,0.0,0.0,0.0,1,1,0,0,0,0,0,0.0,2.0
08_2406_rta_08_241015091500_4166---Protocollo_autonomia_lavorativa_def.txt,0.0,0.0,0.0,0.0,0.0,0.0,0.0,0.0,0.0,0.0,1,0,0,0,0,0,0,0.0,1.0
13_2406_rta_13_241122104158_4166---Protocollirete_ortonaelancianoCAVdonn.ÿ.txt,0.0,0.0,0.0,0.0,0.0,0.0,0.0,0.0,0.0,0.0,1,1,0,0,0,0,0,0.0,2.0
01_2406_rta_01_240924140705_4166---LesConvenzionecoprogettazione.txt,0.0,0.0,0.0,0.0,0.0,0.0,0.0,0.0,0.0,0.0,0,0,0,0,0,0,0,0.0,0.0
08_2406_rta_08_241015092005_4166---DG216-2024.txt,0.0,0.0,0.0,0.0,0.0,0.0,0.0,0.0,0.0,0.0,1,0,1,0,0,0,0,0.0,2.0
12_2406_rta_12_241008103001_4166---16-Convenzioneconl'UniversitàECAMPUS.txt,0.0,0.0,0.0,0.0,0.0,0.0,0.0,0.0,0.0,0.0,0,0,0,0,0,0,0,0.0,0.0
11_2406_rta_11_240911113757_4166---All.4ProtocolloReteAntiviolenzasottoscritto18.12.2023.txt,0.0,0.0,0.0,0.0,0.0,0.0,0.0,0.0,0.0,0.0,0,0,0,0,0,0,0,0.0,0.0
13_2406_rta_13_241122101453_4166---ProtocollodiRete_AlphaChieti.txt,0.0,0.0,0.0,0.0,0.0,0.0,0.0,0.0,0.0,0.0,0,0,0,0,0,0,0,0.0,0.0
01_2406_rta_01_241002150739_4166---DeliberaCostituzioneOsservatorioSaluteDonne.txt,0.0,0.0,0.0,0.0,0.0,0.0,0.0,0.0,0.0,0.0,0,0,0,0,0,0,0,0.0,0.0
16_lecce_Protocollo Operativo - Procedure integrate per la prevenzione e il contrasto alla violenza contro donne e minori - Copia_Marcato.txt,0.0,0.0,0.0,0.0,0.0,0.0,0.0,0.0,0.0,0.0,0,0,0,0,0,0,0,0.0,0.0
03_2406_rta_03_240923101524_4166---PROTOCOLLO_DI_INTESA_versione_DEFINITIVA2021.stamped.txt,0.0,0.0,0.0,0.0,0.0,0.0,0.0,0.0,0.0,0.0,1,1,0,0,0,0,0,0.0,2.0
03_2406_rta_03_240925150245_4166---ProtocolloReteARIAPalazzolo.txt,0.0,0.0,0.0,0.0,0.0,0.0,0.0,0.0,0.0,0.0,1,1,0,0,0,0,0,0.0,2.0
09_SENESE Delibera-n.1196-del-24-10-2022-allegato-a_SENESE_2.txt,0.0,0.0,0.0,0.0,0.0,0.0,0.0,0.0,0.0,0.0,0,0,0,0,0,0,0,0.0,0.0
05_2406_rta_05_240917141534_4166---protocollodiretefirmato.txt,0.0,0.0,0.0,0.0,0.0,0.0,0.0,0.0,0.0,0.0,0,0,0,0,0,0,0,0.0,0.0
07_2406_rta_07_240916163933_4166---sub_14574431199510849525_Protocollo_LVLS-signed.txt,0.0,0.0,0.0,0.0,0.0,0.0,0.0,0.0,0.0,0.0,0,0,0,0,0,0,0,0.0,0.0
03_2406_rta_03_240923165401_4166---PROTOCOLLODIrete2020-2023_rev2confirmescan.txt,0.0,0.0,0.0,0.0,0.0,0.0,0.0,0.0,0.0,0.0,1,0,0,0,0,0,0,0.0,1.0
12_2406_rta_12_241004092644_4166---5potCAVPAOLALATTESnantes(1).txt,0.0,0.0,0.0,0.0,0.0,0.0,0.0,0.0,0.0,0.0,0,1,0,0,0,0,0,0.0,1.0
03_2406_rta_03_240920120751_4166---protocollodiintesa.txt,0.0,0.0,0.0,0.0,0.0,0.0,0.0,0.0,0.0,0.0,1,1,0,0,0,0,0,0.0,2.0
12_2406_rta_12_241009123601_4166---5.accordo.txt,0.0,0.0,0.0,0.0,0.0,0.0,0.0,0.0,0.0,0.0,0,0,0,0,0,0,0,0.0,0.0
08_2406_rta_08_241015092024_4166---Protocollooperativo.txt,0.0,0.0,0.0,0.0,0.0,0.0,0.0,0.0,0.0,0.0,1,0,0,0,0,0,0,0.0,1.0
12_2406_rta_12_241003094302_4166---4VerbaleIncontroGiorgieLaGinestra-PROTOCOLLO.txt,0.0,0.0,0.0,0.0,0.0,0.0,0.0,0.0,0.0,0.0,0,0,0,0,0,0,0,0.0,0.0
08_2406_rta_08_241015091430_4166---Protocollo_Distrettuale_Contrasto_violenza_Donne2023.stamped.txt,0.0,0.0,0.0,0.0,0.0,0.0,0.0,0.0,0.0,0.0,1,0,0,0,0,0,0,0.0,1.0
12_2406_rta_12_241003104626_4166---PROTOCOLLODIINTESAMUNICIPIOXV.txt,0.0,0.0,0.0,0.0,0.0,0.0,0.0,0.0,0.0,0.0,1,1,0,0,0,0,0,0.0,2.0
06_2406_rta_06_240916164153_4166---protocolloprefettura.txt,0.0,0.0,0.0,0.0,0.0,0.0,0.0,0.0,0.0,0.0,0,0,0,0,1,0,1,0.0,2.0
09_PISA PREF E PROV.txt,0.0,0.0,0.0,0.0,0.0,0.0,0.0,0.0,0.0,0.0,0,0,0,0,0,0,0,0.0,0.0
01_2406_rta_01_240909113151_4166---CONVENZIONERIVOLI.txt,0.0,0.0,0.0,0.0,0.0,0.0,0.0,0.0,0.0,0.0,0,0,0,0,0,0,0,0.0,0.0
08_2406_rta_08_241015091725_4166---Protoc-Prefett-2017.txt,0.0,0.0,0.0,0.0,0.0,0.0,0.0,0.0,0.0,0.0,0,0,0,0,0,0,0,0.0,0.0
07_2406_rta_07_240916163905_4166---PROTOCOLLOFIRMATO(002).txt,0.0,0.0,0.0,0.0,0.0,0.0,0.0,0.0,0.0,0.0,1,0,0,0,0,0,0,0.0,1.0
05_2406_rta_05_240917141534_4166---protocollodiretefirmato.txt,0.0,0.0,0.0,0.0,0.0,0.0,0.0,0.0,0.0,0.0,1,0,0,0,0,0,0,0.0,1.0
12_2406_rta_12_241008102339_4166---15-ConvenzionePreepost-Laureauniversitàdell'AQUILA.txt,0.0,0.0,0.0,0.0,0.0,0.0,0.0,0.0,0.0,0.0,0,0,0,0,0,0,0,0.0,0.0
03_2406_rta_03_240918153252_4166---Protocollo+Appendice+LineeGuida_Datatodafirmare.txt,0.0,0.0,0.0,0.0,0.0,0.0,0.0,0.0,0.0,0.0,0,0,0,0,0,0,0,0.0,0.0
01_2406_rta_01_241018142804_4166---ConvenzioneASL-Prontosoccorsoceva.txt,0.0,0.0,0.0,0.0,0.0,0.0,0.0,0.0,0.0,0.0,0,0,0,0,0,0,0,0.0,0.0
12_2406_rta_12_241004112805_4166---protocollod'intesa.txt,0.0,0.0,0.0,0.0,0.0,0.0,0.0,0.0,0.0,0.0,0,0,0,1,0,0,1,0.0,2.0
08_2406_rta_08_241015091355_4166---PROTOCOLLO_CONTRO_VIOLENZA_firmato2023.txt,0.0,0.0,0.0,0.0,0.0,0.0,0.0,0.0,0.0,0.0,0,0,0,0,0,0,0,0.0,0.0
12_2406_rta_12_241004145108_4166---07-ProtocolloCONilComunediVILLASANTOSTEFANO.txt,0.0,0.0,0.0,0.0,0.0,0.0,0.0,0.0,0.0,0.0,0,0,0,0,0,0,0,0.0,0.0
05_2406_rta_05_240919114041_4166---protocollounicorevisionato2024.txt,0.0,0.0,0.0,0.0,0.0,0.0,0.0,0.0,0.0,0.0,0,0,0,0,0,0,0,0.0,0.0
12_2406_rta_12_240927093424_4166---ProtVMunMerlin.txt,0.0,0.0,0.0,0.0,0.0,0.0,0.0,0.0,0.0,0.0,1,1,0,0,0,0,0,0.0,2.0
03_2406_rta_03_240918153240_4166---Protocollod'intesaperl'IstituzionediunSistemaTerritorialeAntiviolenzainReteconAddendumSindacati.txt,0.0,0.0,0.0,0.0,0.0,0.0,0.0,0.0,0.0,0.0,0,0,0,0,0,0,0,0.0,0.0
05_2406_rta_05_240916173648_4166---ULSS5Polesana_Protocollodirete.txt,0.0,0.0,0.0,0.0,0.0,0.0,0.0,0.0,0.0,0.0,0,0,0,0,0,0,0,0.0,0.0
12_2406_rta_12_241008101410_4166---ConvenzioneconUniversitàMERCATORUM.txt,0.0,0.0,0.0,0.0,0.0,0.0,0.0,0.0,0.0,0.0,0,0,0,0,0,0,0,0.0,0.0
12_2406_rta_12_240926113409_4166---AccordoICSPietroVanniFormazionePontedonna.txt,0.0,0.0,0.0,0.0,0.0,0.0,0.0,0.0,0.0,0.0,0,0,0,0,0,0,0,0.0,0.0
12_2406_rta_12_241004135803_4166---03-ConvenzioneTribunaleOrdinariodiFrosinone.txt,0.0,0.0,0.0,0.0,0.0,0.0,0.0,0.0,0.0,0.0,1,1,0,0,0,0,0,0.0,2.0
16_2406_rta_16_250409174252_4166---Protocollo_Intesa_LARA.txt,0.0,0.0,0.0,0.0,0.0,0.0,0.0,0.0,0.0,0.0,1,1,0,0,0,0,0,0.0,2.0
12_2406_rta_12_241004135803_4166---03-ConvenzioneTribunaleOrdinariodiFrosinone.txt,0.0,0.0,0.0,0.0,0.0,0.0,0.0,0.0,0.0,0.0,1,1,0,0,0,0,0,0.0,2.0
12_2406_rta_12_241008101410_4166---ConvenzioneconUniversitàMERCATORUM.txt,0.0,0.0,0.0,0.0,0.0,0.0,0.0,0.0,0.0,0.0,0,0,0,0,0,0,0,0.0,0.0
01_2406_rta_01_241002150739_4166---DeliberaCostituzioneOsservatorioSaluteDonne.txt,0.0,0.0,0.0,0.0,0.0,0.0,0.0,0.0,0.0,0.0,0,0,0,0,0,0,0,0.0,0.0
16_lecce_Protocollo Operativo - Procedure integrate per la prevenzione e il contrasto alla violenza contro donne e minori - Copia_Marcato.txt,0.0,0.0,0.0,0.0,0.0,0.0,0.0,0.0,0.0,0.0,0,0,0,0,0,0,0,0.0,0.0
12_2406_rta_12_240926133706_4166---STAR.txt,0.0,0.0,0.0,0.0,0.0,0.0,0.0,0.0,0.0,0.0,0,0,0,0,0,0,0,0.0,0.0
12_2406_rta_12_240926115028_4166---ProtICROASLazioePonteDonna.txt,0.0,0.0,0.0,0.0,0.0,0.0,0.0,0.0,0.0,0.0,0,0,0,0,0,0,0,0.0,0.0
05_2406_rta_05_240919122126_4166---PROTOCOLLOULSS8BERICA.txt,0.0,0.0,0.0,0.0,0.0,0.0,0.0,0.0,0.0,0.0,0,0,0,0,0,0,0,0.0,0.0
08_2406_rta_08_241015091655_4166---Aggiornamentointegrazioneprotocollooperativoapprovatonelgiugno2008.txt,0.0,0.0,0.0,0.0,0.0,0.0,0.0,0.0,0.0,0.0,0,0,0,0,0,0,0,0.0,0.0
09_FIRENZE Linee-di-indirizzo2024.txt,0.0,0.0,0.0,0.0,0.0,0.0,0.0,0.0,0.0,0.0,1,0,0,0,0,0,0,0.0,1.0
12_2406_rta_12_241003101925_4166---ProtocolloFormazioneObiettivoUomo.txt,0.0,0.0,0.0,0.0,0.0,0.0,0.0,0.0,0.0,0.0,0,0,0,0,0,0,0,0.0,0.0
12_2406_rta_12_241003101925_4166---ProtocolloFormazioneObiettivoUomo.txt,0.0,0.0,0.0,0.0,0.0,0.0,0.0,0.0,0.0,0.0,0,0,0,0,0,0,0,0.0,0.0
12_2406_rta_12_241009125640_4166---7.accordo.txt,0.0,0.0,0.0,0.0,0.0,0.0,0.0,0.0,0.0,0.0,0,0,0,0,0,0,0,0.0,0.0
12_2406_rta_12_241009125640_4166---7.accordo.txt,0.0,0.0,0.0,0.0,0.0,0.0,0.0,0.0,0.0,0.0,0,0,0,0,0,0,0,0.0,0.0
12_2406_rta_12_241009125640_4166---7.accordo.txt,0.0,0.0,0.0,0.0,0.0,0.0,0.0,0.0,0.0,0.0,0,0,0,0,0,0,0,0.0,0.0
12_2406_rta_12_241003105319_4166---PROTOCOLLODIINTES1_2601def-signed-signed.txt,0.0,0.0,0.0,0.0,0.0,0.0,0.0,0.0,0.0,0.0,0,0,0,0,0,0,0,0.0,0.0
12_2406_rta_12_241003101925_4166---ProtocolloFormazioneObiettivoUomo.txt,0.0,0.0,0.0,0.0,0.0,0.0,0.0,0.0,0.0,0.0,0,0,0,0,0,0,0,0.0,0.0
12_2406_rta_12_241003101925_4166---ProtocolloFormazioneObiettivoUomo.txt,0.0,0.0,0.0,0.0,0.0,0.0,0.0,0.0,0.0,0.0,0,0,0,0,0,0,0,0.0,0.0
12_2406_rta_12_241008150836_4166---2.prot.txt,0.0,0.0,0.0,0.0,0.0,0.0,0.0,0.0,0.0,0.0,0,0,0,0,0,0,0,0.0,0.0
12_2406_rta_12_241008151247_4166---3.prot.txt,0.0,0.0,0.0,0.0,0.0,0.0,0.0,0.0,0.0,0.0,0,0,0,0,0,0,0,0.0,0.0
12_2406_rta_12_241002111710_4166---6protCAVSAPIENZA-SAPIENZAINMOVIMENTO.txt,0.0,0.0,0.0,0.0,0.0,0.0,0.0,0.0,0.0,0.0,1,0,0,0,0,0,0,0.0,1.0
13_2406_rta_13_241122102615_4166---PROTOCOLLOD_INTESACOMUNEAQ_donatellatelliniCAV2023.txt,0.0,0.0,0.0,0.0,0.0,0.0,0.0,0.0,0.0,0.0,0,0,0,0,0,0,0,0.0,0.0
01_2406_rta_01_241003115621_4166---ProtocolloCISCirie.txt,0.0,0.0,0.0,0.0,0.0,0.0,0.0,0.0,0.0,0.0,0,0,0,0,0,0,0,0.0,0.0
16_bari_Protocollo Gioia del Colle_ATS_Rete locale.txt,0.0,0.0,0.0,0.0,0.0,0.0,0.0,0.0,0.0,0.0,0,0,0,0,0,0,0,0.0,0.0
16_bari_protocollo operativo Mola di Bari_rete Antiviolenza.txt,0.0,0.0,0.0,0.0,0.0,0.0,0.0,0.0,0.0,0.0,1,0,0,0,0,0,0,0.0,1.0
01_2406_rta_01_240909103717_4166---PROTOCOLLORETEANTIVIOLENZASVOLTADONNA.txt,0.0,0.0,0.0,0.0,0.0,0.0,0.0,0.0,0.0,0.0,1,0,0,0,0,0,0,0.0,1.0
01_2406_rta_01_240904162242_4166---CONVENZIONETRAASLTO3ESVOLTADONNA.txt,0.0,0.0,0.0,0.0,0.0,0.0,0.0,0.0,0.0,0.0,0,0,0,0,0,0,0,0.0,0.0
01_2406_rta_01_241003115621_4166---ProtocolloCISCirie.txt,0.0,0.0,0.0,0.0,0.0,0.0,0.0,0.0,0.0,0.0,0,0,0,0,0,0,0,0.0,0.0
13_2406_rta_13_241122104428_4166---Protocollorete_ortonaCAVconsultoriodiocesano.txt,0.0,0.0,0.0,0.0,0.0,0.0,0.0,0.0,0.0,0.0,0,0,0,0,0,0,0,0.0,0.0
16_2406_rta_16_250409174252_4166---Protocollo_Intesa_LARA.txt,0.0,0.0,0.0,0.0,0.0,0.0,0.0,0.0,0.0,0.0,0,0,0,0,0,0,0,0.0,0.0
16_2406_rta_16_250409161633_4166---29_prot_n_0090671_2024_PROT_OP-ODVPOLIZIADISTATO-RISCOPRIRSI.txt,0.0,0.0,0.0,0.0,0.0,0.0,0.0,0.0,0.0,0.0,1,1,0,0,0,0,0,0.0,2.0
03_2406_rta_03_240926122051_4166---Protocollomonz.txt,0.0,0.0,0.0,0.0,0.0,0.0,0.0,0.0,0.0,0.0,0,0,1,0,0,0,0,0.0,1.0
03_2406_rta_03_240926122051_4166---Protocollomonz.txt,0.0,0.0,0.0,0.0,0.0,0.0,0.0,0.0,0.0,0.0,0,0,0,0,0,0,0,0.0,0.0
16_2406_rta_16_250409174252_4166---Protocollo_Intesa_LARA.txt,0.0,0.0,0.0,0.0,0.0,0.0,0.0,0.0,0.0,0.0,0,0,0,0,0,0,0,0.0,0.0
01_2406_rta_01_241003120726_4166---Protocollod'intesaCISSAC-Puntoacapo.txt,0.0,0.0,0.0,0.0,0.0,0.0,0.0,0.0,0.0,0.0,0,0,0,0,0,0,0,0.0,0.0
13_2406_rta_13_241122115416_4166---PROTOCOLLOPESCARA.txt,0.0,0.0,0.0,0.0,0.0,0.0,0.0,0.0,0.0,0.0,0,0,0,0,0,0,0,0.0,0.0
03_2406_rta_03_240926114940_4166---ProtocollodiintesaeAllegatoTecnico_SOTTOSCRITTO.txt,0.0,0.0,0.0,0.0,0.0,0.0,0.0,0.0,0.0,0.0,1,1,0,0,0,0,0,0.0,2.0
12_2406_rta_12_241003104626_4166---PROTOCOLLODIINTESAMUNICIPIOXV.txt,0.0,0.0,0.0,0.0,0.0,0.0,0.0,0.0,0.0,0.0,0,0,0,0,0,0,0,0.0,0.0
01_2406_rta_01_241002150739_4166---DeliberaCostituzioneOsservatorioSaluteDonne.txt,0.0,0.0,0.0,0.0,0.0,0.0,0.0,0.0,0.0,0.0,0,0,0,0,1,0,1,0.0,2.0
11_2406_rta_11_240911113757_4166---All.4ProtocolloReteAntiviolenzasottoscritto18.12.2023.txt,0.0,0.0,0.0,0.0,0.0,0.0,0.0,0.0,0.0,0.0,0,1,0,0,1,0,1,0.0,3.0
06_2406_rta_06_240916164258_4166---Protocolloviolenzadomesticaedigenere_30.09.2019.txt,0.0,0.0,0.0,0.0,0.0,0.0,0.0,0.0,0.0,0.0,0,1,0,0,1,0,1,0.0,3.0
16_bar_protocollo operativo Triggiano_rete antiviolenza.pdf.txt,0.0,0.0,0.0,0.0,0.0,0.0,0.0,0.0,0.0,0.0,0,0,0,0,1,0,1,0.0,2.0
08_2406_rta_08_241015091832_4166---P.G.111546-2023PROTOCOLLOOPERATIVOFENOMENOVIOLENZADONNE(1).txt,0.0,0.0,0.0,0.0,0.0,0.0,0.0,0.0,0.0,0.0,0,0,0,0,1,0,1,0.0,2.0
09_LIVORNO Protocollo_ RETE ANTIVIOLENZA_ LIVORNO.txt,0.0,0.0,0.0,0.0,0.0,0.0,0.0,0.0,0.0,0.0,0,0,0,0,1,0,1,0.0,2.0
12_2406_rta_12_241003104626_4166---PROTOCOLLODIINTESAMUNICIPIOXV.txt,0.0,0.0,0.0,0.0,0.0,0.0,0.0,0.0,0.0,0.0,0,0,0,0,1,0,1,0.0,2.0
02_2406_rta_02_240904124958_4166---lrn4del25feb2013.txt,0.0,0.0,0.0,0.0,0.0,0.0,0.0,0.0,0.0,0.0,0,0,0,0,1,0,1,0.0,2.0
12_2406_rta_12_240927093424_4166---ProtVMunMerlin.txt,0.0,0.0,0.0,0.0,0.0,0.0,0.0,0.0,0.0,0.0,1,1,1,0,1,0,1,0.0,5.0
08_2406_rta_08_241015091917_4166---Protocollo2022-2024.txt,0.0,0.0,0.0,0.0,0.0,0.0,0.0,0.0,0.0,0.0,0,0,0,0,0,0,0,0.0,0.0
08_2406_rta_08_241015091430_4166---Protocollo_Distrettuale_Contrasto_violenza_Donne2023.stamped.txt,0.0,0.0,0.0,0.0,0.0,0.0,0.0,0.0,0.0,0.0,1,0,0,0,0,0,0,0.0,1.0
16_bari_protocollo operativo Grumo_EMI.txt,0.0,0.0,0.0,0.0,0.0,0.0,0.0,0.0,0.0,0.0,1,0,0,0,0,0,0,0.0,1.0
12_2406_rta_12_241009125640_4166---7.accordo.txt,0.0,0.0,0.0,0.0,0.0,0.0,0.0,0.0,0.0,0.0,0,0,0,0,0,0,0,0.0,0.0
12_2406_rta_12_241009125640_4166---7.accordo.txt,0.0,0.0,0.0,0.0,0.0,0.0,0.0,0.0,0.0,0.0,0,0,0,0,0,0,0,0.0,0.0
12_2406_rta_12_241009125640_4166---7.accordo.txt,0.0,0.0,0.0,0.0,0.0,0.0,0.0,0.0,0.0,0.0,0,0,0,0,0,0,0,0.0,0.0
12_2406_rta_12_241002115125_4166---2protCAVTITANO-AmiciDiConcaD’oro.txt,0.0,0.0,0.0,0.0,0.0,0.0,0.0,0.0,0.0,0.0,0,0,0,0,0,0,0,0.0,0.0
03_2406_rta_03_240926122051_4166---Protocollomonz.txt,0.0,0.0,0.0,0.0,0.0,0.0,0.0,0.0,0.0,0.0,0,0,0,0,0,0,0,0.0,0.0
01_2406_rta_01_241002150739_4166---DeliberaCostituzioneOsservatorioSaluteDonne.txt,0.0,0.0,0.0,0.0,0.0,0.0,0.0,0.0,0.0,0.0,0,0,0,0,0,0,0,0.0,0.0
03_2406_rta_03_240923113114_4166---ProtocolloReteAddaMartesanasottoscritto.txt,0.0,0.0,0.0,0.0,0.0,0.0,0.0,0.0,0.0,0.0,0,0,0,0,0,0,0,0.0,0.0
08_2406_rta_08_241015091725_4166---Protoc-Prefett-2017.txt,0.0,0.0,0.0,0.0,0.0,0.0,0.0,0.0,0.0,0.0,0,0,0,0,0,0,0,0.0,0.0
07_2406_rta_07_240916163905_4166---PROTOCOLLOFIRMATO(002).txt,0.0,0.0,0.0,0.0,0.0,0.0,0.0,0.0,0.0,0.0,1,0,0,0,0,0,0,0.0,1.0
03_2406_rta_03_240923105244_4166---ProtocolloViolenzaMilanoFirme2023.txt,0.0,0.0,0.0,0.0,0.0,0.0,0.0,0.0,0.0,0.0,1,0,0,0,0,0,0,0.0,1.0
03_2406_rta_03_240926122051_4166---Protocollomonz.txt,0.0,0.0,0.0,0.0,0.0,0.0,0.0,0.0,0.0,0.0,0,0,0,0,0,0,0,0.0,0.0
13_2406_rta_13_241122102615_4166---PROTOCOLLOD_INTESACOMUNEAQ_donatellatelliniCAV2023.txt,0.0,0.0,0.0,0.0,0.0,0.0,0.0,0.0,0.0,0.0,0,0,0,0,0,0,0,0.0,0.0
16_2406_rta_16_250409174252_4166---Protocollo_Intesa_LARA.txt,0.0,0.0,0.0,0.0,0.0,0.0,0.0,0.0,0.0,0.0,0,0,0,0,0,0,0,0.0,0.0
05_2406_rta_05_240918144304_4166---Protocollo_ULSS2-DistrettoTreviso.txt,0.0,0.0,0.0,0.0,0.0,0.0,0.0,0.0,0.0,0.0,1,0,0,0,0,0,0,0.0,1.0
08_2406_rta_08_241015092024_4166---Protocollooperativo.txt,0.0,0.0,0.0,0.0,0.0,0.0,0.0,0.0,0.0,0.0,1,0,0,0,0,0,0,0.0,1.0
01_2406_rta_01_241003113501_4166---CCVD1deliberaprotocolloccvd-2024eall1prot.txt,0.0,0.0,0.0,0.0,0.0,0.0,0.0,0.0,0.0,0.0,1,0,0,0,0,0,0,0.0,1.0
20_2406_rta_20_250620094616_4166---Delibera52-22del23.12.2024-Allegato1.txt,0.0,0.0,0.0,0.0,0.0,0.0,0.0,0.0,0.0,0.0,1,1,0,0,0,0,0,0.0,2.0
01_2406_rta_01_240904162242_4166---CONVENZIONETRAASLTO3ESVOLTADONNA.txt,0.0,0.0,0.0,0.0,0.0,0.0,0.0,0.0,0.0,0.0,1,0,0,1,0,0,1,0.0,3.0
01_2406_rta_01_240904162242_4166---CONVENZIONETRAASLTO3ESVOLTADONNA.txt,0.0,0.0,0.0,0.0,0.0,0.0,0.0,0.0,0.0,0.0,1,0,0,1,0,0,1,0.0,3.0
08_2406_rta_08_241015091725_4166---Protoc-Prefett-2017.txt,0.0,0.0,0.0,0.0,0.0,0.0,0.0,0.0,0.0,0.0,0,0,0,0,0,0,0,0.0,0.0
08_2406_rta_08_241015091917_4166---Protocollo2022-2024.txt,0.0,0.0,0.0,0.0,0.0,0.0,0.0,0.0,0.0,0.0,0,0,0,0,0,0,0,0.0,0.0
02_2406_rta_02_240904124958_4166---lrn4del25feb2013.txt,0.0,0.0,0.0,0.0,0.0,0.0,0.0,0.0,0.0,0.0,0,0,0,0,0,0,0,0.0,0.0
03_2406_rta_03_240918153156_4166---Protocollo_d'Intesa_Rete_Mantova.prot.txt,0.0,0.0,0.0,0.0,0.0,0.0,0.0,0.0,0.0,0.0,1,0,0,0,0,0,0,0.0,1.0
12_2406_rta_12_241003114137_4166---PROTOCOLLODIINTESAROMAVOLLEYEDD.txt,0.0,0.0,0.0,0.0,0.0,0.0,0.0,0.0,0.0,0.0,1,1,0,0,0,0,0,0.0,2.0
12_2406_rta_12_241004134724_4166---02-ProtocolloconlaProvinciadiFrosinone.txt,0.0,0.0,0.0,0.0,0.0,0.0,0.0,0.0,0.0,0.0,0,0,0,0,0,0,0,0.0,0.0
01_2406_rta_01_241018142716_4166---protocolloreteVC.txt,0.0,0.0,0.0,0.0,0.0,0.0,0.0,0.0,0.0,0.0,1,1,1,0,0,1,1,0.0,5.0
05_2406_rta_05_240918144304_4166---Protocollo_ULSS2-DistrettoTreviso.txt,0.0,0.0,0.0,0.0,0.0,0.0,0.0,0.0,0.0,0.0,1,0,0,0,0,0,0,0.0,1.0
16_2406_rta_16_250409174252_4166---Protocollo_Intesa_LARA.txt,0.0,0.0,0.0,0.0,0.0,0.0,0.0,0.0,0.0,0.0,0,0,0,0,0,0,0,0.0,0.0
16_2406_rta_16_250410122122_4166---Protocollo_Viola.txt,0.0,0.0,0.0,0.0,0.0,0.0,0.0,0.0,0.0,0.0,0,0,0,0,0,0,0,0.0,0.0
08_2406_rta_08_241015091621_4166---PROTOCOLLO_22.txt,0.0,0.0,0.0,0.0,0.0,0.0,0.0,0.0,0.0,0.0,1,0,0,0,0,0,0,0.0,1.0
20_2406_rta_20_250620094616_4166---Delibera52-22del23.12.2024-Allegato1.txt,0.0,0.0,0.0,0.0,0.0,0.0,0.0,0.0,0.0,0.0,1,1,0,0,0,0,0,0.0,2.0
08_2406_rta_08_241015091621_4166---PROTOCOLLO_22.txt,0.0,0.0,0.0,0.0,0.0,0.0,0.0,0.0,0.0,0.0,1,0,0,0,0,0,0,0.0,1.0
18_2406_rta_18_240926102528_4166---PROTOCOLLOAISM_PICCOLAOPERA_firma.txt,0.0,0.0,0.0,0.0,0.0,0.0,0.0,0.0,0.0,0.0,1,0,0,1,0,0,1,0.0,3.0
09_SENESE Delibera-n.1196-del-24-10-2022-allegato-a_SENESE_2.txt,0.0,0.0,0.0,0.0,0.0,0.0,0.0,0.0,0.0,0.0,0,0,0,0,0,0,0,0.0,0.0
03_2406_rta_03_240926122707_4166---ProtocolloReteAntiviolenzaconfirme.txt,0.0,0.0,0.0,0.0,0.0,0.0,0.0,0.0,0.0,0.0,0,0,0,0,0,0,0,0.0,0.0
16_taranto_protocollo Prefettura ProvinciaTaranto.txt,0.0,0.0,0.0,0.0,0.0,0.0,0.0,0.0,0.0,0.0,1,0,0,0,0,0,0,0.0,1.0
08_2406_rta_08_241015091917_4166---Protocollo2022-2024.txt,0.0,0.0,0.0,0.0,0.0,0.0,0.0,0.0,0.0,0.0,0,0,0,0,0,0,0,0.0,0.0
12_2406_rta_12_240926123509_4166---2024.1153010-ACCORDOtraAPSPonteDonnaeAPSMammeFuoriCAVMarielleFranco-10-11(1).txt,0.0,0.0,0.0,0.0,0.0,0.0,0.0,0.0,0.0,0.0,0,0,0,0,0,0,0,0.0,0.0
12_2406_rta_12_241003113235_4166---Accordodifferenzadonna-29.09.2023-signed.txt,0.0,0.0,0.0,0.0,0.0,0.0,0.0,0.0,0.0,0.0,0,0,0,0,0,0,0,0.0,0.0
12_2406_rta_12_241003104626_4166---PROTOCOLLODIINTESAMUNICIPIOXV.txt,0.0,0.0,0.0,0.0,0.0,0.0,0.0,0.0,0.0,0.0,1,1,0,0,0,0,0,0.0,2.0
12_2406_rta_12_240927093424_4166---ProtVMunMerlin.txt,0.0,0.0,0.0,0.0,0.0,0.0,0.0,0.0,0.0,0.0,1,1,1,0,0,0,0,0.0,3.0
08_2406_rta_08_241015091355_4166---PROTOCOLLO_CONTRO_VIOLENZA_firmato2023.txt,0.0,0.0,0.0,0.0,0.0,0.0,0.0,0.0,0.0,0.0,1,1,0,0,0,0,0,0.0,2.0
13_2406_rta_13_241122103901_4166---Protocollirete_ortonaelancianoCAVdonn.ÿ.txt,0.0,0.0,0.0,0.0,0.0,0.0,0.0,0.0,0.0,0.0,1,1,1,0,0,0,0,0.0,3.0
16_2406_rta_16_250410122122_4166---Protocollo_Viola.txt,0.0,0.0,0.0,0.0,0.0,0.0,0.0,0.0,0.0,0.0,0,1,0,0,0,0,0,0.0,1.0
16_bari_protocollo operativo Mola di Bari_rete Antiviolenza.txt,0.0,0.0,0.0,0.0,0.0,0.0,0.0,0.0,0.0,0.0,1,0,0,0,0,0,0,0.0,1.0
09_ALTA VALDELSA Protocollo-violenza-valdelsa-2022_ALTA VALDELSA.txt,0.0,0.0,0.0,0.0,0.0,0.0,0.0,0.0,0.0,0.0,1,0,0,0,0,0,0,0.0,1.0
09_ALTA VALDELSA Protocollo-violenza-valdelsa-2022_ALTA VALDELSA.txt,0.0,0.0,0.0,0.0,0.0,0.0,0.0,0.0,0.0,0.0,1,0,0,0,0,0,0,0.0,1.0
08_2406_rta_08_241015091330_4166---Protocollo_intesa_autonomia_abitativa_donne_vittime_di_violenza_CittMtrBO.txt,0.0,0.0,0.0,0.0,0.0,0.0,0.0,0.0,0.0,0.0,1,1,0,0,0,0,0,0.0,2.0
09_SENESE Delibera-n.1196-del-24-10-2022-allegato-a_SENESE_2.txt,0.0,0.0,0.0,0.0,0.0,0.0,0.0,0.0,0.0,0.0,0,0,0,0,0,0,0,0.0,0.0
12_2406_rta_12_241008102339_4166---15-ConvenzionePreepost-Laureauniversitàdell'AQUILA.txt,0.0,0.0,0.0,0.0,0.0,0.0,0.0,0.0,0.0,0.0,1,0,0,0,0,0,0,0.0,1.0
12_2406_rta_12_241008102339_4166---15-ConvenzionePreepost-Laureauniversitàdell'AQUILA.txt,0.0,0.0,0.0,0.0,0.0,0.0,0.0,0.0,0.0,0.0,0,0,0,0,0,0,0,0.0,0.0
07_2406_rta_07_240916163905_4166---PROTOCOLLOFIRMATO(002).txt,0.0,0.0,0.0,0.0,0.0,0.0,0.0,0.0,0.0,0.0,1,1,0,0,0,0,0,0.0,2.0
12_2406_rta_12_241002112428_4166---7prot(mancapagina)CAVSAPIENZA-UNIVERSITàPOPOLAREVITAATIVA.txt,0.0,0.0,0.0,0.0,0.0,0.0,0.0,0.0,0.0,0.0,0,0,0,0,0,0,0,0.0,0.0
08_2406_rta_08_241015091917_4166---Protocollo2022-2024.txt,0.0,0.0,0.0,0.0,0.0,0.0,0.0,0.0,0.0,0.0,0,0,0,0,0,0,0,0.0,0.0
03_2406_rta_03_240920124656_4166---ProtocolloantiviolenzaDEFINITIVO(1).txt,0.0,0.0,0.0,0.0,0.0,0.0,0.0,0.0,0.0,0.0,1,0,0,0,0,0,0,0.0,1.0
01_2406_rta_01_240904162242_4166---CONVENZIONETRAASLTO3ESVOLTADONNA.txt,0.0,0.0,0.0,0.0,0.0,0.0,0.0,0.0,0.0,0.0,1,0,0,1,0,0,1,0.0,3.0
01_2406_rta_01_240904162242_4166---CONVENZIONETRAASLTO3ESVOLTADONNA.txt,0.0,0.0,0.0,0.0,0.0,0.0,0.0,0.0,0.0,0.0,1,0,0,1,0,0,1,0.0,3.0
06_2406_rta_06_240916164122_4166---prot_n_0119980_2024_Accordo(firmato).txt,0.0,0.0,0.0,0.0,0.0,0.0,0.0,0.0,0.0,0.0,0,0,0,0,0,0,0,0.0,0.0
01_2406_rta_01_241002150739_4166---DeliberaCostituzioneOsservatorioSaluteDonne.txt,0.0,0.0,0.0,0.0,0.0,0.0,0.0,0.0,0.0,0.0,0,0,0,0,0,0,0,0.0,0.0
03_2406_rta_03_240918153240_4166---Protocollod'intesaperl'IstituzionediunSistemaTerritorialeAntiviolenzainReteconAddendumSindacati.txt,0.0,0.0,0.0,0.0,0.0,0.0,0.0,0.0,0.0,0.0,1,0,0,0,0,0,0,0.0,1.0
12_2406_rta_12_241003110309_4166---ProtocollodiIntesaMunicipio1eDD.txt,0.0,0.0,0.0,0.0,0.0,0.0,0.0,0.0,0.0,0.0,1,0,0,0,0,0,0,0.0,1.0
03_2406_rta_03_240920120751_4166---protocollodiintesa.txt,0.0,0.0,0.0,0.0,0.0,0.0,0.0,0.0,0.0,0.0,1,0,0,0,0,0,0,0.0,1.0
03_2406_rta_03_240918153240_4166---Protocollod'intesaperl'IstituzionediunSistemaTerritorialeAntiviolenzainReteconAddendumSindacati.txt,0.0,0.0,0.0,0.0,0.0,0.0,0.0,0.0,0.0,0.0,1,0,0,0,0,0,0,0.0,1.0
01_2406_rta_01_241002150739_4166---DeliberaCostituzioneOsservatorioSaluteDonne.txt,0.0,0.0,0.0,0.0,0.0,0.0,0.0,0.0,0.0,0.0,1,0,0,0,1,0,1,0.0,3.0
02_2406_rta_02_240904124958_4166---lrn4del25feb2013.txt,0.0,0.0,0.0,0.0,0.0,0.0,0.0,0.0,0.0,0.0,1,0,0,0,0,0,0,0.0,1.0
01_2406_rta_01_241003124847_4166---2024-8928-2perinvio.txt,0.0,0.0,0.0,0.0,0.0,0.0,0.0,0.0,0.0,0.0,0,0,0,0,0,0,0,0.0,0.0
03_2406_rta_03_240918153252_4166---Protocollo+Appendice+LineeGuida_Datatodafirmare.txt,0.0,0.0,0.0,0.0,0.0,0.0,0.0,0.0,0.0,0.0,1,0,0,0,0,0,0,0.0,1.0
08_2406_rta_08_241015092024_4166---Protocollooperativo.txt,0.0,0.0,0.0,0.0,0.0,0.0,0.0,0.0,0.0,0.0,1,0,0,0,0,0,0,0.0,1.0
01_2406_rta_01_240904162242_4166---CONVENZIONETRAASLTO3ESVOLTADONNA.txt,0.0,0.0,0.0,0.0,0.0,0.0,0.0,0.0,0.0,0.0,1,1,0,0,0,0,0,0.0,2.0
08_2406_rta_08_241015092024_4166---Protocollooperativo.txt,0.0,0.0,0.0,0.0,0.0,0.0,0.0,0.0,0.0,0.0,1,0,0,0,0,0,0,0.0,1.0
01_2406_rta_01_241003113501_4166---CCVD1deliberaprotocolloccvd-2024eall1prot.txt,0.0,0.0,0.0,0.0,0.0,0.0,0.0,0.0,0.0,0.0,1,1,1,0,0,1,1,0.0,5.0
08_2406_rta_08_241015092024_4166---Protocollooperativo.txt,0.0,0.0,0.0,0.0,0.0,0.0,0.0,0.0,0.0,0.0,1,0,0,0,0,0,0,0.0,1.0
12_2406_rta_12_241003101925_4166---ProtocolloFormazioneObiettivoUomo.txt,0.0,0.0,0.0,0.0,0.0,0.0,0.0,0.0,0.0,0.0,0,0,0,0,0,0,0,0.0,0.0
01_2406_rta_01_241002150739_4166---DeliberaCostituzioneOsservatorioSaluteDonne.txt,0.0,0.0,0.0,0.0,0.0,0.0,0.0,0.0,0.0,0.0,0,0,0,0,0,0,0,0.0,0.0
03_2406_rta_03_240918153252_4166---Protocollo+Appendice+LineeGuida_Datatodafirmare.txt,0.0,0.0,0.0,0.0,0.0,0.0,0.0,0.0,0.0,0.0,1,1,1,0,0,1,1,0.0,5.0
12_2406_rta_12_241008102339_4166---15-ConvenzionePreepost-Laureauniversitàdell'AQUILA.txt,0.0,0.0,0.0,0.0,0.0,0.0,0.0,0.0,0.0,0.0,0,0,0,0,0,0,0,0.0,0.0
18_2406_rta_18_240926102943_4166---schemaAccordoCollaborazione499ARIEL_signed.txt,0.0,0.0,0.0,0.0,0.0,0.0,0.0,0.0,0.0,0.0,0,0,0,0,0,0,0,0.0,0.0
03_2406_rta_03_240923165401_4166---PROTOCOLLODIrete2020-2023_rev2confirmescan.txt,0.0,0.0,0.0,0.0,0.0,0.0,0.0,0.0,0.0,0.0,1,0,0,0,0,0,0,0.0,1.0
03_2406_rta_03_240923165401_4166---PROTOCOLLODIrete2020-2023_rev2confirmescan.txt,0.0,0.0,0.0,0.0,0.0,0.0,0.0,0.0,0.0,0.0,1,0,0,0,0,0,0,0.0,1.0
12_2406_rta_12_241003095202_4166---8ProtocolloUIL.txt,0.0,0.0,0.0,0.0,0.0,0.0,0.0,0.0,0.0,0.0,0,0,0,0,0,0,0,0.0,0.0
03_2406_rta_03_240923101524_4166---PROTOCOLLO_DI_INTESA_versione_DEFINITIVA2021.stamped.txt,0.0,0.0,0.0,0.0,0.0,0.0,0.0,0.0,0.0,0.0,1,1,1,0,0,0,0,0.0,3.0
05_2406_rta_05_240918144304_4166---Protocollo_ULSS2-DistrettoTreviso.txt,0.0,0.0,0.0,0.0,0.0,0.0,0.0,0.0,0.0,0.0,1,0,0,0,0,0,0,0.0,1.0
03_2406_rta_03_240923102947_4166---ProtSOTTOSCRITTO_ReteAntiviolenzaPiuIntegrazioneAprile2024(1).txt,0.0,0.0,0.0,0.0,0.0,0.0,0.0,0.0,0.0,0.0,1,1,0,0,0,0,0,0.0,2.0
03_2406_rta_03_240918153240_4166---Protocollod'intesaperl'IstituzionediunSistemaTerritorialeAntiviolenzainReteconAddendumSindacati.txt,0.0,0.0,0.0,0.0,0.0,0.0,0.0,0.0,0.0,0.0,1,1,1,0,0,0,0,0.0,3.0
11_2406_rta_11_240911113235_4166---MacerataProtocollo2019_2022Firmato.txt,0.0,0.0,0.0,0.0,0.0,0.0,0.0,0.0,0.0,0.0,1,1,0,0,0,0,0,0.0,2.0
03_2406_rta_03_240918153240_4166---Protocollod'intesaperl'IstituzionediunSistemaTerritorialeAntiviolenzainReteconAddendumSindacati.txt,0.0,0.0,0.0,0.0,0.0,0.0,0.0,0.0,0.0,0.0,1,1,0,0,0,0,0,0.0,2.0
03_2406_rta_03_240923102947_4166---ProtSOTTOSCRITTO_ReteAntiviolenzaPiuIntegrazioneAprile2024(1).txt,0.0,0.0,0.0,0.0,0.0,0.0,0.0,0.0,0.0,0.0,1,1,1,0,0,0,0,0.0,3.0
03_2406_rta_03_240925144919_4166---RETEDICOMO-PROTOCOLLOINTERIST.17novembre2023(1).txt,0.0,0.0,0.0,0.0,0.0,0.0,0.0,0.0,0.0,0.0,1,1,1,0,0,0,0,0.0,3.0
12_2406_rta_12_241009125640_4166---7.accordo.txt,0.0,0.0,0.0,0.0,0.0,0.0,0.0,0.0,0.0,0.0,0,0,0,0,0,0,0,0.0,0.0
12_2406_rta_12_241009125640_4166---7.accordo.txt,0.0,0.0,0.0,0.0,0.0,0.0,0.0,0.0,0.0,0.0,0,0,0,0,0,0,0,0.0,0.0
12_2406_rta_12_241002130504_4166---3Protocollid'intesa-TavoloInteristituzionaletraUfficiGiudiziaricompetentinelcircondariodiRomaavvocaturaecentriantiviolenza(1).txt,0.0,0.0,0.0,0.0,0.0,0.0,0.0,0.0,0.0,0.0,0,0,0,0,0,0,0,0.0,0.0
12_2406_rta_12_241003115345_4166---1.PROTOCOLLOTAVOLOINTERISTITUZIONALE.txt,0.0,0.0,0.0,0.0,0.0,0.0,0.0,0.0,0.0,0.0,0,0,0,0,0,0,0,0.0,0.0
08_2406_rta_08_241015091430_4166---Protocollo_Distrettuale_Contrasto_violenza_Donne2023.stamped.txt,0.0,0.0,0.0,0.0,0.0,0.0,0.0,0.0,0.0,0.0,1,1,0,0,1,0,1,0.0,4.0
08_2406_rta_08_241015091655_4166---Aggiornamentointegrazioneprotocollooperativoapprovatonelgiugno2008.txt,0.0,0.0,0.0,0.0,0.0,0.0,0.0,0.0,0.0,0.0,1,0,0,0,0,0,0,0.0,1.0
12_2406_rta_12_241003104626_4166---PROTOCOLLODIINTESAMUNICIPIOXV.txt,0.0,0.0,0.0,0.0,0.0,0.0,0.0,0.0,0.0,0.0,0,0,0,0,0,0,0,0.0,0.0
03_2406_rta_03_240926122051_4166---Protocollomonz.txt,0.0,0.0,0.0,0.0,0.0,0.0,0.0,0.0,0.0,0.0,1,1,0,0,0,0,0,0.0,2.0
12_2406_rta_12_241001133138_4166---1protCAVSAPIENZA-COMITATODIQUARTIERESANLORENZO(1).txt,0.0,0.0,0.0,0.0,0.0,0.0,0.0,0.0,0.0,0.0,0,0,0,0,0,0,0,0.0,0.0
01_2406_rta_01_240904121349_4166---convenzione.txt,0.0,0.0,0.0,0.0,0.0,0.0,0.0,0.0,0.0,0.0,1,1,0,0,0,0,0,0.0,2.0
01_2406_rta_01_240904162242_4166---CONVENZIONETRAASLTO3ESVOLTADONNA.txt,0.0,0.0,0.0,0.0,0.0,0.0,0.0,0.0,0.0,0.0,1,0,0,1,0,0,1,0.0,3.0
02_2406_rta_02_240904124958_4166---lrn4del25feb2013.txt,0.0,0.0,0.0,0.0,0.0,0.0,0.0,0.0,0.0,0.0,1,0,0,0,0,0,0,0.0,1.0
05_2406_rta_05_240917141534_4166---protocollodiretefirmato.txt,0.0,0.0,0.0,0.0,0.0,0.0,0.0,0.0,0.0,0.0,1,0,0,0,0,0,0,0.0,1.0
03_2406_rta_03_240923101524_4166---PROTOCOLLO_DI_INTESA_versione_DEFINITIVA2021.stamped.txt,0.0,0.0,0.0,0.0,0.0,0.0,0.0,0.0,0.0,0.0,1,1,0,0,0,0,0,0.0,2.0
12_2406_rta_12_241003120714_4166---ASLROMA5_.txt,0.0,0.0,0.0,0.0,0.0,0.0,0.0,0.0,0.0,0.0,1,0,0,0,0,0,0,0.0,1.0
03_2406_rta_03_240923163715_4166---PROTOCOLLOD'INTESA2017_2020.txt,0.0,0.0,0.0,0.0,0.0,0.0,0.0,0.0,0.0,0.0,0,0,0,0,0,0,0,0.0,0.0
12_2406_rta_12_240926113237_4166---Accordocavunuiversitari.txt,0.0,0.0,0.0,0.0,0.0,0.0,0.0,0.0,0.0,0.0,1,0,0,0,0,0,0,0.0,1.0
08_2406_rta_08_241015091655_4166---Aggiornamentointegrazioneprotocollooperativoapprovatonelgiugno2008.txt,0.0,0.0,0.0,0.0,0.0,0.0,0.0,0.0,0.0,0.0,0,0,0,0,0,1,1,0.0,2.0
01_2406_rta_01_241003113501_4166---CCVD1deliberaprotocolloccvd-2024eall1prot.txt,0.0,0.0,0.0,0.0,0.0,0.0,0.0,0.0,0.0,0.0,1,1,1,0,0,1,1,0.0,5.0
07_2406_rta_07_240916163905_4166---PROTOCOLLOFIRMATO(002).txt,0.0,0.0,0.0,0.0,0.0,0.0,0.0,0.0,0.0,0.0,1,0,0,0,0,1,1,0.0,3.0
03_2406_rta_03_240926123135_4166---ProtocollodiRete.txt,0.0,0.0,0.0,0.0,0.0,0.0,0.0,0.0,0.0,0.0,0,0,0,0,0,0,0,0.0,0.0
08_2406_rta_08_241015091655_4166---Aggiornamentointegrazioneprotocollooperativoapprovatonelgiugno2008.txt,0.0,0.0,0.0,0.0,0.0,0.0,0.0,0.0,0.0,0.0,0,0,0,0,0,1,1,0.0,2.0
03_2406_rta_03_240926114940_4166---ProtocollodiintesaeAllegatoTecnico_SOTTOSCRITTO.txt,0.0,0.0,0.0,0.0,0.0,0.0,0.0,0.0,0.0,0.0,1,1,1,0,0,0,0,0.0,3.0
08_2406_rta_08_241015091500_4166---Protocollo_autonomia_lavorativa_def.txt,0.0,0.0,0.0,0.0,0.0,0.0,0.0,0.0,0.0,0.0,1,1,0,0,0,0,0,0.0,2.0
05_2406_rta_05_240917141534_4166---protocollodiretefirmato.txt,0.0,0.0,0.0,0.0,0.0,0.0,0.0,0.0,0.0,0.0,0,0,0,0,0,0,0,0.0,0.0
16_2406_rta_16_250409174252_4166---Protocollo_Intesa_LARA.txt,0.0,0.0,0.0,0.0,0.0,0.0,0.0,0.0,0.0,0.0,1,1,0,0,0,0,0,0.0,2.0
12_2406_rta_12_241004135803_4166---03-ConvenzioneTribunaleOrdinariodiFrosinone.txt,0.0,0.0,0.0,0.0,0.0,0.0,0.0,0.0,0.0,0.0,1,0,0,0,0,0,0,0.0,1.0
12_2406_rta_12_241003101925_4166---ProtocolloFormazioneObiettivoUomo.txt,0.0,0.0,0.0,0.0,0.0,0.0,0.0,0.0,0.0,0.0,0,0,0,0,0,0,0,0.0,0.0
07_2406_rta_07_240916163933_4166---sub_14574431199510849525_Protocollo_LVLS-signed.txt,0.0,0.0,0.0,0.0,0.0,0.0,0.0,0.0,0.0,0.0,0,0,0,0,0,0,0,0.0,0.0
12_2406_rta_12_241004144338_4166---06-ProtocolloComunediVALLECORSA.txt,0.0,0.0,0.0,0.0,0.0,0.0,0.0,0.0,0.0,0.0,0,0,0,0,0,0,0,0.0,0.0
08_2406_rta_08_241015091330_4166---Protocollo_intesa_autonomia_abitativa_donne_vittime_di_violenza_CittMtrBO.txt,0.0,0.0,0.0,0.0,0.0,0.0,0.0,0.0,0.0,0.0,1,1,0,0,0,0,0,0.0,2.0
01_2406_rta_01_240924140705_4166---LesConvenzionecoprogettazione.txt,0.0,0.0,0.0,0.0,0.0,0.0,0.0,0.0,0.0,0.0,1,1,0,0,0,0,0,0.0,2.0
08_2406_rta_08_241015091330_4166---Protocollo_intesa_autonomia_abitativa_donne_vittime_di_violenza_CittMtrBO.txt,0.0,0.0,0.0,0.0,0.0,0.0,0.0,0.0,0.0,0.0,1,1,0,0,0,0,0,0.0,2.0
12_2406_rta_12_241008112319_4166---protocollo25.11.2023.txt,0.0,0.0,0.0,0.0,0.0,0.0,0.0,0.0,0.0,0.0,1,0,0,0,0,0,0,0.0,1.0
03_2406_rta_03_240923163715_4166---PROTOCOLLOD'INTESA2017_2020.txt,0.0,0.0,0.0,0.0,0.0,0.0,0.0,0.0,0.0,0.0,1,0,0,0,0,1,1,0.0,3.0
07_2406_rta_07_240916163933_4166---sub_14574431199510849525_Protocollo_LVLS-signed.txt,0.0,0.0,0.0,0.0,0.0,0.0,0.0,0.0,0.0,0.0,0,0,0,0,0,0,0,0.0,0.0
08_2406_rta_08_241015091430_4166---Protocollo_Distrettuale_Contrasto_violenza_Donne2023.stamped.txt,0.0,0.0,0.0,0.0,0.0,0.0,0.0,0.0,0.0,0.0,0,0,0,0,0,0,0,0.0,0.0
08_2406_rta_08_241015091553_4166---Protocollosullaviolenzadigenere_confirme_prot.txt,0.0,0.0,0.0,0.0,0.0,0.0,0.0,0.0,0.0,0.0,1,1,0,0,0,0,0,0.0,2.0
05_2406_rta_05_240916131522_4166---protocolloaggiornamento2023.txt,0.0,0.0,0.0,0.0,0.0,0.0,0.0,0.0,0.0,0.0,1,1,0,0,0,0,0,0.0,2.0
20_2406_rta_20_250620094616_4166---Delibera52-22del23.12.2024-Allegato1.txt,0.0,0.0,0.0,0.0,0.0,0.0,0.0,0.0,0.0,0.0,1,1,0,0,0,0,0,0.0,2.0
01_2406_rta_01_240909113151_4166---CONVENZIONERIVOLI.txt,0.0,0.0,0.0,0.0,0.0,0.0,0.0,0.0,0.0,0.0,1,0,0,1,0,0,1,0.0,3.0
12_2406_rta_12_241004141331_4166---ConvenzioneconilComunediCECCANO.txt,0.0,0.0,0.0,0.0,0.0,0.0,0.0,0.0,0.0,0.0,0,0,0,0,0,0,0,0.0,0.0
17_2406_rta_17_250506142731_4166---Tavolodicoordinamentoemonitoraggio30-01-24.txt,0.0,0.0,0.0,0.0,0.0,0.0,0.0,0.0,0.0,0.0,1,0,0,0,0,0,0,0.0,1.0
01_2406_rta_01_241003113501_4166---CCVD1deliberaprotocolloccvd-2024eall1prot.txt,0.0,0.0,0.0,0.0,0.0,0.0,0.0,0.0,0.0,0.0,1,1,1,0,0,0,0,0.0,3.0
16_2406_rta_16_250410122122_4166---Protocollo_Viola.txt,0.0,0.0,0.0,0.0,0.0,0.0,0.0,0.0,0.0,0.0,1,1,0,0,0,0,0,0.0,2.0
03_2406_rta_03_240918153240_4166---Protocollod'intesaperl'IstituzionediunSistemaTerritorialeAntiviolenzainReteconAddendumSindacati.txt,0.0,0.0,0.0,0.0,0.0,0.0,0.0,0.0,0.0,0.0,1,1,1,0,0,1,1,0.0,5.0
01_2406_rta_01_240920123646_4166---vercellieos.txt,0.0,0.0,0.0,0.0,0.0,0.0,0.0,0.0,0.0,0.0,1,1,1,0,0,0,0,0.0,3.0
16_bari_Protocollo Gioia del Colle_ATS_Rete locale.txt,0.0,0.0,0.0,0.0,0.0,0.0,0.0,0.0,0.0,0.0,1,0,0,0,0,1,1,0.0,3.0
08_2406_rta_08_241015091917_4166---Protocollo2022-2024.txt,0.0,0.0,0.0,0.0,0.0,0.0,0.0,0.0,0.0,0.0,1,1,1,0,0,0,0,0.0,3.0
01_2406_rta_01_240924140705_4166---LesConvenzionecoprogettazione.txt,0.0,0.0,0.0,0.0,0.0,0.0,0.0,0.0,0.0,0.0,0,0,0,0,0,0,0,0.0,0.0
05_2406_rta_05_240918144304_4166---Protocollo_ULSS2-DistrettoTreviso.txt,0.0,0.0,0.0,0.0,0.0,0.0,0.0,0.0,0.0,0.0,1,0,0,0,0,0,0,0.0,1.0
01_2406_rta_01_240909114524_4166---CONVENZIONEUNITO-SPORTANTIVIOLENZA.txt,0.0,0.0,0.0,0.0,0.0,0.0,0.0,0.0,0.0,0.0,1,0,0,0,0,0,0,0.0,1.0
06_2406_rta_06_240924164454_4166---protocollo_tempo_sospeso.txt,0.0,0.0,0.0,0.0,0.0,0.0,0.0,0.0,0.0,0.0,1,0,0,0,1,0,1,0.0,3.0
03_2406_rta_03_240923163715_4166---PROTOCOLLOD'INTESA2017_2020.txt,0.0,0.0,0.0,0.0,0.0,0.0,0.0,0.0,0.0,0.0,0,0,0,0,0,0,0,0.0,0.0
12_2406_rta_12_241002112428_4166---7prot(mancapagina)CAVSAPIENZA-UNIVERSITàPOPOLAREVITAATIVA.txt,0.0,0.0,0.0,0.0,0.0,0.0,0.0,0.0,0.0,0.0,1,1,0,0,0,0,0,0.0,2.0
12_2406_rta_12_240926134140_4166---Protocollointesa.txt,0.0,0.0,0.0,0.0,0.0,0.0,0.0,0.0,0.0,0.0,0,0,0,0,0,0,0,0.0,0.0
01_2406_rta_01_241002150739_4166---DeliberaCostituzioneOsservatorioSaluteDonne.txt,0.0,0.0,0.0,0.0,0.0,0.0,0.0,0.0,0.0,0.0,1,0,0,0,0,0,0,0.0,1.0
12_2406_rta_12_241003104626_4166---PROTOCOLLODIINTESAMUNICIPIOXV.txt,0.0,0.0,0.0,0.0,0.0,0.0,0.0,0.0,0.0,0.0,0,0,0,0,0,0,0,0.0,0.0
12_2406_rta_12_241003104626_4166---PROTOCOLLODIINTESAMUNICIPIOXV.txt,0.0,0.0,0.0,0.0,0.0,0.0,0.0,0.0,0.0,0.0,0,0,0,0,0,1,1,0.0,2.0
18_2406_rta_18_240926102419_4166---protocollodiintesaterritorialeunito.txt,0.0,0.0,0.0,0.0,0.0,0.0,0.0,0.0,0.0,0.0,1,0,0,0,0,0,0,0.0,1.0
12_2406_rta_12_241002122243_4166---2ProtocolloAssociazioneAllianceforAfricanAssistance(002).txt,0.0,0.0,0.0,0.0,0.0,0.0,0.0,0.0,0.0,0.0,0,0,0,0,0,0,0,0.0,0.0
07_2406_rta_07_240916163933_4166---sub_14574431199510849525_Protocollo_LVLS-signed.txt,0.0,0.0,0.0,0.0,0.0,0.0,0.0,0.0,0.0,0.0,0,0,0,0,0,0,0,0.0,0.0
12_2406_rta_12_241009125640_4166---7.accordo.txt,0.0,0.0,0.0,0.0,0.0,0.0,0.0,0.0,0.0,0.0,1,0,0,0,0,0,0,0.0,1.0
12_2406_rta_12_241009125640_4166---7.accordo.txt,0.0,0.0,0.0,0.0,0.0,0.0,0.0,0.0,0.0,0.0,0,0,0,0,0,0,0,0.0,0.0
01_2406_rta_01_241002150739_4166---DeliberaCostituzioneOsservatorioSaluteDonne.txt,0.0,0.0,0.0,0.0,0.0,0.0,0.0,0.0,0.0,0.0,1,0,0,0,0,1,1,0.0,3.0
01_2406_rta_01_241003113501_4166---CCVD1deliberaprotocolloccvd-2024eall1prot.txt,0.0,0.0,0.0,0.0,0.0,0.0,0.0,0.0,0.0,0.0,1,1,0,0,0,0,0,0.0,2.0
02_2406_rta_02_240904124958_4166---lrn4del25feb2013.txt,0.0,0.0,0.0,0.0,0.0,0.0,0.0,0.0,0.0,0.0,0,0,0,0,0,0,0,0.0,0.0
07_2406_rta_07_240916163933_4166---sub_14574431199510849525_Protocollo_LVLS-signed.txt,0.0,0.0,0.0,0.0,0.0,0.0,0.0,0.0,0.0,0.0,0,0,0,0,0,0,0,0.0,0.0
16_bar_protocollo operativo Triggiano_rete antiviolenza.pdf.txt,0.0,0.0,0.0,0.0,0.0,0.0,0.0,0.0,0.0,0.0,0,0,0,1,0,0,1,0.0,2.0
01_2406_rta_01_241003113501_4166---CCVD1deliberaprotocolloccvd-2024eall1prot.txt,0.0,0.0,0.0,0.0,0.0,0.0,0.0,0.0,0.0,0.0,1,0,0,0,0,0,0,0.0,1.0
01_2406_rta_01_241002150739_4166---DeliberaCostituzioneOsservatorioSaluteDonne.txt,0.0,0.0,0.0,0.0,0.0,0.0,0.0,0.0,0.0,0.0,1,0,0,0,1,0,1,0.0,3.0
01_2406_rta_01_241002150739_4166---DeliberaCostituzioneOsservatorioSaluteDonne.txt,0.0,0.0,0.0,0.0,0.0,0.0,0.0,0.0,0.0,0.0,1,0,0,0,1,0,1,0.0,3.0
12_2406_rta_12_241004092644_4166---5potCAVPAOLALATTESnantes(1).txt,0.0,0.0,0.0,0.0,0.0,0.0,0.0,0.0,0.0,0.0,0,0,0,0,0,0,0,0.0,0.0
12_2406_rta_12_241004133706_4166---ProtocollodiretePREFETTURAFrosinone(1).txt,0.0,0.0,0.0,0.0,0.0,0.0,0.0,0.0,0.0,0.0,0,0,0,0,0,0,0,0.0,0.0
02_2406_rta_02_240904124958_4166---lrn4del25feb2013.txt,0.0,0.0,0.0,0.0,0.0,0.0,0.0,0.0,0.0,0.0,1,0,0,0,1,0,1,0.0,3.0
08_2406_rta_08_241015091310_4166---Accordo_Contrasto_alla_violenza_CittMtrBO.txt,0.0,0.0,0.0,0.0,0.0,0.0,0.0,0.0,0.0,0.0,1,0,0,0,0,0,0,0.0,1.0
03_2406_rta_03_240920093134_4166---Protocollo_Intesa_Rete_Antiviolenza_SudEstMilano_Paullese_2021-2023.txt,0.0,0.0,0.0,0.0,0.0,0.0,0.0,0.0,0.0,0.0,1,1,1,0,0,0,0,0.0,3.0
03_2406_rta_03_240926122051_4166---Protocollomonz.txt,0.0,0.0,0.0,0.0,0.0,0.0,0.0,0.0,0.0,0.0,1,1,1,0,0,0,0,0.0,3.0
03_2406_rta_03_240926122051_4166---Protocollomonz.txt,0.0,0.0,0.0,0.0,0.0,0.0,0.0,0.0,0.0,0.0,1,1,1,0,0,0,0,0.0,3.0
03_2406_rta_03_240926122051_4166---Protocollomonz.txt,0.0,0.0,0.0,0.0,0.0,0.0,0.0,0.0,0.0,0.0,1,1,1,0,0,0,0,0.0,3.0
16_bar_protocollo operativo Triggiano_rete antiviolenza.pdf.txt,0.0,0.0,0.0,0.0,0.0,0.0,0.0,0.0,0.0,0.0,1,1,0,0,0,0,0,0.0,2.0
03_2406_rta_03_240926122051_4166---Protocollomonz.txt,0.0,0.0,0.0,0.0,0.0,0.0,0.0,0.0,0.0,0.0,1,1,1,0,0,0,0,0.0,3.0
11_2406_rta_11_240911113105_4166---PROTOCOLLO_OPERATIVO2024_CONINDIRIZZARIO_FIRMATO.txt,0.0,0.0,0.0,0.0,0.0,0.0,0.0,0.0,0.0,0.0,1,0,0,0,0,0,0,0.0,1.0
11_2406_rta_11_240911113105_4166---PROTOCOLLO_OPERATIVO2024_CONINDIRIZZARIO_FIRMATO.txt,0.0,0.0,0.0,0.0,0.0,0.0,0.0,0.0,0.0,0.0,1,1,0,0,0,0,0,0.0,2.0
11_2406_rta_11_240911113105_4166---PROTOCOLLO_OPERATIVO2024_CONINDIRIZZARIO_FIRMATO.txt,0.0,0.0,0.0,0.0,0.0,0.0,0.0,0.0,0.0,0.0,1,0,0,0,0,0,0,0.0,1.0
11_2406_rta_11_240911113105_4166---PROTOCOLLO_OPERATIVO2024_CONINDIRIZZARIO_FIRMATO.txt,0.0,0.0,0.0,0.0,0.0,0.0,0.0,0.0,0.0,0.0,1,0,0,0,0,0,0,0.0,1.0
11_2406_rta_11_240911113105_4166---PROTOCOLLO_OPERATIVO2024_CONINDIRIZZARIO_FIRMATO.txt,0.0,0.0,0.0,0.0,0.0,0.0,0.0,0.0,0.0,0.0,1,0,0,0,0,0,0,0.0,1.0
11_2406_rta_11_240911113105_4166---PROTOCOLLO_OPERATIVO2024_CONINDIRIZZARIO_FIRMATO.txt,0.0,0.0,0.0,0.0,0.0,0.0,0.0,0.0,0.0,0.0,1,0,0,0,0,0,0,0.0,1.0
07_2406_rta_07_240916163905_4166---PROTOCOLLOFIRMATO(002).txt,0.0,0.0,0.0,0.0,0.0,0.0,0.0,0.0,0.0,0.0,1,0,0,0,0,0,0,0.0,1.0
16_terreg_Prot_CGIL - CISL - CONFINDUSTRIA_CAV.txt,0.0,0.0,0.0,0.0,0.0,0.0,0.0,0.0,0.0,0.0,1,0,0,0,0,0,0,0.0,1.0
03_2406_rta_03_240920120751_4166---protocollodiintesa.txt,0.0,0.0,0.0,0.0,0.0,0.0,0.0,0.0,0.0,0.0,0,0,0,0,0,0,0,0.0,0.0
"03_2406_rta_03_240923164603_4166---ProtocolloreteantiviolenzaBusto,Gallarate,Saronno,SommaLombardo-2024.txt",0.0,0.0,0.0,0.0,0.0,0.0,0.0,0.0,0.0,0.0,1,0,0,0,0,0,0,0.0,1.0
16_lecce_Protocollo Operativo - Procedure integrate per la prevenzione e il contrasto alla violenza contro donne e minori - Copia_Marcato.txt,0.0,0.0,0.0,0.0,0.0,0.0,0.0,0.0,0.0,0.0,1,0,0,0,0,0,0,0.0,1.0
11_2406_rta_11_240911113105_4166---PROTOCOLLO_OPERATIVO2024_CONINDIRIZZARIO_FIRMATO.txt,0.0,0.0,0.0,0.0,0.0,0.0,0.0,0.0,0.0,0.0,1,1,0,0,0,0,0,0.0,2.0
16_2406_rta_16_250409174252_4166---Protocollo_Intesa_LARA.txt,0.0,0.0,0.0,0.0,0.0,0.0,0.0,0.0,0.0,0.0,1,1,1,0,0,0,0,0.0,3.0
12_2406_rta_12_241001130527_4166---protocollocontrolaviolenzadigenere.pdfpdf.txt,0.0,0.0,0.0,0.0,0.0,0.0,0.0,0.0,0.0,0.0,1,1,0,0,0,0,0,0.0,2.0
03_2406_rta_03_240920120751_4166---protocollodiintesa.txt,0.0,0.0,0.0,0.0,0.0,0.0,0.0,0.0,0.0,0.0,1,1,0,0,0,0,0,0.0,2.0
03_2406_rta_03_240920120751_4166---protocollodiintesa.txt,0.0,0.0,0.0,0.0,0.0,0.0,0.0,0.0,0.0,0.0,1,1,0,0,0,0,0,0.0,2.0
03_2406_rta_03_240920120751_4166---protocollodiintesa.txt,0.0,0.0,0.0,0.0,0.0,0.0,0.0,0.0,0.0,0.0,1,1,0,0,0,0,0,0.0,2.0
03_2406_rta_03_240920120751_4166---protocollodiintesa.txt,0.0,0.0,0.0,0.0,0.0,0.0,0.0,0.0,0.0,0.0,1,1,0,0,0,0,0,0.0,2.0
16_taranto_protocollo Prefettura ProvinciaTaranto.txt,0.0,0.0,0.0,0.0,0.0,0.0,0.0,0.0,0.0,0.0,1,0,0,0,0,0,0,0.0,1.0
06_2406_rta_06_240924164454_4166---protocollo_tempo_sospeso.txt,0.0,0.0,0.0,0.0,0.0,0.0,0.0,0.0,0.0,0.0,1,1,0,0,0,0,0,0.0,2.0
03_2406_rta_03_240923113114_4166---ProtocolloReteAddaMartesanasottoscritto.txt,0.0,0.0,0.0,0.0,0.0,0.0,0.0,0.0,0.0,0.0,1,1,1,0,0,0,0,0.0,3.0
03_2406_rta_03_240923113114_4166---ProtocolloReteAddaMartesanasottoscritto.txt,0.0,0.0,0.0,0.0,0.0,0.0,0.0,0.0,0.0,0.0,1,1,1,0,0,0,0,0.0,3.0
03_2406_rta_03_240923113114_4166---ProtocolloReteAddaMartesanasottoscritto.txt,0.0,0.0,0.0,0.0,0.0,0.0,0.0,0.0,0.0,0.0,1,1,1,0,0,0,0,0.0,3.0
03_2406_rta_03_240923113114_4166---ProtocolloReteAddaMartesanasottoscritto.txt,0.0,0.0,0.0,0.0,0.0,0.0,0.0,0.0,0.0,0.0,1,1,1,0,0,0,0,0.0,3.0
06_2406_rta_06_240916164102_4166---protocollopordenoneprefettura.txt,0.0,0.0,0.0,0.0,0.0,0.0,0.0,0.0,0.0,0.0,1,1,0,1,0,0,1,0.0,4.0
06_2406_rta_06_240916164102_4166---protocollopordenoneprefettura.txt,0.0,0.0,0.0,0.0,0.0,0.0,0.0,0.0,0.0,0.0,1,1,0,1,0,0,1,0.0,4.0
06_2406_rta_06_240916164102_4166---protocollopordenoneprefettura.txt,0.0,0.0,0.0,0.0,0.0,0.0,0.0,0.0,0.0,0.0,1,1,0,1,0,0,1,0.0,4.0
06_2406_rta_06_240916164102_4166---protocollopordenoneprefettura.txt,0.0,0.0,0.0,0.0,0.0,0.0,0.0,0.0,0.0,0.0,1,1,0,1,0,0,1,0.0,4.0
03_2406_rta_03_240923163715_4166---PROTOCOLLOD'INTESA2017_2020.txt,0.0,0.0,0.0,0.0,0.0,0.0,0.0,0.0,0.0,0.0,1,1,0,0,0,0,0,0.0,2.0
03_2406_rta_03_240923163715_4166---PROTOCOLLOD'INTESA2017_2020.txt,0.0,0.0,0.0,0.0,0.0,0.0,0.0,0.0,0.0,0.0,1,1,0,0,0,0,0,0.0,2.0
03_2406_rta_03_240923163715_4166---PROTOCOLLOD'INTESA2017_2020.txt,0.0,0.0,0.0,0.0,0.0,0.0,0.0,0.0,0.0,0.0,1,1,0,0,0,0,0,0.0,2.0
03_2406_rta_03_240923163715_4166---PROTOCOLLOD'INTESA2017_2020.txt,0.0,0.0,0.0,0.0,0.0,0.0,0.0,0.0,0.0,0.0,1,1,0,0,0,0,0,0.0,2.0
03_2406_rta_03_240923163715_4166---PROTOCOLLOD'INTESA2017_2020.txt,0.0,0.0,0.0,0.0,0.0,0.0,0.0,0.0,0.0,0.0,1,1,0,0,0,0,0,0.0,2.0
13_2406_rta_13_241122104842_4166---Protocollodirete_DAFNE.txt,0.0,0.0,0.0,0.0,0.0,0.0,0.0,0.0,0.0,0.0,0,0,0,0,0,0,0,0.0,0.0
13_2406_rta_13_241122103901_4166---Protocollirete_ortonaelancianoCAVdonn.ÿ.txt,0.0,0.0,0.0,0.0,0.0,0.0,0.0,0.0,0.0,0.0,1,0,0,0,0,0,0,0.0,1.0
03_2406_rta_03_240918153240_4166---Protocollod'intesaperl'IstituzionediunSistemaTerritorialeAntiviolenzainReteconAddendumSindacati.txt,0.0,0.0,0.0,0.0,0.0,0.0,0.0,0.0,0.0,0.0,1,1,0,0,0,0,0,0.0,2.0
03_2406_rta_03_240918153240_4166---Protocollod'intesaperl'IstituzionediunSistemaTerritorialeAntiviolenzainReteconAddendumSindacati.txt,0.0,0.0,0.0,0.0,0.0,0.0,0.0,0.0,0.0,0.0,1,1,1,0,0,0,0,0.0,3.0
03_2406_rta_03_240918153240_4166---Protocollod'intesaperl'IstituzionediunSistemaTerritorialeAntiviolenzainReteconAddendumSindacati.txt,0.0,0.0,0.0,0.0,0.0,0.0,0.0,0.0,0.0,0.0,1,1,0,0,0,0,0,0.0,2.0
20_2406_rta_20_250620094616_4166---Delibera52-22del23.12.2024-Allegato1.txt,0.0,0.0,0.0,0.0,0.0,0.0,0.0,0.0,0.0,0.0,1,1,0,0,0,0,0,0.0,2.0
20_2406_rta_20_250620094616_4166---Delibera52-22del23.12.2024-Allegato1.txt,0.0,0.0,0.0,0.0,0.0,0.0,0.0,0.0,0.0,0.0,1,1,0,0,0,0,0,0.0,2.0
20_2406_rta_20_250620094616_4166---Delibera52-22del23.12.2024-Allegato1.txt,0.0,0.0,0.0,0.0,0.0,0.0,0.0,0.0,0.0,0.0,1,1,0,0,0,0,0,0.0,2.0
20_2406_rta_20_250620094616_4166---Delibera52-22del23.12.2024-Allegato1.txt,0.0,0.0,0.0,0.0,0.0,0.0,0.0,0.0,0.0,0.0,1,1,0,0,0,0,0,0.0,2.0
20_2406_rta_20_250620094616_4166---Delibera52-22del23.12.2024-Allegato1.txt,0.0,0.0,0.0,0.0,0.0,0.0,0.0,0.0,0.0,0.0,1,1,0,0,0,0,0,0.0,2.0
20_2406_rta_20_250620094616_4166---Delibera52-22del23.12.2024-Allegato1.txt,0.0,0.0,0.0,0.0,0.0,0.0,0.0,0.0,0.0,0.0,1,1,0,0,0,0,0,0.0,2.0
20_2406_rta_20_250620094616_4166---Delibera52-22del23.12.2024-Allegato1.txt,0.0,0.0,0.0,0.0,0.0,0.0,0.0,0.0,0.0,0.0,1,1,0,0,0,0,0,0.0,2.0
20_2406_rta_20_250620094616_4166---Delibera52-22del23.12.2024-Allegato1.txt,0.0,0.0,0.0,0.0,0.0,0.0,0.0,0.0,0.0,0.0,1,1,0,0,0,0,0,0.0,2.0
20_2406_rta_20_250620094616_4166---Delibera52-22del23.12.2024-Allegato1.txt,0.0,0.0,0.0,0.0,0.0,0.0,0.0,0.0,0.0,0.0,1,1,0,0,0,0,0,0.0,2.0
20_2406_rta_20_250620094616_4166---Delibera52-22del23.12.2024-Allegato1.txt,0.0,0.0,0.0,0.0,0.0,0.0,0.0,0.0,0.0,0.0,1,1,0,0,0,0,0,0.0,2.0
20_2406_rta_20_250620094616_4166---Delibera52-22del23.12.2024-Allegato1.txt,0.0,0.0,0.0,0.0,0.0,0.0,0.0,0.0,0.0,0.0,1,1,0,0,0,0,0,0.0,2.0
20_2406_rta_20_250620094616_4166---Delibera52-22del23.12.2024-Allegato1.txt,0.0,0.0,0.0,0.0,0.0,0.0,0.0,0.0,0.0,0.0,1,1,0,0,0,0,0,0.0,2.0
20_2406_rta_20_250620094616_4166---Delibera52-22del23.12.2024-Allegato1.txt,0.0,0.0,0.0,0.0,0.0,0.0,0.0,0.0,0.0,0.0,1,1,0,0,0,0,0,0.0,2.0
20_2406_rta_20_250620094616_4166---Delibera52-22del23.12.2024-Allegato1.txt,0.0,0.0,0.0,0.0,0.0,0.0,0.0,0.0,0.0,0.0,1,1,0,0,0,0,0,0.0,2.0
20_2406_rta_20_250620094616_4166---Delibera52-22del23.12.2024-Allegato1.txt,0.0,0.0,0.0,0.0,0.0,0.0,0.0,0.0,0.0,0.0,1,1,0,0,0,0,0,0.0,2.0
20_2406_rta_20_250620094616_4166---Delibera52-22del23.12.2024-Allegato1.txt,0.0,0.0,0.0,0.0,0.0,0.0,0.0,0.0,0.0,0.0,1,1,0,0,0,0,0,0.0,2.0
20_2406_rta_20_250620094616_4166---Delibera52-22del23.12.2024-Allegato1.txt,0.0,0.0,0.0,0.0,0.0,0.0,0.0,0.0,0.0,0.0,1,1,0,0,0,0,0,0.0,2.0
20_2406_rta_20_250620094616_4166---Delibera52-22del23.12.2024-Allegato1.txt,0.0,0.0,0.0,0.0,0.0,0.0,0.0,0.0,0.0,0.0,1,1,0,0,0,0,0,0.0,2.0
20_2406_rta_20_250620094616_4166---Delibera52-22del23.12.2024-Allegato1.txt,0.0,0.0,0.0,0.0,0.0,0.0,0.0,0.0,0.0,0.0,1,1,0,0,0,0,0,0.0,2.0
20_2406_rta_20_250620094616_4166---Delibera52-22del23.12.2024-Allegato1.txt,0.0,0.0,0.0,0.0,0.0,0.0,0.0,0.0,0.0,0.0,1,1,0,0,0,0,0,0.0,2.0
20_2406_rta_20_250620094616_4166---Delibera52-22del23.12.2024-Allegato1.txt,0.0,0.0,0.0,0.0,0.0,0.0,0.0,0.0,0.0,0.0,1,1,0,0,0,0,0,0.0,2.0
20_2406_rta_20_250620094616_4166---Delibera52-22del23.12.2024-Allegato1.txt,0.0,0.0,0.0,0.0,0.0,0.0,0.0,0.0,0.0,0.0,1,1,0,0,0,0,0,0.0,2.0
20_2406_rta_20_250620094616_4166---Delibera52-22del23.12.2024-Allegato1.txt,0.0,0.0,0.0,0.0,0.0,0.0,0.0,0.0,0.0,0.0,1,1,0,0,0,0,0,0.0,2.0
20_2406_rta_20_250620094616_4166---Delibera52-22del23.12.2024-Allegato1.txt,0.0,0.0,0.0,0.0,0.0,0.0,0.0,0.0,0.0,0.0,1,1,0,0,0,0,0,0.0,2.0
20_2406_rta_20_250620094616_4166---Delibera52-22del23.12.2024-Allegato1.txt,0.0,0.0,0.0,0.0,0.0,0.0,0.0,0.0,0.0,0.0,1,1,0,0,0,0,0,0.0,2.0
20_2406_rta_20_250620094616_4166---Delibera52-22del23.12.2024-Allegato1.txt,0.0,0.0,0.0,0.0,0.0,0.0,0.0,0.0,0.0,0.0,1,1,0,0,0,0,0,0.0,2.0
13_2406_rta_13_241122111153_4166---PROTOCOLLOCASTELDISANGROEASL.txt,0.0,0.0,0.0,0.0,0.0,0.0,0.0,0.0,0.0,0.0,1,1,0,0,0,0,0,0.0,2.0
13_2406_rta_13_241122105938_4166---ACCORDOOPERATIVO.txt,0.0,0.0,0.0,0.0,0.0,0.0,0.0,0.0,0.0,0.0,0,0,0,0,0,0,0,0.0,0.0
13_2406_rta_13_241122111153_4166---PROTOCOLLOCASTELDISANGROEASL.txt,0.0,0.0,0.0,0.0,0.0,0.0,0.0,0.0,0.0,0.0,1,1,0,0,0,0,0,0.0,2.0
03_2406_rta_03_240924144947_4166---Protocollod'IntesaReteAntiviolenzaIsolaBergamascaeBassaValSanMartino2024.txt,0.0,0.0,0.0,0.0,0.0,0.0,0.0,0.0,0.0,0.0,1,1,0,0,0,0,0,0.0,2.0
03_2406_rta_03_240923114012_4166---23-9-2024ProtocolloReteRita_signed_signed_signedDEF_signed_signed-signed_signed(1).txt,0.0,0.0,0.0,0.0,0.0,0.0,0.0,0.0,0.0,0.0,1,1,0,0,0,0,0,0.0,2.0
11_2406_rta_11_240911113757_4166---All.4ProtocolloReteAntiviolenzasottoscritto18.12.2023.txt,0.0,0.0,0.0,0.0,0.0,0.0,0.0,0.0,0.0,0.0,0,0,0,0,0,0,0,0.0,0.0
11_2406_rta_11_240911113034_4166---protocollodireteantiviolenza2020-2022-uuvv.txt,0.0,0.0,0.0,0.0,0.0,0.0,0.0,0.0,0.0,0.0,1,1,0,0,0,0,0,0.0,2.0
11_2406_rta_11_240911113034_4166---protocollodireteantiviolenza2020-2022-uuvv.txt,0.0,0.0,0.0,0.0,0.0,0.0,0.0,0.0,0.0,0.0,1,1,0,0,0,0,0,0.0,2.0
11_2406_rta_11_240911113034_4166---protocollodireteantiviolenza2020-2022-uuvv.txt,0.0,0.0,0.0,0.0,0.0,0.0,0.0,0.0,0.0,0.0,1,1,0,0,0,0,0,0.0,2.0
11_2406_rta_11_240911113034_4166---protocollodireteantiviolenza2020-2022-uuvv.txt,0.0,0.0,0.0,0.0,0.0,0.0,0.0,0.0,0.0,0.0,1,1,0,0,0,0,0,0.0,2.0
11_2406_rta_11_240911113034_4166---protocollodireteantiviolenza2020-2022-uuvv.txt,0.0,0.0,0.0,0.0,0.0,0.0,0.0,0.0,0.0,0.0,1,1,0,0,0,0,0,0.0,2.0
03_2406_rta_03_240923114012_4166---23-9-2024ProtocolloReteRita_signed_signed_signedDEF_signed_signed-signed_signed(1).txt,0.0,0.0,0.0,0.0,0.0,0.0,0.0,0.0,0.0,0.0,1,1,0,0,0,0,0,0.0,2.0
03_2406_rta_03_240920124656_4166---ProtocolloantiviolenzaDEFINITIVO(1).txt,0.0,0.0,0.0,0.0,0.0,0.0,0.0,0.0,0.0,0.0,1,0,0,0,0,0,0,0.0,1.0
03_2406_rta_03_240920124656_4166---ProtocolloantiviolenzaDEFINITIVO(1).txt,0.0,0.0,0.0,0.0,0.0,0.0,0.0,0.0,0.0,0.0,1,1,0,0,0,0,0,0.0,2.0
03_2406_rta_03_240923114012_4166---23-9-2024ProtocolloReteRita_signed_signed_signedDEF_signed_signed-signed_signed(1).txt,0.0,0.0,0.0,0.0,0.0,0.0,0.0,0.0,0.0,0.0,1,1,0,0,0,0,0,0.0,2.0
11_2406_rta_11_240911113757_4166---All.4ProtocolloReteAntiviolenzasottoscritto18.12.2023.txt,0.0,0.0,0.0,0.0,0.0,0.0,0.0,0.0,0.0,0.0,1,1,0,0,0,0,0,0.0,2.0
11_2406_rta_11_240911113757_4166---All.4ProtocolloReteAntiviolenzasottoscritto18.12.2023.txt,0.0,0.0,0.0,0.0,0.0,0.0,0.0,0.0,0.0,0.0,1,1,0,0,0,0,0,0.0,2.0
11_2406_rta_11_240911113757_4166---All.4ProtocolloReteAntiviolenzasottoscritto18.12.2023.txt,0.0,0.0,0.0,0.0,0.0,0.0,0.0,0.0,0.0,0.0,1,1,0,0,0,0,0,0.0,2.0
16_bari_protocollo operativo Gioia del Colle_EMI.txt,0.0,0.0,0.0,0.0,0.0,0.0,0.0,0.0,0.0,0.0,1,1,1,0,0,1,1,0.0,5.0
16_bari_Protocollo Gioia del Colle_ATS_Rete locale.txt,0.0,0.0,0.0,0.0,0.0,0.0,0.0,0.0,0.0,0.0,1,0,0,0,0,0,0,0.0,1.0
03_2406_rta_03_240923114012_4166---23-9-2024ProtocolloReteRita_signed_signed_signedDEF_signed_signed-signed_signed(1).txt,0.0,0.0,0.0,0.0,0.0,0.0,0.0,0.0,0.0,0.0,1,1,0,0,0,0,0,0.0,2.0
16_bari_protocollo operativo Grumo_EMI.txt,0.0,0.0,0.0,0.0,0.0,0.0,0.0,0.0,0.0,0.0,1,1,1,0,0,0,0,0.0,3.0
03_2406_rta_03_240923114012_4166---23-9-2024ProtocolloReteRita_signed_signed_signedDEF_signed_signed-signed_signed(1).txt,0.0,0.0,0.0,0.0,0.0,0.0,0.0,0.0,0.0,0.0,1,1,0,0,0,0,0,0.0,2.0
16_bari_protocollo operativo Putignano_EMI.txt,0.0,0.0,0.0,0.0,0.0,0.0,0.0,0.0,0.0,0.0,1,1,1,0,0,0,0,0.0,3.0
03_2406_rta_03_240923114012_4166---23-9-2024ProtocolloReteRita_signed_signed_signedDEF_signed_signed-signed_signed(1).txt,0.0,0.0,0.0,0.0,0.0,0.0,0.0,0.0,0.0,0.0,1,1,1,0,0,0,0,0.0,3.0
11_2406_rta_11_240911113235_4166---MacerataProtocollo2019_2022Firmato.txt,0.0,0.0,0.0,0.0,0.0,0.0,0.0,0.0,0.0,0.0,1,1,0,0,0,0,0,0.0,2.0
11_2406_rta_11_240911113235_4166---MacerataProtocollo2019_2022Firmato.txt,0.0,0.0,0.0,0.0,0.0,0.0,0.0,0.0,0.0,0.0,1,1,0,0,0,1,1,0.0,4.0
11_2406_rta_11_240911113235_4166---MacerataProtocollo2019_2022Firmato.txt,0.0,0.0,0.0,0.0,0.0,0.0,0.0,0.0,0.0,0.0,1,1,0,0,0,0,0,0.0,2.0
11_2406_rta_11_240911113235_4166---MacerataProtocollo2019_2022Firmato.txt,0.0,0.0,0.0,0.0,0.0,0.0,0.0,0.0,0.0,0.0,1,1,0,0,0,0,0,0.0,2.0
11_2406_rta_11_240911113235_4166---MacerataProtocollo2019_2022Firmato.txt,0.0,0.0,0.0,0.0,0.0,0.0,0.0,0.0,0.0,0.0,1,1,0,0,0,0,0,0.0,2.0
11_2406_rta_11_240911113911_4166---AscoliPPROTOCOLLOoperativo_2019_2021.txt,0.0,0.0,0.0,0.0,0.0,0.0,0.0,0.0,0.0,0.0,1,1,0,0,0,0,0,0.0,2.0
11_2406_rta_11_240911113911_4166---AscoliPPROTOCOLLOoperativo_2019_2021.txt,0.0,0.0,0.0,0.0,0.0,0.0,0.0,0.0,0.0,0.0,1,1,0,0,0,0,0,0.0,2.0
11_2406_rta_11_240911113911_4166---AscoliPPROTOCOLLOoperativo_2019_2021.txt,0.0,0.0,0.0,0.0,0.0,0.0,0.0,0.0,0.0,0.0,1,1,0,0,0,1,1,0.0,4.0
11_2406_rta_11_240911113911_4166---AscoliPPROTOCOLLOoperativo_2019_2021.txt,0.0,0.0,0.0,0.0,0.0,0.0,0.0,0.0,0.0,0.0,1,1,0,0,0,0,0,0.0,2.0
11_2406_rta_11_240911113911_4166---AscoliPPROTOCOLLOoperativo_2019_2021.txt,0.0,0.0,0.0,0.0,0.0,0.0,0.0,0.0,0.0,0.0,1,1,0,0,0,0,0,0.0,2.0
11_2406_rta_11_240911113235_4166---MacerataProtocollo2019_2022Firmato.txt,0.0,0.0,0.0,0.0,0.0,0.0,0.0,0.0,0.0,0.0,1,1,0,0,0,0,0,0.0,2.0
11_2406_rta_11_240911113034_4166---protocollodireteantiviolenza2020-2022-uuvv.txt,0.0,0.0,0.0,0.0,0.0,0.0,0.0,0.0,0.0,0.0,1,1,1,0,0,1,1,0.0,5.0
16_bari_protocollo operativo Mola di Bari_rete Antiviolenza.txt,0.0,0.0,0.0,0.0,0.0,0.0,0.0,0.0,0.0,0.0,1,0,1,0,1,0,1,0.0,4.0
16_bat_convenzione CAV - ASL BT.txt,0.0,0.0,0.0,0.0,0.0,0.0,0.0,0.0,0.0,0.0,0,0,0,0,0,0,0,0.0,0.0
01_2406_rta_01_240904122512_4166---accordoSFD.txt,0.0,0.0,0.0,0.0,0.0,0.0,0.0,0.0,0.0,0.0,1,0,0,0,0,0,0,0.0,1.0
16_bat_convenzione CAV - ASL BT.txt,0.0,0.0,0.0,0.0,0.0,0.0,0.0,0.0,0.0,0.0,0,0,0,0,0,0,0,0.0,0.0
16_bat_convenzione CAV - ASL BT.txt,0.0,0.0,0.0,0.0,0.0,0.0,0.0,0.0,0.0,0.0,0,0,0,0,0,0,0,0.0,0.0
16_bat_convenzione CAV - ASL BT.txt,0.0,0.0,0.0,0.0,0.0,0.0,0.0,0.0,0.0,0.0,0,0,0,0,0,0,0,0.0,0.0
03_2406_rta_03_240923163715_4166---PROTOCOLLOD'INTESA2017_2020.txt,0.0,0.0,0.0,0.0,0.0,0.0,0.0,0.0,0.0,0.0,1,1,0,0,0,0,0,0.0,2.0
08_2406_rta_08_241015091655_4166---Aggiornamentointegrazioneprotocollooperativoapprovatonelgiugno2008.txt,0.0,0.0,0.0,0.0,0.0,0.0,0.0,0.0,0.0,0.0,0,0,0,0,0,0,0,0.0,0.0
16_bat_convenzione CAV - ASL BT.txt,0.0,0.0,0.0,0.0,0.0,0.0,0.0,0.0,0.0,0.0,0,0,0,0,0,0,0,0.0,0.0
01_2406_rta_01_240904121349_4166---convenzione.txt,0.0,0.0,0.0,0.0,0.0,0.0,0.0,0.0,0.0,0.0,0,0,0,0,0,0,0,0.0,0.0
06_2406_rta_06_240924164454_4166---protocollo_tempo_sospeso.txt,0.0,0.0,0.0,0.0,0.0,0.0,0.0,0.0,0.0,0.0,1,1,0,0,0,0,0,0.0,2.0
06_2406_rta_06_240916164102_4166---protocollopordenoneprefettura.txt,0.0,0.0,0.0,0.0,0.0,0.0,0.0,0.0,0.0,0.0,1,1,0,1,0,0,1,0.0,4.0
03_2406_rta_03_240923165401_4166---PROTOCOLLODIrete2020-2023_rev2confirmescan.txt,0.0,0.0,0.0,0.0,0.0,0.0,0.0,0.0,0.0,0.0,1,0,0,0,0,0,0,0.0,1.0
03_2406_rta_03_240923165401_4166---PROTOCOLLODIrete2020-2023_rev2confirmescan.txt,0.0,0.0,0.0,0.0,0.0,0.0,0.0,0.0,0.0,0.0,1,0,0,0,0,0,0,0.0,1.0
03_2406_rta_03_240923165401_4166---PROTOCOLLODIrete2020-2023_rev2confirmescan.txt,0.0,0.0,0.0,0.0,0.0,0.0,0.0,0.0,0.0,0.0,1,0,0,0,0,0,0,0.0,1.0
03_2406_rta_03_240923165401_4166---PROTOCOLLODIrete2020-2023_rev2confirmescan.txt,0.0,0.0,0.0,0.0,0.0,0.0,0.0,0.0,0.0,0.0,1,0,0,0,0,0,0,0.0,1.0
16_taranto_protocollo d'intesa CAVGinosa sottoscritto.txt,0.0,0.0,0.0,0.0,0.0,0.0,0.0,0.0,0.0,0.0,1,1,0,0,0,0,0,0.0,2.0
03_2406_rta_03_240926122051_4166---Protocollomonz.txt,0.0,0.0,0.0,0.0,0.0,0.0,0.0,0.0,0.0,0.0,1,1,1,0,0,1,1,0.0,5.0
16_bari_protollo di intesa Putignano_rete antiviolenza.txt,0.0,0.0,0.0,0.0,0.0,0.0,0.0,0.0,0.0,0.0,1,1,0,0,0,0,0,0.0,2.0
03_2406_rta_03_240926144324_4166---Protocollodiintesa.txt,0.0,0.0,0.0,0.0,0.0,0.0,0.0,0.0,0.0,0.0,1,1,1,0,0,0,0,0.0,3.0
03_2406_rta_03_240926144324_4166---Protocollodiintesa.txt,0.0,0.0,0.0,0.0,0.0,0.0,0.0,0.0,0.0,0.0,1,1,1,0,0,0,0,0.0,3.0
03_2406_rta_03_240924144947_4166---Protocollod'IntesaReteAntiviolenzaIsolaBergamascaeBassaValSanMartino2024.txt,0.0,0.0,0.0,0.0,0.0,0.0,0.0,0.0,0.0,0.0,1,1,0,0,0,0,0,0.0,2.0
03_2406_rta_03_240925144919_4166---RETEDICOMO-PROTOCOLLOINTERIST.17novembre2023(1).txt,0.0,0.0,0.0,0.0,0.0,0.0,0.0,0.0,0.0,0.0,1,1,0,0,0,0,0,0.0,2.0
03_2406_rta_03_240925144919_4166---RETEDICOMO-PROTOCOLLOINTERIST.17novembre2023(1).txt,0.0,0.0,0.0,0.0,0.0,0.0,0.0,0.0,0.0,0.0,1,1,1,0,0,0,0,0.0,3.0
03_2406_rta_03_240925144919_4166---RETEDICOMO-PROTOCOLLOINTERIST.17novembre2023(1).txt,0.0,0.0,0.0,0.0,0.0,0.0,0.0,0.0,0.0,0.0,1,1,0,0,0,0,0,0.0,2.0
03_2406_rta_03_240918153252_4166---Protocollo+Appendice+LineeGuida_Datatodafirmare.txt,0.0,0.0,0.0,0.0,0.0,0.0,0.0,0.0,0.0,0.0,1,1,0,0,0,0,0,0.0,2.0
03_2406_rta_03_240926144324_4166---Protocollodiintesa.txt,0.0,0.0,0.0,0.0,0.0,0.0,0.0,0.0,0.0,0.0,1,1,0,1,0,0,1,0.0,4.0
03_2406_rta_03_240925144919_4166---RETEDICOMO-PROTOCOLLOINTERIST.17novembre2023(1).txt,0.0,0.0,0.0,0.0,0.0,0.0,0.0,0.0,0.0,0.0,1,1,0,0,0,0,0,0.0,2.0
03_2406_rta_03_240923101524_4166---PROTOCOLLO_DI_INTESA_versione_DEFINITIVA2021.stamped.txt,0.0,0.0,0.0,0.0,0.0,0.0,0.0,0.0,0.0,0.0,1,1,0,0,0,0,0,0.0,2.0
03_2406_rta_03_240926144324_4166---Protocollodiintesa.txt,0.0,0.0,0.0,0.0,0.0,0.0,0.0,0.0,0.0,0.0,1,1,0,1,0,0,1,0.0,4.0
03_2406_rta_03_240920120751_4166---protocollodiintesa.txt,0.0,0.0,0.0,0.0,0.0,0.0,0.0,0.0,0.0,0.0,1,1,0,0,0,1,1,0.0,4.0
03_2406_rta_03_240926144324_4166---Protocollodiintesa.txt,0.0,0.0,0.0,0.0,0.0,0.0,0.0,0.0,0.0,0.0,1,1,0,0,0,0,0,0.0,2.0
01_2406_rta_01_240904150044_4166---Protocollocav-irene2022-2025.txt,0.0,0.0,0.0,0.0,0.0,0.0,0.0,0.0,0.0,0.0,1,0,0,0,0,0,0,0.0,1.0
01_2406_rta_01_240904150044_4166---Protocollocav-irene2022-2025.txt,0.0,0.0,0.0,0.0,0.0,0.0,0.0,0.0,0.0,0.0,1,0,0,0,0,0,0,0.0,1.0
01_2406_rta_01_240904150044_4166---Protocollocav-irene2022-2025.txt,0.0,0.0,0.0,0.0,0.0,0.0,0.0,0.0,0.0,0.0,1,0,0,0,0,0,0,0.0,1.0
01_2406_rta_01_240909110828_4166---PROTOCOLLOHELP.txt,0.0,0.0,0.0,0.0,0.0,0.0,0.0,0.0,0.0,0.0,1,1,0,0,0,0,0,0.0,2.0
01_2406_rta_01_240909110828_4166---PROTOCOLLOHELP.txt,0.0,0.0,0.0,0.0,0.0,0.0,0.0,0.0,0.0,0.0,1,1,0,0,0,0,0,0.0,2.0
01_2406_rta_01_240909110828_4166---PROTOCOLLOHELP.txt,0.0,0.0,0.0,0.0,0.0,0.0,0.0,0.0,0.0,0.0,1,1,0,0,0,0,0,0.0,2.0
01_2406_rta_01_240909110828_4166---PROTOCOLLOHELP.txt,0.0,0.0,0.0,0.0,0.0,0.0,0.0,0.0,0.0,0.0,1,1,0,0,0,0,0,0.0,2.0
01_2406_rta_01_240904150044_4166---Protocollocav-irene2022-2025.txt,0.0,0.0,0.0,0.0,0.0,0.0,0.0,0.0,0.0,0.0,1,1,0,0,0,0,0,0.0,2.0
01_2406_rta_01_240904150044_4166---Protocollocav-irene2022-2025.txt,0.0,0.0,0.0,0.0,0.0,0.0,0.0,0.0,0.0,0.0,1,1,0,1,0,0,1,0.0,4.0
01_2406_rta_01_240904150044_4166---Protocollocav-irene2022-2025.txt,0.0,0.0,0.0,0.0,0.0,0.0,0.0,0.0,0.0,0.0,1,1,0,1,0,0,1,0.0,4.0
01_2406_rta_01_241003120726_4166---Protocollod'intesaCISSAC-Puntoacapo.txt,0.0,0.0,0.0,0.0,0.0,0.0,0.0,0.0,0.0,0.0,1,1,0,0,0,0,0,0.0,2.0
05_2406_rta_05_240918153458_4166---protocolloprovPadova.txt,0.0,0.0,0.0,0.0,0.0,0.0,0.0,0.0,0.0,0.0,1,1,0,0,0,0,0,0.0,2.0
05_2406_rta_05_240918153458_4166---protocolloprovPadova.txt,0.0,0.0,0.0,0.0,0.0,0.0,0.0,0.0,0.0,0.0,1,1,0,0,0,0,0,0.0,2.0
05_2406_rta_05_240918153458_4166---protocolloprovPadova.txt,0.0,0.0,0.0,0.0,0.0,0.0,0.0,0.0,0.0,0.0,1,1,0,0,0,0,0,0.0,2.0
05_2406_rta_05_240917141534_4166---protocollodiretefirmato.txt,0.0,0.0,0.0,0.0,0.0,0.0,0.0,0.0,0.0,0.0,1,1,1,0,0,0,0,0.0,3.0
05_2406_rta_05_240916131522_4166---protocolloaggiornamento2023.txt,0.0,0.0,0.0,0.0,0.0,0.0,0.0,0.0,0.0,0.0,1,0,0,0,0,0,0,0.0,1.0
05_2406_rta_05_240916131522_4166---protocolloaggiornamento2023.txt,0.0,0.0,0.0,0.0,0.0,0.0,0.0,0.0,0.0,0.0,1,0,0,0,0,0,0,0.0,1.0
05_2406_rta_05_240916131522_4166---protocolloaggiornamento2023.txt,0.0,0.0,0.0,0.0,0.0,0.0,0.0,0.0,0.0,0.0,1,0,0,0,0,0,0,0.0,1.0
05_2406_rta_05_240918144304_4166---Protocollo_ULSS2-DistrettoTreviso.txt,0.0,0.0,0.0,0.0,0.0,0.0,0.0,0.0,0.0,0.0,1,0,0,0,0,0,0,0.0,1.0
16_lecce_Protocollo Operativo - Procedure integrate per la prevenzione e il contrasto alla violenza contro donne e minori - Copia_Marcato.txt,0.0,0.0,0.0,0.0,0.0,0.0,0.0,0.0,0.0,0.0,1,1,1,0,0,0,0,0.0,3.0
03_2406_rta_03_240918153252_4166---Protocollo+Appendice+LineeGuida_Datatodafirmare.txt,0.0,0.0,0.0,0.0,0.0,0.0,0.0,0.0,0.0,0.0,1,1,0,0,0,0,0,0.0,2.0
08_2406_rta_08_241015091553_4166---Protocollosullaviolenzadigenere_confirme_prot.txt,0.0,0.0,0.0,0.0,0.0,0.0,0.0,0.0,0.0,0.0,0,0,0,0,0,0,0,0.0,0.0
08_2406_rta_08_241015091330_4166---Protocollo_intesa_autonomia_abitativa_donne_vittime_di_violenza_CittMtrBO.txt,0.0,0.0,0.0,0.0,0.0,0.0,0.0,0.0,0.0,0.0,1,1,0,0,0,0,0,0.0,2.0
09_AREZZO Prot_2024-2026.txt,0.0,0.0,0.0,0.0,0.0,0.0,0.0,0.0,0.0,0.0,1,1,0,0,0,0,0,0.0,2.0
09_AREZZO Prot_2024-2026.txt,0.0,0.0,0.0,0.0,0.0,0.0,0.0,0.0,0.0,0.0,1,1,0,0,0,0,0,0.0,2.0
09_LUCCA PROV.txt,0.0,0.0,0.0,0.0,0.0,0.0,0.0,0.0,0.0,0.0,1,1,0,0,0,0,0,0.0,2.0
09_LUCCA PROV.txt,0.0,0.0,0.0,0.0,0.0,0.0,0.0,0.0,0.0,0.0,1,1,0,0,0,0,0,0.0,2.0
05_2406_rta_05_240919122126_4166---PROTOCOLLOULSS8BERICA.txt,0.0,0.0,0.0,0.0,0.0,0.0,0.0,0.0,0.0,0.0,1,1,1,0,0,0,0,0.0,3.0
05_2406_rta_05_240918153458_4166---protocolloprovPadova.txt,0.0,0.0,0.0,0.0,0.0,0.0,0.0,0.0,0.0,0.0,1,1,0,0,0,0,0,0.0,2.0
09_AREZZO Prot_2024-2026.txt,0.0,0.0,0.0,0.0,0.0,0.0,0.0,0.0,0.0,0.0,1,1,0,0,0,0,0,0.0,2.0
09_LUCCA PROV.txt,0.0,0.0,0.0,0.0,0.0,0.0,0.0,0.0,0.0,0.0,1,1,0,0,0,0,0,0.0,2.0
01_2406_rta_01_240904121349_4166---convenzione.txt,0.0,0.0,0.0,0.0,0.0,0.0,0.0,0.0,0.0,0.0,1,1,0,1,0,1,1,0.0,5.0
03_2406_rta_03_240925144919_4166---RETEDICOMO-PROTOCOLLOINTERIST.17novembre2023(1).txt,0.0,0.0,0.0,0.0,0.0,0.0,0.0,0.0,0.0,0.0,1,1,0,0,0,0,0,0.0,2.0
01_2406_rta_01_240904121349_4166---convenzione.txt,0.0,0.0,0.0,0.0,0.0,0.0,0.0,0.0,0.0,0.0,1,1,0,0,0,0,0,0.0,2.0
01_2406_rta_01_240904120005_4166---protocollo.txt,0.0,0.0,0.0,0.0,0.0,0.0,0.0,0.0,0.0,0.0,1,1,0,0,0,0,0,0.0,2.0
01_2406_rta_01_240904120005_4166---protocollo.txt,0.0,0.0,0.0,0.0,0.0,0.0,0.0,0.0,0.0,0.0,1,1,0,1,0,1,1,0.0,5.0
01_2406_rta_01_240909110828_4166---PROTOCOLLOHELP.txt,0.0,0.0,0.0,0.0,0.0,0.0,0.0,0.0,0.0,0.0,1,1,0,0,0,0,0,0.0,2.0
01_2406_rta_01_240920112211_4166---367772-4-Protocollo_intesa_Completo.txt,0.0,0.0,0.0,0.0,0.0,0.0,0.0,0.0,0.0,0.0,1,1,0,0,0,0,0,0.0,2.0
03_2406_rta_03_240918151606_4166---A_RetePavia_Protocollo2021_e_Integrazioni2023_firmato_compressed.txt,0.0,0.0,0.0,0.0,0.0,0.0,0.0,0.0,0.0,0.0,1,1,1,0,0,0,0,0.0,3.0
01_2406_rta_01_240920112211_4166---367772-4-Protocollo_intesa_Completo.txt,0.0,0.0,0.0,0.0,0.0,0.0,0.0,0.0,0.0,0.0,1,1,1,0,0,1,1,0.0,5.0
01_2406_rta_01_240920112211_4166---367772-4-Protocollo_intesa_Completo.txt,0.0,0.0,0.0,0.0,0.0,0.0,0.0,0.0,0.0,0.0,1,1,0,0,0,0,0,0.0,2.0
07_2406_rta_07_240916163905_4166---PROTOCOLLOFIRMATO(002).txt,0.0,0.0,0.0,0.0,0.0,0.0,0.0,0.0,0.0,0.0,1,0,0,0,0,0,0,0.0,1.0
07_2406_rta_07_240916163905_4166---PROTOCOLLOFIRMATO(002).txt,0.0,0.0,0.0,0.0,0.0,0.0,0.0,0.0,0.0,0.0,1,0,0,0,0,0,0,0.0,1.0
07_2406_rta_07_240916163905_4166---PROTOCOLLOFIRMATO(002).txt,0.0,0.0,0.0,0.0,0.0,0.0,0.0,0.0,0.0,0.0,1,0,0,0,0,0,0,0.0,1.0
12_2406_rta_12_241003113235_4166---Accordodifferenzadonna-29.09.2023-signed.txt,0.0,0.0,0.0,0.0,0.0,0.0,0.0,0.0,0.0,0.0,0,0,0,0,0,0,0,0.0,0.0
12_2406_rta_12_241003113235_4166---Accordodifferenzadonna-29.09.2023-signed.txt,0.0,0.0,0.0,0.0,0.0,0.0,0.0,0.0,0.0,0.0,0,0,0,0,0,0,0,0.0,0.0
12_2406_rta_12_241003113235_4166---Accordodifferenzadonna-29.09.2023-signed.txt,0.0,0.0,0.0,0.0,0.0,0.0,0.0,0.0,0.0,0.0,0,0,0,0,0,0,0,0.0,0.0
12_2406_rta_12_241003113235_4166---Accordodifferenzadonna-29.09.2023-signed.txt,0.0,0.0,0.0,0.0,0.0,0.0,0.0,0.0,0.0,0.0,0,0,0,0,0,0,0,0.0,0.0
13_2406_rta_13_241122111153_4166---PROTOCOLLOCASTELDISANGROEASL.txt,0.0,0.0,0.0,0.0,0.0,0.0,0.0,0.0,0.0,0.0,0,0,0,0,0,0,0,0.0,0.0
13_2406_rta_13_241122111153_4166---PROTOCOLLOCASTELDISANGROEASL.txt,0.0,0.0,0.0,0.0,0.0,0.0,0.0,0.0,0.0,0.0,0,0,0,0,0,0,0,0.0,0.0
03_2406_rta_03_240920093134_4166---Protocollo_Intesa_Rete_Antiviolenza_SudEstMilano_Paullese_2021-2023.txt,0.0,0.0,0.0,0.0,0.0,0.0,0.0,0.0,0.0,0.0,1,1,1,0,0,0,0,0.0,3.0
03_2406_rta_03_240918153156_4166---Protocollo_d'Intesa_Rete_Mantova.prot.txt,0.0,0.0,0.0,0.0,0.0,0.0,0.0,0.0,0.0,0.0,1,1,1,0,0,0,0,0.0,3.0
12_2406_rta_12_240926133706_4166---STAR.txt,0.0,0.0,0.0,0.0,0.0,0.0,0.0,0.0,0.0,0.0,1,1,0,0,0,0,0,0.0,2.0
16_lecce_Protocollo Operativo - Procedure integrate per la prevenzione e il contrasto alla violenza contro donne e minori - Copia_Marcato.txt,0.0,0.0,0.0,0.0,0.0,0.0,0.0,0.0,0.0,0.0,1,0,0,0,0,0,0,0.0,1.0
16_lecce_Protocollo Operativo - Procedure integrate per la prevenzione e il contrasto alla violenza contro donne e minori - Copia_Marcato.txt,0.0,0.0,0.0,0.0,0.0,0.0,0.0,0.0,0.0,0.0,1,0,0,0,0,0,0,0.0,1.0
16_lecce_Protocollo Operativo - Procedure integrate per la prevenzione e il contrasto alla violenza contro donne e minori - Copia_Marcato.txt,0.0,0.0,0.0,0.0,0.0,0.0,0.0,0.0,0.0,0.0,1,0,0,0,0,0,0,0.0,1.0
16_lecce_Protocollo Operativo - Procedure integrate per la prevenzione e il contrasto alla violenza contro donne e minori - Copia_Marcato.txt,0.0,0.0,0.0,0.0,0.0,0.0,0.0,0.0,0.0,0.0,1,0,0,0,0,0,0,0.0,1.0
16_lecce_Protocollo Operativo - Procedure integrate per la prevenzione e il contrasto alla violenza contro donne e minori - Copia_Marcato.txt,0.0,0.0,0.0,0.0,0.0,0.0,0.0,0.0,0.0,0.0,1,0,0,0,0,0,0,0.0,1.0
16_lecce_Protocollo Operativo - Procedure integrate per la prevenzione e il contrasto alla violenza contro donne e minori - Copia_Marcato.txt,0.0,0.0,0.0,0.0,0.0,0.0,0.0,0.0,0.0,0.0,1,0,1,0,0,0,0,0.0,2.0
16_lecce_Protocollo Operativo - Procedure integrate per la prevenzione e il contrasto alla violenza contro donne e minori - Copia_Marcato.txt,0.0,0.0,0.0,0.0,0.0,0.0,0.0,0.0,0.0,0.0,1,0,0,0,0,0,0,0.0,1.0
16_lecce_Protocollo Operativo - Procedure integrate per la prevenzione e il contrasto alla violenza contro donne e minori - Copia_Marcato.txt,0.0,0.0,0.0,0.0,0.0,0.0,0.0,0.0,0.0,0.0,1,0,0,0,0,0,0,0.0,1.0
16_lecce_Protocollo Operativo - Procedure integrate per la prevenzione e il contrasto alla violenza contro donne e minori - Copia_Marcato.txt,0.0,0.0,0.0,0.0,0.0,0.0,0.0,0.0,0.0,0.0,1,0,0,0,0,0,0,0.0,1.0
16_lecce_Protocollo Operativo - Procedure integrate per la prevenzione e il contrasto alla violenza contro donne e minori - Copia_Marcato.txt,0.0,0.0,0.0,0.0,0.0,0.0,0.0,0.0,0.0,0.0,1,0,0,0,0,0,0,0.0,1.0
16_bari_protollo di intesa Putignano_rete antiviolenza.txt,0.0,0.0,0.0,0.0,0.0,0.0,0.0,0.0,0.0,0.0,1,1,0,0,0,0,0,0.0,2.0
16_bari_protocollo operativo Gioia del Colle_EMI.txt,0.0,0.0,0.0,0.0,0.0,0.0,0.0,0.0,0.0,0.0,1,1,0,0,0,0,0,0.0,2.0
12_2406_rta_12_240926112734_4166---3AccordoDistrettoVT4ePontedonna-signed(1).txt,0.0,0.0,0.0,0.0,0.0,0.0,0.0,0.0,0.0,0.0,1,1,0,0,0,0,0,0.0,2.0
03_2406_rta_03_240918153240_4166---Protocollod'intesaperl'IstituzionediunSistemaTerritorialeAntiviolenzainReteconAddendumSindacati.txt,0.0,0.0,0.0,0.0,0.0,0.0,0.0,0.0,0.0,0.0,1,1,1,0,0,0,0,0.0,3.0
13_2406_rta_13_241122103901_4166---Protocollirete_ortonaelancianoCAVdonn.ÿ.txt,0.0,0.0,0.0,0.0,0.0,0.0,0.0,0.0,0.0,0.0,1,1,0,0,0,0,0,0.0,2.0
13_2406_rta_13_241122110421_4166---PROTOCOLLOOPERATIVO.txt,0.0,0.0,0.0,0.0,0.0,0.0,0.0,0.0,0.0,0.0,0,1,0,0,0,0,0,0.0,1.0
16_lecce_Protocollo Operativo - Procedure integrate per la prevenzione e il contrasto alla violenza contro donne e minori - Copia_Marcato.txt,0.0,0.0,0.0,0.0,0.0,0.0,0.0,0.0,0.0,0.0,1,0,0,1,1,0,1,0.0,4.0
16_bari_protocollo operativo Grumo_EMI.txt,0.0,0.0,0.0,0.0,0.0,0.0,0.0,0.0,0.0,0.0,1,0,0,0,0,0,0,0.0,1.0
09_ALTA VALDELSA Protocollo-violenza-valdelsa-2022_ALTA VALDELSA.txt,0.0,0.0,0.0,0.0,0.0,0.0,0.0,0.0,0.0,0.0,1,0,0,1,0,0,1,0.0,3.0
03_2406_rta_03_240918151606_4166---A_RetePavia_Protocollo2021_e_Integrazioni2023_firmato_compressed.txt,0.0,0.0,0.0,0.0,0.0,0.0,0.0,0.0,0.0,0.0,1,1,0,0,0,0,0,0.0,2.0
03_2406_rta_03_240918151606_4166---A_RetePavia_Protocollo2021_e_Integrazioni2023_firmato_compressed.txt,0.0,0.0,0.0,0.0,0.0,0.0,0.0,0.0,0.0,0.0,1,1,0,0,0,0,0,0.0,2.0
03_2406_rta_03_240918151606_4166---A_RetePavia_Protocollo2021_e_Integrazioni2023_firmato_compressed.txt,0.0,0.0,0.0,0.0,0.0,0.0,0.0,0.0,0.0,0.0,1,1,0,0,0,0,0,0.0,2.0
03_2406_rta_03_240918153156_4166---Protocollo_d'Intesa_Rete_Mantova.prot.txt,0.0,0.0,0.0,0.0,0.0,0.0,0.0,0.0,0.0,0.0,1,1,1,0,0,0,0,0.0,3.0
03_2406_rta_03_240918153156_4166---Protocollo_d'Intesa_Rete_Mantova.prot.txt,0.0,0.0,0.0,0.0,0.0,0.0,0.0,0.0,0.0,0.0,1,1,1,0,0,0,0,0.0,3.0
03_2406_rta_03_240918153156_4166---Protocollo_d'Intesa_Rete_Mantova.prot.txt,0.0,0.0,0.0,0.0,0.0,0.0,0.0,0.0,0.0,0.0,1,1,1,0,0,0,0,0.0,3.0
03_2406_rta_03_240918153156_4166---Protocollo_d'Intesa_Rete_Mantova.prot.txt,0.0,0.0,0.0,0.0,0.0,0.0,0.0,0.0,0.0,0.0,1,1,1,0,0,0,0,0.0,3.0
03_2406_rta_03_240918153156_4166---Protocollo_d'Intesa_Rete_Mantova.prot.txt,0.0,0.0,0.0,0.0,0.0,0.0,0.0,0.0,0.0,0.0,1,1,1,0,0,0,0,0.0,3.0
03_2406_rta_03_240918153156_4166---Protocollo_d'Intesa_Rete_Mantova.prot.txt,0.0,0.0,0.0,0.0,0.0,0.0,0.0,0.0,0.0,0.0,1,1,1,0,0,0,0,0.0,3.0
07_2406_rta_07_240916163933_4166---sub_14574431199510849525_Protocollo_LVLS-signed.txt,0.0,0.0,0.0,0.0,0.0,0.0,0.0,0.0,0.0,0.0,1,0,0,0,0,0,0,0.0,1.0
03_2406_rta_03_240926114940_4166---ProtocollodiintesaeAllegatoTecnico_SOTTOSCRITTO.txt,0.0,0.0,0.0,0.0,0.0,0.0,0.0,0.0,0.0,0.0,1,1,0,0,0,0,0,0.0,2.0
09_APUANE_2015 Protocollo Prefettura.txt,0.0,0.0,0.0,0.0,0.0,0.0,0.0,0.0,0.0,0.0,1,0,0,0,0,0,0,0.0,1.0
06_2406_rta_06_240916164122_4166---prot_n_0119980_2024_Accordo(firmato).txt,0.0,0.0,0.0,0.0,0.0,0.0,0.0,0.0,0.0,0.0,1,1,0,0,0,0,0,0.0,2.0
09_ALTA VALDELSA Protocollo-violenza-valdelsa-2022_ALTA VALDELSA.txt,0.0,0.0,0.0,0.0,0.0,0.0,0.0,0.0,0.0,0.0,1,0,0,0,0,0,0,0.0,1.0
09_PRATO PREF.txt,0.0,0.0,0.0,0.0,0.0,0.0,0.0,0.0,0.0,0.0,1,1,1,0,0,1,1,0.0,5.0
09_FIRENZE Linee-di-indirizzo2024.txt,0.0,0.0,0.0,0.0,0.0,0.0,0.0,0.0,0.0,0.0,1,1,0,0,0,0,0,0.0,2.0
09_FIRENZE Linee-di-indirizzo2024.txt,0.0,0.0,0.0,0.0,0.0,0.0,0.0,0.0,0.0,0.0,1,1,0,0,0,0,0,0.0,2.0
09_FIRENZE Linee-di-indirizzo2024.txt,0.0,0.0,0.0,0.0,0.0,0.0,0.0,0.0,0.0,0.0,1,1,0,0,0,0,0,0.0,2.0
09_FIRENZE Linee-di-indirizzo2024.txt,0.0,0.0,0.0,0.0,0.0,0.0,0.0,0.0,0.0,0.0,1,1,0,0,0,0,0,0.0,2.0
09_PISTOIA PROV .txt,0.0,0.0,0.0,0.0,0.0,0.0,0.0,0.0,0.0,0.0,1,1,0,0,0,0,0,0.0,2.0
09_PISA PREF E PROV.txt,0.0,0.0,0.0,0.0,0.0,0.0,0.0,0.0,0.0,0.0,1,1,0,0,0,0,0,0.0,2.0
09_PISA PREF E PROV.txt,0.0,0.0,0.0,0.0,0.0,0.0,0.0,0.0,0.0,0.0,1,1,0,0,0,0,0,0.0,2.0
09_PISA PREF E PROV.txt,0.0,0.0,0.0,0.0,0.0,0.0,0.0,0.0,0.0,0.0,1,1,0,0,0,0,0,0.0,2.0
09_APUANE_2015 Protocollo Prefettura.txt,0.0,0.0,0.0,0.0,0.0,0.0,0.0,0.0,0.0,0.0,1,1,0,0,0,0,0,0.0,2.0
03_2406_rta_03_240925144919_4166---RETEDICOMO-PROTOCOLLOINTERIST.17novembre2023(1).txt,0.0,0.0,0.0,0.0,0.0,0.0,0.0,0.0,0.0,0.0,1,1,0,0,0,0,0,0.0,2.0
05_2406_rta_05_240919124736_4166---Protocollo_per_contrasto_alla_violenza_di_genere.stamped.txt,0.0,0.0,0.0,0.0,0.0,0.0,0.0,0.0,0.0,0.0,0,0,0,0,0,0,0,0.0,0.0
03_2406_rta_03_240918153240_4166---Protocollod'intesaperl'IstituzionediunSistemaTerritorialeAntiviolenzainReteconAddendumSindacati.txt,0.0,0.0,0.0,0.0,0.0,0.0,0.0,0.0,0.0,0.0,1,0,0,0,0,0,0,0.0,1.0
16_taranto_protocollo d'intesa CAVGinosa sottoscritto.txt,0.0,0.0,0.0,0.0,0.0,0.0,0.0,0.0,0.0,0.0,1,0,0,0,0,1,1,0.0,3.0
03_2406_rta_03_240923101524_4166---PROTOCOLLO_DI_INTESA_versione_DEFINITIVA2021.stamped.txt,0.0,0.0,0.0,0.0,0.0,0.0,0.0,0.0,0.0,0.0,1,1,0,0,0,0,0,0.0,2.0
03_2406_rta_03_240923101524_4166---PROTOCOLLO_DI_INTESA_versione_DEFINITIVA2021.stamped.txt,0.0,0.0,0.0,0.0,0.0,0.0,0.0,0.0,0.0,0.0,1,1,0,0,0,0,0,0.0,2.0
16_bari_protocollo operativo Gioia del Colle_EMI.txt,0.0,0.0,0.0,0.0,0.0,0.0,0.0,0.0,0.0,0.0,1,0,0,0,0,0,0,0.0,1.0
03_2406_rta_03_240923101524_4166---PROTOCOLLO_DI_INTESA_versione_DEFINITIVA2021.stamped.txt,0.0,0.0,0.0,0.0,0.0,0.0,0.0,0.0,0.0,0.0,1,1,1,0,0,0,0,0.0,3.0
08_2406_rta_08_241015091725_4166---Protoc-Prefett-2017.txt,0.0,0.0,0.0,0.0,0.0,0.0,0.0,0.0,0.0,0.0,1,1,0,0,0,0,0,0.0,2.0
07_2406_rta_07_240916163933_4166---sub_14574431199510849525_Protocollo_LVLS-signed.txt,0.0,0.0,0.0,0.0,0.0,0.0,0.0,0.0,0.0,0.0,0,0,0,0,0,0,0,0.0,0.0
13_2406_rta_13_241122101453_4166---ProtocollodiRete_AlphaChieti.txt,0.0,0.0,0.0,0.0,0.0,0.0,0.0,0.0,0.0,0.0,1,1,1,0,0,0,0,0.0,3.0
13_2406_rta_13_241122101856_4166---Protocollodirete_AlphaGuardiagrele.txt,0.0,0.0,0.0,0.0,0.0,0.0,0.0,0.0,0.0,0.0,1,1,1,0,0,0,0,0.0,3.0
09_APUANE_2015 Protocollo Prefettura.txt,0.0,0.0,0.0,0.0,0.0,0.0,0.0,0.0,0.0,0.0,1,1,0,0,0,0,0,0.0,2.0
12_2406_rta_12_241003095202_4166---8ProtocolloUIL.txt,0.0,0.0,0.0,0.0,0.0,0.0,0.0,0.0,0.0,0.0,1,1,0,0,0,0,0,0.0,2.0
13_2406_rta_13_241122101856_4166---Protocollodirete_AlphaGuardiagrele.txt,0.0,0.0,0.0,0.0,0.0,0.0,0.0,0.0,0.0,0.0,0,0,0,0,0,0,0,0.0,0.0
05_2406_rta_05_240919124736_4166---Protocollo_per_contrasto_alla_violenza_di_genere.stamped.txt,0.0,0.0,0.0,0.0,0.0,0.0,0.0,0.0,0.0,0.0,1,0,0,0,0,0,0,0.0,1.0
03_2406_rta_03_240923113114_4166---ProtocolloReteAddaMartesanasottoscritto.txt,0.0,0.0,0.0,0.0,0.0,0.0,0.0,0.0,0.0,0.0,1,0,0,0,0,0,0,0.0,1.0
09_GROSSETO 2022 fpdf.txt,0.0,0.0,0.0,0.0,0.0,0.0,0.0,0.0,0.0,0.0,1,0,0,0,0,0,0,0.0,1.0
09_GROSSETO 2022 fpdf.txt,0.0,0.0,0.0,0.0,0.0,0.0,0.0,0.0,0.0,0.0,1,0,0,0,0,0,0,0.0,1.0
09_GROSSETO 2022 fpdf.txt,0.0,0.0,0.0,0.0,0.0,0.0,0.0,0.0,0.0,0.0,1,0,0,0,0,0,0,0.0,1.0
09_GROSSETO 2022 fpdf.txt,0.0,0.0,0.0,0.0,0.0,0.0,0.0,0.0,0.0,0.0,1,0,0,0,0,0,0,0.0,1.0
09_GROSSETO 2022 fpdf.txt,0.0,0.0,0.0,0.0,0.0,0.0,0.0,0.0,0.0,0.0,1,0,0,0,0,0,0,0.0,1.0
05_2406_rta_05_240917141534_4166---protocollodiretefirmato.txt,0.0,0.0,0.0,0.0,0.0,0.0,0.0,0.0,0.0,0.0,1,0,0,0,0,0,0,0.0,1.0
12_2406_rta_12_240926133706_4166---STAR.txt,0.0,0.0,0.0,0.0,0.0,0.0,0.0,0.0,0.0,0.0,1,0,0,0,0,0,0,0.0,1.0
13_2406_rta_13_241122103653_4166---protocollodirete_cavlafenice_provinciateramo.txt,0.0,0.0,0.0,0.0,0.0,0.0,0.0,0.0,0.0,0.0,1,1,0,0,0,0,0,0.0,2.0
01_2406_rta_01_240920112211_4166---367772-4-Protocollo_intesa_Completo.txt,0.0,0.0,0.0,0.0,0.0,0.0,0.0,0.0,0.0,0.0,1,1,0,0,0,0,0,0.0,2.0
01_2406_rta_01_240920112211_4166---367772-4-Protocollo_intesa_Completo.txt,0.0,0.0,0.0,0.0,0.0,0.0,0.0,0.0,0.0,0.0,1,1,0,0,0,0,0,0.0,2.0
01_2406_rta_01_240920112211_4166---367772-4-Protocollo_intesa_Completo.txt,0.0,0.0,0.0,0.0,0.0,0.0,0.0,0.0,0.0,0.0,1,1,0,0,0,0,0,0.0,2.0
01_2406_rta_01_240920112211_4166---367772-4-Protocollo_intesa_Completo.txt,0.0,0.0,0.0,0.0,0.0,0.0,0.0,0.0,0.0,0.0,1,1,0,0,0,0,0,0.0,2.0
03_2406_rta_03_240923113114_4166---ProtocolloReteAddaMartesanasottoscritto.txt,0.0,0.0,0.0,0.0,0.0,0.0,0.0,0.0,0.0,0.0,1,0,0,0,0,0,0,0.0,1.0
01_2406_rta_01_240904150044_4166---Protocollocav-irene2022-2025.txt,0.0,0.0,0.0,0.0,0.0,0.0,0.0,0.0,0.0,0.0,0,0,0,0,0,0,0,0.0,0.0
05_2406_rta_05_240919114041_4166---protocollounicorevisionato2024.txt,0.0,0.0,0.0,0.0,0.0,0.0,0.0,0.0,0.0,0.0,1,1,0,0,0,0,0,0.0,2.0
05_2406_rta_05_240919114041_4166---protocollounicorevisionato2024.txt,0.0,0.0,0.0,0.0,0.0,0.0,0.0,0.0,0.0,0.0,1,1,0,0,0,0,0,0.0,2.0
05_2406_rta_05_240919114041_4166---protocollounicorevisionato2024.txt,0.0,0.0,0.0,0.0,0.0,0.0,0.0,0.0,0.0,0.0,1,1,0,0,0,0,0,0.0,2.0
03_2406_rta_03_240920120751_4166---protocollodiintesa.txt,0.0,0.0,0.0,0.0,0.0,0.0,0.0,0.0,0.0,0.0,1,1,0,0,0,0,0,0.0,2.0
12_2406_rta_12_241003112656_4166---AccordodicollaborazioneconsultorieDifferenzaDonna.txt,0.0,0.0,0.0,0.0,0.0,0.0,0.0,0.0,0.0,0.0,0,0,0,0,0,0,0,0.0,0.0
01_2406_rta_01_240920112211_4166---367772-4-Protocollo_intesa_Completo.txt,0.0,0.0,0.0,0.0,0.0,0.0,0.0,0.0,0.0,0.0,0,0,0,0,0,0,0,0.0,0.0
12_2406_rta_12_241003113235_4166---Accordodifferenzadonna-29.09.2023-signed.txt,0.0,0.0,0.0,0.0,0.0,0.0,0.0,0.0,0.0,0.0,0,0,0,0,0,0,0,0.0,0.0
13_2406_rta_13_241122103901_4166---Protocollirete_ortonaelancianoCAVdonn.ÿ.txt,0.0,0.0,0.0,0.0,0.0,0.0,0.0,0.0,0.0,0.0,1,1,0,0,0,0,0,0.0,2.0
01_2406_rta_01_240920112211_4166---367772-4-Protocollo_intesa_Completo.txt,0.0,0.0,0.0,0.0,0.0,0.0,0.0,0.0,0.0,0.0,0,0,0,0,0,0,0,0.0,0.0
01_2406_rta_01_240920112211_4166---367772-4-Protocollo_intesa_Completo.txt,0.0,0.0,0.0,0.0,0.0,0.0,0.0,0.0,0.0,0.0,1,1,0,0,0,0,0,0.0,2.0
03_2406_rta_03_240918153240_4166---Protocollod'intesaperl'IstituzionediunSistemaTerritorialeAntiviolenzainReteconAddendumSindacati.txt,0.0,0.0,0.0,0.0,0.0,0.0,0.0,0.0,0.0,0.0,1,1,1,0,0,0,0,0.0,3.0
12_2406_rta_12_241002115801_4166---3protCAVTITANO-IdeaPrisma82Coop.Soc.txt,0.0,0.0,0.0,0.0,0.0,0.0,0.0,0.0,0.0,0.0,1,0,0,0,0,0,0,0.0,1.0
01_2406_rta_01_240920112211_4166---367772-4-Protocollo_intesa_Completo.txt,0.0,0.0,0.0,0.0,0.0,0.0,0.0,0.0,0.0,0.0,1,1,0,0,0,0,0,0.0,2.0
01_2406_rta_01_240920112211_4166---367772-4-Protocollo_intesa_Completo.txt,0.0,0.0,0.0,0.0,0.0,0.0,0.0,0.0,0.0,0.0,0,0,0,0,0,0,0,0.0,0.0
01_2406_rta_01_240920112211_4166---367772-4-Protocollo_intesa_Completo.txt,0.0,0.0,0.0,0.0,0.0,0.0,0.0,0.0,0.0,0.0,0,0,0,0,0,0,0,0.0,0.0
11_2406_rta_11_240911113235_4166---MacerataProtocollo2019_2022Firmato.txt,0.0,0.0,0.0,0.0,0.0,0.0,0.0,0.0,0.0,0.0,1,0,0,0,0,0,0,0.0,1.0
13_2406_rta_13_241122115416_4166---PROTOCOLLOPESCARA.txt,0.0,0.0,0.0,0.0,0.0,0.0,0.0,0.0,0.0,0.0,1,1,0,0,0,0,0,0.0,2.0
03_2406_rta_03_240926144324_4166---Protocollodiintesa.txt,0.0,0.0,0.0,0.0,0.0,0.0,0.0,0.0,0.0,0.0,1,1,0,0,0,0,0,0.0,2.0
20_2406_rta_20_250620094616_4166---Delibera52-22del23.12.2024-Allegato1.txt,0.0,0.0,0.0,0.0,0.0,0.0,0.0,0.0,0.0,0.0,1,0,0,0,0,0,0,0.0,1.0
03_2406_rta_03_240923102947_4166---ProtSOTTOSCRITTO_ReteAntiviolenzaPiuIntegrazioneAprile2024(1).txt,0.0,0.0,0.0,0.0,0.0,0.0,0.0,0.0,0.0,0.0,1,1,0,1,0,0,1,0.0,4.0
13_2406_rta_13_241122110421_4166---PROTOCOLLOOPERATIVO.txt,0.0,0.0,0.0,0.0,0.0,0.0,0.0,0.0,0.0,0.0,1,1,0,0,0,0,0,0.0,2.0
03_2406_rta_03_240918151606_4166---A_RetePavia_Protocollo2021_e_Integrazioni2023_firmato_compressed.txt,0.0,0.0,0.0,0.0,0.0,0.0,0.0,0.0,0.0,0.0,1,1,0,0,0,0,0,0.0,2.0
13_2406_rta_13_241122110421_4166---PROTOCOLLOOPERATIVO.txt,0.0,0.0,0.0,0.0,0.0,0.0,0.0,0.0,0.0,0.0,1,1,0,1,0,0,1,0.0,4.0
03_2406_rta_03_240923102947_4166---ProtSOTTOSCRITTO_ReteAntiviolenzaPiuIntegrazioneAprile2024(1).txt,0.0,0.0,0.0,0.0,0.0,0.0,0.0,0.0,0.0,0.0,1,1,0,1,0,0,1,0.0,4.0
03_2406_rta_03_240920124656_4166---ProtocolloantiviolenzaDEFINITIVO(1).txt,0.0,0.0,0.0,0.0,0.0,0.0,0.0,0.0,0.0,0.0,1,1,1,0,0,1,1,0.0,5.0
03_2406_rta_03_240923102947_4166---ProtSOTTOSCRITTO_ReteAntiviolenzaPiuIntegrazioneAprile2024(1).txt,0.0,0.0,0.0,0.0,0.0,0.0,0.0,0.0,0.0,0.0,1,1,0,1,0,0,1,0.0,4.0
03_2406_rta_03_240923102947_4166---ProtSOTTOSCRITTO_ReteAntiviolenzaPiuIntegrazioneAprile2024(1).txt,0.0,0.0,0.0,0.0,0.0,0.0,0.0,0.0,0.0,0.0,1,1,0,1,0,0,1,0.0,4.0
09_VALDICHIANA_all. decreto 37_2008 protocollo di intesa 2008.txt,0.0,0.0,0.0,0.0,0.0,0.0,0.0,0.0,0.0,0.0,1,0,0,0,0,1,1,0.0,3.0
03_2406_rta_03_240923163715_4166---PROTOCOLLOD'INTESA2017_2020.txt,0.0,0.0,0.0,0.0,0.0,0.0,0.0,0.0,0.0,0.0,1,1,0,0,0,0,0,0.0,2.0
03_2406_rta_03_240926123135_4166---ProtocollodiRete.txt,0.0,0.0,0.0,0.0,0.0,0.0,0.0,0.0,0.0,0.0,1,1,0,0,0,0,0,0.0,2.0
09_AREZZO Prot_2024-2026.txt,0.0,0.0,0.0,0.0,0.0,0.0,0.0,0.0,0.0,0.0,1,1,0,0,0,0,0,0.0,2.0
09_AREZZO Prot_2024-2026.txt,0.0,0.0,0.0,0.0,0.0,0.0,0.0,0.0,0.0,0.0,1,1,0,0,0,0,0,0.0,2.0
13_2406_rta_13_241122111153_4166---PROTOCOLLOCASTELDISANGROEASL.txt,0.0,0.0,0.0,0.0,0.0,0.0,0.0,0.0,0.0,0.0,1,0,0,0,0,0,0,0.0,1.0
13_2406_rta_13_241122111153_4166---PROTOCOLLOCASTELDISANGROEASL.txt,0.0,0.0,0.0,0.0,0.0,0.0,0.0,0.0,0.0,0.0,1,0,0,0,0,0,0,0.0,1.0
08_2406_rta_08_241015091310_4166---Accordo_Contrasto_alla_violenza_CittMtrBO.txt,0.0,0.0,0.0,0.0,0.0,0.0,0.0,0.0,0.0,0.0,1,0,0,0,0,1,1,0.0,3.0
03_2406_rta_03_240918151606_4166---A_RetePavia_Protocollo2021_e_Integrazioni2023_firmato_compressed.txt,0.0,0.0,0.0,0.0,0.0,0.0,0.0,0.0,0.0,0.0,1,1,0,0,0,0,0,0.0,2.0
01_2406_rta_01_241018134519_4166---Protocollooperativointeristituzionaleviolenzadigenere2023-2026def.txt,0.0,0.0,0.0,0.0,0.0,0.0,0.0,0.0,0.0,0.0,1,1,0,0,0,0,0,0.0,2.0
08_2406_rta_08_241015091725_4166---Protoc-Prefett-2017.txt,0.0,0.0,0.0,0.0,0.0,0.0,0.0,0.0,0.0,0.0,1,1,0,0,0,0,0,0.0,2.0
11_2406_rta_11_240911113235_4166---MacerataProtocollo2019_2022Firmato.txt,0.0,0.0,0.0,0.0,0.0,0.0,0.0,0.0,0.0,0.0,1,1,0,0,0,0,0,0.0,2.0
11_2406_rta_11_240911113235_4166---MacerataProtocollo2019_2022Firmato.txt,0.0,0.0,0.0,0.0,0.0,0.0,0.0,0.0,0.0,0.0,1,1,0,0,0,0,0,0.0,2.0
01_2406_rta_01_240920123646_4166---vercellieos.txt,0.0,0.0,0.0,0.0,0.0,0.0,0.0,0.0,0.0,0.0,1,1,1,1,0,0,1,0.0,5.0
01_2406_rta_01_240909110828_4166---PROTOCOLLOHELP.txt,0.0,0.0,0.0,0.0,0.0,0.0,0.0,0.0,0.0,0.0,1,1,0,0,0,0,0,0.0,2.0
11_2406_rta_11_240911113235_4166---MacerataProtocollo2019_2022Firmato.txt,0.0,0.0,0.0,0.0,0.0,0.0,0.0,0.0,0.0,0.0,1,1,0,0,0,0,0,0.0,2.0
08_2406_rta_08_241015091310_4166---Accordo_Contrasto_alla_violenza_CittMtrBO.txt,0.0,0.0,0.0,0.0,0.0,0.0,0.0,0.0,0.0,0.0,1,0,0,0,0,1,1,0.0,3.0
08_2406_rta_08_241015091621_4166---PROTOCOLLO_22.txt,0.0,0.0,0.0,0.0,0.0,0.0,0.0,0.0,0.0,0.0,1,1,0,0,0,0,0,0.0,2.0
08_2406_rta_08_241015091310_4166---Accordo_Contrasto_alla_violenza_CittMtrBO.txt,0.0,0.0,0.0,0.0,0.0,0.0,0.0,0.0,0.0,0.0,1,0,0,0,0,1,1,0.0,3.0
08_2406_rta_08_241015091725_4166---Protoc-Prefett-2017.txt,0.0,0.0,0.0,0.0,0.0,0.0,0.0,0.0,0.0,0.0,1,1,0,0,0,0,0,0.0,2.0
08_2406_rta_08_241015091430_4166---Protocollo_Distrettuale_Contrasto_violenza_Donne2023.stamped.txt,0.0,0.0,0.0,0.0,0.0,0.0,0.0,0.0,0.0,0.0,1,1,0,1,0,0,1,0.0,4.0
08_2406_rta_08_241015092024_4166---Protocollooperativo.txt,0.0,0.0,0.0,0.0,0.0,0.0,0.0,0.0,0.0,0.0,1,0,0,1,0,0,1,0.0,3.0
01_2406_rta_01_240909110828_4166---PROTOCOLLOHELP.txt,0.0,0.0,0.0,0.0,0.0,0.0,0.0,0.0,0.0,0.0,1,1,0,0,0,0,0,0.0,2.0
01_2406_rta_01_240909110828_4166---PROTOCOLLOHELP.txt,0.0,0.0,0.0,0.0,0.0,0.0,0.0,0.0,0.0,0.0,1,1,0,0,0,0,0,0.0,2.0
08_2406_rta_08_241015091310_4166---Accordo_Contrasto_alla_violenza_CittMtrBO.txt,0.0,0.0,0.0,0.0,0.0,0.0,0.0,0.0,0.0,0.0,1,0,0,0,0,1,1,0.0,3.0
08_2406_rta_08_241015091725_4166---Protoc-Prefett-2017.txt,0.0,0.0,0.0,0.0,0.0,0.0,0.0,0.0,0.0,0.0,1,1,0,0,0,0,0,0.0,2.0
08_2406_rta_08_241015091725_4166---Protoc-Prefett-2017.txt,0.0,0.0,0.0,0.0,0.0,0.0,0.0,0.0,0.0,0.0,1,1,0,0,0,0,0,0.0,2.0
10_2406_rta_10_250506141901_4166---ProtocollounicoregionaleRINNOVATO.txt,0.0,0.0,0.0,0.0,0.0,0.0,0.0,0.0,0.0,0.0,1,0,0,0,0,0,0,0.0,1.0
18_2406_rta_18_240926102706_4166---protocollomondorosa2013.txt,0.0,0.0,0.0,0.0,0.0,0.0,0.0,0.0,0.0,0.0,1,1,1,0,0,1,1,0.0,5.0
08_2406_rta_08_241015091310_4166---Accordo_Contrasto_alla_violenza_CittMtrBO.txt,0.0,0.0,0.0,0.0,0.0,0.0,0.0,0.0,0.0,0.0,1,0,0,0,0,1,1,0.0,3.0
08_2406_rta_08_241015091748_4166---ProtocolloProvincialeCaserifugio2023.2025.txt,0.0,0.0,0.0,0.0,0.0,0.0,0.0,0.0,0.0,0.0,1,1,0,0,0,0,0,0.0,2.0
08_2406_rta_08_241015091748_4166---ProtocolloProvincialeCaserifugio2023.2025.txt,0.0,0.0,0.0,0.0,0.0,0.0,0.0,0.0,0.0,0.0,1,1,0,0,0,0,0,0.0,2.0
01_2406_rta_01_240909110828_4166---PROTOCOLLOHELP.txt,0.0,0.0,0.0,0.0,0.0,0.0,0.0,0.0,0.0,0.0,1,1,0,0,0,0,0,0.0,2.0
09_GROSSETO 2022 fpdf.txt,0.0,0.0,0.0,0.0,0.0,0.0,0.0,0.0,0.0,0.0,1,0,0,0,0,0,0,0.0,1.0
08_2406_rta_08_241015091725_4166---Protoc-Prefett-2017.txt,0.0,0.0,0.0,0.0,0.0,0.0,0.0,0.0,0.0,0.0,1,1,0,0,0,0,0,0.0,2.0
08_2406_rta_08_241015091621_4166---PROTOCOLLO_22.txt,0.0,0.0,0.0,0.0,0.0,0.0,0.0,0.0,0.0,0.0,0,0,0,0,0,0,0,0.0,0.0
16_bar_protocollo operativo Triggiano_rete antiviolenza.pdf.txt,0.0,0.0,0.0,0.0,0.0,0.0,0.0,0.0,0.0,0.0,1,1,0,0,0,0,0,0.0,2.0
03_2406_rta_03_240926122051_4166---Protocollomonz.txt,0.0,0.0,0.0,0.0,0.0,0.0,0.0,0.0,0.0,0.0,1,1,1,0,0,0,0,0.0,3.0
03_2406_rta_03_240923171949_4166---PROTOCOLLOD'INTESARETETERRITORIALEANTIVIOLENZAVALLETROMPIA2024.txt,0.0,0.0,0.0,0.0,0.0,0.0,0.0,0.0,0.0,0.0,1,1,0,0,0,0,0,0.0,2.0
01_2406_rta_01_240909114524_4166---CONVENZIONEUNITO-SPORTANTIVIOLENZA.txt,0.0,0.0,0.0,0.0,0.0,0.0,0.0,0.0,0.0,0.0,1,0,0,0,0,0,0,0.0,1.0
01_2406_rta_01_240909114524_4166---CONVENZIONEUNITO-SPORTANTIVIOLENZA.txt,0.0,0.0,0.0,0.0,0.0,0.0,0.0,0.0,0.0,0.0,1,0,0,0,0,0,0,0.0,1.0
09_ALTA VALDELSA Protocollo-violenza-valdelsa-2022_ALTA VALDELSA.txt,0.0,0.0,0.0,0.0,0.0,0.0,0.0,0.0,0.0,0.0,1,0,1,0,0,1,1,0.0,4.0
09_VALDICHIANA_all. decreto 37_2008 protocollo di intesa 2008.txt,0.0,0.0,0.0,0.0,0.0,0.0,0.0,0.0,0.0,0.0,1,0,1,0,0,1,1,0.0,4.0
01_2406_rta_01_240904150044_4166---Protocollocav-irene2022-2025.txt,0.0,0.0,0.0,0.0,0.0,0.0,0.0,0.0,0.0,0.0,0,0,0,0,0,0,0,0.0,0.0
10_2406_rta_10_250506141901_4166---ProtocollounicoregionaleRINNOVATO.txt,0.0,0.0,0.0,0.0,0.0,0.0,0.0,0.0,0.0,0.0,1,0,1,0,0,0,0,0.0,2.0
12_2406_rta_12_241004114912_4166---ProtocolloRetePrantiviolenzaFrosinone.txt,0.0,0.0,0.0,0.0,0.0,0.0,0.0,0.0,0.0,0.0,0,0,0,0,0,0,0,0.0,0.0
11_2406_rta_11_240911113757_4166---All.4ProtocolloReteAntiviolenzasottoscritto18.12.2023.txt,0.0,0.0,0.0,0.0,0.0,0.0,0.0,0.0,0.0,0.0,0,1,0,0,0,0,0,0.0,1.0
03_2406_rta_03_240918153156_4166---Protocollo_d'Intesa_Rete_Mantova.prot.txt,0.0,0.0,0.0,0.0,0.0,0.0,0.0,0.0,0.0,0.0,1,1,1,0,0,0,0,0.0,3.0
18_2406_rta_18_240926102620_4166---protocollopercorsorosa.txt,0.0,0.0,0.0,0.0,0.0,0.0,0.0,0.0,0.0,0.0,1,1,0,0,0,0,0,0.0,2.0
09_ALTA VALDELSA Protocollo-violenza-valdelsa-2022_ALTA VALDELSA.txt,0.0,0.0,0.0,0.0,0.0,0.0,0.0,0.0,0.0,0.0,1,0,0,0,0,0,0,0.0,1.0
01_2406_rta_01_240920123646_4166---vercellieos.txt,0.0,0.0,0.0,0.0,0.0,0.0,0.0,0.0,0.0,0.0,1,1,1,0,0,0,0,0.0,3.0
08_2406_rta_08_241015091430_4166---Protocollo_Distrettuale_Contrasto_violenza_Donne2023.stamped.txt,0.0,0.0,0.0,0.0,0.0,0.0,0.0,0.0,0.0,0.0,1,1,1,0,0,0,0,0.0,3.0
12_2406_rta_12_241003105319_4166---PROTOCOLLODIINTES1_2601def-signed-signed.txt,0.0,0.0,0.0,0.0,0.0,0.0,0.0,0.0,0.0,0.0,1,0,0,0,0,0,0,0.0,1.0
18_2406_rta_18_240926102706_4166---protocollomondorosa2013.txt,0.0,0.0,0.0,0.0,0.0,0.0,0.0,0.0,0.0,0.0,1,1,0,0,0,0,0,0.0,2.0
08_2406_rta_08_241015091725_4166---Protoc-Prefett-2017.txt,0.0,0.0,0.0,0.0,0.0,0.0,0.0,0.0,0.0,0.0,0,0,0,0,0,0,0,0.0,0.0
11_2406_rta_11_240911113757_4166---All.4ProtocolloReteAntiviolenzasottoscritto18.12.2023.txt,0.0,0.0,0.0,0.0,0.0,0.0,0.0,0.0,0.0,0.0,1,1,0,0,0,0,0,0.0,2.0
11_2406_rta_11_240911113757_4166---All.4ProtocolloReteAntiviolenzasottoscritto18.12.2023.txt,0.0,0.0,0.0,0.0,0.0,0.0,0.0,0.0,0.0,0.0,1,1,0,0,0,0,0,0.0,2.0
03_2406_rta_03_240926114940_4166---ProtocollodiintesaeAllegatoTecnico_SOTTOSCRITTO.txt,0.0,0.0,0.0,0.0,0.0,0.0,0.0,0.0,0.0,0.0,1,1,1,0,0,0,0,0.0,3.0
03_2406_rta_03_240926114940_4166---ProtocollodiintesaeAllegatoTecnico_SOTTOSCRITTO.txt,0.0,0.0,0.0,0.0,0.0,0.0,0.0,0.0,0.0,0.0,1,1,0,0,0,0,0,0.0,2.0
18_2406_rta_18_240926102620_4166---protocollopercorsorosa.txt,0.0,0.0,0.0,0.0,0.0,0.0,0.0,0.0,0.0,0.0,1,1,0,0,0,0,0,0.0,2.0
13_2406_rta_13_241122103653_4166---protocollodirete_cavlafenice_provinciateramo.txt,0.0,0.0,0.0,0.0,0.0,0.0,0.0,0.0,0.0,0.0,1,1,0,0,0,0,0,0.0,2.0
11_2406_rta_11_240911113235_4166---MacerataProtocollo2019_2022Firmato.txt,0.0,0.0,0.0,0.0,0.0,0.0,0.0,0.0,0.0,0.0,1,1,0,0,0,0,0,0.0,2.0
18_2406_rta_18_240926103211_4166---PROTOCOLLOviolasottoscritto.txt,0.0,0.0,0.0,0.0,0.0,0.0,0.0,0.0,0.0,0.0,1,1,0,0,0,0,0,0.0,2.0
11_2406_rta_11_240911113105_4166---PROTOCOLLO_OPERATIVO2024_CONINDIRIZZARIO_FIRMATO.txt,0.0,0.0,0.0,0.0,0.0,0.0,0.0,0.0,0.0,0.0,1,1,0,0,0,0,0,0.0,2.0
11_2406_rta_11_240911113911_4166---AscoliPPROTOCOLLOoperativo_2019_2021.txt,0.0,0.0,0.0,0.0,0.0,0.0,0.0,0.0,0.0,0.0,1,1,0,0,0,0,0,0.0,2.0
16_bari_protocollo operativo Gioia del Colle_EMI.txt,0.0,0.0,0.0,0.0,0.0,0.0,0.0,0.0,0.0,0.0,0,0,0,0,0,0,0,0.0,0.0
03_2406_rta_03_240918153252_4166---Protocollo+Appendice+LineeGuida_Datatodafirmare.txt,0.0,0.0,0.0,0.0,0.0,0.0,0.0,0.0,0.0,0.0,1,1,0,0,0,0,0,0.0,2.0
09_AREZZO Prot_2024-2026.txt,0.0,0.0,0.0,0.0,0.0,0.0,0.0,0.0,0.0,0.0,1,1,0,0,0,0,0,0.0,2.0
01_2406_rta_01_240904120005_4166---protocollo.txt,0.0,0.0,0.0,0.0,0.0,0.0,0.0,0.0,0.0,0.0,1,1,0,0,0,0,0,0.0,2.0
05_2406_rta_05_240916173648_4166---ULSS5Polesana_Protocollodirete.txt,0.0,0.0,0.0,0.0,0.0,0.0,0.0,0.0,0.0,0.0,1,1,0,0,0,0,0,0.0,2.0
03_2406_rta_03_240918153240_4166---Protocollod'intesaperl'IstituzionediunSistemaTerritorialeAntiviolenzainReteconAddendumSindacati.txt,0.0,0.0,0.0,0.0,0.0,0.0,0.0,0.0,0.0,0.0,1,1,0,0,0,0,0,0.0,2.0
01_2406_rta_01_240904121349_4166---convenzione.txt,0.0,0.0,0.0,0.0,0.0,0.0,0.0,0.0,0.0,0.0,0,0,0,0,0,0,0,0.0,0.0
03_2406_rta_03_240923114012_4166---23-9-2024ProtocolloReteRita_signed_signed_signedDEF_signed_signed-signed_signed(1).txt,0.0,0.0,0.0,0.0,0.0,0.0,0.0,0.0,0.0,0.0,1,1,0,0,0,0,0,0.0,2.0
11_2406_rta_11_240911113757_4166---All.4ProtocolloReteAntiviolenzasottoscritto18.12.2023.txt,0.0,0.0,0.0,0.0,0.0,0.0,0.0,0.0,0.0,0.0,1,1,0,0,0,0,0,0.0,2.0
05_2406_rta_05_240917141534_4166---protocollodiretefirmato.txt,0.0,0.0,0.0,0.0,0.0,0.0,0.0,0.0,0.0,0.0,1,0,0,0,0,0,0,0.0,1.0
08_2406_rta_08_241015091655_4166---Aggiornamentointegrazioneprotocollooperativoapprovatonelgiugno2008.txt,0.0,0.0,0.0,0.0,0.0,0.0,0.0,0.0,0.0,0.0,1,1,1,0,0,0,0,0.0,3.0
18_2406_rta_18_240926102706_4166---protocollomondorosa2013.txt,0.0,0.0,0.0,0.0,0.0,0.0,0.0,0.0,0.0,0.0,1,1,0,0,0,0,0,0.0,2.0
16_terreg_Prot_CGIL - CISL - CONFINDUSTRIA_CAV.txt,0.0,0.0,0.0,0.0,0.0,0.0,0.0,0.0,0.0,0.0,1,1,0,0,0,0,0,0.0,2.0
20_2406_rta_20_250620094616_4166---Delibera52-22del23.12.2024-Allegato1.txt,0.0,0.0,0.0,0.0,0.0,0.0,0.0,0.0,0.0,0.0,1,1,0,0,0,0,0,0.0,2.0
01_2406_rta_01_241003113501_4166---CCVD1deliberaprotocolloccvd-2024eall1prot.txt,0.0,0.0,0.0,0.0,0.0,0.0,0.0,0.0,0.0,0.0,1,1,1,0,0,0,0,0.0,3.0
05_2406_rta_05_240916131522_4166---protocolloaggiornamento2023.txt,0.0,0.0,0.0,0.0,0.0,0.0,0.0,0.0,0.0,0.0,1,1,0,0,0,0,0,0.0,2.0
11_2406_rta_11_240911113911_4166---AscoliPPROTOCOLLOoperativo_2019_2021.txt,0.0,0.0,0.0,0.0,0.0,0.0,0.0,0.0,0.0,0.0,1,1,0,0,0,0,0,0.0,2.0
03_2406_rta_03_240920124656_4166---ProtocolloantiviolenzaDEFINITIVO(1).txt,0.0,0.0,0.0,0.0,0.0,0.0,0.0,0.0,0.0,0.0,1,1,0,0,0,0,0,0.0,2.0
18_2406_rta_18_240926102620_4166---protocollopercorsorosa.txt,0.0,0.0,0.0,0.0,0.0,0.0,0.0,0.0,0.0,0.0,1,1,0,0,0,0,0,0.0,2.0
09_LIVORNO Protocollo_ RETE ANTIVIOLENZA_ LIVORNO.txt,0.0,0.0,0.0,0.0,0.0,0.0,0.0,0.0,0.0,0.0,1,0,0,0,0,0,0,0.0,1.0
03_2406_rta_03_240918153156_4166---Protocollo_d'Intesa_Rete_Mantova.prot.txt,0.0,0.0,0.0,0.0,0.0,0.0,0.0,0.0,0.0,0.0,1,1,1,0,0,0,0,0.0,3.0
08_2406_rta_08_241015091725_4166---Protoc-Prefett-2017.txt,0.0,0.0,0.0,0.0,0.0,0.0,0.0,0.0,0.0,0.0,1,1,1,0,0,0,0,0.0,3.0
20_2406_rta_20_250620094616_4166---Delibera52-22del23.12.2024-Allegato1.txt,0.0,0.0,0.0,0.0,0.0,0.0,0.0,0.0,0.0,0.0,1,1,0,0,0,0,0,0.0,2.0
08_2406_rta_08_241015092005_4166---DG216-2024.txt,0.0,0.0,0.0,0.0,0.0,0.0,0.0,0.0,0.0,0.0,1,0,1,0,0,0,0,0.0,2.0
09_PISA PREF E PROV.txt,0.0,0.0,0.0,0.0,0.0,0.0,0.0,0.0,0.0,0.0,1,1,1,0,0,0,0,0.0,3.0
08_2406_rta_08_241015091553_4166---Protocollosullaviolenzadigenere_confirme_prot.txt,0.0,0.0,0.0,0.0,0.0,0.0,0.0,0.0,0.0,0.0,1,1,0,0,0,0,0,0.0,2.0
20_2406_rta_20_250620094616_4166---Delibera52-22del23.12.2024-Allegato1.txt,0.0,0.0,0.0,0.0,0.0,0.0,0.0,0.0,0.0,0.0,1,1,0,0,0,0,0,0.0,2.0
16_taranto_protocollo Prefettura ProvinciaTaranto.txt,0.0,0.0,0.0,0.0,0.0,0.0,0.0,0.0,0.0,0.0,1,1,0,0,0,0,0,0.0,2.0
03_2406_rta_03_240923163715_4166---PROTOCOLLOD'INTESA2017_2020.txt,0.0,0.0,0.0,0.0,0.0,0.0,0.0,0.0,0.0,0.0,1,1,0,0,0,0,0,0.0,2.0
01_2406_rta_01_240920123646_4166---vercellieos.txt,0.0,0.0,0.0,0.0,0.0,0.0,0.0,0.0,0.0,0.0,1,1,1,0,0,0,0,0.0,3.0
05_2406_rta_05_240919122126_4166---PROTOCOLLOULSS8BERICA.txt,0.0,0.0,0.0,0.0,0.0,0.0,0.0,0.0,0.0,0.0,1,1,1,0,0,0,0,0.0,3.0
18_2406_rta_18_240926102620_4166---protocollopercorsorosa.txt,0.0,0.0,0.0,0.0,0.0,0.0,0.0,0.0,0.0,0.0,1,1,0,0,0,0,0,0.0,2.0
09_LUCCA PROV.txt,0.0,0.0,0.0,0.0,0.0,0.0,0.0,0.0,0.0,0.0,1,1,0,0,0,0,0,0.0,2.0
05_2406_rta_05_240916173648_4166---ULSS5Polesana_Protocollodirete.txt,0.0,0.0,0.0,0.0,0.0,0.0,0.0,0.0,0.0,0.0,1,1,0,0,0,0,0,0.0,2.0
11_2406_rta_11_240911113105_4166---PROTOCOLLO_OPERATIVO2024_CONINDIRIZZARIO_FIRMATO.txt,0.0,0.0,0.0,0.0,0.0,0.0,0.0,0.0,0.0,0.0,1,1,0,0,0,0,0,0.0,2.0
05_2406_rta_05_240918153458_4166---protocolloprovPadova.txt,0.0,0.0,0.0,0.0,0.0,0.0,0.0,0.0,0.0,0.0,1,1,0,0,0,0,0,0.0,2.0
08_2406_rta_08_241015092049_4166---PROTOCOLLOD.G.C.FAENZA304-2009.txt,0.0,0.0,0.0,0.0,0.0,0.0,0.0,0.0,0.0,0.0,1,1,0,0,0,0,0,0.0,2.0
20_2406_rta_20_250620094616_4166---Delibera52-22del23.12.2024-Allegato1.txt,0.0,0.0,0.0,0.0,0.0,0.0,0.0,0.0,0.0,0.0,1,1,0,0,0,0,0,0.0,2.0
06_2406_rta_06_240916164258_4166---Protocolloviolenzadomesticaedigenere_30.09.2019.txt,0.0,0.0,0.0,0.0,0.0,0.0,0.0,0.0,0.0,0.0,1,1,0,0,0,0,0,0.0,2.0
08_2406_rta_08_241015091725_4166---Protoc-Prefett-2017.txt,0.0,0.0,0.0,0.0,0.0,0.0,0.0,0.0,0.0,0.0,0,0,0,0,0,0,0,0.0,0.0
03_2406_rta_03_240926114940_4166---ProtocollodiintesaeAllegatoTecnico_SOTTOSCRITTO.txt,0.0,0.0,0.0,0.0,0.0,0.0,0.0,0.0,0.0,0.0,1,1,1,0,0,0,0,0.0,3.0
01_2406_rta_01_241002150739_4166---DeliberaCostituzioneOsservatorioSaluteDonne.txt,0.0,0.0,0.0,0.0,0.0,0.0,0.0,0.0,0.0,0.0,1,0,0,0,0,1,1,0.0,3.0
16_2406_rta_16_250410122122_4166---Protocollo_Viola.txt,0.0,0.0,0.0,0.0,0.0,0.0,0.0,0.0,0.0,0.0,1,1,0,0,0,0,0,0.0,2.0
08_2406_rta_08_241015091330_4166---Protocollo_intesa_autonomia_abitativa_donne_vittime_di_violenza_CittMtrBO.txt,0.0,0.0,0.0,0.0,0.0,0.0,0.0,0.0,0.0,0.0,0,0,0,0,0,0,0,0.0,0.0
02_2406_rta_02_240904124958_4166---lrn4del25feb2013.txt,0.0,0.0,0.0,0.0,0.0,0.0,0.0,0.0,0.0,0.0,0,0,0,0,0,0,0,0.0,0.0
13_2406_rta_13_241122105938_4166---ACCORDOOPERATIVO.txt,0.0,0.0,0.0,0.0,0.0,0.0,0.0,0.0,0.0,0.0,0,0,0,0,0,0,0,0.0,0.0
01_2406_rta_01_240904120005_4166---protocollo.txt,0.0,0.0,0.0,0.0,0.0,0.0,0.0,0.0,0.0,0.0,0,0,0,0,0,0,0,0.0,0.0
08_2406_rta_08_241015091330_4166---Protocollo_intesa_autonomia_abitativa_donne_vittime_di_violenza_CittMtrBO.txt,0.0,0.0,0.0,0.0,0.0,0.0,0.0,0.0,0.0,0.0,0,0,0,0,0,0,0,0.0,0.0
01_2406_rta_01_241002150739_4166---DeliberaCostituzioneOsservatorioSaluteDonne.txt,0.0,0.0,0.0,0.0,0.0,0.0,0.0,0.0,0.0,0.0,1,0,0,0,0,1,1,0.0,3.0
12_2406_rta_12_241004144338_4166---06-ProtocolloComunediVALLECORSA.txt,0.0,0.0,0.0,0.0,0.0,0.0,0.0,0.0,0.0,0.0,0,0,0,0,0,0,0,0.0,0.0
18_2406_rta_18_240926103211_4166---PROTOCOLLOviolasottoscritto.txt,0.0,0.0,0.0,0.0,0.0,0.0,0.0,0.0,0.0,0.0,1,0,0,0,0,0,0,0.0,1.0
12_2406_rta_12_241004134724_4166---02-ProtocolloconlaProvinciadiFrosinone.txt,0.0,0.0,0.0,0.0,0.0,0.0,0.0,0.0,0.0,0.0,1,0,0,0,0,0,0,0.0,1.0
18_2406_rta_18_240926103211_4166---PROTOCOLLOviolasottoscritto.txt,0.0,0.0,0.0,0.0,0.0,0.0,0.0,0.0,0.0,0.0,1,0,0,0,1,0,1,0.0,3.0
06_2406_rta_06_240916164102_4166---protocollopordenoneprefettura.txt,0.0,0.0,0.0,0.0,0.0,0.0,0.0,0.0,0.0,0.0,0,0,0,0,0,0,0,0.0,0.0
01_2406_rta_01_240920123646_4166---vercellieos.txt,0.0,0.0,0.0,0.0,0.0,0.0,0.0,0.0,0.0,0.0,1,1,1,0,0,1,1,0.0,5.0
13_2406_rta_13_241122102615_4166---PROTOCOLLOD_INTESACOMUNEAQ_donatellatelliniCAV2023.txt,0.0,0.0,0.0,0.0,0.0,0.0,0.0,0.0,0.0,0.0,1,0,0,0,0,0,0,0.0,1.0
12_2406_rta_12_241004130514_4166---PROTOCOLLODIINTESAPERLAPROMOZIONEDISTRATEGIECONDIVISESULFENOMENODELLAVIOLENZADIGENERE(1).txt,0.0,0.0,0.0,0.0,0.0,0.0,0.0,0.0,0.0,0.0,0,0,0,0,0,0,0,0.0,0.0
01_2406_rta_01_240904120005_4166---protocollo.txt,0.0,0.0,0.0,0.0,0.0,0.0,0.0,0.0,0.0,0.0,0,0,0,0,0,0,0,0.0,0.0
08_2406_rta_08_241015091500_4166---Protocollo_autonomia_lavorativa_def.txt,0.0,0.0,0.0,0.0,0.0,0.0,0.0,0.0,0.0,0.0,0,0,0,0,0,0,0,0.0,0.0
18_2406_rta_18_240926103211_4166---PROTOCOLLOviolasottoscritto.txt,0.0,0.0,0.0,0.0,0.0,0.0,0.0,0.0,0.0,0.0,1,1,0,0,0,0,0,0.0,2.0
01_2406_rta_01_241002150739_4166---DeliberaCostituzioneOsservatorioSaluteDonne.txt,0.0,0.0,0.0,0.0,0.0,0.0,0.0,0.0,0.0,0.0,1,0,0,0,0,0,0,0.0,1.0
18_2406_rta_18_240926102407_4166---ProtocollointesaAISM_CentroLanzino_ReteREDCALABRIA_firmadigitale.txt,0.0,0.0,0.0,0.0,0.0,0.0,0.0,0.0,0.0,0.0,0,0,0,0,0,0,0,0.0,0.0
09_AREZZO Prot_2024-2026.txt,0.0,0.0,0.0,0.0,0.0,0.0,0.0,0.0,0.0,0.0,1,1,0,0,0,0,0,0.0,2.0
02_2406_rta_02_240904124958_4166---lrn4del25feb2013.txt,0.0,0.0,0.0,0.0,0.0,0.0,0.0,0.0,0.0,0.0,0,0,0,0,0,0,0,0.0,0.0
09_GROSSETO 2022 fpdf.txt,0.0,0.0,0.0,0.0,0.0,0.0,0.0,0.0,0.0,0.0,0,0,0,0,0,0,0,0.0,0.0
18_2406_rta_18_240926103211_4166---PROTOCOLLOviolasottoscritto.txt,0.0,0.0,0.0,0.0,0.0,0.0,0.0,0.0,0.0,0.0,1,1,0,0,0,0,0,0.0,2.0
12_2406_rta_12_241007224201_4166---ProtocolloConilComunediARCE.txt,0.0,0.0,0.0,0.0,0.0,0.0,0.0,0.0,0.0,0.0,0,0,0,0,0,0,0,0.0,0.0
01_2406_rta_01_240904120005_4166---protocollo.txt,0.0,0.0,0.0,0.0,0.0,0.0,0.0,0.0,0.0,0.0,1,1,1,0,0,0,0,0.0,3.0
18_2406_rta_18_240926102620_4166---protocollopercorsorosa.txt,0.0,0.0,0.0,0.0,0.0,0.0,0.0,0.0,0.0,0.0,1,1,0,0,0,0,0,0.0,2.0
12_2406_rta_12_240926134140_4166---Protocollointesa.txt,0.0,0.0,0.0,0.0,0.0,0.0,0.0,0.0,0.0,0.0,1,1,1,0,0,0,0,0.0,3.0
18_2406_rta_18_240926102706_4166---protocollomondorosa2013.txt,0.0,0.0,0.0,0.0,0.0,0.0,0.0,0.0,0.0,0.0,1,1,0,0,0,0,0,0.0,2.0
18_2406_rta_18_240926102706_4166---protocollomondorosa2013.txt,0.0,0.0,0.0,0.0,0.0,0.0,0.0,0.0,0.0,0.0,1,1,0,0,0,0,0,0.0,2.0
12_2406_rta_12_241004144338_4166---06-ProtocolloComunediVALLECORSA.txt,0.0,0.0,0.0,0.0,0.0,0.0,0.0,0.0,0.0,0.0,0,0,0,0,0,0,0,0.0,0.0
01_2406_rta_01_241002150739_4166---DeliberaCostituzioneOsservatorioSaluteDonne.txt,0.0,0.0,0.0,0.0,0.0,0.0,0.0,0.0,0.0,0.0,1,0,0,0,0,0,0,0.0,1.0
09_FIRENZE Linee-di-indirizzo2024.txt,0.0,0.0,0.0,0.0,0.0,0.0,0.0,0.0,0.0,0.0,1,1,0,0,0,0,0,0.0,2.0
07_2406_rta_07_240916163956_4166---DGR477_2022_Protocollo.txt,0.0,0.0,0.0,0.0,0.0,0.0,0.0,0.0,0.0,0.0,1,1,0,0,0,0,0,0.0,2.0
18_2406_rta_18_240926102943_4166---schemaAccordoCollaborazione499ARIEL_signed.txt,0.0,0.0,0.0,0.0,0.0,0.0,0.0,0.0,0.0,0.0,1,1,0,0,1,1,1,0.0,5.0
01_2406_rta_01_240904162242_4166---CONVENZIONETRAASLTO3ESVOLTADONNA.txt,0.0,0.0,0.0,0.0,0.0,0.0,0.0,0.0,0.0,0.0,1,1,1,0,0,0,0,0.0,3.0
05_2406_rta_05_240916131522_4166---protocolloaggiornamento2023.txt,0.0,0.0,0.0,0.0,0.0,0.0,0.0,0.0,0.0,0.0,1,1,0,0,0,0,0,0.0,2.0
08_2406_rta_08_241015091310_4166---Accordo_Contrasto_alla_violenza_CittMtrBO.txt,0.0,0.0,0.0,0.0,0.0,0.0,0.0,0.0,0.0,0.0,1,1,1,0,0,1,1,0.0,5.0
03_2406_rta_03_240926122051_4166---Protocollomonz.txt,0.0,0.0,0.0,0.0,0.0,0.0,0.0,0.0,0.0,0.0,1,1,1,0,0,0,0,0.0,3.0
01_2406_rta_01_240904150044_4166---Protocollocav-irene2022-2025.txt,0.0,0.0,0.0,0.0,0.0,0.0,0.0,0.0,0.0,0.0,1,1,0,0,0,0,0,0.0,2.0
12_2406_rta_12_241004135803_4166---03-ConvenzioneTribunaleOrdinariodiFrosinone.txt,0.0,0.0,0.0,0.0,0.0,0.0,0.0,0.0,0.0,0.0,0,0,0,0,0,0,0,0.0,0.0
12_2406_rta_12_241008103001_4166---16-Convenzioneconl'UniversitàECAMPUS.txt,0.0,0.0,0.0,0.0,0.0,0.0,0.0,0.0,0.0,0.0,0,0,0,0,0,0,0,0.0,0.0
18_2406_rta_18_240926102931_4166---PROT.2403-24.txt,0.0,0.0,0.0,0.0,0.0,0.0,0.0,0.0,0.0,0.0,0,0,0,0,0,0,0,0.0,0.0
01_2406_rta_01_241003124847_4166---2024-8928-2perinvio.txt,0.0,0.0,0.0,0.0,0.0,0.0,0.0,0.0,0.0,0.0,1,1,0,0,0,0,0,0.0,2.0
12_2406_rta_12_241008102339_4166---15-ConvenzionePreepost-Laureauniversitàdell'AQUILA.txt,0.0,0.0,0.0,0.0,0.0,0.0,0.0,0.0,0.0,0.0,0,0,0,0,0,0,0,0.0,0.0
11_2406_rta_11_240911113105_4166---PROTOCOLLO_OPERATIVO2024_CONINDIRIZZARIO_FIRMATO.txt,0.0,0.0,0.0,0.0,0.0,0.0,0.0,0.0,0.0,0.0,1,1,0,0,0,0,0,0.0,2.0
09_AREZZO Prot_2024-2026.txt,0.0,0.0,0.0,0.0,0.0,0.0,0.0,0.0,0.0,0.0,1,1,0,0,0,1,1,0.0,4.0
11_2406_rta_11_240911113911_4166---AscoliPPROTOCOLLOoperativo_2019_2021.txt,0.0,0.0,0.0,0.0,0.0,0.0,0.0,0.0,0.0,0.0,1,1,0,0,0,0,0,0.0,2.0
16_bari_protocollo operativo Gioia del Colle_EMI.txt,0.0,0.0,0.0,0.0,0.0,0.0,0.0,0.0,0.0,0.0,0,0,0,0,0,0,0,0.0,0.0
03_2406_rta_03_240920124656_4166---ProtocolloantiviolenzaDEFINITIVO(1).txt,0.0,0.0,0.0,0.0,0.0,0.0,0.0,0.0,0.0,0.0,1,1,0,0,0,0,0,0.0,2.0
01_2406_rta_01_240904121349_4166---convenzione.txt,0.0,0.0,0.0,0.0,0.0,0.0,0.0,0.0,0.0,0.0,0,0,0,0,0,0,0,0.0,0.0
08_2406_rta_08_241015091310_4166---Accordo_Contrasto_alla_violenza_CittMtrBO.txt,0.0,0.0,0.0,0.0,0.0,0.0,0.0,0.0,0.0,0.0,1,0,0,0,0,0,0,0.0,1.0
03_2406_rta_03_240923101524_4166---PROTOCOLLO_DI_INTESA_versione_DEFINITIVA2021.stamped.txt,0.0,0.0,0.0,0.0,0.0,0.0,0.0,0.0,0.0,0.0,1,1,1,0,0,0,0,0.0,3.0
16_2406_rta_16_250409174252_4166---Protocollo_Intesa_LARA.txt,0.0,0.0,0.0,0.0,0.0,0.0,0.0,0.0,0.0,0.0,1,1,1,0,0,1,1,0.0,5.0
03_2406_rta_03_240925144919_4166---RETEDICOMO-PROTOCOLLOINTERIST.17novembre2023(1).txt,0.0,0.0,0.0,0.0,0.0,0.0,0.0,0.0,0.0,0.0,1,1,1,0,0,0,0,0.0,3.0
18_2406_rta_18_240926103211_4166---PROTOCOLLOviolasottoscritto.txt,0.0,0.0,0.0,0.0,0.0,0.0,0.0,0.0,0.0,0.0,1,1,0,0,0,0,0,0.0,2.0
03_2406_rta_03_240918153252_4166---Protocollo+Appendice+LineeGuida_Datatodafirmare.txt,0.0,0.0,0.0,0.0,0.0,0.0,0.0,0.0,0.0,0.0,1,1,1,0,0,1,1,0.0,5.0
11_2406_rta_11_240911113757_4166---All.4ProtocolloReteAntiviolenzasottoscritto18.12.2023.txt,0.0,0.0,0.0,0.0,0.0,0.0,0.0,0.0,0.0,0.0,1,1,0,0,0,0,0,0.0,2.0
16_2406_rta_16_250410122122_4166---Protocollo_Viola.txt,0.0,0.0,0.0,0.0,0.0,0.0,0.0,0.0,0.0,0.0,1,1,0,0,0,0,0,0.0,2.0
08_2406_rta_08_241015091621_4166---PROTOCOLLO_22.txt,0.0,0.0,0.0,0.0,0.0,0.0,0.0,0.0,0.0,0.0,1,1,0,0,0,0,0,0.0,2.0
12_2406_rta_12_241004134724_4166---02-ProtocolloconlaProvinciadiFrosinone.txt,0.0,0.0,0.0,0.0,0.0,0.0,0.0,0.0,0.0,0.0,1,1,1,0,0,0,0,0.0,3.0
09_GROSSETO 2022 fpdf.txt,0.0,0.0,0.0,0.0,0.0,0.0,0.0,0.0,0.0,0.0,1,0,0,0,0,1,1,0.0,3.0
03_2406_rta_03_240918153240_4166---Protocollod'intesaperl'IstituzionediunSistemaTerritorialeAntiviolenzainReteconAddendumSindacati.txt,0.0,0.0,0.0,0.0,0.0,0.0,0.0,0.0,0.0,0.0,1,1,1,0,0,0,0,0.0,3.0
09_LIVORNO Protocollo_ RETE ANTIVIOLENZA_ LIVORNO.txt,0.0,0.0,0.0,0.0,0.0,0.0,0.0,0.0,0.0,0.0,1,0,0,0,0,0,0,0.0,1.0
03_2406_rta_03_240923111659_4166---ProtocolloantiviolenzaComunediLodi_scansioneconfirme_maggio2014.txt,0.0,0.0,0.0,0.0,0.0,0.0,0.0,0.0,0.0,0.0,1,1,1,0,0,1,1,0.0,5.0
09_LUCCA PROV.txt,0.0,0.0,0.0,0.0,0.0,0.0,0.0,0.0,0.0,0.0,1,1,1,0,0,1,1,0.0,5.0
11_2406_rta_11_240911113235_4166---MacerataProtocollo2019_2022Firmato.txt,0.0,0.0,0.0,0.0,0.0,0.0,0.0,0.0,0.0,0.0,1,1,0,0,0,0,0,0.0,2.0
03_2406_rta_03_240918153156_4166---Protocollo_d'Intesa_Rete_Mantova.prot.txt,0.0,0.0,0.0,0.0,0.0,0.0,0.0,0.0,0.0,0.0,1,1,1,0,0,0,0,0.0,3.0
09_APUANE_2015 Protocollo Prefettura.txt,0.0,0.0,0.0,0.0,0.0,0.0,0.0,0.0,0.0,0.0,1,1,0,0,0,0,0,0.0,2.0
03_2406_rta_03_240920120751_4166---protocollodiintesa.txt,0.0,0.0,0.0,0.0,0.0,0.0,0.0,0.0,0.0,0.0,1,1,1,0,0,0,0,0.0,3.0
08_2406_rta_08_241015091725_4166---Protoc-Prefett-2017.txt,0.0,0.0,0.0,0.0,0.0,0.0,0.0,0.0,0.0,0.0,1,1,1,0,0,0,0,0.0,3.0
05_2406_rta_05_240918153458_4166---protocolloprovPadova.txt,0.0,0.0,0.0,0.0,0.0,0.0,0.0,0.0,0.0,0.0,1,1,0,0,0,0,0,0.0,2.0
03_2406_rta_03_240918151606_4166---A_RetePavia_Protocollo2021_e_Integrazioni2023_firmato_compressed.txt,0.0,0.0,0.0,0.0,0.0,0.0,0.0,0.0,0.0,0.0,1,1,1,0,0,0,0,0.0,3.0
11_2406_rta_11_240911113034_4166---protocollodireteantiviolenza2020-2022-uuvv.txt,0.0,0.0,0.0,0.0,0.0,0.0,0.0,0.0,0.0,0.0,1,1,0,0,0,0,0,0.0,2.0
08_2406_rta_08_241015091832_4166---P.G.111546-2023PROTOCOLLOOPERATIVOFENOMENOVIOLENZADONNE(1).txt,0.0,0.0,0.0,0.0,0.0,0.0,0.0,0.0,0.0,0.0,1,1,1,0,0,0,0,0.0,3.0
09_PISA PREF E PROV.txt,0.0,0.0,0.0,0.0,0.0,0.0,0.0,0.0,0.0,0.0,1,1,1,0,0,0,0,0.0,3.0
09_PISTOIA PROV .txt,0.0,0.0,0.0,0.0,0.0,0.0,0.0,0.0,0.0,0.0,1,1,0,0,0,1,1,0.0,4.0
06_2406_rta_06_240916164102_4166---protocollopordenoneprefettura.txt,0.0,0.0,0.0,0.0,0.0,0.0,0.0,0.0,0.0,0.0,1,1,0,0,0,0,0,0.0,2.0
09_PRATO PREF.txt,0.0,0.0,0.0,0.0,0.0,0.0,0.0,0.0,0.0,0.0,1,1,0,0,0,0,0,0.0,2.0
08_2406_rta_08_241015091655_4166---Aggiornamentointegrazioneprotocollooperativoapprovatonelgiugno2008.txt,0.0,0.0,0.0,0.0,0.0,0.0,0.0,0.0,0.0,0.0,1,1,1,0,0,0,0,0.0,3.0
08_2406_rta_08_241015091553_4166---Protocollosullaviolenzadigenere_confirme_prot.txt,0.0,0.0,0.0,0.0,0.0,0.0,0.0,0.0,0.0,0.0,1,1,0,0,0,0,0,0.0,2.0
12_2406_rta_12_241008151247_4166---3.prot.txt,0.0,0.0,0.0,0.0,0.0,0.0,0.0,0.0,0.0,0.0,0,0,0,0,0,0,0,0.0,0.0
03_2406_rta_03_240923102947_4166---ProtSOTTOSCRITTO_ReteAntiviolenzaPiuIntegrazioneAprile2024(1).txt,0.0,0.0,0.0,0.0,0.0,0.0,0.0,0.0,0.0,0.0,1,1,1,0,0,0,0,0.0,3.0
16_taranto_protocollo Prefettura ProvinciaTaranto.txt,0.0,0.0,0.0,0.0,0.0,0.0,0.0,0.0,0.0,0.0,1,1,0,0,0,0,0,0.0,2.0
13_2406_rta_13_241122103653_4166---protocollodirete_cavlafenice_provinciateramo.txt,0.0,0.0,0.0,0.0,0.0,0.0,0.0,0.0,0.0,0.0,1,1,0,0,0,0,0,0.0,2.0
01_2406_rta_01_241003113501_4166---CCVD1deliberaprotocolloccvd-2024eall1prot.txt,0.0,0.0,0.0,0.0,0.0,0.0,0.0,0.0,0.0,0.0,0,1,0,0,0,0,0,0.0,1.0
06_2406_rta_06_240916164153_4166---protocolloprefettura.txt,0.0,0.0,0.0,0.0,0.0,0.0,0.0,0.0,0.0,0.0,1,1,0,0,0,0,0,0.0,2.0
03_2406_rta_03_240923163715_4166---PROTOCOLLOD'INTESA2017_2020.txt,0.0,0.0,0.0,0.0,0.0,0.0,0.0,0.0,0.0,0.0,1,1,0,0,0,0,0,0.0,2.0
18_2406_rta_18_240926102706_4166---protocollomondorosa2013.txt,0.0,0.0,0.0,0.0,0.0,0.0,0.0,0.0,0.0,0.0,1,1,0,0,0,0,0,0.0,2.0
12_2406_rta_12_241003104626_4166---PROTOCOLLODIINTESAMUNICIPIOXV.txt,0.0,0.0,0.0,0.0,0.0,0.0,0.0,0.0,0.0,0.0,0,0,0,0,0,0,0,0.0,0.0
08_2406_rta_08_241015091553_4166---Protocollosullaviolenzadigenere_confirme_prot.txt,0.0,0.0,0.0,0.0,0.0,0.0,0.0,0.0,0.0,0.0,1,1,0,0,0,0,0,0.0,2.0
01_2406_rta_01_241002150739_4166---DeliberaCostituzioneOsservatorioSaluteDonne.txt,0.0,0.0,0.0,0.0,0.0,0.0,0.0,0.0,0.0,0.0,1,0,0,0,0,0,0,0.0,1.0
05_2406_rta_05_240916131522_4166---protocolloaggiornamento2023.txt,0.0,0.0,0.0,0.0,0.0,0.0,0.0,0.0,0.0,0.0,1,1,0,0,0,0,0,0.0,2.0
12_2406_rta_12_241008095626_4166---Convenzioneconl'UniversitàLASAPIENZARoma.txt,0.0,0.0,0.0,0.0,0.0,0.0,0.0,0.0,0.0,0.0,1,0,0,0,0,0,0,0.0,1.0
12_2406_rta_12_240926140522_4166---4ProtintCAVFRANCARAME-38-41(1).txt,0.0,0.0,0.0,0.0,0.0,0.0,0.0,0.0,0.0,0.0,0,0,0,0,0,0,0,0.0,0.0
01_2406_rta_01_240904120005_4166---protocollo.txt,0.0,0.0,0.0,0.0,0.0,0.0,0.0,0.0,0.0,0.0,1,1,0,0,0,0,0,0.0,2.0
01_2406_rta_01_240909110828_4166---PROTOCOLLOHELP.txt,0.0,0.0,0.0,0.0,0.0,0.0,0.0,0.0,0.0,0.0,1,1,0,0,0,0,0,0.0,2.0
05_2406_rta_05_240919124736_4166---Protocollo_per_contrasto_alla_violenza_di_genere.stamped.txt,0.0,0.0,0.0,0.0,0.0,0.0,0.0,0.0,0.0,0.0,1,1,0,0,0,0,0,0.0,2.0
03_2406_rta_03_240920120751_4166---protocollodiintesa.txt,0.0,0.0,0.0,0.0,0.0,0.0,0.0,0.0,0.0,0.0,1,0,0,0,0,0,0,0.0,1.0
12_2406_rta_12_241008095626_4166---Convenzioneconl'UniversitàLASAPIENZARoma.txt,0.0,0.0,0.0,0.0,0.0,0.0,0.0,0.0,0.0,0.0,1,1,0,0,0,0,0,0.0,2.0
05_2406_rta_05_240916131522_4166---protocolloaggiornamento2023.txt,0.0,0.0,0.0,0.0,0.0,0.0,0.0,0.0,0.0,0.0,1,1,0,0,0,0,0,0.0,2.0
12_2406_rta_12_241008095626_4166---Convenzioneconl'UniversitàLASAPIENZARoma.txt,0.0,0.0,0.0,0.0,0.0,0.0,0.0,0.0,0.0,0.0,1,1,0,0,0,0,0,0.0,2.0
12_2406_rta_12_241008095626_4166---Convenzioneconl'UniversitàLASAPIENZARoma.txt,0.0,0.0,0.0,0.0,0.0,0.0,0.0,0.0,0.0,0.0,1,0,0,0,0,0,0,0.0,1.0
03_2406_rta_03_240923163715_4166---PROTOCOLLOD'INTESA2017_2020.txt,0.0,0.0,0.0,0.0,0.0,0.0,0.0,0.0,0.0,0.0,0,0,0,0,0,0,0,0.0,0.0
03_2406_rta_03_240923103647_4166---protocolloreteantiviolenzacinisello2019(1).txt,0.0,0.0,0.0,0.0,0.0,0.0,0.0,0.0,0.0,0.0,0,0,0,0,0,0,0,0.0,0.0
05_2406_rta_05_240916131522_4166---protocolloaggiornamento2023.txt,0.0,0.0,0.0,0.0,0.0,0.0,0.0,0.0,0.0,0.0,1,1,0,0,0,0,0,0.0,2.0
05_2406_rta_05_240916131522_4166---protocolloaggiornamento2023.txt,0.0,0.0,0.0,0.0,0.0,0.0,0.0,0.0,0.0,0.0,1,1,0,0,0,0,0,0.0,2.0
12_2406_rta_12_240926113237_4166---Accordocavunuiversitari.txt,0.0,0.0,0.0,0.0,0.0,0.0,0.0,0.0,0.0,0.0,1,0,0,0,0,0,0,0.0,1.0
12_2406_rta_12_241002111710_4166---6protCAVSAPIENZA-SAPIENZAINMOVIMENTO.txt,0.0,0.0,0.0,0.0,0.0,0.0,0.0,0.0,0.0,0.0,0,0,0,0,0,0,0,0.0,0.0
12_2406_rta_12_241008103001_4166---16-Convenzioneconl'UniversitàECAMPUS.txt,0.0,0.0,0.0,0.0,0.0,0.0,0.0,0.0,0.0,0.0,1,1,1,0,0,0,0,0.0,3.0
13_2406_rta_13_241122115416_4166---PROTOCOLLOPESCARA.txt,0.0,0.0,0.0,0.0,0.0,0.0,0.0,0.0,0.0,0.0,1,1,1,0,0,0,0,0.0,3.0
12_2406_rta_12_241008101410_4166---ConvenzioneconUniversitàMERCATORUM.txt,0.0,0.0,0.0,0.0,0.0,0.0,0.0,0.0,0.0,0.0,1,1,1,0,0,0,0,0.0,3.0
12_2406_rta_12_241008102339_4166---15-ConvenzionePreepost-Laureauniversitàdell'AQUILA.txt,0.0,0.0,0.0,0.0,0.0,0.0,0.0,0.0,0.0,0.0,1,0,1,0,0,0,0,0.0,2.0
03_2406_rta_03_240920124656_4166---ProtocolloantiviolenzaDEFINITIVO(1).txt,0.0,0.0,0.0,0.0,0.0,0.0,0.0,0.0,0.0,0.0,1,1,0,0,0,0,0,0.0,2.0
08_2406_rta_08_241015091621_4166---PROTOCOLLO_22.txt,0.0,0.0,0.0,0.0,0.0,0.0,0.0,0.0,0.0,0.0,1,1,0,0,0,0,0,0.0,2.0
08_2406_rta_08_241015091355_4166---PROTOCOLLO_CONTRO_VIOLENZA_firmato2023.txt,0.0,0.0,0.0,0.0,0.0,0.0,0.0,0.0,0.0,0.0,1,1,1,0,0,0,0,0.0,3.0
09_LIVORNO Protocollo_ RETE ANTIVIOLENZA_ LIVORNO.txt,0.0,0.0,0.0,0.0,0.0,0.0,0.0,0.0,0.0,0.0,1,0,0,0,0,0,0,0.0,1.0
16_2406_rta_16_250410122122_4166---Protocollo_Viola.txt,0.0,0.0,0.0,0.0,0.0,0.0,0.0,0.0,0.0,0.0,1,1,0,0,1,1,1,0.0,5.0
07_2406_rta_07_240916163956_4166---DGR477_2022_Protocollo.txt,0.0,0.0,0.0,0.0,0.0,0.0,0.0,0.0,0.0,0.0,1,1,0,0,0,0,0,0.0,2.0
08_2406_rta_08_241015091725_4166---Protoc-Prefett-2017.txt,0.0,0.0,0.0,0.0,0.0,0.0,0.0,0.0,0.0,0.0,1,1,0,0,0,0,0,0.0,2.0
05_2406_rta_05_240918153458_4166---protocolloprovPadova.txt,0.0,0.0,0.0,0.0,0.0,0.0,0.0,0.0,0.0,0.0,1,1,0,0,0,0,0,0.0,2.0
03_2406_rta_03_240918151606_4166---A_RetePavia_Protocollo2021_e_Integrazioni2023_firmato_compressed.txt,0.0,0.0,0.0,0.0,0.0,0.0,0.0,0.0,0.0,0.0,1,1,1,0,0,0,0,0.0,3.0
09_PISA PREF E PROV.txt,0.0,0.0,0.0,0.0,0.0,0.0,0.0,0.0,0.0,0.0,1,1,0,0,0,0,0,0.0,2.0
12_2406_rta_12_241003105319_4166---PROTOCOLLODIINTES1_2601def-signed-signed.txt,0.0,0.0,0.0,0.0,0.0,0.0,0.0,0.0,0.0,0.0,1,1,0,0,0,0,0,0.0,2.0
13_2406_rta_13_241122103653_4166---protocollodirete_cavlafenice_provinciateramo.txt,0.0,0.0,0.0,0.0,0.0,0.0,0.0,0.0,0.0,0.0,1,1,0,0,0,0,0,0.0,2.0
01_2406_rta_01_240904121349_4166---convenzione.txt,0.0,0.0,0.0,0.0,0.0,0.0,0.0,0.0,0.0,0.0,1,1,1,0,0,0,0,0.0,3.0
06_2406_rta_06_240916164258_4166---Protocolloviolenzadomesticaedigenere_30.09.2019.txt,0.0,0.0,0.0,0.0,0.0,0.0,0.0,0.0,0.0,0.0,1,1,0,0,0,0,0,0.0,2.0
12_2406_rta_12_240926115028_4166---ProtICROASLazioePonteDonna.txt,0.0,0.0,0.0,0.0,0.0,0.0,0.0,0.0,0.0,0.0,1,0,0,0,0,0,0,0.0,1.0
12_2406_rta_12_240926113237_4166---Accordocavunuiversitari.txt,0.0,0.0,0.0,0.0,0.0,0.0,0.0,0.0,0.0,0.0,1,0,0,0,0,0,0,0.0,1.0
02_2406_rta_02_240904124958_4166---lrn4del25feb2013.txt,0.0,0.0,0.0,0.0,0.0,0.0,0.0,0.0,0.0,0.0,0,0,0,0,0,0,0,0.0,0.0
11_2406_rta_11_240911113235_4166---MacerataProtocollo2019_2022Firmato.txt,0.0,0.0,0.0,0.0,0.0,0.0,0.0,0.0,0.0,0.0,1,1,0,0,0,0,0,0.0,2.0
11_2406_rta_11_240911113235_4166---MacerataProtocollo2019_2022Firmato.txt,0.0,0.0,0.0,0.0,0.0,0.0,0.0,0.0,0.0,0.0,1,1,0,0,0,0,0,0.0,2.0
08_2406_rta_08_241015091655_4166---Aggiornamentointegrazioneprotocollooperativoapprovatonelgiugno2008.txt,0.0,0.0,0.0,0.0,0.0,0.0,0.0,0.0,0.0,0.0,0,0,0,0,0,0,0,0.0,0.0
12_2406_rta_12_240926113237_4166---Accordocavunuiversitari.txt,0.0,0.0,0.0,0.0,0.0,0.0,0.0,0.0,0.0,0.0,1,0,0,0,0,0,0,0.0,1.0
01_2406_rta_01_241002150739_4166---DeliberaCostituzioneOsservatorioSaluteDonne.txt,0.0,0.0,0.0,0.0,0.0,0.0,0.0,0.0,0.0,0.0,0,0,0,0,0,0,0,0.0,0.0
05_2406_rta_05_240919124736_4166---Protocollo_per_contrasto_alla_violenza_di_genere.stamped.txt,0.0,0.0,0.0,0.0,0.0,0.0,0.0,0.0,0.0,0.0,1,1,0,0,0,0,0,0.0,2.0
03_2406_rta_03_240918151606_4166---A_RetePavia_Protocollo2021_e_Integrazioni2023_firmato_compressed.txt,0.0,0.0,0.0,0.0,0.0,0.0,0.0,0.0,0.0,0.0,1,1,1,0,0,0,0,0.0,3.0
03_2406_rta_03_240923114012_4166---23-9-2024ProtocolloReteRita_signed_signed_signedDEF_signed_signed-signed_signed(1).txt,0.0,0.0,0.0,0.0,0.0,0.0,0.0,0.0,0.0,0.0,1,1,0,0,0,0,0,0.0,2.0
09_ALTA VALDELSA Protocollo-violenza-valdelsa-2022_ALTA VALDELSA.txt,0.0,0.0,0.0,0.0,0.0,0.0,0.0,0.0,0.0,0.0,1,0,0,0,0,0,0,0.0,1.0
06_2406_rta_06_240916164258_4166---Protocolloviolenzadomesticaedigenere_30.09.2019.txt,0.0,0.0,0.0,0.0,0.0,0.0,0.0,0.0,0.0,0.0,0,0,0,0,0,0,0,0.0,0.0
11_2406_rta_11_240911113235_4166---MacerataProtocollo2019_2022Firmato.txt,0.0,0.0,0.0,0.0,0.0,0.0,0.0,0.0,0.0,0.0,1,1,0,0,0,0,0,0.0,2.0
01_2406_rta_01_240920123646_4166---vercellieos.txt,0.0,0.0,0.0,0.0,0.0,0.0,0.0,0.0,0.0,0.0,1,1,1,0,0,0,0,0.0,3.0
05_2406_rta_05_240916131522_4166---protocolloaggiornamento2023.txt,0.0,0.0,0.0,0.0,0.0,0.0,0.0,0.0,0.0,0.0,1,1,0,0,0,0,0,0.0,2.0
20_2406_rta_20_250620094616_4166---Delibera52-22del23.12.2024-Allegato1.txt,0.0,0.0,0.0,0.0,0.0,0.0,0.0,0.0,0.0,0.0,1,1,0,0,0,0,0,0.0,2.0
08_2406_rta_08_241015091355_4166---PROTOCOLLO_CONTRO_VIOLENZA_firmato2023.txt,0.0,0.0,0.0,0.0,0.0,0.0,0.0,0.0,0.0,0.0,1,1,0,0,0,0,0,0.0,2.0
05_2406_rta_05_240916131522_4166---protocolloaggiornamento2023.txt,0.0,0.0,0.0,0.0,0.0,0.0,0.0,0.0,0.0,0.0,1,1,0,0,0,0,0,0.0,2.0
20_2406_rta_20_250620094616_4166---Delibera52-22del23.12.2024-Allegato1.txt,0.0,0.0,0.0,0.0,0.0,0.0,0.0,0.0,0.0,0.0,1,1,0,0,0,0,0,0.0,2.0
20_2406_rta_20_250620094616_4166---Delibera52-22del23.12.2024-Allegato1.txt,0.0,0.0,0.0,0.0,0.0,0.0,0.0,0.0,0.0,0.0,1,1,0,0,0,0,0,0.0,2.0
20_2406_rta_20_250620094616_4166---Delibera52-22del23.12.2024-Allegato1.txt,0.0,0.0,0.0,0.0,0.0,0.0,0.0,0.0,0.0,0.0,1,1,0,0,0,0,0,0.0,2.0
20_2406_rta_20_250620094616_4166---Delibera52-22del23.12.2024-Allegato1.txt,0.0,0.0,0.0,0.0,0.0,0.0,0.0,0.0,0.0,0.0,1,1,0,0,0,0,0,0.0,2.0
20_2406_rta_20_250620094616_4166---Delibera52-22del23.12.2024-Allegato1.txt,0.0,0.0,0.0,0.0,0.0,0.0,0.0,0.0,0.0,0.0,1,1,0,0,0,0,0,0.0,2.0
11_2406_rta_11_240911113235_4166---MacerataProtocollo2019_2022Firmato.txt,0.0,0.0,0.0,0.0,0.0,0.0,0.0,0.0,0.0,0.0,1,1,0,0,0,0,0,0.0,2.0
20_2406_rta_20_250620094616_4166---Delibera52-22del23.12.2024-Allegato1.txt,0.0,0.0,0.0,0.0,0.0,0.0,0.0,0.0,0.0,0.0,1,1,0,0,0,0,0,0.0,2.0
20_2406_rta_20_250620094616_4166---Delibera52-22del23.12.2024-Allegato1.txt,0.0,0.0,0.0,0.0,0.0,0.0,0.0,0.0,0.0,0.0,1,1,0,0,0,0,0,0.0,2.0
20_2406_rta_20_250620094616_4166---Delibera52-22del23.12.2024-Allegato1.txt,0.0,0.0,0.0,0.0,0.0,0.0,0.0,0.0,0.0,0.0,1,1,0,0,0,0,0,0.0,2.0
20_2406_rta_20_250620094616_4166---Delibera52-22del23.12.2024-Allegato1.txt,0.0,0.0,0.0,0.0,0.0,0.0,0.0,0.0,0.0,0.0,1,1,0,0,0,0,0,0.0,2.0
20_2406_rta_20_250620094616_4166---Delibera52-22del23.12.2024-Allegato1.txt,0.0,0.0,0.0,0.0,0.0,0.0,0.0,0.0,0.0,0.0,1,1,0,0,0,0,0,0.0,2.0
03_2406_rta_03_240923171949_4166---PROTOCOLLOD'INTESARETETERRITORIALEANTIVIOLENZAVALLETROMPIA2024.txt,0.0,0.0,0.0,0.0,0.0,0.0,0.0,0.0,0.0,0.0,1,1,0,0,0,0,0,0.0,2.0
03_2406_rta_03_240920120751_4166---protocollodiintesa.txt,0.0,0.0,0.0,0.0,0.0,0.0,0.0,0.0,0.0,0.0,1,1,0,0,0,0,0,0.0,2.0
03_2406_rta_03_240923114012_4166---23-9-2024ProtocolloReteRita_signed_signed_signedDEF_signed_signed-signed_signed(1).txt,0.0,0.0,0.0,0.0,0.0,0.0,0.0,0.0,0.0,0.0,1,1,0,0,0,0,0,0.0,2.0
03_2406_rta_03_240924144947_4166---Protocollod'IntesaReteAntiviolenzaIsolaBergamascaeBassaValSanMartino2024.txt,0.0,0.0,0.0,0.0,0.0,0.0,0.0,0.0,0.0,0.0,1,1,0,0,0,0,0,0.0,2.0
16_bari_protocollo operativo Putignano_EMI.txt,0.0,0.0,0.0,0.0,0.0,0.0,0.0,0.0,0.0,0.0,0,0,0,0,0,0,0,0.0,0.0
09_FIRENZE Linee-di-indirizzo2024.txt,0.0,0.0,0.0,0.0,0.0,0.0,0.0,0.0,0.0,0.0,0,0,0,0,0,0,0,0.0,0.0
08_2406_rta_08_241015091430_4166---Protocollo_Distrettuale_Contrasto_violenza_Donne2023.stamped.txt,0.0,0.0,0.0,0.0,0.0,0.0,0.0,0.0,0.0,0.0,1,1,1,0,0,0,0,0.0,3.0
09_ALTA VALDELSA Protocollo-violenza-valdelsa-2022_ALTA VALDELSA.txt,0.0,0.0,0.0,0.0,0.0,0.0,0.0,0.0,0.0,0.0,1,0,0,0,0,0,0,0.0,1.0
03_2406_rta_03_240923105244_4166---ProtocolloViolenzaMilanoFirme2023.txt,0.0,0.0,0.0,0.0,0.0,0.0,0.0,0.0,0.0,0.0,1,1,0,0,0,0,0,0.0,2.0
17_2406_rta_17_250506142731_4166---Tavolodicoordinamentoemonitoraggio30-01-24.txt,0.0,0.0,0.0,0.0,0.0,0.0,0.0,0.0,0.0,0.0,1,0,0,0,0,0,0,0.0,1.0
11_2406_rta_11_240911113105_4166---PROTOCOLLO_OPERATIVO2024_CONINDIRIZZARIO_FIRMATO.txt,0.0,0.0,0.0,0.0,0.0,0.0,0.0,0.0,0.0,0.0,1,1,0,0,0,0,0,0.0,2.0
13_2406_rta_13_241122115416_4166---PROTOCOLLOPESCARA.txt,0.0,0.0,0.0,0.0,0.0,0.0,0.0,0.0,0.0,0.0,1,1,0,0,0,0,0,0.0,2.0
05_2406_rta_05_240917141534_4166---protocollodiretefirmato.txt,0.0,0.0,0.0,0.0,0.0,0.0,0.0,0.0,0.0,0.0,1,0,0,0,0,0,0,0.0,1.0
08_2406_rta_08_241015091553_4166---Protocollosullaviolenzadigenere_confirme_prot.txt,0.0,0.0,0.0,0.0,0.0,0.0,0.0,0.0,0.0,0.0,1,0,0,0,0,0,0,0.0,1.0
03_2406_rta_03_240918153252_4166---Protocollo+Appendice+LineeGuida_Datatodafirmare.txt,0.0,0.0,0.0,0.0,0.0,0.0,0.0,0.0,0.0,0.0,0,0,0,0,0,0,0,0.0,0.0
05_2406_rta_05_240919114041_4166---protocollounicorevisionato2024.txt,0.0,0.0,0.0,0.0,0.0,0.0,0.0,0.0,0.0,0.0,1,1,0,0,0,0,0,0.0,2.0
20_2406_rta_20_250620094616_4166---Delibera52-22del23.12.2024-Allegato1.txt,0.0,0.0,0.0,0.0,0.0,0.0,0.0,0.0,0.0,0.0,1,0,0,0,0,0,0,0.0,1.0
05_2406_rta_05_240916135305_4166---protocolloulss4.txt,0.0,0.0,0.0,0.0,0.0,0.0,0.0,0.0,0.0,0.0,1,1,0,0,0,0,0,0.0,2.0
20_2406_rta_20_250620094616_4166---Delibera52-22del23.12.2024-Allegato1.txt,0.0,0.0,0.0,0.0,0.0,0.0,0.0,0.0,0.0,0.0,1,0,0,0,0,0,0,0.0,1.0
08_2406_rta_08_241015091725_4166---Protoc-Prefett-2017.txt,0.0,0.0,0.0,0.0,0.0,0.0,0.0,0.0,0.0,0.0,1,1,0,0,0,0,0,0.0,2.0
08_2406_rta_08_241015091430_4166---Protocollo_Distrettuale_Contrasto_violenza_Donne2023.stamped.txt,0.0,0.0,0.0,0.0,0.0,0.0,0.0,0.0,0.0,0.0,1,0,0,0,0,0,0,0.0,1.0
13_2406_rta_13_241122115416_4166---PROTOCOLLOPESCARA.txt,0.0,0.0,0.0,0.0,0.0,0.0,0.0,0.0,0.0,0.0,1,1,0,0,0,0,0,0.0,2.0
09_PRATO PREF.txt,0.0,0.0,0.0,0.0,0.0,0.0,0.0,0.0,0.0,0.0,1,1,0,0,0,0,0,0.0,2.0
03_2406_rta_03_240918153252_4166---Protocollo+Appendice+LineeGuida_Datatodafirmare.txt,0.0,0.0,0.0,0.0,0.0,0.0,0.0,0.0,0.0,0.0,1,1,0,0,0,0,0,0.0,2.0
08_2406_rta_08_241015091355_4166---PROTOCOLLO_CONTRO_VIOLENZA_firmato2023.txt,0.0,0.0,0.0,0.0,0.0,0.0,0.0,0.0,0.0,0.0,1,1,0,0,0,0,0,0.0,2.0
16_lecce_Protocollo Operativo - Procedure integrate per la prevenzione e il contrasto alla violenza contro donne e minori - Copia_Marcato.txt,0.0,0.0,0.0,0.0,0.0,0.0,0.0,0.0,0.0,0.0,1,0,0,0,0,0,0,0.0,1.0
05_2406_rta_05_240916131522_4166---protocolloaggiornamento2023.txt,0.0,0.0,0.0,0.0,0.0,0.0,0.0,0.0,0.0,0.0,1,0,0,0,0,0,0,0.0,1.0
05_2406_rta_05_240918144304_4166---Protocollo_ULSS2-DistrettoTreviso.txt,0.0,0.0,0.0,0.0,0.0,0.0,0.0,0.0,0.0,0.0,1,0,0,0,0,0,0,0.0,1.0
05_2406_rta_05_240916173648_4166---ULSS5Polesana_Protocollodirete.txt,0.0,0.0,0.0,0.0,0.0,0.0,0.0,0.0,0.0,0.0,1,0,0,1,0,0,1,0.0,3.0
20_2406_rta_20_250620094616_4166---Delibera52-22del23.12.2024-Allegato1.txt,0.0,0.0,0.0,0.0,0.0,0.0,0.0,0.0,0.0,0.0,1,1,0,0,0,0,0,0.0,2.0
03_2406_rta_03_240923101524_4166---PROTOCOLLO_DI_INTESA_versione_DEFINITIVA2021.stamped.txt,0.0,0.0,0.0,0.0,0.0,0.0,0.0,0.0,0.0,0.0,1,1,0,0,0,0,0,0.0,2.0
03_2406_rta_03_240920120751_4166---protocollodiintesa.txt,0.0,0.0,0.0,0.0,0.0,0.0,0.0,0.0,0.0,0.0,1,1,0,0,0,0,0,0.0,2.0
08_2406_rta_08_241015092024_4166---Protocollooperativo.txt,0.0,0.0,0.0,0.0,0.0,0.0,0.0,0.0,0.0,0.0,1,0,0,0,0,0,0,0.0,1.0
09_PISA PREF E PROV.txt,0.0,0.0,0.0,0.0,0.0,0.0,0.0,0.0,0.0,0.0,1,1,0,0,0,0,0,0.0,2.0
01_2406_rta_01_240904120005_4166---protocollo.txt,0.0,0.0,0.0,0.0,0.0,0.0,0.0,0.0,0.0,0.0,1,0,0,0,0,0,0,0.0,1.0
05_2406_rta_05_240916173648_4166---ULSS5Polesana_Protocollodirete.txt,0.0,0.0,0.0,0.0,0.0,0.0,0.0,0.0,0.0,0.0,1,1,0,0,0,0,0,0.0,2.0
16_2406_rta_16_250410122122_4166---Protocollo_Viola.txt,0.0,0.0,0.0,0.0,0.0,0.0,0.0,0.0,0.0,0.0,1,1,0,0,0,0,0,0.0,2.0
05_2406_rta_05_240919124736_4166---Protocollo_per_contrasto_alla_violenza_di_genere.stamped.txt,0.0,0.0,0.0,0.0,0.0,0.0,0.0,0.0,0.0,0.0,0,0,0,0,0,0,0,0.0,0.0
13_2406_rta_13_241122115416_4166---PROTOCOLLOPESCARA.txt,0.0,0.0,0.0,0.0,0.0,0.0,0.0,0.0,0.0,0.0,1,1,1,0,0,0,0,0.0,3.0
03_2406_rta_03_240926144324_4166---Protocollodiintesa.txt,0.0,0.0,0.0,0.0,0.0,0.0,0.0,0.0,0.0,0.0,1,1,0,0,0,0,0,0.0,2.0
03_2406_rta_03_240923101524_4166---PROTOCOLLO_DI_INTESA_versione_DEFINITIVA2021.stamped.txt,0.0,0.0,0.0,0.0,0.0,0.0,0.0,0.0,0.0,0.0,1,1,0,0,0,0,0,0.0,2.0
03_2406_rta_03_240923101524_4166---PROTOCOLLO_DI_INTESA_versione_DEFINITIVA2021.stamped.txt,0.0,0.0,0.0,0.0,0.0,0.0,0.0,0.0,0.0,0.0,1,1,0,0,0,0,0,0.0,2.0
08_2406_rta_08_241015091330_4166---Protocollo_intesa_autonomia_abitativa_donne_vittime_di_violenza_CittMtrBO.txt,0.0,0.0,0.0,0.0,0.0,0.0,0.0,0.0,0.0,0.0,1,1,0,0,0,0,0,0.0,2.0
03_2406_rta_03_240923113114_4166---ProtocolloReteAddaMartesanasottoscritto.txt,0.0,0.0,0.0,0.0,0.0,0.0,0.0,0.0,0.0,0.0,1,1,0,0,0,0,0,0.0,2.0
12_2406_rta_12_240927093424_4166---ProtVMunMerlin.txt,0.0,0.0,0.0,0.0,0.0,0.0,0.0,0.0,0.0,0.0,1,1,0,0,0,0,0,0.0,2.0
12_2406_rta_12_240926134140_4166---Protocollointesa.txt,0.0,0.0,0.0,0.0,0.0,0.0,0.0,0.0,0.0,0.0,1,1,0,0,0,0,0,0.0,2.0
12_2406_rta_12_240926123509_4166---2024.1153010-ACCORDOtraAPSPonteDonnaeAPSMammeFuoriCAVMarielleFranco-10-11(1).txt,0.0,0.0,0.0,0.0,0.0,0.0,0.0,0.0,0.0,0.0,1,1,0,0,0,0,0,0.0,2.0
12_2406_rta_12_240926112734_4166---3AccordoDistrettoVT4ePontedonna-signed(1).txt,0.0,0.0,0.0,0.0,0.0,0.0,0.0,0.0,0.0,0.0,1,1,0,1,0,0,1,0.0,4.0
12_2406_rta_12_241004113737_4166---AccordodicollaborazioneArteinsieme.txt,0.0,0.0,0.0,0.0,0.0,0.0,0.0,0.0,0.0,0.0,1,1,0,0,0,0,0,0.0,2.0
03_2406_rta_03_240923101524_4166---PROTOCOLLO_DI_INTESA_versione_DEFINITIVA2021.stamped.txt,0.0,0.0,0.0,0.0,0.0,0.0,0.0,0.0,0.0,0.0,1,1,0,0,0,0,0,0.0,2.0
12_2406_rta_12_240927093424_4166---ProtVMunMerlin.txt,0.0,0.0,0.0,0.0,0.0,0.0,0.0,0.0,0.0,0.0,1,1,0,0,0,0,0,0.0,2.0
03_2406_rta_03_240923171949_4166---PROTOCOLLOD'INTESARETETERRITORIALEANTIVIOLENZAVALLETROMPIA2024.txt,0.0,0.0,0.0,0.0,0.0,0.0,0.0,0.0,0.0,0.0,1,1,0,0,0,0,0,0.0,2.0
03_2406_rta_03_240923171949_4166---PROTOCOLLOD'INTESARETETERRITORIALEANTIVIOLENZAVALLETROMPIA2024.txt,0.0,0.0,0.0,0.0,0.0,0.0,0.0,0.0,0.0,0.0,1,1,0,0,0,0,0,0.0,2.0
03_2406_rta_03_240923171949_4166---PROTOCOLLOD'INTESARETETERRITORIALEANTIVIOLENZAVALLETROMPIA2024.txt,0.0,0.0,0.0,0.0,0.0,0.0,0.0,0.0,0.0,0.0,1,1,0,0,0,0,0,0.0,2.0
01_2406_rta_01_240904150044_4166---Protocollocav-irene2022-2025.txt,0.0,0.0,0.0,0.0,0.0,0.0,0.0,0.0,0.0,0.0,1,1,0,0,0,0,0,0.0,2.0
12_2406_rta_12_240926135421_4166---3protCAVFRANCARAME-28-30(1).txt,0.0,0.0,0.0,0.0,0.0,0.0,0.0,0.0,0.0,0.0,1,1,0,0,0,0,0,0.0,2.0
12_2406_rta_12_241003093443_4166---7Protocollod'intesa-Donneinrinascita.txt,0.0,0.0,0.0,0.0,0.0,0.0,0.0,0.0,0.0,0.0,1,1,0,0,0,0,0,0.0,2.0
12_2406_rta_12_241002120506_4166---4protCAVTITANO-ASSOCIAZIONESolidarietàLaicaeResponsabileSO.LA.RE.Onlus.txt,0.0,0.0,0.0,0.0,0.0,0.0,0.0,0.0,0.0,0.0,1,1,0,0,0,0,0,0.0,2.0
12_2406_rta_12_241008102339_4166---15-ConvenzionePreepost-Laureauniversitàdell'AQUILA.txt,0.0,0.0,0.0,0.0,0.0,0.0,0.0,0.0,0.0,0.0,1,0,0,0,0,0,0,0.0,1.0
03_2406_rta_03_240923101524_4166---PROTOCOLLO_DI_INTESA_versione_DEFINITIVA2021.stamped.txt,0.0,0.0,0.0,0.0,0.0,0.0,0.0,0.0,0.0,0.0,1,1,1,0,0,0,0,0.0,3.0
12_2406_rta_12_241004144338_4166---06-ProtocolloComunediVALLECORSA.txt,0.0,0.0,0.0,0.0,0.0,0.0,0.0,0.0,0.0,0.0,0,0,0,0,0,0,0,0.0,0.0
03_2406_rta_03_240923101524_4166---PROTOCOLLO_DI_INTESA_versione_DEFINITIVA2021.stamped.txt,0.0,0.0,0.0,0.0,0.0,0.0,0.0,0.0,0.0,0.0,1,1,1,0,0,0,0,0.0,3.0
07_2406_rta_07_240916163933_4166---sub_14574431199510849525_Protocollo_LVLS-signed.txt,0.0,0.0,0.0,0.0,0.0,0.0,0.0,0.0,0.0,0.0,1,1,0,0,0,0,0,0.0,2.0
09_PRATO PREF.txt,0.0,0.0,0.0,0.0,0.0,0.0,0.0,0.0,0.0,0.0,0,1,0,0,0,0,0,0.0,1.0
12_2406_rta_12_241003110812_4166---ALLIANCEFORAFRICANASSISTANCE_colasantilopez.txt,0.0,0.0,0.0,0.0,0.0,0.0,0.0,0.0,0.0,0.0,1,1,0,0,0,0,0,0.0,2.0
12_2406_rta_12_241009123601_4166---5.accordo.txt,0.0,0.0,0.0,0.0,0.0,0.0,0.0,0.0,0.0,0.0,0,0,0,0,0,0,0,0.0,0.0
01_2406_rta_01_240904121349_4166---convenzione.txt,0.0,0.0,0.0,0.0,0.0,0.0,0.0,0.0,0.0,0.0,1,1,0,1,0,0,1,0.0,4.0
16_bari_protocollo operativo Gioia del Colle_EMI.txt,0.0,0.0,0.0,0.0,0.0,0.0,0.0,0.0,0.0,0.0,0,1,0,1,0,0,1,0.0,3.0
03_2406_rta_03_240918153252_4166---Protocollo+Appendice+LineeGuida_Datatodafirmare.txt,0.0,0.0,0.0,0.0,0.0,0.0,0.0,0.0,0.0,0.0,1,1,1,0,0,0,0,0.0,3.0
07_2406_rta_07_240916163933_4166---sub_14574431199510849525_Protocollo_LVLS-signed.txt,0.0,0.0,0.0,0.0,0.0,0.0,0.0,0.0,0.0,0.0,1,1,0,0,0,0,0,0.0,2.0
09_PISA PREF E PROV.txt,0.0,0.0,0.0,0.0,0.0,0.0,0.0,0.0,0.0,0.0,1,1,0,0,0,0,0,0.0,2.0
03_2406_rta_03_240923113114_4166---ProtocolloReteAddaMartesanasottoscritto.txt,0.0,0.0,0.0,0.0,0.0,0.0,0.0,0.0,0.0,0.0,1,1,0,0,0,0,0,0.0,2.0
12_2406_rta_12_241008095626_4166---Convenzioneconl'UniversitàLASAPIENZARoma.txt,0.0,0.0,0.0,0.0,0.0,0.0,0.0,0.0,0.0,0.0,1,1,0,0,0,0,0,0.0,2.0
13_2406_rta_13_241122103901_4166---Protocollirete_ortonaelancianoCAVdonn.ÿ.txt,0.0,0.0,0.0,0.0,0.0,0.0,0.0,0.0,0.0,0.0,1,1,0,0,0,0,0,0.0,2.0
03_2406_rta_03_240924144947_4166---Protocollod'IntesaReteAntiviolenzaIsolaBergamascaeBassaValSanMartino2024.txt,0.0,0.0,0.0,0.0,0.0,0.0,0.0,0.0,0.0,0.0,1,1,0,0,0,0,0,0.0,2.0
13_2406_rta_13_241122103901_4166---Protocollirete_ortonaelancianoCAVdonn.ÿ.txt,0.0,0.0,0.0,0.0,0.0,0.0,0.0,0.0,0.0,0.0,1,1,0,0,0,0,0,0.0,2.0
13_2406_rta_13_241122104842_4166---Protocollodirete_DAFNE.txt,0.0,0.0,0.0,0.0,0.0,0.0,0.0,0.0,0.0,0.0,1,1,0,0,0,0,0,0.0,2.0
11_2406_rta_11_240911113235_4166---MacerataProtocollo2019_2022Firmato.txt,0.0,0.0,0.0,0.0,0.0,0.0,0.0,0.0,0.0,0.0,1,1,0,0,0,0,0,0.0,2.0
06_2406_rta_06_240924164454_4166---protocollo_tempo_sospeso.txt,0.0,0.0,0.0,0.0,0.0,0.0,0.0,0.0,0.0,0.0,1,0,0,0,0,0,0,0.0,1.0
13_2406_rta_13_241122110421_4166---PROTOCOLLOOPERATIVO.txt,0.0,0.0,0.0,0.0,0.0,0.0,0.0,0.0,0.0,0.0,1,1,0,0,0,0,0,0.0,2.0
16_2406_rta_16_250409161633_4166---29_prot_n_0090671_2024_PROT_OP-ODVPOLIZIADISTATO-RISCOPRIRSI.txt,0.0,0.0,0.0,0.0,0.0,0.0,0.0,0.0,0.0,0.0,1,1,0,0,0,0,0,0.0,2.0
09_APUANE_2015 Protocollo Prefettura.txt,0.0,0.0,0.0,0.0,0.0,0.0,0.0,0.0,0.0,0.0,0,0,0,0,0,0,0,0.0,0.0
03_2406_rta_03_240923101524_4166---PROTOCOLLO_DI_INTESA_versione_DEFINITIVA2021.stamped.txt,0.0,0.0,0.0,0.0,0.0,0.0,0.0,0.0,0.0,0.0,1,1,0,0,0,0,0,0.0,2.0
12_2406_rta_12_240926112823_4166---2AccordoDemetra_Aman.txt,0.0,0.0,0.0,0.0,0.0,0.0,0.0,0.0,0.0,0.0,1,1,0,0,0,0,0,0.0,2.0
12_2406_rta_12_241002105403_4166---2ProtCAVSAPIENZA-HAPPYCOACHINGANDCOUNSELING.txt,0.0,0.0,0.0,0.0,0.0,0.0,0.0,0.0,0.0,0.0,1,1,0,0,0,0,0,0.0,2.0
12_2406_rta_12_241003111748_4166---ACCORDOMUNICIPIOROMAVeDIPPARIOPPROMACAPITALE_DD.txt,0.0,0.0,0.0,0.0,0.0,0.0,0.0,0.0,0.0,0.0,1,1,0,0,0,0,0,0.0,2.0
12_2406_rta_12_241002122243_4166---2ProtocolloAssociazioneAllianceforAfricanAssistance(002).txt,0.0,0.0,0.0,0.0,0.0,0.0,0.0,0.0,0.0,0.0,1,1,0,0,0,0,0,0.0,2.0
09_VALDICHIANA_all. decreto 37_2008 protocollo di intesa 2008.txt,0.0,0.0,0.0,0.0,0.0,0.0,0.0,0.0,0.0,0.0,1,0,0,0,0,0,0,0.0,1.0
03_2406_rta_03_240923103647_4166---protocolloreteantiviolenzacinisello2019(1).txt,0.0,0.0,0.0,0.0,0.0,0.0,0.0,0.0,0.0,0.0,1,1,1,0,0,0,0,0.0,3.0
03_2406_rta_03_240923163715_4166---PROTOCOLLOD'INTESA2017_2020.txt,0.0,0.0,0.0,0.0,0.0,0.0,0.0,0.0,0.0,0.0,1,1,0,0,0,0,0,0.0,2.0
03_2406_rta_03_240923102947_4166---ProtSOTTOSCRITTO_ReteAntiviolenzaPiuIntegrazioneAprile2024(1).txt,0.0,0.0,0.0,0.0,0.0,0.0,0.0,0.0,0.0,0.0,1,1,0,0,0,0,0,0.0,2.0
09_ALTA VALDELSA Protocollo-violenza-valdelsa-2022_ALTA VALDELSA.txt,0.0,0.0,0.0,0.0,0.0,0.0,0.0,0.0,0.0,0.0,1,0,0,0,0,0,0,0.0,1.0
12_2406_rta_12_241007235530_4166---ProtocolloconilComunediPastena.txt,0.0,0.0,0.0,0.0,0.0,0.0,0.0,0.0,0.0,0.0,0,0,0,0,0,0,0,0.0,0.0
09_APUANE_2015 Protocollo Prefettura.txt,0.0,0.0,0.0,0.0,0.0,0.0,0.0,0.0,0.0,0.0,0,0,0,0,0,0,0,0.0,0.0
03_2406_rta_03_240923101524_4166---PROTOCOLLO_DI_INTESA_versione_DEFINITIVA2021.stamped.txt,0.0,0.0,0.0,0.0,0.0,0.0,0.0,0.0,0.0,0.0,1,1,0,0,0,0,0,0.0,2.0
05_2406_rta_05_240919114041_4166---protocollounicorevisionato2024.txt,0.0,0.0,0.0,0.0,0.0,0.0,0.0,0.0,0.0,0.0,0,1,0,1,0,0,1,0.0,3.0
12_2406_rta_12_240926143343_4166---2.1protocolloIntegra-CavMerlin(1).txt,0.0,0.0,0.0,0.0,0.0,0.0,0.0,0.0,0.0,0.0,1,1,0,0,0,0,0,0.0,2.0
08_2406_rta_08_241015091621_4166---PROTOCOLLO_22.txt,0.0,0.0,0.0,0.0,0.0,0.0,0.0,0.0,0.0,0.0,1,1,0,0,0,0,0,0.0,2.0
03_2406_rta_03_240923101524_4166---PROTOCOLLO_DI_INTESA_versione_DEFINITIVA2021.stamped.txt,0.0,0.0,0.0,0.0,0.0,0.0,0.0,0.0,0.0,0.0,1,1,1,0,0,0,0,0.0,3.0
03_2406_rta_03_240923103647_4166---protocolloreteantiviolenzacinisello2019(1).txt,0.0,0.0,0.0,0.0,0.0,0.0,0.0,0.0,0.0,0.0,1,0,0,0,0,0,0,0.0,1.0
03_2406_rta_03_240923103647_4166---protocolloreteantiviolenzacinisello2019(1).txt,0.0,0.0,0.0,0.0,0.0,0.0,0.0,0.0,0.0,0.0,1,1,1,0,0,0,0,0.0,3.0
03_2406_rta_03_240923101524_4166---PROTOCOLLO_DI_INTESA_versione_DEFINITIVA2021.stamped.txt,0.0,0.0,0.0,0.0,0.0,0.0,0.0,0.0,0.0,0.0,1,1,1,0,0,0,0,0.0,3.0
13_2406_rta_13_241122103901_4166---Protocollirete_ortonaelancianoCAVdonn.ÿ.txt,0.0,0.0,0.0,0.0,0.0,0.0,0.0,0.0,0.0,0.0,1,1,0,0,0,0,0,0.0,2.0
03_2406_rta_03_240920093134_4166---Protocollo_Intesa_Rete_Antiviolenza_SudEstMilano_Paullese_2021-2023.txt,0.0,0.0,0.0,0.0,0.0,0.0,0.0,0.0,0.0,0.0,1,0,0,0,0,0,0,0.0,1.0
03_2406_rta_03_240923113114_4166---ProtocolloReteAddaMartesanasottoscritto.txt,0.0,0.0,0.0,0.0,0.0,0.0,0.0,0.0,0.0,0.0,1,1,0,0,0,0,0,0.0,2.0
12_2406_rta_12_241004090303_4166---2ProtCAVPAOLALATTESTorraccia(1).txt,0.0,0.0,0.0,0.0,0.0,0.0,0.0,0.0,0.0,0.0,1,1,0,0,0,0,0,0.0,2.0
18_2406_rta_18_240926102706_4166---protocollomondorosa2013.txt,0.0,0.0,0.0,0.0,0.0,0.0,0.0,0.0,0.0,0.0,1,1,0,0,0,0,0,0.0,2.0
12_2406_rta_12_241003120714_4166---ASLROMA5_.txt,0.0,0.0,0.0,0.0,0.0,0.0,0.0,0.0,0.0,0.0,1,0,0,1,0,0,1,0.0,3.0
12_2406_rta_12_241003110309_4166---ProtocollodiIntesaMunicipio1eDD.txt,0.0,0.0,0.0,0.0,0.0,0.0,0.0,0.0,0.0,0.0,1,1,1,0,0,0,0,0.0,3.0
12_2406_rta_12_241003105319_4166---PROTOCOLLODIINTES1_2601def-signed-signed.txt,0.0,0.0,0.0,0.0,0.0,0.0,0.0,0.0,0.0,0.0,1,1,1,0,0,0,0,0.0,3.0
12_2406_rta_12_241003111748_4166---ACCORDOMUNICIPIOROMAVeDIPPARIOPPROMACAPITALE_DD.txt,0.0,0.0,0.0,0.0,0.0,0.0,0.0,0.0,0.0,0.0,1,1,0,0,0,0,0,0.0,2.0
13_2406_rta_13_241122103901_4166---Protocollirete_ortonaelancianoCAVdonn.ÿ.txt,0.0,0.0,0.0,0.0,0.0,0.0,0.0,0.0,0.0,0.0,1,1,0,0,0,0,0,0.0,2.0
03_2406_rta_03_240923163715_4166---PROTOCOLLOD'INTESA2017_2020.txt,0.0,0.0,0.0,0.0,0.0,0.0,0.0,0.0,0.0,0.0,1,1,0,0,0,0,0,0.0,2.0
03_2406_rta_03_240925144919_4166---RETEDICOMO-PROTOCOLLOINTERIST.17novembre2023(1).txt,0.0,0.0,0.0,0.0,0.0,0.0,0.0,0.0,0.0,0.0,1,1,1,0,0,0,0,0.0,3.0
09_PISA PREF E PROV.txt,0.0,0.0,0.0,0.0,0.0,0.0,0.0,0.0,0.0,0.0,1,1,0,0,0,0,0,0.0,2.0
01_2406_rta_01_240904120005_4166---protocollo.txt,0.0,0.0,0.0,0.0,0.0,0.0,0.0,0.0,0.0,0.0,1,1,0,0,0,0,0,0.0,2.0
03_2406_rta_03_240923165401_4166---PROTOCOLLODIrete2020-2023_rev2confirmescan.txt,0.0,0.0,0.0,0.0,0.0,0.0,0.0,0.0,0.0,0.0,1,0,0,0,0,0,0,0.0,1.0
03_2406_rta_03_240918153252_4166---Protocollo+Appendice+LineeGuida_Datatodafirmare.txt,0.0,0.0,0.0,0.0,0.0,0.0,0.0,0.0,0.0,0.0,1,1,0,0,0,0,0,0.0,2.0
12_2406_rta_12_241003093443_4166---7Protocollod'intesa-Donneinrinascita.txt,0.0,0.0,0.0,0.0,0.0,0.0,0.0,0.0,0.0,0.0,1,1,0,0,0,0,0,0.0,2.0
03_2406_rta_03_240923163715_4166---PROTOCOLLOD'INTESA2017_2020.txt,0.0,0.0,0.0,0.0,0.0,0.0,0.0,0.0,0.0,0.0,1,1,0,0,0,0,0,0.0,2.0
09_PISA PREF E PROV.txt,0.0,0.0,0.0,0.0,0.0,0.0,0.0,0.0,0.0,0.0,1,1,0,0,0,0,0,0.0,2.0
03_2406_rta_03_240925144919_4166---RETEDICOMO-PROTOCOLLOINTERIST.17novembre2023(1).txt,0.0,0.0,0.0,0.0,0.0,0.0,0.0,0.0,0.0,0.0,1,1,1,0,0,0,0,0.0,3.0
03_2406_rta_03_240923114012_4166---23-9-2024ProtocolloReteRita_signed_signed_signedDEF_signed_signed-signed_signed(1).txt,0.0,0.0,0.0,0.0,0.0,0.0,0.0,0.0,0.0,0.0,1,1,0,0,0,0,0,0.0,2.0
03_2406_rta_03_240920120751_4166---protocollodiintesa.txt,0.0,0.0,0.0,0.0,0.0,0.0,0.0,0.0,0.0,0.0,1,1,0,0,0,0,0,0.0,2.0
03_2406_rta_03_240920093134_4166---Protocollo_Intesa_Rete_Antiviolenza_SudEstMilano_Paullese_2021-2023.txt,0.0,0.0,0.0,0.0,0.0,0.0,0.0,0.0,0.0,0.0,1,0,0,0,0,0,0,0.0,1.0
12_2406_rta_12_241004101038_4166---911protCAVPAOLALATTESAssociazioneGliAmicidiRobertoOdV(1).txt,0.0,0.0,0.0,0.0,0.0,0.0,0.0,0.0,0.0,0.0,1,1,0,0,0,0,0,0.0,2.0
03_2406_rta_03_240923165401_4166---PROTOCOLLODIrete2020-2023_rev2confirmescan.txt,0.0,0.0,0.0,0.0,0.0,0.0,0.0,0.0,0.0,0.0,1,0,0,0,0,0,0,0.0,1.0
08_2406_rta_08_241015091621_4166---PROTOCOLLO_22.txt,0.0,0.0,0.0,0.0,0.0,0.0,0.0,0.0,0.0,0.0,1,0,0,1,0,0,1,0.0,3.0
08_2406_rta_08_241015091725_4166---Protoc-Prefett-2017.txt,0.0,0.0,0.0,0.0,0.0,0.0,0.0,0.0,0.0,0.0,1,1,0,0,0,0,0,0.0,2.0
03_2406_rta_03_240918153252_4166---Protocollo+Appendice+LineeGuida_Datatodafirmare.txt,0.0,0.0,0.0,0.0,0.0,0.0,0.0,0.0,0.0,0.0,1,1,0,0,0,0,0,0.0,2.0
03_2406_rta_03_240923163715_4166---PROTOCOLLOD'INTESA2017_2020.txt,0.0,0.0,0.0,0.0,0.0,0.0,0.0,0.0,0.0,0.0,1,1,0,0,0,0,0,0.0,2.0
03_2406_rta_03_240925150245_4166---ProtocolloReteARIAPalazzolo.txt,0.0,0.0,0.0,0.0,0.0,0.0,0.0,0.0,0.0,0.0,1,1,0,0,0,0,0,0.0,2.0
11_2406_rta_11_240911113757_4166---All.4ProtocolloReteAntiviolenzasottoscritto18.12.2023.txt,0.0,0.0,0.0,0.0,0.0,0.0,0.0,0.0,0.0,0.0,0,1,0,0,0,0,0,0.0,1.0
03_2406_rta_03_240925144919_4166---RETEDICOMO-PROTOCOLLOINTERIST.17novembre2023(1).txt,0.0,0.0,0.0,0.0,0.0,0.0,0.0,0.0,0.0,0.0,1,1,0,0,0,0,0,0.0,2.0
06_2406_rta_06_240916164258_4166---Protocolloviolenzadomesticaedigenere_30.09.2019.txt,0.0,0.0,0.0,0.0,0.0,0.0,0.0,0.0,0.0,0.0,0,0,0,0,0,0,0,0.0,0.0
06_2406_rta_06_240924164454_4166---protocollo_tempo_sospeso.txt,0.0,0.0,0.0,0.0,0.0,0.0,0.0,0.0,0.0,0.0,1,0,0,0,0,0,0,0.0,1.0
03_2406_rta_03_240920120751_4166---protocollodiintesa.txt,0.0,0.0,0.0,0.0,0.0,0.0,0.0,0.0,0.0,0.0,1,1,0,0,0,0,0,0.0,2.0
18_2406_rta_18_240926102407_4166---ProtocollointesaAISM_CentroLanzino_ReteREDCALABRIA_firmadigitale.txt,0.0,0.0,0.0,0.0,0.0,0.0,0.0,0.0,0.0,0.0,1,1,1,0,0,0,0,0.0,3.0
18_2406_rta_18_240926102528_4166---PROTOCOLLOAISM_PICCOLAOPERA_firma.txt,0.0,0.0,0.0,0.0,0.0,0.0,0.0,0.0,0.0,0.0,1,1,1,0,0,0,0,0.0,3.0
12_2406_rta_12_241004112805_4166---protocollod'intesa.txt,0.0,0.0,0.0,0.0,0.0,0.0,0.0,0.0,0.0,0.0,1,1,0,1,0,0,1,0.0,4.0
13_2406_rta_13_241122103653_4166---protocollodirete_cavlafenice_provinciateramo.txt,0.0,0.0,0.0,0.0,0.0,0.0,0.0,0.0,0.0,0.0,1,1,0,0,0,0,0,0.0,2.0
03_2406_rta_03_240923114012_4166---23-9-2024ProtocolloReteRita_signed_signed_signedDEF_signed_signed-signed_signed(1).txt,0.0,0.0,0.0,0.0,0.0,0.0,0.0,0.0,0.0,0.0,1,1,0,0,0,0,0,0.0,2.0
09_LIVORNO Protocollo_ RETE ANTIVIOLENZA_ LIVORNO.txt,0.0,0.0,0.0,0.0,0.0,0.0,0.0,0.0,0.0,0.0,1,0,0,0,0,0,0,0.0,1.0
12_2406_rta_12_241002110138_4166---3protCAVSAPIENZA-laGRU.txt,0.0,0.0,0.0,0.0,0.0,0.0,0.0,0.0,0.0,0.0,1,1,0,0,0,0,0,0.0,2.0
03_2406_rta_03_240926144324_4166---Protocollodiintesa.txt,0.0,0.0,0.0,0.0,0.0,0.0,0.0,0.0,0.0,0.0,1,1,0,0,0,0,0,0.0,2.0
03_2406_rta_03_240920124656_4166---ProtocolloantiviolenzaDEFINITIVO(1).txt,0.0,0.0,0.0,0.0,0.0,0.0,0.0,0.0,0.0,0.0,1,1,0,0,0,0,0,0.0,2.0
03_2406_rta_03_240918153252_4166---Protocollo+Appendice+LineeGuida_Datatodafirmare.txt,0.0,0.0,0.0,0.0,0.0,0.0,0.0,0.0,0.0,0.0,1,1,0,0,0,0,0,0.0,2.0
11_2406_rta_11_240911113105_4166---PROTOCOLLO_OPERATIVO2024_CONINDIRIZZARIO_FIRMATO.txt,0.0,0.0,0.0,0.0,0.0,0.0,0.0,0.0,0.0,0.0,1,1,0,0,0,0,0,0.0,2.0
09_PISA PREF E PROV.txt,0.0,0.0,0.0,0.0,0.0,0.0,0.0,0.0,0.0,0.0,1,1,0,0,0,0,0,0.0,2.0
03_2406_rta_03_240920124656_4166---ProtocolloantiviolenzaDEFINITIVO(1).txt,0.0,0.0,0.0,0.0,0.0,0.0,0.0,0.0,0.0,0.0,1,1,0,0,0,0,0,0.0,2.0
03_2406_rta_03_240923113114_4166---ProtocolloReteAddaMartesanasottoscritto.txt,0.0,0.0,0.0,0.0,0.0,0.0,0.0,0.0,0.0,0.0,1,1,0,0,0,0,0,0.0,2.0
03_2406_rta_03_240920120751_4166---protocollodiintesa.txt,0.0,0.0,0.0,0.0,0.0,0.0,0.0,0.0,0.0,0.0,1,1,0,0,0,0,0,0.0,2.0
03_2406_rta_03_240918153252_4166---Protocollo+Appendice+LineeGuida_Datatodafirmare.txt,0.0,0.0,0.0,0.0,0.0,0.0,0.0,0.0,0.0,0.0,1,1,1,0,0,0,0,0.0,3.0
03_2406_rta_03_240918153252_4166---Protocollo+Appendice+LineeGuida_Datatodafirmare.txt,0.0,0.0,0.0,0.0,0.0,0.0,0.0,0.0,0.0,0.0,1,1,0,0,0,0,0,0.0,2.0
16_2406_rta_16_250409174252_4166---Protocollo_Intesa_LARA.txt,0.0,0.0,0.0,0.0,0.0,0.0,0.0,0.0,0.0,0.0,1,0,0,0,0,0,0,0.0,1.0
01_2406_rta_01_240904110730_4166---protocollocontuttelefirme(1).txt,0.0,0.0,0.0,0.0,0.0,0.0,0.0,0.0,0.0,0.0,1,1,0,0,0,0,0,0.0,2.0
18_2406_rta_18_240926102814_4166---convenzDemetraIISCostanzoDecollatura2020.txt,0.0,0.0,0.0,0.0,0.0,0.0,0.0,0.0,0.0,0.0,0,0,0,0,0,0,0,0.0,0.0
03_2406_rta_03_240920120751_4166---protocollodiintesa.txt,0.0,0.0,0.0,0.0,0.0,0.0,0.0,0.0,0.0,0.0,1,1,0,0,0,0,0,0.0,2.0
08_2406_rta_08_241015091621_4166---PROTOCOLLO_22.txt,0.0,0.0,0.0,0.0,0.0,0.0,0.0,0.0,0.0,0.0,1,0,0,1,0,0,1,0.0,3.0
03_2406_rta_03_240923103647_4166---protocolloreteantiviolenzacinisello2019(1).txt,0.0,0.0,0.0,0.0,0.0,0.0,0.0,0.0,0.0,0.0,1,0,0,0,0,0,0,0.0,1.0
08_2406_rta_08_241015091500_4166---Protocollo_autonomia_lavorativa_def.txt,0.0,0.0,0.0,0.0,0.0,0.0,0.0,0.0,0.0,0.0,1,1,0,0,0,0,0,0.0,2.0
03_2406_rta_03_240923101524_4166---PROTOCOLLO_DI_INTESA_versione_DEFINITIVA2021.stamped.txt,0.0,0.0,0.0,0.0,0.0,0.0,0.0,0.0,0.0,0.0,1,1,0,0,0,0,0,0.0,2.0
03_2406_rta_03_240926123135_4166---ProtocollodiRete.txt,0.0,0.0,0.0,0.0,0.0,0.0,0.0,0.0,0.0,0.0,0,0,0,0,0,0,0,0.0,0.0
12_2406_rta_12_241002114038_4166---1protCAVTITANO-8-10DidascoSoc.Coop.Soc.txt,0.0,0.0,0.0,0.0,0.0,0.0,0.0,0.0,0.0,0.0,1,1,0,0,0,0,0,0.0,2.0
12_2406_rta_12_241003091037_4166---5Protocollid'intesa-Ass.Salvamamme(002).txt,0.0,0.0,0.0,0.0,0.0,0.0,0.0,0.0,0.0,0.0,1,1,0,0,0,0,0,0.0,2.0
12_2406_rta_12_240926133452_4166---PISPICGIL.txt,0.0,0.0,0.0,0.0,0.0,0.0,0.0,0.0,0.0,0.0,1,1,0,0,0,0,0,0.0,2.0
12_2406_rta_12_241002110904_4166---5protCAVSAPIENZA-RUOTALIBERACOOPERATIVASOCIALE.txt,0.0,0.0,0.0,0.0,0.0,0.0,0.0,0.0,0.0,0.0,1,1,0,0,0,0,0,0.0,2.0
12_2406_rta_12_241003095202_4166---8ProtocolloUIL.txt,0.0,0.0,0.0,0.0,0.0,0.0,0.0,0.0,0.0,0.0,1,1,0,0,0,0,0,0.0,2.0
12_2406_rta_12_241003094302_4166---4VerbaleIncontroGiorgieLaGinestra-PROTOCOLLO.txt,0.0,0.0,0.0,0.0,0.0,0.0,0.0,0.0,0.0,0.0,1,0,0,0,0,0,0,0.0,1.0
01_2406_rta_01_240904120005_4166---protocollo.txt,0.0,0.0,0.0,0.0,0.0,0.0,0.0,0.0,0.0,0.0,1,1,0,0,0,0,0,0.0,2.0
01_2406_rta_01_240904121349_4166---convenzione.txt,0.0,0.0,0.0,0.0,0.0,0.0,0.0,0.0,0.0,0.0,1,1,0,0,0,0,0,0.0,2.0
03_2406_rta_03_240925144919_4166---RETEDICOMO-PROTOCOLLOINTERIST.17novembre2023(1).txt,0.0,0.0,0.0,0.0,0.0,0.0,0.0,0.0,0.0,0.0,1,1,0,0,0,0,0,0.0,2.0
06_2406_rta_06_240916164258_4166---Protocolloviolenzadomesticaedigenere_30.09.2019.txt,0.0,0.0,0.0,0.0,0.0,0.0,0.0,0.0,0.0,0.0,1,1,0,0,0,0,0,0.0,2.0
06_2406_rta_06_240916164258_4166---Protocolloviolenzadomesticaedigenere_30.09.2019.txt,0.0,0.0,0.0,0.0,0.0,0.0,0.0,0.0,0.0,0.0,1,1,0,0,0,0,0,0.0,2.0
09_GROSSETO 2022 fpdf.txt,0.0,0.0,0.0,0.0,0.0,0.0,0.0,0.0,0.0,0.0,1,0,0,1,0,0,1,0.0,3.0
11_2406_rta_11_240911113911_4166---AscoliPPROTOCOLLOoperativo_2019_2021.txt,0.0,0.0,0.0,0.0,0.0,0.0,0.0,0.0,0.0,0.0,1,1,0,1,0,0,1,0.0,4.0
13_2406_rta_13_241122103653_4166---protocollodirete_cavlafenice_provinciateramo.txt,0.0,0.0,0.0,0.0,0.0,0.0,0.0,0.0,0.0,0.0,1,1,0,0,0,0,0,0.0,2.0
03_2406_rta_03_240923103647_4166---protocolloreteantiviolenzacinisello2019(1).txt,0.0,0.0,0.0,0.0,0.0,0.0,0.0,0.0,0.0,0.0,1,0,0,0,0,0,0,0.0,1.0
09_GROSSETO 2022 fpdf.txt,0.0,0.0,0.0,0.0,0.0,0.0,0.0,0.0,0.0,0.0,0,0,0,0,0,0,0,0.0,0.0
03_2406_rta_03_240920120751_4166---protocollodiintesa.txt,0.0,0.0,0.0,0.0,0.0,0.0,0.0,0.0,0.0,0.0,1,1,0,0,0,0,0,0.0,2.0
08_2406_rta_08_241015091621_4166---PROTOCOLLO_22.txt,0.0,0.0,0.0,0.0,0.0,0.0,0.0,0.0,0.0,0.0,1,0,0,0,0,0,0,0.0,1.0
18_2406_rta_18_240926102528_4166---PROTOCOLLOAISM_PICCOLAOPERA_firma.txt,0.0,0.0,0.0,0.0,0.0,0.0,0.0,0.0,0.0,0.0,1,1,1,1,0,0,1,0.0,5.0
12_2406_rta_12_240926113112_4166---4AccordoSpaziosupportodonnaAPSPonteDonna.txt,0.0,0.0,0.0,0.0,0.0,0.0,0.0,0.0,0.0,0.0,1,1,0,1,0,0,1,0.0,4.0
03_2406_rta_03_240923113114_4166---ProtocolloReteAddaMartesanasottoscritto.txt,0.0,0.0,0.0,0.0,0.0,0.0,0.0,0.0,0.0,0.0,1,1,0,0,0,0,0,0.0,2.0
03_2406_rta_03_240920120751_4166---protocollodiintesa.txt,0.0,0.0,0.0,0.0,0.0,0.0,0.0,0.0,0.0,0.0,1,1,0,0,0,0,0,0.0,2.0
09_LIVORNO Protocollo_ RETE ANTIVIOLENZA_ LIVORNO.txt,0.0,0.0,0.0,0.0,0.0,0.0,0.0,0.0,0.0,0.0,1,0,0,0,0,0,0,0.0,1.0
05_2406_rta_05_240919114041_4166---protocollounicorevisionato2024.txt,0.0,0.0,0.0,0.0,0.0,0.0,0.0,0.0,0.0,0.0,0,1,0,1,0,0,1,0.0,3.0
09_LIVORNO Protocollo_ RETE ANTIVIOLENZA_ LIVORNO.txt,0.0,0.0,0.0,0.0,0.0,0.0,0.0,0.0,0.0,0.0,1,0,0,0,0,0,0,0.0,1.0
06_2406_rta_06_240916164258_4166---Protocolloviolenzadomesticaedigenere_30.09.2019.txt,0.0,0.0,0.0,0.0,0.0,0.0,0.0,0.0,0.0,0.0,0,0,0,0,0,0,0,0.0,0.0
03_2406_rta_03_240925150245_4166---ProtocolloReteARIAPalazzolo.txt,0.0,0.0,0.0,0.0,0.0,0.0,0.0,0.0,0.0,0.0,1,1,0,0,0,0,0,0.0,2.0
12_2406_rta_12_241004112805_4166---protocollod'intesa.txt,0.0,0.0,0.0,0.0,0.0,0.0,0.0,0.0,0.0,0.0,1,1,0,0,0,0,0,0.0,2.0
08_2406_rta_08_241015091500_4166---Protocollo_autonomia_lavorativa_def.txt,0.0,0.0,0.0,0.0,0.0,0.0,0.0,0.0,0.0,0.0,1,1,0,0,0,0,0,0.0,2.0
12_2406_rta_12_241003091037_4166---5Protocollid'intesa-Ass.Salvamamme(002).txt,0.0,0.0,0.0,0.0,0.0,0.0,0.0,0.0,0.0,0.0,1,1,0,0,0,0,0,0.0,2.0
01_2406_rta_01_240904120005_4166---protocollo.txt,0.0,0.0,0.0,0.0,0.0,0.0,0.0,0.0,0.0,0.0,1,1,0,0,0,0,0,0.0,2.0
01_2406_rta_01_240904121349_4166---convenzione.txt,0.0,0.0,0.0,0.0,0.0,0.0,0.0,0.0,0.0,0.0,0,0,0,0,0,0,0,0.0,0.0
01_2406_rta_01_240904120005_4166---protocollo.txt,0.0,0.0,0.0,0.0,0.0,0.0,0.0,0.0,0.0,0.0,1,1,0,0,0,0,0,0.0,2.0
06_2406_rta_06_240916164258_4166---Protocolloviolenzadomesticaedigenere_30.09.2019.txt,0.0,0.0,0.0,0.0,0.0,0.0,0.0,0.0,0.0,0.0,0,1,0,0,0,0,0,0.0,1.0
03_2406_rta_03_240918153252_4166---Protocollo+Appendice+LineeGuida_Datatodafirmare.txt,0.0,0.0,0.0,0.0,0.0,0.0,0.0,0.0,0.0,0.0,1,1,0,0,0,0,0,0.0,2.0
03_2406_rta_03_240918153252_4166---Protocollo+Appendice+LineeGuida_Datatodafirmare.txt,0.0,0.0,0.0,0.0,0.0,0.0,0.0,0.0,0.0,0.0,1,1,1,0,0,0,0,0.0,3.0
03_2406_rta_03_240918153240_4166---Protocollod'intesaperl'IstituzionediunSistemaTerritorialeAntiviolenzainReteconAddendumSindacati.txt,0.0,0.0,0.0,0.0,0.0,0.0,0.0,0.0,0.0,0.0,1,1,1,0,0,0,0,0.0,3.0
11_2406_rta_11_240911113757_4166---All.4ProtocolloReteAntiviolenzasottoscritto18.12.2023.txt,0.0,0.0,0.0,0.0,0.0,0.0,0.0,0.0,0.0,0.0,1,1,0,0,0,0,0,0.0,2.0
12_2406_rta_12_240926113112_4166---4AccordoSpaziosupportodonnaAPSPonteDonna.txt,0.0,0.0,0.0,0.0,0.0,0.0,0.0,0.0,0.0,0.0,1,1,0,0,0,0,0,0.0,2.0
01_2406_rta_01_240909103717_4166---PROTOCOLLORETEANTIVIOLENZASVOLTADONNA.txt,0.0,0.0,0.0,0.0,0.0,0.0,0.0,0.0,0.0,0.0,1,1,1,0,0,0,0,0.0,3.0
01_2406_rta_01_240920112211_4166---367772-4-Protocollo_intesa_Completo.txt,0.0,0.0,0.0,0.0,0.0,0.0,0.0,0.0,0.0,0.0,1,1,0,0,0,0,0,0.0,2.0
03_2406_rta_03_240926144324_4166---Protocollodiintesa.txt,0.0,0.0,0.0,0.0,0.0,0.0,0.0,0.0,0.0,0.0,1,1,0,0,0,0,0,0.0,2.0
12_2406_rta_12_240926140522_4166---4ProtintCAVFRANCARAME-38-41(1).txt,0.0,0.0,0.0,0.0,0.0,0.0,0.0,0.0,0.0,0.0,1,1,0,0,0,0,0,0.0,2.0
03_2406_rta_03_240923163715_4166---PROTOCOLLOD'INTESA2017_2020.txt,0.0,0.0,0.0,0.0,0.0,0.0,0.0,0.0,0.0,0.0,1,1,0,0,0,0,0,0.0,2.0
01_2406_rta_01_240904120005_4166---protocollo.txt,0.0,0.0,0.0,0.0,0.0,0.0,0.0,0.0,0.0,0.0,1,1,0,0,0,0,0,0.0,2.0
01_2406_rta_01_240904121349_4166---convenzione.txt,0.0,0.0,0.0,0.0,0.0,0.0,0.0,0.0,0.0,0.0,1,1,0,1,0,0,1,0.0,4.0
03_2406_rta_03_240920120751_4166---protocollodiintesa.txt,0.0,0.0,0.0,0.0,0.0,0.0,0.0,0.0,0.0,0.0,1,1,0,0,0,0,0,0.0,2.0
03_2406_rta_03_240926122707_4166---ProtocolloReteAntiviolenzaconfirme.txt,0.0,0.0,0.0,0.0,0.0,0.0,0.0,0.0,0.0,0.0,1,1,0,0,0,0,0,0.0,2.0
01_2406_rta_01_240904120005_4166---protocollo.txt,0.0,0.0,0.0,0.0,0.0,0.0,0.0,0.0,0.0,0.0,1,1,0,0,0,0,0,0.0,2.0
12_2406_rta_12_241008101410_4166---ConvenzioneconUniversitàMERCATORUM.txt,0.0,0.0,0.0,0.0,0.0,0.0,0.0,0.0,0.0,0.0,1,1,0,0,0,0,0,0.0,2.0
12_2406_rta_12_241004134724_4166---02-ProtocolloconlaProvinciadiFrosinone.txt,0.0,0.0,0.0,0.0,0.0,0.0,0.0,0.0,0.0,0.0,1,1,1,0,0,0,0,0.0,3.0
12_2406_rta_12_240926134140_4166---Protocollointesa.txt,0.0,0.0,0.0,0.0,0.0,0.0,0.0,0.0,0.0,0.0,1,1,0,0,0,0,0,0.0,2.0
12_2406_rta_12_241004135803_4166---03-ConvenzioneTribunaleOrdinariodiFrosinone.txt,0.0,0.0,0.0,0.0,0.0,0.0,0.0,0.0,0.0,0.0,1,1,0,0,0,0,0,0.0,2.0
03_2406_rta_03_240918153252_4166---Protocollo+Appendice+LineeGuida_Datatodafirmare.txt,0.0,0.0,0.0,0.0,0.0,0.0,0.0,0.0,0.0,0.0,1,1,1,0,0,0,0,0.0,3.0
13_2406_rta_13_241122105938_4166---ACCORDOOPERATIVO.txt,0.0,0.0,0.0,0.0,0.0,0.0,0.0,0.0,0.0,0.0,0,0,0,0,0,0,0,0.0,0.0
13_2406_rta_13_241122111153_4166---PROTOCOLLOCASTELDISANGROEASL.txt,0.0,0.0,0.0,0.0,0.0,0.0,0.0,0.0,0.0,0.0,1,1,0,0,0,0,0,0.0,2.0
18_2406_rta_18_240926102407_4166---ProtocollointesaAISM_CentroLanzino_ReteREDCALABRIA_firmadigitale.txt,0.0,0.0,0.0,0.0,0.0,0.0,0.0,0.0,0.0,0.0,1,1,1,0,0,0,0,0.0,3.0
12_2406_rta_12_241004090846_4166---3protCAVPAOLALATTESgenitoriperlascuola(1).txt,0.0,0.0,0.0,0.0,0.0,0.0,0.0,0.0,0.0,0.0,1,1,0,0,0,0,0,0.0,2.0
03_2406_rta_03_240926144324_4166---Protocollodiintesa.txt,0.0,0.0,0.0,0.0,0.0,0.0,0.0,0.0,0.0,0.0,1,1,0,0,0,0,0,0.0,2.0
18_2406_rta_18_240926102419_4166---protocollodiintesaterritorialeunito.txt,0.0,0.0,0.0,0.0,0.0,0.0,0.0,0.0,0.0,0.0,1,0,1,0,0,0,0,0.0,2.0
13_2406_rta_13_241122111153_4166---PROTOCOLLOCASTELDISANGROEASL.txt,0.0,0.0,0.0,0.0,0.0,0.0,0.0,0.0,0.0,0.0,1,1,0,0,0,0,0,0.0,2.0
12_2406_rta_12_241008150836_4166---2.prot.txt,0.0,0.0,0.0,0.0,0.0,0.0,0.0,0.0,0.0,0.0,1,1,0,0,0,0,0,0.0,2.0
13_2406_rta_13_241122103901_4166---Protocollirete_ortonaelancianoCAVdonn.ÿ.txt,0.0,0.0,0.0,0.0,0.0,0.0,0.0,0.0,0.0,0.0,1,1,0,0,0,0,0,0.0,2.0
03_2406_rta_03_240923102947_4166---ProtSOTTOSCRITTO_ReteAntiviolenzaPiuIntegrazioneAprile2024(1).txt,0.0,0.0,0.0,0.0,0.0,0.0,0.0,0.0,0.0,0.0,1,1,0,0,0,0,0,0.0,2.0
16_2406_rta_16_250410122122_4166---Protocollo_Viola.txt,0.0,0.0,0.0,0.0,0.0,0.0,0.0,0.0,0.0,0.0,1,1,0,0,0,0,0,0.0,2.0
12_2406_rta_12_241008103723_4166---17-ConvenzioneconilLiceoScientificoeLinguisticoCECCANO.txt,0.0,0.0,0.0,0.0,0.0,0.0,0.0,0.0,0.0,0.0,1,1,0,0,0,0,0,0.0,2.0
06_2406_rta_06_240916164122_4166---prot_n_0119980_2024_Accordo(firmato).txt,0.0,0.0,0.0,0.0,0.0,0.0,0.0,0.0,0.0,0.0,0,0,0,0,0,0,0,0.0,0.0
12_2406_rta_12_241008112319_4166---protocollo25.11.2023.txt,0.0,0.0,0.0,0.0,0.0,0.0,0.0,0.0,0.0,0.0,1,0,0,0,0,0,0,0.0,1.0
12_2406_rta_12_241004145108_4166---07-ProtocolloCONilComunediVILLASANTOSTEFANO.txt,0.0,0.0,0.0,0.0,0.0,0.0,0.0,0.0,0.0,0.0,0,0,0,0,0,0,0,0.0,0.0
12_2406_rta_12_240926133706_4166---STAR.txt,0.0,0.0,0.0,0.0,0.0,0.0,0.0,0.0,0.0,0.0,1,0,0,0,0,0,0,0.0,1.0
09_LUCCA PROV.txt,0.0,0.0,0.0,0.0,0.0,0.0,0.0,0.0,0.0,0.0,1,1,0,0,0,0,0,0.0,2.0
03_2406_rta_03_240923163715_4166---PROTOCOLLOD'INTESA2017_2020.txt,0.0,0.0,0.0,0.0,0.0,0.0,0.0,0.0,0.0,0.0,1,0,0,1,0,0,1,0.0,3.0
03_2406_rta_03_240920120751_4166---protocollodiintesa.txt,0.0,0.0,0.0,0.0,0.0,0.0,0.0,0.0,0.0,0.0,1,1,0,0,0,0,0,0.0,2.0
12_2406_rta_12_240926134140_4166---Protocollointesa.txt,0.0,0.0,0.0,0.0,0.0,0.0,0.0,0.0,0.0,0.0,1,1,0,0,0,0,0,0.0,2.0
03_2406_rta_03_240920093134_4166---Protocollo_Intesa_Rete_Antiviolenza_SudEstMilano_Paullese_2021-2023.txt,0.0,0.0,0.0,0.0,0.0,0.0,0.0,0.0,0.0,0.0,1,0,0,0,0,0,0,0.0,1.0
12_2406_rta_12_241003111748_4166---ACCORDOMUNICIPIOROMAVeDIPPARIOPPROMACAPITALE_DD.txt,0.0,0.0,0.0,0.0,0.0,0.0,0.0,0.0,0.0,0.0,1,1,0,0,0,0,0,0.0,2.0
12_2406_rta_12_241004113215_4166---Protocollod'intesaP.L.Cerveteri-BeFree.txt,0.0,0.0,0.0,0.0,0.0,0.0,0.0,0.0,0.0,0.0,1,1,0,0,0,0,0,0.0,2.0
03_2406_rta_03_240920093134_4166---Protocollo_Intesa_Rete_Antiviolenza_SudEstMilano_Paullese_2021-2023.txt,0.0,0.0,0.0,0.0,0.0,0.0,0.0,0.0,0.0,0.0,1,0,0,0,0,0,0,0.0,1.0
03_2406_rta_03_240923101524_4166---PROTOCOLLO_DI_INTESA_versione_DEFINITIVA2021.stamped.txt,0.0,0.0,0.0,0.0,0.0,0.0,0.0,0.0,0.0,0.0,1,1,0,1,0,0,1,0.0,4.0
13_2406_rta_13_241122115416_4166---PROTOCOLLOPESCARA.txt,0.0,0.0,0.0,0.0,0.0,0.0,0.0,0.0,0.0,0.0,1,1,1,0,0,0,0,0.0,3.0
03_2406_rta_03_240923113114_4166---ProtocolloReteAddaMartesanasottoscritto.txt,0.0,0.0,0.0,0.0,0.0,0.0,0.0,0.0,0.0,0.0,1,1,0,0,0,0,0,0.0,2.0
13_2406_rta_13_241122115416_4166---PROTOCOLLOPESCARA.txt,0.0,0.0,0.0,0.0,0.0,0.0,0.0,0.0,0.0,0.0,1,1,0,0,0,0,0,0.0,2.0
03_2406_rta_03_240923171949_4166---PROTOCOLLOD'INTESARETETERRITORIALEANTIVIOLENZAVALLETROMPIA2024.txt,0.0,0.0,0.0,0.0,0.0,0.0,0.0,0.0,0.0,0.0,1,1,0,0,0,0,0,0.0,2.0
03_2406_rta_03_240923171949_4166---PROTOCOLLOD'INTESARETETERRITORIALEANTIVIOLENZAVALLETROMPIA2024.txt,0.0,0.0,0.0,0.0,0.0,0.0,0.0,0.0,0.0,0.0,1,1,0,0,0,0,0,0.0,2.0
01_2406_rta_01_240909110828_4166---PROTOCOLLOHELP.txt,0.0,0.0,0.0,0.0,0.0,0.0,0.0,0.0,0.0,0.0,1,0,0,0,0,0,0,0.0,1.0
16_bat_convenzione CAV - ASL BT.txt,0.0,0.0,0.0,0.0,0.0,0.0,0.0,0.0,0.0,0.0,0,0,0,1,0,0,1,0.0,2.0
03_2406_rta_03_240923171949_4166---PROTOCOLLOD'INTESARETETERRITORIALEANTIVIOLENZAVALLETROMPIA2024.txt,0.0,0.0,0.0,0.0,0.0,0.0,0.0,0.0,0.0,0.0,1,1,0,0,0,0,0,0.0,2.0
03_2406_rta_03_240923171949_4166---PROTOCOLLOD'INTESARETETERRITORIALEANTIVIOLENZAVALLETROMPIA2024.txt,0.0,0.0,0.0,0.0,0.0,0.0,0.0,0.0,0.0,0.0,1,1,0,0,0,0,0,0.0,2.0
03_2406_rta_03_240918153252_4166---Protocollo+Appendice+LineeGuida_Datatodafirmare.txt,0.0,0.0,0.0,0.0,0.0,0.0,0.0,0.0,0.0,0.0,1,1,0,0,0,0,0,0.0,2.0
03_2406_rta_03_240923101524_4166---PROTOCOLLO_DI_INTESA_versione_DEFINITIVA2021.stamped.txt,0.0,0.0,0.0,0.0,0.0,0.0,0.0,0.0,0.0,0.0,1,1,0,0,0,0,0,0.0,2.0
03_2406_rta_03_240923101524_4166---PROTOCOLLO_DI_INTESA_versione_DEFINITIVA2021.stamped.txt,0.0,0.0,0.0,0.0,0.0,0.0,0.0,0.0,0.0,0.0,1,1,0,0,0,0,0,0.0,2.0
13_2406_rta_13_241122101856_4166---Protocollodirete_AlphaGuardiagrele.txt,0.0,0.0,0.0,0.0,0.0,0.0,0.0,0.0,0.0,0.0,1,1,0,0,0,0,0,0.0,2.0
13_2406_rta_13_241122101856_4166---Protocollodirete_AlphaGuardiagrele.txt,0.0,0.0,0.0,0.0,0.0,0.0,0.0,0.0,0.0,0.0,1,1,0,0,0,0,0,0.0,2.0
06_2406_rta_06_240916164102_4166---protocollopordenoneprefettura.txt,0.0,0.0,0.0,0.0,0.0,0.0,0.0,0.0,0.0,0.0,1,1,0,0,0,0,0,0.0,2.0
03_2406_rta_03_240920093134_4166---Protocollo_Intesa_Rete_Antiviolenza_SudEstMilano_Paullese_2021-2023.txt,0.0,0.0,0.0,0.0,0.0,0.0,0.0,0.0,0.0,0.0,1,0,0,0,0,0,0,0.0,1.0
03_2406_rta_03_240926144324_4166---Protocollodiintesa.txt,0.0,0.0,0.0,0.0,0.0,0.0,0.0,0.0,0.0,0.0,1,1,0,0,0,0,0,0.0,2.0
06_2406_rta_06_240916164102_4166---protocollopordenoneprefettura.txt,0.0,0.0,0.0,0.0,0.0,0.0,0.0,0.0,0.0,0.0,1,1,0,0,0,0,0,0.0,2.0
03_2406_rta_03_240923113114_4166---ProtocolloReteAddaMartesanasottoscritto.txt,0.0,0.0,0.0,0.0,0.0,0.0,0.0,0.0,0.0,0.0,1,1,0,0,0,0,0,0.0,2.0
12_2406_rta_12_240926133329_4166---ProtInt2CAVFRANCARAME-18-20(1).txt,0.0,0.0,0.0,0.0,0.0,0.0,0.0,0.0,0.0,0.0,1,1,0,0,0,0,0,0.0,2.0
12_2406_rta_12_241004113737_4166---AccordodicollaborazioneArteinsieme.txt,0.0,0.0,0.0,0.0,0.0,0.0,0.0,0.0,0.0,0.0,1,1,0,0,0,0,0,0.0,2.0
03_2406_rta_03_240923113114_4166---ProtocolloReteAddaMartesanasottoscritto.txt,0.0,0.0,0.0,0.0,0.0,0.0,0.0,0.0,0.0,0.0,1,1,1,0,0,0,0,0.0,3.0
03_2406_rta_03_240923113114_4166---ProtocolloReteAddaMartesanasottoscritto.txt,0.0,0.0,0.0,0.0,0.0,0.0,0.0,0.0,0.0,0.0,1,1,0,0,0,0,0,0.0,2.0
12_2406_rta_12_241003101925_4166---ProtocolloFormazioneObiettivoUomo.txt,0.0,0.0,0.0,0.0,0.0,0.0,0.0,0.0,0.0,0.0,0,0,0,0,0,0,0,0.0,0.0
03_2406_rta_03_240923113114_4166---ProtocolloReteAddaMartesanasottoscritto.txt,0.0,0.0,0.0,0.0,0.0,0.0,0.0,0.0,0.0,0.0,1,1,1,0,0,0,0,0.0,3.0
03_2406_rta_03_240920093134_4166---Protocollo_Intesa_Rete_Antiviolenza_SudEstMilano_Paullese_2021-2023.txt,0.0,0.0,0.0,0.0,0.0,0.0,0.0,0.0,0.0,0.0,1,0,0,0,0,0,0,0.0,1.0
05_2406_rta_05_240916131522_4166---protocolloaggiornamento2023.txt,0.0,0.0,0.0,0.0,0.0,0.0,0.0,0.0,0.0,0.0,1,1,0,0,0,0,0,0.0,2.0
09_SENESE Delibera-n.1196-del-24-10-2022-allegato-a_SENESE_2.txt,0.0,0.0,0.0,0.0,0.0,0.0,0.0,0.0,0.0,0.0,0,0,0,0,0,1,1,0.0,2.0
13_2406_rta_13_241122101856_4166---Protocollodirete_AlphaGuardiagrele.txt,0.0,0.0,0.0,0.0,0.0,0.0,0.0,0.0,0.0,0.0,1,1,0,0,0,0,0,0.0,2.0
16_bari_protocollo operativo Gioia del Colle_EMI.txt,0.0,0.0,0.0,0.0,0.0,0.0,0.0,0.0,0.0,0.0,0,0,0,1,0,0,1,0.0,2.0
12_2406_rta_12_241004092644_4166---5potCAVPAOLALATTESnantes(1).txt,0.0,0.0,0.0,0.0,0.0,0.0,0.0,0.0,0.0,0.0,0,0,0,0,0,0,0,0.0,0.0
03_2406_rta_03_240926144324_4166---Protocollodiintesa.txt,0.0,0.0,0.0,0.0,0.0,0.0,0.0,0.0,0.0,0.0,1,1,0,0,0,0,0,0.0,2.0
01_2406_rta_01_240920112211_4166---367772-4-Protocollo_intesa_Completo.txt,0.0,0.0,0.0,0.0,0.0,0.0,0.0,0.0,0.0,0.0,1,1,0,0,0,0,0,0.0,2.0
03_2406_rta_03_240920120751_4166---protocollodiintesa.txt,0.0,0.0,0.0,0.0,0.0,0.0,0.0,0.0,0.0,0.0,1,1,0,0,0,0,0,0.0,2.0
03_2406_rta_03_240918153252_4166---Protocollo+Appendice+LineeGuida_Datatodafirmare.txt,0.0,0.0,0.0,0.0,0.0,0.0,0.0,0.0,0.0,0.0,1,1,0,0,0,0,0,0.0,2.0
03_2406_rta_03_240918153252_4166---Protocollo+Appendice+LineeGuida_Datatodafirmare.txt,0.0,0.0,0.0,0.0,0.0,0.0,0.0,0.0,0.0,0.0,1,1,0,0,0,0,0,0.0,2.0
03_2406_rta_03_240918153252_4166---Protocollo+Appendice+LineeGuida_Datatodafirmare.txt,0.0,0.0,0.0,0.0,0.0,0.0,0.0,0.0,0.0,0.0,1,1,0,0,0,0,0,0.0,2.0
03_2406_rta_03_240918153252_4166---Protocollo+Appendice+LineeGuida_Datatodafirmare.txt,0.0,0.0,0.0,0.0,0.0,0.0,0.0,0.0,0.0,0.0,1,1,0,0,0,0,0,0.0,2.0
08_2406_rta_08_241015091621_4166---PROTOCOLLO_22.txt,0.0,0.0,0.0,0.0,0.0,0.0,0.0,0.0,0.0,0.0,1,0,0,1,0,0,1,0.0,3.0
13_2406_rta_13_241122103901_4166---Protocollirete_ortonaelancianoCAVdonn.ÿ.txt,0.0,0.0,0.0,0.0,0.0,0.0,0.0,0.0,0.0,0.0,1,1,0,0,0,0,0,0.0,2.0
12_2406_rta_12_241003094302_4166---4VerbaleIncontroGiorgieLaGinestra-PROTOCOLLO.txt,0.0,0.0,0.0,0.0,0.0,0.0,0.0,0.0,0.0,0.0,1,0,0,0,0,0,0,0.0,1.0
03_2406_rta_03_240923103647_4166---protocolloreteantiviolenzacinisello2019(1).txt,0.0,0.0,0.0,0.0,0.0,0.0,0.0,0.0,0.0,0.0,1,0,0,0,0,0,0,0.0,1.0
12_2406_rta_12_240926114327_4166---1AccordoPonteDonnaAliceNova.txt,0.0,0.0,0.0,0.0,0.0,0.0,0.0,0.0,0.0,0.0,1,1,0,0,0,0,0,0.0,2.0
03_2406_rta_03_240923102947_4166---ProtSOTTOSCRITTO_ReteAntiviolenzaPiuIntegrazioneAprile2024(1).txt,0.0,0.0,0.0,0.0,0.0,0.0,0.0,0.0,0.0,0.0,1,0,0,1,0,0,1,0.0,3.0
12_2406_rta_12_241008151837_4166---4.prot..txt,0.0,0.0,0.0,0.0,0.0,0.0,0.0,0.0,0.0,0.0,1,0,0,0,0,0,0,0.0,1.0
03_2406_rta_03_240926144324_4166---Protocollodiintesa.txt,0.0,0.0,0.0,0.0,0.0,0.0,0.0,0.0,0.0,0.0,1,1,0,0,0,0,0,0.0,2.0
03_2406_rta_03_240920124656_4166---ProtocolloantiviolenzaDEFINITIVO(1).txt,0.0,0.0,0.0,0.0,0.0,0.0,0.0,0.0,0.0,0.0,1,1,0,0,0,0,0,0.0,2.0
08_2406_rta_08_241015091430_4166---Protocollo_Distrettuale_Contrasto_violenza_Donne2023.stamped.txt,0.0,0.0,0.0,0.0,0.0,0.0,0.0,0.0,0.0,0.0,1,0,0,1,0,0,1,0.0,3.0
03_2406_rta_03_240923101524_4166---PROTOCOLLO_DI_INTESA_versione_DEFINITIVA2021.stamped.txt,0.0,0.0,0.0,0.0,0.0,0.0,0.0,0.0,0.0,0.0,1,1,0,0,0,0,0,0.0,2.0
03_2406_rta_03_240926144324_4166---Protocollodiintesa.txt,0.0,0.0,0.0,0.0,0.0,0.0,0.0,0.0,0.0,0.0,1,1,0,0,0,0,0,0.0,2.0
03_2406_rta_03_240923102947_4166---ProtSOTTOSCRITTO_ReteAntiviolenzaPiuIntegrazioneAprile2024(1).txt,0.0,0.0,0.0,0.0,0.0,0.0,0.0,0.0,0.0,0.0,1,1,0,1,0,0,1,0.0,4.0
03_2406_rta_03_240918153240_4166---Protocollod'intesaperl'IstituzionediunSistemaTerritorialeAntiviolenzainReteconAddendumSindacati.txt,0.0,0.0,0.0,0.0,0.0,0.0,0.0,0.0,0.0,0.0,1,1,0,0,0,0,0,0.0,2.0
13_2406_rta_13_241122115416_4166---PROTOCOLLOPESCARA.txt,0.0,0.0,0.0,0.0,0.0,0.0,0.0,0.0,0.0,0.0,1,1,0,0,0,0,0,0.0,2.0
11_2406_rta_11_240911113105_4166---PROTOCOLLO_OPERATIVO2024_CONINDIRIZZARIO_FIRMATO.txt,0.0,0.0,0.0,0.0,0.0,0.0,0.0,0.0,0.0,0.0,1,1,0,0,0,0,0,0.0,2.0
03_2406_rta_03_240923101524_4166---PROTOCOLLO_DI_INTESA_versione_DEFINITIVA2021.stamped.txt,0.0,0.0,0.0,0.0,0.0,0.0,0.0,0.0,0.0,0.0,1,1,0,0,0,0,0,0.0,2.0
12_2406_rta_12_241002110904_4166---5protCAVSAPIENZA-RUOTALIBERACOOPERATIVASOCIALE.txt,0.0,0.0,0.0,0.0,0.0,0.0,0.0,0.0,0.0,0.0,1,1,0,0,0,0,0,0.0,2.0
05_2406_rta_05_240919114041_4166---protocollounicorevisionato2024.txt,0.0,0.0,0.0,0.0,0.0,0.0,0.0,0.0,0.0,0.0,0,1,0,0,0,0,0,0.0,1.0
05_2406_rta_05_240917141534_4166---protocollodiretefirmato.txt,0.0,0.0,0.0,0.0,0.0,0.0,0.0,0.0,0.0,0.0,1,1,0,1,0,0,1,0.0,4.0
03_2406_rta_03_240920120751_4166---protocollodiintesa.txt,0.0,0.0,0.0,0.0,0.0,0.0,0.0,0.0,0.0,0.0,1,1,0,0,0,0,0,0.0,2.0
01_2406_rta_01_240904122512_4166---accordoSFD.txt,0.0,0.0,0.0,0.0,0.0,0.0,0.0,0.0,0.0,0.0,1,0,0,0,0,0,0,0.0,1.0
16_2406_rta_16_250409174252_4166---Protocollo_Intesa_LARA.txt,0.0,0.0,0.0,0.0,0.0,0.0,0.0,0.0,0.0,0.0,1,0,0,0,0,0,0,0.0,1.0
12_2406_rta_12_241009125640_4166---7.accordo.txt,0.0,0.0,0.0,0.0,0.0,0.0,0.0,0.0,0.0,0.0,1,1,0,0,0,0,0,0.0,2.0
13_2406_rta_13_241122110421_4166---PROTOCOLLOOPERATIVO.txt,0.0,0.0,0.0,0.0,0.0,0.0,0.0,0.0,0.0,0.0,1,1,0,1,0,0,1,0.0,4.0
05_2406_rta_05_240917141534_4166---protocollodiretefirmato.txt,0.0,0.0,0.0,0.0,0.0,0.0,0.0,0.0,0.0,0.0,1,1,0,1,0,0,1,0.0,4.0
12_2406_rta_12_241004100148_4166---910protCAVPAOLALATTESCooperativaSocialeLineaSociale-Onlus(1).txt,0.0,0.0,0.0,0.0,0.0,0.0,0.0,0.0,0.0,0.0,1,1,0,0,0,0,0,0.0,2.0
13_2406_rta_13_241122110421_4166---PROTOCOLLOOPERATIVO.txt,0.0,0.0,0.0,0.0,0.0,0.0,0.0,0.0,0.0,0.0,1,1,0,1,0,0,1,0.0,4.0
03_2406_rta_03_240923103647_4166---protocolloreteantiviolenzacinisello2019(1).txt,0.0,0.0,0.0,0.0,0.0,0.0,0.0,0.0,0.0,0.0,1,0,0,1,0,0,1,0.0,3.0
03_2406_rta_03_240920124656_4166---ProtocolloantiviolenzaDEFINITIVO(1).txt,0.0,0.0,0.0,0.0,0.0,0.0,0.0,0.0,0.0,0.0,1,1,0,1,0,0,1,0.0,4.0
16_2406_rta_16_250409174252_4166---Protocollo_Intesa_LARA.txt,0.0,0.0,0.0,0.0,0.0,0.0,0.0,0.0,0.0,0.0,1,0,0,0,0,0,0,0.0,1.0
03_2406_rta_03_240926144324_4166---Protocollodiintesa.txt,0.0,0.0,0.0,0.0,0.0,0.0,0.0,0.0,0.0,0.0,1,1,0,0,0,0,0,0.0,2.0
03_2406_rta_03_240923113114_4166---ProtocolloReteAddaMartesanasottoscritto.txt,0.0,0.0,0.0,0.0,0.0,0.0,0.0,0.0,0.0,0.0,1,1,0,0,0,0,0,0.0,2.0
16_bari_protocollo operativo Grumo_EMI.txt,0.0,0.0,0.0,0.0,0.0,0.0,0.0,0.0,0.0,0.0,0,1,0,0,0,0,0,0.0,1.0
12_2406_rta_12_241003111748_4166---ACCORDOMUNICIPIOROMAVeDIPPARIOPPROMACAPITALE_DD.txt,0.0,0.0,0.0,0.0,0.0,0.0,0.0,0.0,0.0,0.0,1,1,0,0,0,1,1,0.0,4.0
12_2406_rta_12_241003094302_4166---4VerbaleIncontroGiorgieLaGinestra-PROTOCOLLO.txt,0.0,0.0,0.0,0.0,0.0,0.0,0.0,0.0,0.0,0.0,0,0,0,0,0,0,0,0.0,0.0
06_2406_rta_06_240916164258_4166---Protocolloviolenzadomesticaedigenere_30.09.2019.txt,0.0,0.0,0.0,0.0,0.0,0.0,0.0,0.0,0.0,0.0,0,1,0,0,0,0,0,0.0,1.0
03_2406_rta_03_240926144324_4166---Protocollodiintesa.txt,0.0,0.0,0.0,0.0,0.0,0.0,0.0,0.0,0.0,0.0,1,1,0,0,0,0,0,0.0,2.0
12_2406_rta_12_241002114038_4166---1protCAVTITANO-8-10DidascoSoc.Coop.Soc.txt,0.0,0.0,0.0,0.0,0.0,0.0,0.0,0.0,0.0,0.0,1,1,0,0,0,0,0,0.0,2.0
12_2406_rta_12_240927093424_4166---ProtVMunMerlin.txt,0.0,0.0,0.0,0.0,0.0,0.0,0.0,0.0,0.0,0.0,1,1,0,0,0,0,0,0.0,2.0
12_2406_rta_12_241003104626_4166---PROTOCOLLODIINTESAMUNICIPIOXV.txt,0.0,0.0,0.0,0.0,0.0,0.0,0.0,0.0,0.0,0.0,1,1,0,1,0,0,1,0.0,4.0
12_2406_rta_12_241003114137_4166---PROTOCOLLODIINTESAROMAVOLLEYEDD.txt,0.0,0.0,0.0,0.0,0.0,0.0,0.0,0.0,0.0,0.0,1,1,0,0,0,0,0,0.0,2.0
12_2406_rta_12_240926134140_4166---Protocollointesa.txt,0.0,0.0,0.0,0.0,0.0,0.0,0.0,0.0,0.0,0.0,1,1,0,0,0,0,0,0.0,2.0
03_2406_rta_03_240923113114_4166---ProtocolloReteAddaMartesanasottoscritto.txt,0.0,0.0,0.0,0.0,0.0,0.0,0.0,0.0,0.0,0.0,1,1,0,0,0,0,0,0.0,2.0
07_2406_rta_07_240916163933_4166---sub_14574431199510849525_Protocollo_LVLS-signed.txt,0.0,0.0,0.0,0.0,0.0,0.0,0.0,0.0,0.0,0.0,0,0,0,0,0,0,0,0.0,0.0
01_2406_rta_01_240924140705_4166---LesConvenzionecoprogettazione.txt,0.0,0.0,0.0,0.0,0.0,0.0,0.0,0.0,0.0,0.0,1,1,0,0,0,0,0,0.0,2.0
03_2406_rta_03_240923165401_4166---PROTOCOLLODIrete2020-2023_rev2confirmescan.txt,0.0,0.0,0.0,0.0,0.0,0.0,0.0,0.0,0.0,0.0,1,0,0,0,0,0,0,0.0,1.0
03_2406_rta_03_240923171949_4166---PROTOCOLLOD'INTESARETETERRITORIALEANTIVIOLENZAVALLETROMPIA2024.txt,0.0,0.0,0.0,0.0,0.0,0.0,0.0,0.0,0.0,0.0,1,1,0,0,0,0,0,0.0,2.0
03_2406_rta_03_240926144324_4166---Protocollodiintesa.txt,0.0,0.0,0.0,0.0,0.0,0.0,0.0,0.0,0.0,0.0,1,1,0,0,0,0,0,0.0,2.0
07_2406_rta_07_240916163933_4166---sub_14574431199510849525_Protocollo_LVLS-signed.txt,0.0,0.0,0.0,0.0,0.0,0.0,0.0,0.0,0.0,0.0,1,1,0,0,0,0,0,0.0,2.0
02_2406_rta_02_240904124958_4166---lrn4del25feb2013.txt,0.0,0.0,0.0,0.0,0.0,0.0,0.0,0.0,0.0,0.0,0,0,0,0,0,0,0,0.0,0.0
03_2406_rta_03_240926144324_4166---Protocollodiintesa.txt,0.0,0.0,0.0,0.0,0.0,0.0,0.0,0.0,0.0,0.0,1,1,0,0,0,0,0,0.0,2.0
18_2406_rta_18_240926102333_4166---accordodiretecentroaiutodonna.txt,0.0,0.0,0.0,0.0,0.0,0.0,0.0,0.0,0.0,0.0,1,1,1,0,0,0,0,0.0,3.0
18_2406_rta_18_240926102407_4166---ProtocollointesaAISM_CentroLanzino_ReteREDCALABRIA_firmadigitale.txt,0.0,0.0,0.0,0.0,0.0,0.0,0.0,0.0,0.0,0.0,0,0,0,0,0,0,0,0.0,0.0
11_2406_rta_11_240911113757_4166---All.4ProtocolloReteAntiviolenzasottoscritto18.12.2023.txt,0.0,0.0,0.0,0.0,0.0,0.0,0.0,0.0,0.0,0.0,0,1,0,0,0,0,0,0.0,1.0
13_2406_rta_13_241122101856_4166---Protocollodirete_AlphaGuardiagrele.txt,0.0,0.0,0.0,0.0,0.0,0.0,0.0,0.0,0.0,0.0,1,1,0,0,0,0,0,0.0,2.0
03_2406_rta_03_240923103647_4166---protocolloreteantiviolenzacinisello2019(1).txt,0.0,0.0,0.0,0.0,0.0,0.0,0.0,0.0,0.0,0.0,1,0,0,0,0,0,0,0.0,1.0
03_2406_rta_03_240926144324_4166---Protocollodiintesa.txt,0.0,0.0,0.0,0.0,0.0,0.0,0.0,0.0,0.0,0.0,1,1,0,1,0,0,1,0.0,4.0
02_2406_rta_02_240904124958_4166---lrn4del25feb2013.txt,0.0,0.0,0.0,0.0,0.0,0.0,0.0,0.0,0.0,0.0,1,0,0,0,0,0,0,0.0,1.0
12_2406_rta_12_241003101925_4166---ProtocolloFormazioneObiettivoUomo.txt,0.0,0.0,0.0,0.0,0.0,0.0,0.0,0.0,0.0,0.0,1,1,0,0,0,0,0,0.0,2.0
08_2406_rta_08_241015091655_4166---Aggiornamentointegrazioneprotocollooperativoapprovatonelgiugno2008.txt,0.0,0.0,0.0,0.0,0.0,0.0,0.0,0.0,0.0,0.0,1,1,1,0,0,0,0,0.0,3.0
03_2406_rta_03_240923101524_4166---PROTOCOLLO_DI_INTESA_versione_DEFINITIVA2021.stamped.txt,0.0,0.0,0.0,0.0,0.0,0.0,0.0,0.0,0.0,0.0,1,1,0,0,0,0,0,0.0,2.0
12_2406_rta_12_241002115125_4166---2protCAVTITANO-AmiciDiConcaD’oro.txt,0.0,0.0,0.0,0.0,0.0,0.0,0.0,0.0,0.0,0.0,1,1,0,0,0,0,0,0.0,2.0
03_2406_rta_03_240923113114_4166---ProtocolloReteAddaMartesanasottoscritto.txt,0.0,0.0,0.0,0.0,0.0,0.0,0.0,0.0,0.0,0.0,1,1,0,0,0,0,0,0.0,2.0
01_2406_rta_01_240909110828_4166---PROTOCOLLOHELP.txt,0.0,0.0,0.0,0.0,0.0,0.0,0.0,0.0,0.0,0.0,1,1,0,0,0,0,0,0.0,2.0
12_2406_rta_12_241002115801_4166---3protCAVTITANO-IdeaPrisma82Coop.Soc.txt,0.0,0.0,0.0,0.0,0.0,0.0,0.0,0.0,0.0,0.0,1,1,0,0,0,0,0,0.0,2.0
01_2406_rta_01_240904150044_4166---Protocollocav-irene2022-2025.txt,0.0,0.0,0.0,0.0,0.0,0.0,0.0,0.0,0.0,0.0,1,1,0,0,0,1,1,0.0,4.0
07_2406_rta_07_240916163933_4166---sub_14574431199510849525_Protocollo_LVLS-signed.txt,0.0,0.0,0.0,0.0,0.0,0.0,0.0,0.0,0.0,0.0,1,1,0,0,0,0,0,0.0,2.0
07_2406_rta_07_240916163933_4166---sub_14574431199510849525_Protocollo_LVLS-signed.txt,0.0,0.0,0.0,0.0,0.0,0.0,0.0,0.0,0.0,0.0,1,1,0,0,0,0,0,0.0,2.0
03_2406_rta_03_240923113114_4166---ProtocolloReteAddaMartesanasottoscritto.txt,0.0,0.0,0.0,0.0,0.0,0.0,0.0,0.0,0.0,0.0,1,1,0,0,0,0,0,0.0,2.0
12_2406_rta_12_241004145108_4166---07-ProtocolloCONilComunediVILLASANTOSTEFANO.txt,0.0,0.0,0.0,0.0,0.0,0.0,0.0,0.0,0.0,0.0,0,0,0,0,0,0,0,0.0,0.0
16_2406_rta_16_250409174252_4166---Protocollo_Intesa_LARA.txt,0.0,0.0,0.0,0.0,0.0,0.0,0.0,0.0,0.0,0.0,0,0,0,0,0,0,0,0.0,0.0
03_2406_rta_03_240926144324_4166---Protocollodiintesa.txt,0.0,0.0,0.0,0.0,0.0,0.0,0.0,0.0,0.0,0.0,1,1,0,0,0,0,0,0.0,2.0
09_LIVORNO Protocollo_ RETE ANTIVIOLENZA_ LIVORNO.txt,0.0,0.0,0.0,0.0,0.0,0.0,0.0,0.0,0.0,0.0,1,0,0,0,0,0,0,0.0,1.0
03_2406_rta_03_240923113114_4166---ProtocolloReteAddaMartesanasottoscritto.txt,0.0,0.0,0.0,0.0,0.0,0.0,0.0,0.0,0.0,0.0,1,1,0,0,0,0,0,0.0,2.0
03_2406_rta_03_240918153240_4166---Protocollod'intesaperl'IstituzionediunSistemaTerritorialeAntiviolenzainReteconAddendumSindacati.txt,0.0,0.0,0.0,0.0,0.0,0.0,0.0,0.0,0.0,0.0,1,1,0,0,0,0,0,0.0,2.0
01_2406_rta_01_240924140705_4166---LesConvenzionecoprogettazione.txt,0.0,0.0,0.0,0.0,0.0,0.0,0.0,0.0,0.0,0.0,1,1,0,0,0,0,0,0.0,2.0
03_2406_rta_03_240926122051_4166---Protocollomonz.txt,0.0,0.0,0.0,0.0,0.0,0.0,0.0,0.0,0.0,0.0,0,0,1,0,0,0,0,0.0,1.0
12_2406_rta_12_241008151837_4166---4.prot..txt,0.0,0.0,0.0,0.0,0.0,0.0,0.0,0.0,0.0,0.0,1,1,0,0,0,0,0,0.0,2.0
03_2406_rta_03_240923165401_4166---PROTOCOLLODIrete2020-2023_rev2confirmescan.txt,0.0,0.0,0.0,0.0,0.0,0.0,0.0,0.0,0.0,0.0,1,0,0,0,0,0,0,0.0,1.0
07_2406_rta_07_240916163933_4166---sub_14574431199510849525_Protocollo_LVLS-signed.txt,0.0,0.0,0.0,0.0,0.0,0.0,0.0,0.0,0.0,0.0,1,1,0,0,0,0,0,0.0,2.0
03_2406_rta_03_240918153252_4166---Protocollo+Appendice+LineeGuida_Datatodafirmare.txt,0.0,0.0,0.0,0.0,0.0,0.0,0.0,0.0,0.0,0.0,1,1,0,0,0,0,0,0.0,2.0
07_2406_rta_07_240916163933_4166---sub_14574431199510849525_Protocollo_LVLS-signed.txt,0.0,0.0,0.0,0.0,0.0,0.0,0.0,0.0,0.0,0.0,1,1,0,0,0,0,0,0.0,2.0
03_2406_rta_03_240923101524_4166---PROTOCOLLO_DI_INTESA_versione_DEFINITIVA2021.stamped.txt,0.0,0.0,0.0,0.0,0.0,0.0,0.0,0.0,0.0,0.0,1,1,1,0,0,0,0,0.0,3.0
05_2406_rta_05_240916131522_4166---protocolloaggiornamento2023.txt,0.0,0.0,0.0,0.0,0.0,0.0,0.0,0.0,0.0,0.0,1,1,0,0,0,0,0,0.0,2.0
03_2406_rta_03_240923113114_4166---ProtocolloReteAddaMartesanasottoscritto.txt,0.0,0.0,0.0,0.0,0.0,0.0,0.0,0.0,0.0,0.0,1,1,0,0,0,0,0,0.0,2.0
12_2406_rta_12_241009123601_4166---5.accordo.txt,0.0,0.0,0.0,0.0,0.0,0.0,0.0,0.0,0.0,0.0,1,1,0,0,0,0,0,0.0,2.0
03_2406_rta_03_240920093134_4166---Protocollo_Intesa_Rete_Antiviolenza_SudEstMilano_Paullese_2021-2023.txt,0.0,0.0,0.0,0.0,0.0,0.0,0.0,0.0,0.0,0.0,1,0,0,0,0,0,0,0.0,1.0
03_2406_rta_03_240920093134_4166---Protocollo_Intesa_Rete_Antiviolenza_SudEstMilano_Paullese_2021-2023.txt,0.0,0.0,0.0,0.0,0.0,0.0,0.0,0.0,0.0,0.0,1,0,0,0,0,0,0,0.0,1.0
03_2406_rta_03_240926122051_4166---Protocollomonz.txt,0.0,0.0,0.0,0.0,0.0,0.0,0.0,0.0,0.0,0.0,0,0,1,0,0,0,0,0.0,1.0
12_2406_rta_12_241003111748_4166---ACCORDOMUNICIPIOROMAVeDIPPARIOPPROMACAPITALE_DD.txt,0.0,0.0,0.0,0.0,0.0,0.0,0.0,0.0,0.0,0.0,1,1,0,0,0,0,0,0.0,2.0
01_2406_rta_01_240909110828_4166---PROTOCOLLOHELP.txt,0.0,0.0,0.0,0.0,0.0,0.0,0.0,0.0,0.0,0.0,1,1,0,0,0,0,0,0.0,2.0
12_2406_rta_12_241003101925_4166---ProtocolloFormazioneObiettivoUomo.txt,0.0,0.0,0.0,0.0,0.0,0.0,0.0,0.0,0.0,0.0,1,1,0,0,0,0,0,0.0,2.0
12_2406_rta_12_241003101925_4166---ProtocolloFormazioneObiettivoUomo.txt,0.0,0.0,0.0,0.0,0.0,0.0,0.0,0.0,0.0,0.0,0,0,0,0,0,0,0,0.0,0.0
13_2406_rta_13_241122115416_4166---PROTOCOLLOPESCARA.txt,0.0,0.0,0.0,0.0,0.0,0.0,0.0,0.0,0.0,0.0,1,1,0,0,0,0,0,0.0,2.0
11_2406_rta_11_240911113757_4166---All.4ProtocolloReteAntiviolenzasottoscritto18.12.2023.txt,0.0,0.0,0.0,0.0,0.0,0.0,0.0,0.0,0.0,0.0,1,1,0,1,0,0,1,0.0,4.0
06_2406_rta_06_240916164122_4166---prot_n_0119980_2024_Accordo(firmato).txt,0.0,0.0,0.0,0.0,0.0,0.0,0.0,0.0,0.0,0.0,0,0,0,0,0,0,0,0.0,0.0
01_2406_rta_01_241018142804_4166---ConvenzioneASL-Prontosoccorsoceva.txt,0.0,0.0,0.0,0.0,0.0,0.0,0.0,0.0,0.0,0.0,1,1,0,0,0,0,0,0.0,2.0
16_bari_protocollo operativo Grumo_EMI.txt,0.0,0.0,0.0,0.0,0.0,0.0,0.0,0.0,0.0,0.0,0,0,0,0,0,0,0,0.0,0.0
11_2406_rta_11_240911113235_4166---MacerataProtocollo2019_2022Firmato.txt,0.0,0.0,0.0,0.0,0.0,0.0,0.0,0.0,0.0,0.0,1,1,0,0,1,0,1,0.0,4.0
12_2406_rta_12_240926135421_4166---3protCAVFRANCARAME-28-30(1).txt,0.0,0.0,0.0,0.0,0.0,0.0,0.0,0.0,0.0,0.0,1,1,0,0,0,0,0,0.0,2.0
03_2406_rta_03_240923113114_4166---ProtocolloReteAddaMartesanasottoscritto.txt,0.0,0.0,0.0,0.0,0.0,0.0,0.0,0.0,0.0,0.0,1,1,0,0,0,0,0,0.0,2.0
12_2406_rta_12_241003095202_4166---8ProtocolloUIL.txt,0.0,0.0,0.0,0.0,0.0,0.0,0.0,0.0,0.0,0.0,1,0,0,0,0,0,0,0.0,1.0
05_2406_rta_05_240917141534_4166---protocollodiretefirmato.txt,0.0,0.0,0.0,0.0,0.0,0.0,0.0,0.0,0.0,0.0,1,0,0,0,0,0,0,0.0,1.0
03_2406_rta_03_240923113114_4166---ProtocolloReteAddaMartesanasottoscritto.txt,0.0,0.0,0.0,0.0,0.0,0.0,0.0,0.0,0.0,0.0,1,1,0,0,0,0,0,0.0,2.0
12_2406_rta_12_241004092644_4166---5potCAVPAOLALATTESnantes(1).txt,0.0,0.0,0.0,0.0,0.0,0.0,0.0,0.0,0.0,0.0,0,0,0,0,0,0,0,0.0,0.0
03_2406_rta_03_240926144324_4166---Protocollodiintesa.txt,0.0,0.0,0.0,0.0,0.0,0.0,0.0,0.0,0.0,0.0,1,1,0,0,0,0,0,0.0,2.0
03_2406_rta_03_240923113114_4166---ProtocolloReteAddaMartesanasottoscritto.txt,0.0,0.0,0.0,0.0,0.0,0.0,0.0,0.0,0.0,0.0,1,1,0,0,0,0,0,0.0,2.0
12_2406_rta_12_240926143343_4166---2.1protocolloIntegra-CavMerlin(1).txt,0.0,0.0,0.0,0.0,0.0,0.0,0.0,0.0,0.0,0.0,1,1,0,0,0,0,0,0.0,2.0
12_2406_rta_12_241002113235_4166---8protCAVSAPIENZA-RETAKEROMAODV.txt,0.0,0.0,0.0,0.0,0.0,0.0,0.0,0.0,0.0,0.0,1,1,0,0,0,0,0,0.0,2.0
16_bat_convenzione CAV - ASL BT.txt,0.0,0.0,0.0,0.0,0.0,0.0,0.0,0.0,0.0,0.0,1,1,0,1,0,0,1,0.0,4.0
12_2406_rta_12_241009125640_4166---7.accordo.txt,0.0,0.0,0.0,0.0,0.0,0.0,0.0,0.0,0.0,0.0,1,1,0,0,0,1,1,0.0,4.0
12_2406_rta_12_241009123601_4166---5.accordo.txt,0.0,0.0,0.0,0.0,0.0,0.0,0.0,0.0,0.0,0.0,0,0,0,0,0,0,0,0.0,0.0
12_2406_rta_12_240926134140_4166---Protocollointesa.txt,0.0,0.0,0.0,0.0,0.0,0.0,0.0,0.0,0.0,0.0,1,1,0,0,0,0,0,0.0,2.0
01_2406_rta_01_240904121349_4166---convenzione.txt,0.0,0.0,0.0,0.0,0.0,0.0,0.0,0.0,0.0,0.0,0,0,0,0,0,0,0,0.0,0.0
03_2406_rta_03_240926114940_4166---ProtocollodiintesaeAllegatoTecnico_SOTTOSCRITTO.txt,0.0,0.0,0.0,0.0,0.0,0.0,0.0,0.0,0.0,0.0,1,0,0,1,0,0,1,0.0,3.0
12_2406_rta_12_241009123601_4166---5.accordo.txt,0.0,0.0,0.0,0.0,0.0,0.0,0.0,0.0,0.0,0.0,1,1,0,0,0,0,0,0.0,2.0
03_2406_rta_03_240920120751_4166---protocollodiintesa.txt,0.0,0.0,0.0,0.0,0.0,0.0,0.0,0.0,0.0,0.0,1,1,0,0,0,0,0,0.0,2.0
03_2406_rta_03_240918153252_4166---Protocollo+Appendice+LineeGuida_Datatodafirmare.txt,0.0,0.0,0.0,0.0,0.0,0.0,0.0,0.0,0.0,0.0,1,1,0,0,0,0,0,0.0,2.0
03_2406_rta_03_240918153252_4166---Protocollo+Appendice+LineeGuida_Datatodafirmare.txt,0.0,0.0,0.0,0.0,0.0,0.0,0.0,0.0,0.0,0.0,1,1,1,0,0,0,0,0.0,3.0
13_2406_rta_13_241122105938_4166---ACCORDOOPERATIVO.txt,0.0,0.0,0.0,0.0,0.0,0.0,0.0,0.0,0.0,0.0,1,1,1,1,0,0,1,0.0,5.0
03_2406_rta_03_240918153240_4166---Protocollod'intesaperl'IstituzionediunSistemaTerritorialeAntiviolenzainReteconAddendumSindacati.txt,0.0,0.0,0.0,0.0,0.0,0.0,0.0,0.0,0.0,0.0,1,1,0,0,0,0,0,0.0,2.0
13_2406_rta_13_241122103901_4166---Protocollirete_ortonaelancianoCAVdonn.ÿ.txt,0.0,0.0,0.0,0.0,0.0,0.0,0.0,0.0,0.0,0.0,1,1,0,0,0,0,0,0.0,2.0
03_2406_rta_03_240923113114_4166---ProtocolloReteAddaMartesanasottoscritto.txt,0.0,0.0,0.0,0.0,0.0,0.0,0.0,0.0,0.0,0.0,1,1,0,0,0,0,0,0.0,2.0
16_bari_protocollo operativo Putignano_EMI.txt,0.0,0.0,0.0,0.0,0.0,0.0,0.0,0.0,0.0,0.0,0,0,0,0,0,0,0,0.0,0.0
03_2406_rta_03_240923103647_4166---protocolloreteantiviolenzacinisello2019(1).txt,0.0,0.0,0.0,0.0,0.0,0.0,0.0,0.0,0.0,0.0,1,0,0,0,0,0,0,0.0,1.0
12_2406_rta_12_241003114931_4166---ProtocollodiintesaDifferenzaDonnaeMunicipio13.txt,0.0,0.0,0.0,0.0,0.0,0.0,0.0,0.0,0.0,0.0,1,0,0,0,0,0,0,0.0,1.0
07_2406_rta_07_240916163933_4166---sub_14574431199510849525_Protocollo_LVLS-signed.txt,0.0,0.0,0.0,0.0,0.0,0.0,0.0,0.0,0.0,0.0,1,0,0,0,0,0,0,0.0,1.0
08_2406_rta_08_241015091430_4166---Protocollo_Distrettuale_Contrasto_violenza_Donne2023.stamped.txt,0.0,0.0,0.0,0.0,0.0,0.0,0.0,0.0,0.0,0.0,1,1,1,0,0,0,0,0.0,3.0
03_2406_rta_03_240923101524_4166---PROTOCOLLO_DI_INTESA_versione_DEFINITIVA2021.stamped.txt,0.0,0.0,0.0,0.0,0.0,0.0,0.0,0.0,0.0,0.0,1,1,0,0,0,0,0,0.0,2.0
08_2406_rta_08_241015091355_4166---PROTOCOLLO_CONTRO_VIOLENZA_firmato2023.txt,0.0,0.0,0.0,0.0,0.0,0.0,0.0,0.0,0.0,0.0,1,1,0,0,0,0,0,0.0,2.0
13_2406_rta_13_241122115416_4166---PROTOCOLLOPESCARA.txt,0.0,0.0,0.0,0.0,0.0,0.0,0.0,0.0,0.0,0.0,1,1,0,0,0,0,0,0.0,2.0
12_2406_rta_12_241004092644_4166---5potCAVPAOLALATTESnantes(1).txt,0.0,0.0,0.0,0.0,0.0,0.0,0.0,0.0,0.0,0.0,0,0,0,0,0,0,0,0.0,0.0
12_2406_rta_12_240926113237_4166---Accordocavunuiversitari.txt,0.0,0.0,0.0,0.0,0.0,0.0,0.0,0.0,0.0,0.0,1,0,0,0,0,0,0,0.0,1.0
12_2406_rta_12_241004092644_4166---5potCAVPAOLALATTESnantes(1).txt,0.0,0.0,0.0,0.0,0.0,0.0,0.0,0.0,0.0,0.0,0,0,0,0,0,0,0,0.0,0.0
01_2406_rta_01_241002150739_4166---DeliberaCostituzioneOsservatorioSaluteDonne.txt,0.0,0.0,0.0,0.0,0.0,0.0,0.0,0.0,0.0,0.0,1,0,0,0,0,0,0,0.0,1.0
12_2406_rta_12_241009125640_4166---7.accordo.txt,0.0,0.0,0.0,0.0,0.0,0.0,0.0,0.0,0.0,0.0,0,0,0,0,0,0,0,0.0,0.0
07_2406_rta_07_240916163905_4166---PROTOCOLLOFIRMATO(002).txt,0.0,0.0,0.0,0.0,0.0,0.0,0.0,0.0,0.0,0.0,1,0,0,0,0,0,0,0.0,1.0
02_2406_rta_02_240904124958_4166---lrn4del25feb2013.txt,0.0,0.0,0.0,0.0,0.0,0.0,0.0,0.0,0.0,0.0,1,0,0,0,0,0,0,0.0,1.0
12_2406_rta_12_240926113237_4166---Accordocavunuiversitari.txt,0.0,0.0,0.0,0.0,0.0,0.0,0.0,0.0,0.0,0.0,1,1,0,1,0,0,1,0.0,4.0
12_2406_rta_12_240926113237_4166---Accordocavunuiversitari.txt,0.0,0.0,0.0,0.0,0.0,0.0,0.0,0.0,0.0,0.0,1,1,0,1,0,0,1,0.0,4.0
12_2406_rta_12_240926112823_4166---2AccordoDemetra_Aman.txt,0.0,0.0,0.0,0.0,0.0,0.0,0.0,0.0,0.0,0.0,1,1,0,1,0,0,1,0.0,4.0
10_2406_rta_10_250506141901_4166---ProtocollounicoregionaleRINNOVATO.txt,0.0,0.0,0.0,0.0,0.0,0.0,0.0,0.0,0.0,0.0,1,0,0,0,0,0,0,0.0,1.0
03_2406_rta_03_240923113114_4166---ProtocolloReteAddaMartesanasottoscritto.txt,0.0,0.0,0.0,0.0,0.0,0.0,0.0,0.0,0.0,0.0,1,1,0,1,0,0,1,0.0,4.0
10_2406_rta_10_250506141901_4166---ProtocollounicoregionaleRINNOVATO.txt,0.0,0.0,0.0,0.0,0.0,0.0,0.0,0.0,0.0,0.0,1,0,0,0,0,0,0,0.0,1.0
10_2406_rta_10_250506141901_4166---ProtocollounicoregionaleRINNOVATO.txt,0.0,0.0,0.0,0.0,0.0,0.0,0.0,0.0,0.0,0.0,1,0,0,0,0,0,0,0.0,1.0
10_2406_rta_10_250506141901_4166---ProtocollounicoregionaleRINNOVATO.txt,0.0,0.0,0.0,0.0,0.0,0.0,0.0,0.0,0.0,0.0,1,0,0,0,0,0,0,0.0,1.0
16_2406_rta_16_250409174252_4166---Protocollo_Intesa_LARA.txt,0.0,0.0,0.0,0.0,0.0,0.0,0.0,0.0,0.0,0.0,1,0,0,0,0,0,0,0.0,1.0
10_2406_rta_10_250506141901_4166---ProtocollounicoregionaleRINNOVATO.txt,0.0,0.0,0.0,0.0,0.0,0.0,0.0,0.0,0.0,0.0,1,0,0,0,0,0,0,0.0,1.0
10_2406_rta_10_250506141901_4166---ProtocollounicoregionaleRINNOVATO.txt,0.0,0.0,0.0,0.0,0.0,0.0,0.0,0.0,0.0,0.0,1,0,0,0,0,0,0,0.0,1.0
03_2406_rta_03_240923113114_4166---ProtocolloReteAddaMartesanasottoscritto.txt,0.0,0.0,0.0,0.0,0.0,0.0,0.0,0.0,0.0,0.0,1,1,0,1,0,0,1,0.0,4.0
12_2406_rta_12_241002105403_4166---2ProtCAVSAPIENZA-HAPPYCOACHINGANDCOUNSELING.txt,0.0,0.0,0.0,0.0,0.0,0.0,0.0,0.0,0.0,0.0,1,1,0,0,0,0,0,0.0,2.0
12_2406_rta_12_241002122243_4166---2ProtocolloAssociazioneAllianceforAfricanAssistance(002).txt,0.0,0.0,0.0,0.0,0.0,0.0,0.0,0.0,0.0,0.0,1,1,0,0,0,0,0,0.0,2.0
12_2406_rta_12_241002110138_4166---3protCAVSAPIENZA-laGRU.txt,0.0,0.0,0.0,0.0,0.0,0.0,0.0,0.0,0.0,0.0,1,1,0,0,0,0,0,0.0,2.0
03_2406_rta_03_240918153252_4166---Protocollo+Appendice+LineeGuida_Datatodafirmare.txt,0.0,0.0,0.0,0.0,0.0,0.0,0.0,0.0,0.0,0.0,1,1,0,0,0,0,0,0.0,2.0
08_2406_rta_08_241015091553_4166---Protocollosullaviolenzadigenere_confirme_prot.txt,0.0,0.0,0.0,0.0,0.0,0.0,0.0,0.0,0.0,0.0,0,0,0,0,0,0,0,0.0,0.0
06_2406_rta_06_240916164258_4166---Protocolloviolenzadomesticaedigenere_30.09.2019.txt,0.0,0.0,0.0,0.0,0.0,0.0,0.0,0.0,0.0,0.0,0,0,0,0,0,0,0,0.0,0.0
05_2406_rta_05_240919124736_4166---Protocollo_per_contrasto_alla_violenza_di_genere.stamped.txt,0.0,0.0,0.0,0.0,0.0,0.0,0.0,0.0,0.0,0.0,1,1,0,0,0,0,0,0.0,2.0
08_2406_rta_08_241015091430_4166---Protocollo_Distrettuale_Contrasto_violenza_Donne2023.stamped.txt,0.0,0.0,0.0,0.0,0.0,0.0,0.0,0.0,0.0,0.0,1,1,0,0,0,0,0,0.0,2.0
05_2406_rta_05_240919124736_4166---Protocollo_per_contrasto_alla_violenza_di_genere.stamped.txt,0.0,0.0,0.0,0.0,0.0,0.0,0.0,0.0,0.0,0.0,0,0,0,0,0,0,0,0.0,0.0
03_2406_rta_03_240918153240_4166---Protocollod'intesaperl'IstituzionediunSistemaTerritorialeAntiviolenzainReteconAddendumSindacati.txt,0.0,0.0,0.0,0.0,0.0,0.0,0.0,0.0,0.0,0.0,1,1,1,0,1,0,1,0.0,5.0
09_ALTA VALDELSA Protocollo-violenza-valdelsa-2022_ALTA VALDELSA.txt,0.0,0.0,0.0,0.0,0.0,0.0,0.0,0.0,0.0,0.0,1,0,0,0,0,0,0,0.0,1.0
05_2406_rta_05_240919124736_4166---Protocollo_per_contrasto_alla_violenza_di_genere.stamped.txt,0.0,0.0,0.0,0.0,0.0,0.0,0.0,0.0,0.0,0.0,1,1,0,0,0,0,0,0.0,2.0
05_2406_rta_05_240919124736_4166---Protocollo_per_contrasto_alla_violenza_di_genere.stamped.txt,0.0,0.0,0.0,0.0,0.0,0.0,0.0,0.0,0.0,0.0,1,1,0,0,0,0,0,0.0,2.0
03_2406_rta_03_240923101524_4166---PROTOCOLLO_DI_INTESA_versione_DEFINITIVA2021.stamped.txt,0.0,0.0,0.0,0.0,0.0,0.0,0.0,0.0,0.0,0.0,1,1,0,0,0,0,0,0.0,2.0
12_2406_rta_12_241002130504_4166---3Protocollid'intesa-TavoloInteristituzionaletraUfficiGiudiziaricompetentinelcircondariodiRomaavvocaturaecentriantiviolenza(1).txt,0.0,0.0,0.0,0.0,0.0,0.0,0.0,0.0,0.0,0.0,1,1,0,0,0,0,0,0.0,2.0
12_2406_rta_12_241003115345_4166---1.PROTOCOLLOTAVOLOINTERISTITUZIONALE.txt,0.0,0.0,0.0,0.0,0.0,0.0,0.0,0.0,0.0,0.0,0,0,0,0,0,0,0,0.0,0.0
12_2406_rta_12_240926134140_4166---Protocollointesa.txt,0.0,0.0,0.0,0.0,0.0,0.0,0.0,0.0,0.0,0.0,1,1,1,0,0,0,0,0.0,3.0
05_2406_rta_05_240919124736_4166---Protocollo_per_contrasto_alla_violenza_di_genere.stamped.txt,0.0,0.0,0.0,0.0,0.0,0.0,0.0,0.0,0.0,0.0,1,1,0,0,1,0,1,0.0,4.0
16_bar_protocollo operativo Triggiano_rete antiviolenza.pdf.txt,0.0,0.0,0.0,0.0,0.0,0.0,0.0,0.0,0.0,0.0,1,1,0,0,0,0,0,0.0,2.0
11_2406_rta_11_240911113235_4166---MacerataProtocollo2019_2022Firmato.txt,0.0,0.0,0.0,0.0,0.0,0.0,0.0,0.0,0.0,0.0,1,1,0,0,0,0,0,0.0,2.0
12_2406_rta_12_241008112319_4166---protocollo25.11.2023.txt,0.0,0.0,0.0,0.0,0.0,0.0,0.0,0.0,0.0,0.0,1,0,1,0,0,0,0,0.0,2.0
16_2406_rta_16_250410122122_4166---Protocollo_Viola.txt,0.0,0.0,0.0,0.0,0.0,0.0,0.0,0.0,0.0,0.0,1,1,0,0,0,0,0,0.0,2.0
18_2406_rta_18_240926103211_4166---PROTOCOLLOviolasottoscritto.txt,0.0,0.0,0.0,0.0,0.0,0.0,0.0,0.0,0.0,0.0,0,0,0,0,0,0,0,0.0,0.0
08_2406_rta_08_241015091621_4166---PROTOCOLLO_22.txt,0.0,0.0,0.0,0.0,0.0,0.0,0.0,0.0,0.0,0.0,0,0,0,0,0,0,0,0.0,0.0
12_2406_rta_12_240926113237_4166---Accordocavunuiversitari.txt,0.0,0.0,0.0,0.0,0.0,0.0,0.0,0.0,0.0,0.0,1,0,0,0,0,0,0,0.0,1.0
01_2406_rta_01_240920112211_4166---367772-4-Protocollo_intesa_Completo.txt,0.0,0.0,0.0,0.0,0.0,0.0,0.0,0.0,0.0,0.0,0,0,0,0,0,0,0,0.0,0.0
03_2406_rta_03_240925144919_4166---RETEDICOMO-PROTOCOLLOINTERIST.17novembre2023(1).txt,0.0,0.0,0.0,0.0,0.0,0.0,0.0,0.0,0.0,0.0,1,1,1,0,0,0,0,0.0,3.0
03_2406_rta_03_240923102947_4166---ProtSOTTOSCRITTO_ReteAntiviolenzaPiuIntegrazioneAprile2024(1).txt,0.0,0.0,0.0,0.0,0.0,0.0,0.0,0.0,0.0,0.0,1,1,1,0,0,0,0,0.0,3.0
10_2406_rta_10_250506141901_4166---ProtocollounicoregionaleRINNOVATO.txt,0.0,0.0,0.0,0.0,0.0,0.0,0.0,0.0,0.0,0.0,1,0,0,0,0,0,0,0.0,1.0
10_2406_rta_10_250506141901_4166---ProtocollounicoregionaleRINNOVATO.txt,0.0,0.0,0.0,0.0,0.0,0.0,0.0,0.0,0.0,0.0,1,0,0,0,0,0,0,0.0,1.0
11_2406_rta_11_240911113757_4166---All.4ProtocolloReteAntiviolenzasottoscritto18.12.2023.txt,0.0,0.0,0.0,0.0,0.0,0.0,0.0,0.0,0.0,0.0,0,1,0,0,0,0,0,0.0,1.0
05_2406_rta_05_240916131522_4166---protocolloaggiornamento2023.txt,0.0,0.0,0.0,0.0,0.0,0.0,0.0,0.0,0.0,0.0,1,0,0,0,0,0,0,0.0,1.0
03_2406_rta_03_240918153240_4166---Protocollod'intesaperl'IstituzionediunSistemaTerritorialeAntiviolenzainReteconAddendumSindacati.txt,0.0,0.0,0.0,0.0,0.0,0.0,0.0,0.0,0.0,0.0,1,1,1,0,1,0,1,0.0,5.0
20_2406_rta_20_250620094616_4166---Delibera52-22del23.12.2024-Allegato1.txt,0.0,0.0,0.0,0.0,0.0,0.0,0.0,0.0,0.0,0.0,1,1,0,0,0,0,0,0.0,2.0
03_2406_rta_03_240918153252_4166---Protocollo+Appendice+LineeGuida_Datatodafirmare.txt,0.0,0.0,0.0,0.0,0.0,0.0,0.0,0.0,0.0,0.0,1,1,1,0,0,0,0,0.0,3.0
08_2406_rta_08_241015091355_4166---PROTOCOLLO_CONTRO_VIOLENZA_firmato2023.txt,0.0,0.0,0.0,0.0,0.0,0.0,0.0,0.0,0.0,0.0,1,1,1,0,0,0,0,0.0,3.0
20_2406_rta_20_250620094616_4166---Delibera52-22del23.12.2024-Allegato1.txt,0.0,0.0,0.0,0.0,0.0,0.0,0.0,0.0,0.0,0.0,1,1,0,0,0,0,0,0.0,2.0
20_2406_rta_20_250620094616_4166---Delibera52-22del23.12.2024-Allegato1.txt,0.0,0.0,0.0,0.0,0.0,0.0,0.0,0.0,0.0,0.0,1,1,0,0,0,0,0,0.0,2.0
20_2406_rta_20_250620094616_4166---Delibera52-22del23.12.2024-Allegato1.txt,0.0,0.0,0.0,0.0,0.0,0.0,0.0,0.0,0.0,0.0,1,1,0,0,0,0,0,0.0,2.0
03_2406_rta_03_240918151606_4166---A_RetePavia_Protocollo2021_e_Integrazioni2023_firmato_compressed.txt,0.0,0.0,0.0,0.0,0.0,0.0,0.0,0.0,0.0,0.0,1,1,1,0,0,0,0,0.0,3.0
10_2406_rta_10_250506141901_4166---ProtocollounicoregionaleRINNOVATO.txt,0.0,0.0,0.0,0.0,0.0,0.0,0.0,0.0,0.0,0.0,1,0,0,0,0,0,0,0.0,1.0
11_2406_rta_11_240911113034_4166---protocollodireteantiviolenza2020-2022-uuvv.txt,0.0,0.0,0.0,0.0,0.0,0.0,0.0,0.0,0.0,0.0,1,1,0,0,0,0,0,0.0,2.0
13_2406_rta_13_241122115416_4166---PROTOCOLLOPESCARA.txt,0.0,0.0,0.0,0.0,0.0,0.0,0.0,0.0,0.0,0.0,1,1,1,0,0,0,0,0.0,3.0
05_2406_rta_05_240916135305_4166---protocolloulss4.txt,0.0,0.0,0.0,0.0,0.0,0.0,0.0,0.0,0.0,0.0,1,1,0,0,0,0,0,0.0,2.0
08_2406_rta_08_241015091655_4166---Aggiornamentointegrazioneprotocollooperativoapprovatonelgiugno2008.txt,0.0,0.0,0.0,0.0,0.0,0.0,0.0,0.0,0.0,0.0,1,1,1,0,0,0,0,0.0,3.0
05_2406_rta_05_240916173648_4166---ULSS5Polesana_Protocollodirete.txt,0.0,0.0,0.0,0.0,0.0,0.0,0.0,0.0,0.0,0.0,1,1,0,0,0,0,0,0.0,2.0
20_2406_rta_20_250620094616_4166---Delibera52-22del23.12.2024-Allegato1.txt,0.0,0.0,0.0,0.0,0.0,0.0,0.0,0.0,0.0,0.0,1,1,0,0,0,0,0,0.0,2.0
09_ALTA VALDELSA Protocollo-violenza-valdelsa-2022_ALTA VALDELSA.txt,0.0,0.0,0.0,0.0,0.0,0.0,0.0,0.0,0.0,0.0,1,0,0,0,0,0,0,0.0,1.0
16_taranto_protocollo Prefettura ProvinciaTaranto.txt,0.0,0.0,0.0,0.0,0.0,0.0,0.0,0.0,0.0,0.0,1,1,0,0,0,0,0,0.0,2.0
20_2406_rta_20_250620094616_4166---Delibera52-22del23.12.2024-Allegato1.txt,0.0,0.0,0.0,0.0,0.0,0.0,0.0,0.0,0.0,0.0,1,1,0,0,0,0,0,0.0,2.0
05_2406_rta_05_240917141534_4166---protocollodiretefirmato.txt,0.0,0.0,0.0,0.0,0.0,0.0,0.0,0.0,0.0,0.0,1,0,0,0,0,0,0,0.0,1.0
06_2406_rta_06_240916164153_4166---protocolloprefettura.txt,0.0,0.0,0.0,0.0,0.0,0.0,0.0,0.0,0.0,0.0,1,1,0,0,0,0,0,0.0,2.0
11_2406_rta_11_240911113034_4166---protocollodireteantiviolenza2020-2022-uuvv.txt,0.0,0.0,0.0,0.0,0.0,0.0,0.0,0.0,0.0,0.0,1,1,0,0,0,0,0,0.0,2.0
05_2406_rta_05_240916135305_4166---protocolloulss4.txt,0.0,0.0,0.0,0.0,0.0,0.0,0.0,0.0,0.0,0.0,1,1,0,0,0,0,0,0.0,2.0
01_2406_rta_01_240920123646_4166---vercellieos.txt,0.0,0.0,0.0,0.0,0.0,0.0,0.0,0.0,0.0,0.0,1,1,1,0,0,0,0,0.0,3.0
05_2406_rta_05_240919124736_4166---Protocollo_per_contrasto_alla_violenza_di_genere.stamped.txt,0.0,0.0,0.0,0.0,0.0,0.0,0.0,0.0,0.0,0.0,1,1,0,0,0,0,0,0.0,2.0
05_2406_rta_05_240919122126_4166---PROTOCOLLOULSS8BERICA.txt,0.0,0.0,0.0,0.0,0.0,0.0,0.0,0.0,0.0,0.0,1,1,1,0,0,0,0,0.0,3.0
06_2406_rta_06_240916164258_4166---Protocolloviolenzadomesticaedigenere_30.09.2019.txt,0.0,0.0,0.0,0.0,0.0,0.0,0.0,0.0,0.0,0.0,0,1,0,0,0,0,0,0.0,1.0
05_2406_rta_05_240919122126_4166---PROTOCOLLOULSS8BERICA.txt,0.0,0.0,0.0,0.0,0.0,0.0,0.0,0.0,0.0,0.0,1,1,1,0,0,0,0,0.0,3.0
12_2406_rta_12_241004114912_4166---ProtocolloRetePrantiviolenzaFrosinone.txt,0.0,0.0,0.0,0.0,0.0,0.0,0.0,0.0,0.0,0.0,0,0,0,0,0,0,0,0.0,0.0
05_2406_rta_05_240919124736_4166---Protocollo_per_contrasto_alla_violenza_di_genere.stamped.txt,0.0,0.0,0.0,0.0,0.0,0.0,0.0,0.0,0.0,0.0,1,1,0,0,0,0,0,0.0,2.0
16_2406_rta_16_250410122122_4166---Protocollo_Viola.txt,0.0,0.0,0.0,0.0,0.0,0.0,0.0,0.0,0.0,0.0,1,1,0,0,0,0,0,0.0,2.0
03_2406_rta_03_240926122051_4166---Protocollomonz.txt,0.0,0.0,0.0,0.0,0.0,0.0,0.0,0.0,0.0,0.0,1,1,1,0,0,0,0,0.0,3.0
11_2406_rta_11_240911113034_4166---protocollodireteantiviolenza2020-2022-uuvv.txt,0.0,0.0,0.0,0.0,0.0,0.0,0.0,0.0,0.0,0.0,1,1,0,0,0,0,0,0.0,2.0
03_2406_rta_03_240925144919_4166---RETEDICOMO-PROTOCOLLOINTERIST.17novembre2023(1).txt,0.0,0.0,0.0,0.0,0.0,0.0,0.0,0.0,0.0,0.0,1,1,1,0,0,0,0,0.0,3.0
11_2406_rta_11_240911113235_4166---MacerataProtocollo2019_2022Firmato.txt,0.0,0.0,0.0,0.0,0.0,0.0,0.0,0.0,0.0,0.0,1,1,0,0,0,0,0,0.0,2.0
05_2406_rta_05_240918144304_4166---Protocollo_ULSS2-DistrettoTreviso.txt,0.0,0.0,0.0,0.0,0.0,0.0,0.0,0.0,0.0,0.0,1,0,0,0,0,0,0,0.0,1.0
05_2406_rta_05_240916131522_4166---protocolloaggiornamento2023.txt,0.0,0.0,0.0,0.0,0.0,0.0,0.0,0.0,0.0,0.0,1,1,0,0,0,0,0,0.0,2.0
08_2406_rta_08_241015091355_4166---PROTOCOLLO_CONTRO_VIOLENZA_firmato2023.txt,0.0,0.0,0.0,0.0,0.0,0.0,0.0,0.0,0.0,0.0,1,1,0,0,0,0,0,0.0,2.0
03_2406_rta_03_240923102947_4166---ProtSOTTOSCRITTO_ReteAntiviolenzaPiuIntegrazioneAprile2024(1).txt,0.0,0.0,0.0,0.0,0.0,0.0,0.0,0.0,0.0,0.0,1,1,1,0,0,0,0,0.0,3.0
05_2406_rta_05_240918144304_4166---Protocollo_ULSS2-DistrettoTreviso.txt,0.0,0.0,0.0,0.0,0.0,0.0,0.0,0.0,0.0,0.0,1,0,0,0,0,0,0,0.0,1.0
20_2406_rta_20_250620094616_4166---Delibera52-22del23.12.2024-Allegato1.txt,0.0,0.0,0.0,0.0,0.0,0.0,0.0,0.0,0.0,0.0,1,1,0,0,0,0,0,0.0,2.0
20_2406_rta_20_250620094616_4166---Delibera52-22del23.12.2024-Allegato1.txt,0.0,0.0,0.0,0.0,0.0,0.0,0.0,0.0,0.0,0.0,1,1,0,0,0,0,0,0.0,2.0
20_2406_rta_20_250620094616_4166---Delibera52-22del23.12.2024-Allegato1.txt,0.0,0.0,0.0,0.0,0.0,0.0,0.0,0.0,0.0,0.0,1,1,0,0,0,0,0,0.0,2.0
20_2406_rta_20_250620094616_4166---Delibera52-22del23.12.2024-Allegato1.txt,0.0,0.0,0.0,0.0,0.0,0.0,0.0,0.0,0.0,0.0,1,1,0,0,0,0,0,0.0,2.0
05_2406_rta_05_240916131522_4166---protocolloaggiornamento2023.txt,0.0,0.0,0.0,0.0,0.0,0.0,0.0,0.0,0.0,0.0,1,1,0,0,0,0,0,0.0,2.0
05_2406_rta_05_240919122126_4166---PROTOCOLLOULSS8BERICA.txt,0.0,0.0,0.0,0.0,0.0,0.0,0.0,0.0,0.0,0.0,1,1,1,0,0,0,0,0.0,3.0
03_2406_rta_03_240923114012_4166---23-9-2024ProtocolloReteRita_signed_signed_signedDEF_signed_signed-signed_signed(1).txt,0.0,0.0,0.0,0.0,0.0,0.0,0.0,0.0,0.0,0.0,1,1,0,0,0,0,0,0.0,2.0
05_2406_rta_05_240919124736_4166---Protocollo_per_contrasto_alla_violenza_di_genere.stamped.txt,0.0,0.0,0.0,0.0,0.0,0.0,0.0,0.0,0.0,0.0,1,1,0,0,0,0,0,0.0,2.0
03_2406_rta_03_240918151606_4166---A_RetePavia_Protocollo2021_e_Integrazioni2023_firmato_compressed.txt,0.0,0.0,0.0,0.0,0.0,0.0,0.0,0.0,0.0,0.0,1,1,1,0,0,0,0,0.0,3.0
13_2406_rta_13_241122115416_4166---PROTOCOLLOPESCARA.txt,0.0,0.0,0.0,0.0,0.0,0.0,0.0,0.0,0.0,0.0,1,1,1,0,0,0,0,0.0,3.0
08_2406_rta_08_241015091355_4166---PROTOCOLLO_CONTRO_VIOLENZA_firmato2023.txt,0.0,0.0,0.0,0.0,0.0,0.0,0.0,0.0,0.0,0.0,1,1,0,0,0,0,0,0.0,2.0
11_2406_rta_11_240911113911_4166---AscoliPPROTOCOLLOoperativo_2019_2021.txt,0.0,0.0,0.0,0.0,0.0,0.0,0.0,0.0,0.0,0.0,1,1,0,0,0,0,0,0.0,2.0
05_2406_rta_05_240916173648_4166---ULSS5Polesana_Protocollodirete.txt,0.0,0.0,0.0,0.0,0.0,0.0,0.0,0.0,0.0,0.0,1,1,0,0,0,0,0,0.0,2.0
12_2406_rta_12_241001130527_4166---protocollocontrolaviolenzadigenere.pdfpdf.txt,0.0,0.0,0.0,0.0,0.0,0.0,0.0,0.0,0.0,0.0,1,1,0,0,0,0,0,0.0,2.0
16_2406_rta_16_250410122122_4166---Protocollo_Viola.txt,0.0,0.0,0.0,0.0,0.0,0.0,0.0,0.0,0.0,0.0,1,1,0,0,0,0,0,0.0,2.0
05_2406_rta_05_240916135305_4166---protocolloulss4.txt,0.0,0.0,0.0,0.0,0.0,0.0,0.0,0.0,0.0,0.0,1,1,0,0,0,0,0,0.0,2.0
01_2406_rta_01_240920123646_4166---vercellieos.txt,0.0,0.0,0.0,0.0,0.0,0.0,0.0,0.0,0.0,0.0,1,1,1,0,0,0,0,0.0,3.0
06_2406_rta_06_240916164258_4166---Protocolloviolenzadomesticaedigenere_30.09.2019.txt,0.0,0.0,0.0,0.0,0.0,0.0,0.0,0.0,0.0,0.0,0,1,0,0,0,0,0,0.0,1.0
06_2406_rta_06_240916164258_4166---Protocolloviolenzadomesticaedigenere_30.09.2019.txt,0.0,0.0,0.0,0.0,0.0,0.0,0.0,0.0,0.0,0.0,0,1,0,0,0,0,0,0.0,1.0
03_2406_rta_03_240923114012_4166---23-9-2024ProtocolloReteRita_signed_signed_signedDEF_signed_signed-signed_signed(1).txt,0.0,0.0,0.0,0.0,0.0,0.0,0.0,0.0,0.0,0.0,1,1,0,0,0,0,0,0.0,2.0
05_2406_rta_05_240919122126_4166---PROTOCOLLOULSS8BERICA.txt,0.0,0.0,0.0,0.0,0.0,0.0,0.0,0.0,0.0,0.0,1,1,1,0,0,0,0,0.0,3.0
20_2406_rta_20_250620094616_4166---Delibera52-22del23.12.2024-Allegato1.txt,0.0,0.0,0.0,0.0,0.0,0.0,0.0,0.0,0.0,0.0,1,1,0,0,0,0,0,0.0,2.0
12_2406_rta_12_241003101925_4166---ProtocolloFormazioneObiettivoUomo.txt,0.0,0.0,0.0,0.0,0.0,0.0,0.0,0.0,0.0,0.0,0,0,0,0,0,0,0,0.0,0.0
12_2406_rta_12_240926115028_4166---ProtICROASLazioePonteDonna.txt,0.0,0.0,0.0,0.0,0.0,0.0,0.0,0.0,0.0,0.0,1,1,0,0,0,0,0,0.0,2.0
16_bar_protocollo operativo Triggiano_rete antiviolenza.pdf.txt,0.0,0.0,0.0,0.0,0.0,0.0,0.0,0.0,0.0,0.0,1,1,0,0,0,0,0,0.0,2.0
16_bar_protocollo operativo Triggiano_rete antiviolenza.pdf.txt,0.0,0.0,0.0,0.0,0.0,0.0,0.0,0.0,0.0,0.0,1,1,0,0,0,0,0,0.0,2.0
12_2406_rta_12_241008095626_4166---Convenzioneconl'UniversitàLASAPIENZARoma.txt,0.0,0.0,0.0,0.0,0.0,0.0,0.0,0.0,0.0,0.0,0,0,0,0,0,0,0,0.0,0.0
03_2406_rta_03_240923114012_4166---23-9-2024ProtocolloReteRita_signed_signed_signedDEF_signed_signed-signed_signed(1).txt,0.0,0.0,0.0,0.0,0.0,0.0,0.0,0.0,0.0,0.0,1,1,0,0,0,0,0,0.0,2.0
11_2406_rta_11_240911113235_4166---MacerataProtocollo2019_2022Firmato.txt,0.0,0.0,0.0,0.0,0.0,0.0,0.0,0.0,0.0,0.0,1,1,0,0,0,0,0,0.0,2.0
11_2406_rta_11_240911113235_4166---MacerataProtocollo2019_2022Firmato.txt,0.0,0.0,0.0,0.0,0.0,0.0,0.0,0.0,0.0,0.0,1,1,0,0,0,0,0,0.0,2.0
20_2406_rta_20_250620094616_4166---Delibera52-22del23.12.2024-Allegato1.txt,0.0,0.0,0.0,0.0,0.0,0.0,0.0,0.0,0.0,0.0,1,1,0,0,0,0,0,0.0,2.0
05_2406_rta_05_240916131522_4166---protocolloaggiornamento2023.txt,0.0,0.0,0.0,0.0,0.0,0.0,0.0,0.0,0.0,0.0,1,1,0,0,0,0,0,0.0,2.0
18_2406_rta_18_240926102620_4166---protocollopercorsorosa.txt,0.0,0.0,0.0,0.0,0.0,0.0,0.0,0.0,0.0,0.0,1,1,0,0,0,0,0,0.0,2.0
13_2406_rta_13_241122115416_4166---PROTOCOLLOPESCARA.txt,0.0,0.0,0.0,0.0,0.0,0.0,0.0,0.0,0.0,0.0,1,1,0,0,0,0,0,0.0,2.0
03_2406_rta_03_240918151606_4166---A_RetePavia_Protocollo2021_e_Integrazioni2023_firmato_compressed.txt,0.0,0.0,0.0,0.0,0.0,0.0,0.0,0.0,0.0,0.0,1,1,0,0,0,0,0,0.0,2.0
16_taranto_protocollo Prefettura ProvinciaTaranto.txt,0.0,0.0,0.0,0.0,0.0,0.0,0.0,0.0,0.0,0.0,1,1,0,0,0,0,0,0.0,2.0
12_2406_rta_12_241008101410_4166---ConvenzioneconUniversitàMERCATORUM.txt,0.0,0.0,0.0,0.0,0.0,0.0,0.0,0.0,0.0,0.0,0,0,0,0,0,0,0,0.0,0.0
12_2406_rta_12_241001130527_4166---protocollocontrolaviolenzadigenere.pdfpdf.txt,0.0,0.0,0.0,0.0,0.0,0.0,0.0,0.0,0.0,0.0,1,0,0,0,0,0,0,0.0,1.0
05_2406_rta_05_240916131522_4166---protocolloaggiornamento2023.txt,0.0,0.0,0.0,0.0,0.0,0.0,0.0,0.0,0.0,0.0,1,1,0,0,0,0,0,0.0,2.0
03_2406_rta_03_240923114012_4166---23-9-2024ProtocolloReteRita_signed_signed_signedDEF_signed_signed-signed_signed(1).txt,0.0,0.0,0.0,0.0,0.0,0.0,0.0,0.0,0.0,0.0,1,1,0,0,0,0,0,0.0,2.0
03_2406_rta_03_240918151606_4166---A_RetePavia_Protocollo2021_e_Integrazioni2023_firmato_compressed.txt,0.0,0.0,0.0,0.0,0.0,0.0,0.0,0.0,0.0,0.0,1,1,0,0,0,0,0,0.0,2.0
13_2406_rta_13_241122115416_4166---PROTOCOLLOPESCARA.txt,0.0,0.0,0.0,0.0,0.0,0.0,0.0,0.0,0.0,0.0,1,1,0,0,0,0,0,0.0,2.0
12_2406_rta_12_241008102339_4166---15-ConvenzionePreepost-Laureauniversitàdell'AQUILA.txt,0.0,0.0,0.0,0.0,0.0,0.0,0.0,0.0,0.0,0.0,0,0,0,0,0,0,0,0.0,0.0
11_2406_rta_11_240911113034_4166---protocollodireteantiviolenza2020-2022-uuvv.txt,0.0,0.0,0.0,0.0,0.0,0.0,0.0,0.0,0.0,0.0,1,1,0,0,0,0,0,0.0,2.0
20_2406_rta_20_250620094616_4166---Delibera52-22del23.12.2024-Allegato1.txt,0.0,0.0,0.0,0.0,0.0,0.0,0.0,0.0,0.0,0.0,1,1,0,0,0,0,0,0.0,2.0
12_2406_rta_12_240926113237_4166---Accordocavunuiversitari.txt,0.0,0.0,0.0,0.0,0.0,0.0,0.0,0.0,0.0,0.0,1,0,0,0,0,0,0,0.0,1.0
06_2406_rta_06_240916164258_4166---Protocolloviolenzadomesticaedigenere_30.09.2019.txt,0.0,0.0,0.0,0.0,0.0,0.0,0.0,0.0,0.0,0.0,0,0,0,0,0,0,0,0.0,0.0
06_2406_rta_06_240916164258_4166---Protocolloviolenzadomesticaedigenere_30.09.2019.txt,0.0,0.0,0.0,0.0,0.0,0.0,0.0,0.0,0.0,0.0,0,0,0,0,0,0,0,0.0,0.0
11_2406_rta_11_240911113034_4166---protocollodireteantiviolenza2020-2022-uuvv.txt,0.0,0.0,0.0,0.0,0.0,0.0,0.0,0.0,0.0,0.0,1,1,0,0,0,0,0,0.0,2.0
05_2406_rta_05_240916131522_4166---protocolloaggiornamento2023.txt,0.0,0.0,0.0,0.0,0.0,0.0,0.0,0.0,0.0,0.0,1,1,0,0,0,0,0,0.0,2.0
05_2406_rta_05_240916131522_4166---protocolloaggiornamento2023.txt,0.0,0.0,0.0,0.0,0.0,0.0,0.0,0.0,0.0,0.0,1,1,0,0,0,0,0,0.0,2.0
05_2406_rta_05_240916131522_4166---protocolloaggiornamento2023.txt,0.0,0.0,0.0,0.0,0.0,0.0,0.0,0.0,0.0,0.0,1,1,0,0,0,0,0,0.0,2.0
08_2406_rta_08_241015091330_4166---Protocollo_intesa_autonomia_abitativa_donne_vittime_di_violenza_CittMtrBO.txt,0.0,0.0,0.0,0.0,0.0,0.0,0.0,0.0,0.0,0.0,1,1,0,0,0,0,0,0.0,2.0
03_2406_rta_03_240923114012_4166---23-9-2024ProtocolloReteRita_signed_signed_signedDEF_signed_signed-signed_signed(1).txt,0.0,0.0,0.0,0.0,0.0,0.0,0.0,0.0,0.0,0.0,1,1,0,0,0,0,0,0.0,2.0
05_2406_rta_05_240916131522_4166---protocolloaggiornamento2023.txt,0.0,0.0,0.0,0.0,0.0,0.0,0.0,0.0,0.0,0.0,1,1,0,0,0,0,0,0.0,2.0
09_GROSSETO 2022 fpdf.txt,0.0,0.0,0.0,0.0,0.0,0.0,0.0,0.0,0.0,0.0,0,0,0,0,0,0,0,0.0,0.0
08_2406_rta_08_241015091355_4166---PROTOCOLLO_CONTRO_VIOLENZA_firmato2023.txt,0.0,0.0,0.0,0.0,0.0,0.0,0.0,0.0,0.0,0.0,1,1,0,0,0,0,0,0.0,2.0
08_2406_rta_08_241015091330_4166---Protocollo_intesa_autonomia_abitativa_donne_vittime_di_violenza_CittMtrBO.txt,0.0,0.0,0.0,0.0,0.0,0.0,0.0,0.0,0.0,0.0,1,0,0,0,0,0,0,0.0,1.0
03_2406_rta_03_240923163715_4166---PROTOCOLLOD'INTESA2017_2020.txt,0.0,0.0,0.0,0.0,0.0,0.0,0.0,0.0,0.0,0.0,1,0,0,0,0,0,0,0.0,1.0
08_2406_rta_08_241015091330_4166---Protocollo_intesa_autonomia_abitativa_donne_vittime_di_violenza_CittMtrBO.txt,0.0,0.0,0.0,0.0,0.0,0.0,0.0,0.0,0.0,0.0,1,1,0,0,0,0,0,0.0,2.0
03_2406_rta_03_240918153252_4166---Protocollo+Appendice+LineeGuida_Datatodafirmare.txt,0.0,0.0,0.0,0.0,0.0,0.0,0.0,0.0,0.0,0.0,1,1,0,0,0,0,0,0.0,2.0
11_2406_rta_11_240911113235_4166---MacerataProtocollo2019_2022Firmato.txt,0.0,0.0,0.0,0.0,0.0,0.0,0.0,0.0,0.0,0.0,1,1,0,0,0,0,0,0.0,2.0
08_2406_rta_08_241015091500_4166---Protocollo_autonomia_lavorativa_def.txt,0.0,0.0,0.0,0.0,0.0,0.0,0.0,0.0,0.0,0.0,1,1,1,0,0,0,0,0.0,3.0
11_2406_rta_11_240911113105_4166---PROTOCOLLO_OPERATIVO2024_CONINDIRIZZARIO_FIRMATO.txt,0.0,0.0,0.0,0.0,0.0,0.0,0.0,0.0,0.0,0.0,1,1,0,0,0,0,0,0.0,2.0
16_terreg_Prot_CGIL - CISL - CONFINDUSTRIA_CAV.txt,0.0,0.0,0.0,0.0,0.0,0.0,0.0,0.0,0.0,0.0,0,0,0,0,0,0,0,0.0,0.0
03_2406_rta_03_240923113114_4166---ProtocolloReteAddaMartesanasottoscritto.txt,0.0,0.0,0.0,0.0,0.0,0.0,0.0,0.0,0.0,0.0,1,1,0,0,0,0,0,0.0,2.0
03_2406_rta_03_240923165401_4166---PROTOCOLLODIrete2020-2023_rev2confirmescan.txt,0.0,0.0,0.0,0.0,0.0,0.0,0.0,0.0,0.0,0.0,1,0,0,0,0,0,0,0.0,1.0
05_2406_rta_05_240916131522_4166---protocolloaggiornamento2023.txt,0.0,0.0,0.0,0.0,0.0,0.0,0.0,0.0,0.0,0.0,1,1,0,0,0,0,0,0.0,2.0
03_2406_rta_03_240918153240_4166---Protocollod'intesaperl'IstituzionediunSistemaTerritorialeAntiviolenzainReteconAddendumSindacati.txt,0.0,0.0,0.0,0.0,0.0,0.0,0.0,0.0,0.0,0.0,1,1,1,0,0,0,0,0.0,3.0
03_2406_rta_03_240918153156_4166---Protocollo_d'Intesa_Rete_Mantova.prot.txt,0.0,0.0,0.0,0.0,0.0,0.0,0.0,0.0,0.0,0.0,1,1,1,0,0,0,0,0.0,3.0
03_2406_rta_03_240918151606_4166---A_RetePavia_Protocollo2021_e_Integrazioni2023_firmato_compressed.txt,0.0,0.0,0.0,0.0,0.0,0.0,0.0,0.0,0.0,0.0,1,1,1,0,0,0,0,0.0,3.0
09_PISTOIA PROV .txt,0.0,0.0,0.0,0.0,0.0,0.0,0.0,0.0,0.0,0.0,1,1,0,0,0,0,0,0.0,2.0
16_terreg_Prot_CGIL - CISL - CONFINDUSTRIA_CAV.txt,0.0,0.0,0.0,0.0,0.0,0.0,0.0,0.0,0.0,0.0,1,1,0,0,0,0,0,0.0,2.0
12_2406_rta_12_241003111748_4166---ACCORDOMUNICIPIOROMAVeDIPPARIOPPROMACAPITALE_DD.txt,0.0,0.0,0.0,0.0,0.0,0.0,0.0,0.0,0.0,0.0,1,1,0,0,0,0,0,0.0,2.0
05_2406_rta_05_240916131522_4166---protocolloaggiornamento2023.txt,0.0,0.0,0.0,0.0,0.0,0.0,0.0,0.0,0.0,0.0,1,1,0,0,0,0,0,0.0,2.0
09_GROSSETO 2022 fpdf.txt,0.0,0.0,0.0,0.0,0.0,0.0,0.0,0.0,0.0,0.0,0,0,0,0,0,0,0,0.0,0.0
05_2406_rta_05_240916131522_4166---protocolloaggiornamento2023.txt,0.0,0.0,0.0,0.0,0.0,0.0,0.0,0.0,0.0,0.0,1,1,0,0,0,0,0,0.0,2.0
08_2406_rta_08_241015091330_4166---Protocollo_intesa_autonomia_abitativa_donne_vittime_di_violenza_CittMtrBO.txt,0.0,0.0,0.0,0.0,0.0,0.0,0.0,0.0,0.0,0.0,1,1,0,0,0,0,0,0.0,2.0
03_2406_rta_03_240918153156_4166---Protocollo_d'Intesa_Rete_Mantova.prot.txt,0.0,0.0,0.0,0.0,0.0,0.0,0.0,0.0,0.0,0.0,1,1,1,0,0,0,0,0.0,3.0
11_2406_rta_11_240911113235_4166---MacerataProtocollo2019_2022Firmato.txt,0.0,0.0,0.0,0.0,0.0,0.0,0.0,0.0,0.0,0.0,1,1,0,0,0,0,0,0.0,2.0
03_2406_rta_03_240923165401_4166---PROTOCOLLODIrete2020-2023_rev2confirmescan.txt,0.0,0.0,0.0,0.0,0.0,0.0,0.0,0.0,0.0,0.0,1,0,0,0,0,0,0,0.0,1.0
11_2406_rta_11_240911113105_4166---PROTOCOLLO_OPERATIVO2024_CONINDIRIZZARIO_FIRMATO.txt,0.0,0.0,0.0,0.0,0.0,0.0,0.0,0.0,0.0,0.0,1,1,0,0,0,0,0,0.0,2.0
08_2406_rta_08_241015091500_4166---Protocollo_autonomia_lavorativa_def.txt,0.0,0.0,0.0,0.0,0.0,0.0,0.0,0.0,0.0,0.0,1,1,0,0,0,0,0,0.0,2.0
05_2406_rta_05_240916131522_4166---protocolloaggiornamento2023.txt,0.0,0.0,0.0,0.0,0.0,0.0,0.0,0.0,0.0,0.0,1,1,0,0,0,0,0,0.0,2.0
06_2406_rta_06_240916164258_4166---Protocolloviolenzadomesticaedigenere_30.09.2019.txt,0.0,0.0,0.0,0.0,0.0,0.0,0.0,0.0,0.0,0.0,0,1,0,0,0,0,0,0.0,1.0
03_2406_rta_03_240918153240_4166---Protocollod'intesaperl'IstituzionediunSistemaTerritorialeAntiviolenzainReteconAddendumSindacati.txt,0.0,0.0,0.0,0.0,0.0,0.0,0.0,0.0,0.0,0.0,1,1,1,0,0,0,0,0.0,3.0
09_PISTOIA PROV .txt,0.0,0.0,0.0,0.0,0.0,0.0,0.0,0.0,0.0,0.0,1,1,0,0,0,0,0,0.0,2.0
12_2406_rta_12_241003111748_4166---ACCORDOMUNICIPIOROMAVeDIPPARIOPPROMACAPITALE_DD.txt,0.0,0.0,0.0,0.0,0.0,0.0,0.0,0.0,0.0,0.0,1,1,0,0,0,0,0,0.0,2.0
05_2406_rta_05_240916131522_4166---protocolloaggiornamento2023.txt,0.0,0.0,0.0,0.0,0.0,0.0,0.0,0.0,0.0,0.0,1,1,0,0,0,0,0,0.0,2.0
13_2406_rta_13_241122101856_4166---Protocollodirete_AlphaGuardiagrele.txt,0.0,0.0,0.0,0.0,0.0,0.0,0.0,0.0,0.0,0.0,1,1,0,0,0,0,0,0.0,2.0
08_2406_rta_08_241015091500_4166---Protocollo_autonomia_lavorativa_def.txt,0.0,0.0,0.0,0.0,0.0,0.0,0.0,0.0,0.0,0.0,1,1,1,0,0,0,0,0.0,3.0
08_2406_rta_08_241015092005_4166---DG216-2024.txt,0.0,0.0,0.0,0.0,0.0,0.0,0.0,0.0,0.0,0.0,1,0,1,0,0,0,0,0.0,2.0
11_2406_rta_11_240911113235_4166---MacerataProtocollo2019_2022Firmato.txt,0.0,0.0,0.0,0.0,0.0,0.0,0.0,0.0,0.0,0.0,1,1,0,0,0,0,0,0.0,2.0
08_2406_rta_08_241015091330_4166---Protocollo_intesa_autonomia_abitativa_donne_vittime_di_violenza_CittMtrBO.txt,0.0,0.0,0.0,0.0,0.0,0.0,0.0,0.0,0.0,0.0,1,1,0,0,0,0,0,0.0,2.0
03_2406_rta_03_240918153240_4166---Protocollod'intesaperl'IstituzionediunSistemaTerritorialeAntiviolenzainReteconAddendumSindacati.txt,0.0,0.0,0.0,0.0,0.0,0.0,0.0,0.0,0.0,0.0,1,1,0,0,0,0,0,0.0,2.0
11_2406_rta_11_240911113235_4166---MacerataProtocollo2019_2022Firmato.txt,0.0,0.0,0.0,0.0,0.0,0.0,0.0,0.0,0.0,0.0,1,1,0,0,0,0,0,0.0,2.0
03_2406_rta_03_240923102947_4166---ProtSOTTOSCRITTO_ReteAntiviolenzaPiuIntegrazioneAprile2024(1).txt,0.0,0.0,0.0,0.0,0.0,0.0,0.0,0.0,0.0,0.0,0,0,0,0,0,0,0,0.0,0.0
12_2406_rta_12_241004144338_4166---06-ProtocolloComunediVALLECORSA.txt,0.0,0.0,0.0,0.0,0.0,0.0,0.0,0.0,0.0,0.0,0,0,0,0,0,0,0,0.0,0.0
11_2406_rta_11_240911113235_4166---MacerataProtocollo2019_2022Firmato.txt,0.0,0.0,0.0,0.0,0.0,0.0,0.0,0.0,0.0,0.0,1,1,0,0,0,0,0,0.0,2.0
08_2406_rta_08_241015092005_4166---DG216-2024.txt,0.0,0.0,0.0,0.0,0.0,0.0,0.0,0.0,0.0,0.0,1,0,1,0,0,0,0,0.0,2.0
06_2406_rta_06_240916164258_4166---Protocolloviolenzadomesticaedigenere_30.09.2019.txt,0.0,0.0,0.0,0.0,0.0,0.0,0.0,0.0,0.0,0.0,0,1,0,0,0,0,0,0.0,1.0
08_2406_rta_08_241015091500_4166---Protocollo_autonomia_lavorativa_def.txt,0.0,0.0,0.0,0.0,0.0,0.0,0.0,0.0,0.0,0.0,1,1,1,0,0,0,0,0.0,3.0
11_2406_rta_11_240911113235_4166---MacerataProtocollo2019_2022Firmato.txt,0.0,0.0,0.0,0.0,0.0,0.0,0.0,0.0,0.0,0.0,1,1,0,0,0,0,0,0.0,2.0
08_2406_rta_08_241015091500_4166---Protocollo_autonomia_lavorativa_def.txt,0.0,0.0,0.0,0.0,0.0,0.0,0.0,0.0,0.0,0.0,1,1,1,0,0,0,0,0.0,3.0
08_2406_rta_08_241015091330_4166---Protocollo_intesa_autonomia_abitativa_donne_vittime_di_violenza_CittMtrBO.txt,0.0,0.0,0.0,0.0,0.0,0.0,0.0,0.0,0.0,0.0,1,1,0,0,0,0,0,0.0,2.0
03_2406_rta_03_240920124656_4166---ProtocolloantiviolenzaDEFINITIVO(1).txt,0.0,0.0,0.0,0.0,0.0,0.0,0.0,0.0,0.0,0.0,1,1,0,0,0,0,0,0.0,2.0
03_2406_rta_03_240926144324_4166---Protocollodiintesa.txt,0.0,0.0,0.0,0.0,0.0,0.0,0.0,0.0,0.0,0.0,1,1,0,0,0,0,0,0.0,2.0
03_2406_rta_03_240926144324_4166---Protocollodiintesa.txt,0.0,0.0,0.0,0.0,0.0,0.0,0.0,0.0,0.0,0.0,1,1,0,0,0,0,0,0.0,2.0
11_2406_rta_11_240911113235_4166---MacerataProtocollo2019_2022Firmato.txt,0.0,0.0,0.0,0.0,0.0,0.0,0.0,0.0,0.0,0.0,1,1,0,0,0,0,0,0.0,2.0
08_2406_rta_08_241015092005_4166---DG216-2024.txt,0.0,0.0,0.0,0.0,0.0,0.0,0.0,0.0,0.0,0.0,1,0,1,0,0,0,0,0.0,2.0
11_2406_rta_11_240911113235_4166---MacerataProtocollo2019_2022Firmato.txt,0.0,0.0,0.0,0.0,0.0,0.0,0.0,0.0,0.0,0.0,1,1,0,0,0,0,0,0.0,2.0
09_GROSSETO 2022 fpdf.txt,0.0,0.0,0.0,0.0,0.0,0.0,0.0,0.0,0.0,0.0,0,0,0,0,0,0,0,0.0,0.0
08_2406_rta_08_241015091500_4166---Protocollo_autonomia_lavorativa_def.txt,0.0,0.0,0.0,0.0,0.0,0.0,0.0,0.0,0.0,0.0,1,1,1,0,0,0,0,0.0,3.0
11_2406_rta_11_240911113235_4166---MacerataProtocollo2019_2022Firmato.txt,0.0,0.0,0.0,0.0,0.0,0.0,0.0,0.0,0.0,0.0,1,1,0,0,0,0,0,0.0,2.0
08_2406_rta_08_241015092005_4166---DG216-2024.txt,0.0,0.0,0.0,0.0,0.0,0.0,0.0,0.0,0.0,0.0,1,0,1,0,0,0,0,0.0,2.0
08_2406_rta_08_241015091500_4166---Protocollo_autonomia_lavorativa_def.txt,0.0,0.0,0.0,0.0,0.0,0.0,0.0,0.0,0.0,0.0,1,1,1,0,0,0,0,0.0,3.0
11_2406_rta_11_240911113235_4166---MacerataProtocollo2019_2022Firmato.txt,0.0,0.0,0.0,0.0,0.0,0.0,0.0,0.0,0.0,0.0,1,1,0,0,0,0,0,0.0,2.0
08_2406_rta_08_241015092005_4166---DG216-2024.txt,0.0,0.0,0.0,0.0,0.0,0.0,0.0,0.0,0.0,0.0,1,0,1,0,0,0,0,0.0,2.0
11_2406_rta_11_240911113911_4166---AscoliPPROTOCOLLOoperativo_2019_2021.txt,0.0,0.0,0.0,0.0,0.0,0.0,0.0,0.0,0.0,0.0,1,1,0,0,0,0,0,0.0,2.0
16_terreg_Prot_CGIL - CISL - CONFINDUSTRIA_CAV.txt,0.0,0.0,0.0,0.0,0.0,0.0,0.0,0.0,0.0,0.0,1,1,0,0,0,0,0,0.0,2.0
01_2406_rta_01_241002150739_4166---DeliberaCostituzioneOsservatorioSaluteDonne.txt,0.0,0.0,0.0,0.0,0.0,0.0,0.0,0.0,0.0,0.0,1,0,0,0,1,1,1,0.0,4.0
08_2406_rta_08_241015092005_4166---DG216-2024.txt,0.0,0.0,0.0,0.0,0.0,0.0,0.0,0.0,0.0,0.0,1,0,1,0,0,1,1,0.0,4.0
03_2406_rta_03_240923102947_4166---ProtSOTTOSCRITTO_ReteAntiviolenzaPiuIntegrazioneAprile2024(1).txt,0.0,0.0,0.0,0.0,0.0,0.0,0.0,0.0,0.0,0.0,1,1,1,0,0,1,1,0.0,5.0
08_2406_rta_08_241015092005_4166---DG216-2024.txt,0.0,0.0,0.0,0.0,0.0,0.0,0.0,0.0,0.0,0.0,1,0,1,0,0,1,1,0.0,4.0
08_2406_rta_08_241015092005_4166---DG216-2024.txt,0.0,0.0,0.0,0.0,0.0,0.0,0.0,0.0,0.0,0.0,1,0,1,0,0,1,1,0.0,4.0
03_2406_rta_03_240923102947_4166---ProtSOTTOSCRITTO_ReteAntiviolenzaPiuIntegrazioneAprile2024(1).txt,0.0,0.0,0.0,0.0,0.0,0.0,0.0,0.0,0.0,0.0,1,1,1,0,0,0,0,0.0,3.0
05_2406_rta_05_240916131522_4166---protocolloaggiornamento2023.txt,0.0,0.0,0.0,0.0,0.0,0.0,0.0,0.0,0.0,0.0,1,1,0,0,0,0,0,0.0,2.0
05_2406_rta_05_240916131522_4166---protocolloaggiornamento2023.txt,0.0,0.0,0.0,0.0,0.0,0.0,0.0,0.0,0.0,0.0,1,1,0,0,0,0,0,0.0,2.0
09_GROSSETO 2022 fpdf.txt,0.0,0.0,0.0,0.0,0.0,0.0,0.0,0.0,0.0,0.0,0,0,0,0,0,0,0,0.0,0.0
08_2406_rta_08_241015091355_4166---PROTOCOLLO_CONTRO_VIOLENZA_firmato2023.txt,0.0,0.0,0.0,0.0,0.0,0.0,0.0,0.0,0.0,0.0,1,1,0,0,0,0,0,0.0,2.0
03_2406_rta_03_240923114012_4166---23-9-2024ProtocolloReteRita_signed_signed_signedDEF_signed_signed-signed_signed(1).txt,0.0,0.0,0.0,0.0,0.0,0.0,0.0,0.0,0.0,0.0,1,1,0,0,0,0,0,0.0,2.0
03_2406_rta_03_240920124656_4166---ProtocolloantiviolenzaDEFINITIVO(1).txt,0.0,0.0,0.0,0.0,0.0,0.0,0.0,0.0,0.0,0.0,1,1,0,0,0,0,0,0.0,2.0
08_2406_rta_08_241015092005_4166---DG216-2024.txt,0.0,0.0,0.0,0.0,0.0,0.0,0.0,0.0,0.0,0.0,1,0,1,0,0,0,0,0.0,2.0
03_2406_rta_03_240923102947_4166---ProtSOTTOSCRITTO_ReteAntiviolenzaPiuIntegrazioneAprile2024(1).txt,0.0,0.0,0.0,0.0,0.0,0.0,0.0,0.0,0.0,0.0,1,1,1,0,0,0,0,0.0,3.0
05_2406_rta_05_240916131522_4166---protocolloaggiornamento2023.txt,0.0,0.0,0.0,0.0,0.0,0.0,0.0,0.0,0.0,0.0,1,1,0,0,0,0,0,0.0,2.0
03_2406_rta_03_240923171949_4166---PROTOCOLLOD'INTESARETETERRITORIALEANTIVIOLENZAVALLETROMPIA2024.txt,0.0,0.0,0.0,0.0,0.0,0.0,0.0,0.0,0.0,0.0,1,1,0,0,0,0,0,0.0,2.0
03_2406_rta_03_240923171949_4166---PROTOCOLLOD'INTESARETETERRITORIALEANTIVIOLENZAVALLETROMPIA2024.txt,0.0,0.0,0.0,0.0,0.0,0.0,0.0,0.0,0.0,0.0,1,1,0,0,0,0,0,0.0,2.0
03_2406_rta_03_240923171949_4166---PROTOCOLLOD'INTESARETETERRITORIALEANTIVIOLENZAVALLETROMPIA2024.txt,0.0,0.0,0.0,0.0,0.0,0.0,0.0,0.0,0.0,0.0,1,1,0,0,0,0,0,0.0,2.0
11_2406_rta_11_240911113911_4166---AscoliPPROTOCOLLOoperativo_2019_2021.txt,0.0,0.0,0.0,0.0,0.0,0.0,0.0,0.0,0.0,0.0,1,1,0,0,0,0,0,0.0,2.0
11_2406_rta_11_240911113911_4166---AscoliPPROTOCOLLOoperativo_2019_2021.txt,0.0,0.0,0.0,0.0,0.0,0.0,0.0,0.0,0.0,0.0,1,1,0,0,0,0,0,0.0,2.0
11_2406_rta_11_240911113235_4166---MacerataProtocollo2019_2022Firmato.txt,0.0,0.0,0.0,0.0,0.0,0.0,0.0,0.0,0.0,0.0,1,1,0,0,0,0,0,0.0,2.0
11_2406_rta_11_240911113911_4166---AscoliPPROTOCOLLOoperativo_2019_2021.txt,0.0,0.0,0.0,0.0,0.0,0.0,0.0,0.0,0.0,0.0,1,1,0,0,0,0,0,0.0,2.0
12_2406_rta_12_241008102339_4166---15-ConvenzionePreepost-Laureauniversitàdell'AQUILA.txt,0.0,0.0,0.0,0.0,0.0,0.0,0.0,0.0,0.0,0.0,0,0,0,0,0,0,0,0.0,0.0
08_2406_rta_08_241015091330_4166---Protocollo_intesa_autonomia_abitativa_donne_vittime_di_violenza_CittMtrBO.txt,0.0,0.0,0.0,0.0,0.0,0.0,0.0,0.0,0.0,0.0,1,1,0,0,0,0,0,0.0,2.0
12_2406_rta_12_240926133452_4166---PISPICGIL.txt,0.0,0.0,0.0,0.0,0.0,0.0,0.0,0.0,0.0,0.0,1,1,0,0,0,0,0,0.0,2.0
03_2406_rta_03_240923113114_4166---ProtocolloReteAddaMartesanasottoscritto.txt,0.0,0.0,0.0,0.0,0.0,0.0,0.0,0.0,0.0,0.0,1,1,1,0,0,0,0,0.0,3.0
08_2406_rta_08_241015091330_4166---Protocollo_intesa_autonomia_abitativa_donne_vittime_di_violenza_CittMtrBO.txt,0.0,0.0,0.0,0.0,0.0,0.0,0.0,0.0,0.0,0.0,1,1,0,0,0,0,0,0.0,2.0
03_2406_rta_03_240925144919_4166---RETEDICOMO-PROTOCOLLOINTERIST.17novembre2023(1).txt,0.0,0.0,0.0,0.0,0.0,0.0,0.0,0.0,0.0,0.0,1,1,1,0,0,0,0,0.0,3.0
08_2406_rta_08_241015091430_4166---Protocollo_Distrettuale_Contrasto_violenza_Donne2023.stamped.txt,0.0,0.0,0.0,0.0,0.0,0.0,0.0,0.0,0.0,0.0,1,1,1,0,0,0,0,0.0,3.0
08_2406_rta_08_241015091430_4166---Protocollo_Distrettuale_Contrasto_violenza_Donne2023.stamped.txt,0.0,0.0,0.0,0.0,0.0,0.0,0.0,0.0,0.0,0.0,1,1,1,0,0,0,0,0.0,3.0
08_2406_rta_08_241015091430_4166---Protocollo_Distrettuale_Contrasto_violenza_Donne2023.stamped.txt,0.0,0.0,0.0,0.0,0.0,0.0,0.0,0.0,0.0,0.0,1,1,1,0,0,0,0,0.0,3.0
03_2406_rta_03_240918151606_4166---A_RetePavia_Protocollo2021_e_Integrazioni2023_firmato_compressed.txt,0.0,0.0,0.0,0.0,0.0,0.0,0.0,0.0,0.0,0.0,1,1,1,0,0,0,0,0.0,3.0
09_PISTOIA PROV .txt,0.0,0.0,0.0,0.0,0.0,0.0,0.0,0.0,0.0,0.0,1,1,0,0,0,0,0,0.0,2.0
08_2406_rta_08_241015091330_4166---Protocollo_intesa_autonomia_abitativa_donne_vittime_di_violenza_CittMtrBO.txt,0.0,0.0,0.0,0.0,0.0,0.0,0.0,0.0,0.0,0.0,1,1,0,0,0,0,0,0.0,2.0
12_2406_rta_12_241003095202_4166---8ProtocolloUIL.txt,0.0,0.0,0.0,0.0,0.0,0.0,0.0,0.0,0.0,0.0,0,0,0,0,0,0,0,0.0,0.0
03_2406_rta_03_240918153252_4166---Protocollo+Appendice+LineeGuida_Datatodafirmare.txt,0.0,0.0,0.0,0.0,0.0,0.0,0.0,0.0,0.0,0.0,1,1,0,0,0,0,0,0.0,2.0
11_2406_rta_11_240911113235_4166---MacerataProtocollo2019_2022Firmato.txt,0.0,0.0,0.0,0.0,0.0,0.0,0.0,0.0,0.0,0.0,1,1,0,0,0,0,0,0.0,2.0
08_2406_rta_08_241015091500_4166---Protocollo_autonomia_lavorativa_def.txt,0.0,0.0,0.0,0.0,0.0,0.0,0.0,0.0,0.0,0.0,1,1,1,0,0,0,0,0.0,3.0
11_2406_rta_11_240911113105_4166---PROTOCOLLO_OPERATIVO2024_CONINDIRIZZARIO_FIRMATO.txt,0.0,0.0,0.0,0.0,0.0,0.0,0.0,0.0,0.0,0.0,1,1,0,0,0,0,0,0.0,2.0
03_2406_rta_03_240918153156_4166---Protocollo_d'Intesa_Rete_Mantova.prot.txt,0.0,0.0,0.0,0.0,0.0,0.0,0.0,0.0,0.0,0.0,1,1,1,0,0,0,0,0.0,3.0
05_2406_rta_05_240916131522_4166---protocolloaggiornamento2023.txt,0.0,0.0,0.0,0.0,0.0,0.0,0.0,0.0,0.0,0.0,1,1,0,0,0,0,0,0.0,2.0
06_2406_rta_06_240916164258_4166---Protocolloviolenzadomesticaedigenere_30.09.2019.txt,0.0,0.0,0.0,0.0,0.0,0.0,0.0,0.0,0.0,0.0,0,1,0,0,0,0,0,0.0,1.0
12_2406_rta_12_241003111748_4166---ACCORDOMUNICIPIOROMAVeDIPPARIOPPROMACAPITALE_DD.txt,0.0,0.0,0.0,0.0,0.0,0.0,0.0,0.0,0.0,0.0,1,1,0,0,0,0,0,0.0,2.0
03_2406_rta_03_240918151606_4166---A_RetePavia_Protocollo2021_e_Integrazioni2023_firmato_compressed.txt,0.0,0.0,0.0,0.0,0.0,0.0,0.0,0.0,0.0,0.0,1,1,1,0,0,0,0,0.0,3.0
09_PISTOIA PROV .txt,0.0,0.0,0.0,0.0,0.0,0.0,0.0,0.0,0.0,0.0,1,1,0,0,0,0,0,0.0,2.0
16_terreg_Prot_CGIL - CISL - CONFINDUSTRIA_CAV.txt,0.0,0.0,0.0,0.0,0.0,0.0,0.0,0.0,0.0,0.0,1,1,0,0,0,0,0,0.0,2.0
05_2406_rta_05_240916131522_4166---protocolloaggiornamento2023.txt,0.0,0.0,0.0,0.0,0.0,0.0,0.0,0.0,0.0,0.0,1,1,0,0,0,0,0,0.0,2.0
08_2406_rta_08_241015091330_4166---Protocollo_intesa_autonomia_abitativa_donne_vittime_di_violenza_CittMtrBO.txt,0.0,0.0,0.0,0.0,0.0,0.0,0.0,0.0,0.0,0.0,1,1,0,0,0,0,0,0.0,2.0
08_2406_rta_08_241015091330_4166---Protocollo_intesa_autonomia_abitativa_donne_vittime_di_violenza_CittMtrBO.txt,0.0,0.0,0.0,0.0,0.0,0.0,0.0,0.0,0.0,0.0,1,1,0,0,0,0,0,0.0,2.0
01_2406_rta_01_241002150739_4166---DeliberaCostituzioneOsservatorioSaluteDonne.txt,0.0,0.0,0.0,0.0,0.0,0.0,0.0,0.0,0.0,0.0,1,0,0,0,0,0,0,0.0,1.0
01_2406_rta_01_241018134519_4166---Protocollooperativointeristituzionaleviolenzadigenere2023-2026def.txt,0.0,0.0,0.0,0.0,0.0,0.0,0.0,0.0,0.0,0.0,1,1,0,0,0,0,0,0.0,2.0
03_2406_rta_03_240926122051_4166---Protocollomonz.txt,0.0,0.0,0.0,0.0,0.0,0.0,0.0,0.0,0.0,0.0,1,1,0,0,0,0,0,0.0,2.0
03_2406_rta_03_240926122051_4166---Protocollomonz.txt,0.0,0.0,0.0,0.0,0.0,0.0,0.0,0.0,0.0,0.0,1,1,0,0,0,0,0,0.0,2.0
03_2406_rta_03_240926122051_4166---Protocollomonz.txt,0.0,0.0,0.0,0.0,0.0,0.0,0.0,0.0,0.0,0.0,1,1,0,0,0,0,0,0.0,2.0
01_2406_rta_01_241018134519_4166---Protocollooperativointeristituzionaleviolenzadigenere2023-2026def.txt,0.0,0.0,0.0,0.0,0.0,0.0,0.0,0.0,0.0,0.0,0,0,0,0,0,0,0,0.0,0.0
01_2406_rta_01_240909110828_4166---PROTOCOLLOHELP.txt,0.0,0.0,0.0,0.0,0.0,0.0,0.0,0.0,0.0,0.0,0,0,0,0,0,0,0,0.0,0.0
01_2406_rta_01_240904162242_4166---CONVENZIONETRAASLTO3ESVOLTADONNA.txt,0.0,0.0,0.0,0.0,0.0,0.0,0.0,0.0,0.0,0.0,0,0,0,0,0,0,0,0.0,0.0
03_2406_rta_03_240918153156_4166---Protocollo_d'Intesa_Rete_Mantova.prot.txt,0.0,0.0,0.0,0.0,0.0,0.0,0.0,0.0,0.0,0.0,1,0,0,0,0,0,0,0.0,1.0
03_2406_rta_03_240923114012_4166---23-9-2024ProtocolloReteRita_signed_signed_signedDEF_signed_signed-signed_signed(1).txt,0.0,0.0,0.0,0.0,0.0,0.0,0.0,0.0,0.0,0.0,1,1,0,0,0,0,0,0.0,2.0
18_2406_rta_18_240926102931_4166---PROT.2403-24.txt,0.0,0.0,0.0,0.0,0.0,0.0,0.0,0.0,0.0,0.0,1,1,0,0,0,0,0,0.0,2.0
05_2406_rta_05_240919122126_4166---PROTOCOLLOULSS8BERICA.txt,0.0,0.0,0.0,0.0,0.0,0.0,0.0,0.0,0.0,0.0,1,1,1,1,0,0,1,0.0,5.0
18_2406_rta_18_240926102407_4166---ProtocollointesaAISM_CentroLanzino_ReteREDCALABRIA_firmadigitale.txt,0.0,0.0,0.0,0.0,0.0,0.0,0.0,0.0,0.0,0.0,0,0,0,0,0,0,0,0.0,0.0
09_AREZZO Prot_2024-2026.txt,0.0,0.0,0.0,0.0,0.0,0.0,0.0,0.0,0.0,0.0,1,1,0,0,0,0,0,0.0,2.0
01_2406_rta_01_240909113151_4166---CONVENZIONERIVOLI.txt,0.0,0.0,0.0,0.0,0.0,0.0,0.0,0.0,0.0,0.0,1,1,0,1,0,0,1,0.0,4.0
03_2406_rta_03_240918153252_4166---Protocollo+Appendice+LineeGuida_Datatodafirmare.txt,0.0,0.0,0.0,0.0,0.0,0.0,0.0,0.0,0.0,0.0,1,1,1,0,0,0,0,0.0,3.0
03_2406_rta_03_240923111659_4166---ProtocolloantiviolenzaComunediLodi_scansioneconfirme_maggio2014.txt,0.0,0.0,0.0,0.0,0.0,0.0,0.0,0.0,0.0,0.0,1,1,0,0,0,0,0,0.0,2.0
01_2406_rta_01_240904120005_4166---protocollo.txt,0.0,0.0,0.0,0.0,0.0,0.0,0.0,0.0,0.0,0.0,1,1,0,0,0,0,0,0.0,2.0
18_2406_rta_18_240926102407_4166---ProtocollointesaAISM_CentroLanzino_ReteREDCALABRIA_firmadigitale.txt,0.0,0.0,0.0,0.0,0.0,0.0,0.0,0.0,0.0,0.0,0,0,0,0,0,0,0,0.0,0.0
01_2406_rta_01_240904162242_4166---CONVENZIONETRAASLTO3ESVOLTADONNA.txt,0.0,0.0,0.0,0.0,0.0,0.0,0.0,0.0,0.0,0.0,1,1,0,0,0,0,0,0.0,2.0
01_2406_rta_01_240904121349_4166---convenzione.txt,0.0,0.0,0.0,0.0,0.0,0.0,0.0,0.0,0.0,0.0,1,1,0,0,0,0,0,0.0,2.0
12_2406_rta_12_241002130504_4166---3Protocollid'intesa-TavoloInteristituzionaletraUfficiGiudiziaricompetentinelcircondariodiRomaavvocaturaecentriantiviolenza(1).txt,0.0,0.0,0.0,0.0,0.0,0.0,0.0,0.0,0.0,0.0,0,0,0,0,0,0,0,0.0,0.0
03_2406_rta_03_240926122051_4166---Protocollomonz.txt,0.0,0.0,0.0,0.0,0.0,0.0,0.0,0.0,0.0,0.0,1,1,1,0,0,0,0,0.0,3.0
18_2406_rta_18_240926102333_4166---accordodiretecentroaiutodonna.txt,0.0,0.0,0.0,0.0,0.0,0.0,0.0,0.0,0.0,0.0,0,0,0,0,0,1,1,0.0,2.0
17_2406_rta_17_250506142731_4166---Tavolodicoordinamentoemonitoraggio30-01-24.txt,0.0,0.0,0.0,0.0,0.0,0.0,0.0,0.0,0.0,0.0,1,0,0,0,0,0,0,0.0,1.0
16_terreg_Prot_CGIL - CISL - CONFINDUSTRIA_CAV.txt,0.0,0.0,0.0,0.0,0.0,0.0,0.0,0.0,0.0,0.0,1,1,0,0,0,0,0,0.0,2.0
16_terreg_Prot_CGIL - CISL - CONFINDUSTRIA_CAV.txt,0.0,0.0,0.0,0.0,0.0,0.0,0.0,0.0,0.0,0.0,1,1,0,0,0,0,0,0.0,2.0
16_terreg_Prot_CGIL - CISL - CONFINDUSTRIA_CAV.txt,0.0,0.0,0.0,0.0,0.0,0.0,0.0,0.0,0.0,0.0,1,1,0,0,0,0,0,0.0,2.0
16_terreg_Prot_CGIL - CISL - CONFINDUSTRIA_CAV.txt,0.0,0.0,0.0,0.0,0.0,0.0,0.0,0.0,0.0,0.0,1,1,0,0,0,0,0,0.0,2.0
16_terreg_Prot_CGIL - CISL - CONFINDUSTRIA_CAV.txt,0.0,0.0,0.0,0.0,0.0,0.0,0.0,0.0,0.0,0.0,1,1,0,0,0,0,0,0.0,2.0
16_terreg_Prot_CGIL - CISL - CONFINDUSTRIA_CAV.txt,0.0,0.0,0.0,0.0,0.0,0.0,0.0,0.0,0.0,0.0,1,1,0,0,0,0,0,0.0,2.0
16_terreg_Prot_CGIL - CISL - CONFINDUSTRIA_CAV.txt,0.0,0.0,0.0,0.0,0.0,0.0,0.0,0.0,0.0,0.0,1,1,0,0,1,0,1,0.0,4.0
16_terreg_Prot_CGIL - CISL - CONFINDUSTRIA_CAV.txt,0.0,0.0,0.0,0.0,0.0,0.0,0.0,0.0,0.0,0.0,1,1,0,0,0,0,0,0.0,2.0
16_terreg_Prot_CGIL - CISL - CONFINDUSTRIA_CAV.txt,0.0,0.0,0.0,0.0,0.0,0.0,0.0,0.0,0.0,0.0,1,1,0,0,0,0,0,0.0,2.0
16_terreg_Prot_CGIL - CISL - CONFINDUSTRIA_CAV.txt,0.0,0.0,0.0,0.0,0.0,0.0,0.0,0.0,0.0,0.0,1,1,0,0,0,0,0,0.0,2.0
16_terreg_Prot_CGIL - CISL - CONFINDUSTRIA_CAV.txt,0.0,0.0,0.0,0.0,0.0,0.0,0.0,0.0,0.0,0.0,1,1,0,0,0,0,0,0.0,2.0
16_terreg_Prot_CGIL - CISL - CONFINDUSTRIA_CAV.txt,0.0,0.0,0.0,0.0,0.0,0.0,0.0,0.0,0.0,0.0,1,1,0,0,0,0,0,0.0,2.0
12_2406_rta_12_241009125120_4166---6.accordo.txt,0.0,0.0,0.0,0.0,0.0,0.0,0.0,0.0,0.0,0.0,1,0,0,0,0,0,0,0.0,1.0
03_2406_rta_03_240925150245_4166---ProtocolloReteARIAPalazzolo.txt,0.0,0.0,0.0,0.0,0.0,0.0,0.0,0.0,0.0,0.0,1,1,0,0,0,0,0,0.0,2.0
03_2406_rta_03_240925150245_4166---ProtocolloReteARIAPalazzolo.txt,0.0,0.0,0.0,0.0,0.0,0.0,0.0,0.0,0.0,0.0,1,1,0,0,0,0,0,0.0,2.0
12_2406_rta_12_241009125640_4166---7.accordo.txt,0.0,0.0,0.0,0.0,0.0,0.0,0.0,0.0,0.0,0.0,1,0,0,0,0,0,0,0.0,1.0
12_2406_rta_12_241008151837_4166---4.prot..txt,0.0,0.0,0.0,0.0,0.0,0.0,0.0,0.0,0.0,0.0,0,0,0,0,0,0,0,0.0,0.0
12_2406_rta_12_241009123601_4166---5.accordo.txt,0.0,0.0,0.0,0.0,0.0,0.0,0.0,0.0,0.0,0.0,1,0,0,0,0,0,0,0.0,1.0
16_taranto_protocollo d'intesa CAVGinosa sottoscritto.txt,0.0,0.0,0.0,0.0,0.0,0.0,0.0,0.0,0.0,0.0,1,0,0,0,0,0,0,0.0,1.0
12_2406_rta_12_241008151247_4166---3.prot.txt,0.0,0.0,0.0,0.0,0.0,0.0,0.0,0.0,0.0,0.0,0,0,0,0,0,0,0,0.0,0.0
12_2406_rta_12_241003091037_4166---5Protocollid'intesa-Ass.Salvamamme(002).txt,0.0,0.0,0.0,0.0,0.0,0.0,0.0,0.0,0.0,0.0,1,0,0,0,0,0,0,0.0,1.0
01_2406_rta_01_240904110730_4166---protocollocontuttelefirme(1).txt,0.0,0.0,0.0,0.0,0.0,0.0,0.0,0.0,0.0,0.0,0,0,0,0,0,0,0,0.0,0.0
01_2406_rta_01_240909114524_4166---CONVENZIONEUNITO-SPORTANTIVIOLENZA.txt,0.0,0.0,0.0,0.0,0.0,0.0,0.0,0.0,0.0,0.0,1,1,1,0,0,0,0,0.0,3.0
01_2406_rta_01_240909110828_4166---PROTOCOLLOHELP.txt,0.0,0.0,0.0,0.0,0.0,0.0,0.0,0.0,0.0,0.0,1,1,1,0,0,1,1,0.0,5.0
03_2406_rta_03_240923171949_4166---PROTOCOLLOD'INTESARETETERRITORIALEANTIVIOLENZAVALLETROMPIA2024.txt,0.0,0.0,0.0,0.0,0.0,0.0,0.0,0.0,0.0,0.0,1,1,0,0,0,0,0,0.0,2.0
16_bar_protocollo operativo Triggiano_rete antiviolenza.pdf.txt,0.0,0.0,0.0,0.0,0.0,0.0,0.0,0.0,0.0,0.0,1,1,0,0,0,0,0,0.0,2.0
18_2406_rta_18_240926102317_4166---PROTOCOLLOISTITUTOSUP.NOSTRO-REPACI.txt,0.0,0.0,0.0,0.0,0.0,0.0,0.0,0.0,0.0,0.0,1,1,0,0,0,0,0,0.0,2.0
12_2406_rta_12_241003110812_4166---ALLIANCEFORAFRICANASSISTANCE_colasantilopez.txt,0.0,0.0,0.0,0.0,0.0,0.0,0.0,0.0,0.0,0.0,0,0,0,0,0,0,0,0.0,0.0
05_2406_rta_05_240916173648_4166---ULSS5Polesana_Protocollodirete.txt,0.0,0.0,0.0,0.0,0.0,0.0,0.0,0.0,0.0,0.0,1,1,0,0,0,0,0,0.0,2.0
08_2406_rta_08_241015091725_4166---Protoc-Prefett-2017.txt,0.0,0.0,0.0,0.0,0.0,0.0,0.0,0.0,0.0,0.0,1,1,0,0,0,0,0,0.0,2.0
12_2406_rta_12_240926133452_4166---PISPICGIL.txt,0.0,0.0,0.0,0.0,0.0,0.0,0.0,0.0,0.0,0.0,1,0,0,0,0,0,0,0.0,1.0
"03_2406_rta_03_240923164603_4166---ProtocolloreteantiviolenzaBusto,Gallarate,Saronno,SommaLombardo-2024.txt",0.0,0.0,0.0,0.0,0.0,0.0,0.0,0.0,0.0,0.0,1,0,0,0,0,0,0,0.0,1.0
18_2406_rta_18_240926102943_4166---schemaAccordoCollaborazione499ARIEL_signed.txt,0.0,0.0,0.0,0.0,0.0,0.0,0.0,0.0,0.0,0.0,0,0,0,0,0,0,0,0.0,0.0
01_2406_rta_01_240909103717_4166---PROTOCOLLORETEANTIVIOLENZASVOLTADONNA.txt,0.0,0.0,0.0,0.0,0.0,0.0,0.0,0.0,0.0,0.0,0,0,0,0,0,0,0,0.0,0.0
05_2406_rta_05_240919124736_4166---Protocollo_per_contrasto_alla_violenza_di_genere.stamped.txt,0.0,0.0,0.0,0.0,0.0,0.0,0.0,0.0,0.0,0.0,1,0,0,0,0,1,1,0.0,3.0
03_2406_rta_03_240918153252_4166---Protocollo+Appendice+LineeGuida_Datatodafirmare.txt,0.0,0.0,0.0,0.0,0.0,0.0,0.0,0.0,0.0,0.0,1,1,1,0,0,0,0,0.0,3.0
16_taranto_protocollo Prefettura ProvinciaTaranto.txt,0.0,0.0,0.0,0.0,0.0,0.0,0.0,0.0,0.0,0.0,1,1,0,0,0,0,0,0.0,2.0
18_2406_rta_18_240926102620_4166---protocollopercorsorosa.txt,0.0,0.0,0.0,0.0,0.0,0.0,0.0,0.0,0.0,0.0,1,1,0,0,0,0,0,0.0,2.0
18_2406_rta_18_240926102620_4166---protocollopercorsorosa.txt,0.0,0.0,0.0,0.0,0.0,0.0,0.0,0.0,0.0,0.0,1,1,0,0,0,0,0,0.0,2.0
18_2406_rta_18_240926103211_4166---PROTOCOLLOviolasottoscritto.txt,0.0,0.0,0.0,0.0,0.0,0.0,0.0,0.0,0.0,0.0,1,0,0,0,0,1,1,0.0,3.0
06_2406_rta_06_240916164102_4166---protocollopordenoneprefettura.txt,0.0,0.0,0.0,0.0,0.0,0.0,0.0,0.0,0.0,0.0,0,0,0,0,0,0,0,0.0,0.0
12_2406_rta_12_241003112247_4166---Accordodicollaborazione_CREDICI.txt,0.0,0.0,0.0,0.0,0.0,0.0,0.0,0.0,0.0,0.0,1,1,0,0,0,0,0,0.0,2.0
12_2406_rta_12_240926133706_4166---STAR.txt,0.0,0.0,0.0,0.0,0.0,0.0,0.0,0.0,0.0,0.0,1,1,0,0,0,0,0,0.0,2.0
13_2406_rta_13_241122104428_4166---Protocollorete_ortonaCAVconsultoriodiocesano.txt,0.0,0.0,0.0,0.0,0.0,0.0,0.0,0.0,0.0,0.0,1,0,0,0,0,1,1,0.0,3.0
03_2406_rta_03_240923165401_4166---PROTOCOLLODIrete2020-2023_rev2confirmescan.txt,0.0,0.0,0.0,0.0,0.0,0.0,0.0,0.0,0.0,0.0,1,0,0,0,0,0,0,0.0,1.0
12_2406_rta_12_240927093424_4166---ProtVMunMerlin.txt,0.0,0.0,0.0,0.0,0.0,0.0,0.0,0.0,0.0,0.0,1,1,0,0,0,0,0,0.0,2.0
18_2406_rta_18_240926102407_4166---ProtocollointesaAISM_CentroLanzino_ReteREDCALABRIA_firmadigitale.txt,0.0,0.0,0.0,0.0,0.0,0.0,0.0,0.0,0.0,0.0,0,0,0,0,0,0,0,0.0,0.0
13_2406_rta_13_241122103901_4166---Protocollirete_ortonaelancianoCAVdonn.ÿ.txt,0.0,0.0,0.0,0.0,0.0,0.0,0.0,0.0,0.0,0.0,1,1,1,0,0,0,0,0.0,3.0
13_2406_rta_13_241122105938_4166---ACCORDOOPERATIVO.txt,0.0,0.0,0.0,0.0,0.0,0.0,0.0,0.0,0.0,0.0,0,0,0,0,0,0,0,0.0,0.0
12_2406_rta_12_241003113235_4166---Accordodifferenzadonna-29.09.2023-signed.txt,0.0,0.0,0.0,0.0,0.0,0.0,0.0,0.0,0.0,0.0,0,0,0,0,0,0,0,0.0,0.0
13_2406_rta_13_241122103653_4166---protocollodirete_cavlafenice_provinciateramo.txt,0.0,0.0,0.0,0.0,0.0,0.0,0.0,0.0,0.0,0.0,1,1,0,0,0,0,0,0.0,2.0
13_2406_rta_13_241122111153_4166---PROTOCOLLOCASTELDISANGROEASL.txt,0.0,0.0,0.0,0.0,0.0,0.0,0.0,0.0,0.0,0.0,1,1,0,0,0,0,0,0.0,2.0
13_2406_rta_13_241122105938_4166---ACCORDOOPERATIVO.txt,0.0,0.0,0.0,0.0,0.0,0.0,0.0,0.0,0.0,0.0,1,1,1,0,0,0,0,0.0,3.0
03_2406_rta_03_240920120751_4166---protocollodiintesa.txt,0.0,0.0,0.0,0.0,0.0,0.0,0.0,0.0,0.0,0.0,1,1,0,0,0,0,0,0.0,2.0
16_lecce_Protocollo Operativo - Procedure integrate per la prevenzione e il contrasto alla violenza contro donne e minori - Copia_Marcato.txt,0.0,0.0,0.0,0.0,0.0,0.0,0.0,0.0,0.0,0.0,1,0,0,1,0,0,1,0.0,3.0
12_2406_rta_12_240926122148_4166---2024.1153010-AccordotralepartiPonteDonna–UnderdogSocialClubCAVMarielleFranco-2(1).txt,0.0,0.0,0.0,0.0,0.0,0.0,0.0,0.0,0.0,0.0,1,0,0,0,0,0,0,0.0,1.0
12_2406_rta_12_241004112805_4166---protocollod'intesa.txt,0.0,0.0,0.0,0.0,0.0,0.0,0.0,0.0,0.0,0.0,1,0,0,0,0,0,0,0.0,1.0
16_lecce_Protocollo Operativo - Procedure integrate per la prevenzione e il contrasto alla violenza contro donne e minori - Copia_Marcato.txt,0.0,0.0,0.0,0.0,0.0,0.0,0.0,0.0,0.0,0.0,1,0,0,0,0,0,0,0.0,1.0
18_2406_rta_18_240926102528_4166---PROTOCOLLOAISM_PICCOLAOPERA_firma.txt,0.0,0.0,0.0,0.0,0.0,0.0,0.0,0.0,0.0,0.0,0,0,0,0,0,0,0,0.0,0.0
18_2406_rta_18_240926102407_4166---ProtocollointesaAISM_CentroLanzino_ReteREDCALABRIA_firmadigitale.txt,0.0,0.0,0.0,0.0,0.0,0.0,0.0,0.0,0.0,0.0,1,0,0,0,0,0,0,0.0,1.0
06_2406_rta_06_240916164122_4166---prot_n_0119980_2024_Accordo(firmato).txt,0.0,0.0,0.0,0.0,0.0,0.0,0.0,0.0,0.0,0.0,1,0,0,0,0,0,0,0.0,1.0
16_2406_rta_16_250410122122_4166---Protocollo_Viola.txt,0.0,0.0,0.0,0.0,0.0,0.0,0.0,0.0,0.0,0.0,1,1,0,0,0,0,0,0.0,2.0
13_2406_rta_13_241122115416_4166---PROTOCOLLOPESCARA.txt,0.0,0.0,0.0,0.0,0.0,0.0,0.0,0.0,0.0,0.0,1,1,0,0,0,0,0,0.0,2.0
11_2406_rta_11_240911113911_4166---AscoliPPROTOCOLLOoperativo_2019_2021.txt,0.0,0.0,0.0,0.0,0.0,0.0,0.0,0.0,0.0,0.0,1,0,0,1,0,0,1,0.0,3.0
18_2406_rta_18_240926102528_4166---PROTOCOLLOAISM_PICCOLAOPERA_firma.txt,0.0,0.0,0.0,0.0,0.0,0.0,0.0,0.0,0.0,0.0,1,0,0,0,0,0,0,0.0,1.0
07_2406_rta_07_240916163956_4166---DGR477_2022_Protocollo.txt,0.0,0.0,0.0,0.0,0.0,0.0,0.0,0.0,0.0,0.0,1,0,0,0,0,0,0,0.0,1.0
03_2406_rta_03_240926123135_4166---ProtocollodiRete.txt,0.0,0.0,0.0,0.0,0.0,0.0,0.0,0.0,0.0,0.0,1,1,0,0,0,0,0,0.0,2.0
09_FIRENZE Linee-di-indirizzo2024.txt,0.0,0.0,0.0,0.0,0.0,0.0,0.0,0.0,0.0,0.0,1,1,0,0,0,0,0,0.0,2.0
13_2406_rta_13_241122102615_4166---PROTOCOLLOD_INTESACOMUNEAQ_donatellatelliniCAV2023.txt,0.0,0.0,0.0,0.0,0.0,0.0,0.0,0.0,0.0,0.0,1,1,1,0,0,0,0,0.0,3.0
07_2406_rta_07_240916163956_4166---DGR477_2022_Protocollo.txt,0.0,0.0,0.0,0.0,0.0,0.0,0.0,0.0,0.0,0.0,1,0,0,0,0,0,0,0.0,1.0
08_2406_rta_08_241015091655_4166---Aggiornamentointegrazioneprotocollooperativoapprovatonelgiugno2008.txt,0.0,0.0,0.0,0.0,0.0,0.0,0.0,0.0,0.0,0.0,1,0,0,0,0,0,0,0.0,1.0
03_2406_rta_03_240923113114_4166---ProtocolloReteAddaMartesanasottoscritto.txt,0.0,0.0,0.0,0.0,0.0,0.0,0.0,0.0,0.0,0.0,1,1,0,0,0,0,0,0.0,2.0
09_APUANE_2015 Protocollo Prefettura.txt,0.0,0.0,0.0,0.0,0.0,0.0,0.0,0.0,0.0,0.0,1,1,0,0,0,0,0,0.0,2.0
09_APUANE_2015 Protocollo Prefettura.txt,0.0,0.0,0.0,0.0,0.0,0.0,0.0,0.0,0.0,0.0,1,1,0,0,0,0,0,0.0,2.0
09_APUANE_2015 Protocollo Prefettura.txt,0.0,0.0,0.0,0.0,0.0,0.0,0.0,0.0,0.0,0.0,1,1,0,0,0,0,0,0.0,2.0
09_APUANE_2015 Protocollo Prefettura.txt,0.0,0.0,0.0,0.0,0.0,0.0,0.0,0.0,0.0,0.0,1,1,0,0,0,0,0,0.0,2.0
18_2406_rta_18_240926102620_4166---protocollopercorsorosa.txt,0.0,0.0,0.0,0.0,0.0,0.0,0.0,0.0,0.0,0.0,1,1,0,0,0,0,0,0.0,2.0
05_2406_rta_05_240916131522_4166---protocolloaggiornamento2023.txt,0.0,0.0,0.0,0.0,0.0,0.0,0.0,0.0,0.0,0.0,1,1,0,0,0,0,0,0.0,2.0
05_2406_rta_05_240916131522_4166---protocolloaggiornamento2023.txt,0.0,0.0,0.0,0.0,0.0,0.0,0.0,0.0,0.0,0.0,1,1,0,0,0,0,0,0.0,2.0
18_2406_rta_18_240926102706_4166---protocollomondorosa2013.txt,0.0,0.0,0.0,0.0,0.0,0.0,0.0,0.0,0.0,0.0,1,1,0,0,0,0,0,0.0,2.0
12_2406_rta_12_240926112734_4166---3AccordoDistrettoVT4ePontedonna-signed(1).txt,0.0,0.0,0.0,0.0,0.0,0.0,0.0,0.0,0.0,0.0,1,0,0,0,0,0,0,0.0,1.0
12_2406_rta_12_240926112823_4166---2AccordoDemetra_Aman.txt,0.0,0.0,0.0,0.0,0.0,0.0,0.0,0.0,0.0,0.0,0,0,0,0,0,0,0,0.0,0.0
18_2406_rta_18_240926102620_4166---protocollopercorsorosa.txt,0.0,0.0,0.0,0.0,0.0,0.0,0.0,0.0,0.0,0.0,1,1,0,0,0,0,0,0.0,2.0
09_APUANE_2015 Protocollo Prefettura.txt,0.0,0.0,0.0,0.0,0.0,0.0,0.0,0.0,0.0,0.0,1,1,0,0,0,0,0,0.0,2.0
05_2406_rta_05_240918144304_4166---Protocollo_ULSS2-DistrettoTreviso.txt,0.0,0.0,0.0,0.0,0.0,0.0,0.0,0.0,0.0,0.0,1,0,0,0,0,0,0,0.0,1.0
01_2406_rta_01_240909112136_4166---convenzionecarmagnola.txt,0.0,0.0,0.0,0.0,0.0,0.0,0.0,0.0,0.0,0.0,1,0,0,0,0,0,0,0.0,1.0
09_APUANE_2015 Protocollo Prefettura.txt,0.0,0.0,0.0,0.0,0.0,0.0,0.0,0.0,0.0,0.0,1,1,0,0,0,0,0,0.0,2.0
12_2406_rta_12_241008112319_4166---protocollo25.11.2023.txt,0.0,0.0,0.0,0.0,0.0,0.0,0.0,0.0,0.0,0.0,1,0,0,0,0,0,0,0.0,1.0
05_2406_rta_05_240916131522_4166---protocolloaggiornamento2023.txt,0.0,0.0,0.0,0.0,0.0,0.0,0.0,0.0,0.0,0.0,1,1,0,0,0,0,0,0.0,2.0
12_2406_rta_12_241003112656_4166---AccordodicollaborazioneconsultorieDifferenzaDonna.txt,0.0,0.0,0.0,0.0,0.0,0.0,0.0,0.0,0.0,0.0,0,0,0,0,0,0,0,0.0,0.0
05_2406_rta_05_240919114041_4166---protocollounicorevisionato2024.txt,0.0,0.0,0.0,0.0,0.0,0.0,0.0,0.0,0.0,0.0,1,0,0,0,0,0,0,0.0,1.0
07_2406_rta_07_240916163956_4166---DGR477_2022_Protocollo.txt,0.0,0.0,0.0,0.0,0.0,0.0,0.0,0.0,0.0,0.0,1,0,0,0,0,0,0,0.0,1.0
12_2406_rta_12_241001130527_4166---protocollocontrolaviolenzadigenere.pdfpdf.txt,0.0,0.0,0.0,0.0,0.0,0.0,0.0,0.0,0.0,0.0,1,1,0,0,0,0,0,0.0,2.0
20_2406_rta_20_250620094616_4166---Delibera52-22del23.12.2024-Allegato1.txt,0.0,0.0,0.0,0.0,0.0,0.0,0.0,0.0,0.0,0.0,1,1,0,0,0,0,0,0.0,2.0
07_2406_rta_07_240916163956_4166---DGR477_2022_Protocollo.txt,0.0,0.0,0.0,0.0,0.0,0.0,0.0,0.0,0.0,0.0,1,0,0,0,0,0,0,0.0,1.0
08_2406_rta_08_241015091832_4166---P.G.111546-2023PROTOCOLLOOPERATIVOFENOMENOVIOLENZADONNE(1).txt,0.0,0.0,0.0,0.0,0.0,0.0,0.0,0.0,0.0,0.0,1,0,0,0,0,0,0,0.0,1.0
09_PRATO PREF.txt,0.0,0.0,0.0,0.0,0.0,0.0,0.0,0.0,0.0,0.0,1,1,0,0,0,0,0,0.0,2.0
12_2406_rta_12_241003120714_4166---ASLROMA5_.txt,0.0,0.0,0.0,0.0,0.0,0.0,0.0,0.0,0.0,0.0,1,0,0,0,0,0,0,0.0,1.0
16_bari_protocollo operativo Gioia del Colle_EMI.txt,0.0,0.0,0.0,0.0,0.0,0.0,0.0,0.0,0.0,0.0,1,1,0,0,0,0,0,0.0,2.0
12_2406_rta_12_241004113737_4166---AccordodicollaborazioneArteinsieme.txt,0.0,0.0,0.0,0.0,0.0,0.0,0.0,0.0,0.0,0.0,1,0,0,0,0,0,0,0.0,1.0
07_2406_rta_07_240916163956_4166---DGR477_2022_Protocollo.txt,0.0,0.0,0.0,0.0,0.0,0.0,0.0,0.0,0.0,0.0,1,0,0,0,0,0,0,0.0,1.0
07_2406_rta_07_240916163956_4166---DGR477_2022_Protocollo.txt,0.0,0.0,0.0,0.0,0.0,0.0,0.0,0.0,0.0,0.0,1,0,0,0,0,0,0,0.0,1.0
03_2406_rta_03_240923103647_4166---protocolloreteantiviolenzacinisello2019(1).txt,0.0,0.0,0.0,0.0,0.0,0.0,0.0,0.0,0.0,0.0,1,0,0,0,0,0,0,0.0,1.0
18_2406_rta_18_240926102620_4166---protocollopercorsorosa.txt,0.0,0.0,0.0,0.0,0.0,0.0,0.0,0.0,0.0,0.0,1,1,0,0,0,0,0,0.0,2.0
05_2406_rta_05_240917141534_4166---protocollodiretefirmato.txt,0.0,0.0,0.0,0.0,0.0,0.0,0.0,0.0,0.0,0.0,1,1,0,0,0,0,0,0.0,2.0
03_2406_rta_03_240923165401_4166---PROTOCOLLODIrete2020-2023_rev2confirmescan.txt,0.0,0.0,0.0,0.0,0.0,0.0,0.0,0.0,0.0,0.0,1,0,0,0,0,0,0,0.0,1.0
07_2406_rta_07_240916163956_4166---DGR477_2022_Protocollo.txt,0.0,0.0,0.0,0.0,0.0,0.0,0.0,0.0,0.0,0.0,1,0,0,0,0,0,0,0.0,1.0
12_2406_rta_12_241008112319_4166---protocollo25.11.2023.txt,0.0,0.0,0.0,0.0,0.0,0.0,0.0,0.0,0.0,0.0,1,0,0,0,0,0,0,0.0,1.0
03_2406_rta_03_240923103647_4166---protocolloreteantiviolenzacinisello2019(1).txt,0.0,0.0,0.0,0.0,0.0,0.0,0.0,0.0,0.0,0.0,1,0,0,0,0,0,0,0.0,1.0
05_2406_rta_05_240919124736_4166---Protocollo_per_contrasto_alla_violenza_di_genere.stamped.txt,0.0,0.0,0.0,0.0,0.0,0.0,0.0,0.0,0.0,0.0,1,0,0,0,0,0,0,0.0,1.0
08_2406_rta_08_241015091832_4166---P.G.111546-2023PROTOCOLLOOPERATIVOFENOMENOVIOLENZADONNE(1).txt,0.0,0.0,0.0,0.0,0.0,0.0,0.0,0.0,0.0,0.0,1,1,0,0,0,0,0,0.0,2.0
11_2406_rta_11_240911113105_4166---PROTOCOLLO_OPERATIVO2024_CONINDIRIZZARIO_FIRMATO.txt,0.0,0.0,0.0,0.0,0.0,0.0,0.0,0.0,0.0,0.0,1,0,0,0,0,0,0,0.0,1.0
16_2406_rta_16_250409161633_4166---29_prot_n_0090671_2024_PROT_OP-ODVPOLIZIADISTATO-RISCOPRIRSI.txt,0.0,0.0,0.0,0.0,0.0,0.0,0.0,0.0,0.0,0.0,1,1,0,0,0,0,0,0.0,2.0
16_bat_convenzione CAV - ASL BT.txt,0.0,0.0,0.0,0.0,0.0,0.0,0.0,0.0,0.0,0.0,1,1,0,0,0,0,0,0.0,2.0
16_bat_convenzione CAV - ASL BT.txt,0.0,0.0,0.0,0.0,0.0,0.0,0.0,0.0,0.0,0.0,1,1,0,0,0,0,0,0.0,2.0
05_2406_rta_05_240919114041_4166---protocollounicorevisionato2024.txt,0.0,0.0,0.0,0.0,0.0,0.0,0.0,0.0,0.0,0.0,1,1,0,0,0,0,0,0.0,2.0
01_2406_rta_01_241018134519_4166---Protocollooperativointeristituzionaleviolenzadigenere2023-2026def.txt,0.0,0.0,0.0,0.0,0.0,0.0,0.0,0.0,0.0,0.0,1,1,0,0,0,0,0,0.0,2.0
05_2406_rta_05_240916131522_4166---protocolloaggiornamento2023.txt,0.0,0.0,0.0,0.0,0.0,0.0,0.0,0.0,0.0,0.0,1,1,0,0,0,0,0,0.0,2.0
05_2406_rta_05_240919114041_4166---protocollounicorevisionato2024.txt,0.0,0.0,0.0,0.0,0.0,0.0,0.0,0.0,0.0,0.0,1,0,0,0,0,0,0,0.0,1.0
20_2406_rta_20_250620094616_4166---Delibera52-22del23.12.2024-Allegato1.txt,0.0,0.0,0.0,0.0,0.0,0.0,0.0,0.0,0.0,0.0,1,1,0,0,0,0,0,0.0,2.0
05_2406_rta_05_240917141534_4166---protocollodiretefirmato.txt,0.0,0.0,0.0,0.0,0.0,0.0,0.0,0.0,0.0,0.0,1,0,0,0,0,0,0,0.0,1.0
01_2406_rta_01_240904162242_4166---CONVENZIONETRAASLTO3ESVOLTADONNA.txt,0.0,0.0,0.0,0.0,0.0,0.0,0.0,0.0,0.0,0.0,1,0,0,0,0,0,0,0.0,1.0
01_2406_rta_01_240909103717_4166---PROTOCOLLORETEANTIVIOLENZASVOLTADONNA.txt,0.0,0.0,0.0,0.0,0.0,0.0,0.0,0.0,0.0,0.0,1,1,1,0,0,0,0,0.0,3.0
07_2406_rta_07_240916163956_4166---DGR477_2022_Protocollo.txt,0.0,0.0,0.0,0.0,0.0,0.0,0.0,0.0,0.0,0.0,1,0,0,0,0,0,0,0.0,1.0
08_2406_rta_08_241015091917_4166---Protocollo2022-2024.txt,0.0,0.0,0.0,0.0,0.0,0.0,0.0,0.0,0.0,0.0,1,1,1,0,0,1,1,0.0,5.0
05_2406_rta_05_240918144304_4166---Protocollo_ULSS2-DistrettoTreviso.txt,0.0,0.0,0.0,0.0,0.0,0.0,0.0,0.0,0.0,0.0,1,0,0,0,0,0,0,0.0,1.0
20_2406_rta_20_250620094616_4166---Delibera52-22del23.12.2024-Allegato1.txt,0.0,0.0,0.0,0.0,0.0,0.0,0.0,0.0,0.0,0.0,1,1,0,0,0,0,0,0.0,2.0
12_2406_rta_12_240926113237_4166---Accordocavunuiversitari.txt,0.0,0.0,0.0,0.0,0.0,0.0,0.0,0.0,0.0,0.0,1,0,0,0,0,0,0,0.0,1.0
03_2406_rta_03_240920124656_4166---ProtocolloantiviolenzaDEFINITIVO(1).txt,0.0,0.0,0.0,0.0,0.0,0.0,0.0,0.0,0.0,0.0,1,0,0,0,0,0,0,0.0,1.0
06_2406_rta_06_240916164258_4166---Protocolloviolenzadomesticaedigenere_30.09.2019.txt,0.0,0.0,0.0,0.0,0.0,0.0,0.0,0.0,0.0,0.0,1,0,0,0,0,0,0,0.0,1.0
08_2406_rta_08_241015091553_4166---Protocollosullaviolenzadigenere_confirme_prot.txt,0.0,0.0,0.0,0.0,0.0,0.0,0.0,0.0,0.0,0.0,1,1,0,0,0,0,0,0.0,2.0
05_2406_rta_05_240916173648_4166---ULSS5Polesana_Protocollodirete.txt,0.0,0.0,0.0,0.0,0.0,0.0,0.0,0.0,0.0,0.0,1,1,0,0,0,0,0,0.0,2.0
16_taranto_protocollo Prefettura ProvinciaTaranto.txt,0.0,0.0,0.0,0.0,0.0,0.0,0.0,0.0,0.0,0.0,1,1,0,0,0,0,0,0.0,2.0
16_bari_protocollo operativo Mola di Bari_rete Antiviolenza.txt,0.0,0.0,0.0,0.0,0.0,0.0,0.0,0.0,0.0,0.0,1,1,0,0,0,0,0,0.0,2.0
01_2406_rta_01_240904121349_4166---convenzione.txt,0.0,0.0,0.0,0.0,0.0,0.0,0.0,0.0,0.0,0.0,1,0,0,0,0,0,0,0.0,1.0
05_2406_rta_05_240919114041_4166---protocollounicorevisionato2024.txt,0.0,0.0,0.0,0.0,0.0,0.0,0.0,0.0,0.0,0.0,1,1,0,0,0,0,0,0.0,2.0
09_GROSSETO 2022 fpdf.txt,0.0,0.0,0.0,0.0,0.0,0.0,0.0,0.0,0.0,0.0,1,0,0,0,0,0,0,0.0,1.0
09_GROSSETO 2022 fpdf.txt,0.0,0.0,0.0,0.0,0.0,0.0,0.0,0.0,0.0,0.0,1,0,0,0,0,0,0,0.0,1.0
12_2406_rta_12_241003104626_4166---PROTOCOLLODIINTESAMUNICIPIOXV.txt,0.0,0.0,0.0,0.0,0.0,0.0,0.0,0.0,0.0,0.0,0,0,0,0,0,0,0,0.0,0.0
12_2406_rta_12_241003105319_4166---PROTOCOLLODIINTES1_2601def-signed-signed.txt,0.0,0.0,0.0,0.0,0.0,0.0,0.0,0.0,0.0,0.0,0,0,0,0,0,0,0,0.0,0.0
12_2406_rta_12_241003114931_4166---ProtocollodiintesaDifferenzaDonnaeMunicipio13.txt,0.0,0.0,0.0,0.0,0.0,0.0,0.0,0.0,0.0,0.0,1,0,0,0,0,0,0,0.0,1.0
08_2406_rta_08_241015091553_4166---Protocollosullaviolenzadigenere_confirme_prot.txt,0.0,0.0,0.0,0.0,0.0,0.0,0.0,0.0,0.0,0.0,1,1,0,0,0,0,0,0.0,2.0
07_2406_rta_07_240916163956_4166---DGR477_2022_Protocollo.txt,0.0,0.0,0.0,0.0,0.0,0.0,0.0,0.0,0.0,0.0,1,0,0,0,0,0,0,0.0,1.0
20_2406_rta_20_250620094616_4166---Delibera52-22del23.12.2024-Allegato1.txt,0.0,0.0,0.0,0.0,0.0,0.0,0.0,0.0,0.0,0.0,1,0,0,0,0,0,0,0.0,1.0
05_2406_rta_05_240916135305_4166---protocolloulss4.txt,0.0,0.0,0.0,0.0,0.0,0.0,0.0,0.0,0.0,0.0,1,1,0,0,0,0,0,0.0,2.0
12_2406_rta_12_241003101925_4166---ProtocolloFormazioneObiettivoUomo.txt,0.0,0.0,0.0,0.0,0.0,0.0,0.0,0.0,0.0,0.0,0,0,0,0,0,0,0,0.0,0.0
12_2406_rta_12_240926113237_4166---Accordocavunuiversitari.txt,0.0,0.0,0.0,0.0,0.0,0.0,0.0,0.0,0.0,0.0,1,0,0,0,0,0,0,0.0,1.0
12_2406_rta_12_240926113237_4166---Accordocavunuiversitari.txt,0.0,0.0,0.0,0.0,0.0,0.0,0.0,0.0,0.0,0.0,1,0,0,0,0,0,0,0.0,1.0
12_2406_rta_12_240926114327_4166---1AccordoPonteDonnaAliceNova.txt,0.0,0.0,0.0,0.0,0.0,0.0,0.0,0.0,0.0,0.0,0,0,0,0,0,0,0,0.0,0.0
01_2406_rta_01_240904150044_4166---Protocollocav-irene2022-2025.txt,0.0,0.0,0.0,0.0,0.0,0.0,0.0,0.0,0.0,0.0,0,0,0,0,0,0,0,0.0,0.0
11_2406_rta_11_240911113034_4166---protocollodireteantiviolenza2020-2022-uuvv.txt,0.0,0.0,0.0,0.0,0.0,0.0,0.0,0.0,0.0,0.0,1,0,0,0,0,0,0,0.0,1.0
12_2406_rta_12_240926113237_4166---Accordocavunuiversitari.txt,0.0,0.0,0.0,0.0,0.0,0.0,0.0,0.0,0.0,0.0,1,0,0,0,0,0,0,0.0,1.0
11_2406_rta_11_240911113235_4166---MacerataProtocollo2019_2022Firmato.txt,0.0,0.0,0.0,0.0,0.0,0.0,0.0,0.0,0.0,0.0,1,0,0,0,0,0,0,0.0,1.0
05_2406_rta_05_240918153458_4166---protocolloprovPadova.txt,0.0,0.0,0.0,0.0,0.0,0.0,0.0,0.0,0.0,0.0,1,1,0,0,0,0,0,0.0,2.0
09_GROSSETO 2022 fpdf.txt,0.0,0.0,0.0,0.0,0.0,0.0,0.0,0.0,0.0,0.0,1,0,0,0,0,0,0,0.0,1.0
09_GROSSETO 2022 fpdf.txt,0.0,0.0,0.0,0.0,0.0,0.0,0.0,0.0,0.0,0.0,1,0,0,0,0,0,0,0.0,1.0
20_2406_rta_20_250620094616_4166---Delibera52-22del23.12.2024-Allegato1.txt,0.0,0.0,0.0,0.0,0.0,0.0,0.0,0.0,0.0,0.0,1,1,0,0,0,0,0,0.0,2.0
09_FIRENZE Linee-di-indirizzo2024.txt,0.0,0.0,0.0,0.0,0.0,0.0,0.0,0.0,0.0,0.0,1,0,0,0,0,0,0,0.0,1.0
05_2406_rta_05_240919124736_4166---Protocollo_per_contrasto_alla_violenza_di_genere.stamped.txt,0.0,0.0,0.0,0.0,0.0,0.0,0.0,0.0,0.0,0.0,1,0,0,0,0,0,0,0.0,1.0
20_2406_rta_20_250620094616_4166---Delibera52-22del23.12.2024-Allegato1.txt,0.0,0.0,0.0,0.0,0.0,0.0,0.0,0.0,0.0,0.0,1,1,0,0,0,0,0,0.0,2.0
20_2406_rta_20_250620094616_4166---Delibera52-22del23.12.2024-Allegato1.txt,0.0,0.0,0.0,0.0,0.0,0.0,0.0,0.0,0.0,0.0,1,1,0,0,0,0,0,0.0,2.0
18_2406_rta_18_240926102419_4166---protocollodiintesaterritorialeunito.txt,0.0,0.0,0.0,0.0,0.0,0.0,0.0,0.0,0.0,0.0,1,0,1,0,0,0,0,0.0,2.0
09_GROSSETO 2022 fpdf.txt,0.0,0.0,0.0,0.0,0.0,0.0,0.0,0.0,0.0,0.0,1,0,0,0,0,0,0,0.0,1.0
13_2406_rta_13_241122101453_4166---ProtocollodiRete_AlphaChieti.txt,0.0,0.0,0.0,0.0,0.0,0.0,0.0,0.0,0.0,0.0,1,0,1,0,0,1,1,0.0,4.0
13_2406_rta_13_241122101856_4166---Protocollodirete_AlphaGuardiagrele.txt,0.0,0.0,0.0,0.0,0.0,0.0,0.0,0.0,0.0,0.0,1,1,1,0,0,1,1,0.0,5.0
20_2406_rta_20_250620094616_4166---Delibera52-22del23.12.2024-Allegato1.txt,0.0,0.0,0.0,0.0,0.0,0.0,0.0,0.0,0.0,0.0,1,0,0,0,0,0,0,0.0,1.0
20_2406_rta_20_250620094616_4166---Delibera52-22del23.12.2024-Allegato1.txt,0.0,0.0,0.0,0.0,0.0,0.0,0.0,0.0,0.0,0.0,1,0,0,0,0,0,0,0.0,1.0
20_2406_rta_20_250620094616_4166---Delibera52-22del23.12.2024-Allegato1.txt,0.0,0.0,0.0,0.0,0.0,0.0,0.0,0.0,0.0,0.0,1,0,0,0,0,0,0,0.0,1.0
20_2406_rta_20_250620094616_4166---Delibera52-22del23.12.2024-Allegato1.txt,0.0,0.0,0.0,0.0,0.0,0.0,0.0,0.0,0.0,0.0,1,0,0,0,0,0,0,0.0,1.0
01_2406_rta_01_241003124847_4166---2024-8928-2perinvio.txt,0.0,0.0,0.0,0.0,0.0,0.0,0.0,0.0,0.0,0.0,1,1,0,0,0,0,0,0.0,2.0
18_2406_rta_18_240926102259_4166---Protocollod’intesaperlaprotezioneel’assistenzadellevittimediviolenzadigenererichiedentiasilo.txt,0.0,0.0,0.0,0.0,0.0,0.0,0.0,0.0,0.0,0.0,1,1,0,0,0,1,1,0.0,4.0
18_2406_rta_18_240926102931_4166---PROT.2403-24.txt,0.0,0.0,0.0,0.0,0.0,0.0,0.0,0.0,0.0,0.0,0,0,0,0,0,1,1,0.0,2.0
08_2406_rta_08_241015091430_4166---Protocollo_Distrettuale_Contrasto_violenza_Donne2023.stamped.txt,0.0,0.0,0.0,0.0,0.0,0.0,0.0,0.0,0.0,0.0,0,0,0,0,0,1,1,0.0,2.0
13_2406_rta_13_241122105938_4166---ACCORDOOPERATIVO.txt,0.0,0.0,0.0,0.0,0.0,0.0,0.0,0.0,0.0,0.0,0,0,0,0,0,1,1,0.0,2.0
08_2406_rta_08_241015091553_4166---Protocollosullaviolenzadigenere_confirme_prot.txt,0.0,0.0,0.0,0.0,0.0,0.0,0.0,0.0,0.0,0.0,0,0,0,0,0,1,1,0.0,2.0
01_2406_rta_01_240904120005_4166---protocollo.txt,0.0,0.0,0.0,0.0,0.0,0.0,0.0,0.0,0.0,0.0,1,0,0,0,0,1,1,0.0,3.0
07_2406_rta_07_240916163933_4166---sub_14574431199510849525_Protocollo_LVLS-signed.txt,0.0,0.0,0.0,0.0,0.0,0.0,0.0,0.0,0.0,0.0,1,1,0,0,0,0,0,0.0,2.0
12_2406_rta_12_241003105319_4166---PROTOCOLLODIINTES1_2601def-signed-signed.txt,0.0,0.0,0.0,0.0,0.0,0.0,0.0,0.0,0.0,0.0,0,0,0,0,0,0,0,0.0,0.0
12_2406_rta_12_241003105855_4166---ProtocollodiintesafirmatoASL1.txt,0.0,0.0,0.0,0.0,0.0,0.0,0.0,0.0,0.0,0.0,0,0,0,0,0,0,0,0.0,0.0
12_2406_rta_12_240926134140_4166---Protocollointesa.txt,0.0,0.0,0.0,0.0,0.0,0.0,0.0,0.0,0.0,0.0,1,0,0,0,0,0,0,0.0,1.0
16_bat_convenzione CAV - ASL BT.txt,0.0,0.0,0.0,0.0,0.0,0.0,0.0,0.0,0.0,0.0,1,1,0,0,1,0,1,0.0,4.0
03_2406_rta_03_240923163715_4166---PROTOCOLLOD'INTESA2017_2020.txt,0.0,0.0,0.0,0.0,0.0,0.0,0.0,0.0,0.0,0.0,0,0,0,0,1,0,1,0.0,2.0
08_2406_rta_08_241015091430_4166---Protocollo_Distrettuale_Contrasto_violenza_Donne2023.stamped.txt,0.0,0.0,0.0,0.0,0.0,0.0,0.0,0.0,0.0,0.0,1,0,0,0,0,0,0,0.0,1.0
01_2406_rta_01_240904120005_4166---protocollo.txt,0.0,0.0,0.0,0.0,0.0,0.0,0.0,0.0,0.0,0.0,1,0,0,0,0,0,0,0.0,1.0
01_2406_rta_01_240904120005_4166---protocollo.txt,0.0,0.0,0.0,0.0,0.0,0.0,0.0,0.0,0.0,0.0,1,0,0,0,0,0,0,0.0,1.0
13_2406_rta_13_241122105540_4166---protocollodirete_vastodonnattiva.txt,0.0,0.0,0.0,0.0,0.0,0.0,0.0,0.0,0.0,0.0,0,0,0,0,0,0,0,0.0,0.0
08_2406_rta_08_241015091655_4166---Aggiornamentointegrazioneprotocollooperativoapprovatonelgiugno2008.txt,0.0,0.0,0.0,0.0,0.0,0.0,0.0,0.0,0.0,0.0,0,0,0,0,0,0,0,0.0,0.0
12_2406_rta_12_241004141331_4166---ConvenzioneconilComunediCECCANO.txt,0.0,0.0,0.0,0.0,0.0,0.0,0.0,0.0,0.0,0.0,0,0,0,0,0,0,0,0.0,0.0
01_2406_rta_01_240920123646_4166---vercellieos.txt,0.0,0.0,0.0,0.0,0.0,0.0,0.0,0.0,0.0,0.0,0,0,0,0,0,1,1,0.0,2.0
01_2406_rta_01_241018142716_4166---protocolloreteVC.txt,0.0,0.0,0.0,0.0,0.0,0.0,0.0,0.0,0.0,0.0,0,0,0,0,0,1,1,0.0,2.0
01_2406_rta_01_240909103717_4166---PROTOCOLLORETEANTIVIOLENZASVOLTADONNA.txt,0.0,0.0,0.0,0.0,0.0,0.0,0.0,0.0,0.0,0.0,1,0,0,0,0,0,0,0.0,1.0
08_2406_rta_08_241015091621_4166---PROTOCOLLO_22.txt,0.0,0.0,0.0,0.0,0.0,0.0,0.0,0.0,0.0,0.0,1,0,0,0,0,0,0,0.0,1.0
18_2406_rta_18_240926102620_4166---protocollopercorsorosa.txt,0.0,0.0,0.0,0.0,0.0,0.0,0.0,0.0,0.0,0.0,1,1,0,0,0,0,0,0.0,2.0
18_2406_rta_18_240926102620_4166---protocollopercorsorosa.txt,0.0,0.0,0.0,0.0,0.0,0.0,0.0,0.0,0.0,0.0,1,1,0,0,0,0,0,0.0,2.0
05_2406_rta_05_240916131522_4166---protocolloaggiornamento2023.txt,0.0,0.0,0.0,0.0,0.0,0.0,0.0,0.0,0.0,0.0,1,0,0,0,0,0,0,0.0,1.0
05_2406_rta_05_240916131522_4166---protocolloaggiornamento2023.txt,0.0,0.0,0.0,0.0,0.0,0.0,0.0,0.0,0.0,0.0,1,0,0,0,0,0,0,0.0,1.0
05_2406_rta_05_240916131522_4166---protocolloaggiornamento2023.txt,0.0,0.0,0.0,0.0,0.0,0.0,0.0,0.0,0.0,0.0,1,0,0,0,0,0,0,0.0,1.0
13_2406_rta_13_241122105540_4166---protocollodirete_vastodonnattiva.txt,0.0,0.0,0.0,0.0,0.0,0.0,0.0,0.0,0.0,0.0,1,0,0,0,0,0,0,0.0,1.0
08_2406_rta_08_241015091430_4166---Protocollo_Distrettuale_Contrasto_violenza_Donne2023.stamped.txt,0.0,0.0,0.0,0.0,0.0,0.0,0.0,0.0,0.0,0.0,1,0,0,0,0,0,0,0.0,1.0
08_2406_rta_08_241015091430_4166---Protocollo_Distrettuale_Contrasto_violenza_Donne2023.stamped.txt,0.0,0.0,0.0,0.0,0.0,0.0,0.0,0.0,0.0,0.0,1,0,0,0,0,0,0,0.0,1.0
08_2406_rta_08_241015091430_4166---Protocollo_Distrettuale_Contrasto_violenza_Donne2023.stamped.txt,0.0,0.0,0.0,0.0,0.0,0.0,0.0,0.0,0.0,0.0,1,0,0,0,0,0,0,0.0,1.0
08_2406_rta_08_241015091430_4166---Protocollo_Distrettuale_Contrasto_violenza_Donne2023.stamped.txt,0.0,0.0,0.0,0.0,0.0,0.0,0.0,0.0,0.0,0.0,1,0,0,0,0,0,0,0.0,1.0
08_2406_rta_08_241015091430_4166---Protocollo_Distrettuale_Contrasto_violenza_Donne2023.stamped.txt,0.0,0.0,0.0,0.0,0.0,0.0,0.0,0.0,0.0,0.0,1,0,0,0,0,0,0,0.0,1.0
03_2406_rta_03_240920120751_4166---protocollodiintesa.txt,0.0,0.0,0.0,0.0,0.0,0.0,0.0,0.0,0.0,0.0,1,0,0,0,0,0,0,0.0,1.0
01_2406_rta_01_240909114524_4166---CONVENZIONEUNITO-SPORTANTIVIOLENZA.txt,0.0,0.0,0.0,0.0,0.0,0.0,0.0,0.0,0.0,0.0,1,0,0,0,0,0,0,0.0,1.0
05_2406_rta_05_240916131522_4166---protocolloaggiornamento2023.txt,0.0,0.0,0.0,0.0,0.0,0.0,0.0,0.0,0.0,0.0,1,1,0,0,0,0,0,0.0,2.0
12_2406_rta_12_241003120714_4166---ASLROMA5_.txt,0.0,0.0,0.0,0.0,0.0,0.0,0.0,0.0,0.0,0.0,1,0,0,0,0,0,0,0.0,1.0
12_2406_rta_12_241003120714_4166---ASLROMA5_.txt,0.0,0.0,0.0,0.0,0.0,0.0,0.0,0.0,0.0,0.0,1,0,0,0,0,0,0,0.0,1.0
12_2406_rta_12_240926133706_4166---STAR.txt,0.0,0.0,0.0,0.0,0.0,0.0,0.0,0.0,0.0,0.0,1,1,0,0,0,0,0,0.0,2.0
12_2406_rta_12_240926133706_4166---STAR.txt,0.0,0.0,0.0,0.0,0.0,0.0,0.0,0.0,0.0,0.0,1,0,0,0,0,0,0,0.0,1.0
18_2406_rta_18_240926102931_4166---PROT.2403-24.txt,0.0,0.0,0.0,0.0,0.0,0.0,0.0,0.0,0.0,0.0,0,0,0,0,0,0,0,0.0,0.0
01_2406_rta_01_240904162242_4166---CONVENZIONETRAASLTO3ESVOLTADONNA.txt,0.0,0.0,0.0,0.0,0.0,0.0,0.0,0.0,0.0,0.0,0,0,0,0,0,1,1,0.0,2.0
07_2406_rta_07_240916163956_4166---DGR477_2022_Protocollo.txt,0.0,0.0,0.0,0.0,0.0,0.0,0.0,0.0,0.0,0.0,1,0,0,0,0,0,0,0.0,1.0
07_2406_rta_07_240916163905_4166---PROTOCOLLOFIRMATO(002).txt,0.0,0.0,0.0,0.0,0.0,0.0,0.0,0.0,0.0,0.0,1,1,0,1,0,0,1,0.0,4.0
01_2406_rta_01_240904162242_4166---CONVENZIONETRAASLTO3ESVOLTADONNA.txt,0.0,0.0,0.0,0.0,0.0,0.0,0.0,0.0,0.0,0.0,1,1,0,0,0,0,0,0.0,2.0
08_2406_rta_08_241015091725_4166---Protoc-Prefett-2017.txt,0.0,0.0,0.0,0.0,0.0,0.0,0.0,0.0,0.0,0.0,1,1,0,0,0,0,0,0.0,2.0
16_bari_Protocollo Gioia del Colle_ATS_Rete locale.txt,0.0,0.0,0.0,0.0,0.0,0.0,0.0,0.0,0.0,0.0,1,0,0,0,0,0,0,0.0,1.0
18_2406_rta_18_240926102931_4166---PROT.2403-24.txt,0.0,0.0,0.0,0.0,0.0,0.0,0.0,0.0,0.0,0.0,0,0,0,0,0,0,0,0.0,0.0
12_2406_rta_12_240926124601_4166---ACCORDOtrlepartiITSETLOIeMarielleFranco(1).txt,0.0,0.0,0.0,0.0,0.0,0.0,0.0,0.0,0.0,0.0,0,0,0,0,0,0,0,0.0,0.0
12_2406_rta_12_241004114912_4166---ProtocolloRetePrantiviolenzaFrosinone.txt,0.0,0.0,0.0,0.0,0.0,0.0,0.0,0.0,0.0,0.0,1,1,0,1,0,0,1,0.0,4.0
12_2406_rta_12_241002112428_4166---7prot(mancapagina)CAVSAPIENZA-UNIVERSITàPOPOLAREVITAATIVA.txt,0.0,0.0,0.0,0.0,0.0,0.0,0.0,0.0,0.0,0.0,1,1,0,0,0,0,0,0.0,2.0
12_2406_rta_12_241004144338_4166---06-ProtocolloComunediVALLECORSA.txt,0.0,0.0,0.0,0.0,0.0,0.0,0.0,0.0,0.0,0.0,1,1,1,0,0,1,1,0.0,5.0
12_2406_rta_12_241004145108_4166---07-ProtocolloCONilComunediVILLASANTOSTEFANO.txt,0.0,0.0,0.0,0.0,0.0,0.0,0.0,0.0,0.0,0.0,1,1,1,0,0,0,0,0.0,3.0
12_2406_rta_12_241007224201_4166---ProtocolloConilComunediARCE.txt,0.0,0.0,0.0,0.0,0.0,0.0,0.0,0.0,0.0,0.0,1,1,1,0,0,0,0,0.0,3.0
03_2406_rta_03_240923114012_4166---23-9-2024ProtocolloReteRita_signed_signed_signedDEF_signed_signed-signed_signed(1).txt,0.0,0.0,0.0,0.0,0.0,0.0,0.0,0.0,0.0,0.0,1,1,0,0,0,0,0,0.0,2.0
08_2406_rta_08_241015091355_4166---PROTOCOLLO_CONTRO_VIOLENZA_firmato2023.txt,0.0,0.0,0.0,0.0,0.0,0.0,0.0,0.0,0.0,0.0,1,1,0,0,0,0,0,0.0,2.0
03_2406_rta_03_240918153156_4166---Protocollo_d'Intesa_Rete_Mantova.prot.txt,0.0,0.0,0.0,0.0,0.0,0.0,0.0,0.0,0.0,0.0,1,1,1,1,0,0,1,0.0,5.0
03_2406_rta_03_240924144947_4166---Protocollod'IntesaReteAntiviolenzaIsolaBergamascaeBassaValSanMartino2024.txt,0.0,0.0,0.0,0.0,0.0,0.0,0.0,0.0,0.0,0.0,1,1,0,0,0,0,0,0.0,2.0
03_2406_rta_03_240918151606_4166---A_RetePavia_Protocollo2021_e_Integrazioni2023_firmato_compressed.txt,0.0,0.0,0.0,0.0,0.0,0.0,0.0,0.0,0.0,0.0,1,1,0,1,0,0,1,0.0,4.0
09_PISA PREF E PROV.txt,0.0,0.0,0.0,0.0,0.0,0.0,0.0,0.0,0.0,0.0,1,1,0,0,0,0,0,0.0,2.0
03_2406_rta_03_240923105244_4166---ProtocolloViolenzaMilanoFirme2023.txt,0.0,0.0,0.0,0.0,0.0,0.0,0.0,0.0,0.0,0.0,1,1,1,0,0,0,0,0.0,3.0
03_2406_rta_03_240923101524_4166---PROTOCOLLO_DI_INTESA_versione_DEFINITIVA2021.stamped.txt,0.0,0.0,0.0,0.0,0.0,0.0,0.0,0.0,0.0,0.0,1,1,0,1,0,0,1,0.0,4.0
03_2406_rta_03_240926123135_4166---ProtocollodiRete.txt,0.0,0.0,0.0,0.0,0.0,0.0,0.0,0.0,0.0,0.0,0,0,0,0,0,0,0,0.0,0.0
12_2406_rta_12_240927093424_4166---ProtVMunMerlin.txt,0.0,0.0,0.0,0.0,0.0,0.0,0.0,0.0,0.0,0.0,1,1,0,0,0,0,0,0.0,2.0
08_2406_rta_08_241015092024_4166---Protocollooperativo.txt,0.0,0.0,0.0,0.0,0.0,0.0,0.0,0.0,0.0,0.0,1,0,0,0,0,0,0,0.0,1.0
12_2406_rta_12_240926133706_4166---STAR.txt,0.0,0.0,0.0,0.0,0.0,0.0,0.0,0.0,0.0,0.0,1,1,0,0,0,0,0,0.0,2.0
03_2406_rta_03_240918153156_4166---Protocollo_d'Intesa_Rete_Mantova.prot.txt,0.0,0.0,0.0,0.0,0.0,0.0,0.0,0.0,0.0,0.0,1,1,1,0,0,0,0,0.0,3.0
03_2406_rta_03_240926122707_4166---ProtocolloReteAntiviolenzaconfirme.txt,0.0,0.0,0.0,0.0,0.0,0.0,0.0,0.0,0.0,0.0,1,1,0,0,0,0,0,0.0,2.0
13_2406_rta_13_241122102615_4166---PROTOCOLLOD_INTESACOMUNEAQ_donatellatelliniCAV2023.txt,0.0,0.0,0.0,0.0,0.0,0.0,0.0,0.0,0.0,0.0,1,1,1,0,0,0,0,0.0,3.0
03_2406_rta_03_240926122707_4166---ProtocolloReteAntiviolenzaconfirme.txt,0.0,0.0,0.0,0.0,0.0,0.0,0.0,0.0,0.0,0.0,1,1,0,0,0,0,0,0.0,2.0
09_ALTA VALDELSA Protocollo-violenza-valdelsa-2022_ALTA VALDELSA.txt,0.0,0.0,0.0,0.0,0.0,0.0,0.0,0.0,0.0,0.0,1,0,0,1,0,0,1,0.0,3.0
03_2406_rta_03_240918153252_4166---Protocollo+Appendice+LineeGuida_Datatodafirmare.txt,0.0,0.0,0.0,0.0,0.0,0.0,0.0,0.0,0.0,0.0,1,1,0,0,0,0,0,0.0,2.0
11_2406_rta_11_240911113105_4166---PROTOCOLLO_OPERATIVO2024_CONINDIRIZZARIO_FIRMATO.txt,0.0,0.0,0.0,0.0,0.0,0.0,0.0,0.0,0.0,0.0,1,1,0,0,0,0,0,0.0,2.0
03_2406_rta_03_240926122707_4166---ProtocolloReteAntiviolenzaconfirme.txt,0.0,0.0,0.0,0.0,0.0,0.0,0.0,0.0,0.0,0.0,1,1,0,0,0,0,0,0.0,2.0
09_PISA PREF E PROV.txt,0.0,0.0,0.0,0.0,0.0,0.0,0.0,0.0,0.0,0.0,1,1,0,0,0,0,0,0.0,2.0
06_2406_rta_06_240924164454_4166---protocollo_tempo_sospeso.txt,0.0,0.0,0.0,0.0,0.0,0.0,0.0,0.0,0.0,0.0,1,1,0,0,0,0,0,0.0,2.0
03_2406_rta_03_240923102947_4166---ProtSOTTOSCRITTO_ReteAntiviolenzaPiuIntegrazioneAprile2024(1).txt,0.0,0.0,0.0,0.0,0.0,0.0,0.0,0.0,0.0,0.0,1,1,0,0,0,0,0,0.0,2.0
03_2406_rta_03_240918153156_4166---Protocollo_d'Intesa_Rete_Mantova.prot.txt,0.0,0.0,0.0,0.0,0.0,0.0,0.0,0.0,0.0,0.0,1,1,1,0,0,0,0,0.0,3.0
03_2406_rta_03_240918153240_4166---Protocollod'intesaperl'IstituzionediunSistemaTerritorialeAntiviolenzainReteconAddendumSindacati.txt,0.0,0.0,0.0,0.0,0.0,0.0,0.0,0.0,0.0,0.0,1,1,0,1,0,0,1,0.0,4.0
12_2406_rta_12_241004144338_4166---06-ProtocolloComunediVALLECORSA.txt,0.0,0.0,0.0,0.0,0.0,0.0,0.0,0.0,0.0,0.0,0,0,0,0,0,0,0,0.0,0.0
03_2406_rta_03_240923105244_4166---ProtocolloViolenzaMilanoFirme2023.txt,0.0,0.0,0.0,0.0,0.0,0.0,0.0,0.0,0.0,0.0,1,1,0,0,0,0,0,0.0,2.0
03_2406_rta_03_240923111659_4166---ProtocolloantiviolenzaComunediLodi_scansioneconfirme_maggio2014.txt,0.0,0.0,0.0,0.0,0.0,0.0,0.0,0.0,0.0,0.0,0,0,0,0,0,0,0,0.0,0.0
03_2406_rta_03_240923103647_4166---protocolloreteantiviolenzacinisello2019(1).txt,0.0,0.0,0.0,0.0,0.0,0.0,0.0,0.0,0.0,0.0,1,0,0,0,0,0,0,0.0,1.0
08_2406_rta_08_241015091330_4166---Protocollo_intesa_autonomia_abitativa_donne_vittime_di_violenza_CittMtrBO.txt,0.0,0.0,0.0,0.0,0.0,0.0,0.0,0.0,0.0,0.0,1,1,0,0,0,0,0,0.0,2.0
03_2406_rta_03_240923103647_4166---protocolloreteantiviolenzacinisello2019(1).txt,0.0,0.0,0.0,0.0,0.0,0.0,0.0,0.0,0.0,0.0,1,0,0,0,0,0,0,0.0,1.0
03_2406_rta_03_240926122707_4166---ProtocolloReteAntiviolenzaconfirme.txt,0.0,0.0,0.0,0.0,0.0,0.0,0.0,0.0,0.0,0.0,0,0,0,0,0,0,0,0.0,0.0
03_2406_rta_03_240926123135_4166---ProtocollodiRete.txt,0.0,0.0,0.0,0.0,0.0,0.0,0.0,0.0,0.0,0.0,0,0,0,0,0,0,0,0.0,0.0
12_2406_rta_12_241002115125_4166---2protCAVTITANO-AmiciDiConcaD’oro.txt,0.0,0.0,0.0,0.0,0.0,0.0,0.0,0.0,0.0,0.0,1,1,0,0,0,0,0,0.0,2.0
12_2406_rta_12_241003100516_4166---1ProtCAVPAOLALATTESLibroteka(1).txt,0.0,0.0,0.0,0.0,0.0,0.0,0.0,0.0,0.0,0.0,1,1,0,0,0,0,0,0.0,2.0
12_2406_rta_12_240926133329_4166---ProtInt2CAVFRANCARAME-18-20(1).txt,0.0,0.0,0.0,0.0,0.0,0.0,0.0,0.0,0.0,0.0,1,1,0,0,0,0,0,0.0,2.0
12_2406_rta_12_241004101038_4166---911protCAVPAOLALATTESAssociazioneGliAmicidiRobertoOdV(1).txt,0.0,0.0,0.0,0.0,0.0,0.0,0.0,0.0,0.0,0.0,1,1,0,0,0,0,0,0.0,2.0
12_2406_rta_12_240926140522_4166---4ProtintCAVFRANCARAME-38-41(1).txt,0.0,0.0,0.0,0.0,0.0,0.0,0.0,0.0,0.0,0.0,1,1,0,0,0,0,0,0.0,2.0
12_2406_rta_12_241004103912_4166---9protCAVPAOLALATTESComitatodiQuartiereTorraccia(1).txt,0.0,0.0,0.0,0.0,0.0,0.0,0.0,0.0,0.0,0.0,1,1,0,0,0,0,0,0.0,2.0
12_2406_rta_12_241004094402_4166---7ProtCAVPAOLALATTESAPSedIlComitatodiQuartiere“ComprensorioPratolungo(1).txt,0.0,0.0,0.0,0.0,0.0,0.0,0.0,0.0,0.0,0.0,1,1,0,0,0,0,0,0.0,2.0
08_2406_rta_08_241015091655_4166---Aggiornamentointegrazioneprotocollooperativoapprovatonelgiugno2008.txt,0.0,0.0,0.0,0.0,0.0,0.0,0.0,0.0,0.0,0.0,1,1,1,0,0,0,0,0.0,3.0
03_2406_rta_03_240923103647_4166---protocolloreteantiviolenzacinisello2019(1).txt,0.0,0.0,0.0,0.0,0.0,0.0,0.0,0.0,0.0,0.0,1,0,0,0,0,0,0,0.0,1.0
03_2406_rta_03_240920120751_4166---protocollodiintesa.txt,0.0,0.0,0.0,0.0,0.0,0.0,0.0,0.0,0.0,0.0,1,1,0,0,0,0,0,0.0,2.0
01_2406_rta_01_241003115621_4166---ProtocolloCISCirie.txt,0.0,0.0,0.0,0.0,0.0,0.0,0.0,0.0,0.0,0.0,1,1,0,0,0,0,0,0.0,2.0
08_2406_rta_08_241015091330_4166---Protocollo_intesa_autonomia_abitativa_donne_vittime_di_violenza_CittMtrBO.txt,0.0,0.0,0.0,0.0,0.0,0.0,0.0,0.0,0.0,0.0,1,1,0,0,0,0,0,0.0,2.0
08_2406_rta_08_241015092049_4166---PROTOCOLLOD.G.C.FAENZA304-2009.txt,0.0,0.0,0.0,0.0,0.0,0.0,0.0,0.0,0.0,0.0,1,1,1,1,0,0,1,0.0,5.0
03_2406_rta_03_240923105244_4166---ProtocolloViolenzaMilanoFirme2023.txt,0.0,0.0,0.0,0.0,0.0,0.0,0.0,0.0,0.0,0.0,1,1,0,0,0,0,0,0.0,2.0
01_2406_rta_01_240904162242_4166---CONVENZIONETRAASLTO3ESVOLTADONNA.txt,0.0,0.0,0.0,0.0,0.0,0.0,0.0,0.0,0.0,0.0,1,1,0,1,0,0,1,0.0,4.0
03_2406_rta_03_240918153240_4166---Protocollod'intesaperl'IstituzionediunSistemaTerritorialeAntiviolenzainReteconAddendumSindacati.txt,0.0,0.0,0.0,0.0,0.0,0.0,0.0,0.0,0.0,0.0,1,1,1,0,0,0,0,0.0,3.0
03_2406_rta_03_240925144919_4166---RETEDICOMO-PROTOCOLLOINTERIST.17novembre2023(1).txt,0.0,0.0,0.0,0.0,0.0,0.0,0.0,0.0,0.0,0.0,1,1,0,0,0,0,0,0.0,2.0
03_2406_rta_03_240923105244_4166---ProtocolloViolenzaMilanoFirme2023.txt,0.0,0.0,0.0,0.0,0.0,0.0,0.0,0.0,0.0,0.0,1,1,0,0,0,0,0,0.0,2.0
03_2406_rta_03_240920120751_4166---protocollodiintesa.txt,0.0,0.0,0.0,0.0,0.0,0.0,0.0,0.0,0.0,0.0,1,1,0,0,0,0,0,0.0,2.0
06_2406_rta_06_240916164102_4166---protocollopordenoneprefettura.txt,0.0,0.0,0.0,0.0,0.0,0.0,0.0,0.0,0.0,0.0,1,1,0,0,0,0,0,0.0,2.0
06_2406_rta_06_240916164102_4166---protocollopordenoneprefettura.txt,0.0,0.0,0.0,0.0,0.0,0.0,0.0,0.0,0.0,0.0,1,1,0,0,0,0,0,0.0,2.0
12_2406_rta_12_241004141331_4166---ConvenzioneconilComunediCECCANO.txt,0.0,0.0,0.0,0.0,0.0,0.0,0.0,0.0,0.0,0.0,1,1,0,1,0,0,1,0.0,4.0
12_2406_rta_12_241008103001_4166---16-Convenzioneconl'UniversitàECAMPUS.txt,0.0,0.0,0.0,0.0,0.0,0.0,0.0,0.0,0.0,0.0,1,1,0,0,0,0,0,0.0,2.0
12_2406_rta_12_241004140636_4166---04-ProtocolloconlaQuesturadiFrosinone.txt,0.0,0.0,0.0,0.0,0.0,0.0,0.0,0.0,0.0,0.0,1,1,0,0,0,0,0,0.0,2.0
12_2406_rta_12_241004114912_4166---ProtocolloRetePrantiviolenzaFrosinone.txt,0.0,0.0,0.0,0.0,0.0,0.0,0.0,0.0,0.0,0.0,1,1,0,1,0,0,1,0.0,4.0
12_2406_rta_12_241008145357_4166---Protocollointeristituzionale2023.txt,0.0,0.0,0.0,0.0,0.0,0.0,0.0,0.0,0.0,0.0,1,1,0,0,0,0,0,0.0,2.0
12_2406_rta_12_241004133706_4166---ProtocollodiretePREFETTURAFrosinone(1).txt,0.0,0.0,0.0,0.0,0.0,0.0,0.0,0.0,0.0,0.0,1,1,0,1,0,0,1,0.0,4.0
12_2406_rta_12_241004145702_4166---08-ProtocolloComunediFalvaterra.txt,0.0,0.0,0.0,0.0,0.0,0.0,0.0,0.0,0.0,0.0,1,1,1,0,0,0,0,0.0,3.0
03_2406_rta_03_240918153156_4166---Protocollo_d'Intesa_Rete_Mantova.prot.txt,0.0,0.0,0.0,0.0,0.0,0.0,0.0,0.0,0.0,0.0,1,1,1,0,0,0,0,0.0,3.0
08_2406_rta_08_241015091748_4166---ProtocolloProvincialeCaserifugio2023.2025.txt,0.0,0.0,0.0,0.0,0.0,0.0,0.0,0.0,0.0,0.0,1,1,0,0,0,0,0,0.0,2.0
08_2406_rta_08_241015091748_4166---ProtocolloProvincialeCaserifugio2023.2025.txt,0.0,0.0,0.0,0.0,0.0,0.0,0.0,0.0,0.0,0.0,1,1,0,0,0,0,0,0.0,2.0
08_2406_rta_08_241015091748_4166---ProtocolloProvincialeCaserifugio2023.2025.txt,0.0,0.0,0.0,0.0,0.0,0.0,0.0,0.0,0.0,0.0,1,1,0,0,0,0,0,0.0,2.0
12_2406_rta_12_241004114912_4166---ProtocolloRetePrantiviolenzaFrosinone.txt,0.0,0.0,0.0,0.0,0.0,0.0,0.0,0.0,0.0,0.0,1,1,0,1,0,0,1,0.0,4.0
12_2406_rta_12_241002130504_4166---3Protocollid'intesa-TavoloInteristituzionaletraUfficiGiudiziaricompetentinelcircondariodiRomaavvocaturaecentriantiviolenza(1).txt,0.0,0.0,0.0,0.0,0.0,0.0,0.0,0.0,0.0,0.0,1,1,0,0,0,0,0,0.0,2.0
03_2406_rta_03_240926122051_4166---Protocollomonz.txt,0.0,0.0,0.0,0.0,0.0,0.0,0.0,0.0,0.0,0.0,1,1,1,0,0,0,0,0.0,3.0
01_2406_rta_01_240920123646_4166---vercellieos.txt,0.0,0.0,0.0,0.0,0.0,0.0,0.0,0.0,0.0,0.0,1,1,1,1,0,0,1,0.0,5.0
01_2406_rta_01_241018142716_4166---protocolloreteVC.txt,0.0,0.0,0.0,0.0,0.0,0.0,0.0,0.0,0.0,0.0,1,1,1,0,0,0,0,0.0,3.0
03_2406_rta_03_240923105244_4166---ProtocolloViolenzaMilanoFirme2023.txt,0.0,0.0,0.0,0.0,0.0,0.0,0.0,0.0,0.0,0.0,1,1,0,0,0,0,0,0.0,2.0
12_2406_rta_12_241008150442_4166---1.Protocollo.txt,0.0,0.0,0.0,0.0,0.0,0.0,0.0,0.0,0.0,0.0,0,0,0,0,0,0,0,0.0,0.0
01_2406_rta_01_240920123646_4166---vercellieos.txt,0.0,0.0,0.0,0.0,0.0,0.0,0.0,0.0,0.0,0.0,1,1,1,1,0,0,1,0.0,5.0
01_2406_rta_01_241018142716_4166---protocolloreteVC.txt,0.0,0.0,0.0,0.0,0.0,0.0,0.0,0.0,0.0,0.0,1,0,1,0,0,0,0,0.0,2.0
08_2406_rta_08_241015091310_4166---Accordo_Contrasto_alla_violenza_CittMtrBO.txt,0.0,0.0,0.0,0.0,0.0,0.0,0.0,0.0,0.0,0.0,1,1,0,0,0,0,0,0.0,2.0
03_2406_rta_03_240926122051_4166---Protocollomonz.txt,0.0,0.0,0.0,0.0,0.0,0.0,0.0,0.0,0.0,0.0,1,1,1,0,0,0,0,0.0,3.0
03_2406_rta_03_240923103647_4166---protocolloreteantiviolenzacinisello2019(1).txt,0.0,0.0,0.0,0.0,0.0,0.0,0.0,0.0,0.0,0.0,1,0,0,0,0,0,0,0.0,1.0
08_2406_rta_08_241015091655_4166---Aggiornamentointegrazioneprotocollooperativoapprovatonelgiugno2008.txt,0.0,0.0,0.0,0.0,0.0,0.0,0.0,0.0,0.0,0.0,1,0,0,0,0,0,0,0.0,1.0
03_2406_rta_03_240920120751_4166---protocollodiintesa.txt,0.0,0.0,0.0,0.0,0.0,0.0,0.0,0.0,0.0,0.0,1,0,0,0,0,0,0,0.0,1.0
03_2406_rta_03_240926122707_4166---ProtocolloReteAntiviolenzaconfirme.txt,0.0,0.0,0.0,0.0,0.0,0.0,0.0,0.0,0.0,0.0,1,1,0,0,0,0,0,0.0,2.0
12_2406_rta_12_241002111710_4166---6protCAVSAPIENZA-SAPIENZAINMOVIMENTO.txt,0.0,0.0,0.0,0.0,0.0,0.0,0.0,0.0,0.0,0.0,0,0,0,0,0,0,0,0.0,0.0
18_2406_rta_18_240926102259_4166---Protocollod’intesaperlaprotezioneel’assistenzadellevittimediviolenzadigenererichiedentiasilo.txt,0.0,0.0,0.0,0.0,0.0,0.0,0.0,0.0,0.0,0.0,1,1,0,0,0,1,1,0.0,4.0
18_2406_rta_18_240926102333_4166---accordodiretecentroaiutodonna.txt,0.0,0.0,0.0,0.0,0.0,0.0,0.0,0.0,0.0,0.0,1,0,0,0,0,0,0,0.0,1.0
03_2406_rta_03_240923105244_4166---ProtocolloViolenzaMilanoFirme2023.txt,0.0,0.0,0.0,0.0,0.0,0.0,0.0,0.0,0.0,0.0,1,1,0,0,0,0,0,0.0,2.0
01_2406_rta_01_240920112211_4166---367772-4-Protocollo_intesa_Completo.txt,0.0,0.0,0.0,0.0,0.0,0.0,0.0,0.0,0.0,0.0,0,0,0,0,0,0,0,0.0,0.0
18_2406_rta_18_240926102943_4166---schemaAccordoCollaborazione499ARIEL_signed.txt,0.0,0.0,0.0,0.0,0.0,0.0,0.0,0.0,0.0,0.0,1,1,0,1,0,0,1,0.0,4.0
09_APUANE_2015 Protocollo Prefettura.txt,0.0,0.0,0.0,0.0,0.0,0.0,0.0,0.0,0.0,0.0,0,0,0,0,0,0,0,0.0,0.0
08_2406_rta_08_241015091430_4166---Protocollo_Distrettuale_Contrasto_violenza_Donne2023.stamped.txt,0.0,0.0,0.0,0.0,0.0,0.0,0.0,0.0,0.0,0.0,1,1,1,1,0,1,1,0.0,6.0
09_APUANE_2015 Protocollo Prefettura.txt,0.0,0.0,0.0,0.0,0.0,0.0,0.0,0.0,0.0,0.0,0,0,0,0,0,0,0,0.0,0.0
09_APUANE_2015 Protocollo Prefettura.txt,0.0,0.0,0.0,0.0,0.0,0.0,0.0,0.0,0.0,0.0,0,0,0,0,0,0,0,0.0,0.0
08_2406_rta_08_241015091621_4166---PROTOCOLLO_22.txt,0.0,0.0,0.0,0.0,0.0,0.0,0.0,0.0,0.0,0.0,1,1,0,0,0,0,0,0.0,2.0
08_2406_rta_08_241015091621_4166---PROTOCOLLO_22.txt,0.0,0.0,0.0,0.0,0.0,0.0,0.0,0.0,0.0,0.0,1,1,0,0,0,0,0,0.0,2.0
08_2406_rta_08_241015091621_4166---PROTOCOLLO_22.txt,0.0,0.0,0.0,0.0,0.0,0.0,0.0,0.0,0.0,0.0,1,1,0,0,0,0,0,0.0,2.0
05_2406_rta_05_240919124736_4166---Protocollo_per_contrasto_alla_violenza_di_genere.stamped.txt,0.0,0.0,0.0,0.0,0.0,0.0,0.0,0.0,0.0,0.0,1,0,0,0,0,0,0,0.0,1.0
12_2406_rta_12_241003115852_4166---SISTEMABIBLIOTECARIOLASAPIENZA.txt,0.0,0.0,0.0,0.0,0.0,0.0,0.0,0.0,0.0,0.0,1,1,0,0,0,0,0,0.0,2.0
12_2406_rta_12_241004133706_4166---ProtocollodiretePREFETTURAFrosinone(1).txt,0.0,0.0,0.0,0.0,0.0,0.0,0.0,0.0,0.0,0.0,0,0,0,0,0,0,0,0.0,0.0
09_APUANE_2015 Protocollo Prefettura.txt,0.0,0.0,0.0,0.0,0.0,0.0,0.0,0.0,0.0,0.0,1,1,0,0,0,0,0,0.0,2.0
05_2406_rta_05_240916135305_4166---protocolloulss4.txt,0.0,0.0,0.0,0.0,0.0,0.0,0.0,0.0,0.0,0.0,1,1,0,0,0,0,0,0.0,2.0
12_2406_rta_12_241004141331_4166---ConvenzioneconilComunediCECCANO.txt,0.0,0.0,0.0,0.0,0.0,0.0,0.0,0.0,0.0,0.0,1,1,0,0,0,0,0,0.0,2.0
02_2406_rta_02_240904124958_4166---lrn4del25feb2013.txt,0.0,0.0,0.0,0.0,0.0,0.0,0.0,0.0,0.0,0.0,0,0,0,0,0,0,0,0.0,0.0
07_2406_rta_07_240916163933_4166---sub_14574431199510849525_Protocollo_LVLS-signed.txt,0.0,0.0,0.0,0.0,0.0,0.0,0.0,0.0,0.0,0.0,1,1,0,0,0,0,0,0.0,2.0
03_2406_rta_03_240923105244_4166---ProtocolloViolenzaMilanoFirme2023.txt,0.0,0.0,0.0,0.0,0.0,0.0,0.0,0.0,0.0,0.0,1,1,0,0,0,0,0,0.0,2.0
01_2406_rta_01_240904122512_4166---accordoSFD.txt,0.0,0.0,0.0,0.0,0.0,0.0,0.0,0.0,0.0,0.0,0,0,0,0,0,0,0,0.0,0.0
01_2406_rta_01_240904122512_4166---accordoSFD.txt,0.0,0.0,0.0,0.0,0.0,0.0,0.0,0.0,0.0,0.0,0,0,0,0,0,0,0,0.0,0.0
01_2406_rta_01_241003115621_4166---ProtocolloCISCirie.txt,0.0,0.0,0.0,0.0,0.0,0.0,0.0,0.0,0.0,0.0,1,1,0,0,0,0,0,0.0,2.0
01_2406_rta_01_240904110730_4166---protocollocontuttelefirme(1).txt,0.0,0.0,0.0,0.0,0.0,0.0,0.0,0.0,0.0,0.0,1,1,0,0,0,0,0,0.0,2.0
01_2406_rta_01_240904110730_4166---protocollocontuttelefirme(1).txt,0.0,0.0,0.0,0.0,0.0,0.0,0.0,0.0,0.0,0.0,0,0,0,0,0,1,1,0.0,2.0
12_2406_rta_12_240926133706_4166---STAR.txt,0.0,0.0,0.0,0.0,0.0,0.0,0.0,0.0,0.0,0.0,1,0,0,0,0,0,0,0.0,1.0
03_2406_rta_03_240923101524_4166---PROTOCOLLO_DI_INTESA_versione_DEFINITIVA2021.stamped.txt,0.0,0.0,0.0,0.0,0.0,0.0,0.0,0.0,0.0,0.0,1,1,0,0,0,0,0,0.0,2.0
03_2406_rta_03_240923105244_4166---ProtocolloViolenzaMilanoFirme2023.txt,0.0,0.0,0.0,0.0,0.0,0.0,0.0,0.0,0.0,0.0,1,1,0,0,0,0,0,0.0,2.0
03_2406_rta_03_240920120751_4166---protocollodiintesa.txt,0.0,0.0,0.0,0.0,0.0,0.0,0.0,0.0,0.0,0.0,1,0,0,0,0,0,0,0.0,1.0
03_2406_rta_03_240925150245_4166---ProtocolloReteARIAPalazzolo.txt,0.0,0.0,0.0,0.0,0.0,0.0,0.0,0.0,0.0,0.0,1,1,0,1,0,0,1,0.0,4.0
03_2406_rta_03_240918151606_4166---A_RetePavia_Protocollo2021_e_Integrazioni2023_firmato_compressed.txt,0.0,0.0,0.0,0.0,0.0,0.0,0.0,0.0,0.0,0.0,1,1,0,0,0,0,0,0.0,2.0
03_2406_rta_03_240918151606_4166---A_RetePavia_Protocollo2021_e_Integrazioni2023_firmato_compressed.txt,0.0,0.0,0.0,0.0,0.0,0.0,0.0,0.0,0.0,0.0,1,1,0,1,0,0,1,0.0,4.0
01_2406_rta_01_240920112211_4166---367772-4-Protocollo_intesa_Completo.txt,0.0,0.0,0.0,0.0,0.0,0.0,0.0,0.0,0.0,0.0,1,1,0,0,0,0,0,0.0,2.0
05_2406_rta_05_240919114041_4166---protocollounicorevisionato2024.txt,0.0,0.0,0.0,0.0,0.0,0.0,0.0,0.0,0.0,0.0,0,0,0,0,0,0,0,0.0,0.0
12_2406_rta_12_241003115345_4166---1.PROTOCOLLOTAVOLOINTERISTITUZIONALE.txt,0.0,0.0,0.0,0.0,0.0,0.0,0.0,0.0,0.0,0.0,1,1,0,0,0,0,0,0.0,2.0
01_2406_rta_01_240909110828_4166---PROTOCOLLOHELP.txt,0.0,0.0,0.0,0.0,0.0,0.0,0.0,0.0,0.0,0.0,0,0,0,0,0,0,0,0.0,0.0
12_2406_rta_12_241004114912_4166---ProtocolloRetePrantiviolenzaFrosinone.txt,0.0,0.0,0.0,0.0,0.0,0.0,0.0,0.0,0.0,0.0,1,1,0,1,0,0,1,0.0,4.0
12_2406_rta_12_241002130504_4166---3Protocollid'intesa-TavoloInteristituzionaletraUfficiGiudiziaricompetentinelcircondariodiRomaavvocaturaecentriantiviolenza(1).txt,0.0,0.0,0.0,0.0,0.0,0.0,0.0,0.0,0.0,0.0,1,1,0,0,0,0,0,0.0,2.0
18_2406_rta_18_240926102931_4166---PROT.2403-24.txt,0.0,0.0,0.0,0.0,0.0,0.0,0.0,0.0,0.0,0.0,0,0,0,0,0,0,0,0.0,0.0
01_2406_rta_01_240904162242_4166---CONVENZIONETRAASLTO3ESVOLTADONNA.txt,0.0,0.0,0.0,0.0,0.0,0.0,0.0,0.0,0.0,0.0,0,0,0,0,0,0,0,0.0,0.0
"03_2406_rta_03_240923164603_4166---ProtocolloreteantiviolenzaBusto,Gallarate,Saronno,SommaLombardo-2024.txt",0.0,0.0,0.0,0.0,0.0,0.0,0.0,0.0,0.0,0.0,1,1,0,0,0,0,0,0.0,2.0
03_2406_rta_03_240923101524_4166---PROTOCOLLO_DI_INTESA_versione_DEFINITIVA2021.stamped.txt,0.0,0.0,0.0,0.0,0.0,0.0,0.0,0.0,0.0,0.0,1,1,1,0,0,0,0,0.0,3.0
03_2406_rta_03_240923105244_4166---ProtocolloViolenzaMilanoFirme2023.txt,0.0,0.0,0.0,0.0,0.0,0.0,0.0,0.0,0.0,0.0,1,1,0,0,0,0,0,0.0,2.0
18_2406_rta_18_240925130829_4166---PROTOCOLLODIINTESA_COMUNEDIMENDICINO.txt,0.0,0.0,0.0,0.0,0.0,0.0,0.0,0.0,0.0,0.0,1,1,0,0,0,0,0,0.0,2.0
03_2406_rta_03_240923103647_4166---protocolloreteantiviolenzacinisello2019(1).txt,0.0,0.0,0.0,0.0,0.0,0.0,0.0,0.0,0.0,0.0,1,0,0,0,0,0,0,0.0,1.0
03_2406_rta_03_240923105244_4166---ProtocolloViolenzaMilanoFirme2023.txt,0.0,0.0,0.0,0.0,0.0,0.0,0.0,0.0,0.0,0.0,1,1,0,0,0,0,0,0.0,2.0
03_2406_rta_03_240923163715_4166---PROTOCOLLOD'INTESA2017_2020.txt,0.0,0.0,0.0,0.0,0.0,0.0,0.0,0.0,0.0,0.0,1,1,0,0,0,0,0,0.0,2.0
03_2406_rta_03_240920093134_4166---Protocollo_Intesa_Rete_Antiviolenza_SudEstMilano_Paullese_2021-2023.txt,0.0,0.0,0.0,0.0,0.0,0.0,0.0,0.0,0.0,0.0,1,1,0,0,0,0,0,0.0,2.0
08_2406_rta_08_241015091621_4166---PROTOCOLLO_22.txt,0.0,0.0,0.0,0.0,0.0,0.0,0.0,0.0,0.0,0.0,1,1,0,0,0,0,0,0.0,2.0
02_2406_rta_02_240904124958_4166---lrn4del25feb2013.txt,0.0,0.0,0.0,0.0,0.0,0.0,0.0,0.0,0.0,0.0,0,0,0,0,0,0,0,0.0,0.0
06_2406_rta_06_240924164454_4166---protocollo_tempo_sospeso.txt,0.0,0.0,0.0,0.0,0.0,0.0,0.0,0.0,0.0,0.0,1,1,0,0,1,0,1,0.0,4.0
12_2406_rta_12_241008151247_4166---3.prot.txt,0.0,0.0,0.0,0.0,0.0,0.0,0.0,0.0,0.0,0.0,0,0,0,0,0,0,0,0.0,0.0
12_2406_rta_12_241003094302_4166---4VerbaleIncontroGiorgieLaGinestra-PROTOCOLLO.txt,0.0,0.0,0.0,0.0,0.0,0.0,0.0,0.0,0.0,0.0,1,0,0,0,0,0,0,0.0,1.0
03_2406_rta_03_240923105244_4166---ProtocolloViolenzaMilanoFirme2023.txt,0.0,0.0,0.0,0.0,0.0,0.0,0.0,0.0,0.0,0.0,1,1,0,0,0,0,0,0.0,2.0
03_2406_rta_03_240923105244_4166---ProtocolloViolenzaMilanoFirme2023.txt,0.0,0.0,0.0,0.0,0.0,0.0,0.0,0.0,0.0,0.0,1,1,0,0,0,0,0,0.0,2.0
08_2406_rta_08_241015091310_4166---Accordo_Contrasto_alla_violenza_CittMtrBO.txt,0.0,0.0,0.0,0.0,0.0,0.0,0.0,0.0,0.0,0.0,1,0,0,0,0,0,0,0.0,1.0
12_2406_rta_12_241003101925_4166---ProtocolloFormazioneObiettivoUomo.txt,0.0,0.0,0.0,0.0,0.0,0.0,0.0,0.0,0.0,0.0,0,0,0,0,0,0,0,0.0,0.0
18_2406_rta_18_240926102931_4166---PROT.2403-24.txt,0.0,0.0,0.0,0.0,0.0,0.0,0.0,0.0,0.0,0.0,0,0,0,0,1,0,1,0.0,2.0
08_2406_rta_08_241015091330_4166---Protocollo_intesa_autonomia_abitativa_donne_vittime_di_violenza_CittMtrBO.txt,0.0,0.0,0.0,0.0,0.0,0.0,0.0,0.0,0.0,0.0,1,1,0,0,0,0,0,0.0,2.0
08_2406_rta_08_241015091310_4166---Accordo_Contrasto_alla_violenza_CittMtrBO.txt,0.0,0.0,0.0,0.0,0.0,0.0,0.0,0.0,0.0,0.0,1,0,0,0,0,0,0,0.0,1.0
08_2406_rta_08_241015091500_4166---Protocollo_autonomia_lavorativa_def.txt,0.0,0.0,0.0,0.0,0.0,0.0,0.0,0.0,0.0,0.0,1,1,0,0,0,0,0,0.0,2.0
17_2406_rta_17_250506142731_4166---Tavolodicoordinamentoemonitoraggio30-01-24.txt,0.0,0.0,0.0,0.0,0.0,0.0,0.0,0.0,0.0,0.0,1,0,0,0,0,0,0,0.0,1.0
"03_2406_rta_03_240923164603_4166---ProtocolloreteantiviolenzaBusto,Gallarate,Saronno,SommaLombardo-2024.txt",0.0,0.0,0.0,0.0,0.0,0.0,0.0,0.0,0.0,0.0,1,1,0,0,0,0,0,0.0,2.0
16_lecce_Protocollo Operativo - Procedure integrate per la prevenzione e il contrasto alla violenza contro donne e minori - Copia_Marcato.txt,0.0,0.0,0.0,0.0,0.0,0.0,0.0,0.0,0.0,0.0,1,0,0,0,0,0,0,0.0,1.0
12_2406_rta_12_241004114912_4166---ProtocolloRetePrantiviolenzaFrosinone.txt,0.0,0.0,0.0,0.0,0.0,0.0,0.0,0.0,0.0,0.0,1,1,0,1,0,0,1,0.0,4.0
08_2406_rta_08_241015091621_4166---PROTOCOLLO_22.txt,0.0,0.0,0.0,0.0,0.0,0.0,0.0,0.0,0.0,0.0,1,0,0,0,0,0,0,0.0,1.0
08_2406_rta_08_241015091310_4166---Accordo_Contrasto_alla_violenza_CittMtrBO.txt,0.0,0.0,0.0,0.0,0.0,0.0,0.0,0.0,0.0,0.0,1,0,0,0,0,0,0,0.0,1.0
03_2406_rta_03_240923103647_4166---protocolloreteantiviolenzacinisello2019(1).txt,0.0,0.0,0.0,0.0,0.0,0.0,0.0,0.0,0.0,0.0,1,0,0,0,0,0,0,0.0,1.0
12_2406_rta_12_241002110138_4166---3protCAVSAPIENZA-laGRU.txt,0.0,0.0,0.0,0.0,0.0,0.0,0.0,0.0,0.0,0.0,1,1,0,0,0,0,0,0.0,2.0
06_2406_rta_06_240916164122_4166---prot_n_0119980_2024_Accordo(firmato).txt,0.0,0.0,0.0,0.0,0.0,0.0,0.0,0.0,0.0,0.0,1,1,0,0,0,0,0,0.0,2.0
08_2406_rta_08_241015092049_4166---PROTOCOLLOD.G.C.FAENZA304-2009.txt,0.0,0.0,0.0,0.0,0.0,0.0,0.0,0.0,0.0,0.0,1,0,0,0,0,0,0,0.0,1.0
12_2406_rta_12_241003115852_4166---SISTEMABIBLIOTECARIOLASAPIENZA.txt,0.0,0.0,0.0,0.0,0.0,0.0,0.0,0.0,0.0,0.0,0,0,0,0,0,0,0,0.0,0.0
03_2406_rta_03_240923105244_4166---ProtocolloViolenzaMilanoFirme2023.txt,0.0,0.0,0.0,0.0,0.0,0.0,0.0,0.0,0.0,0.0,1,1,0,0,0,0,0,0.0,2.0
03_2406_rta_03_240918153156_4166---Protocollo_d'Intesa_Rete_Mantova.prot.txt,0.0,0.0,0.0,0.0,0.0,0.0,0.0,0.0,0.0,0.0,1,1,1,0,0,0,0,0.0,3.0
03_2406_rta_03_240926114940_4166---ProtocollodiintesaeAllegatoTecnico_SOTTOSCRITTO.txt,0.0,0.0,0.0,0.0,0.0,0.0,0.0,0.0,0.0,0.0,1,1,1,0,0,0,0,0.0,3.0
13_2406_rta_13_241122104842_4166---Protocollodirete_DAFNE.txt,0.0,0.0,0.0,0.0,0.0,0.0,0.0,0.0,0.0,0.0,1,1,0,0,0,0,0,0.0,2.0
12_2406_rta_12_240926143343_4166---2.1protocolloIntegra-CavMerlin(1).txt,0.0,0.0,0.0,0.0,0.0,0.0,0.0,0.0,0.0,0.0,0,0,0,0,0,0,0,0.0,0.0
06_2406_rta_06_240916164153_4166---protocolloprefettura.txt,0.0,0.0,0.0,0.0,0.0,0.0,0.0,0.0,0.0,0.0,1,0,0,0,0,0,0,0.0,1.0
12_2406_rta_12_241004140636_4166---04-ProtocolloconlaQuesturadiFrosinone.txt,0.0,0.0,0.0,0.0,0.0,0.0,0.0,0.0,0.0,0.0,1,1,0,0,0,0,0,0.0,2.0
08_2406_rta_08_241015092024_4166---Protocollooperativo.txt,0.0,0.0,0.0,0.0,0.0,0.0,0.0,0.0,0.0,0.0,1,0,0,0,0,0,0,0.0,1.0
12_2406_rta_12_241002112428_4166---7prot(mancapagina)CAVSAPIENZA-UNIVERSITàPOPOLAREVITAATIVA.txt,0.0,0.0,0.0,0.0,0.0,0.0,0.0,0.0,0.0,0.0,1,1,0,0,0,0,0,0.0,2.0
01_2406_rta_01_240909114524_4166---CONVENZIONEUNITO-SPORTANTIVIOLENZA.txt,0.0,0.0,0.0,0.0,0.0,0.0,0.0,0.0,0.0,0.0,0,0,0,0,0,0,0,0.0,0.0
05_2406_rta_05_240919124736_4166---Protocollo_per_contrasto_alla_violenza_di_genere.stamped.txt,0.0,0.0,0.0,0.0,0.0,0.0,0.0,0.0,0.0,0.0,1,1,0,0,0,0,0,0.0,2.0
08_2406_rta_08_241015091310_4166---Accordo_Contrasto_alla_violenza_CittMtrBO.txt,0.0,0.0,0.0,0.0,0.0,0.0,0.0,0.0,0.0,0.0,1,1,0,0,0,0,0,0.0,2.0
08_2406_rta_08_241015091310_4166---Accordo_Contrasto_alla_violenza_CittMtrBO.txt,0.0,0.0,0.0,0.0,0.0,0.0,0.0,0.0,0.0,0.0,1,1,0,0,0,0,0,0.0,2.0
03_2406_rta_03_240918153156_4166---Protocollo_d'Intesa_Rete_Mantova.prot.txt,0.0,0.0,0.0,0.0,0.0,0.0,0.0,0.0,0.0,0.0,1,1,1,0,0,0,0,0.0,3.0
01_2406_rta_01_240909114524_4166---CONVENZIONEUNITO-SPORTANTIVIOLENZA.txt,0.0,0.0,0.0,0.0,0.0,0.0,0.0,0.0,0.0,0.0,0,0,0,0,0,0,0,0.0,0.0
12_2406_rta_12_241003112247_4166---Accordodicollaborazione_CREDICI.txt,0.0,0.0,0.0,0.0,0.0,0.0,0.0,0.0,0.0,0.0,1,1,0,0,0,0,0,0.0,2.0
03_2406_rta_03_240923171949_4166---PROTOCOLLOD'INTESARETETERRITORIALEANTIVIOLENZAVALLETROMPIA2024.txt,0.0,0.0,0.0,0.0,0.0,0.0,0.0,0.0,0.0,0.0,1,1,0,0,0,0,0,0.0,2.0
03_2406_rta_03_240918153240_4166---Protocollod'intesaperl'IstituzionediunSistemaTerritorialeAntiviolenzainReteconAddendumSindacati.txt,0.0,0.0,0.0,0.0,0.0,0.0,0.0,0.0,0.0,0.0,1,0,0,0,0,0,0,0.0,1.0
03_2406_rta_03_240923103647_4166---protocolloreteantiviolenzacinisello2019(1).txt,0.0,0.0,0.0,0.0,0.0,0.0,0.0,0.0,0.0,0.0,1,0,0,0,0,0,0,0.0,1.0
03_2406_rta_03_240925150245_4166---ProtocolloReteARIAPalazzolo.txt,0.0,0.0,0.0,0.0,0.0,0.0,0.0,0.0,0.0,0.0,1,1,0,0,0,0,0,0.0,2.0
03_2406_rta_03_240925150245_4166---ProtocolloReteARIAPalazzolo.txt,0.0,0.0,0.0,0.0,0.0,0.0,0.0,0.0,0.0,0.0,1,1,0,0,0,0,0,0.0,2.0
"03_2406_rta_03_240923164603_4166---ProtocolloreteantiviolenzaBusto,Gallarate,Saronno,SommaLombardo-2024.txt",0.0,0.0,0.0,0.0,0.0,0.0,0.0,0.0,0.0,0.0,1,1,0,1,0,0,1,0.0,4.0
03_2406_rta_03_240923171949_4166---PROTOCOLLOD'INTESARETETERRITORIALEANTIVIOLENZAVALLETROMPIA2024.txt,0.0,0.0,0.0,0.0,0.0,0.0,0.0,0.0,0.0,0.0,1,1,0,0,0,0,0,0.0,2.0
18_2406_rta_18_240925130829_4166---PROTOCOLLODIINTESA_COMUNEDIMENDICINO.txt,0.0,0.0,0.0,0.0,0.0,0.0,0.0,0.0,0.0,0.0,0,0,0,0,0,0,0,0.0,0.0
13_2406_rta_13_241122103901_4166---Protocollirete_ortonaelancianoCAVdonn.ÿ.txt,0.0,0.0,0.0,0.0,0.0,0.0,0.0,0.0,0.0,0.0,1,1,0,0,0,0,0,0.0,2.0
13_2406_rta_13_241122101453_4166---ProtocollodiRete_AlphaChieti.txt,0.0,0.0,0.0,0.0,0.0,0.0,0.0,0.0,0.0,0.0,1,1,1,0,0,0,0,0.0,3.0
13_2406_rta_13_241122101856_4166---Protocollodirete_AlphaGuardiagrele.txt,0.0,0.0,0.0,0.0,0.0,0.0,0.0,0.0,0.0,0.0,1,1,0,0,0,0,0,0.0,2.0
05_2406_rta_05_240917141534_4166---protocollodiretefirmato.txt,0.0,0.0,0.0,0.0,0.0,0.0,0.0,0.0,0.0,0.0,1,0,0,0,0,0,0,0.0,1.0
05_2406_rta_05_240917141534_4166---protocollodiretefirmato.txt,0.0,0.0,0.0,0.0,0.0,0.0,0.0,0.0,0.0,0.0,1,0,0,0,0,0,0,0.0,1.0
03_2406_rta_03_240923103647_4166---protocolloreteantiviolenzacinisello2019(1).txt,0.0,0.0,0.0,0.0,0.0,0.0,0.0,0.0,0.0,0.0,1,0,0,0,0,0,0,0.0,1.0
03_2406_rta_03_240923103647_4166---protocolloreteantiviolenzacinisello2019(1).txt,0.0,0.0,0.0,0.0,0.0,0.0,0.0,0.0,0.0,0.0,1,0,0,0,0,0,0,0.0,1.0
11_2406_rta_11_240911113105_4166---PROTOCOLLO_OPERATIVO2024_CONINDIRIZZARIO_FIRMATO.txt,0.0,0.0,0.0,0.0,0.0,0.0,0.0,0.0,0.0,0.0,1,0,0,0,0,0,0,0.0,1.0
11_2406_rta_11_240911113034_4166---protocollodireteantiviolenza2020-2022-uuvv.txt,0.0,0.0,0.0,0.0,0.0,0.0,0.0,0.0,0.0,0.0,1,0,0,0,0,0,0,0.0,1.0
11_2406_rta_11_240911113105_4166---PROTOCOLLO_OPERATIVO2024_CONINDIRIZZARIO_FIRMATO.txt,0.0,0.0,0.0,0.0,0.0,0.0,0.0,0.0,0.0,0.0,1,0,0,0,0,0,0,0.0,1.0
11_2406_rta_11_240911113105_4166---PROTOCOLLO_OPERATIVO2024_CONINDIRIZZARIO_FIRMATO.txt,0.0,0.0,0.0,0.0,0.0,0.0,0.0,0.0,0.0,0.0,1,0,0,0,0,0,0,0.0,1.0
12_2406_rta_12_241007235530_4166---ProtocolloconilComunediPastena.txt,0.0,0.0,0.0,0.0,0.0,0.0,0.0,0.0,0.0,0.0,0,0,0,0,0,0,0,0.0,0.0
03_2406_rta_03_240923103647_4166---protocolloreteantiviolenzacinisello2019(1).txt,0.0,0.0,0.0,0.0,0.0,0.0,0.0,0.0,0.0,0.0,1,0,0,0,0,0,0,0.0,1.0
03_2406_rta_03_240923103647_4166---protocolloreteantiviolenzacinisello2019(1).txt,0.0,0.0,0.0,0.0,0.0,0.0,0.0,0.0,0.0,0.0,1,0,0,0,0,0,0,0.0,1.0
11_2406_rta_11_240911113105_4166---PROTOCOLLO_OPERATIVO2024_CONINDIRIZZARIO_FIRMATO.txt,0.0,0.0,0.0,0.0,0.0,0.0,0.0,0.0,0.0,0.0,1,0,0,0,0,0,0,0.0,1.0
03_2406_rta_03_240923103647_4166---protocolloreteantiviolenzacinisello2019(1).txt,0.0,0.0,0.0,0.0,0.0,0.0,0.0,0.0,0.0,0.0,1,0,0,0,0,0,0,0.0,1.0
03_2406_rta_03_240923103647_4166---protocolloreteantiviolenzacinisello2019(1).txt,0.0,0.0,0.0,0.0,0.0,0.0,0.0,0.0,0.0,0.0,1,0,0,0,0,0,0,0.0,1.0
12_2406_rta_12_240926143343_4166---2.1protocolloIntegra-CavMerlin(1).txt,0.0,0.0,0.0,0.0,0.0,0.0,0.0,0.0,0.0,0.0,1,0,0,0,0,0,0,0.0,1.0
03_2406_rta_03_240923163715_4166---PROTOCOLLOD'INTESA2017_2020.txt,0.0,0.0,0.0,0.0,0.0,0.0,0.0,0.0,0.0,0.0,1,0,0,0,0,0,0,0.0,1.0
01_2406_rta_01_240904120005_4166---protocollo.txt,0.0,0.0,0.0,0.0,0.0,0.0,0.0,0.0,0.0,0.0,1,0,0,0,0,0,0,0.0,1.0
16_bari_protocollo operativo Grumo_EMI.txt,0.0,0.0,0.0,0.0,0.0,0.0,0.0,0.0,0.0,0.0,0,0,0,0,0,0,0,0.0,0.0
13_2406_rta_13_241122111153_4166---PROTOCOLLOCASTELDISANGROEASL.txt,0.0,0.0,0.0,0.0,0.0,0.0,0.0,0.0,0.0,0.0,1,1,0,0,0,0,0,0.0,2.0
13_2406_rta_13_241122105938_4166---ACCORDOOPERATIVO.txt,0.0,0.0,0.0,0.0,0.0,0.0,0.0,0.0,0.0,0.0,1,1,1,0,0,0,0,0.0,3.0
13_2406_rta_13_241122103653_4166---protocollodirete_cavlafenice_provinciateramo.txt,0.0,0.0,0.0,0.0,0.0,0.0,0.0,0.0,0.0,0.0,1,1,0,0,0,0,0,0.0,2.0
05_2406_rta_05_240919122126_4166---PROTOCOLLOULSS8BERICA.txt,0.0,0.0,0.0,0.0,0.0,0.0,0.0,0.0,0.0,0.0,1,1,1,0,0,0,0,0.0,3.0
16_lecce_Protocollo Operativo - Procedure integrate per la prevenzione e il contrasto alla violenza contro donne e minori - Copia_Marcato.txt,0.0,0.0,0.0,0.0,0.0,0.0,0.0,0.0,0.0,0.0,1,0,0,0,0,0,0,0.0,1.0
05_2406_rta_05_240919122126_4166---PROTOCOLLOULSS8BERICA.txt,0.0,0.0,0.0,0.0,0.0,0.0,0.0,0.0,0.0,0.0,1,1,1,0,0,0,0,0.0,3.0
05_2406_rta_05_240918144304_4166---Protocollo_ULSS2-DistrettoTreviso.txt,0.0,0.0,0.0,0.0,0.0,0.0,0.0,0.0,0.0,0.0,1,0,0,0,0,0,0,0.0,1.0
11_2406_rta_11_240911113034_4166---protocollodireteantiviolenza2020-2022-uuvv.txt,0.0,0.0,0.0,0.0,0.0,0.0,0.0,0.0,0.0,0.0,1,0,0,0,0,0,0,0.0,1.0
18_2406_rta_18_240926102528_4166---PROTOCOLLOAISM_PICCOLAOPERA_firma.txt,0.0,0.0,0.0,0.0,0.0,0.0,0.0,0.0,0.0,0.0,1,0,0,0,0,0,0,0.0,1.0
13_2406_rta_13_241122102615_4166---PROTOCOLLOD_INTESACOMUNEAQ_donatellatelliniCAV2023.txt,0.0,0.0,0.0,0.0,0.0,0.0,0.0,0.0,0.0,0.0,1,1,1,0,0,0,0,0.0,3.0
01_2406_rta_01_240904121349_4166---convenzione.txt,0.0,0.0,0.0,0.0,0.0,0.0,0.0,0.0,0.0,0.0,1,0,0,0,0,0,0,0.0,1.0
05_2406_rta_05_240919114041_4166---protocollounicorevisionato2024.txt,0.0,0.0,0.0,0.0,0.0,0.0,0.0,0.0,0.0,0.0,1,0,0,0,0,0,0,0.0,1.0
05_2406_rta_05_240919124736_4166---Protocollo_per_contrasto_alla_violenza_di_genere.stamped.txt,0.0,0.0,0.0,0.0,0.0,0.0,0.0,0.0,0.0,0.0,1,1,0,0,0,0,0,0.0,2.0
09_ALTA VALDELSA Protocollo-violenza-valdelsa-2022_ALTA VALDELSA.txt,0.0,0.0,0.0,0.0,0.0,0.0,0.0,0.0,0.0,0.0,1,0,0,0,0,0,0,0.0,1.0
05_2406_rta_05_240919124736_4166---Protocollo_per_contrasto_alla_violenza_di_genere.stamped.txt,0.0,0.0,0.0,0.0,0.0,0.0,0.0,0.0,0.0,0.0,1,0,0,0,0,0,0,0.0,1.0
03_2406_rta_03_240923102947_4166---ProtSOTTOSCRITTO_ReteAntiviolenzaPiuIntegrazioneAprile2024(1).txt,0.0,0.0,0.0,0.0,0.0,0.0,0.0,0.0,0.0,0.0,0,0,0,0,0,0,0,0.0,0.0
12_2406_rta_12_240926133706_4166---STAR.txt,0.0,0.0,0.0,0.0,0.0,0.0,0.0,0.0,0.0,0.0,1,1,0,0,0,0,0,0.0,2.0
05_2406_rta_05_240919124736_4166---Protocollo_per_contrasto_alla_violenza_di_genere.stamped.txt,0.0,0.0,0.0,0.0,0.0,0.0,0.0,0.0,0.0,0.0,1,0,0,0,0,0,0,0.0,1.0
05_2406_rta_05_240919114041_4166---protocollounicorevisionato2024.txt,0.0,0.0,0.0,0.0,0.0,0.0,0.0,0.0,0.0,0.0,1,0,0,0,0,0,0,0.0,1.0
05_2406_rta_05_240919114041_4166---protocollounicorevisionato2024.txt,0.0,0.0,0.0,0.0,0.0,0.0,0.0,0.0,0.0,0.0,1,0,0,0,0,0,0,0.0,1.0
07_2406_rta_07_240916163956_4166---DGR477_2022_Protocollo.txt,0.0,0.0,0.0,0.0,0.0,0.0,0.0,0.0,0.0,0.0,1,0,0,0,0,0,0,0.0,1.0
07_2406_rta_07_240916163956_4166---DGR477_2022_Protocollo.txt,0.0,0.0,0.0,0.0,0.0,0.0,0.0,0.0,0.0,0.0,1,0,0,0,0,0,0,0.0,1.0
11_2406_rta_11_240911113105_4166---PROTOCOLLO_OPERATIVO2024_CONINDIRIZZARIO_FIRMATO.txt,0.0,0.0,0.0,0.0,0.0,0.0,0.0,0.0,0.0,0.0,1,0,0,0,0,0,0,0.0,1.0
05_2406_rta_05_240919114041_4166---protocollounicorevisionato2024.txt,0.0,0.0,0.0,0.0,0.0,0.0,0.0,0.0,0.0,0.0,1,1,0,0,0,0,0,0.0,2.0
16_bari_protocollo operativo Mola di Bari_rete Antiviolenza.txt,0.0,0.0,0.0,0.0,0.0,0.0,0.0,0.0,0.0,0.0,1,0,0,0,0,0,0,0.0,1.0
05_2406_rta_05_240919114041_4166---protocollounicorevisionato2024.txt,0.0,0.0,0.0,0.0,0.0,0.0,0.0,0.0,0.0,0.0,1,0,0,0,0,0,0,0.0,1.0
05_2406_rta_05_240919114041_4166---protocollounicorevisionato2024.txt,0.0,0.0,0.0,0.0,0.0,0.0,0.0,0.0,0.0,0.0,1,0,0,0,0,0,0,0.0,1.0
11_2406_rta_11_240911113105_4166---PROTOCOLLO_OPERATIVO2024_CONINDIRIZZARIO_FIRMATO.txt,0.0,0.0,0.0,0.0,0.0,0.0,0.0,0.0,0.0,0.0,1,0,0,0,0,0,0,0.0,1.0
03_2406_rta_03_240923103647_4166---protocolloreteantiviolenzacinisello2019(1).txt,0.0,0.0,0.0,0.0,0.0,0.0,0.0,0.0,0.0,0.0,1,0,0,0,0,0,0,0.0,1.0
12_2406_rta_12_241003104626_4166---PROTOCOLLODIINTESAMUNICIPIOXV.txt,0.0,0.0,0.0,0.0,0.0,0.0,0.0,0.0,0.0,0.0,0,0,0,0,0,0,0,0.0,0.0
12_2406_rta_12_241003105319_4166---PROTOCOLLODIINTES1_2601def-signed-signed.txt,0.0,0.0,0.0,0.0,0.0,0.0,0.0,0.0,0.0,0.0,0,0,0,0,0,0,0,0.0,0.0
08_2406_rta_08_241015091553_4166---Protocollosullaviolenzadigenere_confirme_prot.txt,0.0,0.0,0.0,0.0,0.0,0.0,0.0,0.0,0.0,0.0,1,0,0,0,0,0,0,0.0,1.0
11_2406_rta_11_240911113911_4166---AscoliPPROTOCOLLOoperativo_2019_2021.txt,0.0,0.0,0.0,0.0,0.0,0.0,0.0,0.0,0.0,0.0,1,0,0,0,0,0,0,0.0,1.0
03_2406_rta_03_240923102947_4166---ProtSOTTOSCRITTO_ReteAntiviolenzaPiuIntegrazioneAprile2024(1).txt,0.0,0.0,0.0,0.0,0.0,0.0,0.0,0.0,0.0,0.0,0,0,0,0,0,0,0,0.0,0.0
12_2406_rta_12_241004112805_4166---protocollod'intesa.txt,0.0,0.0,0.0,0.0,0.0,0.0,0.0,0.0,0.0,0.0,1,0,0,0,0,0,0,0.0,1.0
03_2406_rta_03_240923102947_4166---ProtSOTTOSCRITTO_ReteAntiviolenzaPiuIntegrazioneAprile2024(1).txt,0.0,0.0,0.0,0.0,0.0,0.0,0.0,0.0,0.0,0.0,0,0,0,0,0,0,0,0.0,0.0
03_2406_rta_03_240923103647_4166---protocolloreteantiviolenzacinisello2019(1).txt,0.0,0.0,0.0,0.0,0.0,0.0,0.0,0.0,0.0,0.0,1,0,0,0,0,0,0,0.0,1.0
03_2406_rta_03_240923103647_4166---protocolloreteantiviolenzacinisello2019(1).txt,0.0,0.0,0.0,0.0,0.0,0.0,0.0,0.0,0.0,0.0,1,0,0,0,0,0,0,0.0,1.0
11_2406_rta_11_240911113105_4166---PROTOCOLLO_OPERATIVO2024_CONINDIRIZZARIO_FIRMATO.txt,0.0,0.0,0.0,0.0,0.0,0.0,0.0,0.0,0.0,0.0,1,0,0,0,0,0,0,0.0,1.0
03_2406_rta_03_240923103647_4166---protocolloreteantiviolenzacinisello2019(1).txt,0.0,0.0,0.0,0.0,0.0,0.0,0.0,0.0,0.0,0.0,1,0,0,0,0,0,0,0.0,1.0
03_2406_rta_03_240920120751_4166---protocollodiintesa.txt,0.0,0.0,0.0,0.0,0.0,0.0,0.0,0.0,0.0,0.0,1,1,0,0,0,0,0,0.0,2.0
11_2406_rta_11_240911113911_4166---AscoliPPROTOCOLLOoperativo_2019_2021.txt,0.0,0.0,0.0,0.0,0.0,0.0,0.0,0.0,0.0,0.0,1,0,0,0,0,0,0,0.0,1.0
03_2406_rta_03_240925144919_4166---RETEDICOMO-PROTOCOLLOINTERIST.17novembre2023(1).txt,0.0,0.0,0.0,0.0,0.0,0.0,0.0,0.0,0.0,0.0,1,0,0,0,0,0,0,0.0,1.0
13_2406_rta_13_241122101856_4166---Protocollodirete_AlphaGuardiagrele.txt,0.0,0.0,0.0,0.0,0.0,0.0,0.0,0.0,0.0,0.0,1,0,0,0,0,0,0,0.0,1.0
12_2406_rta_12_241004113737_4166---AccordodicollaborazioneArteinsieme.txt,0.0,0.0,0.0,0.0,0.0,0.0,0.0,0.0,0.0,0.0,1,0,0,0,0,0,0,0.0,1.0
12_2406_rta_12_241004112805_4166---protocollod'intesa.txt,0.0,0.0,0.0,0.0,0.0,0.0,0.0,0.0,0.0,0.0,1,0,0,0,0,0,0,0.0,1.0
03_2406_rta_03_240920093134_4166---Protocollo_Intesa_Rete_Antiviolenza_SudEstMilano_Paullese_2021-2023.txt,0.0,0.0,0.0,0.0,0.0,0.0,0.0,0.0,0.0,0.0,1,1,0,0,0,0,0,0.0,2.0
05_2406_rta_05_240916131522_4166---protocolloaggiornamento2023.txt,0.0,0.0,0.0,0.0,0.0,0.0,0.0,0.0,0.0,0.0,1,1,0,0,0,0,0,0.0,2.0
17_2406_rta_17_250506142731_4166---Tavolodicoordinamentoemonitoraggio30-01-24.txt,0.0,0.0,0.0,0.0,0.0,0.0,0.0,0.0,0.0,0.0,1,0,0,0,0,0,0,0.0,1.0
01_2406_rta_01_240904150044_4166---Protocollocav-irene2022-2025.txt,0.0,0.0,0.0,0.0,0.0,0.0,0.0,0.0,0.0,0.0,0,0,0,0,0,0,0,0.0,0.0
16_2406_rta_16_250409174252_4166---Protocollo_Intesa_LARA.txt,0.0,0.0,0.0,0.0,0.0,0.0,0.0,0.0,0.0,0.0,1,0,0,0,0,0,0,0.0,1.0
03_2406_rta_03_240926114940_4166---ProtocollodiintesaeAllegatoTecnico_SOTTOSCRITTO.txt,0.0,0.0,0.0,0.0,0.0,0.0,0.0,0.0,0.0,0.0,1,1,1,0,0,0,0,0.0,3.0
06_2406_rta_06_240916164122_4166---prot_n_0119980_2024_Accordo(firmato).txt,0.0,0.0,0.0,0.0,0.0,0.0,0.0,0.0,0.0,0.0,1,1,0,0,0,0,0,0.0,2.0
12_2406_rta_12_241003091037_4166---5Protocollid'intesa-Ass.Salvamamme(002).txt,0.0,0.0,0.0,0.0,0.0,0.0,0.0,0.0,0.0,0.0,1,0,0,0,0,0,0,0.0,1.0
12_2406_rta_12_241003112247_4166---Accordodicollaborazione_CREDICI.txt,0.0,0.0,0.0,0.0,0.0,0.0,0.0,0.0,0.0,0.0,1,1,0,0,0,0,0,0.0,2.0
18_2406_rta_18_240926103211_4166---PROTOCOLLOviolasottoscritto.txt,0.0,0.0,0.0,0.0,0.0,0.0,0.0,0.0,0.0,0.0,1,0,0,0,0,1,1,0.0,3.0
03_2406_rta_03_240918153240_4166---Protocollod'intesaperl'IstituzionediunSistemaTerritorialeAntiviolenzainReteconAddendumSindacati.txt,0.0,0.0,0.0,0.0,0.0,0.0,0.0,0.0,0.0,0.0,1,1,0,0,0,0,0,0.0,2.0
01_2406_rta_01_240904150044_4166---Protocollocav-irene2022-2025.txt,0.0,0.0,0.0,0.0,0.0,0.0,0.0,0.0,0.0,0.0,0,0,0,0,0,0,0,0.0,0.0
12_2406_rta_12_240927093424_4166---ProtVMunMerlin.txt,0.0,0.0,0.0,0.0,0.0,0.0,0.0,0.0,0.0,0.0,0,0,0,0,0,0,0,0.0,0.0
08_2406_rta_08_241015091355_4166---PROTOCOLLO_CONTRO_VIOLENZA_firmato2023.txt,0.0,0.0,0.0,0.0,0.0,0.0,0.0,0.0,0.0,0.0,1,0,0,0,0,0,0,0.0,1.0
01_2406_rta_01_240904120005_4166---protocollo.txt,0.0,0.0,0.0,0.0,0.0,0.0,0.0,0.0,0.0,0.0,1,0,0,0,0,0,0,0.0,1.0
03_2406_rta_03_240923102947_4166---ProtSOTTOSCRITTO_ReteAntiviolenzaPiuIntegrazioneAprile2024(1).txt,0.0,0.0,0.0,0.0,0.0,0.0,0.0,0.0,0.0,0.0,0,1,0,0,0,0,0,0.0,1.0
03_2406_rta_03_240924144947_4166---Protocollod'IntesaReteAntiviolenzaIsolaBergamascaeBassaValSanMartino2024.txt,0.0,0.0,0.0,0.0,0.0,0.0,0.0,0.0,0.0,0.0,1,1,0,1,0,0,1,0.0,4.0
03_2406_rta_03_240924144947_4166---Protocollod'IntesaReteAntiviolenzaIsolaBergamascaeBassaValSanMartino2024.txt,0.0,0.0,0.0,0.0,0.0,0.0,0.0,0.0,0.0,0.0,1,1,0,1,0,0,1,0.0,4.0
03_2406_rta_03_240924144947_4166---Protocollod'IntesaReteAntiviolenzaIsolaBergamascaeBassaValSanMartino2024.txt,0.0,0.0,0.0,0.0,0.0,0.0,0.0,0.0,0.0,0.0,1,1,0,1,0,0,1,0.0,4.0
03_2406_rta_03_240923114012_4166---23-9-2024ProtocolloReteRita_signed_signed_signedDEF_signed_signed-signed_signed(1).txt,0.0,0.0,0.0,0.0,0.0,0.0,0.0,0.0,0.0,0.0,1,1,0,0,0,0,0,0.0,2.0
"03_2406_rta_03_240923164603_4166---ProtocolloreteantiviolenzaBusto,Gallarate,Saronno,SommaLombardo-2024.txt",0.0,0.0,0.0,0.0,0.0,0.0,0.0,0.0,0.0,0.0,1,1,0,1,0,0,1,0.0,4.0
03_2406_rta_03_240926122707_4166---ProtocolloReteAntiviolenzaconfirme.txt,0.0,0.0,0.0,0.0,0.0,0.0,0.0,0.0,0.0,0.0,1,1,0,0,0,0,0,0.0,2.0
05_2406_rta_05_240916173648_4166---ULSS5Polesana_Protocollodirete.txt,0.0,0.0,0.0,0.0,0.0,0.0,0.0,0.0,0.0,0.0,1,0,0,1,0,0,1,0.0,3.0
01_2406_rta_01_240909112136_4166---convenzionecarmagnola.txt,0.0,0.0,0.0,0.0,0.0,0.0,0.0,0.0,0.0,0.0,0,0,0,0,0,0,0,0.0,0.0
12_2406_rta_12_241008151247_4166---3.prot.txt,0.0,0.0,0.0,0.0,0.0,0.0,0.0,0.0,0.0,0.0,0,0,0,0,0,0,0,0.0,0.0
03_2406_rta_03_240924144947_4166---Protocollod'IntesaReteAntiviolenzaIsolaBergamascaeBassaValSanMartino2024.txt,0.0,0.0,0.0,0.0,0.0,0.0,0.0,0.0,0.0,0.0,1,1,0,0,0,0,0,0.0,2.0
03_2406_rta_03_240920124656_4166---ProtocolloantiviolenzaDEFINITIVO(1).txt,0.0,0.0,0.0,0.0,0.0,0.0,0.0,0.0,0.0,0.0,1,1,0,0,0,0,0,0.0,2.0
03_2406_rta_03_240925144919_4166---RETEDICOMO-PROTOCOLLOINTERIST.17novembre2023(1).txt,0.0,0.0,0.0,0.0,0.0,0.0,0.0,0.0,0.0,0.0,1,1,0,0,0,0,0,0.0,2.0
07_2406_rta_07_240916163905_4166---PROTOCOLLOFIRMATO(002).txt,0.0,0.0,0.0,0.0,0.0,0.0,0.0,0.0,0.0,0.0,1,1,0,1,0,0,1,0.0,4.0
01_2406_rta_01_240909103717_4166---PROTOCOLLORETEANTIVIOLENZASVOLTADONNA.txt,0.0,0.0,0.0,0.0,0.0,0.0,0.0,0.0,0.0,0.0,1,0,0,0,0,0,0,0.0,1.0
16_bari_protocollo operativo Putignano_EMI.txt,0.0,0.0,0.0,0.0,0.0,0.0,0.0,0.0,0.0,0.0,0,0,0,0,0,0,0,0.0,0.0
03_2406_rta_03_240918153156_4166---Protocollo_d'Intesa_Rete_Mantova.prot.txt,0.0,0.0,0.0,0.0,0.0,0.0,0.0,0.0,0.0,0.0,1,1,1,0,0,0,0,0.0,3.0
12_2406_rta_12_240926134140_4166---Protocollointesa.txt,0.0,0.0,0.0,0.0,0.0,0.0,0.0,0.0,0.0,0.0,1,0,0,0,0,0,0,0.0,1.0
12_2406_rta_12_241003115345_4166---1.PROTOCOLLOTAVOLOINTERISTITUZIONALE.txt,0.0,0.0,0.0,0.0,0.0,0.0,0.0,0.0,0.0,0.0,0,0,0,0,0,0,0,0.0,0.0
01_2406_rta_01_241003124847_4166---2024-8928-2perinvio.txt,0.0,0.0,0.0,0.0,0.0,0.0,0.0,0.0,0.0,0.0,0,0,0,0,0,0,0,0.0,0.0
18_2406_rta_18_240926102620_4166---protocollopercorsorosa.txt,0.0,0.0,0.0,0.0,0.0,0.0,0.0,0.0,0.0,0.0,0,1,0,0,0,0,0,0.0,1.0
16_taranto_protocollo Prefettura ProvinciaTaranto.txt,0.0,0.0,0.0,0.0,0.0,0.0,0.0,0.0,0.0,0.0,0,0,0,0,0,0,0,0.0,0.0
02_2406_rta_02_240904124958_4166---lrn4del25feb2013.txt,0.0,0.0,0.0,0.0,0.0,0.0,0.0,0.0,0.0,0.0,0,0,0,0,0,0,0,0.0,0.0
08_2406_rta_08_241015091655_4166---Aggiornamentointegrazioneprotocollooperativoapprovatonelgiugno2008.txt,0.0,0.0,0.0,0.0,0.0,0.0,0.0,0.0,0.0,0.0,0,0,0,0,0,0,0,0.0,0.0
01_2406_rta_01_240920112211_4166---367772-4-Protocollo_intesa_Completo.txt,0.0,0.0,0.0,0.0,0.0,0.0,0.0,0.0,0.0,0.0,0,0,0,0,0,0,0,0.0,0.0
09_APUANE_2015 Protocollo Prefettura.txt,0.0,0.0,0.0,0.0,0.0,0.0,0.0,0.0,0.0,0.0,0,0,0,0,0,0,0,0.0,0.0
02_2406_rta_02_240904124958_4166---lrn4del25feb2013.txt,0.0,0.0,0.0,0.0,0.0,0.0,0.0,0.0,0.0,0.0,0,0,0,0,0,0,0,0.0,0.0
12_2406_rta_12_241008095626_4166---Convenzioneconl'UniversitàLASAPIENZARoma.txt,0.0,0.0,0.0,0.0,0.0,0.0,0.0,0.0,0.0,0.0,0,0,0,0,0,0,0,0.0,0.0
08_2406_rta_08_241015091655_4166---Aggiornamentointegrazioneprotocollooperativoapprovatonelgiugno2008.txt,0.0,0.0,0.0,0.0,0.0,0.0,0.0,0.0,0.0,0.0,0,0,0,0,0,0,0,0.0,0.0
08_2406_rta_08_241015091655_4166---Aggiornamentointegrazioneprotocollooperativoapprovatonelgiugno2008.txt,0.0,0.0,0.0,0.0,0.0,0.0,0.0,0.0,0.0,0.0,0,0,0,0,0,0,0,0.0,0.0
08_2406_rta_08_241015091655_4166---Aggiornamentointegrazioneprotocollooperativoapprovatonelgiugno2008.txt,0.0,0.0,0.0,0.0,0.0,0.0,0.0,0.0,0.0,0.0,0,0,0,0,0,0,0,0.0,0.0
12_2406_rta_12_241008095626_4166---Convenzioneconl'UniversitàLASAPIENZARoma.txt,0.0,0.0,0.0,0.0,0.0,0.0,0.0,0.0,0.0,0.0,0,0,0,0,0,0,0,0.0,0.0
08_2406_rta_08_241015091655_4166---Aggiornamentointegrazioneprotocollooperativoapprovatonelgiugno2008.txt,0.0,0.0,0.0,0.0,0.0,0.0,0.0,0.0,0.0,0.0,0,0,0,0,0,0,0,0.0,0.0
16_bari_protocollo operativo Gioia del Colle_EMI.txt,0.0,0.0,0.0,0.0,0.0,0.0,0.0,0.0,0.0,0.0,0,0,0,0,1,0,1,0.0,2.0
01_2406_rta_01_240920112211_4166---367772-4-Protocollo_intesa_Completo.txt,0.0,0.0,0.0,0.0,0.0,0.0,0.0,0.0,0.0,0.0,0,0,0,0,0,0,0,0.0,0.0
16_terreg_Prot_CGIL - CISL - CONFINDUSTRIA_CAV.txt,0.0,0.0,0.0,0.0,0.0,0.0,0.0,0.0,0.0,0.0,1,1,0,0,0,0,0,0.0,2.0
18_2406_rta_18_240926102706_4166---protocollomondorosa2013.txt,0.0,0.0,0.0,0.0,0.0,0.0,0.0,0.0,0.0,0.0,0,0,0,0,0,0,0,0.0,0.0
08_2406_rta_08_241015092049_4166---PROTOCOLLOD.G.C.FAENZA304-2009.txt,0.0,0.0,0.0,0.0,0.0,0.0,0.0,0.0,0.0,0.0,0,0,0,0,0,0,0,0.0,0.0
06_2406_rta_06_240916164122_4166---prot_n_0119980_2024_Accordo(firmato).txt,0.0,0.0,0.0,0.0,0.0,0.0,0.0,0.0,0.0,0.0,0,0,0,0,0,0,0,0.0,0.0
12_2406_rta_12_241003105319_4166---PROTOCOLLODIINTES1_2601def-signed-signed.txt,0.0,0.0,0.0,0.0,0.0,0.0,0.0,0.0,0.0,0.0,0,0,0,0,0,0,0,0.0,0.0
01_2406_rta_01_240920112211_4166---367772-4-Protocollo_intesa_Completo.txt,0.0,0.0,0.0,0.0,0.0,0.0,0.0,0.0,0.0,0.0,0,0,0,0,0,0,0,0.0,0.0
12_2406_rta_12_241004145108_4166---07-ProtocolloCONilComunediVILLASANTOSTEFANO.txt,0.0,0.0,0.0,0.0,0.0,0.0,0.0,0.0,0.0,0.0,1,1,1,0,0,0,0,0.0,3.0
02_2406_rta_02_240904124958_4166---lrn4del25feb2013.txt,0.0,0.0,0.0,0.0,0.0,0.0,0.0,0.0,0.0,0.0,1,0,1,0,0,0,0,0.0,2.0
13_2406_rta_13_241122101453_4166---ProtocollodiRete_AlphaChieti.txt,0.0,0.0,0.0,0.0,0.0,0.0,0.0,0.0,0.0,0.0,1,1,0,0,0,0,0,0.0,2.0
13_2406_rta_13_241122102615_4166---PROTOCOLLOD_INTESACOMUNEAQ_donatellatelliniCAV2023.txt,0.0,0.0,0.0,0.0,0.0,0.0,0.0,0.0,0.0,0.0,0,0,0,0,0,0,0,0.0,0.0
20_2406_rta_20_250620094616_4166---Delibera52-22del23.12.2024-Allegato1.txt,0.0,0.0,0.0,0.0,0.0,0.0,0.0,0.0,0.0,0.0,1,1,1,0,0,0,0,0.0,3.0
17_2406_rta_17_250506142731_4166---Tavolodicoordinamentoemonitoraggio30-01-24.txt,0.0,0.0,0.0,0.0,0.0,0.0,0.0,0.0,0.0,0.0,1,0,0,0,0,0,0,0.0,1.0
18_2406_rta_18_240925130829_4166---PROTOCOLLODIINTESA_COMUNEDIMENDICINO.txt,0.0,0.0,0.0,0.0,0.0,0.0,0.0,0.0,0.0,0.0,1,1,0,0,0,0,0,0.0,2.0
18_2406_rta_18_240926102706_4166---protocollomondorosa2013.txt,0.0,0.0,0.0,0.0,0.0,0.0,0.0,0.0,0.0,0.0,1,1,0,0,0,0,0,0.0,2.0
18_2406_rta_18_240926102259_4166---Protocollod’intesaperlaprotezioneel’assistenzadellevittimediviolenzadigenererichiedentiasilo.txt,0.0,0.0,0.0,0.0,0.0,0.0,0.0,0.0,0.0,0.0,1,1,0,0,0,0,0,0.0,2.0
18_2406_rta_18_240926102317_4166---PROTOCOLLOISTITUTOSUP.NOSTRO-REPACI.txt,0.0,0.0,0.0,0.0,0.0,0.0,0.0,0.0,0.0,0.0,0,0,0,0,0,0,0,0.0,0.0
08_2406_rta_08_241015091500_4166---Protocollo_autonomia_lavorativa_def.txt,0.0,0.0,0.0,0.0,0.0,0.0,0.0,0.0,0.0,0.0,1,1,1,0,0,0,0,0.0,3.0
08_2406_rta_08_241015091310_4166---Accordo_Contrasto_alla_violenza_CittMtrBO.txt,0.0,0.0,0.0,0.0,0.0,0.0,0.0,0.0,0.0,0.0,1,1,1,0,0,0,0,0.0,3.0
06_2406_rta_06_240916164102_4166---protocollopordenoneprefettura.txt,0.0,0.0,0.0,0.0,0.0,0.0,0.0,0.0,0.0,0.0,0,0,0,0,0,0,0,0.0,0.0
12_2406_rta_12_240926113237_4166---Accordocavunuiversitari.txt,0.0,0.0,0.0,0.0,0.0,0.0,0.0,0.0,0.0,0.0,1,1,1,0,0,0,0,0.0,3.0
07_2406_rta_07_240916163905_4166---PROTOCOLLOFIRMATO(002).txt,0.0,0.0,0.0,0.0,0.0,0.0,0.0,0.0,0.0,0.0,1,1,1,0,0,0,0,0.0,3.0
03_2406_rta_03_240918151606_4166---A_RetePavia_Protocollo2021_e_Integrazioni2023_firmato_compressed.txt,0.0,0.0,0.0,0.0,0.0,0.0,0.0,0.0,0.0,0.0,1,1,1,0,0,0,0,0.0,3.0
11_2406_rta_11_240911113105_4166---PROTOCOLLO_OPERATIVO2024_CONINDIRIZZARIO_FIRMATO.txt,0.0,0.0,0.0,0.0,0.0,0.0,0.0,0.0,0.0,0.0,1,1,0,0,0,0,0,0.0,2.0
01_2406_rta_01_240904110730_4166---protocollocontuttelefirme(1).txt,0.0,0.0,0.0,0.0,0.0,0.0,0.0,0.0,0.0,0.0,0,0,0,0,0,0,0,0.0,0.0
01_2406_rta_01_241002150739_4166---DeliberaCostituzioneOsservatorioSaluteDonne.txt,0.0,0.0,0.0,0.0,0.0,0.0,0.0,0.0,0.0,0.0,1,0,0,0,0,0,0,0.0,1.0
16_2406_rta_16_250409174252_4166---Protocollo_Intesa_LARA.txt,0.0,0.0,0.0,0.0,0.0,0.0,0.0,0.0,0.0,0.0,1,1,1,0,0,0,0,0.0,3.0
09_APUANE_2015 Protocollo Prefettura.txt,0.0,0.0,0.0,0.0,0.0,0.0,0.0,0.0,0.0,0.0,1,1,0,0,0,0,0,0.0,2.0
09_SENESE Delibera-n.1196-del-24-10-2022-allegato-a_SENESE_2.txt,0.0,0.0,0.0,0.0,0.0,0.0,0.0,0.0,0.0,0.0,1,1,0,0,0,0,0,0.0,2.0
10_2406_rta_10_250506141901_4166---ProtocollounicoregionaleRINNOVATO.txt,0.0,0.0,0.0,0.0,0.0,0.0,0.0,0.0,0.0,0.0,1,0,1,0,0,0,0,0.0,2.0
05_2406_rta_05_240916173648_4166---ULSS5Polesana_Protocollodirete.txt,0.0,0.0,0.0,0.0,0.0,0.0,0.0,0.0,0.0,0.0,0,0,0,0,0,0,0,0.0,0.0
12_2406_rta_12_241003104626_4166---PROTOCOLLODIINTESAMUNICIPIOXV.txt,0.0,0.0,0.0,0.0,0.0,0.0,0.0,0.0,0.0,0.0,0,0,0,0,0,0,0,0.0,0.0
06_2406_rta_06_240916164122_4166---prot_n_0119980_2024_Accordo(firmato).txt,0.0,0.0,0.0,0.0,0.0,0.0,0.0,0.0,0.0,0.0,0,0,0,0,0,0,0,0.0,0.0
08_2406_rta_08_241015091832_4166---P.G.111546-2023PROTOCOLLOOPERATIVOFENOMENOVIOLENZADONNE(1).txt,0.0,0.0,0.0,0.0,0.0,0.0,0.0,0.0,0.0,0.0,0,0,0,0,0,0,0,0.0,0.0
08_2406_rta_08_241015091832_4166---P.G.111546-2023PROTOCOLLOOPERATIVOFENOMENOVIOLENZADONNE(1).txt,0.0,0.0,0.0,0.0,0.0,0.0,0.0,0.0,0.0,0.0,0,0,0,0,0,0,0,0.0,0.0
18_2406_rta_18_240925130829_4166---PROTOCOLLODIINTESA_COMUNEDIMENDICINO.txt,0.0,0.0,0.0,0.0,0.0,0.0,0.0,0.0,0.0,0.0,0,0,0,0,0,0,0,0.0,0.0
12_2406_rta_12_241007224201_4166---ProtocolloConilComunediARCE.txt,0.0,0.0,0.0,0.0,0.0,0.0,0.0,0.0,0.0,0.0,1,1,0,0,0,0,0,0.0,2.0
12_2406_rta_12_241007225239_4166---10-ProtocolloconilComunediCOLFELICE.txt,0.0,0.0,0.0,0.0,0.0,0.0,0.0,0.0,0.0,0.0,1,1,0,0,0,0,0,0.0,2.0
12_2406_rta_12_241007235530_4166---ProtocolloconilComunediPastena.txt,0.0,0.0,0.0,0.0,0.0,0.0,0.0,0.0,0.0,0.0,1,1,0,0,0,0,0,0.0,2.0
12_2406_rta_12_241004144338_4166---06-ProtocolloComunediVALLECORSA.txt,0.0,0.0,0.0,0.0,0.0,0.0,0.0,0.0,0.0,0.0,1,1,0,0,0,0,0,0.0,2.0
12_2406_rta_12_241004145108_4166---07-ProtocolloCONilComunediVILLASANTOSTEFANO.txt,0.0,0.0,0.0,0.0,0.0,0.0,0.0,0.0,0.0,0.0,1,1,0,0,0,0,0,0.0,2.0
"03_2406_rta_03_240923164603_4166---ProtocolloreteantiviolenzaBusto,Gallarate,Saronno,SommaLombardo-2024.txt",0.0,0.0,0.0,0.0,0.0,0.0,0.0,0.0,0.0,0.0,1,0,0,0,0,0,0,0.0,1.0
13_2406_rta_13_241122104842_4166---Protocollodirete_DAFNE.txt,0.0,0.0,0.0,0.0,0.0,0.0,0.0,0.0,0.0,0.0,1,1,0,0,0,0,0,0.0,2.0
12_2406_rta_12_241004145702_4166---08-ProtocolloComunediFalvaterra.txt,0.0,0.0,0.0,0.0,0.0,0.0,0.0,0.0,0.0,0.0,1,1,0,0,0,0,0,0.0,2.0
12_2406_rta_12_241004144338_4166---06-ProtocolloComunediVALLECORSA.txt,0.0,0.0,0.0,0.0,0.0,0.0,0.0,0.0,0.0,0.0,0,0,0,0,0,0,0,0.0,0.0
12_2406_rta_12_241004145108_4166---07-ProtocolloCONilComunediVILLASANTOSTEFANO.txt,0.0,0.0,0.0,0.0,0.0,0.0,0.0,0.0,0.0,0.0,0,0,0,0,0,0,0,0.0,0.0
"03_2406_rta_03_240923164603_4166---ProtocolloreteantiviolenzaBusto,Gallarate,Saronno,SommaLombardo-2024.txt",0.0,0.0,0.0,0.0,0.0,0.0,0.0,0.0,0.0,0.0,1,0,0,0,0,0,0,0.0,1.0
"03_2406_rta_03_240923164603_4166---ProtocolloreteantiviolenzaBusto,Gallarate,Saronno,SommaLombardo-2024.txt",0.0,0.0,0.0,0.0,0.0,0.0,0.0,0.0,0.0,0.0,1,0,0,0,0,0,0,0.0,1.0
01_2406_rta_01_240904150044_4166---Protocollocav-irene2022-2025.txt,0.0,0.0,0.0,0.0,0.0,0.0,0.0,0.0,0.0,0.0,1,1,0,0,0,1,1,0.0,4.0
03_2406_rta_03_240926122051_4166---Protocollomonz.txt,0.0,0.0,0.0,0.0,0.0,0.0,0.0,0.0,0.0,0.0,1,1,1,0,0,0,0,0.0,3.0
03_2406_rta_03_240926122051_4166---Protocollomonz.txt,0.0,0.0,0.0,0.0,0.0,0.0,0.0,0.0,0.0,0.0,1,1,1,0,0,0,0,0.0,3.0
03_2406_rta_03_240926122051_4166---Protocollomonz.txt,0.0,0.0,0.0,0.0,0.0,0.0,0.0,0.0,0.0,0.0,1,1,1,0,0,0,0,0.0,3.0
"03_2406_rta_03_240923164603_4166---ProtocolloreteantiviolenzaBusto,Gallarate,Saronno,SommaLombardo-2024.txt",0.0,0.0,0.0,0.0,0.0,0.0,0.0,0.0,0.0,0.0,1,0,0,0,0,0,0,0.0,1.0
"03_2406_rta_03_240923164603_4166---ProtocolloreteantiviolenzaBusto,Gallarate,Saronno,SommaLombardo-2024.txt",0.0,0.0,0.0,0.0,0.0,0.0,0.0,0.0,0.0,0.0,1,0,0,0,0,0,0,0.0,1.0
"03_2406_rta_03_240923164603_4166---ProtocolloreteantiviolenzaBusto,Gallarate,Saronno,SommaLombardo-2024.txt",0.0,0.0,0.0,0.0,0.0,0.0,0.0,0.0,0.0,0.0,1,0,0,0,0,0,0,0.0,1.0
"03_2406_rta_03_240923164603_4166---ProtocolloreteantiviolenzaBusto,Gallarate,Saronno,SommaLombardo-2024.txt",0.0,0.0,0.0,0.0,0.0,0.0,0.0,0.0,0.0,0.0,1,0,0,0,0,0,0,0.0,1.0
"03_2406_rta_03_240923164603_4166---ProtocolloreteantiviolenzaBusto,Gallarate,Saronno,SommaLombardo-2024.txt",0.0,0.0,0.0,0.0,0.0,0.0,0.0,0.0,0.0,0.0,1,0,0,0,0,0,0,0.0,1.0
"03_2406_rta_03_240923164603_4166---ProtocolloreteantiviolenzaBusto,Gallarate,Saronno,SommaLombardo-2024.txt",0.0,0.0,0.0,0.0,0.0,0.0,0.0,0.0,0.0,0.0,1,0,0,0,0,0,0,0.0,1.0
01_2406_rta_01_240904122512_4166---accordoSFD.txt,0.0,0.0,0.0,0.0,0.0,0.0,0.0,0.0,0.0,0.0,1,0,0,0,0,0,0,0.0,1.0
08_2406_rta_08_241015091725_4166---Protoc-Prefett-2017.txt,0.0,0.0,0.0,0.0,0.0,0.0,0.0,0.0,0.0,0.0,1,1,0,0,0,0,0,0.0,2.0
01_2406_rta_01_241002150739_4166---DeliberaCostituzioneOsservatorioSaluteDonne.txt,0.0,0.0,0.0,0.0,0.0,0.0,0.0,0.0,0.0,0.0,1,1,1,0,0,0,0,0.0,3.0
18_2406_rta_18_240926102931_4166---PROT.2403-24.txt,0.0,0.0,0.0,0.0,0.0,0.0,0.0,0.0,0.0,0.0,0,0,0,0,0,0,0,0.0,0.0
12_2406_rta_12_240926113237_4166---Accordocavunuiversitari.txt,0.0,0.0,0.0,0.0,0.0,0.0,0.0,0.0,0.0,0.0,1,0,0,0,0,0,0,0.0,1.0
18_2406_rta_18_240926103211_4166---PROTOCOLLOviolasottoscritto.txt,0.0,0.0,0.0,0.0,0.0,0.0,0.0,0.0,0.0,0.0,0,1,0,0,0,0,0,0.0,1.0
13_2406_rta_13_241122102615_4166---PROTOCOLLOD_INTESACOMUNEAQ_donatellatelliniCAV2023.txt,0.0,0.0,0.0,0.0,0.0,0.0,0.0,0.0,0.0,0.0,1,1,1,0,0,0,0,0.0,3.0
03_2406_rta_03_240920120751_4166---protocollodiintesa.txt,0.0,0.0,0.0,0.0,0.0,0.0,0.0,0.0,0.0,0.0,1,1,0,0,0,0,0,0.0,2.0
09_PISTOIA PROV .txt,0.0,0.0,0.0,0.0,0.0,0.0,0.0,0.0,0.0,0.0,1,1,0,0,0,0,0,0.0,2.0
16_bari_protocollo operativo Grumo_EMI.txt,0.0,0.0,0.0,0.0,0.0,0.0,0.0,0.0,0.0,0.0,0,0,0,0,0,0,0,0.0,0.0
05_2406_rta_05_240916173648_4166---ULSS5Polesana_Protocollodirete.txt,0.0,0.0,0.0,0.0,0.0,0.0,0.0,0.0,0.0,0.0,1,0,0,0,0,0,0,0.0,1.0
03_2406_rta_03_240925150245_4166---ProtocolloReteARIAPalazzolo.txt,0.0,0.0,0.0,0.0,0.0,0.0,0.0,0.0,0.0,0.0,1,1,0,0,0,0,0,0.0,2.0
09_PISTOIA PROV .txt,0.0,0.0,0.0,0.0,0.0,0.0,0.0,0.0,0.0,0.0,1,1,0,0,0,0,0,0.0,2.0
01_2406_rta_01_240904110730_4166---protocollocontuttelefirme(1).txt,0.0,0.0,0.0,0.0,0.0,0.0,0.0,0.0,0.0,0.0,1,1,0,0,0,0,0,0.0,2.0
13_2406_rta_13_241122103653_4166---protocollodirete_cavlafenice_provinciateramo.txt,0.0,0.0,0.0,0.0,0.0,0.0,0.0,0.0,0.0,0.0,1,1,0,0,0,0,0,0.0,2.0
16_bari_protocollo operativo Putignano_EMI.txt,0.0,0.0,0.0,0.0,0.0,0.0,0.0,0.0,0.0,0.0,1,1,0,0,0,0,0,0.0,2.0
13_2406_rta_13_241122111153_4166---PROTOCOLLOCASTELDISANGROEASL.txt,0.0,0.0,0.0,0.0,0.0,0.0,0.0,0.0,0.0,0.0,0,1,0,0,0,0,0,0.0,1.0
08_2406_rta_08_241015091330_4166---Protocollo_intesa_autonomia_abitativa_donne_vittime_di_violenza_CittMtrBO.txt,0.0,0.0,0.0,0.0,0.0,0.0,0.0,0.0,0.0,0.0,1,1,0,0,0,0,0,0.0,2.0
03_2406_rta_03_240924144947_4166---Protocollod'IntesaReteAntiviolenzaIsolaBergamascaeBassaValSanMartino2024.txt,0.0,0.0,0.0,0.0,0.0,0.0,0.0,0.0,0.0,0.0,1,1,0,0,0,0,0,0.0,2.0
11_2406_rta_11_240911113105_4166---PROTOCOLLO_OPERATIVO2024_CONINDIRIZZARIO_FIRMATO.txt,0.0,0.0,0.0,0.0,0.0,0.0,0.0,0.0,0.0,0.0,1,1,0,0,0,0,0,0.0,2.0
16_bat_convenzione CAV - ASL BT.txt,0.0,0.0,0.0,0.0,0.0,0.0,0.0,0.0,0.0,0.0,0,0,0,0,0,0,0,0.0,0.0
05_2406_rta_05_240916135305_4166---protocolloulss4.txt,0.0,0.0,0.0,0.0,0.0,0.0,0.0,0.0,0.0,0.0,1,1,0,0,0,0,0,0.0,2.0
08_2406_rta_08_241015091330_4166---Protocollo_intesa_autonomia_abitativa_donne_vittime_di_violenza_CittMtrBO.txt,0.0,0.0,0.0,0.0,0.0,0.0,0.0,0.0,0.0,0.0,1,1,0,0,0,0,0,0.0,2.0
03_2406_rta_03_240926144324_4166---Protocollodiintesa.txt,0.0,0.0,0.0,0.0,0.0,0.0,0.0,0.0,0.0,0.0,0,0,0,0,0,0,0,0.0,0.0
09_AREZZO Prot_2024-2026.txt,0.0,0.0,0.0,0.0,0.0,0.0,0.0,0.0,0.0,0.0,1,1,0,0,0,0,0,0.0,2.0
08_2406_rta_08_241015091330_4166---Protocollo_intesa_autonomia_abitativa_donne_vittime_di_violenza_CittMtrBO.txt,0.0,0.0,0.0,0.0,0.0,0.0,0.0,0.0,0.0,0.0,1,1,0,0,0,0,0,0.0,2.0
05_2406_rta_05_240919122126_4166---PROTOCOLLOULSS8BERICA.txt,0.0,0.0,0.0,0.0,0.0,0.0,0.0,0.0,0.0,0.0,1,0,0,0,0,1,1,0.0,3.0
11_2406_rta_11_240911113911_4166---AscoliPPROTOCOLLOoperativo_2019_2021.txt,0.0,0.0,0.0,0.0,0.0,0.0,0.0,0.0,0.0,0.0,1,1,0,0,0,1,1,0.0,4.0
05_2406_rta_05_240917141534_4166---protocollodiretefirmato.txt,0.0,0.0,0.0,0.0,0.0,0.0,0.0,0.0,0.0,0.0,1,1,1,0,0,0,0,0.0,3.0
03_2406_rta_03_240926122707_4166---ProtocolloReteAntiviolenzaconfirme.txt,0.0,0.0,0.0,0.0,0.0,0.0,0.0,0.0,0.0,0.0,1,1,0,0,0,0,0,0.0,2.0
10_2406_rta_10_250506141901_4166---ProtocollounicoregionaleRINNOVATO.txt,0.0,0.0,0.0,0.0,0.0,0.0,0.0,0.0,0.0,0.0,1,0,0,0,0,1,1,0.0,3.0
13_2406_rta_13_241122103653_4166---protocollodirete_cavlafenice_provinciateramo.txt,0.0,0.0,0.0,0.0,0.0,0.0,0.0,0.0,0.0,0.0,1,1,0,0,0,0,0,0.0,2.0
06_2406_rta_06_240916164102_4166---protocollopordenoneprefettura.txt,0.0,0.0,0.0,0.0,0.0,0.0,0.0,0.0,0.0,0.0,1,1,0,0,0,1,1,0.0,4.0
03_2406_rta_03_240923101524_4166---PROTOCOLLO_DI_INTESA_versione_DEFINITIVA2021.stamped.txt,0.0,0.0,0.0,0.0,0.0,0.0,0.0,0.0,0.0,0.0,1,1,0,0,0,0,0,0.0,2.0
03_2406_rta_03_240926144324_4166---Protocollodiintesa.txt,0.0,0.0,0.0,0.0,0.0,0.0,0.0,0.0,0.0,0.0,0,0,0,0,0,0,0,0.0,0.0
03_2406_rta_03_240925150245_4166---ProtocolloReteARIAPalazzolo.txt,0.0,0.0,0.0,0.0,0.0,0.0,0.0,0.0,0.0,0.0,1,1,0,0,0,0,0,0.0,2.0
09_FIRENZE Linee-di-indirizzo2024.txt,0.0,0.0,0.0,0.0,0.0,0.0,0.0,0.0,0.0,0.0,0,0,0,0,0,0,0,0.0,0.0
03_2406_rta_03_240920120751_4166---protocollodiintesa.txt,0.0,0.0,0.0,0.0,0.0,0.0,0.0,0.0,0.0,0.0,1,1,0,0,0,0,0,0.0,2.0
16_bari_Protocollo Gioia del Colle_ATS_Rete locale.txt,0.0,0.0,0.0,0.0,0.0,0.0,0.0,0.0,0.0,0.0,1,0,0,0,0,0,0,0.0,1.0
08_2406_rta_08_241015091330_4166---Protocollo_intesa_autonomia_abitativa_donne_vittime_di_violenza_CittMtrBO.txt,0.0,0.0,0.0,0.0,0.0,0.0,0.0,0.0,0.0,0.0,1,1,0,0,0,0,0,0.0,2.0
16_bat_convenzione CAV - ASL BT.txt,0.0,0.0,0.0,0.0,0.0,0.0,0.0,0.0,0.0,0.0,0,0,0,0,0,0,0,0.0,0.0
13_2406_rta_13_241122111153_4166---PROTOCOLLOCASTELDISANGROEASL.txt,0.0,0.0,0.0,0.0,0.0,0.0,0.0,0.0,0.0,0.0,0,1,0,0,0,0,0,0.0,1.0
13_2406_rta_13_241122103653_4166---protocollodirete_cavlafenice_provinciateramo.txt,0.0,0.0,0.0,0.0,0.0,0.0,0.0,0.0,0.0,0.0,1,1,0,0,0,0,0,0.0,2.0
03_2406_rta_03_240926122707_4166---ProtocolloReteAntiviolenzaconfirme.txt,0.0,0.0,0.0,0.0,0.0,0.0,0.0,0.0,0.0,0.0,1,1,0,0,0,0,0,0.0,2.0
12_2406_rta_12_240926112734_4166---3AccordoDistrettoVT4ePontedonna-signed(1).txt,0.0,0.0,0.0,0.0,0.0,0.0,0.0,0.0,0.0,0.0,0,0,0,0,0,0,0,0.0,0.0
05_2406_rta_05_240919114041_4166---protocollounicorevisionato2024.txt,0.0,0.0,0.0,0.0,0.0,0.0,0.0,0.0,0.0,0.0,1,0,0,0,0,1,1,0.0,3.0
03_2406_rta_03_240923113114_4166---ProtocolloReteAddaMartesanasottoscritto.txt,0.0,0.0,0.0,0.0,0.0,0.0,0.0,0.0,0.0,0.0,0,1,0,0,0,0,0,0.0,1.0
08_2406_rta_08_241015091330_4166---Protocollo_intesa_autonomia_abitativa_donne_vittime_di_violenza_CittMtrBO.txt,0.0,0.0,0.0,0.0,0.0,0.0,0.0,0.0,0.0,0.0,1,1,0,0,0,0,0,0.0,2.0
03_2406_rta_03_240923101524_4166---PROTOCOLLO_DI_INTESA_versione_DEFINITIVA2021.stamped.txt,0.0,0.0,0.0,0.0,0.0,0.0,0.0,0.0,0.0,0.0,1,1,0,0,0,0,0,0.0,2.0
01_2406_rta_01_240904122512_4166---accordoSFD.txt,0.0,0.0,0.0,0.0,0.0,0.0,0.0,0.0,0.0,0.0,1,0,0,1,0,0,1,0.0,3.0
09_PISA PREF E PROV.txt,0.0,0.0,0.0,0.0,0.0,0.0,0.0,0.0,0.0,0.0,1,1,0,0,0,0,0,0.0,2.0
03_2406_rta_03_240926122707_4166---ProtocolloReteAntiviolenzaconfirme.txt,0.0,0.0,0.0,0.0,0.0,0.0,0.0,0.0,0.0,0.0,1,1,0,0,0,0,0,0.0,2.0
16_bari_protocollo operativo Grumo_EMI.txt,0.0,0.0,0.0,0.0,0.0,0.0,0.0,0.0,0.0,0.0,0,0,0,0,0,0,0,0.0,0.0
16_bat_convenzione CAV - ASL BT.txt,0.0,0.0,0.0,0.0,0.0,0.0,0.0,0.0,0.0,0.0,0,0,0,0,0,0,0,0.0,0.0
12_2406_rta_12_240926112734_4166---3AccordoDistrettoVT4ePontedonna-signed(1).txt,0.0,0.0,0.0,0.0,0.0,0.0,0.0,0.0,0.0,0.0,0,0,0,0,0,0,0,0.0,0.0
03_2406_rta_03_240926144324_4166---Protocollodiintesa.txt,0.0,0.0,0.0,0.0,0.0,0.0,0.0,0.0,0.0,0.0,1,1,0,0,0,0,0,0.0,2.0
08_2406_rta_08_241015091310_4166---Accordo_Contrasto_alla_violenza_CittMtrBO.txt,0.0,0.0,0.0,0.0,0.0,0.0,0.0,0.0,0.0,0.0,1,1,1,0,0,0,0,0.0,3.0
03_2406_rta_03_240924144947_4166---Protocollod'IntesaReteAntiviolenzaIsolaBergamascaeBassaValSanMartino2024.txt,0.0,0.0,0.0,0.0,0.0,0.0,0.0,0.0,0.0,0.0,1,1,0,0,0,0,0,0.0,2.0
03_2406_rta_03_240924144947_4166---Protocollod'IntesaReteAntiviolenzaIsolaBergamascaeBassaValSanMartino2024.txt,0.0,0.0,0.0,0.0,0.0,0.0,0.0,0.0,0.0,0.0,1,1,0,0,0,0,0,0.0,2.0
18_2406_rta_18_240926102407_4166---ProtocollointesaAISM_CentroLanzino_ReteREDCALABRIA_firmadigitale.txt,0.0,0.0,0.0,0.0,0.0,0.0,0.0,0.0,0.0,0.0,0,0,0,0,0,0,0,0.0,0.0
03_2406_rta_03_240925150245_4166---ProtocolloReteARIAPalazzolo.txt,0.0,0.0,0.0,0.0,0.0,0.0,0.0,0.0,0.0,0.0,1,1,0,0,0,0,0,0.0,2.0
09_FIRENZE Linee-di-indirizzo2024.txt,0.0,0.0,0.0,0.0,0.0,0.0,0.0,0.0,0.0,0.0,0,0,0,0,0,0,0,0.0,0.0
08_2406_rta_08_241015091330_4166---Protocollo_intesa_autonomia_abitativa_donne_vittime_di_violenza_CittMtrBO.txt,0.0,0.0,0.0,0.0,0.0,0.0,0.0,0.0,0.0,0.0,1,1,0,0,0,0,0,0.0,2.0
03_2406_rta_03_240923101524_4166---PROTOCOLLO_DI_INTESA_versione_DEFINITIVA2021.stamped.txt,0.0,0.0,0.0,0.0,0.0,0.0,0.0,0.0,0.0,0.0,1,1,0,0,0,0,0,0.0,2.0
03_2406_rta_03_240924144947_4166---Protocollod'IntesaReteAntiviolenzaIsolaBergamascaeBassaValSanMartino2024.txt,0.0,0.0,0.0,0.0,0.0,0.0,0.0,0.0,0.0,0.0,1,1,0,0,0,0,0,0.0,2.0
03_2406_rta_03_240923101524_4166---PROTOCOLLO_DI_INTESA_versione_DEFINITIVA2021.stamped.txt,0.0,0.0,0.0,0.0,0.0,0.0,0.0,0.0,0.0,0.0,1,1,0,0,0,0,0,0.0,2.0
03_2406_rta_03_240923171949_4166---PROTOCOLLOD'INTESARETETERRITORIALEANTIVIOLENZAVALLETROMPIA2024.txt,0.0,0.0,0.0,0.0,0.0,0.0,0.0,0.0,0.0,0.0,1,0,1,0,0,0,0,0.0,2.0
03_2406_rta_03_240923171949_4166---PROTOCOLLOD'INTESARETETERRITORIALEANTIVIOLENZAVALLETROMPIA2024.txt,0.0,0.0,0.0,0.0,0.0,0.0,0.0,0.0,0.0,0.0,1,0,1,0,0,0,0,0.0,2.0
01_2406_rta_01_240904110730_4166---protocollocontuttelefirme(1).txt,0.0,0.0,0.0,0.0,0.0,0.0,0.0,0.0,0.0,0.0,1,1,1,1,0,1,1,0.0,6.0
01_2406_rta_01_240920112211_4166---367772-4-Protocollo_intesa_Completo.txt,0.0,0.0,0.0,0.0,0.0,0.0,0.0,0.0,0.0,0.0,0,0,0,1,0,0,1,0.0,2.0
03_2406_rta_03_240925150245_4166---ProtocolloReteARIAPalazzolo.txt,0.0,0.0,0.0,0.0,0.0,0.0,0.0,0.0,0.0,0.0,1,1,0,0,0,0,0,0.0,2.0
03_2406_rta_03_240924144947_4166---Protocollod'IntesaReteAntiviolenzaIsolaBergamascaeBassaValSanMartino2024.txt,0.0,0.0,0.0,0.0,0.0,0.0,0.0,0.0,0.0,0.0,1,1,0,0,0,0,0,0.0,2.0
03_2406_rta_03_240924144947_4166---Protocollod'IntesaReteAntiviolenzaIsolaBergamascaeBassaValSanMartino2024.txt,0.0,0.0,0.0,0.0,0.0,0.0,0.0,0.0,0.0,0.0,1,1,0,0,0,0,0,0.0,2.0
03_2406_rta_03_240923101524_4166---PROTOCOLLO_DI_INTESA_versione_DEFINITIVA2021.stamped.txt,0.0,0.0,0.0,0.0,0.0,0.0,0.0,0.0,0.0,0.0,1,1,1,0,0,1,1,0.0,5.0
03_2406_rta_03_240923103647_4166---protocolloreteantiviolenzacinisello2019(1).txt,0.0,0.0,0.0,0.0,0.0,0.0,0.0,0.0,0.0,0.0,1,0,0,0,0,0,0,0.0,1.0
03_2406_rta_03_240923171949_4166---PROTOCOLLOD'INTESARETETERRITORIALEANTIVIOLENZAVALLETROMPIA2024.txt,0.0,0.0,0.0,0.0,0.0,0.0,0.0,0.0,0.0,0.0,1,0,1,0,0,0,0,0.0,2.0
08_2406_rta_08_241015092049_4166---PROTOCOLLOD.G.C.FAENZA304-2009.txt,0.0,0.0,0.0,0.0,0.0,0.0,0.0,0.0,0.0,0.0,1,1,0,0,0,0,0,0.0,2.0
03_2406_rta_03_240918151606_4166---A_RetePavia_Protocollo2021_e_Integrazioni2023_firmato_compressed.txt,0.0,0.0,0.0,0.0,0.0,0.0,0.0,0.0,0.0,0.0,1,1,0,0,0,0,0,0.0,2.0
03_2406_rta_03_240926122707_4166---ProtocolloReteAntiviolenzaconfirme.txt,0.0,0.0,0.0,0.0,0.0,0.0,0.0,0.0,0.0,0.0,1,1,0,0,0,0,0,0.0,2.0
08_2406_rta_08_241015091330_4166---Protocollo_intesa_autonomia_abitativa_donne_vittime_di_violenza_CittMtrBO.txt,0.0,0.0,0.0,0.0,0.0,0.0,0.0,0.0,0.0,0.0,1,1,0,0,0,0,0,0.0,2.0
09_PISTOIA PROV .txt,0.0,0.0,0.0,0.0,0.0,0.0,0.0,0.0,0.0,0.0,1,1,0,0,0,0,0,0.0,2.0
03_2406_rta_03_240923113114_4166---ProtocolloReteAddaMartesanasottoscritto.txt,0.0,0.0,0.0,0.0,0.0,0.0,0.0,0.0,0.0,0.0,1,1,0,0,0,0,0,0.0,2.0
"03_2406_rta_03_240923164603_4166---ProtocolloreteantiviolenzaBusto,Gallarate,Saronno,SommaLombardo-2024.txt",0.0,0.0,0.0,0.0,0.0,0.0,0.0,0.0,0.0,0.0,1,1,0,0,0,1,1,0.0,4.0
03_2406_rta_03_240920120751_4166---protocollodiintesa.txt,0.0,0.0,0.0,0.0,0.0,0.0,0.0,0.0,0.0,0.0,1,1,0,0,0,0,0,0.0,2.0
09_PISA PREF E PROV.txt,0.0,0.0,0.0,0.0,0.0,0.0,0.0,0.0,0.0,0.0,1,1,0,0,0,0,0,0.0,2.0
11_2406_rta_11_240911113034_4166---protocollodireteantiviolenza2020-2022-uuvv.txt,0.0,0.0,0.0,0.0,0.0,0.0,0.0,0.0,0.0,0.0,1,1,0,0,0,0,0,0.0,2.0
03_2406_rta_03_240923171949_4166---PROTOCOLLOD'INTESARETETERRITORIALEANTIVIOLENZAVALLETROMPIA2024.txt,0.0,0.0,0.0,0.0,0.0,0.0,0.0,0.0,0.0,0.0,1,0,1,0,0,0,0,0.0,2.0
09_PISA PREF E PROV.txt,0.0,0.0,0.0,0.0,0.0,0.0,0.0,0.0,0.0,0.0,1,1,0,0,0,0,0,0.0,2.0
09_PISA PREF E PROV.txt,0.0,0.0,0.0,0.0,0.0,0.0,0.0,0.0,0.0,0.0,1,1,0,0,0,0,0,0.0,2.0
08_2406_rta_08_241015091330_4166---Protocollo_intesa_autonomia_abitativa_donne_vittime_di_violenza_CittMtrBO.txt,0.0,0.0,0.0,0.0,0.0,0.0,0.0,0.0,0.0,0.0,1,1,0,0,0,0,0,0.0,2.0
03_2406_rta_03_240924144947_4166---Protocollod'IntesaReteAntiviolenzaIsolaBergamascaeBassaValSanMartino2024.txt,0.0,0.0,0.0,0.0,0.0,0.0,0.0,0.0,0.0,0.0,1,1,0,0,0,0,0,0.0,2.0
03_2406_rta_03_240923113114_4166---ProtocolloReteAddaMartesanasottoscritto.txt,0.0,0.0,0.0,0.0,0.0,0.0,0.0,0.0,0.0,0.0,0,1,0,0,0,0,0,0.0,1.0
05_2406_rta_05_240916131522_4166---protocolloaggiornamento2023.txt,0.0,0.0,0.0,0.0,0.0,0.0,0.0,0.0,0.0,0.0,1,0,0,0,0,0,0,0.0,1.0
09_GROSSETO 2022 fpdf.txt,0.0,0.0,0.0,0.0,0.0,0.0,0.0,0.0,0.0,0.0,1,0,0,0,0,0,0,0.0,1.0
09_FIRENZE Linee-di-indirizzo2024.txt,0.0,0.0,0.0,0.0,0.0,0.0,0.0,0.0,0.0,0.0,0,0,0,0,0,0,0,0.0,0.0
13_2406_rta_13_241122103653_4166---protocollodirete_cavlafenice_provinciateramo.txt,0.0,0.0,0.0,0.0,0.0,0.0,0.0,0.0,0.0,0.0,1,1,0,0,0,0,0,0.0,2.0
05_2406_rta_05_240916131522_4166---protocolloaggiornamento2023.txt,0.0,0.0,0.0,0.0,0.0,0.0,0.0,0.0,0.0,0.0,1,0,0,0,0,0,0,0.0,1.0
05_2406_rta_05_240916131522_4166---protocolloaggiornamento2023.txt,0.0,0.0,0.0,0.0,0.0,0.0,0.0,0.0,0.0,0.0,1,0,0,0,0,0,0,0.0,1.0
08_2406_rta_08_241015091330_4166---Protocollo_intesa_autonomia_abitativa_donne_vittime_di_violenza_CittMtrBO.txt,0.0,0.0,0.0,0.0,0.0,0.0,0.0,0.0,0.0,0.0,1,1,0,0,0,0,0,0.0,2.0
03_2406_rta_03_240920120751_4166---protocollodiintesa.txt,0.0,0.0,0.0,0.0,0.0,0.0,0.0,0.0,0.0,0.0,1,1,0,0,0,0,0,0.0,2.0
16_bat_convenzione CAV - ASL BT.txt,0.0,0.0,0.0,0.0,0.0,0.0,0.0,0.0,0.0,0.0,0,0,0,0,0,0,0,0.0,0.0
09_PRATO PREF.txt,0.0,0.0,0.0,0.0,0.0,0.0,0.0,0.0,0.0,0.0,1,1,0,0,0,0,0,0.0,2.0
13_2406_rta_13_241122103653_4166---protocollodirete_cavlafenice_provinciateramo.txt,0.0,0.0,0.0,0.0,0.0,0.0,0.0,0.0,0.0,0.0,1,1,0,0,0,0,0,0.0,2.0
05_2406_rta_05_240916135305_4166---protocolloulss4.txt,0.0,0.0,0.0,0.0,0.0,0.0,0.0,0.0,0.0,0.0,1,1,0,0,0,0,0,0.0,2.0
09_GROSSETO 2022 fpdf.txt,0.0,0.0,0.0,0.0,0.0,0.0,0.0,0.0,0.0,0.0,1,0,0,0,0,0,0,0.0,1.0
09_PISA PREF E PROV.txt,0.0,0.0,0.0,0.0,0.0,0.0,0.0,0.0,0.0,0.0,1,1,0,0,0,0,0,0.0,2.0
12_2406_rta_12_240926112734_4166---3AccordoDistrettoVT4ePontedonna-signed(1).txt,0.0,0.0,0.0,0.0,0.0,0.0,0.0,0.0,0.0,0.0,0,0,0,0,0,0,0,0.0,0.0
12_2406_rta_12_240926112734_4166---3AccordoDistrettoVT4ePontedonna-signed(1).txt,0.0,0.0,0.0,0.0,0.0,0.0,0.0,0.0,0.0,0.0,0,0,0,0,0,0,0,0.0,0.0
03_2406_rta_03_240923101524_4166---PROTOCOLLO_DI_INTESA_versione_DEFINITIVA2021.stamped.txt,0.0,0.0,0.0,0.0,0.0,0.0,0.0,0.0,0.0,0.0,1,1,0,0,0,0,0,0.0,2.0
03_2406_rta_03_240924144947_4166---Protocollod'IntesaReteAntiviolenzaIsolaBergamascaeBassaValSanMartino2024.txt,0.0,0.0,0.0,0.0,0.0,0.0,0.0,0.0,0.0,0.0,1,1,0,0,0,0,0,0.0,2.0
03_2406_rta_03_240924144947_4166---Protocollod'IntesaReteAntiviolenzaIsolaBergamascaeBassaValSanMartino2024.txt,0.0,0.0,0.0,0.0,0.0,0.0,0.0,0.0,0.0,0.0,1,1,0,0,0,0,0,0.0,2.0
03_2406_rta_03_240925150245_4166---ProtocolloReteARIAPalazzolo.txt,0.0,0.0,0.0,0.0,0.0,0.0,0.0,0.0,0.0,0.0,1,1,0,0,0,0,0,0.0,2.0
06_2406_rta_06_240916164258_4166---Protocolloviolenzadomesticaedigenere_30.09.2019.txt,0.0,0.0,0.0,0.0,0.0,0.0,0.0,0.0,0.0,0.0,0,1,0,0,0,0,0,0.0,1.0
12_2406_rta_12_240926112734_4166---3AccordoDistrettoVT4ePontedonna-signed(1).txt,0.0,0.0,0.0,0.0,0.0,0.0,0.0,0.0,0.0,0.0,0,0,0,0,0,0,0,0.0,0.0
01_2406_rta_01_240909112136_4166---convenzionecarmagnola.txt,0.0,0.0,0.0,0.0,0.0,0.0,0.0,0.0,0.0,0.0,1,1,0,0,0,0,0,0.0,2.0
09_PRATO PREF.txt,0.0,0.0,0.0,0.0,0.0,0.0,0.0,0.0,0.0,0.0,1,1,0,0,0,0,0,0.0,2.0
11_2406_rta_11_240911113034_4166---protocollodireteantiviolenza2020-2022-uuvv.txt,0.0,0.0,0.0,0.0,0.0,0.0,0.0,0.0,0.0,0.0,1,1,0,0,0,0,0,0.0,2.0
03_2406_rta_03_240920093134_4166---Protocollo_Intesa_Rete_Antiviolenza_SudEstMilano_Paullese_2021-2023.txt,0.0,0.0,0.0,0.0,0.0,0.0,0.0,0.0,0.0,0.0,1,0,0,0,0,0,0,0.0,1.0
09_APUANE_2015 Protocollo Prefettura.txt,0.0,0.0,0.0,0.0,0.0,0.0,0.0,0.0,0.0,0.0,1,1,0,0,0,0,0,0.0,2.0
03_2406_rta_03_240923113114_4166---ProtocolloReteAddaMartesanasottoscritto.txt,0.0,0.0,0.0,0.0,0.0,0.0,0.0,0.0,0.0,0.0,0,1,0,0,0,0,0,0.0,1.0
03_2406_rta_03_240924144947_4166---Protocollod'IntesaReteAntiviolenzaIsolaBergamascaeBassaValSanMartino2024.txt,0.0,0.0,0.0,0.0,0.0,0.0,0.0,0.0,0.0,0.0,1,1,0,0,0,0,0,0.0,2.0
09_PISA PREF E PROV.txt,0.0,0.0,0.0,0.0,0.0,0.0,0.0,0.0,0.0,0.0,1,1,0,0,0,0,0,0.0,2.0
08_2406_rta_08_241015091330_4166---Protocollo_intesa_autonomia_abitativa_donne_vittime_di_violenza_CittMtrBO.txt,0.0,0.0,0.0,0.0,0.0,0.0,0.0,0.0,0.0,0.0,1,1,0,0,0,0,0,0.0,2.0
08_2406_rta_08_241015091330_4166---Protocollo_intesa_autonomia_abitativa_donne_vittime_di_violenza_CittMtrBO.txt,0.0,0.0,0.0,0.0,0.0,0.0,0.0,0.0,0.0,0.0,1,1,0,0,0,0,0,0.0,2.0
03_2406_rta_03_240918153252_4166---Protocollo+Appendice+LineeGuida_Datatodafirmare.txt,0.0,0.0,0.0,0.0,0.0,0.0,0.0,0.0,0.0,0.0,1,1,0,0,0,0,0,0.0,2.0
03_2406_rta_03_240923111659_4166---ProtocolloantiviolenzaComunediLodi_scansioneconfirme_maggio2014.txt,0.0,0.0,0.0,0.0,0.0,0.0,0.0,0.0,0.0,0.0,1,1,0,0,0,0,0,0.0,2.0
16_bari_protocollo operativo Gioia del Colle_EMI.txt,0.0,0.0,0.0,0.0,0.0,0.0,0.0,0.0,0.0,0.0,1,0,0,0,0,0,0,0.0,1.0
03_2406_rta_03_240926122707_4166---ProtocolloReteAntiviolenzaconfirme.txt,0.0,0.0,0.0,0.0,0.0,0.0,0.0,0.0,0.0,0.0,1,1,0,0,0,0,0,0.0,2.0
09_PISA PREF E PROV.txt,0.0,0.0,0.0,0.0,0.0,0.0,0.0,0.0,0.0,0.0,1,1,0,0,0,0,0,0.0,2.0
09_PISA PREF E PROV.txt,0.0,0.0,0.0,0.0,0.0,0.0,0.0,0.0,0.0,0.0,1,1,0,0,0,0,0,0.0,2.0
08_2406_rta_08_241015092049_4166---PROTOCOLLOD.G.C.FAENZA304-2009.txt,0.0,0.0,0.0,0.0,0.0,0.0,0.0,0.0,0.0,0.0,1,1,0,0,0,0,0,0.0,2.0
09_ALTA VALDELSA Protocollo-violenza-valdelsa-2022_ALTA VALDELSA.txt,0.0,0.0,0.0,0.0,0.0,0.0,0.0,0.0,0.0,0.0,1,0,1,0,0,0,0,0.0,2.0
03_2406_rta_03_240923113114_4166---ProtocolloReteAddaMartesanasottoscritto.txt,0.0,0.0,0.0,0.0,0.0,0.0,0.0,0.0,0.0,0.0,1,1,0,0,0,0,0,0.0,2.0
16_bari_protocollo operativo Grumo_EMI.txt,0.0,0.0,0.0,0.0,0.0,0.0,0.0,0.0,0.0,0.0,0,0,0,0,0,0,0,0.0,0.0
03_2406_rta_03_240923113114_4166---ProtocolloReteAddaMartesanasottoscritto.txt,0.0,0.0,0.0,0.0,0.0,0.0,0.0,0.0,0.0,0.0,0,1,0,0,0,0,0,0.0,1.0
03_2406_rta_03_240920120751_4166---protocollodiintesa.txt,0.0,0.0,0.0,0.0,0.0,0.0,0.0,0.0,0.0,0.0,1,1,0,0,0,0,0,0.0,2.0
03_2406_rta_03_240923101524_4166---PROTOCOLLO_DI_INTESA_versione_DEFINITIVA2021.stamped.txt,0.0,0.0,0.0,0.0,0.0,0.0,0.0,0.0,0.0,0.0,1,1,0,0,0,0,0,0.0,2.0
08_2406_rta_08_241015092049_4166---PROTOCOLLOD.G.C.FAENZA304-2009.txt,0.0,0.0,0.0,0.0,0.0,0.0,0.0,0.0,0.0,0.0,1,1,0,0,0,0,0,0.0,2.0
13_2406_rta_13_241122103901_4166---Protocollirete_ortonaelancianoCAVdonn.ÿ.txt,0.0,0.0,0.0,0.0,0.0,0.0,0.0,0.0,0.0,0.0,1,1,0,0,0,0,0,0.0,2.0
08_2406_rta_08_241015091330_4166---Protocollo_intesa_autonomia_abitativa_donne_vittime_di_violenza_CittMtrBO.txt,0.0,0.0,0.0,0.0,0.0,0.0,0.0,0.0,0.0,0.0,1,1,0,0,0,0,0,0.0,2.0
08_2406_rta_08_241015091330_4166---Protocollo_intesa_autonomia_abitativa_donne_vittime_di_violenza_CittMtrBO.txt,0.0,0.0,0.0,0.0,0.0,0.0,0.0,0.0,0.0,0.0,1,1,0,0,0,0,0,0.0,2.0
03_2406_rta_03_240923101524_4166---PROTOCOLLO_DI_INTESA_versione_DEFINITIVA2021.stamped.txt,0.0,0.0,0.0,0.0,0.0,0.0,0.0,0.0,0.0,0.0,1,1,0,0,0,0,0,0.0,2.0
08_2406_rta_08_241015091917_4166---Protocollo2022-2024.txt,0.0,0.0,0.0,0.0,0.0,0.0,0.0,0.0,0.0,0.0,1,1,1,0,0,0,0,0.0,3.0
08_2406_rta_08_241015091330_4166---Protocollo_intesa_autonomia_abitativa_donne_vittime_di_violenza_CittMtrBO.txt,0.0,0.0,0.0,0.0,0.0,0.0,0.0,0.0,0.0,0.0,1,1,0,0,0,0,0,0.0,2.0
08_2406_rta_08_241015091330_4166---Protocollo_intesa_autonomia_abitativa_donne_vittime_di_violenza_CittMtrBO.txt,0.0,0.0,0.0,0.0,0.0,0.0,0.0,0.0,0.0,0.0,1,1,0,0,0,0,0,0.0,2.0
08_2406_rta_08_241015091330_4166---Protocollo_intesa_autonomia_abitativa_donne_vittime_di_violenza_CittMtrBO.txt,0.0,0.0,0.0,0.0,0.0,0.0,0.0,0.0,0.0,0.0,1,1,0,0,0,0,0,0.0,2.0
08_2406_rta_08_241015091330_4166---Protocollo_intesa_autonomia_abitativa_donne_vittime_di_violenza_CittMtrBO.txt,0.0,0.0,0.0,0.0,0.0,0.0,0.0,0.0,0.0,0.0,1,1,0,0,0,0,0,0.0,2.0
13_2406_rta_13_241122105938_4166---ACCORDOOPERATIVO.txt,0.0,0.0,0.0,0.0,0.0,0.0,0.0,0.0,0.0,0.0,0,1,0,0,0,0,0,0.0,1.0
03_2406_rta_03_240925150245_4166---ProtocolloReteARIAPalazzolo.txt,0.0,0.0,0.0,0.0,0.0,0.0,0.0,0.0,0.0,0.0,1,1,0,0,0,0,0,0.0,2.0
05_2406_rta_05_240917141534_4166---protocollodiretefirmato.txt,0.0,0.0,0.0,0.0,0.0,0.0,0.0,0.0,0.0,0.0,1,1,0,0,0,1,1,0.0,4.0
09_PISA PREF E PROV.txt,0.0,0.0,0.0,0.0,0.0,0.0,0.0,0.0,0.0,0.0,1,1,0,0,0,0,0,0.0,2.0
13_2406_rta_13_241122103653_4166---protocollodirete_cavlafenice_provinciateramo.txt,0.0,0.0,0.0,0.0,0.0,0.0,0.0,0.0,0.0,0.0,1,1,0,0,0,0,0,0.0,2.0
16_bari_protocollo operativo Putignano_EMI.txt,0.0,0.0,0.0,0.0,0.0,0.0,0.0,0.0,0.0,0.0,1,1,0,0,0,0,0,0.0,2.0
16_taranto_protocollo d'intesa CAVGinosa sottoscritto.txt,0.0,0.0,0.0,0.0,0.0,0.0,0.0,0.0,0.0,0.0,1,1,0,0,0,0,0,0.0,2.0
13_2406_rta_13_241122103653_4166---protocollodirete_cavlafenice_provinciateramo.txt,0.0,0.0,0.0,0.0,0.0,0.0,0.0,0.0,0.0,0.0,1,1,0,0,0,0,0,0.0,2.0
09_PISA PREF E PROV.txt,0.0,0.0,0.0,0.0,0.0,0.0,0.0,0.0,0.0,0.0,1,1,0,0,0,0,0,0.0,2.0
08_2406_rta_08_241015091330_4166---Protocollo_intesa_autonomia_abitativa_donne_vittime_di_violenza_CittMtrBO.txt,0.0,0.0,0.0,0.0,0.0,0.0,0.0,0.0,0.0,0.0,1,1,0,0,0,0,0,0.0,2.0
09_PISA PREF E PROV.txt,0.0,0.0,0.0,0.0,0.0,0.0,0.0,0.0,0.0,0.0,1,1,0,0,0,0,0,0.0,2.0
08_2406_rta_08_241015091330_4166---Protocollo_intesa_autonomia_abitativa_donne_vittime_di_violenza_CittMtrBO.txt,0.0,0.0,0.0,0.0,0.0,0.0,0.0,0.0,0.0,0.0,1,1,0,0,0,0,0,0.0,2.0
03_2406_rta_03_240923101524_4166---PROTOCOLLO_DI_INTESA_versione_DEFINITIVA2021.stamped.txt,0.0,0.0,0.0,0.0,0.0,0.0,0.0,0.0,0.0,0.0,1,1,0,0,0,0,0,0.0,2.0
03_2406_rta_03_240923111659_4166---ProtocolloantiviolenzaComunediLodi_scansioneconfirme_maggio2014.txt,0.0,0.0,0.0,0.0,0.0,0.0,0.0,0.0,0.0,0.0,1,1,0,0,0,0,0,0.0,2.0
08_2406_rta_08_241015091330_4166---Protocollo_intesa_autonomia_abitativa_donne_vittime_di_violenza_CittMtrBO.txt,0.0,0.0,0.0,0.0,0.0,0.0,0.0,0.0,0.0,0.0,1,1,0,0,0,0,0,0.0,2.0
09_GROSSETO 2022 fpdf.txt,0.0,0.0,0.0,0.0,0.0,0.0,0.0,0.0,0.0,0.0,1,0,0,0,0,0,0,0.0,1.0
13_2406_rta_13_241122103653_4166---protocollodirete_cavlafenice_provinciateramo.txt,0.0,0.0,0.0,0.0,0.0,0.0,0.0,0.0,0.0,0.0,1,1,0,0,0,0,0,0.0,2.0
03_2406_rta_03_240925150245_4166---ProtocolloReteARIAPalazzolo.txt,0.0,0.0,0.0,0.0,0.0,0.0,0.0,0.0,0.0,0.0,1,1,0,0,0,0,0,0.0,2.0
18_2406_rta_18_240926102620_4166---protocollopercorsorosa.txt,0.0,0.0,0.0,0.0,0.0,0.0,0.0,0.0,0.0,0.0,1,1,1,0,0,0,0,0.0,3.0
08_2406_rta_08_241015091553_4166---Protocollosullaviolenzadigenere_confirme_prot.txt,0.0,0.0,0.0,0.0,0.0,0.0,0.0,0.0,0.0,0.0,1,1,0,0,0,1,1,0.0,4.0
05_2406_rta_05_240916131522_4166---protocolloaggiornamento2023.txt,0.0,0.0,0.0,0.0,0.0,0.0,0.0,0.0,0.0,0.0,1,0,0,0,0,0,0,0.0,1.0
03_2406_rta_03_240925150245_4166---ProtocolloReteARIAPalazzolo.txt,0.0,0.0,0.0,0.0,0.0,0.0,0.0,0.0,0.0,0.0,1,1,0,0,0,0,0,0.0,2.0
12_2406_rta_12_241004141331_4166---ConvenzioneconilComunediCECCANO.txt,0.0,0.0,0.0,0.0,0.0,0.0,0.0,0.0,0.0,0.0,1,1,0,0,0,0,0,0.0,2.0
05_2406_rta_05_240916135305_4166---protocolloulss4.txt,0.0,0.0,0.0,0.0,0.0,0.0,0.0,0.0,0.0,0.0,1,1,0,0,0,0,0,0.0,2.0
03_2406_rta_03_240923101524_4166---PROTOCOLLO_DI_INTESA_versione_DEFINITIVA2021.stamped.txt,0.0,0.0,0.0,0.0,0.0,0.0,0.0,0.0,0.0,0.0,1,1,0,0,0,0,0,0.0,2.0
13_2406_rta_13_241122103653_4166---protocollodirete_cavlafenice_provinciateramo.txt,0.0,0.0,0.0,0.0,0.0,0.0,0.0,0.0,0.0,0.0,1,1,0,0,0,0,0,0.0,2.0
08_2406_rta_08_241015091355_4166---PROTOCOLLO_CONTRO_VIOLENZA_firmato2023.txt,0.0,0.0,0.0,0.0,0.0,0.0,0.0,0.0,0.0,0.0,1,1,0,0,0,0,0,0.0,2.0
03_2406_rta_03_240923113114_4166---ProtocolloReteAddaMartesanasottoscritto.txt,0.0,0.0,0.0,0.0,0.0,0.0,0.0,0.0,0.0,0.0,1,1,1,0,0,0,0,0.0,3.0
03_2406_rta_03_240920120751_4166---protocollodiintesa.txt,0.0,0.0,0.0,0.0,0.0,0.0,0.0,0.0,0.0,0.0,1,1,0,0,0,1,1,0.0,4.0
03_2406_rta_03_240920093134_4166---Protocollo_Intesa_Rete_Antiviolenza_SudEstMilano_Paullese_2021-2023.txt,0.0,0.0,0.0,0.0,0.0,0.0,0.0,0.0,0.0,0.0,1,0,0,0,0,0,0,0.0,1.0
08_2406_rta_08_241015091748_4166---ProtocolloProvincialeCaserifugio2023.2025.txt,0.0,0.0,0.0,0.0,0.0,0.0,0.0,0.0,0.0,0.0,1,0,0,0,0,0,0,0.0,1.0
03_2406_rta_03_240926122707_4166---ProtocolloReteAntiviolenzaconfirme.txt,0.0,0.0,0.0,0.0,0.0,0.0,0.0,0.0,0.0,0.0,1,1,0,0,0,0,0,0.0,2.0
03_2406_rta_03_240926144324_4166---Protocollodiintesa.txt,0.0,0.0,0.0,0.0,0.0,0.0,0.0,0.0,0.0,0.0,0,0,0,0,0,0,0,0.0,0.0
08_2406_rta_08_241015091621_4166---PROTOCOLLO_22.txt,0.0,0.0,0.0,0.0,0.0,0.0,0.0,0.0,0.0,0.0,1,1,1,0,0,0,0,0.0,3.0
09_VALDICHIANA_all. decreto 37_2008 protocollo di intesa 2008.txt,0.0,0.0,0.0,0.0,0.0,0.0,0.0,0.0,0.0,0.0,1,0,0,0,0,0,0,0.0,1.0
09_VALDICHIANA_all. decreto 37_2008 protocollo di intesa 2008.txt,0.0,0.0,0.0,0.0,0.0,0.0,0.0,0.0,0.0,0.0,1,0,0,0,0,0,0,0.0,1.0
09_PISA PREF E PROV.txt,0.0,0.0,0.0,0.0,0.0,0.0,0.0,0.0,0.0,0.0,1,1,0,0,0,0,0,0.0,2.0
03_2406_rta_03_240925150245_4166---ProtocolloReteARIAPalazzolo.txt,0.0,0.0,0.0,0.0,0.0,0.0,0.0,0.0,0.0,0.0,1,1,0,0,0,0,0,0.0,2.0
07_2406_rta_07_240916163905_4166---PROTOCOLLOFIRMATO(002).txt,0.0,0.0,0.0,0.0,0.0,0.0,0.0,0.0,0.0,0.0,1,1,0,0,0,1,1,0.0,4.0
09_PISTOIA PROV .txt,0.0,0.0,0.0,0.0,0.0,0.0,0.0,0.0,0.0,0.0,1,1,0,0,0,0,0,0.0,2.0
13_2406_rta_13_241122101453_4166---ProtocollodiRete_AlphaChieti.txt,0.0,0.0,0.0,0.0,0.0,0.0,0.0,0.0,0.0,0.0,1,1,1,0,0,1,1,0.0,5.0
03_2406_rta_03_240924144947_4166---Protocollod'IntesaReteAntiviolenzaIsolaBergamascaeBassaValSanMartino2024.txt,0.0,0.0,0.0,0.0,0.0,0.0,0.0,0.0,0.0,0.0,1,1,0,0,0,0,0,0.0,2.0
05_2406_rta_05_240916131522_4166---protocolloaggiornamento2023.txt,0.0,0.0,0.0,0.0,0.0,0.0,0.0,0.0,0.0,0.0,1,1,0,0,0,0,0,0.0,2.0
09_VALDICHIANA_all. decreto 37_2008 protocollo di intesa 2008.txt,0.0,0.0,0.0,0.0,0.0,0.0,0.0,0.0,0.0,0.0,1,0,0,0,0,0,0,0.0,1.0
09_GROSSETO 2022 fpdf.txt,0.0,0.0,0.0,0.0,0.0,0.0,0.0,0.0,0.0,0.0,1,0,0,0,0,0,0,0.0,1.0
03_2406_rta_03_240923103647_4166---protocolloreteantiviolenzacinisello2019(1).txt,0.0,0.0,0.0,0.0,0.0,0.0,0.0,0.0,0.0,0.0,1,1,1,0,0,1,1,0.0,5.0
05_2406_rta_05_240916135305_4166---protocolloulss4.txt,0.0,0.0,0.0,0.0,0.0,0.0,0.0,0.0,0.0,0.0,1,1,0,0,0,0,0,0.0,2.0
03_2406_rta_03_240924144947_4166---Protocollod'IntesaReteAntiviolenzaIsolaBergamascaeBassaValSanMartino2024.txt,0.0,0.0,0.0,0.0,0.0,0.0,0.0,0.0,0.0,0.0,1,1,0,0,0,0,0,0.0,2.0
12_2406_rta_12_240926133706_4166---STAR.txt,0.0,0.0,0.0,0.0,0.0,0.0,0.0,0.0,0.0,0.0,1,1,0,0,0,0,0,0.0,2.0
10_2406_rta_10_250506141901_4166---ProtocollounicoregionaleRINNOVATO.txt,0.0,0.0,0.0,0.0,0.0,0.0,0.0,0.0,0.0,0.0,1,0,0,0,0,1,1,0.0,3.0
11_2406_rta_11_240911113235_4166---MacerataProtocollo2019_2022Firmato.txt,0.0,0.0,0.0,0.0,0.0,0.0,0.0,0.0,0.0,0.0,1,1,0,0,0,0,0,0.0,2.0
13_2406_rta_13_241122111153_4166---PROTOCOLLOCASTELDISANGROEASL.txt,0.0,0.0,0.0,0.0,0.0,0.0,0.0,0.0,0.0,0.0,0,1,0,0,0,0,0,0.0,1.0
09_GROSSETO 2022 fpdf.txt,0.0,0.0,0.0,0.0,0.0,0.0,0.0,0.0,0.0,0.0,1,0,0,0,0,0,0,0.0,1.0
13_2406_rta_13_241122103653_4166---protocollodirete_cavlafenice_provinciateramo.txt,0.0,0.0,0.0,0.0,0.0,0.0,0.0,0.0,0.0,0.0,1,1,0,0,0,0,0,0.0,2.0
03_2406_rta_03_240925150245_4166---ProtocolloReteARIAPalazzolo.txt,0.0,0.0,0.0,0.0,0.0,0.0,0.0,0.0,0.0,0.0,1,1,0,0,0,0,0,0.0,2.0
08_2406_rta_08_241015091355_4166---PROTOCOLLO_CONTRO_VIOLENZA_firmato2023.txt,0.0,0.0,0.0,0.0,0.0,0.0,0.0,0.0,0.0,0.0,1,1,0,0,0,0,0,0.0,2.0
03_2406_rta_03_240923111659_4166---ProtocolloantiviolenzaComunediLodi_scansioneconfirme_maggio2014.txt,0.0,0.0,0.0,0.0,0.0,0.0,0.0,0.0,0.0,0.0,1,1,0,0,0,0,0,0.0,2.0
05_2406_rta_05_240919114041_4166---protocollounicorevisionato2024.txt,0.0,0.0,0.0,0.0,0.0,0.0,0.0,0.0,0.0,0.0,1,1,0,0,0,0,0,0.0,2.0
09_ALTA VALDELSA Protocollo-violenza-valdelsa-2022_ALTA VALDELSA.txt,0.0,0.0,0.0,0.0,0.0,0.0,0.0,0.0,0.0,0.0,1,0,1,0,0,0,0,0.0,2.0
03_2406_rta_03_240923101524_4166---PROTOCOLLO_DI_INTESA_versione_DEFINITIVA2021.stamped.txt,0.0,0.0,0.0,0.0,0.0,0.0,0.0,0.0,0.0,0.0,1,1,0,0,0,0,0,0.0,2.0
03_2406_rta_03_240923171949_4166---PROTOCOLLOD'INTESARETETERRITORIALEANTIVIOLENZAVALLETROMPIA2024.txt,0.0,0.0,0.0,0.0,0.0,0.0,0.0,0.0,0.0,0.0,1,0,1,0,0,0,0,0.0,2.0
03_2406_rta_03_240925150245_4166---ProtocolloReteARIAPalazzolo.txt,0.0,0.0,0.0,0.0,0.0,0.0,0.0,0.0,0.0,0.0,1,1,0,0,0,0,0,0.0,2.0
03_2406_rta_03_240920093134_4166---Protocollo_Intesa_Rete_Antiviolenza_SudEstMilano_Paullese_2021-2023.txt,0.0,0.0,0.0,0.0,0.0,0.0,0.0,0.0,0.0,0.0,1,0,0,0,0,0,0,0.0,1.0
08_2406_rta_08_241015091430_4166---Protocollo_Distrettuale_Contrasto_violenza_Donne2023.stamped.txt,0.0,0.0,0.0,0.0,0.0,0.0,0.0,0.0,0.0,0.0,1,0,0,0,0,0,0,0.0,1.0
03_2406_rta_03_240925150245_4166---ProtocolloReteARIAPalazzolo.txt,0.0,0.0,0.0,0.0,0.0,0.0,0.0,0.0,0.0,0.0,1,1,0,0,0,0,0,0.0,2.0
"03_2406_rta_03_240923164603_4166---ProtocolloreteantiviolenzaBusto,Gallarate,Saronno,SommaLombardo-2024.txt",0.0,0.0,0.0,0.0,0.0,0.0,0.0,0.0,0.0,0.0,1,1,1,0,0,1,1,0.0,5.0
05_2406_rta_05_240916131522_4166---protocolloaggiornamento2023.txt,0.0,0.0,0.0,0.0,0.0,0.0,0.0,0.0,0.0,0.0,1,0,0,0,0,0,0,0.0,1.0
03_2406_rta_03_240923171949_4166---PROTOCOLLOD'INTESARETETERRITORIALEANTIVIOLENZAVALLETROMPIA2024.txt,0.0,0.0,0.0,0.0,0.0,0.0,0.0,0.0,0.0,0.0,1,0,1,0,0,0,0,0.0,2.0
05_2406_rta_05_240916135305_4166---protocolloulss4.txt,0.0,0.0,0.0,0.0,0.0,0.0,0.0,0.0,0.0,0.0,1,1,0,0,0,0,0,0.0,2.0
08_2406_rta_08_241015091355_4166---PROTOCOLLO_CONTRO_VIOLENZA_firmato2023.txt,0.0,0.0,0.0,0.0,0.0,0.0,0.0,0.0,0.0,0.0,1,1,0,0,0,0,0,0.0,2.0
08_2406_rta_08_241015091553_4166---Protocollosullaviolenzadigenere_confirme_prot.txt,0.0,0.0,0.0,0.0,0.0,0.0,0.0,0.0,0.0,0.0,1,1,0,0,0,0,0,0.0,2.0
06_2406_rta_06_240916164258_4166---Protocolloviolenzadomesticaedigenere_30.09.2019.txt,0.0,0.0,0.0,0.0,0.0,0.0,0.0,0.0,0.0,0.0,0,1,0,0,0,0,0,0.0,1.0
03_2406_rta_03_240926144324_4166---Protocollodiintesa.txt,0.0,0.0,0.0,0.0,0.0,0.0,0.0,0.0,0.0,0.0,0,0,0,0,0,0,0,0.0,0.0
03_2406_rta_03_240926122707_4166---ProtocolloReteAntiviolenzaconfirme.txt,0.0,0.0,0.0,0.0,0.0,0.0,0.0,0.0,0.0,0.0,1,1,0,0,0,1,1,0.0,4.0
03_2406_rta_03_240925150245_4166---ProtocolloReteARIAPalazzolo.txt,0.0,0.0,0.0,0.0,0.0,0.0,0.0,0.0,0.0,0.0,1,1,0,0,0,0,0,0.0,2.0
03_2406_rta_03_240925150245_4166---ProtocolloReteARIAPalazzolo.txt,0.0,0.0,0.0,0.0,0.0,0.0,0.0,0.0,0.0,0.0,1,1,0,0,0,0,0,0.0,2.0
18_2406_rta_18_240926102407_4166---ProtocollointesaAISM_CentroLanzino_ReteREDCALABRIA_firmadigitale.txt,0.0,0.0,0.0,0.0,0.0,0.0,0.0,0.0,0.0,0.0,0,0,0,0,0,0,0,0.0,0.0
03_2406_rta_03_240918153252_4166---Protocollo+Appendice+LineeGuida_Datatodafirmare.txt,0.0,0.0,0.0,0.0,0.0,0.0,0.0,0.0,0.0,0.0,1,1,1,0,0,0,0,0.0,3.0
03_2406_rta_03_240918153252_4166---Protocollo+Appendice+LineeGuida_Datatodafirmare.txt,0.0,0.0,0.0,0.0,0.0,0.0,0.0,0.0,0.0,0.0,1,1,1,0,0,1,1,0.0,5.0
09_PISA PREF E PROV.txt,0.0,0.0,0.0,0.0,0.0,0.0,0.0,0.0,0.0,0.0,1,1,0,0,0,0,0,0.0,2.0
08_2406_rta_08_241015091330_4166---Protocollo_intesa_autonomia_abitativa_donne_vittime_di_violenza_CittMtrBO.txt,0.0,0.0,0.0,0.0,0.0,0.0,0.0,0.0,0.0,0.0,1,1,0,0,0,0,0,0.0,2.0
01_2406_rta_01_240920112211_4166---367772-4-Protocollo_intesa_Completo.txt,0.0,0.0,0.0,0.0,0.0,0.0,0.0,0.0,0.0,0.0,1,1,0,0,0,0,0,0.0,2.0
03_2406_rta_03_240926122707_4166---ProtocolloReteAntiviolenzaconfirme.txt,0.0,0.0,0.0,0.0,0.0,0.0,0.0,0.0,0.0,0.0,1,1,0,0,0,0,0,0.0,2.0
09_PISTOIA PROV .txt,0.0,0.0,0.0,0.0,0.0,0.0,0.0,0.0,0.0,0.0,1,1,0,0,0,0,0,0.0,2.0
03_2406_rta_03_240920120751_4166---protocollodiintesa.txt,0.0,0.0,0.0,0.0,0.0,0.0,0.0,0.0,0.0,0.0,1,1,0,0,0,0,0,0.0,2.0
03_2406_rta_03_240926123135_4166---ProtocollodiRete.txt,0.0,0.0,0.0,0.0,0.0,0.0,0.0,0.0,0.0,0.0,1,1,0,0,0,1,1,0.0,4.0
03_2406_rta_03_240925150245_4166---ProtocolloReteARIAPalazzolo.txt,0.0,0.0,0.0,0.0,0.0,0.0,0.0,0.0,0.0,0.0,1,1,0,0,0,0,0,0.0,2.0
03_2406_rta_03_240923165401_4166---PROTOCOLLODIrete2020-2023_rev2confirmescan.txt,0.0,0.0,0.0,0.0,0.0,0.0,0.0,0.0,0.0,0.0,1,0,0,0,0,1,1,0.0,3.0
18_2406_rta_18_240926102419_4166---protocollodiintesaterritorialeunito.txt,0.0,0.0,0.0,0.0,0.0,0.0,0.0,0.0,0.0,0.0,1,0,0,0,0,0,0,0.0,1.0
06_2406_rta_06_240916164258_4166---Protocolloviolenzadomesticaedigenere_30.09.2019.txt,0.0,0.0,0.0,0.0,0.0,0.0,0.0,0.0,0.0,0.0,0,1,0,0,0,0,0,0.0,1.0
06_2406_rta_06_240916164258_4166---Protocolloviolenzadomesticaedigenere_30.09.2019.txt,0.0,0.0,0.0,0.0,0.0,0.0,0.0,0.0,0.0,0.0,0,1,0,0,0,0,0,0.0,1.0
05_2406_rta_05_240916131522_4166---protocolloaggiornamento2023.txt,0.0,0.0,0.0,0.0,0.0,0.0,0.0,0.0,0.0,0.0,1,1,0,0,0,0,0,0.0,2.0
08_2406_rta_08_241015091330_4166---Protocollo_intesa_autonomia_abitativa_donne_vittime_di_violenza_CittMtrBO.txt,0.0,0.0,0.0,0.0,0.0,0.0,0.0,0.0,0.0,0.0,1,1,0,0,0,0,0,0.0,2.0
03_2406_rta_03_240920093134_4166---Protocollo_Intesa_Rete_Antiviolenza_SudEstMilano_Paullese_2021-2023.txt,0.0,0.0,0.0,0.0,0.0,0.0,0.0,0.0,0.0,0.0,1,0,0,0,0,0,0,0.0,1.0
05_2406_rta_05_240916135305_4166---protocolloulss4.txt,0.0,0.0,0.0,0.0,0.0,0.0,0.0,0.0,0.0,0.0,1,1,0,0,0,0,0,0.0,2.0
03_2406_rta_03_240925150245_4166---ProtocolloReteARIAPalazzolo.txt,0.0,0.0,0.0,0.0,0.0,0.0,0.0,0.0,0.0,0.0,1,1,0,0,0,0,0,0.0,2.0
08_2406_rta_08_241015092049_4166---PROTOCOLLOD.G.C.FAENZA304-2009.txt,0.0,0.0,0.0,0.0,0.0,0.0,0.0,0.0,0.0,0.0,1,1,1,0,0,1,1,0.0,5.0
11_2406_rta_11_240911113034_4166---protocollodireteantiviolenza2020-2022-uuvv.txt,0.0,0.0,0.0,0.0,0.0,0.0,0.0,0.0,0.0,0.0,1,1,0,0,0,0,0,0.0,2.0
06_2406_rta_06_240916164258_4166---Protocolloviolenzadomesticaedigenere_30.09.2019.txt,0.0,0.0,0.0,0.0,0.0,0.0,0.0,0.0,0.0,0.0,0,1,0,0,0,0,0,0.0,1.0
09_PISA PREF E PROV.txt,0.0,0.0,0.0,0.0,0.0,0.0,0.0,0.0,0.0,0.0,1,1,0,0,0,0,0,0.0,2.0
08_2406_rta_08_241015091355_4166---PROTOCOLLO_CONTRO_VIOLENZA_firmato2023.txt,0.0,0.0,0.0,0.0,0.0,0.0,0.0,0.0,0.0,0.0,1,1,1,0,0,0,0,0.0,3.0
05_2406_rta_05_240916131522_4166---protocolloaggiornamento2023.txt,0.0,0.0,0.0,0.0,0.0,0.0,0.0,0.0,0.0,0.0,1,0,0,0,0,0,0,0.0,1.0
09_FIRENZE Linee-di-indirizzo2024.txt,0.0,0.0,0.0,0.0,0.0,0.0,0.0,0.0,0.0,0.0,0,0,0,0,0,0,0,0.0,0.0
03_2406_rta_03_240924144947_4166---Protocollod'IntesaReteAntiviolenzaIsolaBergamascaeBassaValSanMartino2024.txt,0.0,0.0,0.0,0.0,0.0,0.0,0.0,0.0,0.0,0.0,1,1,0,0,0,0,0,0.0,2.0
08_2406_rta_08_241015091725_4166---Protoc-Prefett-2017.txt,0.0,0.0,0.0,0.0,0.0,0.0,0.0,0.0,0.0,0.0,1,1,0,0,0,0,0,0.0,2.0
08_2406_rta_08_241015091917_4166---Protocollo2022-2024.txt,0.0,0.0,0.0,0.0,0.0,0.0,0.0,0.0,0.0,0.0,1,1,1,0,0,0,0,0.0,3.0
09_FIRENZE Linee-di-indirizzo2024.txt,0.0,0.0,0.0,0.0,0.0,0.0,0.0,0.0,0.0,0.0,1,1,0,0,0,0,0,0.0,2.0
09_FIRENZE Linee-di-indirizzo2024.txt,0.0,0.0,0.0,0.0,0.0,0.0,0.0,0.0,0.0,0.0,1,1,0,1,0,0,1,0.0,4.0
09_FIRENZE Linee-di-indirizzo2024.txt,0.0,0.0,0.0,0.0,0.0,0.0,0.0,0.0,0.0,0.0,1,1,0,0,0,0,0,0.0,2.0
03_2406_rta_03_240923101524_4166---PROTOCOLLO_DI_INTESA_versione_DEFINITIVA2021.stamped.txt,0.0,0.0,0.0,0.0,0.0,0.0,0.0,0.0,0.0,0.0,1,1,0,0,0,0,0,0.0,2.0
16_2406_rta_16_250410122122_4166---Protocollo_Viola.txt,0.0,0.0,0.0,0.0,0.0,0.0,0.0,0.0,0.0,0.0,1,1,0,0,0,0,0,0.0,2.0
06_2406_rta_06_240916164258_4166---Protocolloviolenzadomesticaedigenere_30.09.2019.txt,0.0,0.0,0.0,0.0,0.0,0.0,0.0,0.0,0.0,0.0,0,1,0,0,0,0,0,0.0,1.0
10_2406_rta_10_250506141901_4166---ProtocollounicoregionaleRINNOVATO.txt,0.0,0.0,0.0,0.0,0.0,0.0,0.0,0.0,0.0,0.0,1,0,0,0,0,1,1,0.0,3.0
09_GROSSETO 2022 fpdf.txt,0.0,0.0,0.0,0.0,0.0,0.0,0.0,0.0,0.0,0.0,1,0,0,0,0,0,0,0.0,1.0
08_2406_rta_08_241015091330_4166---Protocollo_intesa_autonomia_abitativa_donne_vittime_di_violenza_CittMtrBO.txt,0.0,0.0,0.0,0.0,0.0,0.0,0.0,0.0,0.0,0.0,1,1,0,0,0,0,0,0.0,2.0
08_2406_rta_08_241015091621_4166---PROTOCOLLO_22.txt,0.0,0.0,0.0,0.0,0.0,0.0,0.0,0.0,0.0,0.0,1,1,1,0,0,0,0,0.0,3.0
08_2406_rta_08_241015091725_4166---Protoc-Prefett-2017.txt,0.0,0.0,0.0,0.0,0.0,0.0,0.0,0.0,0.0,0.0,1,1,0,0,0,0,0,0.0,2.0
13_2406_rta_13_241122103901_4166---Protocollirete_ortonaelancianoCAVdonn.ÿ.txt,0.0,0.0,0.0,0.0,0.0,0.0,0.0,0.0,0.0,0.0,1,1,0,0,0,0,0,0.0,2.0
05_2406_rta_05_240916135305_4166---protocolloulss4.txt,0.0,0.0,0.0,0.0,0.0,0.0,0.0,0.0,0.0,0.0,1,1,0,0,0,0,0,0.0,2.0
05_2406_rta_05_240916135305_4166---protocolloulss4.txt,0.0,0.0,0.0,0.0,0.0,0.0,0.0,0.0,0.0,0.0,1,1,0,0,0,0,0,0.0,2.0
01_2406_rta_01_240920112211_4166---367772-4-Protocollo_intesa_Completo.txt,0.0,0.0,0.0,0.0,0.0,0.0,0.0,0.0,0.0,0.0,1,1,0,0,0,0,0,0.0,2.0
05_2406_rta_05_240916131522_4166---protocolloaggiornamento2023.txt,0.0,0.0,0.0,0.0,0.0,0.0,0.0,0.0,0.0,0.0,1,0,0,0,0,0,0,0.0,1.0
11_2406_rta_11_240911113034_4166---protocollodireteantiviolenza2020-2022-uuvv.txt,0.0,0.0,0.0,0.0,0.0,0.0,0.0,0.0,0.0,0.0,1,1,0,0,0,0,0,0.0,2.0
13_2406_rta_13_241122103901_4166---Protocollirete_ortonaelancianoCAVdonn.ÿ.txt,0.0,0.0,0.0,0.0,0.0,0.0,0.0,0.0,0.0,0.0,1,1,0,0,0,0,0,0.0,2.0
08_2406_rta_08_241015091330_4166---Protocollo_intesa_autonomia_abitativa_donne_vittime_di_violenza_CittMtrBO.txt,0.0,0.0,0.0,0.0,0.0,0.0,0.0,0.0,0.0,0.0,1,1,0,0,0,0,0,0.0,2.0
"03_2406_rta_03_240923164603_4166---ProtocolloreteantiviolenzaBusto,Gallarate,Saronno,SommaLombardo-2024.txt",0.0,0.0,0.0,0.0,0.0,0.0,0.0,0.0,0.0,0.0,1,1,0,0,0,1,1,0.0,4.0
08_2406_rta_08_241015091330_4166---Protocollo_intesa_autonomia_abitativa_donne_vittime_di_violenza_CittMtrBO.txt,0.0,0.0,0.0,0.0,0.0,0.0,0.0,0.0,0.0,0.0,1,1,0,0,0,0,0,0.0,2.0
03_2406_rta_03_240926144324_4166---Protocollodiintesa.txt,0.0,0.0,0.0,0.0,0.0,0.0,0.0,0.0,0.0,0.0,1,1,1,0,0,0,0,0.0,3.0
03_2406_rta_03_240923171949_4166---PROTOCOLLOD'INTESARETETERRITORIALEANTIVIOLENZAVALLETROMPIA2024.txt,0.0,0.0,0.0,0.0,0.0,0.0,0.0,0.0,0.0,0.0,1,0,1,0,0,0,0,0.0,2.0
09_GROSSETO 2022 fpdf.txt,0.0,0.0,0.0,0.0,0.0,0.0,0.0,0.0,0.0,0.0,1,0,0,0,0,0,0,0.0,1.0
08_2406_rta_08_241015091553_4166---Protocollosullaviolenzadigenere_confirme_prot.txt,0.0,0.0,0.0,0.0,0.0,0.0,0.0,0.0,0.0,0.0,1,0,0,0,0,0,0,0.0,1.0
07_2406_rta_07_240916163933_4166---sub_14574431199510849525_Protocollo_LVLS-signed.txt,0.0,0.0,0.0,0.0,0.0,0.0,0.0,0.0,0.0,0.0,1,1,0,0,0,0,0,0.0,2.0
03_2406_rta_03_240923113114_4166---ProtocolloReteAddaMartesanasottoscritto.txt,0.0,0.0,0.0,0.0,0.0,0.0,0.0,0.0,0.0,0.0,0,1,0,0,0,0,0,0.0,1.0
16_taranto_protocollo d'intesa CAVGinosa sottoscritto.txt,0.0,0.0,0.0,0.0,0.0,0.0,0.0,0.0,0.0,0.0,1,1,0,0,0,0,0,0.0,2.0
16_bari_protocollo operativo Gioia del Colle_EMI.txt,0.0,0.0,0.0,0.0,0.0,0.0,0.0,0.0,0.0,0.0,1,1,1,0,0,0,0,0.0,3.0
13_2406_rta_13_241122103653_4166---protocollodirete_cavlafenice_provinciateramo.txt,0.0,0.0,0.0,0.0,0.0,0.0,0.0,0.0,0.0,0.0,1,1,0,0,0,0,0,0.0,2.0
03_2406_rta_03_240923113114_4166---ProtocolloReteAddaMartesanasottoscritto.txt,0.0,0.0,0.0,0.0,0.0,0.0,0.0,0.0,0.0,0.0,0,1,0,0,0,0,0,0.0,1.0
06_2406_rta_06_240916164258_4166---Protocolloviolenzadomesticaedigenere_30.09.2019.txt,0.0,0.0,0.0,0.0,0.0,0.0,0.0,0.0,0.0,0.0,1,1,0,0,0,0,0,0.0,2.0
06_2406_rta_06_240916164258_4166---Protocolloviolenzadomesticaedigenere_30.09.2019.txt,0.0,0.0,0.0,0.0,0.0,0.0,0.0,0.0,0.0,0.0,0,1,0,0,0,0,0,0.0,1.0
06_2406_rta_06_240916164258_4166---Protocolloviolenzadomesticaedigenere_30.09.2019.txt,0.0,0.0,0.0,0.0,0.0,0.0,0.0,0.0,0.0,0.0,0,1,0,0,0,0,0,0.0,1.0
08_2406_rta_08_241015091330_4166---Protocollo_intesa_autonomia_abitativa_donne_vittime_di_violenza_CittMtrBO.txt,0.0,0.0,0.0,0.0,0.0,0.0,0.0,0.0,0.0,0.0,1,1,0,0,0,0,0,0.0,2.0
03_2406_rta_03_240923113114_4166---ProtocolloReteAddaMartesanasottoscritto.txt,0.0,0.0,0.0,0.0,0.0,0.0,0.0,0.0,0.0,0.0,0,1,0,0,0,0,0,0.0,1.0
08_2406_rta_08_241015091330_4166---Protocollo_intesa_autonomia_abitativa_donne_vittime_di_violenza_CittMtrBO.txt,0.0,0.0,0.0,0.0,0.0,0.0,0.0,0.0,0.0,0.0,1,1,0,0,0,0,0,0.0,2.0
09_GROSSETO 2022 fpdf.txt,0.0,0.0,0.0,0.0,0.0,0.0,0.0,0.0,0.0,0.0,1,0,0,0,0,0,0,0.0,1.0
05_2406_rta_05_240916135305_4166---protocolloulss4.txt,0.0,0.0,0.0,0.0,0.0,0.0,0.0,0.0,0.0,0.0,1,1,0,0,0,0,0,0.0,2.0
16_bari_protocollo operativo Grumo_EMI.txt,0.0,0.0,0.0,0.0,0.0,0.0,0.0,0.0,0.0,0.0,1,1,1,0,0,0,0,0.0,3.0
13_2406_rta_13_241122101856_4166---Protocollodirete_AlphaGuardiagrele.txt,0.0,0.0,0.0,0.0,0.0,0.0,0.0,0.0,0.0,0.0,1,1,1,0,0,1,1,0.0,5.0
13_2406_rta_13_241122101856_4166---Protocollodirete_AlphaGuardiagrele.txt,0.0,0.0,0.0,0.0,0.0,0.0,0.0,0.0,0.0,0.0,1,1,1,0,0,0,0,0.0,3.0
13_2406_rta_13_241122101856_4166---Protocollodirete_AlphaGuardiagrele.txt,0.0,0.0,0.0,0.0,0.0,0.0,0.0,0.0,0.0,0.0,1,1,1,0,0,0,0,0.0,3.0
13_2406_rta_13_241122101856_4166---Protocollodirete_AlphaGuardiagrele.txt,0.0,0.0,0.0,0.0,0.0,0.0,0.0,0.0,0.0,0.0,1,1,1,0,0,0,0,0.0,3.0
09_PISA PREF E PROV.txt,0.0,0.0,0.0,0.0,0.0,0.0,0.0,0.0,0.0,0.0,1,1,0,0,0,0,0,0.0,2.0
10_2406_rta_10_250506141901_4166---ProtocollounicoregionaleRINNOVATO.txt,0.0,0.0,0.0,0.0,0.0,0.0,0.0,0.0,0.0,0.0,1,0,0,0,0,1,1,0.0,3.0
03_2406_rta_03_240923101524_4166---PROTOCOLLO_DI_INTESA_versione_DEFINITIVA2021.stamped.txt,0.0,0.0,0.0,0.0,0.0,0.0,0.0,0.0,0.0,0.0,1,1,0,0,0,0,0,0.0,2.0
08_2406_rta_08_241015091310_4166---Accordo_Contrasto_alla_violenza_CittMtrBO.txt,0.0,0.0,0.0,0.0,0.0,0.0,0.0,0.0,0.0,0.0,1,1,0,0,0,0,0,0.0,2.0
03_2406_rta_03_240923113114_4166---ProtocolloReteAddaMartesanasottoscritto.txt,0.0,0.0,0.0,0.0,0.0,0.0,0.0,0.0,0.0,0.0,1,1,0,0,0,0,0,0.0,2.0
18_2406_rta_18_240926102407_4166---ProtocollointesaAISM_CentroLanzino_ReteREDCALABRIA_firmadigitale.txt,0.0,0.0,0.0,0.0,0.0,0.0,0.0,0.0,0.0,0.0,0,0,0,0,0,0,0,0.0,0.0
03_2406_rta_03_240923171949_4166---PROTOCOLLOD'INTESARETETERRITORIALEANTIVIOLENZAVALLETROMPIA2024.txt,0.0,0.0,0.0,0.0,0.0,0.0,0.0,0.0,0.0,0.0,1,0,1,0,0,0,0,0.0,2.0
03_2406_rta_03_240925150245_4166---ProtocolloReteARIAPalazzolo.txt,0.0,0.0,0.0,0.0,0.0,0.0,0.0,0.0,0.0,0.0,1,1,0,0,0,0,0,0.0,2.0
09_GROSSETO 2022 fpdf.txt,0.0,0.0,0.0,0.0,0.0,0.0,0.0,0.0,0.0,0.0,1,0,0,0,0,0,0,0.0,1.0
13_2406_rta_13_241122103653_4166---protocollodirete_cavlafenice_provinciateramo.txt,0.0,0.0,0.0,0.0,0.0,0.0,0.0,0.0,0.0,0.0,1,1,0,0,0,0,0,0.0,2.0
05_2406_rta_05_240916135305_4166---protocolloulss4.txt,0.0,0.0,0.0,0.0,0.0,0.0,0.0,0.0,0.0,0.0,1,1,0,0,0,0,0,0.0,2.0
08_2406_rta_08_241015091430_4166---Protocollo_Distrettuale_Contrasto_violenza_Donne2023.stamped.txt,0.0,0.0,0.0,0.0,0.0,0.0,0.0,0.0,0.0,0.0,1,1,0,0,0,0,0,0.0,2.0
07_2406_rta_07_240916163956_4166---DGR477_2022_Protocollo.txt,0.0,0.0,0.0,0.0,0.0,0.0,0.0,0.0,0.0,0.0,1,1,0,0,0,1,1,0.0,4.0
03_2406_rta_03_240926122707_4166---ProtocolloReteAntiviolenzaconfirme.txt,0.0,0.0,0.0,0.0,0.0,0.0,0.0,0.0,0.0,0.0,1,1,0,0,0,0,0,0.0,2.0
03_2406_rta_03_240926144324_4166---Protocollodiintesa.txt,0.0,0.0,0.0,0.0,0.0,0.0,0.0,0.0,0.0,0.0,0,0,0,0,0,0,0,0.0,0.0
09_PISA PREF E PROV.txt,0.0,0.0,0.0,0.0,0.0,0.0,0.0,0.0,0.0,0.0,1,1,0,0,0,0,0,0.0,2.0
18_2406_rta_18_240926102620_4166---protocollopercorsorosa.txt,0.0,0.0,0.0,0.0,0.0,0.0,0.0,0.0,0.0,0.0,1,1,0,0,0,0,0,0.0,2.0
09_PISTOIA PROV .txt,0.0,0.0,0.0,0.0,0.0,0.0,0.0,0.0,0.0,0.0,1,1,0,0,0,0,0,0.0,2.0
13_2406_rta_13_241122103901_4166---Protocollirete_ortonaelancianoCAVdonn.ÿ.txt,0.0,0.0,0.0,0.0,0.0,0.0,0.0,0.0,0.0,0.0,1,1,1,0,0,1,1,0.0,5.0
09_PISTOIA PROV .txt,0.0,0.0,0.0,0.0,0.0,0.0,0.0,0.0,0.0,0.0,1,1,0,0,0,0,0,0.0,2.0
09_FIRENZE Linee-di-indirizzo2024.txt,0.0,0.0,0.0,0.0,0.0,0.0,0.0,0.0,0.0,0.0,0,0,0,0,0,0,0,0.0,0.0
16_taranto_protocollo d'intesa CAVGinosa sottoscritto.txt,0.0,0.0,0.0,0.0,0.0,0.0,0.0,0.0,0.0,0.0,1,1,0,0,0,0,0,0.0,2.0
16_lecce_Protocollo Operativo - Procedure integrate per la prevenzione e il contrasto alla violenza contro donne e minori - Copia_Marcato.txt,0.0,0.0,0.0,0.0,0.0,0.0,0.0,0.0,0.0,0.0,1,1,1,0,0,0,0,0.0,3.0
03_2406_rta_03_240918153240_4166---Protocollod'intesaperl'IstituzionediunSistemaTerritorialeAntiviolenzainReteconAddendumSindacati.txt,0.0,0.0,0.0,0.0,0.0,0.0,0.0,0.0,0.0,0.0,1,1,1,0,0,1,1,0.0,5.0
05_2406_rta_05_240919124736_4166---Protocollo_per_contrasto_alla_violenza_di_genere.stamped.txt,0.0,0.0,0.0,0.0,0.0,0.0,0.0,0.0,0.0,0.0,1,0,0,0,0,0,0,0.0,1.0
03_2406_rta_03_240920120751_4166---protocollodiintesa.txt,0.0,0.0,0.0,0.0,0.0,0.0,0.0,0.0,0.0,0.0,1,1,0,0,0,0,0,0.0,2.0
05_2406_rta_05_240916173648_4166---ULSS5Polesana_Protocollodirete.txt,0.0,0.0,0.0,0.0,0.0,0.0,0.0,0.0,0.0,0.0,1,0,0,0,0,0,0,0.0,1.0
03_2406_rta_03_240923113114_4166---ProtocolloReteAddaMartesanasottoscritto.txt,0.0,0.0,0.0,0.0,0.0,0.0,0.0,0.0,0.0,0.0,0,1,0,0,0,0,0,0.0,1.0
09_LIVORNO Protocollo_ RETE ANTIVIOLENZA_ LIVORNO.txt,0.0,0.0,0.0,0.0,0.0,0.0,0.0,0.0,0.0,0.0,1,0,0,0,0,1,1,0.0,3.0
08_2406_rta_08_241015091330_4166---Protocollo_intesa_autonomia_abitativa_donne_vittime_di_violenza_CittMtrBO.txt,0.0,0.0,0.0,0.0,0.0,0.0,0.0,0.0,0.0,0.0,1,1,0,0,0,0,0,0.0,2.0
03_2406_rta_03_240926122707_4166---ProtocolloReteAntiviolenzaconfirme.txt,0.0,0.0,0.0,0.0,0.0,0.0,0.0,0.0,0.0,0.0,1,1,0,0,0,0,0,0.0,2.0
16_bari_protocollo operativo Putignano_EMI.txt,0.0,0.0,0.0,0.0,0.0,0.0,0.0,0.0,0.0,0.0,1,1,0,0,0,0,0,0.0,2.0
03_2406_rta_03_240923111659_4166---ProtocolloantiviolenzaComunediLodi_scansioneconfirme_maggio2014.txt,0.0,0.0,0.0,0.0,0.0,0.0,0.0,0.0,0.0,0.0,1,1,1,0,0,1,1,0.0,5.0
03_2406_rta_03_240923111659_4166---ProtocolloantiviolenzaComunediLodi_scansioneconfirme_maggio2014.txt,0.0,0.0,0.0,0.0,0.0,0.0,0.0,0.0,0.0,0.0,1,1,1,0,0,0,0,0.0,3.0
03_2406_rta_03_240923171949_4166---PROTOCOLLOD'INTESARETETERRITORIALEANTIVIOLENZAVALLETROMPIA2024.txt,0.0,0.0,0.0,0.0,0.0,0.0,0.0,0.0,0.0,0.0,1,0,1,0,0,0,0,0.0,2.0
03_2406_rta_03_240925150245_4166---ProtocolloReteARIAPalazzolo.txt,0.0,0.0,0.0,0.0,0.0,0.0,0.0,0.0,0.0,0.0,1,1,0,0,0,0,0,0.0,2.0
08_2406_rta_08_241015091330_4166---Protocollo_intesa_autonomia_abitativa_donne_vittime_di_violenza_CittMtrBO.txt,0.0,0.0,0.0,0.0,0.0,0.0,0.0,0.0,0.0,0.0,1,1,0,0,0,0,0,0.0,2.0
03_2406_rta_03_240925150245_4166---ProtocolloReteARIAPalazzolo.txt,0.0,0.0,0.0,0.0,0.0,0.0,0.0,0.0,0.0,0.0,1,1,0,0,0,0,0,0.0,2.0
03_2406_rta_03_240923171949_4166---PROTOCOLLOD'INTESARETETERRITORIALEANTIVIOLENZAVALLETROMPIA2024.txt,0.0,0.0,0.0,0.0,0.0,0.0,0.0,0.0,0.0,0.0,1,0,1,0,0,0,0,0.0,2.0
11_2406_rta_11_240911113235_4166---MacerataProtocollo2019_2022Firmato.txt,0.0,0.0,0.0,0.0,0.0,0.0,0.0,0.0,0.0,0.0,1,1,1,0,0,0,0,0.0,3.0
03_2406_rta_03_240925150245_4166---ProtocolloReteARIAPalazzolo.txt,0.0,0.0,0.0,0.0,0.0,0.0,0.0,0.0,0.0,0.0,1,1,0,0,0,0,0,0.0,2.0
03_2406_rta_03_240924144947_4166---Protocollod'IntesaReteAntiviolenzaIsolaBergamascaeBassaValSanMartino2024.txt,0.0,0.0,0.0,0.0,0.0,0.0,0.0,0.0,0.0,0.0,1,1,0,0,0,0,0,0.0,2.0
03_2406_rta_03_240920120751_4166---protocollodiintesa.txt,0.0,0.0,0.0,0.0,0.0,0.0,0.0,0.0,0.0,0.0,1,1,0,0,0,0,0,0.0,2.0
09_GROSSETO 2022 fpdf.txt,0.0,0.0,0.0,0.0,0.0,0.0,0.0,0.0,0.0,0.0,1,0,0,0,0,0,0,0.0,1.0
03_2406_rta_03_240925150245_4166---ProtocolloReteARIAPalazzolo.txt,0.0,0.0,0.0,0.0,0.0,0.0,0.0,0.0,0.0,0.0,1,1,0,0,0,0,0,0.0,2.0
08_2406_rta_08_241015091330_4166---Protocollo_intesa_autonomia_abitativa_donne_vittime_di_violenza_CittMtrBO.txt,0.0,0.0,0.0,0.0,0.0,0.0,0.0,0.0,0.0,0.0,1,1,0,0,0,0,0,0.0,2.0
18_2406_rta_18_240926102419_4166---protocollodiintesaterritorialeunito.txt,0.0,0.0,0.0,0.0,0.0,0.0,0.0,0.0,0.0,0.0,1,0,0,0,0,0,0,0.0,1.0
05_2406_rta_05_240919114041_4166---protocollounicorevisionato2024.txt,0.0,0.0,0.0,0.0,0.0,0.0,0.0,0.0,0.0,0.0,1,1,0,0,0,0,0,0.0,2.0
09_GROSSETO 2022 fpdf.txt,0.0,0.0,0.0,0.0,0.0,0.0,0.0,0.0,0.0,0.0,1,0,0,0,0,0,0,0.0,1.0
16_taranto_protocollo Prefettura ProvinciaTaranto.txt,0.0,0.0,0.0,0.0,0.0,0.0,0.0,0.0,0.0,0.0,1,1,0,0,0,0,0,0.0,2.0
06_2406_rta_06_240916164102_4166---protocollopordenoneprefettura.txt,0.0,0.0,0.0,0.0,0.0,0.0,0.0,0.0,0.0,0.0,1,1,0,0,0,1,1,0.0,4.0
03_2406_rta_03_240918153156_4166---Protocollo_d'Intesa_Rete_Mantova.prot.txt,0.0,0.0,0.0,0.0,0.0,0.0,0.0,0.0,0.0,0.0,1,1,1,0,0,1,1,0.0,5.0
03_2406_rta_03_240924144947_4166---Protocollod'IntesaReteAntiviolenzaIsolaBergamascaeBassaValSanMartino2024.txt,0.0,0.0,0.0,0.0,0.0,0.0,0.0,0.0,0.0,0.0,1,1,0,0,0,0,0,0.0,2.0
08_2406_rta_08_241015091725_4166---Protoc-Prefett-2017.txt,0.0,0.0,0.0,0.0,0.0,0.0,0.0,0.0,0.0,0.0,1,1,0,0,0,0,0,0.0,2.0
05_2406_rta_05_240919114041_4166---protocollounicorevisionato2024.txt,0.0,0.0,0.0,0.0,0.0,0.0,0.0,0.0,0.0,0.0,1,1,0,0,0,0,0,0.0,2.0
03_2406_rta_03_240923171949_4166---PROTOCOLLOD'INTESARETETERRITORIALEANTIVIOLENZAVALLETROMPIA2024.txt,0.0,0.0,0.0,0.0,0.0,0.0,0.0,0.0,0.0,0.0,1,0,1,0,0,0,0,0.0,2.0
05_2406_rta_05_240916131522_4166---protocolloaggiornamento2023.txt,0.0,0.0,0.0,0.0,0.0,0.0,0.0,0.0,0.0,0.0,1,0,0,0,0,0,0,0.0,1.0
16_bat_convenzione CAV - ASL BT.txt,0.0,0.0,0.0,0.0,0.0,0.0,0.0,0.0,0.0,0.0,0,0,0,0,0,0,0,0.0,0.0
06_2406_rta_06_240916164258_4166---Protocolloviolenzadomesticaedigenere_30.09.2019.txt,0.0,0.0,0.0,0.0,0.0,0.0,0.0,0.0,0.0,0.0,0,1,0,0,0,0,0,0.0,1.0
09_PISTOIA PROV .txt,0.0,0.0,0.0,0.0,0.0,0.0,0.0,0.0,0.0,0.0,1,1,0,0,0,0,0,0.0,2.0
03_2406_rta_03_240923171949_4166---PROTOCOLLOD'INTESARETETERRITORIALEANTIVIOLENZAVALLETROMPIA2024.txt,0.0,0.0,0.0,0.0,0.0,0.0,0.0,0.0,0.0,0.0,1,0,1,0,0,0,0,0.0,2.0
03_2406_rta_03_240923163715_4166---PROTOCOLLOD'INTESA2017_2020.txt,0.0,0.0,0.0,0.0,0.0,0.0,0.0,0.0,0.0,0.0,1,1,0,0,0,0,0,0.0,2.0
03_2406_rta_03_240925150245_4166---ProtocolloReteARIAPalazzolo.txt,0.0,0.0,0.0,0.0,0.0,0.0,0.0,0.0,0.0,0.0,1,1,0,0,0,0,0,0.0,2.0
10_2406_rta_10_250506141901_4166---ProtocollounicoregionaleRINNOVATO.txt,0.0,0.0,0.0,0.0,0.0,0.0,0.0,0.0,0.0,0.0,1,0,0,0,0,1,1,0.0,3.0
05_2406_rta_05_240916131522_4166---protocolloaggiornamento2023.txt,0.0,0.0,0.0,0.0,0.0,0.0,0.0,0.0,0.0,0.0,1,0,0,0,0,0,0,0.0,1.0
13_2406_rta_13_241122103653_4166---protocollodirete_cavlafenice_provinciateramo.txt,0.0,0.0,0.0,0.0,0.0,0.0,0.0,0.0,0.0,0.0,1,1,0,0,0,0,0,0.0,2.0
08_2406_rta_08_241015091330_4166---Protocollo_intesa_autonomia_abitativa_donne_vittime_di_violenza_CittMtrBO.txt,0.0,0.0,0.0,0.0,0.0,0.0,0.0,0.0,0.0,0.0,1,1,0,0,0,0,0,0.0,2.0
18_2406_rta_18_240926102419_4166---protocollodiintesaterritorialeunito.txt,0.0,0.0,0.0,0.0,0.0,0.0,0.0,0.0,0.0,0.0,1,0,0,0,0,0,0,0.0,1.0
08_2406_rta_08_241015091430_4166---Protocollo_Distrettuale_Contrasto_violenza_Donne2023.stamped.txt,0.0,0.0,0.0,0.0,0.0,0.0,0.0,0.0,0.0,0.0,1,1,0,0,0,0,0,0.0,2.0
09_APUANE_2015 Protocollo Prefettura.txt,0.0,0.0,0.0,0.0,0.0,0.0,0.0,0.0,0.0,0.0,1,1,0,0,0,0,0,0.0,2.0
09_GROSSETO 2022 fpdf.txt,0.0,0.0,0.0,0.0,0.0,0.0,0.0,0.0,0.0,0.0,1,0,0,0,0,0,0,0.0,1.0
09_PISTOIA PROV .txt,0.0,0.0,0.0,0.0,0.0,0.0,0.0,0.0,0.0,0.0,1,1,0,0,0,0,0,0.0,2.0
17_2406_rta_17_250506142731_4166---Tavolodicoordinamentoemonitoraggio30-01-24.txt,0.0,0.0,0.0,0.0,0.0,0.0,0.0,0.0,0.0,0.0,1,0,0,0,0,0,0,0.0,1.0
03_2406_rta_03_240923101524_4166---PROTOCOLLO_DI_INTESA_versione_DEFINITIVA2021.stamped.txt,0.0,0.0,0.0,0.0,0.0,0.0,0.0,0.0,0.0,0.0,1,1,0,0,0,0,0,0.0,2.0
06_2406_rta_06_240916164258_4166---Protocolloviolenzadomesticaedigenere_30.09.2019.txt,0.0,0.0,0.0,0.0,0.0,0.0,0.0,0.0,0.0,0.0,0,1,0,0,0,0,0,0.0,1.0
08_2406_rta_08_241015091330_4166---Protocollo_intesa_autonomia_abitativa_donne_vittime_di_violenza_CittMtrBO.txt,0.0,0.0,0.0,0.0,0.0,0.0,0.0,0.0,0.0,0.0,1,1,0,0,0,0,0,0.0,2.0
03_2406_rta_03_240920093134_4166---Protocollo_Intesa_Rete_Antiviolenza_SudEstMilano_Paullese_2021-2023.txt,0.0,0.0,0.0,0.0,0.0,0.0,0.0,0.0,0.0,0.0,1,0,0,0,0,0,0,0.0,1.0
03_2406_rta_03_240924144947_4166---Protocollod'IntesaReteAntiviolenzaIsolaBergamascaeBassaValSanMartino2024.txt,0.0,0.0,0.0,0.0,0.0,0.0,0.0,0.0,0.0,0.0,1,1,0,0,0,0,0,0.0,2.0
03_2406_rta_03_240920093134_4166---Protocollo_Intesa_Rete_Antiviolenza_SudEstMilano_Paullese_2021-2023.txt,0.0,0.0,0.0,0.0,0.0,0.0,0.0,0.0,0.0,0.0,1,1,0,0,0,0,0,0.0,2.0
03_2406_rta_03_240923113114_4166---ProtocolloReteAddaMartesanasottoscritto.txt,0.0,0.0,0.0,0.0,0.0,0.0,0.0,0.0,0.0,0.0,1,1,1,0,0,1,1,0.0,5.0
18_2406_rta_18_240925130829_4166---PROTOCOLLODIINTESA_COMUNEDIMENDICINO.txt,0.0,0.0,0.0,0.0,0.0,0.0,0.0,0.0,0.0,0.0,1,1,0,0,0,0,0,0.0,2.0
05_2406_rta_05_240916135305_4166---protocolloulss4.txt,0.0,0.0,0.0,0.0,0.0,0.0,0.0,0.0,0.0,0.0,1,1,0,0,0,0,0,0.0,2.0
03_2406_rta_03_240920120751_4166---protocollodiintesa.txt,0.0,0.0,0.0,0.0,0.0,0.0,0.0,0.0,0.0,0.0,1,1,0,0,0,0,0,0.0,2.0
03_2406_rta_03_240923102947_4166---ProtSOTTOSCRITTO_ReteAntiviolenzaPiuIntegrazioneAprile2024(1).txt,0.0,0.0,0.0,0.0,0.0,0.0,0.0,0.0,0.0,0.0,1,1,1,0,0,0,0,0.0,3.0
08_2406_rta_08_241015091330_4166---Protocollo_intesa_autonomia_abitativa_donne_vittime_di_violenza_CittMtrBO.txt,0.0,0.0,0.0,0.0,0.0,0.0,0.0,0.0,0.0,0.0,1,1,0,0,0,0,0,0.0,2.0
16_bat_convenzione CAV - ASL BT.txt,0.0,0.0,0.0,0.0,0.0,0.0,0.0,0.0,0.0,0.0,0,0,0,0,0,0,0,0.0,0.0
05_2406_rta_05_240916131522_4166---protocolloaggiornamento2023.txt,0.0,0.0,0.0,0.0,0.0,0.0,0.0,0.0,0.0,0.0,1,1,0,0,0,0,0,0.0,2.0
08_2406_rta_08_241015092024_4166---Protocollooperativo.txt,0.0,0.0,0.0,0.0,0.0,0.0,0.0,0.0,0.0,0.0,1,0,0,0,0,0,0,0.0,1.0
05_2406_rta_05_240916131522_4166---protocolloaggiornamento2023.txt,0.0,0.0,0.0,0.0,0.0,0.0,0.0,0.0,0.0,0.0,1,1,0,0,0,0,0,0.0,2.0
08_2406_rta_08_241015091553_4166---Protocollosullaviolenzadigenere_confirme_prot.txt,0.0,0.0,0.0,0.0,0.0,0.0,0.0,0.0,0.0,0.0,1,1,0,0,0,0,0,0.0,2.0
08_2406_rta_08_241015091725_4166---Protoc-Prefett-2017.txt,0.0,0.0,0.0,0.0,0.0,0.0,0.0,0.0,0.0,0.0,1,1,1,0,0,0,0,0.0,3.0
16_bari_protocollo operativo Mola di Bari_rete Antiviolenza.txt,0.0,0.0,0.0,0.0,0.0,0.0,0.0,0.0,0.0,0.0,1,0,0,0,0,1,1,0.0,3.0
08_2406_rta_08_241015091330_4166---Protocollo_intesa_autonomia_abitativa_donne_vittime_di_violenza_CittMtrBO.txt,0.0,0.0,0.0,0.0,0.0,0.0,0.0,0.0,0.0,0.0,1,1,0,0,0,0,0,0.0,2.0
01_2406_rta_01_241018134519_4166---Protocollooperativointeristituzionaleviolenzadigenere2023-2026def.txt,0.0,0.0,0.0,0.0,0.0,0.0,0.0,0.0,0.0,0.0,0,0,0,0,0,0,0,0.0,0.0
08_2406_rta_08_241015091553_4166---Protocollosullaviolenzadigenere_confirme_prot.txt,0.0,0.0,0.0,0.0,0.0,0.0,0.0,0.0,0.0,0.0,1,0,0,0,0,0,0,0.0,1.0
01_2406_rta_01_240920112211_4166---367772-4-Protocollo_intesa_Completo.txt,0.0,0.0,0.0,0.0,0.0,0.0,0.0,0.0,0.0,0.0,1,1,0,0,0,0,0,0.0,2.0
06_2406_rta_06_240916164258_4166---Protocolloviolenzadomesticaedigenere_30.09.2019.txt,0.0,0.0,0.0,0.0,0.0,0.0,0.0,0.0,0.0,0.0,1,1,0,0,0,0,0,0.0,2.0
08_2406_rta_08_241015091330_4166---Protocollo_intesa_autonomia_abitativa_donne_vittime_di_violenza_CittMtrBO.txt,0.0,0.0,0.0,0.0,0.0,0.0,0.0,0.0,0.0,0.0,1,1,0,0,0,0,0,0.0,2.0
09_PISTOIA PROV .txt,0.0,0.0,0.0,0.0,0.0,0.0,0.0,0.0,0.0,0.0,1,1,0,0,0,0,0,0.0,2.0
09_PISTOIA PROV .txt,0.0,0.0,0.0,0.0,0.0,0.0,0.0,0.0,0.0,0.0,1,1,0,0,0,0,0,0.0,2.0
09_GROSSETO 2022 fpdf.txt,0.0,0.0,0.0,0.0,0.0,0.0,0.0,0.0,0.0,0.0,1,0,0,0,0,0,0,0.0,1.0
03_2406_rta_03_240925150245_4166---ProtocolloReteARIAPalazzolo.txt,0.0,0.0,0.0,0.0,0.0,0.0,0.0,0.0,0.0,0.0,1,1,0,0,0,0,0,0.0,2.0
08_2406_rta_08_241015091330_4166---Protocollo_intesa_autonomia_abitativa_donne_vittime_di_violenza_CittMtrBO.txt,0.0,0.0,0.0,0.0,0.0,0.0,0.0,0.0,0.0,0.0,1,1,0,0,0,0,0,0.0,2.0
05_2406_rta_05_240917141534_4166---protocollodiretefirmato.txt,0.0,0.0,0.0,0.0,0.0,0.0,0.0,0.0,0.0,0.0,1,1,0,0,0,0,0,0.0,2.0
09_PISTOIA PROV .txt,0.0,0.0,0.0,0.0,0.0,0.0,0.0,0.0,0.0,0.0,1,1,0,0,0,0,0,0.0,2.0
09_PISA PREF E PROV.txt,0.0,0.0,0.0,0.0,0.0,0.0,0.0,0.0,0.0,0.0,1,1,0,0,0,0,0,0.0,2.0
13_2406_rta_13_241122103653_4166---protocollodirete_cavlafenice_provinciateramo.txt,0.0,0.0,0.0,0.0,0.0,0.0,0.0,0.0,0.0,0.0,1,1,0,0,0,0,0,0.0,2.0
08_2406_rta_08_241015091553_4166---Protocollosullaviolenzadigenere_confirme_prot.txt,0.0,0.0,0.0,0.0,0.0,0.0,0.0,0.0,0.0,0.0,1,0,0,0,0,0,0,0.0,1.0
08_2406_rta_08_241015091553_4166---Protocollosullaviolenzadigenere_confirme_prot.txt,0.0,0.0,0.0,0.0,0.0,0.0,0.0,0.0,0.0,0.0,1,0,0,0,0,0,0,0.0,1.0
09_PRATO PREF.txt,0.0,0.0,0.0,0.0,0.0,0.0,0.0,0.0,0.0,0.0,1,1,0,0,0,0,0,0.0,2.0
09_VALDICHIANA_all. decreto 37_2008 protocollo di intesa 2008.txt,0.0,0.0,0.0,0.0,0.0,0.0,0.0,0.0,0.0,0.0,1,0,0,0,0,0,0,0.0,1.0
08_2406_rta_08_241015091330_4166---Protocollo_intesa_autonomia_abitativa_donne_vittime_di_violenza_CittMtrBO.txt,0.0,0.0,0.0,0.0,0.0,0.0,0.0,0.0,0.0,0.0,1,1,0,0,0,0,0,0.0,2.0
12_2406_rta_12_240926112734_4166---3AccordoDistrettoVT4ePontedonna-signed(1).txt,0.0,0.0,0.0,0.0,0.0,0.0,0.0,0.0,0.0,0.0,0,0,0,0,0,0,0,0.0,0.0
09_GROSSETO 2022 fpdf.txt,0.0,0.0,0.0,0.0,0.0,0.0,0.0,0.0,0.0,0.0,1,0,0,0,0,0,0,0.0,1.0
09_PISA PREF E PROV.txt,0.0,0.0,0.0,0.0,0.0,0.0,0.0,0.0,0.0,0.0,1,1,0,0,0,0,0,0.0,2.0
08_2406_rta_08_241015091553_4166---Protocollosullaviolenzadigenere_confirme_prot.txt,0.0,0.0,0.0,0.0,0.0,0.0,0.0,0.0,0.0,0.0,1,1,0,0,0,0,0,0.0,2.0
08_2406_rta_08_241015091725_4166---Protoc-Prefett-2017.txt,0.0,0.0,0.0,0.0,0.0,0.0,0.0,0.0,0.0,0.0,1,1,0,0,0,0,0,0.0,2.0
09_PISA PREF E PROV.txt,0.0,0.0,0.0,0.0,0.0,0.0,0.0,0.0,0.0,0.0,1,1,0,0,0,0,0,0.0,2.0
03_2406_rta_03_240925150245_4166---ProtocolloReteARIAPalazzolo.txt,0.0,0.0,0.0,0.0,0.0,0.0,0.0,0.0,0.0,0.0,1,1,0,0,0,0,0,0.0,2.0
09_GROSSETO 2022 fpdf.txt,0.0,0.0,0.0,0.0,0.0,0.0,0.0,0.0,0.0,0.0,1,0,0,0,0,0,0,0.0,1.0
09_APUANE_2015 Protocollo Prefettura.txt,0.0,0.0,0.0,0.0,0.0,0.0,0.0,0.0,0.0,0.0,1,1,0,0,0,0,0,0.0,2.0
03_2406_rta_03_240923101524_4166---PROTOCOLLO_DI_INTESA_versione_DEFINITIVA2021.stamped.txt,0.0,0.0,0.0,0.0,0.0,0.0,0.0,0.0,0.0,0.0,1,1,0,0,0,0,0,0.0,2.0
09_PISA PREF E PROV.txt,0.0,0.0,0.0,0.0,0.0,0.0,0.0,0.0,0.0,0.0,1,1,0,0,0,0,0,0.0,2.0
13_2406_rta_13_241122103653_4166---protocollodirete_cavlafenice_provinciateramo.txt,0.0,0.0,0.0,0.0,0.0,0.0,0.0,0.0,0.0,0.0,1,1,0,0,0,0,0,0.0,2.0
08_2406_rta_08_241015091330_4166---Protocollo_intesa_autonomia_abitativa_donne_vittime_di_violenza_CittMtrBO.txt,0.0,0.0,0.0,0.0,0.0,0.0,0.0,0.0,0.0,0.0,1,1,0,0,0,0,0,0.0,2.0
06_2406_rta_06_240916164258_4166---Protocolloviolenzadomesticaedigenere_30.09.2019.txt,0.0,0.0,0.0,0.0,0.0,0.0,0.0,0.0,0.0,0.0,0,1,0,0,0,0,0,0.0,1.0
08_2406_rta_08_241015091553_4166---Protocollosullaviolenzadigenere_confirme_prot.txt,0.0,0.0,0.0,0.0,0.0,0.0,0.0,0.0,0.0,0.0,1,1,0,0,0,0,0,0.0,2.0
08_2406_rta_08_241015091330_4166---Protocollo_intesa_autonomia_abitativa_donne_vittime_di_violenza_CittMtrBO.txt,0.0,0.0,0.0,0.0,0.0,0.0,0.0,0.0,0.0,0.0,1,1,0,0,0,0,0,0.0,2.0
06_2406_rta_06_240916164258_4166---Protocolloviolenzadomesticaedigenere_30.09.2019.txt,0.0,0.0,0.0,0.0,0.0,0.0,0.0,0.0,0.0,0.0,0,1,0,0,0,0,0,0.0,1.0
03_2406_rta_03_240920120751_4166---protocollodiintesa.txt,0.0,0.0,0.0,0.0,0.0,0.0,0.0,0.0,0.0,0.0,1,1,0,0,0,0,0,0.0,2.0
13_2406_rta_13_241122103901_4166---Protocollirete_ortonaelancianoCAVdonn.ÿ.txt,0.0,0.0,0.0,0.0,0.0,0.0,0.0,0.0,0.0,0.0,1,1,0,0,0,0,0,0.0,2.0
05_2406_rta_05_240916135305_4166---protocolloulss4.txt,0.0,0.0,0.0,0.0,0.0,0.0,0.0,0.0,0.0,0.0,1,1,0,0,0,0,0,0.0,2.0
10_2406_rta_10_250506141901_4166---ProtocollounicoregionaleRINNOVATO.txt,0.0,0.0,0.0,0.0,0.0,0.0,0.0,0.0,0.0,0.0,1,0,0,0,0,1,1,0.0,3.0
03_2406_rta_03_240923171949_4166---PROTOCOLLOD'INTESARETETERRITORIALEANTIVIOLENZAVALLETROMPIA2024.txt,0.0,0.0,0.0,0.0,0.0,0.0,0.0,0.0,0.0,0.0,1,0,1,0,0,0,0,0.0,2.0
03_2406_rta_03_240920120751_4166---protocollodiintesa.txt,0.0,0.0,0.0,0.0,0.0,0.0,0.0,0.0,0.0,0.0,1,1,0,0,0,0,0,0.0,2.0
01_2406_rta_01_241018134519_4166---Protocollooperativointeristituzionaleviolenzadigenere2023-2026def.txt,0.0,0.0,0.0,0.0,0.0,0.0,0.0,0.0,0.0,0.0,0,0,0,0,0,0,0,0.0,0.0
05_2406_rta_05_240916131522_4166---protocolloaggiornamento2023.txt,0.0,0.0,0.0,0.0,0.0,0.0,0.0,0.0,0.0,0.0,1,0,0,0,0,0,0,0.0,1.0
16_bari_protocollo operativo Putignano_EMI.txt,0.0,0.0,0.0,0.0,0.0,0.0,0.0,0.0,0.0,0.0,1,1,0,0,0,0,0,0.0,2.0
16_bari_protocollo operativo Mola di Bari_rete Antiviolenza.txt,0.0,0.0,0.0,0.0,0.0,0.0,0.0,0.0,0.0,0.0,1,0,0,0,0,0,0,0.0,1.0
10_2406_rta_10_250506141901_4166---ProtocollounicoregionaleRINNOVATO.txt,0.0,0.0,0.0,0.0,0.0,0.0,0.0,0.0,0.0,0.0,1,0,0,0,0,1,1,0.0,3.0
08_2406_rta_08_241015091553_4166---Protocollosullaviolenzadigenere_confirme_prot.txt,0.0,0.0,0.0,0.0,0.0,0.0,0.0,0.0,0.0,0.0,1,1,0,0,0,0,0,0.0,2.0
01_2406_rta_01_240924140705_4166---LesConvenzionecoprogettazione.txt,0.0,0.0,0.0,0.0,0.0,0.0,0.0,0.0,0.0,0.0,1,1,0,0,0,0,0,0.0,2.0
03_2406_rta_03_240926144324_4166---Protocollodiintesa.txt,0.0,0.0,0.0,0.0,0.0,0.0,0.0,0.0,0.0,0.0,0,0,0,0,0,0,0,0.0,0.0
05_2406_rta_05_240916135305_4166---protocolloulss4.txt,0.0,0.0,0.0,0.0,0.0,0.0,0.0,0.0,0.0,0.0,1,1,0,0,0,0,0,0.0,2.0
03_2406_rta_03_240926122707_4166---ProtocolloReteAntiviolenzaconfirme.txt,0.0,0.0,0.0,0.0,0.0,0.0,0.0,0.0,0.0,0.0,1,1,0,0,0,0,0,0.0,2.0
03_2406_rta_03_240923101524_4166---PROTOCOLLO_DI_INTESA_versione_DEFINITIVA2021.stamped.txt,0.0,0.0,0.0,0.0,0.0,0.0,0.0,0.0,0.0,0.0,1,1,0,0,0,0,0,0.0,2.0
03_2406_rta_03_240923101524_4166---PROTOCOLLO_DI_INTESA_versione_DEFINITIVA2021.stamped.txt,0.0,0.0,0.0,0.0,0.0,0.0,0.0,0.0,0.0,0.0,1,1,0,0,0,0,0,0.0,2.0
03_2406_rta_03_240923101524_4166---PROTOCOLLO_DI_INTESA_versione_DEFINITIVA2021.stamped.txt,0.0,0.0,0.0,0.0,0.0,0.0,0.0,0.0,0.0,0.0,1,1,0,0,0,0,0,0.0,2.0
03_2406_rta_03_240926122707_4166---ProtocolloReteAntiviolenzaconfirme.txt,0.0,0.0,0.0,0.0,0.0,0.0,0.0,0.0,0.0,0.0,1,1,0,0,0,0,0,0.0,2.0
13_2406_rta_13_241122111153_4166---PROTOCOLLOCASTELDISANGROEASL.txt,0.0,0.0,0.0,0.0,0.0,0.0,0.0,0.0,0.0,0.0,0,1,0,0,0,0,0,0.0,1.0
09_GROSSETO 2022 fpdf.txt,0.0,0.0,0.0,0.0,0.0,0.0,0.0,0.0,0.0,0.0,1,0,0,0,0,0,0,0.0,1.0
09_PISA PREF E PROV.txt,0.0,0.0,0.0,0.0,0.0,0.0,0.0,0.0,0.0,0.0,1,1,0,0,0,0,0,0.0,2.0
12_2406_rta_12_240926112734_4166---3AccordoDistrettoVT4ePontedonna-signed(1).txt,0.0,0.0,0.0,0.0,0.0,0.0,0.0,0.0,0.0,0.0,0,0,0,0,0,0,0,0.0,0.0
13_2406_rta_13_241122103901_4166---Protocollirete_ortonaelancianoCAVdonn.ÿ.txt,0.0,0.0,0.0,0.0,0.0,0.0,0.0,0.0,0.0,0.0,1,1,0,0,0,0,0,0.0,2.0
10_2406_rta_10_250506141901_4166---ProtocollounicoregionaleRINNOVATO.txt,0.0,0.0,0.0,0.0,0.0,0.0,0.0,0.0,0.0,0.0,1,0,0,0,0,1,1,0.0,3.0
03_2406_rta_03_240925150245_4166---ProtocolloReteARIAPalazzolo.txt,0.0,0.0,0.0,0.0,0.0,0.0,0.0,0.0,0.0,0.0,1,1,0,0,0,0,0,0.0,2.0
03_2406_rta_03_240925150245_4166---ProtocolloReteARIAPalazzolo.txt,0.0,0.0,0.0,0.0,0.0,0.0,0.0,0.0,0.0,0.0,1,1,0,0,0,0,0,0.0,2.0
03_2406_rta_03_240923101524_4166---PROTOCOLLO_DI_INTESA_versione_DEFINITIVA2021.stamped.txt,0.0,0.0,0.0,0.0,0.0,0.0,0.0,0.0,0.0,0.0,1,1,0,0,0,0,0,0.0,2.0
08_2406_rta_08_241015091330_4166---Protocollo_intesa_autonomia_abitativa_donne_vittime_di_violenza_CittMtrBO.txt,0.0,0.0,0.0,0.0,0.0,0.0,0.0,0.0,0.0,0.0,1,1,0,0,0,0,0,0.0,2.0
03_2406_rta_03_240926144324_4166---Protocollodiintesa.txt,0.0,0.0,0.0,0.0,0.0,0.0,0.0,0.0,0.0,0.0,1,1,0,0,0,0,0,0.0,2.0
03_2406_rta_03_240925150245_4166---ProtocolloReteARIAPalazzolo.txt,0.0,0.0,0.0,0.0,0.0,0.0,0.0,0.0,0.0,0.0,1,1,0,0,0,0,0,0.0,2.0
05_2406_rta_05_240918153458_4166---protocolloprovPadova.txt,0.0,0.0,0.0,0.0,0.0,0.0,0.0,0.0,0.0,0.0,1,1,0,0,0,1,1,0.0,4.0
16_taranto_protocollo d'intesa CAVGinosa sottoscritto.txt,0.0,0.0,0.0,0.0,0.0,0.0,0.0,0.0,0.0,0.0,1,1,0,0,0,0,0,0.0,2.0
09_PISA PREF E PROV.txt,0.0,0.0,0.0,0.0,0.0,0.0,0.0,0.0,0.0,0.0,1,1,0,0,0,0,0,0.0,2.0
03_2406_rta_03_240925150245_4166---ProtocolloReteARIAPalazzolo.txt,0.0,0.0,0.0,0.0,0.0,0.0,0.0,0.0,0.0,0.0,1,1,1,0,0,1,1,0.0,5.0
18_2406_rta_18_240926102407_4166---ProtocollointesaAISM_CentroLanzino_ReteREDCALABRIA_firmadigitale.txt,0.0,0.0,0.0,0.0,0.0,0.0,0.0,0.0,0.0,0.0,0,0,0,0,0,0,0,0.0,0.0
03_2406_rta_03_240920093134_4166---Protocollo_Intesa_Rete_Antiviolenza_SudEstMilano_Paullese_2021-2023.txt,0.0,0.0,0.0,0.0,0.0,0.0,0.0,0.0,0.0,0.0,1,0,0,0,0,0,0,0.0,1.0
03_2406_rta_03_240920120751_4166---protocollodiintesa.txt,0.0,0.0,0.0,0.0,0.0,0.0,0.0,0.0,0.0,0.0,1,1,0,0,0,0,0,0.0,2.0
03_2406_rta_03_240925150245_4166---ProtocolloReteARIAPalazzolo.txt,0.0,0.0,0.0,0.0,0.0,0.0,0.0,0.0,0.0,0.0,1,1,0,0,0,0,0,0.0,2.0
18_2406_rta_18_240926102419_4166---protocollodiintesaterritorialeunito.txt,0.0,0.0,0.0,0.0,0.0,0.0,0.0,0.0,0.0,0.0,1,0,0,0,0,0,0,0.0,1.0
03_2406_rta_03_240925150245_4166---ProtocolloReteARIAPalazzolo.txt,0.0,0.0,0.0,0.0,0.0,0.0,0.0,0.0,0.0,0.0,1,1,0,0,0,0,0,0.0,2.0
18_2406_rta_18_240926102419_4166---protocollodiintesaterritorialeunito.txt,0.0,0.0,0.0,0.0,0.0,0.0,0.0,0.0,0.0,0.0,1,0,1,0,0,0,0,0.0,2.0
03_2406_rta_03_240920093134_4166---Protocollo_Intesa_Rete_Antiviolenza_SudEstMilano_Paullese_2021-2023.txt,0.0,0.0,0.0,0.0,0.0,0.0,0.0,0.0,0.0,0.0,1,0,0,0,0,0,0,0.0,1.0
03_2406_rta_03_240918151606_4166---A_RetePavia_Protocollo2021_e_Integrazioni2023_firmato_compressed.txt,0.0,0.0,0.0,0.0,0.0,0.0,0.0,0.0,0.0,0.0,1,1,1,0,0,1,1,0.0,5.0
09_PISA PREF E PROV.txt,0.0,0.0,0.0,0.0,0.0,0.0,0.0,0.0,0.0,0.0,1,1,0,0,0,0,0,0.0,2.0
03_2406_rta_03_240926144324_4166---Protocollodiintesa.txt,0.0,0.0,0.0,0.0,0.0,0.0,0.0,0.0,0.0,0.0,0,0,0,0,0,0,0,0.0,0.0
10_2406_rta_10_250506141901_4166---ProtocollounicoregionaleRINNOVATO.txt,0.0,0.0,0.0,0.0,0.0,0.0,0.0,0.0,0.0,0.0,1,0,0,0,0,1,1,0.0,3.0
11_2406_rta_11_240911113034_4166---protocollodireteantiviolenza2020-2022-uuvv.txt,0.0,0.0,0.0,0.0,0.0,0.0,0.0,0.0,0.0,0.0,1,1,1,0,0,0,0,0.0,3.0
13_2406_rta_13_241122115416_4166---PROTOCOLLOPESCARA.txt,0.0,0.0,0.0,0.0,0.0,0.0,0.0,0.0,0.0,0.0,1,1,1,0,0,1,1,0.0,5.0
03_2406_rta_03_240920093134_4166---Protocollo_Intesa_Rete_Antiviolenza_SudEstMilano_Paullese_2021-2023.txt,0.0,0.0,0.0,0.0,0.0,0.0,0.0,0.0,0.0,0.0,1,0,0,0,0,1,1,0.0,3.0
09_PISTOIA PROV .txt,0.0,0.0,0.0,0.0,0.0,0.0,0.0,0.0,0.0,0.0,1,1,0,0,0,0,0,0.0,2.0
13_2406_rta_13_241122111153_4166---PROTOCOLLOCASTELDISANGROEASL.txt,0.0,0.0,0.0,0.0,0.0,0.0,0.0,0.0,0.0,0.0,0,1,0,0,0,0,0,0.0,1.0
03_2406_rta_03_240923113114_4166---ProtocolloReteAddaMartesanasottoscritto.txt,0.0,0.0,0.0,0.0,0.0,0.0,0.0,0.0,0.0,0.0,0,1,0,0,0,0,0,0.0,1.0
03_2406_rta_03_240923171949_4166---PROTOCOLLOD'INTESARETETERRITORIALEANTIVIOLENZAVALLETROMPIA2024.txt,0.0,0.0,0.0,0.0,0.0,0.0,0.0,0.0,0.0,0.0,1,0,1,0,0,0,0,0.0,2.0
08_2406_rta_08_241015091832_4166---P.G.111546-2023PROTOCOLLOOPERATIVOFENOMENOVIOLENZADONNE(1).txt,0.0,0.0,0.0,0.0,0.0,0.0,0.0,0.0,0.0,0.0,1,1,1,0,0,0,0,0.0,3.0
05_2406_rta_05_240916131522_4166---protocolloaggiornamento2023.txt,0.0,0.0,0.0,0.0,0.0,0.0,0.0,0.0,0.0,0.0,1,0,0,0,0,0,0,0.0,1.0
08_2406_rta_08_241015091330_4166---Protocollo_intesa_autonomia_abitativa_donne_vittime_di_violenza_CittMtrBO.txt,0.0,0.0,0.0,0.0,0.0,0.0,0.0,0.0,0.0,0.0,1,1,0,0,0,0,0,0.0,2.0
03_2406_rta_03_240926122707_4166---ProtocolloReteAntiviolenzaconfirme.txt,0.0,0.0,0.0,0.0,0.0,0.0,0.0,0.0,0.0,0.0,1,1,0,0,0,1,1,0.0,4.0
09_PISTOIA PROV .txt,0.0,0.0,0.0,0.0,0.0,0.0,0.0,0.0,0.0,0.0,1,1,0,0,0,0,0,0.0,2.0
08_2406_rta_08_241015091330_4166---Protocollo_intesa_autonomia_abitativa_donne_vittime_di_violenza_CittMtrBO.txt,0.0,0.0,0.0,0.0,0.0,0.0,0.0,0.0,0.0,0.0,1,1,0,0,0,0,0,0.0,2.0
13_2406_rta_13_241122103653_4166---protocollodirete_cavlafenice_provinciateramo.txt,0.0,0.0,0.0,0.0,0.0,0.0,0.0,0.0,0.0,0.0,1,1,0,0,0,0,0,0.0,2.0
03_2406_rta_03_240923113114_4166---ProtocolloReteAddaMartesanasottoscritto.txt,0.0,0.0,0.0,0.0,0.0,0.0,0.0,0.0,0.0,0.0,1,1,1,0,0,0,0,0.0,3.0
09_PISA PREF E PROV.txt,0.0,0.0,0.0,0.0,0.0,0.0,0.0,0.0,0.0,0.0,1,1,1,0,0,0,0,0.0,3.0
09_PISTOIA PROV .txt,0.0,0.0,0.0,0.0,0.0,0.0,0.0,0.0,0.0,0.0,1,1,0,0,0,0,0,0.0,2.0
09_PISTOIA PROV .txt,0.0,0.0,0.0,0.0,0.0,0.0,0.0,0.0,0.0,0.0,1,1,0,0,0,0,0,0.0,2.0
09_GROSSETO 2022 fpdf.txt,0.0,0.0,0.0,0.0,0.0,0.0,0.0,0.0,0.0,0.0,1,0,0,0,0,0,0,0.0,1.0
09_ALTA VALDELSA Protocollo-violenza-valdelsa-2022_ALTA VALDELSA.txt,0.0,0.0,0.0,0.0,0.0,0.0,0.0,0.0,0.0,0.0,1,0,1,0,0,0,0,0.0,2.0
09_PRATO PREF.txt,0.0,0.0,0.0,0.0,0.0,0.0,0.0,0.0,0.0,0.0,1,1,0,0,0,0,0,0.0,2.0
03_2406_rta_03_240926144324_4166---Protocollodiintesa.txt,0.0,0.0,0.0,0.0,0.0,0.0,0.0,0.0,0.0,0.0,0,0,0,0,0,0,0,0.0,0.0
03_2406_rta_03_240923171949_4166---PROTOCOLLOD'INTESARETETERRITORIALEANTIVIOLENZAVALLETROMPIA2024.txt,0.0,0.0,0.0,0.0,0.0,0.0,0.0,0.0,0.0,0.0,1,0,1,0,0,0,0,0.0,2.0
09_PISA PREF E PROV.txt,0.0,0.0,0.0,0.0,0.0,0.0,0.0,0.0,0.0,0.0,1,1,0,0,0,0,0,0.0,2.0
03_2406_rta_03_240925150245_4166---ProtocolloReteARIAPalazzolo.txt,0.0,0.0,0.0,0.0,0.0,0.0,0.0,0.0,0.0,0.0,1,1,0,0,0,0,0,0.0,2.0
03_2406_rta_03_240923101524_4166---PROTOCOLLO_DI_INTESA_versione_DEFINITIVA2021.stamped.txt,0.0,0.0,0.0,0.0,0.0,0.0,0.0,0.0,0.0,0.0,1,1,0,0,0,0,0,0.0,2.0
09_PISA PREF E PROV.txt,0.0,0.0,0.0,0.0,0.0,0.0,0.0,0.0,0.0,0.0,1,1,0,0,0,0,0,0.0,2.0
09_FIRENZE Linee-di-indirizzo2024.txt,0.0,0.0,0.0,0.0,0.0,0.0,0.0,0.0,0.0,0.0,0,0,0,0,0,0,0,0.0,0.0
09_PISTOIA PROV .txt,0.0,0.0,0.0,0.0,0.0,0.0,0.0,0.0,0.0,0.0,1,1,0,0,0,0,0,0.0,2.0
03_2406_rta_03_240924144947_4166---Protocollod'IntesaReteAntiviolenzaIsolaBergamascaeBassaValSanMartino2024.txt,0.0,0.0,0.0,0.0,0.0,0.0,0.0,0.0,0.0,0.0,1,1,0,0,0,0,0,0.0,2.0
09_PISA PREF E PROV.txt,0.0,0.0,0.0,0.0,0.0,0.0,0.0,0.0,0.0,0.0,1,1,0,0,0,0,0,0.0,2.0
03_2406_rta_03_240924144947_4166---Protocollod'IntesaReteAntiviolenzaIsolaBergamascaeBassaValSanMartino2024.txt,0.0,0.0,0.0,0.0,0.0,0.0,0.0,0.0,0.0,0.0,1,1,0,0,0,0,0,0.0,2.0
03_2406_rta_03_240925150245_4166---ProtocolloReteARIAPalazzolo.txt,0.0,0.0,0.0,0.0,0.0,0.0,0.0,0.0,0.0,0.0,1,1,0,0,0,0,0,0.0,2.0
06_2406_rta_06_240916164102_4166---protocollopordenoneprefettura.txt,0.0,0.0,0.0,0.0,0.0,0.0,0.0,0.0,0.0,0.0,1,1,0,0,0,1,1,0.0,4.0
05_2406_rta_05_240916135305_4166---protocolloulss4.txt,0.0,0.0,0.0,0.0,0.0,0.0,0.0,0.0,0.0,0.0,1,1,0,0,0,0,0,0.0,2.0
17_2406_rta_17_250506142731_4166---Tavolodicoordinamentoemonitoraggio30-01-24.txt,0.0,0.0,0.0,0.0,0.0,0.0,0.0,0.0,0.0,0.0,1,0,0,0,0,0,0,0.0,1.0
03_2406_rta_03_240923113114_4166---ProtocolloReteAddaMartesanasottoscritto.txt,0.0,0.0,0.0,0.0,0.0,0.0,0.0,0.0,0.0,0.0,0,1,0,0,0,0,0,0.0,1.0
03_2406_rta_03_240923113114_4166---ProtocolloReteAddaMartesanasottoscritto.txt,0.0,0.0,0.0,0.0,0.0,0.0,0.0,0.0,0.0,0.0,0,1,0,0,0,0,0,0.0,1.0
05_2406_rta_05_240916135305_4166---protocolloulss4.txt,0.0,0.0,0.0,0.0,0.0,0.0,0.0,0.0,0.0,0.0,1,1,0,0,0,0,0,0.0,2.0
09_PRATO PREF.txt,0.0,0.0,0.0,0.0,0.0,0.0,0.0,0.0,0.0,0.0,1,1,0,0,0,0,0,0.0,2.0
03_2406_rta_03_240926144324_4166---Protocollodiintesa.txt,0.0,0.0,0.0,0.0,0.0,0.0,0.0,0.0,0.0,0.0,0,0,0,0,0,0,0,0.0,0.0
03_2406_rta_03_240924144947_4166---Protocollod'IntesaReteAntiviolenzaIsolaBergamascaeBassaValSanMartino2024.txt,0.0,0.0,0.0,0.0,0.0,0.0,0.0,0.0,0.0,0.0,1,1,0,0,0,0,0,0.0,2.0
01_2406_rta_01_241018134519_4166---Protocollooperativointeristituzionaleviolenzadigenere2023-2026def.txt,0.0,0.0,0.0,0.0,0.0,0.0,0.0,0.0,0.0,0.0,0,0,0,0,0,0,0,0.0,0.0
03_2406_rta_03_240925150245_4166---ProtocolloReteARIAPalazzolo.txt,0.0,0.0,0.0,0.0,0.0,0.0,0.0,0.0,0.0,0.0,1,1,0,0,0,0,0,0.0,2.0
16_bari_protocollo operativo Putignano_EMI.txt,0.0,0.0,0.0,0.0,0.0,0.0,0.0,0.0,0.0,0.0,1,1,1,0,0,0,0,0.0,3.0
09_PISTOIA PROV .txt,0.0,0.0,0.0,0.0,0.0,0.0,0.0,0.0,0.0,0.0,1,1,0,0,0,0,0,0.0,2.0
05_2406_rta_05_240916131522_4166---protocolloaggiornamento2023.txt,0.0,0.0,0.0,0.0,0.0,0.0,0.0,0.0,0.0,0.0,1,0,0,0,0,0,0,0.0,1.0
03_2406_rta_03_240925150245_4166---ProtocolloReteARIAPalazzolo.txt,0.0,0.0,0.0,0.0,0.0,0.0,0.0,0.0,0.0,0.0,1,1,0,0,0,0,0,0.0,2.0
09_ALTA VALDELSA Protocollo-violenza-valdelsa-2022_ALTA VALDELSA.txt,0.0,0.0,0.0,0.0,0.0,0.0,0.0,0.0,0.0,0.0,1,0,1,0,0,0,0,0.0,2.0
08_2406_rta_08_241015091748_4166---ProtocolloProvincialeCaserifugio2023.2025.txt,0.0,0.0,0.0,0.0,0.0,0.0,0.0,0.0,0.0,0.0,1,1,0,0,0,1,1,0.0,4.0
08_2406_rta_08_241015091655_4166---Aggiornamentointegrazioneprotocollooperativoapprovatonelgiugno2008.txt,0.0,0.0,0.0,0.0,0.0,0.0,0.0,0.0,0.0,0.0,1,1,1,0,0,0,0,0.0,3.0
18_2406_rta_18_240925130829_4166---PROTOCOLLODIINTESA_COMUNEDIMENDICINO.txt,0.0,0.0,0.0,0.0,0.0,0.0,0.0,0.0,0.0,0.0,0,0,0,0,0,0,0,0.0,0.0
03_2406_rta_03_240920120751_4166---protocollodiintesa.txt,0.0,0.0,0.0,0.0,0.0,0.0,0.0,0.0,0.0,0.0,1,1,0,0,0,0,0,0.0,2.0
03_2406_rta_03_240923101524_4166---PROTOCOLLO_DI_INTESA_versione_DEFINITIVA2021.stamped.txt,0.0,0.0,0.0,0.0,0.0,0.0,0.0,0.0,0.0,0.0,1,1,0,0,0,0,0,0.0,2.0
03_2406_rta_03_240926144324_4166---Protocollodiintesa.txt,0.0,0.0,0.0,0.0,0.0,0.0,0.0,0.0,0.0,0.0,1,1,1,0,0,1,1,0.0,5.0
08_2406_rta_08_241015091553_4166---Protocollosullaviolenzadigenere_confirme_prot.txt,0.0,0.0,0.0,0.0,0.0,0.0,0.0,0.0,0.0,0.0,1,1,0,0,0,0,0,0.0,2.0
12_2406_rta_12_241001130527_4166---protocollocontrolaviolenzadigenere.pdfpdf.txt,0.0,0.0,0.0,0.0,0.0,0.0,0.0,0.0,0.0,0.0,1,1,0,0,0,0,0,0.0,2.0
08_2406_rta_08_241015091553_4166---Protocollosullaviolenzadigenere_confirme_prot.txt,0.0,0.0,0.0,0.0,0.0,0.0,0.0,0.0,0.0,0.0,1,1,1,0,0,0,0,0.0,3.0
08_2406_rta_08_241015092049_4166---PROTOCOLLOD.G.C.FAENZA304-2009.txt,0.0,0.0,0.0,0.0,0.0,0.0,0.0,0.0,0.0,0.0,1,1,0,0,0,0,0,0.0,2.0
09_PISA PREF E PROV.txt,0.0,0.0,0.0,0.0,0.0,0.0,0.0,0.0,0.0,0.0,1,1,0,0,0,0,0,0.0,2.0
08_2406_rta_08_241015091430_4166---Protocollo_Distrettuale_Contrasto_violenza_Donne2023.stamped.txt,0.0,0.0,0.0,0.0,0.0,0.0,0.0,0.0,0.0,0.0,1,0,0,0,0,0,0,0.0,1.0
13_2406_rta_13_241122111153_4166---PROTOCOLLOCASTELDISANGROEASL.txt,0.0,0.0,0.0,0.0,0.0,0.0,0.0,0.0,0.0,0.0,0,1,0,0,0,0,0,0.0,1.0
01_2406_rta_01_240909113151_4166---CONVENZIONERIVOLI.txt,0.0,0.0,0.0,0.0,0.0,0.0,0.0,0.0,0.0,0.0,1,1,1,0,0,0,0,0.0,3.0
13_2406_rta_13_241122111153_4166---PROTOCOLLOCASTELDISANGROEASL.txt,0.0,0.0,0.0,0.0,0.0,0.0,0.0,0.0,0.0,0.0,0,1,0,0,0,0,0,0.0,1.0
13_2406_rta_13_241122103901_4166---Protocollirete_ortonaelancianoCAVdonn.ÿ.txt,0.0,0.0,0.0,0.0,0.0,0.0,0.0,0.0,0.0,0.0,1,1,0,0,0,0,0,0.0,2.0
13_2406_rta_13_241122103653_4166---protocollodirete_cavlafenice_provinciateramo.txt,0.0,0.0,0.0,0.0,0.0,0.0,0.0,0.0,0.0,0.0,1,1,0,0,0,0,0,0.0,2.0
03_2406_rta_03_240925150245_4166---ProtocolloReteARIAPalazzolo.txt,0.0,0.0,0.0,0.0,0.0,0.0,0.0,0.0,0.0,0.0,1,1,0,0,0,0,0,0.0,2.0
13_2406_rta_13_241122111153_4166---PROTOCOLLOCASTELDISANGROEASL.txt,0.0,0.0,0.0,0.0,0.0,0.0,0.0,0.0,0.0,0.0,0,1,0,0,0,0,0,0.0,1.0
03_2406_rta_03_240923113114_4166---ProtocolloReteAddaMartesanasottoscritto.txt,0.0,0.0,0.0,0.0,0.0,0.0,0.0,0.0,0.0,0.0,0,1,0,0,0,0,0,0.0,1.0
03_2406_rta_03_240923101524_4166---PROTOCOLLO_DI_INTESA_versione_DEFINITIVA2021.stamped.txt,0.0,0.0,0.0,0.0,0.0,0.0,0.0,0.0,0.0,0.0,1,1,0,0,0,0,0,0.0,2.0
12_2406_rta_12_241004090303_4166---2ProtCAVPAOLALATTESTorraccia(1).txt,0.0,0.0,0.0,0.0,0.0,0.0,0.0,0.0,0.0,0.0,0,0,0,0,0,0,0,0.0,0.0
06_2406_rta_06_240916164258_4166---Protocolloviolenzadomesticaedigenere_30.09.2019.txt,0.0,0.0,0.0,0.0,0.0,0.0,0.0,0.0,0.0,0.0,0,1,0,0,0,0,0,0.0,1.0
03_2406_rta_03_240923101524_4166---PROTOCOLLO_DI_INTESA_versione_DEFINITIVA2021.stamped.txt,0.0,0.0,0.0,0.0,0.0,0.0,0.0,0.0,0.0,0.0,1,1,0,0,0,0,0,0.0,2.0
06_2406_rta_06_240916164258_4166---Protocolloviolenzadomesticaedigenere_30.09.2019.txt,0.0,0.0,0.0,0.0,0.0,0.0,0.0,0.0,0.0,0.0,0,1,0,0,0,0,0,0.0,1.0
12_2406_rta_12_240926112734_4166---3AccordoDistrettoVT4ePontedonna-signed(1).txt,0.0,0.0,0.0,0.0,0.0,0.0,0.0,0.0,0.0,0.0,0,0,0,0,0,0,0,0.0,0.0
13_2406_rta_13_241122103653_4166---protocollodirete_cavlafenice_provinciateramo.txt,0.0,0.0,0.0,0.0,0.0,0.0,0.0,0.0,0.0,0.0,1,1,0,0,0,0,0,0.0,2.0
03_2406_rta_03_240925150245_4166---ProtocolloReteARIAPalazzolo.txt,0.0,0.0,0.0,0.0,0.0,0.0,0.0,0.0,0.0,0.0,1,1,0,0,0,0,0,0.0,2.0
05_2406_rta_05_240916173648_4166---ULSS5Polesana_Protocollodirete.txt,0.0,0.0,0.0,0.0,0.0,0.0,0.0,0.0,0.0,0.0,1,1,0,0,0,0,0,0.0,2.0
03_2406_rta_03_240926122707_4166---ProtocolloReteAntiviolenzaconfirme.txt,0.0,0.0,0.0,0.0,0.0,0.0,0.0,0.0,0.0,0.0,1,1,1,0,0,1,1,0.0,5.0
03_2406_rta_03_240925150245_4166---ProtocolloReteARIAPalazzolo.txt,0.0,0.0,0.0,0.0,0.0,0.0,0.0,0.0,0.0,0.0,1,1,0,0,0,0,0,0.0,2.0
08_2406_rta_08_241015091748_4166---ProtocolloProvincialeCaserifugio2023.2025.txt,0.0,0.0,0.0,0.0,0.0,0.0,0.0,0.0,0.0,0.0,1,0,0,0,0,0,0,0.0,1.0
16_bari_protocollo operativo Mola di Bari_rete Antiviolenza.txt,0.0,0.0,0.0,0.0,0.0,0.0,0.0,0.0,0.0,0.0,1,0,0,0,0,0,0,0.0,1.0
06_2406_rta_06_240916164102_4166---protocollopordenoneprefettura.txt,0.0,0.0,0.0,0.0,0.0,0.0,0.0,0.0,0.0,0.0,1,1,0,0,0,1,1,0.0,4.0
06_2406_rta_06_240916164258_4166---Protocolloviolenzadomesticaedigenere_30.09.2019.txt,0.0,0.0,0.0,0.0,0.0,0.0,0.0,0.0,0.0,0.0,0,1,0,0,0,0,0,0.0,1.0
08_2406_rta_08_241015091330_4166---Protocollo_intesa_autonomia_abitativa_donne_vittime_di_violenza_CittMtrBO.txt,0.0,0.0,0.0,0.0,0.0,0.0,0.0,0.0,0.0,0.0,1,1,0,0,0,0,0,0.0,2.0
03_2406_rta_03_240925150245_4166---ProtocolloReteARIAPalazzolo.txt,0.0,0.0,0.0,0.0,0.0,0.0,0.0,0.0,0.0,0.0,1,1,0,0,0,0,0,0.0,2.0
08_2406_rta_08_241015091553_4166---Protocollosullaviolenzadigenere_confirme_prot.txt,0.0,0.0,0.0,0.0,0.0,0.0,0.0,0.0,0.0,0.0,1,0,0,0,0,0,0,0.0,1.0
01_2406_rta_01_240920112211_4166---367772-4-Protocollo_intesa_Completo.txt,0.0,0.0,0.0,0.0,0.0,0.0,0.0,0.0,0.0,0.0,1,1,0,0,0,0,0,0.0,2.0
05_2406_rta_05_240916131522_4166---protocolloaggiornamento2023.txt,0.0,0.0,0.0,0.0,0.0,0.0,0.0,0.0,0.0,0.0,1,0,0,0,0,0,0,0.0,1.0
09_PISTOIA PROV .txt,0.0,0.0,0.0,0.0,0.0,0.0,0.0,0.0,0.0,0.0,1,1,0,0,0,0,0,0.0,2.0
16_bari_protocollo operativo Gioia del Colle_EMI.txt,0.0,0.0,0.0,0.0,0.0,0.0,0.0,0.0,0.0,0.0,1,0,0,0,0,0,0,0.0,1.0
08_2406_rta_08_241015091330_4166---Protocollo_intesa_autonomia_abitativa_donne_vittime_di_violenza_CittMtrBO.txt,0.0,0.0,0.0,0.0,0.0,0.0,0.0,0.0,0.0,0.0,1,1,0,0,0,0,0,0.0,2.0
11_2406_rta_11_240911113911_4166---AscoliPPROTOCOLLOoperativo_2019_2021.txt,0.0,0.0,0.0,0.0,0.0,0.0,0.0,0.0,0.0,0.0,1,1,0,0,0,1,1,0.0,4.0
06_2406_rta_06_240916164258_4166---Protocolloviolenzadomesticaedigenere_30.09.2019.txt,0.0,0.0,0.0,0.0,0.0,0.0,0.0,0.0,0.0,0.0,0,1,0,0,0,0,0,0.0,1.0
09_FIRENZE Linee-di-indirizzo2024.txt,0.0,0.0,0.0,0.0,0.0,0.0,0.0,0.0,0.0,0.0,0,0,0,0,0,0,0,0.0,0.0
09_VALDICHIANA_all. decreto 37_2008 protocollo di intesa 2008.txt,0.0,0.0,0.0,0.0,0.0,0.0,0.0,0.0,0.0,0.0,1,0,0,0,0,0,0,0.0,1.0
08_2406_rta_08_241015091725_4166---Protoc-Prefett-2017.txt,0.0,0.0,0.0,0.0,0.0,0.0,0.0,0.0,0.0,0.0,1,1,0,0,0,0,0,0.0,2.0
08_2406_rta_08_241015091553_4166---Protocollosullaviolenzadigenere_confirme_prot.txt,0.0,0.0,0.0,0.0,0.0,0.0,0.0,0.0,0.0,0.0,1,1,0,0,0,0,0,0.0,2.0
03_2406_rta_03_240923111659_4166---ProtocolloantiviolenzaComunediLodi_scansioneconfirme_maggio2014.txt,0.0,0.0,0.0,0.0,0.0,0.0,0.0,0.0,0.0,0.0,1,1,0,0,0,0,0,0.0,2.0
05_2406_rta_05_240916135305_4166---protocolloulss4.txt,0.0,0.0,0.0,0.0,0.0,0.0,0.0,0.0,0.0,0.0,1,1,0,0,0,1,1,0.0,4.0
03_2406_rta_03_240920093134_4166---Protocollo_Intesa_Rete_Antiviolenza_SudEstMilano_Paullese_2021-2023.txt,0.0,0.0,0.0,0.0,0.0,0.0,0.0,0.0,0.0,0.0,1,1,1,0,0,1,1,0.0,5.0
16_bat_convenzione CAV - ASL BT.txt,0.0,0.0,0.0,0.0,0.0,0.0,0.0,0.0,0.0,0.0,0,0,0,0,0,0,0,0.0,0.0
06_2406_rta_06_240916164258_4166---Protocolloviolenzadomesticaedigenere_30.09.2019.txt,0.0,0.0,0.0,0.0,0.0,0.0,0.0,0.0,0.0,0.0,0,1,0,0,0,0,0,0.0,1.0
09_ALTA VALDELSA Protocollo-violenza-valdelsa-2022_ALTA VALDELSA.txt,0.0,0.0,0.0,0.0,0.0,0.0,0.0,0.0,0.0,0.0,1,0,1,0,0,0,0,0.0,2.0
08_2406_rta_08_241015091330_4166---Protocollo_intesa_autonomia_abitativa_donne_vittime_di_violenza_CittMtrBO.txt,0.0,0.0,0.0,0.0,0.0,0.0,0.0,0.0,0.0,0.0,1,1,0,0,0,0,0,0.0,2.0
03_2406_rta_03_240920120751_4166---protocollodiintesa.txt,0.0,0.0,0.0,0.0,0.0,0.0,0.0,0.0,0.0,0.0,1,1,0,0,0,0,0,0.0,2.0
08_2406_rta_08_241015091553_4166---Protocollosullaviolenzadigenere_confirme_prot.txt,0.0,0.0,0.0,0.0,0.0,0.0,0.0,0.0,0.0,0.0,1,1,0,0,0,0,0,0.0,2.0
08_2406_rta_08_241015091330_4166---Protocollo_intesa_autonomia_abitativa_donne_vittime_di_violenza_CittMtrBO.txt,0.0,0.0,0.0,0.0,0.0,0.0,0.0,0.0,0.0,0.0,1,1,0,0,0,0,0,0.0,2.0
03_2406_rta_03_240920093134_4166---Protocollo_Intesa_Rete_Antiviolenza_SudEstMilano_Paullese_2021-2023.txt,0.0,0.0,0.0,0.0,0.0,0.0,0.0,0.0,0.0,0.0,1,0,0,0,0,0,0,0.0,1.0
09_PISA PREF E PROV.txt,0.0,0.0,0.0,0.0,0.0,0.0,0.0,0.0,0.0,0.0,1,1,0,0,0,0,0,0.0,2.0
08_2406_rta_08_241015091310_4166---Accordo_Contrasto_alla_violenza_CittMtrBO.txt,0.0,0.0,0.0,0.0,0.0,0.0,0.0,0.0,0.0,0.0,1,1,0,0,0,1,1,0.0,4.0
06_2406_rta_06_240916164258_4166---Protocolloviolenzadomesticaedigenere_30.09.2019.txt,0.0,0.0,0.0,0.0,0.0,0.0,0.0,0.0,0.0,0.0,0,1,0,0,0,0,0,0.0,1.0
09_PISTOIA PROV .txt,0.0,0.0,0.0,0.0,0.0,0.0,0.0,0.0,0.0,0.0,1,1,0,0,0,0,0,0.0,2.0
05_2406_rta_05_240916135305_4166---protocolloulss4.txt,0.0,0.0,0.0,0.0,0.0,0.0,0.0,0.0,0.0,0.0,1,1,0,0,0,0,0,0.0,2.0
09_PISA PREF E PROV.txt,0.0,0.0,0.0,0.0,0.0,0.0,0.0,0.0,0.0,0.0,1,1,0,0,0,0,0,0.0,2.0
03_2406_rta_03_240925150245_4166---ProtocolloReteARIAPalazzolo.txt,0.0,0.0,0.0,0.0,0.0,0.0,0.0,0.0,0.0,0.0,1,1,0,0,0,0,0,0.0,2.0
06_2406_rta_06_240916164258_4166---Protocolloviolenzadomesticaedigenere_30.09.2019.txt,0.0,0.0,0.0,0.0,0.0,0.0,0.0,0.0,0.0,0.0,0,1,0,0,0,0,0,0.0,1.0
08_2406_rta_08_241015091330_4166---Protocollo_intesa_autonomia_abitativa_donne_vittime_di_violenza_CittMtrBO.txt,0.0,0.0,0.0,0.0,0.0,0.0,0.0,0.0,0.0,0.0,1,1,0,0,0,0,0,0.0,2.0
05_2406_rta_05_240916135305_4166---protocolloulss4.txt,0.0,0.0,0.0,0.0,0.0,0.0,0.0,0.0,0.0,0.0,1,1,0,0,0,0,0,0.0,2.0
13_2406_rta_13_241122103901_4166---Protocollirete_ortonaelancianoCAVdonn.ÿ.txt,0.0,0.0,0.0,0.0,0.0,0.0,0.0,0.0,0.0,0.0,1,1,0,0,0,0,0,0.0,2.0
06_2406_rta_06_240916164102_4166---protocollopordenoneprefettura.txt,0.0,0.0,0.0,0.0,0.0,0.0,0.0,0.0,0.0,0.0,1,1,0,0,0,1,1,0.0,4.0
03_2406_rta_03_240920120751_4166---protocollodiintesa.txt,0.0,0.0,0.0,0.0,0.0,0.0,0.0,0.0,0.0,0.0,1,1,0,0,0,0,0,0.0,2.0
03_2406_rta_03_240923101524_4166---PROTOCOLLO_DI_INTESA_versione_DEFINITIVA2021.stamped.txt,0.0,0.0,0.0,0.0,0.0,0.0,0.0,0.0,0.0,0.0,1,1,0,0,0,0,0,0.0,2.0
03_2406_rta_03_240920093134_4166---Protocollo_Intesa_Rete_Antiviolenza_SudEstMilano_Paullese_2021-2023.txt,0.0,0.0,0.0,0.0,0.0,0.0,0.0,0.0,0.0,0.0,1,0,0,0,0,0,0,0.0,1.0
16_bari_protocollo operativo Grumo_EMI.txt,0.0,0.0,0.0,0.0,0.0,0.0,0.0,0.0,0.0,0.0,0,0,0,0,0,0,0,0.0,0.0
07_2406_rta_07_240916163956_4166---DGR477_2022_Protocollo.txt,0.0,0.0,0.0,0.0,0.0,0.0,0.0,0.0,0.0,0.0,1,1,0,0,0,1,1,0.0,4.0
08_2406_rta_08_241015091330_4166---Protocollo_intesa_autonomia_abitativa_donne_vittime_di_violenza_CittMtrBO.txt,0.0,0.0,0.0,0.0,0.0,0.0,0.0,0.0,0.0,0.0,1,1,0,0,0,0,0,0.0,2.0
03_2406_rta_03_240923111659_4166---ProtocolloantiviolenzaComunediLodi_scansioneconfirme_maggio2014.txt,0.0,0.0,0.0,0.0,0.0,0.0,0.0,0.0,0.0,0.0,1,1,1,0,0,0,0,0.0,3.0
09_PISA PREF E PROV.txt,0.0,0.0,0.0,0.0,0.0,0.0,0.0,0.0,0.0,0.0,1,1,0,0,0,0,0,0.0,2.0
09_PISA PREF E PROV.txt,0.0,0.0,0.0,0.0,0.0,0.0,0.0,0.0,0.0,0.0,1,1,0,0,0,0,0,0.0,2.0
13_2406_rta_13_241122103901_4166---Protocollirete_ortonaelancianoCAVdonn.ÿ.txt,0.0,0.0,0.0,0.0,0.0,0.0,0.0,0.0,0.0,0.0,1,1,0,0,0,0,0,0.0,2.0
09_PISA PREF E PROV.txt,0.0,0.0,0.0,0.0,0.0,0.0,0.0,0.0,0.0,0.0,1,1,0,0,0,0,0,0.0,2.0
05_2406_rta_05_240916131522_4166---protocolloaggiornamento2023.txt,0.0,0.0,0.0,0.0,0.0,0.0,0.0,0.0,0.0,0.0,1,0,0,0,0,0,0,0.0,1.0
08_2406_rta_08_241015091553_4166---Protocollosullaviolenzadigenere_confirme_prot.txt,0.0,0.0,0.0,0.0,0.0,0.0,0.0,0.0,0.0,0.0,1,1,0,0,0,0,0,0.0,2.0
03_2406_rta_03_240923171949_4166---PROTOCOLLOD'INTESARETETERRITORIALEANTIVIOLENZAVALLETROMPIA2024.txt,0.0,0.0,0.0,0.0,0.0,0.0,0.0,0.0,0.0,0.0,1,0,1,0,0,0,0,0.0,2.0
"03_2406_rta_03_240923164603_4166---ProtocolloreteantiviolenzaBusto,Gallarate,Saronno,SommaLombardo-2024.txt",0.0,0.0,0.0,0.0,0.0,0.0,0.0,0.0,0.0,0.0,1,1,0,0,0,1,1,0.0,4.0
09_VALDICHIANA_all. decreto 37_2008 protocollo di intesa 2008.txt,0.0,0.0,0.0,0.0,0.0,0.0,0.0,0.0,0.0,0.0,1,0,0,0,0,0,0,0.0,1.0
08_2406_rta_08_241015091330_4166---Protocollo_intesa_autonomia_abitativa_donne_vittime_di_violenza_CittMtrBO.txt,0.0,0.0,0.0,0.0,0.0,0.0,0.0,0.0,0.0,0.0,1,1,0,0,0,0,0,0.0,2.0
08_2406_rta_08_241015091725_4166---Protoc-Prefett-2017.txt,0.0,0.0,0.0,0.0,0.0,0.0,0.0,0.0,0.0,0.0,1,1,0,0,0,0,0,0.0,2.0
01_2406_rta_01_240920112211_4166---367772-4-Protocollo_intesa_Completo.txt,0.0,0.0,0.0,0.0,0.0,0.0,0.0,0.0,0.0,0.0,1,1,0,0,0,0,0,0.0,2.0
06_2406_rta_06_240916164258_4166---Protocolloviolenzadomesticaedigenere_30.09.2019.txt,0.0,0.0,0.0,0.0,0.0,0.0,0.0,0.0,0.0,0.0,0,1,0,0,0,0,0,0.0,1.0
07_2406_rta_07_240916163956_4166---DGR477_2022_Protocollo.txt,0.0,0.0,0.0,0.0,0.0,0.0,0.0,0.0,0.0,0.0,1,1,0,0,0,1,1,0.0,4.0
09_FIRENZE Linee-di-indirizzo2024.txt,0.0,0.0,0.0,0.0,0.0,0.0,0.0,0.0,0.0,0.0,0,0,0,0,0,0,0,0.0,0.0
09_GROSSETO 2022 fpdf.txt,0.0,0.0,0.0,0.0,0.0,0.0,0.0,0.0,0.0,0.0,1,0,0,0,0,0,0,0.0,1.0
09_GROSSETO 2022 fpdf.txt,0.0,0.0,0.0,0.0,0.0,0.0,0.0,0.0,0.0,0.0,1,0,0,0,0,0,0,0.0,1.0
05_2406_rta_05_240919114041_4166---protocollounicorevisionato2024.txt,0.0,0.0,0.0,0.0,0.0,0.0,0.0,0.0,0.0,0.0,1,1,0,0,0,0,0,0.0,2.0
18_2406_rta_18_240926102419_4166---protocollodiintesaterritorialeunito.txt,0.0,0.0,0.0,0.0,0.0,0.0,0.0,0.0,0.0,0.0,1,0,0,0,0,0,0,0.0,1.0
13_2406_rta_13_241122111153_4166---PROTOCOLLOCASTELDISANGROEASL.txt,0.0,0.0,0.0,0.0,0.0,0.0,0.0,0.0,0.0,0.0,0,1,0,0,0,0,0,0.0,1.0
05_2406_rta_05_240916131522_4166---protocolloaggiornamento2023.txt,0.0,0.0,0.0,0.0,0.0,0.0,0.0,0.0,0.0,0.0,1,0,0,0,0,0,0,0.0,1.0
03_2406_rta_03_240923113114_4166---ProtocolloReteAddaMartesanasottoscritto.txt,0.0,0.0,0.0,0.0,0.0,0.0,0.0,0.0,0.0,0.0,0,1,0,0,0,0,0,0.0,1.0
03_2406_rta_03_240926144324_4166---Protocollodiintesa.txt,0.0,0.0,0.0,0.0,0.0,0.0,0.0,0.0,0.0,0.0,0,0,0,0,0,0,0,0.0,0.0
03_2406_rta_03_240923114012_4166---23-9-2024ProtocolloReteRita_signed_signed_signedDEF_signed_signed-signed_signed(1).txt,0.0,0.0,0.0,0.0,0.0,0.0,0.0,0.0,0.0,0.0,1,1,1,0,0,1,1,0.0,5.0
09_PISTOIA PROV .txt,0.0,0.0,0.0,0.0,0.0,0.0,0.0,0.0,0.0,0.0,1,1,0,0,0,0,0,0.0,2.0
09_FIRENZE Linee-di-indirizzo2024.txt,0.0,0.0,0.0,0.0,0.0,0.0,0.0,0.0,0.0,0.0,0,0,0,0,0,0,0,0.0,0.0
03_2406_rta_03_240923103647_4166---protocolloreteantiviolenzacinisello2019(1).txt,0.0,0.0,0.0,0.0,0.0,0.0,0.0,0.0,0.0,0.0,1,1,1,0,0,0,0,0.0,3.0
03_2406_rta_03_240923113114_4166---ProtocolloReteAddaMartesanasottoscritto.txt,0.0,0.0,0.0,0.0,0.0,0.0,0.0,0.0,0.0,0.0,0,1,0,0,0,0,0,0.0,1.0
03_2406_rta_03_240926144324_4166---Protocollodiintesa.txt,0.0,0.0,0.0,0.0,0.0,0.0,0.0,0.0,0.0,0.0,0,0,0,0,0,0,0,0.0,0.0
18_2406_rta_18_240926102706_4166---protocollomondorosa2013.txt,0.0,0.0,0.0,0.0,0.0,0.0,0.0,0.0,0.0,0.0,1,1,0,0,0,0,0,0.0,2.0
13_2406_rta_13_241122103653_4166---protocollodirete_cavlafenice_provinciateramo.txt,0.0,0.0,0.0,0.0,0.0,0.0,0.0,0.0,0.0,0.0,1,1,0,0,0,0,0,0.0,2.0
18_2406_rta_18_240926102706_4166---protocollomondorosa2013.txt,0.0,0.0,0.0,0.0,0.0,0.0,0.0,0.0,0.0,0.0,1,1,0,0,0,0,0,0.0,2.0
09_VALDICHIANA_all. decreto 37_2008 protocollo di intesa 2008.txt,0.0,0.0,0.0,0.0,0.0,0.0,0.0,0.0,0.0,0.0,1,0,0,0,0,0,0,0.0,1.0
03_2406_rta_03_240926144324_4166---Protocollodiintesa.txt,0.0,0.0,0.0,0.0,0.0,0.0,0.0,0.0,0.0,0.0,0,0,0,0,0,0,0,0.0,0.0
08_2406_rta_08_241015092049_4166---PROTOCOLLOD.G.C.FAENZA304-2009.txt,0.0,0.0,0.0,0.0,0.0,0.0,0.0,0.0,0.0,0.0,1,1,0,0,0,0,0,0.0,2.0
03_2406_rta_03_240924144947_4166---Protocollod'IntesaReteAntiviolenzaIsolaBergamascaeBassaValSanMartino2024.txt,0.0,0.0,0.0,0.0,0.0,0.0,0.0,0.0,0.0,0.0,1,1,0,0,0,0,0,0.0,2.0
"03_2406_rta_03_240923164603_4166---ProtocolloreteantiviolenzaBusto,Gallarate,Saronno,SommaLombardo-2024.txt",0.0,0.0,0.0,0.0,0.0,0.0,0.0,0.0,0.0,0.0,1,1,0,0,0,1,1,0.0,4.0
03_2406_rta_03_240923102947_4166---ProtSOTTOSCRITTO_ReteAntiviolenzaPiuIntegrazioneAprile2024(1).txt,0.0,0.0,0.0,0.0,0.0,0.0,0.0,0.0,0.0,0.0,1,1,1,0,0,1,1,0.0,5.0
09_GROSSETO 2022 fpdf.txt,0.0,0.0,0.0,0.0,0.0,0.0,0.0,0.0,0.0,0.0,1,0,0,0,0,0,0,0.0,1.0
03_2406_rta_03_240924144947_4166---Protocollod'IntesaReteAntiviolenzaIsolaBergamascaeBassaValSanMartino2024.txt,0.0,0.0,0.0,0.0,0.0,0.0,0.0,0.0,0.0,0.0,1,1,0,0,0,0,0,0.0,2.0
16_bat_convenzione CAV - ASL BT.txt,0.0,0.0,0.0,0.0,0.0,0.0,0.0,0.0,0.0,0.0,0,0,0,0,0,0,0,0.0,0.0
05_2406_rta_05_240916131522_4166---protocolloaggiornamento2023.txt,0.0,0.0,0.0,0.0,0.0,0.0,0.0,0.0,0.0,0.0,1,0,0,0,0,0,0,0.0,1.0
10_2406_rta_10_250506141901_4166---ProtocollounicoregionaleRINNOVATO.txt,0.0,0.0,0.0,0.0,0.0,0.0,0.0,0.0,0.0,0.0,1,0,0,0,0,1,1,0.0,3.0
18_2406_rta_18_240926102333_4166---accordodiretecentroaiutodonna.txt,0.0,0.0,0.0,0.0,0.0,0.0,0.0,0.0,0.0,0.0,1,1,0,0,0,0,0,0.0,2.0
06_2406_rta_06_240916164258_4166---Protocolloviolenzadomesticaedigenere_30.09.2019.txt,0.0,0.0,0.0,0.0,0.0,0.0,0.0,0.0,0.0,0.0,0,1,0,0,0,0,0,0.0,1.0
05_2406_rta_05_240916131522_4166---protocolloaggiornamento2023.txt,0.0,0.0,0.0,0.0,0.0,0.0,0.0,0.0,0.0,0.0,1,0,0,0,0,0,0,0.0,1.0
03_2406_rta_03_240918151606_4166---A_RetePavia_Protocollo2021_e_Integrazioni2023_firmato_compressed.txt,0.0,0.0,0.0,0.0,0.0,0.0,0.0,0.0,0.0,0.0,1,1,0,0,0,0,0,0.0,2.0
03_2406_rta_03_240924144947_4166---Protocollod'IntesaReteAntiviolenzaIsolaBergamascaeBassaValSanMartino2024.txt,0.0,0.0,0.0,0.0,0.0,0.0,0.0,0.0,0.0,0.0,1,1,0,0,0,0,0,0.0,2.0
13_2406_rta_13_241122105938_4166---ACCORDOOPERATIVO.txt,0.0,0.0,0.0,0.0,0.0,0.0,0.0,0.0,0.0,0.0,1,1,0,0,0,0,0,0.0,2.0
03_2406_rta_03_240925150245_4166---ProtocolloReteARIAPalazzolo.txt,0.0,0.0,0.0,0.0,0.0,0.0,0.0,0.0,0.0,0.0,1,1,0,0,0,0,0,0.0,2.0
12_2406_rta_12_240926112734_4166---3AccordoDistrettoVT4ePontedonna-signed(1).txt,0.0,0.0,0.0,0.0,0.0,0.0,0.0,0.0,0.0,0.0,0,0,0,0,0,0,0,0.0,0.0
09_FIRENZE Linee-di-indirizzo2024.txt,0.0,0.0,0.0,0.0,0.0,0.0,0.0,0.0,0.0,0.0,0,0,0,0,0,0,0,0.0,0.0
03_2406_rta_03_240923171949_4166---PROTOCOLLOD'INTESARETETERRITORIALEANTIVIOLENZAVALLETROMPIA2024.txt,0.0,0.0,0.0,0.0,0.0,0.0,0.0,0.0,0.0,0.0,1,0,1,0,0,0,0,0.0,2.0
05_2406_rta_05_240916135305_4166---protocolloulss4.txt,0.0,0.0,0.0,0.0,0.0,0.0,0.0,0.0,0.0,0.0,1,1,0,0,0,0,0,0.0,2.0
13_2406_rta_13_241122103653_4166---protocollodirete_cavlafenice_provinciateramo.txt,0.0,0.0,0.0,0.0,0.0,0.0,0.0,0.0,0.0,0.0,1,1,0,0,0,0,0,0.0,2.0
10_2406_rta_10_250506141901_4166---ProtocollounicoregionaleRINNOVATO.txt,0.0,0.0,0.0,0.0,0.0,0.0,0.0,0.0,0.0,0.0,1,0,0,0,0,1,1,0.0,3.0
03_2406_rta_03_240924144947_4166---Protocollod'IntesaReteAntiviolenzaIsolaBergamascaeBassaValSanMartino2024.txt,0.0,0.0,0.0,0.0,0.0,0.0,0.0,0.0,0.0,0.0,1,1,0,0,0,1,1,0.0,4.0
09_PISA PREF E PROV.txt,0.0,0.0,0.0,0.0,0.0,0.0,0.0,0.0,0.0,0.0,1,1,0,0,0,0,0,0.0,2.0
05_2406_rta_05_240919114041_4166---protocollounicorevisionato2024.txt,0.0,0.0,0.0,0.0,0.0,0.0,0.0,0.0,0.0,0.0,1,1,0,0,0,0,0,0.0,2.0
03_2406_rta_03_240923101524_4166---PROTOCOLLO_DI_INTESA_versione_DEFINITIVA2021.stamped.txt,0.0,0.0,0.0,0.0,0.0,0.0,0.0,0.0,0.0,0.0,1,1,0,0,0,0,0,0.0,2.0
16_bari_protocollo operativo Grumo_EMI.txt,0.0,0.0,0.0,0.0,0.0,0.0,0.0,0.0,0.0,0.0,1,0,0,0,0,0,0,0.0,1.0
03_2406_rta_03_240924144947_4166---Protocollod'IntesaReteAntiviolenzaIsolaBergamascaeBassaValSanMartino2024.txt,0.0,0.0,0.0,0.0,0.0,0.0,0.0,0.0,0.0,0.0,1,1,0,0,0,0,0,0.0,2.0
05_2406_rta_05_240916135305_4166---protocolloulss4.txt,0.0,0.0,0.0,0.0,0.0,0.0,0.0,0.0,0.0,0.0,1,1,0,0,0,0,0,0.0,2.0
13_2406_rta_13_241122103653_4166---protocollodirete_cavlafenice_provinciateramo.txt,0.0,0.0,0.0,0.0,0.0,0.0,0.0,0.0,0.0,0.0,1,1,0,0,0,0,0,0.0,2.0
09_VALDICHIANA_all. decreto 37_2008 protocollo di intesa 2008.txt,0.0,0.0,0.0,0.0,0.0,0.0,0.0,0.0,0.0,0.0,1,0,0,0,0,0,0,0.0,1.0
13_2406_rta_13_241122103653_4166---protocollodirete_cavlafenice_provinciateramo.txt,0.0,0.0,0.0,0.0,0.0,0.0,0.0,0.0,0.0,0.0,1,1,0,0,0,0,0,0.0,2.0
16_bat_convenzione CAV - ASL BT.txt,0.0,0.0,0.0,0.0,0.0,0.0,0.0,0.0,0.0,0.0,0,0,0,0,0,0,0,0.0,0.0
03_2406_rta_03_240923101524_4166---PROTOCOLLO_DI_INTESA_versione_DEFINITIVA2021.stamped.txt,0.0,0.0,0.0,0.0,0.0,0.0,0.0,0.0,0.0,0.0,1,1,0,0,0,0,0,0.0,2.0
13_2406_rta_13_241122103901_4166---Protocollirete_ortonaelancianoCAVdonn.ÿ.txt,0.0,0.0,0.0,0.0,0.0,0.0,0.0,0.0,0.0,0.0,1,1,0,0,0,0,0,0.0,2.0
03_2406_rta_03_240925150245_4166---ProtocolloReteARIAPalazzolo.txt,0.0,0.0,0.0,0.0,0.0,0.0,0.0,0.0,0.0,0.0,1,1,0,0,0,0,0,0.0,2.0
09_VALDICHIANA_all. decreto 37_2008 protocollo di intesa 2008.txt,0.0,0.0,0.0,0.0,0.0,0.0,0.0,0.0,0.0,0.0,1,0,0,0,0,0,0,0.0,1.0
08_2406_rta_08_241015091430_4166---Protocollo_Distrettuale_Contrasto_violenza_Donne2023.stamped.txt,0.0,0.0,0.0,0.0,0.0,0.0,0.0,0.0,0.0,0.0,1,0,0,0,0,0,0,0.0,1.0
03_2406_rta_03_240926114940_4166---ProtocollodiintesaeAllegatoTecnico_SOTTOSCRITTO.txt,0.0,0.0,0.0,0.0,0.0,0.0,0.0,0.0,0.0,0.0,1,1,1,0,0,1,1,0.0,5.0
12_2406_rta_12_241003113235_4166---Accordodifferenzadonna-29.09.2023-signed.txt,0.0,0.0,0.0,0.0,0.0,0.0,0.0,0.0,0.0,0.0,1,1,0,0,0,0,0,0.0,2.0
03_2406_rta_03_240926122707_4166---ProtocolloReteAntiviolenzaconfirme.txt,0.0,0.0,0.0,0.0,0.0,0.0,0.0,0.0,0.0,0.0,1,1,0,0,0,0,0,0.0,2.0
03_2406_rta_03_240923113114_4166---ProtocolloReteAddaMartesanasottoscritto.txt,0.0,0.0,0.0,0.0,0.0,0.0,0.0,0.0,0.0,0.0,0,1,0,0,0,0,0,0.0,1.0
03_2406_rta_03_240923113114_4166---ProtocolloReteAddaMartesanasottoscritto.txt,0.0,0.0,0.0,0.0,0.0,0.0,0.0,0.0,0.0,0.0,1,1,1,0,0,0,0,0.0,3.0
03_2406_rta_03_240920093134_4166---Protocollo_Intesa_Rete_Antiviolenza_SudEstMilano_Paullese_2021-2023.txt,0.0,0.0,0.0,0.0,0.0,0.0,0.0,0.0,0.0,0.0,1,0,0,0,0,0,0,0.0,1.0
06_2406_rta_06_240924164454_4166---protocollo_tempo_sospeso.txt,0.0,0.0,0.0,0.0,0.0,0.0,0.0,0.0,0.0,0.0,1,1,0,0,0,0,0,0.0,2.0
16_bat_convenzione CAV - ASL BT.txt,0.0,0.0,0.0,0.0,0.0,0.0,0.0,0.0,0.0,0.0,0,0,0,0,0,0,0,0.0,0.0
03_2406_rta_03_240923113114_4166---ProtocolloReteAddaMartesanasottoscritto.txt,0.0,0.0,0.0,0.0,0.0,0.0,0.0,0.0,0.0,0.0,0,1,0,0,0,0,0,0.0,1.0
16_bari_protocollo operativo Gioia del Colle_EMI.txt,0.0,0.0,0.0,0.0,0.0,0.0,0.0,0.0,0.0,0.0,1,0,0,0,0,0,0,0.0,1.0
06_2406_rta_06_240916164258_4166---Protocolloviolenzadomesticaedigenere_30.09.2019.txt,0.0,0.0,0.0,0.0,0.0,0.0,0.0,0.0,0.0,0.0,0,1,0,0,0,0,0,0.0,1.0
06_2406_rta_06_240916164122_4166---prot_n_0119980_2024_Accordo(firmato).txt,0.0,0.0,0.0,0.0,0.0,0.0,0.0,0.0,0.0,0.0,1,1,0,0,0,0,0,0.0,2.0
03_2406_rta_03_240925150245_4166---ProtocolloReteARIAPalazzolo.txt,0.0,0.0,0.0,0.0,0.0,0.0,0.0,0.0,0.0,0.0,1,1,0,0,0,0,0,0.0,2.0
11_2406_rta_11_240911113034_4166---protocollodireteantiviolenza2020-2022-uuvv.txt,0.0,0.0,0.0,0.0,0.0,0.0,0.0,0.0,0.0,0.0,1,1,1,0,0,0,0,0.0,3.0
09_PISTOIA PROV .txt,0.0,0.0,0.0,0.0,0.0,0.0,0.0,0.0,0.0,0.0,1,1,0,0,0,0,0,0.0,2.0
09_PRATO PREF.txt,0.0,0.0,0.0,0.0,0.0,0.0,0.0,0.0,0.0,0.0,1,1,0,0,0,0,0,0.0,2.0
05_2406_rta_05_240917141534_4166---protocollodiretefirmato.txt,0.0,0.0,0.0,0.0,0.0,0.0,0.0,0.0,0.0,0.0,1,1,0,0,0,0,0,0.0,2.0
08_2406_rta_08_241015091330_4166---Protocollo_intesa_autonomia_abitativa_donne_vittime_di_violenza_CittMtrBO.txt,0.0,0.0,0.0,0.0,0.0,0.0,0.0,0.0,0.0,0.0,1,1,0,0,0,0,0,0.0,2.0
03_2406_rta_03_240926144324_4166---Protocollodiintesa.txt,0.0,0.0,0.0,0.0,0.0,0.0,0.0,0.0,0.0,0.0,0,0,0,0,0,0,0,0.0,0.0
03_2406_rta_03_240923113114_4166---ProtocolloReteAddaMartesanasottoscritto.txt,0.0,0.0,0.0,0.0,0.0,0.0,0.0,0.0,0.0,0.0,0,1,0,0,0,0,0,0.0,1.0
03_2406_rta_03_240923163715_4166---PROTOCOLLOD'INTESA2017_2020.txt,0.0,0.0,0.0,0.0,0.0,0.0,0.0,0.0,0.0,0.0,1,1,0,0,0,1,1,0.0,4.0
13_2406_rta_13_241122105540_4166---protocollodirete_vastodonnattiva.txt,0.0,0.0,0.0,0.0,0.0,0.0,0.0,0.0,0.0,0.0,1,1,1,0,0,1,1,0.0,5.0
09_PISA PREF E PROV.txt,0.0,0.0,0.0,0.0,0.0,0.0,0.0,0.0,0.0,0.0,1,1,0,0,0,0,0,0.0,2.0
05_2406_rta_05_240917141534_4166---protocollodiretefirmato.txt,0.0,0.0,0.0,0.0,0.0,0.0,0.0,0.0,0.0,0.0,1,0,0,0,0,0,0,0.0,1.0
12_2406_rta_12_240926112734_4166---3AccordoDistrettoVT4ePontedonna-signed(1).txt,0.0,0.0,0.0,0.0,0.0,0.0,0.0,0.0,0.0,0.0,0,0,0,0,0,0,0,0.0,0.0
05_2406_rta_05_240916131522_4166---protocolloaggiornamento2023.txt,0.0,0.0,0.0,0.0,0.0,0.0,0.0,0.0,0.0,0.0,1,1,0,0,0,0,0,0.0,2.0
01_2406_rta_01_240920123646_4166---vercellieos.txt,0.0,0.0,0.0,0.0,0.0,0.0,0.0,0.0,0.0,0.0,1,1,1,0,0,0,0,0.0,3.0
08_2406_rta_08_241015091330_4166---Protocollo_intesa_autonomia_abitativa_donne_vittime_di_violenza_CittMtrBO.txt,0.0,0.0,0.0,0.0,0.0,0.0,0.0,0.0,0.0,0.0,1,1,0,0,0,0,0,0.0,2.0
03_2406_rta_03_240926122707_4166---ProtocolloReteAntiviolenzaconfirme.txt,0.0,0.0,0.0,0.0,0.0,0.0,0.0,0.0,0.0,0.0,1,1,0,0,0,0,0,0.0,2.0
09_PRATO PREF.txt,0.0,0.0,0.0,0.0,0.0,0.0,0.0,0.0,0.0,0.0,1,1,0,0,0,0,0,0.0,2.0
05_2406_rta_05_240919124736_4166---Protocollo_per_contrasto_alla_violenza_di_genere.stamped.txt,0.0,0.0,0.0,0.0,0.0,0.0,0.0,0.0,0.0,0.0,1,1,0,1,0,1,1,0.0,5.0
08_2406_rta_08_241015091553_4166---Protocollosullaviolenzadigenere_confirme_prot.txt,0.0,0.0,0.0,0.0,0.0,0.0,0.0,0.0,0.0,0.0,1,1,0,0,0,0,0,0.0,2.0
12_2406_rta_12_240926112734_4166---3AccordoDistrettoVT4ePontedonna-signed(1).txt,0.0,0.0,0.0,0.0,0.0,0.0,0.0,0.0,0.0,0.0,0,0,0,0,0,0,0,0.0,0.0
18_2406_rta_18_240926102407_4166---ProtocollointesaAISM_CentroLanzino_ReteREDCALABRIA_firmadigitale.txt,0.0,0.0,0.0,0.0,0.0,0.0,0.0,0.0,0.0,0.0,0,0,0,0,0,0,0,0.0,0.0
05_2406_rta_05_240919122126_4166---PROTOCOLLOULSS8BERICA.txt,0.0,0.0,0.0,0.0,0.0,0.0,0.0,0.0,0.0,0.0,1,1,1,0,0,1,1,0.0,5.0
09_PISA PREF E PROV.txt,0.0,0.0,0.0,0.0,0.0,0.0,0.0,0.0,0.0,0.0,1,1,0,0,0,0,0,0.0,2.0
03_2406_rta_03_240918151606_4166---A_RetePavia_Protocollo2021_e_Integrazioni2023_firmato_compressed.txt,0.0,0.0,0.0,0.0,0.0,0.0,0.0,0.0,0.0,0.0,1,1,0,0,0,0,0,0.0,2.0
03_2406_rta_03_240923113114_4166---ProtocolloReteAddaMartesanasottoscritto.txt,0.0,0.0,0.0,0.0,0.0,0.0,0.0,0.0,0.0,0.0,0,1,0,0,0,0,0,0.0,1.0
05_2406_rta_05_240916131522_4166---protocolloaggiornamento2023.txt,0.0,0.0,0.0,0.0,0.0,0.0,0.0,0.0,0.0,0.0,1,0,0,0,0,0,0,0.0,1.0
03_2406_rta_03_240923171949_4166---PROTOCOLLOD'INTESARETETERRITORIALEANTIVIOLENZAVALLETROMPIA2024.txt,0.0,0.0,0.0,0.0,0.0,0.0,0.0,0.0,0.0,0.0,1,0,1,0,0,0,0,0.0,2.0
03_2406_rta_03_240920120751_4166---protocollodiintesa.txt,0.0,0.0,0.0,0.0,0.0,0.0,0.0,0.0,0.0,0.0,1,1,0,0,0,0,0,0.0,2.0
12_2406_rta_12_240926112734_4166---3AccordoDistrettoVT4ePontedonna-signed(1).txt,0.0,0.0,0.0,0.0,0.0,0.0,0.0,0.0,0.0,0.0,0,0,0,0,0,0,0,0.0,0.0
03_2406_rta_03_240924144947_4166---Protocollod'IntesaReteAntiviolenzaIsolaBergamascaeBassaValSanMartino2024.txt,0.0,0.0,0.0,0.0,0.0,0.0,0.0,0.0,0.0,0.0,1,1,0,0,0,0,0,0.0,2.0
03_2406_rta_03_240925150245_4166---ProtocolloReteARIAPalazzolo.txt,0.0,0.0,0.0,0.0,0.0,0.0,0.0,0.0,0.0,0.0,1,1,0,0,0,0,0,0.0,2.0
06_2406_rta_06_240916164258_4166---Protocolloviolenzadomesticaedigenere_30.09.2019.txt,0.0,0.0,0.0,0.0,0.0,0.0,0.0,0.0,0.0,0.0,0,1,0,0,0,0,0,0.0,1.0
13_2406_rta_13_241122111153_4166---PROTOCOLLOCASTELDISANGROEASL.txt,0.0,0.0,0.0,0.0,0.0,0.0,0.0,0.0,0.0,0.0,0,1,0,0,0,0,0,0.0,1.0
03_2406_rta_03_240923113114_4166---ProtocolloReteAddaMartesanasottoscritto.txt,0.0,0.0,0.0,0.0,0.0,0.0,0.0,0.0,0.0,0.0,0,1,0,0,0,0,0,0.0,1.0
12_2406_rta_12_240926113237_4166---Accordocavunuiversitari.txt,0.0,0.0,0.0,0.0,0.0,0.0,0.0,0.0,0.0,0.0,1,0,1,0,0,0,0,0.0,2.0
03_2406_rta_03_240920093134_4166---Protocollo_Intesa_Rete_Antiviolenza_SudEstMilano_Paullese_2021-2023.txt,0.0,0.0,0.0,0.0,0.0,0.0,0.0,0.0,0.0,0.0,1,0,0,0,0,0,0,0.0,1.0
03_2406_rta_03_240918151606_4166---A_RetePavia_Protocollo2021_e_Integrazioni2023_firmato_compressed.txt,0.0,0.0,0.0,0.0,0.0,0.0,0.0,0.0,0.0,0.0,1,1,0,0,0,0,0,0.0,2.0
08_2406_rta_08_241015091430_4166---Protocollo_Distrettuale_Contrasto_violenza_Donne2023.stamped.txt,0.0,0.0,0.0,0.0,0.0,0.0,0.0,0.0,0.0,0.0,1,1,0,0,0,0,0,0.0,2.0
09_PISA PREF E PROV.txt,0.0,0.0,0.0,0.0,0.0,0.0,0.0,0.0,0.0,0.0,1,1,0,0,0,0,0,0.0,2.0
03_2406_rta_03_240926122707_4166---ProtocolloReteAntiviolenzaconfirme.txt,0.0,0.0,0.0,0.0,0.0,0.0,0.0,0.0,0.0,0.0,1,1,0,0,0,0,0,0.0,2.0
08_2406_rta_08_241015091330_4166---Protocollo_intesa_autonomia_abitativa_donne_vittime_di_violenza_CittMtrBO.txt,0.0,0.0,0.0,0.0,0.0,0.0,0.0,0.0,0.0,0.0,1,1,0,0,0,0,0,0.0,2.0
03_2406_rta_03_240925150245_4166---ProtocolloReteARIAPalazzolo.txt,0.0,0.0,0.0,0.0,0.0,0.0,0.0,0.0,0.0,0.0,1,1,0,0,0,0,0,0.0,2.0
07_2406_rta_07_240916163905_4166---PROTOCOLLOFIRMATO(002).txt,0.0,0.0,0.0,0.0,0.0,0.0,0.0,0.0,0.0,0.0,1,0,0,0,0,0,0,0.0,1.0
05_2406_rta_05_240916173648_4166---ULSS5Polesana_Protocollodirete.txt,0.0,0.0,0.0,0.0,0.0,0.0,0.0,0.0,0.0,0.0,1,1,0,0,0,0,0,0.0,2.0
01_2406_rta_01_240904150044_4166---Protocollocav-irene2022-2025.txt,0.0,0.0,0.0,0.0,0.0,0.0,0.0,0.0,0.0,0.0,1,1,0,0,0,0,0,0.0,2.0
05_2406_rta_05_240919122126_4166---PROTOCOLLOULSS8BERICA.txt,0.0,0.0,0.0,0.0,0.0,0.0,0.0,0.0,0.0,0.0,1,0,0,0,0,0,0,0.0,1.0
05_2406_rta_05_240919124736_4166---Protocollo_per_contrasto_alla_violenza_di_genere.stamped.txt,0.0,0.0,0.0,0.0,0.0,0.0,0.0,0.0,0.0,0.0,1,0,0,1,0,0,1,0.0,3.0
03_2406_rta_03_240926123135_4166---ProtocollodiRete.txt,0.0,0.0,0.0,0.0,0.0,0.0,0.0,0.0,0.0,0.0,0,0,0,0,0,0,0,0.0,0.0
18_2406_rta_18_240926103211_4166---PROTOCOLLOviolasottoscritto.txt,0.0,0.0,0.0,0.0,0.0,0.0,0.0,0.0,0.0,0.0,1,0,0,0,0,0,0,0.0,1.0
03_2406_rta_03_240923103647_4166---protocolloreteantiviolenzacinisello2019(1).txt,0.0,0.0,0.0,0.0,0.0,0.0,0.0,0.0,0.0,0.0,1,1,1,0,0,0,0,0.0,3.0
03_2406_rta_03_240923103647_4166---protocolloreteantiviolenzacinisello2019(1).txt,0.0,0.0,0.0,0.0,0.0,0.0,0.0,0.0,0.0,0.0,1,1,1,0,0,0,0,0.0,3.0
13_2406_rta_13_241122102615_4166---PROTOCOLLOD_INTESACOMUNEAQ_donatellatelliniCAV2023.txt,0.0,0.0,0.0,0.0,0.0,0.0,0.0,0.0,0.0,0.0,1,1,1,0,0,0,0,0.0,3.0
06_2406_rta_06_240916164258_4166---Protocolloviolenzadomesticaedigenere_30.09.2019.txt,0.0,0.0,0.0,0.0,0.0,0.0,0.0,0.0,0.0,0.0,1,1,0,1,0,0,1,0.0,4.0
06_2406_rta_06_240916164258_4166---Protocolloviolenzadomesticaedigenere_30.09.2019.txt,0.0,0.0,0.0,0.0,0.0,0.0,0.0,0.0,0.0,0.0,1,1,0,1,0,0,1,0.0,4.0
"03_2406_rta_03_240923164603_4166---ProtocolloreteantiviolenzaBusto,Gallarate,Saronno,SommaLombardo-2024.txt",0.0,0.0,0.0,0.0,0.0,0.0,0.0,0.0,0.0,0.0,1,0,0,0,0,0,0,0.0,1.0
"03_2406_rta_03_240923164603_4166---ProtocolloreteantiviolenzaBusto,Gallarate,Saronno,SommaLombardo-2024.txt",0.0,0.0,0.0,0.0,0.0,0.0,0.0,0.0,0.0,0.0,1,0,0,0,0,0,0,0.0,1.0
13_2406_rta_13_241122102615_4166---PROTOCOLLOD_INTESACOMUNEAQ_donatellatelliniCAV2023.txt,0.0,0.0,0.0,0.0,0.0,0.0,0.0,0.0,0.0,0.0,1,1,1,0,0,0,0,0.0,3.0
"03_2406_rta_03_240923164603_4166---ProtocolloreteantiviolenzaBusto,Gallarate,Saronno,SommaLombardo-2024.txt",0.0,0.0,0.0,0.0,0.0,0.0,0.0,0.0,0.0,0.0,1,0,0,0,0,0,0,0.0,1.0
03_2406_rta_03_240918153240_4166---Protocollod'intesaperl'IstituzionediunSistemaTerritorialeAntiviolenzainReteconAddendumSindacati.txt,0.0,0.0,0.0,0.0,0.0,0.0,0.0,0.0,0.0,0.0,1,0,0,1,0,0,1,0.0,3.0
"03_2406_rta_03_240923164603_4166---ProtocolloreteantiviolenzaBusto,Gallarate,Saronno,SommaLombardo-2024.txt",0.0,0.0,0.0,0.0,0.0,0.0,0.0,0.0,0.0,0.0,1,0,0,0,0,0,0,0.0,1.0
12_2406_rta_12_241002115801_4166---3protCAVTITANO-IdeaPrisma82Coop.Soc.txt,0.0,0.0,0.0,0.0,0.0,0.0,0.0,0.0,0.0,0.0,0,0,0,0,0,0,0,0.0,0.0
"03_2406_rta_03_240923164603_4166---ProtocolloreteantiviolenzaBusto,Gallarate,Saronno,SommaLombardo-2024.txt",0.0,0.0,0.0,0.0,0.0,0.0,0.0,0.0,0.0,0.0,1,0,0,0,0,0,0,0.0,1.0
12_2406_rta_12_240927093424_4166---ProtVMunMerlin.txt,0.0,0.0,0.0,0.0,0.0,0.0,0.0,0.0,0.0,0.0,0,0,0,0,0,0,0,0.0,0.0
03_2406_rta_03_240923105244_4166---ProtocolloViolenzaMilanoFirme2023.txt,0.0,0.0,0.0,0.0,0.0,0.0,0.0,0.0,0.0,0.0,1,1,0,0,0,0,0,0.0,2.0
03_2406_rta_03_240923105244_4166---ProtocolloViolenzaMilanoFirme2023.txt,0.0,0.0,0.0,0.0,0.0,0.0,0.0,0.0,0.0,0.0,1,1,0,0,0,0,0,0.0,2.0
03_2406_rta_03_240923105244_4166---ProtocolloViolenzaMilanoFirme2023.txt,0.0,0.0,0.0,0.0,0.0,0.0,0.0,0.0,0.0,0.0,1,1,0,0,0,0,0,0.0,2.0
03_2406_rta_03_240923105244_4166---ProtocolloViolenzaMilanoFirme2023.txt,0.0,0.0,0.0,0.0,0.0,0.0,0.0,0.0,0.0,0.0,1,1,0,0,0,0,0,0.0,2.0
03_2406_rta_03_240923105244_4166---ProtocolloViolenzaMilanoFirme2023.txt,0.0,0.0,0.0,0.0,0.0,0.0,0.0,0.0,0.0,0.0,1,1,0,0,0,0,0,0.0,2.0
03_2406_rta_03_240923105244_4166---ProtocolloViolenzaMilanoFirme2023.txt,0.0,0.0,0.0,0.0,0.0,0.0,0.0,0.0,0.0,0.0,1,1,0,0,0,0,0,0.0,2.0
03_2406_rta_03_240923105244_4166---ProtocolloViolenzaMilanoFirme2023.txt,0.0,0.0,0.0,0.0,0.0,0.0,0.0,0.0,0.0,0.0,1,1,0,0,0,0,0,0.0,2.0
03_2406_rta_03_240923105244_4166---ProtocolloViolenzaMilanoFirme2023.txt,0.0,0.0,0.0,0.0,0.0,0.0,0.0,0.0,0.0,0.0,1,1,0,0,0,0,0,0.0,2.0
03_2406_rta_03_240923105244_4166---ProtocolloViolenzaMilanoFirme2023.txt,0.0,0.0,0.0,0.0,0.0,0.0,0.0,0.0,0.0,0.0,1,1,0,0,0,0,0,0.0,2.0
12_2406_rta_12_241003111748_4166---ACCORDOMUNICIPIOROMAVeDIPPARIOPPROMACAPITALE_DD.txt,0.0,0.0,0.0,0.0,0.0,0.0,0.0,0.0,0.0,0.0,0,0,0,0,0,0,0,0.0,0.0
12_2406_rta_12_241003111748_4166---ACCORDOMUNICIPIOROMAVeDIPPARIOPPROMACAPITALE_DD.txt,0.0,0.0,0.0,0.0,0.0,0.0,0.0,0.0,0.0,0.0,0,0,0,0,0,0,0,0.0,0.0
12_2406_rta_12_241003110309_4166---ProtocollodiIntesaMunicipio1eDD.txt,0.0,0.0,0.0,0.0,0.0,0.0,0.0,0.0,0.0,0.0,1,1,1,0,0,0,0,0.0,3.0
12_2406_rta_12_240927093424_4166---ProtVMunMerlin.txt,0.0,0.0,0.0,0.0,0.0,0.0,0.0,0.0,0.0,0.0,1,1,1,0,0,1,1,0.0,5.0
12_2406_rta_12_241009125120_4166---6.accordo.txt,0.0,0.0,0.0,0.0,0.0,0.0,0.0,0.0,0.0,0.0,1,0,0,0,0,0,0,0.0,1.0
12_2406_rta_12_241003111748_4166---ACCORDOMUNICIPIOROMAVeDIPPARIOPPROMACAPITALE_DD.txt,0.0,0.0,0.0,0.0,0.0,0.0,0.0,0.0,0.0,0.0,0,0,0,0,0,0,0,0.0,0.0
12_2406_rta_12_241003111748_4166---ACCORDOMUNICIPIOROMAVeDIPPARIOPPROMACAPITALE_DD.txt,0.0,0.0,0.0,0.0,0.0,0.0,0.0,0.0,0.0,0.0,0,0,0,0,0,0,0,0.0,0.0
12_2406_rta_12_241003111748_4166---ACCORDOMUNICIPIOROMAVeDIPPARIOPPROMACAPITALE_DD.txt,0.0,0.0,0.0,0.0,0.0,0.0,0.0,0.0,0.0,0.0,0,0,0,0,0,0,0,0.0,0.0
12_2406_rta_12_241003111748_4166---ACCORDOMUNICIPIOROMAVeDIPPARIOPPROMACAPITALE_DD.txt,0.0,0.0,0.0,0.0,0.0,0.0,0.0,0.0,0.0,0.0,0,0,0,0,0,0,0,0.0,0.0
12_2406_rta_12_241003114931_4166---ProtocollodiintesaDifferenzaDonnaeMunicipio13.txt,0.0,0.0,0.0,0.0,0.0,0.0,0.0,0.0,0.0,0.0,1,1,0,0,0,0,0,0.0,2.0
"03_2406_rta_03_240923164603_4166---ProtocolloreteantiviolenzaBusto,Gallarate,Saronno,SommaLombardo-2024.txt",0.0,0.0,0.0,0.0,0.0,0.0,0.0,0.0,0.0,0.0,1,0,0,0,0,0,0,0.0,1.0
"03_2406_rta_03_240923164603_4166---ProtocolloreteantiviolenzaBusto,Gallarate,Saronno,SommaLombardo-2024.txt",0.0,0.0,0.0,0.0,0.0,0.0,0.0,0.0,0.0,0.0,1,0,0,0,0,0,0,0.0,1.0
09_FIRENZE Linee-di-indirizzo2024.txt,0.0,0.0,0.0,0.0,0.0,0.0,0.0,0.0,0.0,0.0,1,1,0,0,0,0,0,0.0,2.0
12_2406_rta_12_241009125120_4166---6.accordo.txt,0.0,0.0,0.0,0.0,0.0,0.0,0.0,0.0,0.0,0.0,0,0,0,0,0,0,0,0.0,0.0
12_2406_rta_12_241003105319_4166---PROTOCOLLODIINTES1_2601def-signed-signed.txt,0.0,0.0,0.0,0.0,0.0,0.0,0.0,0.0,0.0,0.0,0,0,0,0,0,0,0,0.0,0.0
"03_2406_rta_03_240923164603_4166---ProtocolloreteantiviolenzaBusto,Gallarate,Saronno,SommaLombardo-2024.txt",0.0,0.0,0.0,0.0,0.0,0.0,0.0,0.0,0.0,0.0,1,0,0,0,0,0,0,0.0,1.0
"03_2406_rta_03_240923164603_4166---ProtocolloreteantiviolenzaBusto,Gallarate,Saronno,SommaLombardo-2024.txt",0.0,0.0,0.0,0.0,0.0,0.0,0.0,0.0,0.0,0.0,1,0,0,0,0,0,0,0.0,1.0
"03_2406_rta_03_240923164603_4166---ProtocolloreteantiviolenzaBusto,Gallarate,Saronno,SommaLombardo-2024.txt",0.0,0.0,0.0,0.0,0.0,0.0,0.0,0.0,0.0,0.0,1,0,0,0,0,0,0,0.0,1.0
03_2406_rta_03_240923113114_4166---ProtocolloReteAddaMartesanasottoscritto.txt,0.0,0.0,0.0,0.0,0.0,0.0,0.0,0.0,0.0,0.0,0,1,0,0,0,0,0,0.0,1.0
"03_2406_rta_03_240923164603_4166---ProtocolloreteantiviolenzaBusto,Gallarate,Saronno,SommaLombardo-2024.txt",0.0,0.0,0.0,0.0,0.0,0.0,0.0,0.0,0.0,0.0,1,0,0,0,0,0,0,0.0,1.0
12_2406_rta_12_240926134140_4166---Protocollointesa.txt,0.0,0.0,0.0,0.0,0.0,0.0,0.0,0.0,0.0,0.0,0,0,0,0,0,0,0,0.0,0.0
02_2406_rta_02_240904124958_4166---lrn4del25feb2013.txt,0.0,0.0,0.0,0.0,0.0,0.0,0.0,0.0,0.0,0.0,1,0,0,0,0,0,0,0.0,1.0
11_2406_rta_11_240911113911_4166---AscoliPPROTOCOLLOoperativo_2019_2021.txt,0.0,0.0,0.0,0.0,0.0,0.0,0.0,0.0,0.0,0.0,1,0,0,0,0,0,0,0.0,1.0
09_LIVORNO Protocollo_ RETE ANTIVIOLENZA_ LIVORNO.txt,0.0,0.0,0.0,0.0,0.0,0.0,0.0,0.0,0.0,0.0,1,0,0,0,0,0,0,0.0,1.0
13_2406_rta_13_241122105540_4166---protocollodirete_vastodonnattiva.txt,0.0,0.0,0.0,0.0,0.0,0.0,0.0,0.0,0.0,0.0,1,1,1,0,0,0,0,0.0,3.0
03_2406_rta_03_240918153240_4166---Protocollod'intesaperl'IstituzionediunSistemaTerritorialeAntiviolenzainReteconAddendumSindacati.txt,0.0,0.0,0.0,0.0,0.0,0.0,0.0,0.0,0.0,0.0,1,1,1,0,0,0,0,0.0,3.0
12_2406_rta_12_240926133706_4166---STAR.txt,0.0,0.0,0.0,0.0,0.0,0.0,0.0,0.0,0.0,0.0,1,0,0,0,0,0,0,0.0,1.0
08_2406_rta_08_241015092049_4166---PROTOCOLLOD.G.C.FAENZA304-2009.txt,0.0,0.0,0.0,0.0,0.0,0.0,0.0,0.0,0.0,0.0,1,1,0,0,0,0,0,0.0,2.0
08_2406_rta_08_241015092049_4166---PROTOCOLLOD.G.C.FAENZA304-2009.txt,0.0,0.0,0.0,0.0,0.0,0.0,0.0,0.0,0.0,0.0,1,1,0,0,0,0,0,0.0,2.0
08_2406_rta_08_241015092049_4166---PROTOCOLLOD.G.C.FAENZA304-2009.txt,0.0,0.0,0.0,0.0,0.0,0.0,0.0,0.0,0.0,0.0,1,1,0,0,0,0,0,0.0,2.0
08_2406_rta_08_241015092049_4166---PROTOCOLLOD.G.C.FAENZA304-2009.txt,0.0,0.0,0.0,0.0,0.0,0.0,0.0,0.0,0.0,0.0,1,1,1,0,0,0,0,0.0,3.0
08_2406_rta_08_241015092049_4166---PROTOCOLLOD.G.C.FAENZA304-2009.txt,0.0,0.0,0.0,0.0,0.0,0.0,0.0,0.0,0.0,0.0,1,1,0,0,0,0,0,0.0,2.0
08_2406_rta_08_241015092049_4166---PROTOCOLLOD.G.C.FAENZA304-2009.txt,0.0,0.0,0.0,0.0,0.0,0.0,0.0,0.0,0.0,0.0,1,1,0,0,0,0,0,0.0,2.0
12_2406_rta_12_241004113215_4166---Protocollod'intesaP.L.Cerveteri-BeFree.txt,0.0,0.0,0.0,0.0,0.0,0.0,0.0,0.0,0.0,0.0,1,1,0,0,0,0,0,0.0,2.0
01_2406_rta_01_241003113501_4166---CCVD1deliberaprotocolloccvd-2024eall1prot.txt,0.0,0.0,0.0,0.0,0.0,0.0,0.0,0.0,0.0,0.0,1,0,0,0,0,0,0,0.0,1.0
03_2406_rta_03_240923105244_4166---ProtocolloViolenzaMilanoFirme2023.txt,0.0,0.0,0.0,0.0,0.0,0.0,0.0,0.0,0.0,0.0,1,0,0,0,0,0,0,0.0,1.0
05_2406_rta_05_240918144304_4166---Protocollo_ULSS2-DistrettoTreviso.txt,0.0,0.0,0.0,0.0,0.0,0.0,0.0,0.0,0.0,0.0,1,0,0,0,0,0,0,0.0,1.0
05_2406_rta_05_240917141534_4166---protocollodiretefirmato.txt,0.0,0.0,0.0,0.0,0.0,0.0,0.0,0.0,0.0,0.0,1,0,0,0,0,0,0,0.0,1.0
05_2406_rta_05_240916173648_4166---ULSS5Polesana_Protocollodirete.txt,0.0,0.0,0.0,0.0,0.0,0.0,0.0,0.0,0.0,0.0,1,0,0,0,0,0,0,0.0,1.0
03_2406_rta_03_240923163715_4166---PROTOCOLLOD'INTESA2017_2020.txt,0.0,0.0,0.0,0.0,0.0,0.0,0.0,0.0,0.0,0.0,1,0,0,0,0,0,0,0.0,1.0
11_2406_rta_11_240911113911_4166---AscoliPPROTOCOLLOoperativo_2019_2021.txt,0.0,0.0,0.0,0.0,0.0,0.0,0.0,0.0,0.0,0.0,1,0,0,0,0,0,0,0.0,1.0
16_bari_protollo di intesa Putignano_rete antiviolenza.txt,0.0,0.0,0.0,0.0,0.0,0.0,0.0,0.0,0.0,0.0,1,1,0,0,0,0,0,0.0,2.0
11_2406_rta_11_240911113105_4166---PROTOCOLLO_OPERATIVO2024_CONINDIRIZZARIO_FIRMATO.txt,0.0,0.0,0.0,0.0,0.0,0.0,0.0,0.0,0.0,0.0,1,1,0,0,0,0,0,0.0,2.0
03_2406_rta_03_240923103647_4166---protocolloreteantiviolenzacinisello2019(1).txt,0.0,0.0,0.0,0.0,0.0,0.0,0.0,0.0,0.0,0.0,1,0,0,0,0,0,0,0.0,1.0
16_lecce_Protocollo Operativo - Procedure integrate per la prevenzione e il contrasto alla violenza contro donne e minori - Copia_Marcato.txt,0.0,0.0,0.0,0.0,0.0,0.0,0.0,0.0,0.0,0.0,1,0,1,0,0,0,0,0.0,2.0
05_2406_rta_05_240916135305_4166---protocolloulss4.txt,0.0,0.0,0.0,0.0,0.0,0.0,0.0,0.0,0.0,0.0,1,1,0,0,0,0,0,0.0,2.0
03_2406_rta_03_240926114940_4166---ProtocollodiintesaeAllegatoTecnico_SOTTOSCRITTO.txt,0.0,0.0,0.0,0.0,0.0,0.0,0.0,0.0,0.0,0.0,1,1,1,0,0,0,0,0.0,3.0
13_2406_rta_13_241122115416_4166---PROTOCOLLOPESCARA.txt,0.0,0.0,0.0,0.0,0.0,0.0,0.0,0.0,0.0,0.0,1,1,1,0,0,0,0,0.0,3.0
08_2406_rta_08_241015092024_4166---Protocollooperativo.txt,0.0,0.0,0.0,0.0,0.0,0.0,0.0,0.0,0.0,0.0,1,0,0,0,0,0,0,0.0,1.0
12_2406_rta_12_241001130527_4166---protocollocontrolaviolenzadigenere.pdfpdf.txt,0.0,0.0,0.0,0.0,0.0,0.0,0.0,0.0,0.0,0.0,1,0,0,0,0,0,0,0.0,1.0
"03_2406_rta_03_240923164603_4166---ProtocolloreteantiviolenzaBusto,Gallarate,Saronno,SommaLombardo-2024.txt",0.0,0.0,0.0,0.0,0.0,0.0,0.0,0.0,0.0,0.0,1,0,0,0,0,0,0,0.0,1.0
11_2406_rta_11_240911113034_4166---protocollodireteantiviolenza2020-2022-uuvv.txt,0.0,0.0,0.0,0.0,0.0,0.0,0.0,0.0,0.0,0.0,1,0,0,0,0,0,0,0.0,1.0
05_2406_rta_05_240916173648_4166---ULSS5Polesana_Protocollodirete.txt,0.0,0.0,0.0,0.0,0.0,0.0,0.0,0.0,0.0,0.0,1,0,0,0,0,0,0,0.0,1.0
08_2406_rta_08_241015092024_4166---Protocollooperativo.txt,0.0,0.0,0.0,0.0,0.0,0.0,0.0,0.0,0.0,0.0,1,0,0,0,0,0,0,0.0,1.0
18_2406_rta_18_240926102419_4166---protocollodiintesaterritorialeunito.txt,0.0,0.0,0.0,0.0,0.0,0.0,0.0,0.0,0.0,0.0,1,0,0,0,0,0,0,0.0,1.0
08_2406_rta_08_241015092024_4166---Protocollooperativo.txt,0.0,0.0,0.0,0.0,0.0,0.0,0.0,0.0,0.0,0.0,1,0,0,0,0,0,0,0.0,1.0
18_2406_rta_18_240926102419_4166---protocollodiintesaterritorialeunito.txt,0.0,0.0,0.0,0.0,0.0,0.0,0.0,0.0,0.0,0.0,1,0,0,0,0,0,0,0.0,1.0
18_2406_rta_18_240926102419_4166---protocollodiintesaterritorialeunito.txt,0.0,0.0,0.0,0.0,0.0,0.0,0.0,0.0,0.0,0.0,1,0,0,0,0,0,0,0.0,1.0
18_2406_rta_18_240926102419_4166---protocollodiintesaterritorialeunito.txt,0.0,0.0,0.0,0.0,0.0,0.0,0.0,0.0,0.0,0.0,1,0,0,0,0,0,0,0.0,1.0
18_2406_rta_18_240926102419_4166---protocollodiintesaterritorialeunito.txt,0.0,0.0,0.0,0.0,0.0,0.0,0.0,0.0,0.0,0.0,1,0,0,0,0,0,0,0.0,1.0
09_ALTA VALDELSA Protocollo-violenza-valdelsa-2022_ALTA VALDELSA.txt,0.0,0.0,0.0,0.0,0.0,0.0,0.0,0.0,0.0,0.0,1,0,1,0,0,0,0,0.0,2.0
09_ALTA VALDELSA Protocollo-violenza-valdelsa-2022_ALTA VALDELSA.txt,0.0,0.0,0.0,0.0,0.0,0.0,0.0,0.0,0.0,0.0,1,0,0,0,0,0,0,0.0,1.0
09_ALTA VALDELSA Protocollo-violenza-valdelsa-2022_ALTA VALDELSA.txt,0.0,0.0,0.0,0.0,0.0,0.0,0.0,0.0,0.0,0.0,1,0,1,0,0,0,0,0.0,2.0
09_ALTA VALDELSA Protocollo-violenza-valdelsa-2022_ALTA VALDELSA.txt,0.0,0.0,0.0,0.0,0.0,0.0,0.0,0.0,0.0,0.0,1,0,1,0,0,0,0,0.0,2.0
09_ALTA VALDELSA Protocollo-violenza-valdelsa-2022_ALTA VALDELSA.txt,0.0,0.0,0.0,0.0,0.0,0.0,0.0,0.0,0.0,0.0,1,0,1,0,0,0,0,0.0,2.0
01_2406_rta_01_241003113501_4166---CCVD1deliberaprotocolloccvd-2024eall1prot.txt,0.0,0.0,0.0,0.0,0.0,0.0,0.0,0.0,0.0,0.0,1,0,0,0,0,0,0,0.0,1.0
12_2406_rta_12_241003111748_4166---ACCORDOMUNICIPIOROMAVeDIPPARIOPPROMACAPITALE_DD.txt,0.0,0.0,0.0,0.0,0.0,0.0,0.0,0.0,0.0,0.0,1,1,0,0,0,0,0,0.0,2.0
12_2406_rta_12_240927093424_4166---ProtVMunMerlin.txt,0.0,0.0,0.0,0.0,0.0,0.0,0.0,0.0,0.0,0.0,1,1,0,0,0,1,1,0.0,4.0
09_ALTA VALDELSA Protocollo-violenza-valdelsa-2022_ALTA VALDELSA.txt,0.0,0.0,0.0,0.0,0.0,0.0,0.0,0.0,0.0,0.0,1,0,0,0,0,0,0,0.0,1.0
08_2406_rta_08_241015091310_4166---Accordo_Contrasto_alla_violenza_CittMtrBO.txt,0.0,0.0,0.0,0.0,0.0,0.0,0.0,0.0,0.0,0.0,0,0,0,1,0,0,1,0.0,2.0
08_2406_rta_08_241015091310_4166---Accordo_Contrasto_alla_violenza_CittMtrBO.txt,0.0,0.0,0.0,0.0,0.0,0.0,0.0,0.0,0.0,0.0,1,0,0,0,0,0,0,0.0,1.0
03_2406_rta_03_240923105244_4166---ProtocolloViolenzaMilanoFirme2023.txt,0.0,0.0,0.0,0.0,0.0,0.0,0.0,0.0,0.0,0.0,1,0,0,0,0,0,0,0.0,1.0
05_2406_rta_05_240919122126_4166---PROTOCOLLOULSS8BERICA.txt,0.0,0.0,0.0,0.0,0.0,0.0,0.0,0.0,0.0,0.0,0,0,0,0,0,0,0,0.0,0.0
03_2406_rta_03_240925144919_4166---RETEDICOMO-PROTOCOLLOINTERIST.17novembre2023(1).txt,0.0,0.0,0.0,0.0,0.0,0.0,0.0,0.0,0.0,0.0,1,1,0,0,0,0,0,0.0,2.0
01_2406_rta_01_240909110828_4166---PROTOCOLLOHELP.txt,0.0,0.0,0.0,0.0,0.0,0.0,0.0,0.0,0.0,0.0,1,1,0,0,0,0,0,0.0,2.0
01_2406_rta_01_241003124847_4166---2024-8928-2perinvio.txt,0.0,0.0,0.0,0.0,0.0,0.0,0.0,0.0,0.0,0.0,1,1,0,0,0,0,0,0.0,2.0
03_2406_rta_03_240918153252_4166---Protocollo+Appendice+LineeGuida_Datatodafirmare.txt,0.0,0.0,0.0,0.0,0.0,0.0,0.0,0.0,0.0,0.0,1,1,0,0,0,0,0,0.0,2.0
01_2406_rta_01_241003124847_4166---2024-8928-2perinvio.txt,0.0,0.0,0.0,0.0,0.0,0.0,0.0,0.0,0.0,0.0,1,1,0,0,0,0,0,0.0,2.0
01_2406_rta_01_241003124847_4166---2024-8928-2perinvio.txt,0.0,0.0,0.0,0.0,0.0,0.0,0.0,0.0,0.0,0.0,1,1,0,0,0,0,0,0.0,2.0
03_2406_rta_03_240925144919_4166---RETEDICOMO-PROTOCOLLOINTERIST.17novembre2023(1).txt,0.0,0.0,0.0,0.0,0.0,0.0,0.0,0.0,0.0,0.0,1,1,0,0,0,0,0,0.0,2.0
08_2406_rta_08_241015091310_4166---Accordo_Contrasto_alla_violenza_CittMtrBO.txt,0.0,0.0,0.0,0.0,0.0,0.0,0.0,0.0,0.0,0.0,1,0,0,0,0,0,0,0.0,1.0
01_2406_rta_01_241003124847_4166---2024-8928-2perinvio.txt,0.0,0.0,0.0,0.0,0.0,0.0,0.0,0.0,0.0,0.0,1,1,0,0,0,0,0,0.0,2.0
01_2406_rta_01_241002150739_4166---DeliberaCostituzioneOsservatorioSaluteDonne.txt,0.0,0.0,0.0,0.0,0.0,0.0,0.0,0.0,0.0,0.0,1,0,0,0,0,0,0,0.0,1.0
01_2406_rta_01_241002150739_4166---DeliberaCostituzioneOsservatorioSaluteDonne.txt,0.0,0.0,0.0,0.0,0.0,0.0,0.0,0.0,0.0,0.0,1,0,0,0,1,0,1,0.0,3.0
01_2406_rta_01_241003113501_4166---CCVD1deliberaprotocolloccvd-2024eall1prot.txt,0.0,0.0,0.0,0.0,0.0,0.0,0.0,0.0,0.0,0.0,1,1,1,0,0,0,0,0.0,3.0
05_2406_rta_05_240918153458_4166---protocolloprovPadova.txt,0.0,0.0,0.0,0.0,0.0,0.0,0.0,0.0,0.0,0.0,0,0,0,0,0,0,0,0.0,0.0
01_2406_rta_01_241003113501_4166---CCVD1deliberaprotocolloccvd-2024eall1prot.txt,0.0,0.0,0.0,0.0,0.0,0.0,0.0,0.0,0.0,0.0,1,0,0,0,0,0,0,0.0,1.0
09_FIRENZE Linee-di-indirizzo2024.txt,0.0,0.0,0.0,0.0,0.0,0.0,0.0,0.0,0.0,0.0,1,0,0,0,0,0,0,0.0,1.0
09_FIRENZE Linee-di-indirizzo2024.txt,0.0,0.0,0.0,0.0,0.0,0.0,0.0,0.0,0.0,0.0,1,0,0,0,0,0,0,0.0,1.0
09_FIRENZE Linee-di-indirizzo2024.txt,0.0,0.0,0.0,0.0,0.0,0.0,0.0,0.0,0.0,0.0,1,0,0,0,0,0,0,0.0,1.0
08_2406_rta_08_241015091655_4166---Aggiornamentointegrazioneprotocollooperativoapprovatonelgiugno2008.txt,0.0,0.0,0.0,0.0,0.0,0.0,0.0,0.0,0.0,0.0,1,0,0,0,0,0,0,0.0,1.0
12_2406_rta_12_240926133706_4166---STAR.txt,0.0,0.0,0.0,0.0,0.0,0.0,0.0,0.0,0.0,0.0,1,0,0,0,0,0,0,0.0,1.0
16_bat_convenzione CAV - ASL BT.txt,0.0,0.0,0.0,0.0,0.0,0.0,0.0,0.0,0.0,0.0,1,0,0,0,0,0,0,0.0,1.0
09_FIRENZE Linee-di-indirizzo2024.txt,0.0,0.0,0.0,0.0,0.0,0.0,0.0,0.0,0.0,0.0,1,0,0,0,0,1,1,0.0,3.0
12_2406_rta_12_241003105855_4166---ProtocollodiintesafirmatoASL1.txt,0.0,0.0,0.0,0.0,0.0,0.0,0.0,0.0,0.0,0.0,0,0,0,0,0,0,0,0.0,0.0
09_ALTA VALDELSA Protocollo-violenza-valdelsa-2022_ALTA VALDELSA.txt,0.0,0.0,0.0,0.0,0.0,0.0,0.0,0.0,0.0,0.0,1,0,0,0,0,0,0,0.0,1.0
03_2406_rta_03_240926114940_4166---ProtocollodiintesaeAllegatoTecnico_SOTTOSCRITTO.txt,0.0,0.0,0.0,0.0,0.0,0.0,0.0,0.0,0.0,0.0,1,1,1,0,0,0,0,0.0,3.0
05_2406_rta_05_240919114041_4166---protocollounicorevisionato2024.txt,0.0,0.0,0.0,0.0,0.0,0.0,0.0,0.0,0.0,0.0,1,0,0,0,0,0,0,0.0,1.0
08_2406_rta_08_241015092024_4166---Protocollooperativo.txt,0.0,0.0,0.0,0.0,0.0,0.0,0.0,0.0,0.0,0.0,1,0,0,0,0,0,0,0.0,1.0
08_2406_rta_08_241015092024_4166---Protocollooperativo.txt,0.0,0.0,0.0,0.0,0.0,0.0,0.0,0.0,0.0,0.0,1,0,0,0,0,0,0,0.0,1.0
08_2406_rta_08_241015092024_4166---Protocollooperativo.txt,0.0,0.0,0.0,0.0,0.0,0.0,0.0,0.0,0.0,0.0,1,0,0,0,0,0,0,0.0,1.0
18_2406_rta_18_240926102419_4166---protocollodiintesaterritorialeunito.txt,0.0,0.0,0.0,0.0,0.0,0.0,0.0,0.0,0.0,0.0,1,0,0,0,0,0,0,0.0,1.0
08_2406_rta_08_241015092024_4166---Protocollooperativo.txt,0.0,0.0,0.0,0.0,0.0,0.0,0.0,0.0,0.0,0.0,1,0,0,0,0,0,0,0.0,1.0
18_2406_rta_18_240926102419_4166---protocollodiintesaterritorialeunito.txt,0.0,0.0,0.0,0.0,0.0,0.0,0.0,0.0,0.0,0.0,1,0,0,0,0,0,0,0.0,1.0
18_2406_rta_18_240926102419_4166---protocollodiintesaterritorialeunito.txt,0.0,0.0,0.0,0.0,0.0,0.0,0.0,0.0,0.0,0.0,1,0,0,0,0,0,0,0.0,1.0
08_2406_rta_08_241015092024_4166---Protocollooperativo.txt,0.0,0.0,0.0,0.0,0.0,0.0,0.0,0.0,0.0,0.0,1,0,0,0,0,0,0,0.0,1.0
08_2406_rta_08_241015092024_4166---Protocollooperativo.txt,0.0,0.0,0.0,0.0,0.0,0.0,0.0,0.0,0.0,0.0,1,0,0,0,0,0,0,0.0,1.0
18_2406_rta_18_240926102419_4166---protocollodiintesaterritorialeunito.txt,0.0,0.0,0.0,0.0,0.0,0.0,0.0,0.0,0.0,0.0,1,0,0,0,0,0,0,0.0,1.0
08_2406_rta_08_241015092024_4166---Protocollooperativo.txt,0.0,0.0,0.0,0.0,0.0,0.0,0.0,0.0,0.0,0.0,1,0,0,0,0,0,0,0.0,1.0
08_2406_rta_08_241015092024_4166---Protocollooperativo.txt,0.0,0.0,0.0,0.0,0.0,0.0,0.0,0.0,0.0,0.0,1,0,0,0,0,0,0,0.0,1.0
08_2406_rta_08_241015092024_4166---Protocollooperativo.txt,0.0,0.0,0.0,0.0,0.0,0.0,0.0,0.0,0.0,0.0,1,0,0,0,0,0,0,0.0,1.0
18_2406_rta_18_240926102419_4166---protocollodiintesaterritorialeunito.txt,0.0,0.0,0.0,0.0,0.0,0.0,0.0,0.0,0.0,0.0,1,0,0,0,0,0,0,0.0,1.0
13_2406_rta_13_241122102615_4166---PROTOCOLLOD_INTESACOMUNEAQ_donatellatelliniCAV2023.txt,0.0,0.0,0.0,0.0,0.0,0.0,0.0,0.0,0.0,0.0,1,0,0,0,0,0,0,0.0,1.0
01_2406_rta_01_240904121349_4166---convenzione.txt,0.0,0.0,0.0,0.0,0.0,0.0,0.0,0.0,0.0,0.0,1,0,0,0,0,0,0,0.0,1.0
07_2406_rta_07_240916163905_4166---PROTOCOLLOFIRMATO(002).txt,0.0,0.0,0.0,0.0,0.0,0.0,0.0,0.0,0.0,0.0,1,0,0,0,0,0,0,0.0,1.0
05_2406_rta_05_240918144304_4166---Protocollo_ULSS2-DistrettoTreviso.txt,0.0,0.0,0.0,0.0,0.0,0.0,0.0,0.0,0.0,0.0,1,0,0,0,0,0,0,0.0,1.0
05_2406_rta_05_240917141534_4166---protocollodiretefirmato.txt,0.0,0.0,0.0,0.0,0.0,0.0,0.0,0.0,0.0,0.0,1,0,0,0,0,0,0,0.0,1.0
05_2406_rta_05_240917141534_4166---protocollodiretefirmato.txt,0.0,0.0,0.0,0.0,0.0,0.0,0.0,0.0,0.0,0.0,1,0,0,0,0,0,0,0.0,1.0
05_2406_rta_05_240919124736_4166---Protocollo_per_contrasto_alla_violenza_di_genere.stamped.txt,0.0,0.0,0.0,0.0,0.0,0.0,0.0,0.0,0.0,0.0,1,0,0,0,0,0,0,0.0,1.0
16_bari_protocollo operativo Gioia del Colle_EMI.txt,0.0,0.0,0.0,0.0,0.0,0.0,0.0,0.0,0.0,0.0,1,0,0,0,0,0,0,0.0,1.0
03_2406_rta_03_240918153156_4166---Protocollo_d'Intesa_Rete_Mantova.prot.txt,0.0,0.0,0.0,0.0,0.0,0.0,0.0,0.0,0.0,0.0,1,0,0,0,0,0,0,0.0,1.0
13_2406_rta_13_241122105938_4166---ACCORDOOPERATIVO.txt,0.0,0.0,0.0,0.0,0.0,0.0,0.0,0.0,0.0,0.0,1,0,0,0,0,0,0,0.0,1.0
09_APUANE_2015 Protocollo Prefettura.txt,0.0,0.0,0.0,0.0,0.0,0.0,0.0,0.0,0.0,0.0,1,0,0,0,0,0,0,0.0,1.0
05_2406_rta_05_240916135305_4166---protocolloulss4.txt,0.0,0.0,0.0,0.0,0.0,0.0,0.0,0.0,0.0,0.0,1,1,0,0,0,0,0,0.0,2.0
16_bari_protocollo operativo Putignano_EMI.txt,0.0,0.0,0.0,0.0,0.0,0.0,0.0,0.0,0.0,0.0,1,1,0,0,0,0,0,0.0,2.0
16_bari_protocollo operativo Putignano_EMI.txt,0.0,0.0,0.0,0.0,0.0,0.0,0.0,0.0,0.0,0.0,1,1,0,0,0,0,0,0.0,2.0
16_bari_protocollo operativo Putignano_EMI.txt,0.0,0.0,0.0,0.0,0.0,0.0,0.0,0.0,0.0,0.0,1,1,0,0,0,0,0,0.0,2.0
16_bari_protocollo operativo Mola di Bari_rete Antiviolenza.txt,0.0,0.0,0.0,0.0,0.0,0.0,0.0,0.0,0.0,0.0,1,0,0,0,0,0,0,0.0,1.0
16_bari_protocollo operativo Putignano_EMI.txt,0.0,0.0,0.0,0.0,0.0,0.0,0.0,0.0,0.0,0.0,1,1,0,0,0,0,0,0.0,2.0
16_bari_protocollo operativo Mola di Bari_rete Antiviolenza.txt,0.0,0.0,0.0,0.0,0.0,0.0,0.0,0.0,0.0,0.0,1,0,0,0,0,0,0,0.0,1.0
16_bari_protocollo operativo Putignano_EMI.txt,0.0,0.0,0.0,0.0,0.0,0.0,0.0,0.0,0.0,0.0,1,1,0,0,0,0,0,0.0,2.0
16_bari_protocollo operativo Mola di Bari_rete Antiviolenza.txt,0.0,0.0,0.0,0.0,0.0,0.0,0.0,0.0,0.0,0.0,1,0,0,0,0,0,0,0.0,1.0
08_2406_rta_08_241015092024_4166---Protocollooperativo.txt,0.0,0.0,0.0,0.0,0.0,0.0,0.0,0.0,0.0,0.0,1,0,0,0,0,0,0,0.0,1.0
13_2406_rta_13_241122105938_4166---ACCORDOOPERATIVO.txt,0.0,0.0,0.0,0.0,0.0,0.0,0.0,0.0,0.0,0.0,0,0,0,0,0,0,0,0.0,0.0
13_2406_rta_13_241122105938_4166---ACCORDOOPERATIVO.txt,0.0,0.0,0.0,0.0,0.0,0.0,0.0,0.0,0.0,0.0,0,0,0,0,0,0,0,0.0,0.0
08_2406_rta_08_241015091430_4166---Protocollo_Distrettuale_Contrasto_violenza_Donne2023.stamped.txt,0.0,0.0,0.0,0.0,0.0,0.0,0.0,0.0,0.0,0.0,1,0,0,0,0,0,0,0.0,1.0
"03_2406_rta_03_240923164603_4166---ProtocolloreteantiviolenzaBusto,Gallarate,Saronno,SommaLombardo-2024.txt",0.0,0.0,0.0,0.0,0.0,0.0,0.0,0.0,0.0,0.0,1,0,0,1,0,0,1,0.0,3.0
08_2406_rta_08_241015091553_4166---Protocollosullaviolenzadigenere_confirme_prot.txt,0.0,0.0,0.0,0.0,0.0,0.0,0.0,0.0,0.0,0.0,1,0,0,0,0,0,0,0.0,1.0
03_2406_rta_03_240920120751_4166---protocollodiintesa.txt,0.0,0.0,0.0,0.0,0.0,0.0,0.0,0.0,0.0,0.0,1,0,0,0,0,0,0,0.0,1.0
08_2406_rta_08_241015091553_4166---Protocollosullaviolenzadigenere_confirme_prot.txt,0.0,0.0,0.0,0.0,0.0,0.0,0.0,0.0,0.0,0.0,1,0,0,0,0,0,0,0.0,1.0
03_2406_rta_03_240920120751_4166---protocollodiintesa.txt,0.0,0.0,0.0,0.0,0.0,0.0,0.0,0.0,0.0,0.0,1,0,0,0,0,0,0,0.0,1.0
03_2406_rta_03_240918153240_4166---Protocollod'intesaperl'IstituzionediunSistemaTerritorialeAntiviolenzainReteconAddendumSindacati.txt,0.0,0.0,0.0,0.0,0.0,0.0,0.0,0.0,0.0,0.0,1,0,0,0,0,0,0,0.0,1.0
12_2406_rta_12_241004145108_4166---07-ProtocolloCONilComunediVILLASANTOSTEFANO.txt,0.0,0.0,0.0,0.0,0.0,0.0,0.0,0.0,0.0,0.0,1,0,0,0,0,0,0,0.0,1.0
12_2406_rta_12_241004144338_4166---06-ProtocolloComunediVALLECORSA.txt,0.0,0.0,0.0,0.0,0.0,0.0,0.0,0.0,0.0,0.0,1,0,0,0,0,0,0,0.0,1.0
06_2406_rta_06_240916164153_4166---protocolloprefettura.txt,0.0,0.0,0.0,0.0,0.0,0.0,0.0,0.0,0.0,0.0,1,0,0,1,0,0,1,0.0,3.0
06_2406_rta_06_240916164122_4166---prot_n_0119980_2024_Accordo(firmato).txt,0.0,0.0,0.0,0.0,0.0,0.0,0.0,0.0,0.0,0.0,1,1,0,1,0,0,1,0.0,4.0
12_2406_rta_12_241003114931_4166---ProtocollodiintesaDifferenzaDonnaeMunicipio13.txt,0.0,0.0,0.0,0.0,0.0,0.0,0.0,0.0,0.0,0.0,1,0,0,0,0,1,1,0.0,3.0
01_2406_rta_01_240904122512_4166---accordoSFD.txt,0.0,0.0,0.0,0.0,0.0,0.0,0.0,0.0,0.0,0.0,1,1,0,1,0,0,1,0.0,4.0
08_2406_rta_08_241015092049_4166---PROTOCOLLOD.G.C.FAENZA304-2009.txt,0.0,0.0,0.0,0.0,0.0,0.0,0.0,0.0,0.0,0.0,1,0,0,0,0,0,0,0.0,1.0
08_2406_rta_08_241015091748_4166---ProtocolloProvincialeCaserifugio2023.2025.txt,0.0,0.0,0.0,0.0,0.0,0.0,0.0,0.0,0.0,0.0,1,1,0,0,0,0,0,0.0,2.0
08_2406_rta_08_241015091655_4166---Aggiornamentointegrazioneprotocollooperativoapprovatonelgiugno2008.txt,0.0,0.0,0.0,0.0,0.0,0.0,0.0,0.0,0.0,0.0,1,0,0,0,0,0,0,0.0,1.0
12_2406_rta_12_240926133706_4166---STAR.txt,0.0,0.0,0.0,0.0,0.0,0.0,0.0,0.0,0.0,0.0,1,0,0,0,0,0,0,0.0,1.0
13_2406_rta_13_241122102615_4166---PROTOCOLLOD_INTESACOMUNEAQ_donatellatelliniCAV2023.txt,0.0,0.0,0.0,0.0,0.0,0.0,0.0,0.0,0.0,0.0,1,0,0,0,0,0,0,0.0,1.0
12_2406_rta_12_241009125120_4166---6.accordo.txt,0.0,0.0,0.0,0.0,0.0,0.0,0.0,0.0,0.0,0.0,1,0,0,0,0,0,0,0.0,1.0
05_2406_rta_05_240919124736_4166---Protocollo_per_contrasto_alla_violenza_di_genere.stamped.txt,0.0,0.0,0.0,0.0,0.0,0.0,0.0,0.0,0.0,0.0,1,0,0,0,0,0,0,0.0,1.0
06_2406_rta_06_240916164258_4166---Protocolloviolenzadomesticaedigenere_30.09.2019.txt,0.0,0.0,0.0,0.0,0.0,0.0,0.0,0.0,0.0,0.0,1,1,0,0,0,0,0,0.0,2.0
06_2406_rta_06_240916164258_4166---Protocolloviolenzadomesticaedigenere_30.09.2019.txt,0.0,0.0,0.0,0.0,0.0,0.0,0.0,0.0,0.0,0.0,1,1,0,0,0,0,0,0.0,2.0
05_2406_rta_05_240919114041_4166---protocollounicorevisionato2024.txt,0.0,0.0,0.0,0.0,0.0,0.0,0.0,0.0,0.0,0.0,1,1,0,0,0,0,0,0.0,2.0
07_2406_rta_07_240916163905_4166---PROTOCOLLOFIRMATO(002).txt,0.0,0.0,0.0,0.0,0.0,0.0,0.0,0.0,0.0,0.0,1,0,0,0,0,0,0,0.0,1.0
13_2406_rta_13_241122111153_4166---PROTOCOLLOCASTELDISANGROEASL.txt,0.0,0.0,0.0,0.0,0.0,0.0,0.0,0.0,0.0,0.0,0,0,0,0,0,0,0,0.0,0.0
07_2406_rta_07_240916163905_4166---PROTOCOLLOFIRMATO(002).txt,0.0,0.0,0.0,0.0,0.0,0.0,0.0,0.0,0.0,0.0,1,0,0,0,0,0,0,0.0,1.0
05_2406_rta_05_240917141534_4166---protocollodiretefirmato.txt,0.0,0.0,0.0,0.0,0.0,0.0,0.0,0.0,0.0,0.0,1,0,0,0,0,0,0,0.0,1.0
16_bari_protocollo operativo Mola di Bari_rete Antiviolenza.txt,0.0,0.0,0.0,0.0,0.0,0.0,0.0,0.0,0.0,0.0,1,0,0,0,0,0,0,0.0,1.0
06_2406_rta_06_240924164454_4166---protocollo_tempo_sospeso.txt,0.0,0.0,0.0,0.0,0.0,0.0,0.0,0.0,0.0,0.0,1,0,0,0,0,0,0,0.0,1.0
06_2406_rta_06_240924164454_4166---protocollo_tempo_sospeso.txt,0.0,0.0,0.0,0.0,0.0,0.0,0.0,0.0,0.0,0.0,1,0,0,0,0,0,0,0.0,1.0
06_2406_rta_06_240924164454_4166---protocollo_tempo_sospeso.txt,0.0,0.0,0.0,0.0,0.0,0.0,0.0,0.0,0.0,0.0,1,0,0,0,0,0,0,0.0,1.0
01_2406_rta_01_240924140705_4166---LesConvenzionecoprogettazione.txt,0.0,0.0,0.0,0.0,0.0,0.0,0.0,0.0,0.0,0.0,1,0,0,1,1,0,1,0.0,4.0
01_2406_rta_01_241018142716_4166---protocolloreteVC.txt,0.0,0.0,0.0,0.0,0.0,0.0,0.0,0.0,0.0,0.0,1,1,1,0,0,1,1,0.0,5.0
13_2406_rta_13_241122105540_4166---protocollodirete_vastodonnattiva.txt,0.0,0.0,0.0,0.0,0.0,0.0,0.0,0.0,0.0,0.0,1,1,1,0,0,0,0,0.0,3.0
12_2406_rta_12_241004141331_4166---ConvenzioneconilComunediCECCANO.txt,0.0,0.0,0.0,0.0,0.0,0.0,0.0,0.0,0.0,0.0,1,0,0,0,1,0,1,0.0,3.0
06_2406_rta_06_240916164122_4166---prot_n_0119980_2024_Accordo(firmato).txt,0.0,0.0,0.0,0.0,0.0,0.0,0.0,0.0,0.0,0.0,0,0,0,0,0,0,0,0.0,0.0
08_2406_rta_08_241015091655_4166---Aggiornamentointegrazioneprotocollooperativoapprovatonelgiugno2008.txt,0.0,0.0,0.0,0.0,0.0,0.0,0.0,0.0,0.0,0.0,1,0,0,0,0,0,0,0.0,1.0
16_2406_rta_16_250409174252_4166---Protocollo_Intesa_LARA.txt,0.0,0.0,0.0,0.0,0.0,0.0,0.0,0.0,0.0,0.0,1,1,0,0,0,0,0,0.0,2.0
09_ALTA VALDELSA Protocollo-violenza-valdelsa-2022_ALTA VALDELSA.txt,0.0,0.0,0.0,0.0,0.0,0.0,0.0,0.0,0.0,0.0,1,0,0,0,0,0,0,0.0,1.0
05_2406_rta_05_240916173648_4166---ULSS5Polesana_Protocollodirete.txt,0.0,0.0,0.0,0.0,0.0,0.0,0.0,0.0,0.0,0.0,1,0,0,0,0,0,0,0.0,1.0
12_2406_rta_12_240926134140_4166---Protocollointesa.txt,0.0,0.0,0.0,0.0,0.0,0.0,0.0,0.0,0.0,0.0,0,0,0,0,0,0,0,0.0,0.0
01_2406_rta_01_240904150044_4166---Protocollocav-irene2022-2025.txt,0.0,0.0,0.0,0.0,0.0,0.0,0.0,0.0,0.0,0.0,0,0,0,0,0,0,0,0.0,0.0
03_2406_rta_03_240923103647_4166---protocolloreteantiviolenzacinisello2019(1).txt,0.0,0.0,0.0,0.0,0.0,0.0,0.0,0.0,0.0,0.0,1,0,0,0,0,0,0,0.0,1.0
05_2406_rta_05_240919122126_4166---PROTOCOLLOULSS8BERICA.txt,0.0,0.0,0.0,0.0,0.0,0.0,0.0,0.0,0.0,0.0,1,1,1,0,0,0,0,0.0,3.0
03_2406_rta_03_240923171949_4166---PROTOCOLLOD'INTESARETETERRITORIALEANTIVIOLENZAVALLETROMPIA2024.txt,0.0,0.0,0.0,0.0,0.0,0.0,0.0,0.0,0.0,0.0,1,1,0,0,0,0,0,0.0,2.0
16_bari_protocollo operativo Grumo_EMI.txt,0.0,0.0,0.0,0.0,0.0,0.0,0.0,0.0,0.0,0.0,0,0,0,0,0,0,0,0.0,0.0
01_2406_rta_01_240904120005_4166---protocollo.txt,0.0,0.0,0.0,0.0,0.0,0.0,0.0,0.0,0.0,0.0,0,0,0,0,0,0,0,0.0,0.0
01_2406_rta_01_240904120005_4166---protocollo.txt,0.0,0.0,0.0,0.0,0.0,0.0,0.0,0.0,0.0,0.0,1,1,0,0,0,0,0,0.0,2.0
08_2406_rta_08_241015091832_4166---P.G.111546-2023PROTOCOLLOOPERATIVOFENOMENOVIOLENZADONNE(1).txt,0.0,0.0,0.0,0.0,0.0,0.0,0.0,0.0,0.0,0.0,1,1,0,0,0,0,0,0.0,2.0
11_2406_rta_11_240911113757_4166---All.4ProtocolloReteAntiviolenzasottoscritto18.12.2023.txt,0.0,0.0,0.0,0.0,0.0,0.0,0.0,0.0,0.0,0.0,0,1,0,0,0,0,0,0.0,1.0
11_2406_rta_11_240911113757_4166---All.4ProtocolloReteAntiviolenzasottoscritto18.12.2023.txt,0.0,0.0,0.0,0.0,0.0,0.0,0.0,0.0,0.0,0.0,0,0,0,0,0,0,0,0.0,0.0
08_2406_rta_08_241015091621_4166---PROTOCOLLO_22.txt,0.0,0.0,0.0,0.0,0.0,0.0,0.0,0.0,0.0,0.0,1,0,0,0,0,0,0,0.0,1.0
08_2406_rta_08_241015091553_4166---Protocollosullaviolenzadigenere_confirme_prot.txt,0.0,0.0,0.0,0.0,0.0,0.0,0.0,0.0,0.0,0.0,1,0,0,0,0,0,0,0.0,1.0
01_2406_rta_01_240904120005_4166---protocollo.txt,0.0,0.0,0.0,0.0,0.0,0.0,0.0,0.0,0.0,0.0,0,0,0,0,0,0,0,0.0,0.0
06_2406_rta_06_240916164153_4166---protocolloprefettura.txt,0.0,0.0,0.0,0.0,0.0,0.0,0.0,0.0,0.0,0.0,1,0,0,0,0,0,0,0.0,1.0
11_2406_rta_11_240911113757_4166---All.4ProtocolloReteAntiviolenzasottoscritto18.12.2023.txt,0.0,0.0,0.0,0.0,0.0,0.0,0.0,0.0,0.0,0.0,0,1,0,0,0,0,0,0.0,1.0
11_2406_rta_11_240911113757_4166---All.4ProtocolloReteAntiviolenzasottoscritto18.12.2023.txt,0.0,0.0,0.0,0.0,0.0,0.0,0.0,0.0,0.0,0.0,0,1,0,0,0,0,0,0.0,1.0
11_2406_rta_11_240911113757_4166---All.4ProtocolloReteAntiviolenzasottoscritto18.12.2023.txt,0.0,0.0,0.0,0.0,0.0,0.0,0.0,0.0,0.0,0.0,0,1,0,0,0,0,0,0.0,1.0
11_2406_rta_11_240911113757_4166---All.4ProtocolloReteAntiviolenzasottoscritto18.12.2023.txt,0.0,0.0,0.0,0.0,0.0,0.0,0.0,0.0,0.0,0.0,0,1,0,0,0,0,0,0.0,1.0
12_2406_rta_12_241003094302_4166---4VerbaleIncontroGiorgieLaGinestra-PROTOCOLLO.txt,0.0,0.0,0.0,0.0,0.0,0.0,0.0,0.0,0.0,0.0,1,0,0,0,0,0,0,0.0,1.0
11_2406_rta_11_240911113757_4166---All.4ProtocolloReteAntiviolenzasottoscritto18.12.2023.txt,0.0,0.0,0.0,0.0,0.0,0.0,0.0,0.0,0.0,0.0,0,1,0,0,0,0,0,0.0,1.0
11_2406_rta_11_240911113757_4166---All.4ProtocolloReteAntiviolenzasottoscritto18.12.2023.txt,0.0,0.0,0.0,0.0,0.0,0.0,0.0,0.0,0.0,0.0,0,1,0,0,0,0,0,0.0,1.0
11_2406_rta_11_240911113757_4166---All.4ProtocolloReteAntiviolenzasottoscritto18.12.2023.txt,0.0,0.0,0.0,0.0,0.0,0.0,0.0,0.0,0.0,0.0,0,1,0,0,0,0,0,0.0,1.0
11_2406_rta_11_240911113757_4166---All.4ProtocolloReteAntiviolenzasottoscritto18.12.2023.txt,0.0,0.0,0.0,0.0,0.0,0.0,0.0,0.0,0.0,0.0,0,1,0,0,0,0,0,0.0,1.0
11_2406_rta_11_240911113757_4166---All.4ProtocolloReteAntiviolenzasottoscritto18.12.2023.txt,0.0,0.0,0.0,0.0,0.0,0.0,0.0,0.0,0.0,0.0,0,1,0,0,0,0,0,0.0,1.0
11_2406_rta_11_240911113757_4166---All.4ProtocolloReteAntiviolenzasottoscritto18.12.2023.txt,0.0,0.0,0.0,0.0,0.0,0.0,0.0,0.0,0.0,0.0,0,1,0,0,0,0,0,0.0,1.0
11_2406_rta_11_240911113757_4166---All.4ProtocolloReteAntiviolenzasottoscritto18.12.2023.txt,0.0,0.0,0.0,0.0,0.0,0.0,0.0,0.0,0.0,0.0,0,1,0,0,0,0,0,0.0,1.0
11_2406_rta_11_240911113757_4166---All.4ProtocolloReteAntiviolenzasottoscritto18.12.2023.txt,0.0,0.0,0.0,0.0,0.0,0.0,0.0,0.0,0.0,0.0,0,1,0,0,0,0,0,0.0,1.0
12_2406_rta_12_240926113237_4166---Accordocavunuiversitari.txt,0.0,0.0,0.0,0.0,0.0,0.0,0.0,0.0,0.0,0.0,1,0,0,0,0,0,0,0.0,1.0
11_2406_rta_11_240911113757_4166---All.4ProtocolloReteAntiviolenzasottoscritto18.12.2023.txt,0.0,0.0,0.0,0.0,0.0,0.0,0.0,0.0,0.0,0.0,0,1,0,0,0,0,0,0.0,1.0
11_2406_rta_11_240911113757_4166---All.4ProtocolloReteAntiviolenzasottoscritto18.12.2023.txt,0.0,0.0,0.0,0.0,0.0,0.0,0.0,0.0,0.0,0.0,0,0,0,0,0,0,0,0.0,0.0
11_2406_rta_11_240911113757_4166---All.4ProtocolloReteAntiviolenzasottoscritto18.12.2023.txt,0.0,0.0,0.0,0.0,0.0,0.0,0.0,0.0,0.0,0.0,0,1,0,0,0,0,0,0.0,1.0
18_2406_rta_18_240926102317_4166---PROTOCOLLOISTITUTOSUP.NOSTRO-REPACI.txt,0.0,0.0,0.0,0.0,0.0,0.0,0.0,0.0,0.0,0.0,1,1,0,0,0,0,0,0.0,2.0
18_2406_rta_18_240926102814_4166---convenzDemetraIISCostanzoDecollatura2020.txt,0.0,0.0,0.0,0.0,0.0,0.0,0.0,0.0,0.0,0.0,1,1,0,0,0,0,0,0.0,2.0
03_2406_rta_03_240923171949_4166---PROTOCOLLOD'INTESARETETERRITORIALEANTIVIOLENZAVALLETROMPIA2024.txt,0.0,0.0,0.0,0.0,0.0,0.0,0.0,0.0,0.0,0.0,1,1,0,0,0,0,0,0.0,2.0
03_2406_rta_03_240923171949_4166---PROTOCOLLOD'INTESARETETERRITORIALEANTIVIOLENZAVALLETROMPIA2024.txt,0.0,0.0,0.0,0.0,0.0,0.0,0.0,0.0,0.0,0.0,1,1,0,0,0,0,0,0.0,2.0
11_2406_rta_11_240911113757_4166---All.4ProtocolloReteAntiviolenzasottoscritto18.12.2023.txt,0.0,0.0,0.0,0.0,0.0,0.0,0.0,0.0,0.0,0.0,0,1,0,0,0,0,0,0.0,1.0
12_2406_rta_12_240926124601_4166---ACCORDOtrlepartiITSETLOIeMarielleFranco(1).txt,0.0,0.0,0.0,0.0,0.0,0.0,0.0,0.0,0.0,0.0,1,1,1,0,0,0,0,0.0,3.0
11_2406_rta_11_240911113757_4166---All.4ProtocolloReteAntiviolenzasottoscritto18.12.2023.txt,0.0,0.0,0.0,0.0,0.0,0.0,0.0,0.0,0.0,0.0,0,1,0,0,0,0,0,0.0,1.0
03_2406_rta_03_240923103647_4166---protocolloreteantiviolenzacinisello2019(1).txt,0.0,0.0,0.0,0.0,0.0,0.0,0.0,0.0,0.0,0.0,1,0,0,0,0,0,0,0.0,1.0
12_2406_rta_12_241003112656_4166---AccordodicollaborazioneconsultorieDifferenzaDonna.txt,0.0,0.0,0.0,0.0,0.0,0.0,0.0,0.0,0.0,0.0,1,0,0,0,0,0,0,0.0,1.0
12_2406_rta_12_241004133706_4166---ProtocollodiretePREFETTURAFrosinone(1).txt,0.0,0.0,0.0,0.0,0.0,0.0,0.0,0.0,0.0,0.0,0,0,0,0,0,0,0,0.0,0.0
12_2406_rta_12_241004133706_4166---ProtocollodiretePREFETTURAFrosinone(1).txt,0.0,0.0,0.0,0.0,0.0,0.0,0.0,0.0,0.0,0.0,0,0,0,0,0,0,0,0.0,0.0
06_2406_rta_06_240916164153_4166---protocolloprefettura.txt,0.0,0.0,0.0,0.0,0.0,0.0,0.0,0.0,0.0,0.0,1,0,0,0,0,0,0,0.0,1.0
12_2406_rta_12_241004130514_4166---PROTOCOLLODIINTESAPERLAPROMOZIONEDISTRATEGIECONDIVISESULFENOMENODELLAVIOLENZADIGENERE(1).txt,0.0,0.0,0.0,0.0,0.0,0.0,0.0,0.0,0.0,0.0,0,0,0,0,0,0,0,0.0,0.0
01_2406_rta_01_240904120005_4166---protocollo.txt,0.0,0.0,0.0,0.0,0.0,0.0,0.0,0.0,0.0,0.0,0,0,0,0,0,0,0,0.0,0.0
12_2406_rta_12_241004114912_4166---ProtocolloRetePrantiviolenzaFrosinone.txt,0.0,0.0,0.0,0.0,0.0,0.0,0.0,0.0,0.0,0.0,0,0,0,0,0,0,0,0.0,0.0
13_2406_rta_13_241122103901_4166---Protocollirete_ortonaelancianoCAVdonn.ÿ.txt,0.0,0.0,0.0,0.0,0.0,0.0,0.0,0.0,0.0,0.0,1,1,0,0,0,0,0,0.0,2.0
16_2406_rta_16_250409174252_4166---Protocollo_Intesa_LARA.txt,0.0,0.0,0.0,0.0,0.0,0.0,0.0,0.0,0.0,0.0,1,1,1,0,0,0,0,0.0,3.0
06_2406_rta_06_240916164122_4166---prot_n_0119980_2024_Accordo(firmato).txt,0.0,0.0,0.0,0.0,0.0,0.0,0.0,0.0,0.0,0.0,0,0,0,0,0,0,0,0.0,0.0
03_2406_rta_03_240926144324_4166---Protocollodiintesa.txt,0.0,0.0,0.0,0.0,0.0,0.0,0.0,0.0,0.0,0.0,1,1,0,0,0,0,0,0.0,2.0
03_2406_rta_03_240926144324_4166---Protocollodiintesa.txt,0.0,0.0,0.0,0.0,0.0,0.0,0.0,0.0,0.0,0.0,1,1,0,0,0,0,0,0.0,2.0
05_2406_rta_05_240917141534_4166---protocollodiretefirmato.txt,0.0,0.0,0.0,0.0,0.0,0.0,0.0,0.0,0.0,0.0,1,1,0,0,0,0,0,0.0,2.0
13_2406_rta_13_241122103901_4166---Protocollirete_ortonaelancianoCAVdonn.ÿ.txt,0.0,0.0,0.0,0.0,0.0,0.0,0.0,0.0,0.0,0.0,1,1,0,0,0,0,0,0.0,2.0
13_2406_rta_13_241122103901_4166---Protocollirete_ortonaelancianoCAVdonn.ÿ.txt,0.0,0.0,0.0,0.0,0.0,0.0,0.0,0.0,0.0,0.0,1,1,0,0,0,0,0,0.0,2.0
13_2406_rta_13_241122103901_4166---Protocollirete_ortonaelancianoCAVdonn.ÿ.txt,0.0,0.0,0.0,0.0,0.0,0.0,0.0,0.0,0.0,0.0,1,1,0,0,0,0,0,0.0,2.0
03_2406_rta_03_240926144324_4166---Protocollodiintesa.txt,0.0,0.0,0.0,0.0,0.0,0.0,0.0,0.0,0.0,0.0,1,1,0,0,0,0,0,0.0,2.0
13_2406_rta_13_241122103901_4166---Protocollirete_ortonaelancianoCAVdonn.ÿ.txt,0.0,0.0,0.0,0.0,0.0,0.0,0.0,0.0,0.0,0.0,1,1,0,0,0,0,0,0.0,2.0
11_2406_rta_11_240911113757_4166---All.4ProtocolloReteAntiviolenzasottoscritto18.12.2023.txt,0.0,0.0,0.0,0.0,0.0,0.0,0.0,0.0,0.0,0.0,0,0,0,0,0,0,0,0.0,0.0
11_2406_rta_11_240911113757_4166---All.4ProtocolloReteAntiviolenzasottoscritto18.12.2023.txt,0.0,0.0,0.0,0.0,0.0,0.0,0.0,0.0,0.0,0.0,0,0,0,0,0,0,0,0.0,0.0
11_2406_rta_11_240911113757_4166---All.4ProtocolloReteAntiviolenzasottoscritto18.12.2023.txt,0.0,0.0,0.0,0.0,0.0,0.0,0.0,0.0,0.0,0.0,0,0,0,0,0,0,0,0.0,0.0
03_2406_rta_03_240923165401_4166---PROTOCOLLODIrete2020-2023_rev2confirmescan.txt,0.0,0.0,0.0,0.0,0.0,0.0,0.0,0.0,0.0,0.0,1,0,0,0,0,0,0,0.0,1.0
11_2406_rta_11_240911113757_4166---All.4ProtocolloReteAntiviolenzasottoscritto18.12.2023.txt,0.0,0.0,0.0,0.0,0.0,0.0,0.0,0.0,0.0,0.0,0,0,0,0,0,0,0,0.0,0.0
03_2406_rta_03_240923165401_4166---PROTOCOLLODIrete2020-2023_rev2confirmescan.txt,0.0,0.0,0.0,0.0,0.0,0.0,0.0,0.0,0.0,0.0,1,0,0,0,0,0,0,0.0,1.0
11_2406_rta_11_240911113757_4166---All.4ProtocolloReteAntiviolenzasottoscritto18.12.2023.txt,0.0,0.0,0.0,0.0,0.0,0.0,0.0,0.0,0.0,0.0,0,0,0,0,0,0,0,0.0,0.0
11_2406_rta_11_240911113757_4166---All.4ProtocolloReteAntiviolenzasottoscritto18.12.2023.txt,0.0,0.0,0.0,0.0,0.0,0.0,0.0,0.0,0.0,0.0,0,0,0,0,0,0,0,0.0,0.0
11_2406_rta_11_240911113757_4166---All.4ProtocolloReteAntiviolenzasottoscritto18.12.2023.txt,0.0,0.0,0.0,0.0,0.0,0.0,0.0,0.0,0.0,0.0,0,0,0,0,0,0,0,0.0,0.0
03_2406_rta_03_240923165401_4166---PROTOCOLLODIrete2020-2023_rev2confirmescan.txt,0.0,0.0,0.0,0.0,0.0,0.0,0.0,0.0,0.0,0.0,1,0,0,0,0,0,0,0.0,1.0
18_2406_rta_18_240926102419_4166---protocollodiintesaterritorialeunito.txt,0.0,0.0,0.0,0.0,0.0,0.0,0.0,0.0,0.0,0.0,1,0,0,0,0,0,0,0.0,1.0
12_2406_rta_12_240926113409_4166---AccordoICSPietroVanniFormazionePontedonna.txt,0.0,0.0,0.0,0.0,0.0,0.0,0.0,0.0,0.0,0.0,1,0,0,0,0,0,0,0.0,1.0
13_2406_rta_13_241122103901_4166---Protocollirete_ortonaelancianoCAVdonn.ÿ.txt,0.0,0.0,0.0,0.0,0.0,0.0,0.0,0.0,0.0,0.0,1,1,0,0,0,0,0,0.0,2.0
13_2406_rta_13_241122103901_4166---Protocollirete_ortonaelancianoCAVdonn.ÿ.txt,0.0,0.0,0.0,0.0,0.0,0.0,0.0,0.0,0.0,0.0,1,1,0,0,0,0,0,0.0,2.0
13_2406_rta_13_241122104158_4166---Protocollirete_ortonaelancianoCAVdonn.ÿ.txt,0.0,0.0,0.0,0.0,0.0,0.0,0.0,0.0,0.0,0.0,1,1,0,0,0,0,0,0.0,2.0
13_2406_rta_13_241122103901_4166---Protocollirete_ortonaelancianoCAVdonn.ÿ.txt,0.0,0.0,0.0,0.0,0.0,0.0,0.0,0.0,0.0,0.0,1,1,0,0,0,0,0,0.0,2.0
11_2406_rta_11_240911113757_4166---All.4ProtocolloReteAntiviolenzasottoscritto18.12.2023.txt,0.0,0.0,0.0,0.0,0.0,0.0,0.0,0.0,0.0,0.0,0,1,0,0,0,0,0,0.0,1.0
13_2406_rta_13_241122103901_4166---Protocollirete_ortonaelancianoCAVdonn.ÿ.txt,0.0,0.0,0.0,0.0,0.0,0.0,0.0,0.0,0.0,0.0,1,1,0,0,0,0,0,0.0,2.0
13_2406_rta_13_241122103901_4166---Protocollirete_ortonaelancianoCAVdonn.ÿ.txt,0.0,0.0,0.0,0.0,0.0,0.0,0.0,0.0,0.0,0.0,1,1,0,0,0,0,0,0.0,2.0
13_2406_rta_13_241122103901_4166---Protocollirete_ortonaelancianoCAVdonn.ÿ.txt,0.0,0.0,0.0,0.0,0.0,0.0,0.0,0.0,0.0,0.0,1,1,0,0,0,0,0,0.0,2.0
18_2406_rta_18_240926102814_4166---convenzDemetraIISCostanzoDecollatura2020.txt,0.0,0.0,0.0,0.0,0.0,0.0,0.0,0.0,0.0,0.0,0,0,0,0,0,0,0,0.0,0.0
03_2406_rta_03_240925150245_4166---ProtocolloReteARIAPalazzolo.txt,0.0,0.0,0.0,0.0,0.0,0.0,0.0,0.0,0.0,0.0,1,1,1,0,0,0,0,0.0,3.0
03_2406_rta_03_240925150245_4166---ProtocolloReteARIAPalazzolo.txt,0.0,0.0,0.0,0.0,0.0,0.0,0.0,0.0,0.0,0.0,1,1,1,0,0,0,0,0.0,3.0
12_2406_rta_12_241008104436_4166---18-ConvenzioneconilLiceoScientificoelinguisticoMartinoFileticodiFERENTINO.txt,0.0,0.0,0.0,0.0,0.0,0.0,0.0,0.0,0.0,0.0,1,1,1,0,0,0,0,0.0,3.0
13_2406_rta_13_241122103901_4166---Protocollirete_ortonaelancianoCAVdonn.ÿ.txt,0.0,0.0,0.0,0.0,0.0,0.0,0.0,0.0,0.0,0.0,1,1,0,0,0,0,0,0.0,2.0
12_2406_rta_12_241004090846_4166---3protCAVPAOLALATTESgenitoriperlascuola(1).txt,0.0,0.0,0.0,0.0,0.0,0.0,0.0,0.0,0.0,0.0,1,0,0,0,0,0,0,0.0,1.0
18_2406_rta_18_240926102943_4166---schemaAccordoCollaborazione499ARIEL_signed.txt,0.0,0.0,0.0,0.0,0.0,0.0,0.0,0.0,0.0,0.0,0,0,0,0,0,0,0,0.0,0.0
06_2406_rta_06_240916164153_4166---protocolloprefettura.txt,0.0,0.0,0.0,0.0,0.0,0.0,0.0,0.0,0.0,0.0,1,0,0,0,0,0,0,0.0,1.0
08_2406_rta_08_241015091355_4166---PROTOCOLLO_CONTRO_VIOLENZA_firmato2023.txt,0.0,0.0,0.0,0.0,0.0,0.0,0.0,0.0,0.0,0.0,1,1,0,0,0,0,0,0.0,2.0
03_2406_rta_03_240923165401_4166---PROTOCOLLODIrete2020-2023_rev2confirmescan.txt,0.0,0.0,0.0,0.0,0.0,0.0,0.0,0.0,0.0,0.0,1,0,0,0,0,0,0,0.0,1.0
03_2406_rta_03_240926144324_4166---Protocollodiintesa.txt,0.0,0.0,0.0,0.0,0.0,0.0,0.0,0.0,0.0,0.0,1,1,0,0,0,0,0,0.0,2.0
11_2406_rta_11_240911113757_4166---All.4ProtocolloReteAntiviolenzasottoscritto18.12.2023.txt,0.0,0.0,0.0,0.0,0.0,0.0,0.0,0.0,0.0,0.0,0,1,0,0,0,0,0,0.0,1.0
11_2406_rta_11_240911113757_4166---All.4ProtocolloReteAntiviolenzasottoscritto18.12.2023.txt,0.0,0.0,0.0,0.0,0.0,0.0,0.0,0.0,0.0,0.0,0,0,0,0,0,0,0,0.0,0.0
11_2406_rta_11_240911113757_4166---All.4ProtocolloReteAntiviolenzasottoscritto18.12.2023.txt,0.0,0.0,0.0,0.0,0.0,0.0,0.0,0.0,0.0,0.0,0,1,0,0,0,0,0,0.0,1.0
13_2406_rta_13_241122103901_4166---Protocollirete_ortonaelancianoCAVdonn.ÿ.txt,0.0,0.0,0.0,0.0,0.0,0.0,0.0,0.0,0.0,0.0,1,1,0,0,0,0,0,0.0,2.0
12_2406_rta_12_241008103723_4166---17-ConvenzioneconilLiceoScientificoeLinguisticoCECCANO.txt,0.0,0.0,0.0,0.0,0.0,0.0,0.0,0.0,0.0,0.0,1,1,1,0,0,0,0,0.0,3.0
03_2406_rta_03_240923111659_4166---ProtocolloantiviolenzaComunediLodi_scansioneconfirme_maggio2014.txt,0.0,0.0,0.0,0.0,0.0,0.0,0.0,0.0,0.0,0.0,1,1,1,0,0,1,1,0.0,5.0
03_2406_rta_03_240918153252_4166---Protocollo+Appendice+LineeGuida_Datatodafirmare.txt,0.0,0.0,0.0,0.0,0.0,0.0,0.0,0.0,0.0,0.0,1,1,0,0,0,1,1,0.0,4.0
03_2406_rta_03_240926144324_4166---Protocollodiintesa.txt,0.0,0.0,0.0,0.0,0.0,0.0,0.0,0.0,0.0,0.0,1,1,0,0,0,0,0,0.0,2.0
08_2406_rta_08_241015091725_4166---Protoc-Prefett-2017.txt,0.0,0.0,0.0,0.0,0.0,0.0,0.0,0.0,0.0,0.0,1,1,1,0,0,0,0,0.0,3.0
09_PRATO PREF.txt,0.0,0.0,0.0,0.0,0.0,0.0,0.0,0.0,0.0,0.0,1,1,0,0,0,0,0,0.0,2.0
12_2406_rta_12_240927093424_4166---ProtVMunMerlin.txt,0.0,0.0,0.0,0.0,0.0,0.0,0.0,0.0,0.0,0.0,1,1,0,0,0,0,0,0.0,2.0
03_2406_rta_03_240923111659_4166---ProtocolloantiviolenzaComunediLodi_scansioneconfirme_maggio2014.txt,0.0,0.0,0.0,0.0,0.0,0.0,0.0,0.0,0.0,0.0,1,1,1,0,0,1,1,0.0,5.0
03_2406_rta_03_240918153240_4166---Protocollod'intesaperl'IstituzionediunSistemaTerritorialeAntiviolenzainReteconAddendumSindacati.txt,0.0,0.0,0.0,0.0,0.0,0.0,0.0,0.0,0.0,0.0,1,1,1,0,0,0,0,0.0,3.0
12_2406_rta_12_241004090846_4166---3protCAVPAOLALATTESgenitoriperlascuola(1).txt,0.0,0.0,0.0,0.0,0.0,0.0,0.0,0.0,0.0,0.0,1,1,0,0,0,0,0,0.0,2.0
09_PRATO PREF.txt,0.0,0.0,0.0,0.0,0.0,0.0,0.0,0.0,0.0,0.0,0,0,0,0,0,0,0,0.0,0.0
05_2406_rta_05_240919124736_4166---Protocollo_per_contrasto_alla_violenza_di_genere.stamped.txt,0.0,0.0,0.0,0.0,0.0,0.0,0.0,0.0,0.0,0.0,0,0,0,0,0,0,0,0.0,0.0
01_2406_rta_01_240909103717_4166---PROTOCOLLORETEANTIVIOLENZASVOLTADONNA.txt,0.0,0.0,0.0,0.0,0.0,0.0,0.0,0.0,0.0,0.0,1,0,0,0,0,0,0,0.0,1.0
12_2406_rta_12_241003110309_4166---ProtocollodiIntesaMunicipio1eDD.txt,0.0,0.0,0.0,0.0,0.0,0.0,0.0,0.0,0.0,0.0,0,0,0,0,0,0,0,0.0,0.0
03_2406_rta_03_240923171949_4166---PROTOCOLLOD'INTESARETETERRITORIALEANTIVIOLENZAVALLETROMPIA2024.txt,0.0,0.0,0.0,0.0,0.0,0.0,0.0,0.0,0.0,0.0,1,1,0,0,0,1,1,0.0,4.0
05_2406_rta_05_240916173648_4166---ULSS5Polesana_Protocollodirete.txt,0.0,0.0,0.0,0.0,0.0,0.0,0.0,0.0,0.0,0.0,1,1,0,0,0,0,0,0.0,2.0
03_2406_rta_03_240923101524_4166---PROTOCOLLO_DI_INTESA_versione_DEFINITIVA2021.stamped.txt,0.0,0.0,0.0,0.0,0.0,0.0,0.0,0.0,0.0,0.0,1,1,1,0,0,0,0,0.0,3.0
12_2406_rta_12_241004144338_4166---06-ProtocolloComunediVALLECORSA.txt,0.0,0.0,0.0,0.0,0.0,0.0,0.0,0.0,0.0,0.0,0,0,0,0,0,0,0,0.0,0.0
12_2406_rta_12_241004114912_4166---ProtocolloRetePrantiviolenzaFrosinone.txt,0.0,0.0,0.0,0.0,0.0,0.0,0.0,0.0,0.0,0.0,0,0,0,0,0,0,0,0.0,0.0
12_2406_rta_12_241003104626_4166---PROTOCOLLODIINTESAMUNICIPIOXV.txt,0.0,0.0,0.0,0.0,0.0,0.0,0.0,0.0,0.0,0.0,0,0,0,0,0,0,0,0.0,0.0
03_2406_rta_03_240926114940_4166---ProtocollodiintesaeAllegatoTecnico_SOTTOSCRITTO.txt,0.0,0.0,0.0,0.0,0.0,0.0,0.0,0.0,0.0,0.0,1,0,0,0,0,0,0,0.0,1.0
12_2406_rta_12_241001130527_4166---protocollocontrolaviolenzadigenere.pdfpdf.txt,0.0,0.0,0.0,0.0,0.0,0.0,0.0,0.0,0.0,0.0,1,1,0,0,0,0,0,0.0,2.0
16_lecce_Protocollo Operativo - Procedure integrate per la prevenzione e il contrasto alla violenza contro donne e minori - Copia_Marcato.txt,0.0,0.0,0.0,0.0,0.0,0.0,0.0,0.0,0.0,0.0,1,0,0,0,0,0,0,0.0,1.0
09_APUANE_2015 Protocollo Prefettura.txt,0.0,0.0,0.0,0.0,0.0,0.0,0.0,0.0,0.0,0.0,1,1,0,0,0,0,0,0.0,2.0
09_AREZZO Prot_2024-2026.txt,0.0,0.0,0.0,0.0,0.0,0.0,0.0,0.0,0.0,0.0,0,0,0,0,0,0,0,0.0,0.0
18_2406_rta_18_240926102620_4166---protocollopercorsorosa.txt,0.0,0.0,0.0,0.0,0.0,0.0,0.0,0.0,0.0,0.0,1,1,0,0,0,0,0,0.0,2.0
03_2406_rta_03_240925144919_4166---RETEDICOMO-PROTOCOLLOINTERIST.17novembre2023(1).txt,0.0,0.0,0.0,0.0,0.0,0.0,0.0,0.0,0.0,0.0,1,1,1,0,0,0,0,0.0,3.0
09_GROSSETO 2022 fpdf.txt,0.0,0.0,0.0,0.0,0.0,0.0,0.0,0.0,0.0,0.0,1,0,0,0,0,0,0,0.0,1.0
09_LUCCA PROV.txt,0.0,0.0,0.0,0.0,0.0,0.0,0.0,0.0,0.0,0.0,1,1,0,0,0,0,0,0.0,2.0
13_2406_rta_13_241122115416_4166---PROTOCOLLOPESCARA.txt,0.0,0.0,0.0,0.0,0.0,0.0,0.0,0.0,0.0,0.0,1,1,1,0,0,0,0,0.0,3.0
08_2406_rta_08_241015091655_4166---Aggiornamentointegrazioneprotocollooperativoapprovatonelgiugno2008.txt,0.0,0.0,0.0,0.0,0.0,0.0,0.0,0.0,0.0,0.0,1,1,1,0,0,0,0,0.0,3.0
13_2406_rta_13_241122103653_4166---protocollodirete_cavlafenice_provinciateramo.txt,0.0,0.0,0.0,0.0,0.0,0.0,0.0,0.0,0.0,0.0,1,1,0,0,0,0,0,0.0,2.0
05_2406_rta_05_240917141534_4166---protocollodiretefirmato.txt,0.0,0.0,0.0,0.0,0.0,0.0,0.0,0.0,0.0,0.0,1,0,0,0,0,0,0,0.0,1.0
01_2406_rta_01_240920123646_4166---vercellieos.txt,0.0,0.0,0.0,0.0,0.0,0.0,0.0,0.0,0.0,0.0,1,1,1,0,0,0,0,0.0,3.0
12_2406_rta_12_240926133706_4166---STAR.txt,0.0,0.0,0.0,0.0,0.0,0.0,0.0,0.0,0.0,0.0,1,0,0,0,0,0,0,0.0,1.0
03_2406_rta_03_240918153240_4166---Protocollod'intesaperl'IstituzionediunSistemaTerritorialeAntiviolenzainReteconAddendumSindacati.txt,0.0,0.0,0.0,0.0,0.0,0.0,0.0,0.0,0.0,0.0,0,0,0,0,0,0,0,0.0,0.0
05_2406_rta_05_240919122126_4166---PROTOCOLLOULSS8BERICA.txt,0.0,0.0,0.0,0.0,0.0,0.0,0.0,0.0,0.0,0.0,1,1,1,0,0,0,0,0.0,3.0
12_2406_rta_12_241001130527_4166---protocollocontrolaviolenzadigenere.pdfpdf.txt,0.0,0.0,0.0,0.0,0.0,0.0,0.0,0.0,0.0,0.0,1,1,0,0,0,0,0,0.0,2.0
05_2406_rta_05_240918144304_4166---Protocollo_ULSS2-DistrettoTreviso.txt,0.0,0.0,0.0,0.0,0.0,0.0,0.0,0.0,0.0,0.0,1,0,0,0,0,0,0,0.0,1.0
11_2406_rta_11_240911113911_4166---AscoliPPROTOCOLLOoperativo_2019_2021.txt,0.0,0.0,0.0,0.0,0.0,0.0,0.0,0.0,0.0,0.0,1,1,0,0,0,0,0,0.0,2.0
08_2406_rta_08_241015091355_4166---PROTOCOLLO_CONTRO_VIOLENZA_firmato2023.txt,0.0,0.0,0.0,0.0,0.0,0.0,0.0,0.0,0.0,0.0,1,1,0,0,0,0,0,0.0,2.0
20_2406_rta_20_250620094616_4166---Delibera52-22del23.12.2024-Allegato1.txt,0.0,0.0,0.0,0.0,0.0,0.0,0.0,0.0,0.0,0.0,1,1,0,0,0,0,0,0.0,2.0
09_PISA PREF E PROV.txt,0.0,0.0,0.0,0.0,0.0,0.0,0.0,0.0,0.0,0.0,1,1,1,0,0,0,0,0.0,3.0
06_2406_rta_06_240916164102_4166---protocollopordenoneprefettura.txt,0.0,0.0,0.0,0.0,0.0,0.0,0.0,0.0,0.0,0.0,1,1,0,0,0,0,0,0.0,2.0
06_2406_rta_06_240916164153_4166---protocolloprefettura.txt,0.0,0.0,0.0,0.0,0.0,0.0,0.0,0.0,0.0,0.0,1,1,0,0,0,0,0,0.0,2.0
06_2406_rta_06_240916164258_4166---Protocolloviolenzadomesticaedigenere_30.09.2019.txt,0.0,0.0,0.0,0.0,0.0,0.0,0.0,0.0,0.0,0.0,1,1,0,0,0,0,0,0.0,2.0
12_2406_rta_12_240926124601_4166---ACCORDOtrlepartiITSETLOIeMarielleFranco(1).txt,0.0,0.0,0.0,0.0,0.0,0.0,0.0,0.0,0.0,0.0,0,0,0,0,0,0,0,0.0,0.0
01_2406_rta_01_240904121349_4166---convenzione.txt,0.0,0.0,0.0,0.0,0.0,0.0,0.0,0.0,0.0,0.0,0,0,0,0,0,0,0,0.0,0.0
05_2406_rta_05_240918153458_4166---protocolloprovPadova.txt,0.0,0.0,0.0,0.0,0.0,0.0,0.0,0.0,0.0,0.0,1,1,0,0,0,0,0,0.0,2.0
05_2406_rta_05_240916131522_4166---protocolloaggiornamento2023.txt,0.0,0.0,0.0,0.0,0.0,0.0,0.0,0.0,0.0,0.0,1,1,0,0,0,0,0,0.0,2.0
08_2406_rta_08_241015091553_4166---Protocollosullaviolenzadigenere_confirme_prot.txt,0.0,0.0,0.0,0.0,0.0,0.0,0.0,0.0,0.0,0.0,1,1,0,0,0,0,0,0.0,2.0
08_2406_rta_08_241015091430_4166---Protocollo_Distrettuale_Contrasto_violenza_Donne2023.stamped.txt,0.0,0.0,0.0,0.0,0.0,0.0,0.0,0.0,0.0,0.0,1,1,1,0,0,0,0,0.0,3.0
07_2406_rta_07_240916163956_4166---DGR477_2022_Protocollo.txt,0.0,0.0,0.0,0.0,0.0,0.0,0.0,0.0,0.0,0.0,1,1,0,0,0,0,0,0.0,2.0
16_2406_rta_16_250410122122_4166---Protocollo_Viola.txt,0.0,0.0,0.0,0.0,0.0,0.0,0.0,0.0,0.0,0.0,1,1,0,0,0,0,0,0.0,2.0
09_AREZZO Prot_2024-2026.txt,0.0,0.0,0.0,0.0,0.0,0.0,0.0,0.0,0.0,0.0,1,1,0,0,0,0,0,0.0,2.0
11_2406_rta_11_240911113235_4166---MacerataProtocollo2019_2022Firmato.txt,0.0,0.0,0.0,0.0,0.0,0.0,0.0,0.0,0.0,0.0,1,1,0,0,0,0,0,0.0,2.0
16_2406_rta_16_250409174252_4166---Protocollo_Intesa_LARA.txt,0.0,0.0,0.0,0.0,0.0,0.0,0.0,0.0,0.0,0.0,1,0,0,0,0,0,0,0.0,1.0
08_2406_rta_08_241015091553_4166---Protocollosullaviolenzadigenere_confirme_prot.txt,0.0,0.0,0.0,0.0,0.0,0.0,0.0,0.0,0.0,0.0,1,0,0,0,0,0,0,0.0,1.0
12_2406_rta_12_240926133706_4166---STAR.txt,0.0,0.0,0.0,0.0,0.0,0.0,0.0,0.0,0.0,0.0,1,1,0,0,0,0,0,0.0,2.0
03_2406_rta_03_240918153240_4166---Protocollod'intesaperl'IstituzionediunSistemaTerritorialeAntiviolenzainReteconAddendumSindacati.txt,0.0,0.0,0.0,0.0,0.0,0.0,0.0,0.0,0.0,0.0,1,1,0,0,0,0,0,0.0,2.0
09_AREZZO Prot_2024-2026.txt,0.0,0.0,0.0,0.0,0.0,0.0,0.0,0.0,0.0,0.0,0,0,0,0,0,0,0,0.0,0.0
03_2406_rta_03_240920124656_4166---ProtocolloantiviolenzaDEFINITIVO(1).txt,0.0,0.0,0.0,0.0,0.0,0.0,0.0,0.0,0.0,0.0,1,1,0,0,0,0,0,0.0,2.0
03_2406_rta_03_240923114012_4166---23-9-2024ProtocolloReteRita_signed_signed_signedDEF_signed_signed-signed_signed(1).txt,0.0,0.0,0.0,0.0,0.0,0.0,0.0,0.0,0.0,0.0,1,1,0,0,0,0,0,0.0,2.0
03_2406_rta_03_240918153252_4166---Protocollo+Appendice+LineeGuida_Datatodafirmare.txt,0.0,0.0,0.0,0.0,0.0,0.0,0.0,0.0,0.0,0.0,1,1,1,0,0,0,0,0.0,3.0
03_2406_rta_03_240923102947_4166---ProtSOTTOSCRITTO_ReteAntiviolenzaPiuIntegrazioneAprile2024(1).txt,0.0,0.0,0.0,0.0,0.0,0.0,0.0,0.0,0.0,0.0,1,1,1,0,0,0,0,0.0,3.0
03_2406_rta_03_240923163715_4166---PROTOCOLLOD'INTESA2017_2020.txt,0.0,0.0,0.0,0.0,0.0,0.0,0.0,0.0,0.0,0.0,1,1,0,0,0,0,0,0.0,2.0
03_2406_rta_03_240918151606_4166---A_RetePavia_Protocollo2021_e_Integrazioni2023_firmato_compressed.txt,0.0,0.0,0.0,0.0,0.0,0.0,0.0,0.0,0.0,0.0,1,1,1,0,0,0,0,0.0,3.0
03_2406_rta_03_240924144947_4166---Protocollod'IntesaReteAntiviolenzaIsolaBergamascaeBassaValSanMartino2024.txt,0.0,0.0,0.0,0.0,0.0,0.0,0.0,0.0,0.0,0.0,1,1,0,0,0,0,0,0.0,2.0
18_2406_rta_18_240926103211_4166---PROTOCOLLOviolasottoscritto.txt,0.0,0.0,0.0,0.0,0.0,0.0,0.0,0.0,0.0,0.0,1,0,0,0,0,0,0,0.0,1.0
08_2406_rta_08_241015091621_4166---PROTOCOLLO_22.txt,0.0,0.0,0.0,0.0,0.0,0.0,0.0,0.0,0.0,0.0,1,1,0,0,0,0,0,0.0,2.0
10_2406_rta_10_250506141901_4166---ProtocollounicoregionaleRINNOVATO.txt,0.0,0.0,0.0,0.0,0.0,0.0,0.0,0.0,0.0,0.0,1,0,0,0,0,0,0,0.0,1.0
05_2406_rta_05_240918153458_4166---protocolloprovPadova.txt,0.0,0.0,0.0,0.0,0.0,0.0,0.0,0.0,0.0,0.0,1,1,0,0,0,0,0,0.0,2.0
06_2406_rta_06_240916164102_4166---protocollopordenoneprefettura.txt,0.0,0.0,0.0,0.0,0.0,0.0,0.0,0.0,0.0,0.0,1,1,0,0,0,0,0,0.0,2.0
05_2406_rta_05_240916173648_4166---ULSS5Polesana_Protocollodirete.txt,0.0,0.0,0.0,0.0,0.0,0.0,0.0,0.0,0.0,0.0,1,0,0,0,0,0,0,0.0,1.0
08_2406_rta_08_241015091725_4166---Protoc-Prefett-2017.txt,0.0,0.0,0.0,0.0,0.0,0.0,0.0,0.0,0.0,0.0,1,1,0,0,0,0,0,0.0,2.0
06_2406_rta_06_240924164454_4166---protocollo_tempo_sospeso.txt,0.0,0.0,0.0,0.0,0.0,0.0,0.0,0.0,0.0,0.0,0,0,0,0,0,0,0,0.0,0.0
18_2406_rta_18_240925130829_4166---PROTOCOLLODIINTESA_COMUNEDIMENDICINO.txt,0.0,0.0,0.0,0.0,0.0,0.0,0.0,0.0,0.0,0.0,0,0,0,0,0,0,0,0.0,0.0
18_2406_rta_18_240926102931_4166---PROT.2403-24.txt,0.0,0.0,0.0,0.0,0.0,0.0,0.0,0.0,0.0,0.0,0,0,0,0,0,0,0,0.0,0.0
01_2406_rta_01_240904150044_4166---Protocollocav-irene2022-2025.txt,0.0,0.0,0.0,0.0,0.0,0.0,0.0,0.0,0.0,0.0,0,0,0,0,0,0,0,0.0,0.0
12_2406_rta_12_240926123509_4166---2024.1153010-ACCORDOtraAPSPonteDonnaeAPSMammeFuoriCAVMarielleFranco-10-11(1).txt,0.0,0.0,0.0,0.0,0.0,0.0,0.0,0.0,0.0,0.0,0,0,0,0,0,0,0,0.0,0.0
12_2406_rta_12_241004140636_4166---04-ProtocolloconlaQuesturadiFrosinone.txt,0.0,0.0,0.0,0.0,0.0,0.0,0.0,0.0,0.0,0.0,0,0,0,0,0,0,0,0.0,0.0
01_2406_rta_01_240904150044_4166---Protocollocav-irene2022-2025.txt,0.0,0.0,0.0,0.0,0.0,0.0,0.0,0.0,0.0,0.0,0,0,0,0,0,0,0,0.0,0.0
12_2406_rta_12_241003114931_4166---ProtocollodiintesaDifferenzaDonnaeMunicipio13.txt,0.0,0.0,0.0,0.0,0.0,0.0,0.0,0.0,0.0,0.0,0,0,0,0,0,0,0,0.0,0.0
08_2406_rta_08_241015091655_4166---Aggiornamentointegrazioneprotocollooperativoapprovatonelgiugno2008.txt,0.0,0.0,0.0,0.0,0.0,0.0,0.0,0.0,0.0,0.0,1,0,0,0,0,0,0,0.0,1.0
08_2406_rta_08_241015091655_4166---Aggiornamentointegrazioneprotocollooperativoapprovatonelgiugno2008.txt,0.0,0.0,0.0,0.0,0.0,0.0,0.0,0.0,0.0,0.0,1,0,0,0,0,0,0,0.0,1.0
12_2406_rta_12_241009125120_4166---6.accordo.txt,0.0,0.0,0.0,0.0,0.0,0.0,0.0,0.0,0.0,0.0,1,0,0,0,0,0,0,0.0,1.0
18_2406_rta_18_240926102943_4166---schemaAccordoCollaborazione499ARIEL_signed.txt,0.0,0.0,0.0,0.0,0.0,0.0,0.0,0.0,0.0,0.0,0,0,0,0,0,0,0,0.0,0.0
05_2406_rta_05_240916173648_4166---ULSS5Polesana_Protocollodirete.txt,0.0,0.0,0.0,0.0,0.0,0.0,0.0,0.0,0.0,0.0,1,0,0,0,0,0,0,0.0,1.0
12_2406_rta_12_241001130527_4166---protocollocontrolaviolenzadigenere.pdfpdf.txt,0.0,0.0,0.0,0.0,0.0,0.0,0.0,0.0,0.0,0.0,1,0,0,0,0,0,0,0.0,1.0
12_2406_rta_12_241003110309_4166---ProtocollodiIntesaMunicipio1eDD.txt,0.0,0.0,0.0,0.0,0.0,0.0,0.0,0.0,0.0,0.0,1,0,0,0,0,0,0,0.0,1.0
12_2406_rta_12_241004091505_4166---4ProtCAVPAOLALATTESEnjoi(2).txt,0.0,0.0,0.0,0.0,0.0,0.0,0.0,0.0,0.0,0.0,0,0,0,0,0,0,0,0.0,0.0
13_2406_rta_13_241122111153_4166---PROTOCOLLOCASTELDISANGROEASL.txt,0.0,0.0,0.0,0.0,0.0,0.0,0.0,0.0,0.0,0.0,1,1,0,0,0,0,0,0.0,2.0
08_2406_rta_08_241015091655_4166---Aggiornamentointegrazioneprotocollooperativoapprovatonelgiugno2008.txt,0.0,0.0,0.0,0.0,0.0,0.0,0.0,0.0,0.0,0.0,0,0,0,0,0,0,0,0.0,0.0
13_2406_rta_13_241122101453_4166---ProtocollodiRete_AlphaChieti.txt,0.0,0.0,0.0,0.0,0.0,0.0,0.0,0.0,0.0,0.0,1,0,0,0,0,0,0,0.0,1.0
13_2406_rta_13_241122115416_4166---PROTOCOLLOPESCARA.txt,0.0,0.0,0.0,0.0,0.0,0.0,0.0,0.0,0.0,0.0,1,1,1,0,0,0,0,0.0,3.0
08_2406_rta_08_241015091330_4166---Protocollo_intesa_autonomia_abitativa_donne_vittime_di_violenza_CittMtrBO.txt,0.0,0.0,0.0,0.0,0.0,0.0,0.0,0.0,0.0,0.0,1,1,0,0,0,0,0,0.0,2.0
09_LUCCA PROV.txt,0.0,0.0,0.0,0.0,0.0,0.0,0.0,0.0,0.0,0.0,1,1,0,0,0,0,0,0.0,2.0
03_2406_rta_03_240926122051_4166---Protocollomonz.txt,0.0,0.0,0.0,0.0,0.0,0.0,0.0,0.0,0.0,0.0,1,1,1,0,0,0,0,0.0,3.0
05_2406_rta_05_240919124736_4166---Protocollo_per_contrasto_alla_violenza_di_genere.stamped.txt,0.0,0.0,0.0,0.0,0.0,0.0,0.0,0.0,0.0,0.0,1,0,0,0,0,0,0,0.0,1.0
08_2406_rta_08_241015092049_4166---PROTOCOLLOD.G.C.FAENZA304-2009.txt,0.0,0.0,0.0,0.0,0.0,0.0,0.0,0.0,0.0,0.0,0,0,0,0,0,0,0,0.0,0.0
12_2406_rta_12_240926133706_4166---STAR.txt,0.0,0.0,0.0,0.0,0.0,0.0,0.0,0.0,0.0,0.0,1,1,0,0,0,0,0,0.0,2.0
03_2406_rta_03_240918153240_4166---Protocollod'intesaperl'IstituzionediunSistemaTerritorialeAntiviolenzainReteconAddendumSindacati.txt,0.0,0.0,0.0,0.0,0.0,0.0,0.0,0.0,0.0,0.0,1,1,1,0,0,0,0,0.0,3.0
03_2406_rta_03_240926114940_4166---ProtocollodiintesaeAllegatoTecnico_SOTTOSCRITTO.txt,0.0,0.0,0.0,0.0,0.0,0.0,0.0,0.0,0.0,0.0,1,1,0,0,0,0,0,0.0,2.0
13_2406_rta_13_241122103901_4166---Protocollirete_ortonaelancianoCAVdonn.ÿ.txt,0.0,0.0,0.0,0.0,0.0,0.0,0.0,0.0,0.0,0.0,1,1,0,0,0,0,0,0.0,2.0
13_2406_rta_13_241122105540_4166---protocollodirete_vastodonnattiva.txt,0.0,0.0,0.0,0.0,0.0,0.0,0.0,0.0,0.0,0.0,1,1,0,0,0,0,0,0.0,2.0
13_2406_rta_13_241122105540_4166---protocollodirete_vastodonnattiva.txt,0.0,0.0,0.0,0.0,0.0,0.0,0.0,0.0,0.0,0.0,1,1,1,0,0,0,0,0.0,3.0
12_2406_rta_12_240927093424_4166---ProtVMunMerlin.txt,0.0,0.0,0.0,0.0,0.0,0.0,0.0,0.0,0.0,0.0,0,0,0,0,0,0,0,0.0,0.0
20_2406_rta_20_250620094616_4166---Delibera52-22del23.12.2024-Allegato1.txt,0.0,0.0,0.0,0.0,0.0,0.0,0.0,0.0,0.0,0.0,1,1,0,0,0,0,0,0.0,2.0
10_2406_rta_10_250506141901_4166---ProtocollounicoregionaleRINNOVATO.txt,0.0,0.0,0.0,0.0,0.0,0.0,0.0,0.0,0.0,0.0,1,0,0,0,0,0,0,0.0,1.0
08_2406_rta_08_241015091621_4166---PROTOCOLLO_22.txt,0.0,0.0,0.0,0.0,0.0,0.0,0.0,0.0,0.0,0.0,1,0,0,0,0,0,0,0.0,1.0
08_2406_rta_08_241015091621_4166---PROTOCOLLO_22.txt,0.0,0.0,0.0,0.0,0.0,0.0,0.0,0.0,0.0,0.0,1,0,0,0,0,0,0,0.0,1.0
12_2406_rta_12_241008112319_4166---protocollo25.11.2023.txt,0.0,0.0,0.0,0.0,0.0,0.0,0.0,0.0,0.0,0.0,1,0,0,0,0,0,0,0.0,1.0
03_2406_rta_03_240918153252_4166---Protocollo+Appendice+LineeGuida_Datatodafirmare.txt,0.0,0.0,0.0,0.0,0.0,0.0,0.0,0.0,0.0,0.0,1,1,1,0,0,0,0,0.0,3.0
11_2406_rta_11_240911113235_4166---MacerataProtocollo2019_2022Firmato.txt,0.0,0.0,0.0,0.0,0.0,0.0,0.0,0.0,0.0,0.0,1,1,0,0,0,0,0,0.0,2.0
05_2406_rta_05_240918153458_4166---protocolloprovPadova.txt,0.0,0.0,0.0,0.0,0.0,0.0,0.0,0.0,0.0,0.0,1,1,0,0,0,0,0,0.0,2.0
11_2406_rta_11_240911113105_4166---PROTOCOLLO_OPERATIVO2024_CONINDIRIZZARIO_FIRMATO.txt,0.0,0.0,0.0,0.0,0.0,0.0,0.0,0.0,0.0,0.0,1,1,0,0,0,0,0,0.0,2.0
03_2406_rta_03_240926144324_4166---Protocollodiintesa.txt,0.0,0.0,0.0,0.0,0.0,0.0,0.0,0.0,0.0,0.0,1,1,0,0,0,0,0,0.0,2.0
03_2406_rta_03_240918153156_4166---Protocollo_d'Intesa_Rete_Mantova.prot.txt,0.0,0.0,0.0,0.0,0.0,0.0,0.0,0.0,0.0,0.0,1,1,1,0,0,0,0,0.0,3.0
09_LIVORNO Protocollo_ RETE ANTIVIOLENZA_ LIVORNO.txt,0.0,0.0,0.0,0.0,0.0,0.0,0.0,0.0,0.0,0.0,1,0,0,0,0,0,0,0.0,1.0
09_PISTOIA PROV .txt,0.0,0.0,0.0,0.0,0.0,0.0,0.0,0.0,0.0,0.0,1,1,0,0,0,0,0,0.0,2.0
08_2406_rta_08_241015091655_4166---Aggiornamentointegrazioneprotocollooperativoapprovatonelgiugno2008.txt,0.0,0.0,0.0,0.0,0.0,0.0,0.0,0.0,0.0,0.0,1,1,1,0,0,0,0,0.0,3.0
11_2406_rta_11_240911113105_4166---PROTOCOLLO_OPERATIVO2024_CONINDIRIZZARIO_FIRMATO.txt,0.0,0.0,0.0,0.0,0.0,0.0,0.0,0.0,0.0,0.0,1,1,0,0,0,0,0,0.0,2.0
03_2406_rta_03_240926144324_4166---Protocollodiintesa.txt,0.0,0.0,0.0,0.0,0.0,0.0,0.0,0.0,0.0,0.0,1,1,0,0,0,0,0,0.0,2.0
03_2406_rta_03_240918153252_4166---Protocollo+Appendice+LineeGuida_Datatodafirmare.txt,0.0,0.0,0.0,0.0,0.0,0.0,0.0,0.0,0.0,0.0,1,1,1,0,0,0,0,0.0,3.0
08_2406_rta_08_241015091330_4166---Protocollo_intesa_autonomia_abitativa_donne_vittime_di_violenza_CittMtrBO.txt,0.0,0.0,0.0,0.0,0.0,0.0,0.0,0.0,0.0,0.0,0,0,0,0,0,0,0,0.0,0.0
16_2406_rta_16_250410122122_4166---Protocollo_Viola.txt,0.0,0.0,0.0,0.0,0.0,0.0,0.0,0.0,0.0,0.0,1,1,0,0,0,0,0,0.0,2.0
09_ALTA VALDELSA Protocollo-violenza-valdelsa-2022_ALTA VALDELSA.txt,0.0,0.0,0.0,0.0,0.0,0.0,0.0,0.0,0.0,0.0,1,0,0,0,0,0,0,0.0,1.0
05_2406_rta_05_240918144304_4166---Protocollo_ULSS2-DistrettoTreviso.txt,0.0,0.0,0.0,0.0,0.0,0.0,0.0,0.0,0.0,0.0,1,0,0,0,0,0,0,0.0,1.0
06_2406_rta_06_240916164153_4166---protocolloprefettura.txt,0.0,0.0,0.0,0.0,0.0,0.0,0.0,0.0,0.0,0.0,1,1,0,0,0,0,0,0.0,2.0
03_2406_rta_03_240923105244_4166---ProtocolloViolenzaMilanoFirme2023.txt,0.0,0.0,0.0,0.0,0.0,0.0,0.0,0.0,0.0,0.0,1,1,1,0,0,0,0,0.0,3.0
09_AREZZO Prot_2024-2026.txt,0.0,0.0,0.0,0.0,0.0,0.0,0.0,0.0,0.0,0.0,0,0,0,0,0,0,0,0.0,0.0
16_lecce_Protocollo Operativo - Procedure integrate per la prevenzione e il contrasto alla violenza contro donne e minori - Copia_Marcato.txt,0.0,0.0,0.0,0.0,0.0,0.0,0.0,0.0,0.0,0.0,0,0,0,0,0,0,0,0.0,0.0
18_2406_rta_18_240926103211_4166---PROTOCOLLOviolasottoscritto.txt,0.0,0.0,0.0,0.0,0.0,0.0,0.0,0.0,0.0,0.0,1,1,0,0,0,0,0,0.0,2.0
11_2406_rta_11_240911113757_4166---All.4ProtocolloReteAntiviolenzasottoscritto18.12.2023.txt,0.0,0.0,0.0,0.0,0.0,0.0,0.0,0.0,0.0,0.0,1,1,0,0,0,0,0,0.0,2.0
08_2406_rta_08_241015091355_4166---PROTOCOLLO_CONTRO_VIOLENZA_firmato2023.txt,0.0,0.0,0.0,0.0,0.0,0.0,0.0,0.0,0.0,0.0,1,1,1,0,0,0,0,0.0,3.0
06_2406_rta_06_240916164258_4166---Protocolloviolenzadomesticaedigenere_30.09.2019.txt,0.0,0.0,0.0,0.0,0.0,0.0,0.0,0.0,0.0,0.0,1,1,0,0,0,0,0,0.0,2.0
16_lecce_Protocollo Operativo - Procedure integrate per la prevenzione e il contrasto alla violenza contro donne e minori - Copia_Marcato.txt,0.0,0.0,0.0,0.0,0.0,0.0,0.0,0.0,0.0,0.0,1,0,1,0,0,0,0,0.0,2.0
09_APUANE_2015 Protocollo Prefettura.txt,0.0,0.0,0.0,0.0,0.0,0.0,0.0,0.0,0.0,0.0,1,1,0,0,0,0,0,0.0,2.0
08_2406_rta_08_241015091725_4166---Protoc-Prefett-2017.txt,0.0,0.0,0.0,0.0,0.0,0.0,0.0,0.0,0.0,0.0,1,1,0,0,0,0,0,0.0,2.0
11_2406_rta_11_240911113034_4166---protocollodireteantiviolenza2020-2022-uuvv.txt,0.0,0.0,0.0,0.0,0.0,0.0,0.0,0.0,0.0,0.0,1,1,0,0,0,0,0,0.0,2.0
12_2406_rta_12_241001130527_4166---protocollocontrolaviolenzadigenere.pdfpdf.txt,0.0,0.0,0.0,0.0,0.0,0.0,0.0,0.0,0.0,0.0,1,1,0,0,0,0,0,0.0,2.0
08_2406_rta_08_241015091553_4166---Protocollosullaviolenzadigenere_confirme_prot.txt,0.0,0.0,0.0,0.0,0.0,0.0,0.0,0.0,0.0,0.0,1,1,0,0,0,0,0,0.0,2.0
03_2406_rta_03_240923102947_4166---ProtSOTTOSCRITTO_ReteAntiviolenzaPiuIntegrazioneAprile2024(1).txt,0.0,0.0,0.0,0.0,0.0,0.0,0.0,0.0,0.0,0.0,1,1,1,0,0,0,0,0.0,3.0
01_2406_rta_01_240920123646_4166---vercellieos.txt,0.0,0.0,0.0,0.0,0.0,0.0,0.0,0.0,0.0,0.0,1,1,1,0,0,0,0,0.0,3.0
08_2406_rta_08_241015091832_4166---P.G.111546-2023PROTOCOLLOOPERATIVOFENOMENOVIOLENZADONNE(1).txt,0.0,0.0,0.0,0.0,0.0,0.0,0.0,0.0,0.0,0.0,1,1,0,0,0,0,0,0.0,2.0
03_2406_rta_03_240920093134_4166---Protocollo_Intesa_Rete_Antiviolenza_SudEstMilano_Paullese_2021-2023.txt,0.0,0.0,0.0,0.0,0.0,0.0,0.0,0.0,0.0,0.0,1,1,0,0,0,0,0,0.0,2.0
11_2406_rta_11_240911113911_4166---AscoliPPROTOCOLLOoperativo_2019_2021.txt,0.0,0.0,0.0,0.0,0.0,0.0,0.0,0.0,0.0,0.0,1,1,0,0,0,0,0,0.0,2.0
05_2406_rta_05_240916173648_4166---ULSS5Polesana_Protocollodirete.txt,0.0,0.0,0.0,0.0,0.0,0.0,0.0,0.0,0.0,0.0,1,0,0,0,0,0,0,0.0,1.0
12_2406_rta_12_240926134140_4166---Protocollointesa.txt,0.0,0.0,0.0,0.0,0.0,0.0,0.0,0.0,0.0,0.0,1,1,0,0,0,0,0,0.0,2.0
03_2406_rta_03_240923111659_4166---ProtocolloantiviolenzaComunediLodi_scansioneconfirme_maggio2014.txt,0.0,0.0,0.0,0.0,0.0,0.0,0.0,0.0,0.0,0.0,1,1,1,0,0,0,0,0.0,3.0
09_PRATO PREF.txt,0.0,0.0,0.0,0.0,0.0,0.0,0.0,0.0,0.0,0.0,1,1,0,0,0,0,0,0.0,2.0
08_2406_rta_08_241015091832_4166---P.G.111546-2023PROTOCOLLOOPERATIVOFENOMENOVIOLENZADONNE(1).txt,0.0,0.0,0.0,0.0,0.0,0.0,0.0,0.0,0.0,0.0,1,1,0,0,0,0,0,0.0,2.0
12_2406_rta_12_241001130527_4166---protocollocontrolaviolenzadigenere.pdfpdf.txt,0.0,0.0,0.0,0.0,0.0,0.0,0.0,0.0,0.0,0.0,1,1,0,0,0,0,0,0.0,2.0
03_2406_rta_03_240920093134_4166---Protocollo_Intesa_Rete_Antiviolenza_SudEstMilano_Paullese_2021-2023.txt,0.0,0.0,0.0,0.0,0.0,0.0,0.0,0.0,0.0,0.0,1,1,0,0,0,0,0,0.0,2.0
16_taranto_protocollo Prefettura ProvinciaTaranto.txt,0.0,0.0,0.0,0.0,0.0,0.0,0.0,0.0,0.0,0.0,1,0,0,0,0,0,0,0.0,1.0
09_AREZZO Prot_2024-2026.txt,0.0,0.0,0.0,0.0,0.0,0.0,0.0,0.0,0.0,0.0,0,0,0,0,0,0,0,0.0,0.0
16_lecce_Protocollo Operativo - Procedure integrate per la prevenzione e il contrasto alla violenza contro donne e minori - Copia_Marcato.txt,0.0,0.0,0.0,0.0,0.0,0.0,0.0,0.0,0.0,0.0,0,0,0,0,0,0,0,0.0,0.0
13_2406_rta_13_241122105540_4166---protocollodirete_vastodonnattiva.txt,0.0,0.0,0.0,0.0,0.0,0.0,0.0,0.0,0.0,0.0,1,1,0,0,0,0,0,0.0,2.0
18_2406_rta_18_240926103211_4166---PROTOCOLLOviolasottoscritto.txt,0.0,0.0,0.0,0.0,0.0,0.0,0.0,0.0,0.0,0.0,1,1,0,0,0,0,0,0.0,2.0
11_2406_rta_11_240911113757_4166---All.4ProtocolloReteAntiviolenzasottoscritto18.12.2023.txt,0.0,0.0,0.0,0.0,0.0,0.0,0.0,0.0,0.0,0.0,1,1,0,0,0,0,0,0.0,2.0
08_2406_rta_08_241015091355_4166---PROTOCOLLO_CONTRO_VIOLENZA_firmato2023.txt,0.0,0.0,0.0,0.0,0.0,0.0,0.0,0.0,0.0,0.0,1,1,0,0,0,0,0,0.0,2.0
16_lecce_Protocollo Operativo - Procedure integrate per la prevenzione e il contrasto alla violenza contro donne e minori - Copia_Marcato.txt,0.0,0.0,0.0,0.0,0.0,0.0,0.0,0.0,0.0,0.0,1,0,1,0,0,0,0,0.0,2.0
03_2406_rta_03_240923111659_4166---ProtocolloantiviolenzaComunediLodi_scansioneconfirme_maggio2014.txt,0.0,0.0,0.0,0.0,0.0,0.0,0.0,0.0,0.0,0.0,1,1,1,0,0,0,0,0.0,3.0
11_2406_rta_11_240911113235_4166---MacerataProtocollo2019_2022Firmato.txt,0.0,0.0,0.0,0.0,0.0,0.0,0.0,0.0,0.0,0.0,1,1,0,0,0,0,0,0.0,2.0
09_APUANE_2015 Protocollo Prefettura.txt,0.0,0.0,0.0,0.0,0.0,0.0,0.0,0.0,0.0,0.0,1,1,0,0,0,0,0,0.0,2.0
09_PRATO PREF.txt,0.0,0.0,0.0,0.0,0.0,0.0,0.0,0.0,0.0,0.0,1,1,0,0,0,0,0,0.0,2.0
05_2406_rta_05_240916131522_4166---protocolloaggiornamento2023.txt,0.0,0.0,0.0,0.0,0.0,0.0,0.0,0.0,0.0,0.0,1,1,0,0,0,0,0,0.0,2.0
05_2406_rta_05_240916135305_4166---protocolloulss4.txt,0.0,0.0,0.0,0.0,0.0,0.0,0.0,0.0,0.0,0.0,1,1,0,0,0,0,0,0.0,2.0
05_2406_rta_05_240916131522_4166---protocolloaggiornamento2023.txt,0.0,0.0,0.0,0.0,0.0,0.0,0.0,0.0,0.0,0.0,1,1,0,0,0,0,0,0.0,2.0
07_2406_rta_07_240916163956_4166---DGR477_2022_Protocollo.txt,0.0,0.0,0.0,0.0,0.0,0.0,0.0,0.0,0.0,0.0,1,1,0,0,0,0,0,0.0,2.0
03_2406_rta_03_240923101524_4166---PROTOCOLLO_DI_INTESA_versione_DEFINITIVA2021.stamped.txt,0.0,0.0,0.0,0.0,0.0,0.0,0.0,0.0,0.0,0.0,1,1,0,0,0,0,0,0.0,2.0
08_2406_rta_08_241015091310_4166---Accordo_Contrasto_alla_violenza_CittMtrBO.txt,0.0,0.0,0.0,0.0,0.0,0.0,0.0,0.0,0.0,0.0,1,0,0,0,0,0,0,0.0,1.0
06_2406_rta_06_240916164102_4166---protocollopordenoneprefettura.txt,0.0,0.0,0.0,0.0,0.0,0.0,0.0,0.0,0.0,0.0,1,1,0,0,0,0,0,0.0,2.0
13_2406_rta_13_241122103901_4166---Protocollirete_ortonaelancianoCAVdonn.ÿ.txt,0.0,0.0,0.0,0.0,0.0,0.0,0.0,0.0,0.0,0.0,1,1,0,0,0,0,0,0.0,2.0
06_2406_rta_06_240916164102_4166---protocollopordenoneprefettura.txt,0.0,0.0,0.0,0.0,0.0,0.0,0.0,0.0,0.0,0.0,1,1,0,0,0,0,0,0.0,2.0
12_2406_rta_12_241003111748_4166---ACCORDOMUNICIPIOROMAVeDIPPARIOPPROMACAPITALE_DD.txt,0.0,0.0,0.0,0.0,0.0,0.0,0.0,0.0,0.0,0.0,0,0,0,0,0,0,0,0.0,0.0
12_2406_rta_12_241003111748_4166---ACCORDOMUNICIPIOROMAVeDIPPARIOPPROMACAPITALE_DD.txt,0.0,0.0,0.0,0.0,0.0,0.0,0.0,0.0,0.0,0.0,0,0,0,0,0,0,0,0.0,0.0
12_2406_rta_12_241003111748_4166---ACCORDOMUNICIPIOROMAVeDIPPARIOPPROMACAPITALE_DD.txt,0.0,0.0,0.0,0.0,0.0,0.0,0.0,0.0,0.0,0.0,0,0,0,0,0,0,0,0.0,0.0
08_2406_rta_08_241015092049_4166---PROTOCOLLOD.G.C.FAENZA304-2009.txt,0.0,0.0,0.0,0.0,0.0,0.0,0.0,0.0,0.0,0.0,1,1,1,0,0,0,0,0.0,3.0
13_2406_rta_13_241122105540_4166---protocollodirete_vastodonnattiva.txt,0.0,0.0,0.0,0.0,0.0,0.0,0.0,0.0,0.0,0.0,1,1,1,0,0,0,0,0.0,3.0
16_bari_protollo di intesa Putignano_rete antiviolenza.txt,0.0,0.0,0.0,0.0,0.0,0.0,0.0,0.0,0.0,0.0,1,1,0,0,0,0,0,0.0,2.0
12_2406_rta_12_240926133706_4166---STAR.txt,0.0,0.0,0.0,0.0,0.0,0.0,0.0,0.0,0.0,0.0,1,1,0,0,0,0,0,0.0,2.0
05_2406_rta_05_240919114041_4166---protocollounicorevisionato2024.txt,0.0,0.0,0.0,0.0,0.0,0.0,0.0,0.0,0.0,0.0,1,0,0,0,0,0,0,0.0,1.0
05_2406_rta_05_240919114041_4166---protocollounicorevisionato2024.txt,0.0,0.0,0.0,0.0,0.0,0.0,0.0,0.0,0.0,0.0,1,0,0,0,0,0,0,0.0,1.0
05_2406_rta_05_240919114041_4166---protocollounicorevisionato2024.txt,0.0,0.0,0.0,0.0,0.0,0.0,0.0,0.0,0.0,0.0,1,1,0,0,0,0,0,0.0,2.0
05_2406_rta_05_240919114041_4166---protocollounicorevisionato2024.txt,0.0,0.0,0.0,0.0,0.0,0.0,0.0,0.0,0.0,0.0,1,1,0,0,0,0,0,0.0,2.0
01_2406_rta_01_240904150044_4166---Protocollocav-irene2022-2025.txt,0.0,0.0,0.0,0.0,0.0,0.0,0.0,0.0,0.0,0.0,0,0,0,0,0,0,0,0.0,0.0
01_2406_rta_01_240904120005_4166---protocollo.txt,0.0,0.0,0.0,0.0,0.0,0.0,0.0,0.0,0.0,0.0,0,0,0,0,0,0,0,0.0,0.0
12_2406_rta_12_240926113237_4166---Accordocavunuiversitari.txt,0.0,0.0,0.0,0.0,0.0,0.0,0.0,0.0,0.0,0.0,1,0,0,0,0,0,0,0.0,1.0
03_2406_rta_03_240918153240_4166---Protocollod'intesaperl'IstituzionediunSistemaTerritorialeAntiviolenzainReteconAddendumSindacati.txt,0.0,0.0,0.0,0.0,0.0,0.0,0.0,0.0,0.0,0.0,1,0,0,0,0,0,0,0.0,1.0
18_2406_rta_18_240926103211_4166---PROTOCOLLOviolasottoscritto.txt,0.0,0.0,0.0,0.0,0.0,0.0,0.0,0.0,0.0,0.0,1,0,0,0,0,0,0,0.0,1.0
12_2406_rta_12_241003114931_4166---ProtocollodiintesaDifferenzaDonnaeMunicipio13.txt,0.0,0.0,0.0,0.0,0.0,0.0,0.0,0.0,0.0,0.0,1,0,0,0,0,0,0,0.0,1.0
12_2406_rta_12_241001130527_4166---protocollocontrolaviolenzadigenere.pdfpdf.txt,0.0,0.0,0.0,0.0,0.0,0.0,0.0,0.0,0.0,0.0,1,0,0,0,0,0,0,0.0,1.0
03_2406_rta_03_240926123135_4166---ProtocollodiRete.txt,0.0,0.0,0.0,0.0,0.0,0.0,0.0,0.0,0.0,0.0,1,0,0,0,0,0,0,0.0,1.0
11_2406_rta_11_240911113911_4166---AscoliPPROTOCOLLOoperativo_2019_2021.txt,0.0,0.0,0.0,0.0,0.0,0.0,0.0,0.0,0.0,0.0,1,0,0,0,0,0,0,0.0,1.0
03_2406_rta_03_240926122051_4166---Protocollomonz.txt,0.0,0.0,0.0,0.0,0.0,0.0,0.0,0.0,0.0,0.0,1,1,0,0,0,0,0,0.0,2.0
13_2406_rta_13_241122115416_4166---PROTOCOLLOPESCARA.txt,0.0,0.0,0.0,0.0,0.0,0.0,0.0,0.0,0.0,0.0,1,1,1,0,0,0,0,0.0,3.0
20_2406_rta_20_250620094616_4166---Delibera52-22del23.12.2024-Allegato1.txt,0.0,0.0,0.0,0.0,0.0,0.0,0.0,0.0,0.0,0.0,1,1,0,0,0,0,0,0.0,2.0
08_2406_rta_08_241015091725_4166---Protoc-Prefett-2017.txt,0.0,0.0,0.0,0.0,0.0,0.0,0.0,0.0,0.0,0.0,1,1,0,0,0,0,0,0.0,2.0
01_2406_rta_01_240920123646_4166---vercellieos.txt,0.0,0.0,0.0,0.0,0.0,0.0,0.0,0.0,0.0,0.0,1,1,1,0,0,0,0,0.0,3.0
07_2406_rta_07_240916163956_4166---DGR477_2022_Protocollo.txt,0.0,0.0,0.0,0.0,0.0,0.0,0.0,0.0,0.0,0.0,1,1,0,0,0,0,0,0.0,2.0
01_2406_rta_01_240904150044_4166---Protocollocav-irene2022-2025.txt,0.0,0.0,0.0,0.0,0.0,0.0,0.0,0.0,0.0,0.0,0,0,0,0,0,0,0,0.0,0.0
18_2406_rta_18_240926102706_4166---protocollomondorosa2013.txt,0.0,0.0,0.0,0.0,0.0,0.0,0.0,0.0,0.0,0.0,1,1,0,0,0,0,0,0.0,2.0
08_2406_rta_08_241015091655_4166---Aggiornamentointegrazioneprotocollooperativoapprovatonelgiugno2008.txt,0.0,0.0,0.0,0.0,0.0,0.0,0.0,0.0,0.0,0.0,1,0,0,0,0,0,0,0.0,1.0
08_2406_rta_08_241015091430_4166---Protocollo_Distrettuale_Contrasto_violenza_Donne2023.stamped.txt,0.0,0.0,0.0,0.0,0.0,0.0,0.0,0.0,0.0,0.0,1,0,0,0,0,0,0,0.0,1.0
08_2406_rta_08_241015091655_4166---Aggiornamentointegrazioneprotocollooperativoapprovatonelgiugno2008.txt,0.0,0.0,0.0,0.0,0.0,0.0,0.0,0.0,0.0,0.0,1,0,0,0,0,0,0,0.0,1.0
18_2406_rta_18_240926102419_4166---protocollodiintesaterritorialeunito.txt,0.0,0.0,0.0,0.0,0.0,0.0,0.0,0.0,0.0,0.0,1,0,0,0,0,0,0,0.0,1.0
18_2406_rta_18_240926102419_4166---protocollodiintesaterritorialeunito.txt,0.0,0.0,0.0,0.0,0.0,0.0,0.0,0.0,0.0,0.0,1,0,0,0,0,0,0,0.0,1.0
18_2406_rta_18_240926102419_4166---protocollodiintesaterritorialeunito.txt,0.0,0.0,0.0,0.0,0.0,0.0,0.0,0.0,0.0,0.0,1,0,0,0,0,0,0,0.0,1.0
18_2406_rta_18_240926102419_4166---protocollodiintesaterritorialeunito.txt,0.0,0.0,0.0,0.0,0.0,0.0,0.0,0.0,0.0,0.0,1,0,0,0,0,0,0,0.0,1.0
18_2406_rta_18_240926102419_4166---protocollodiintesaterritorialeunito.txt,0.0,0.0,0.0,0.0,0.0,0.0,0.0,0.0,0.0,0.0,1,0,0,0,0,0,0,0.0,1.0
05_2406_rta_05_240917141534_4166---protocollodiretefirmato.txt,0.0,0.0,0.0,0.0,0.0,0.0,0.0,0.0,0.0,0.0,1,1,1,0,0,0,0,0.0,3.0
05_2406_rta_05_240919114041_4166---protocollounicorevisionato2024.txt,0.0,0.0,0.0,0.0,0.0,0.0,0.0,0.0,0.0,0.0,1,0,0,0,0,0,0,0.0,1.0
05_2406_rta_05_240919114041_4166---protocollounicorevisionato2024.txt,0.0,0.0,0.0,0.0,0.0,0.0,0.0,0.0,0.0,0.0,1,0,0,0,0,0,0,0.0,1.0
05_2406_rta_05_240917141534_4166---protocollodiretefirmato.txt,0.0,0.0,0.0,0.0,0.0,0.0,0.0,0.0,0.0,0.0,1,1,0,0,0,0,0,0.0,2.0
05_2406_rta_05_240917141534_4166---protocollodiretefirmato.txt,0.0,0.0,0.0,0.0,0.0,0.0,0.0,0.0,0.0,0.0,1,1,0,0,0,0,0,0.0,2.0
03_2406_rta_03_240926122051_4166---Protocollomonz.txt,0.0,0.0,0.0,0.0,0.0,0.0,0.0,0.0,0.0,0.0,1,1,1,0,0,0,0,0.0,3.0
13_2406_rta_13_241122101453_4166---ProtocollodiRete_AlphaChieti.txt,0.0,0.0,0.0,0.0,0.0,0.0,0.0,0.0,0.0,0.0,1,1,1,0,0,0,0,0.0,3.0
07_2406_rta_07_240916163956_4166---DGR477_2022_Protocollo.txt,0.0,0.0,0.0,0.0,0.0,0.0,0.0,0.0,0.0,0.0,1,1,0,0,0,0,0,0.0,2.0
07_2406_rta_07_240916163956_4166---DGR477_2022_Protocollo.txt,0.0,0.0,0.0,0.0,0.0,0.0,0.0,0.0,0.0,0.0,1,1,0,0,0,0,0,0.0,2.0
07_2406_rta_07_240916163956_4166---DGR477_2022_Protocollo.txt,0.0,0.0,0.0,0.0,0.0,0.0,0.0,0.0,0.0,0.0,1,1,0,0,0,0,0,0.0,2.0
07_2406_rta_07_240916163956_4166---DGR477_2022_Protocollo.txt,0.0,0.0,0.0,0.0,0.0,0.0,0.0,0.0,0.0,0.0,1,1,0,0,0,0,0,0.0,2.0
03_2406_rta_03_240923163715_4166---PROTOCOLLOD'INTESA2017_2020.txt,0.0,0.0,0.0,0.0,0.0,0.0,0.0,0.0,0.0,0.0,1,1,0,0,0,0,0,0.0,2.0
03_2406_rta_03_240926122707_4166---ProtocolloReteAntiviolenzaconfirme.txt,0.0,0.0,0.0,0.0,0.0,0.0,0.0,0.0,0.0,0.0,1,1,0,0,0,0,0,0.0,2.0
03_2406_rta_03_240918151606_4166---A_RetePavia_Protocollo2021_e_Integrazioni2023_firmato_compressed.txt,0.0,0.0,0.0,0.0,0.0,0.0,0.0,0.0,0.0,0.0,1,1,1,0,0,1,1,0.0,5.0
13_2406_rta_13_241122103653_4166---protocollodirete_cavlafenice_provinciateramo.txt,0.0,0.0,0.0,0.0,0.0,0.0,0.0,0.0,0.0,0.0,1,1,0,0,0,0,0,0.0,2.0
05_2406_rta_05_240918144304_4166---Protocollo_ULSS2-DistrettoTreviso.txt,0.0,0.0,0.0,0.0,0.0,0.0,0.0,0.0,0.0,0.0,0,0,0,0,0,0,0,0.0,0.0
08_2406_rta_08_241015091621_4166---PROTOCOLLO_22.txt,0.0,0.0,0.0,0.0,0.0,0.0,0.0,0.0,0.0,0.0,1,1,1,0,0,0,0,0.0,3.0
08_2406_rta_08_241015091832_4166---P.G.111546-2023PROTOCOLLOOPERATIVOFENOMENOVIOLENZADONNE(1).txt,0.0,0.0,0.0,0.0,0.0,0.0,0.0,0.0,0.0,0.0,1,1,1,0,0,0,0,0.0,3.0
05_2406_rta_05_240919122126_4166---PROTOCOLLOULSS8BERICA.txt,0.0,0.0,0.0,0.0,0.0,0.0,0.0,0.0,0.0,0.0,1,1,1,0,0,0,0,0.0,3.0
03_2406_rta_03_240923102947_4166---ProtSOTTOSCRITTO_ReteAntiviolenzaPiuIntegrazioneAprile2024(1).txt,0.0,0.0,0.0,0.0,0.0,0.0,0.0,0.0,0.0,0.0,1,1,1,0,0,0,0,0.0,3.0
09_PRATO PREF.txt,0.0,0.0,0.0,0.0,0.0,0.0,0.0,0.0,0.0,0.0,1,1,0,0,0,0,0,0.0,2.0
11_2406_rta_11_240911113105_4166---PROTOCOLLO_OPERATIVO2024_CONINDIRIZZARIO_FIRMATO.txt,0.0,0.0,0.0,0.0,0.0,0.0,0.0,0.0,0.0,0.0,1,1,0,0,1,1,1,0.0,5.0
09_AREZZO Prot_2024-2026.txt,0.0,0.0,0.0,0.0,0.0,0.0,0.0,0.0,0.0,0.0,1,1,0,0,0,1,1,0.0,4.0
11_2406_rta_11_240911113911_4166---AscoliPPROTOCOLLOoperativo_2019_2021.txt,0.0,0.0,0.0,0.0,0.0,0.0,0.0,0.0,0.0,0.0,1,1,0,0,0,0,0,0.0,2.0
03_2406_rta_03_240926114940_4166---ProtocollodiintesaeAllegatoTecnico_SOTTOSCRITTO.txt,0.0,0.0,0.0,0.0,0.0,0.0,0.0,0.0,0.0,0.0,1,1,1,0,0,0,0,0.0,3.0
08_2406_rta_08_241015091310_4166---Accordo_Contrasto_alla_violenza_CittMtrBO.txt,0.0,0.0,0.0,0.0,0.0,0.0,0.0,0.0,0.0,0.0,1,0,0,0,0,0,0,0.0,1.0
03_2406_rta_03_240923165401_4166---PROTOCOLLODIrete2020-2023_rev2confirmescan.txt,0.0,0.0,0.0,0.0,0.0,0.0,0.0,0.0,0.0,0.0,1,1,0,0,0,0,0,0.0,2.0
16_2406_rta_16_250409174252_4166---Protocollo_Intesa_LARA.txt,0.0,0.0,0.0,0.0,0.0,0.0,0.0,0.0,0.0,0.0,1,1,0,0,0,0,0,0.0,2.0
20_2406_rta_20_250620094616_4166---Delibera52-22del23.12.2024-Allegato1.txt,0.0,0.0,0.0,0.0,0.0,0.0,0.0,0.0,0.0,0.0,1,1,0,0,0,0,0,0.0,2.0
18_2406_rta_18_240926102620_4166---protocollopercorsorosa.txt,0.0,0.0,0.0,0.0,0.0,0.0,0.0,0.0,0.0,0.0,1,1,1,0,0,0,0,0.0,3.0
13_2406_rta_13_241122103901_4166---Protocollirete_ortonaelancianoCAVdonn.ÿ.txt,0.0,0.0,0.0,0.0,0.0,0.0,0.0,0.0,0.0,0.0,1,1,0,0,0,0,0,0.0,2.0
03_2406_rta_03_240925144919_4166---RETEDICOMO-PROTOCOLLOINTERIST.17novembre2023(1).txt,0.0,0.0,0.0,0.0,0.0,0.0,0.0,0.0,0.0,0.0,1,1,1,0,0,0,0,0.0,3.0
18_2406_rta_18_240926103211_4166---PROTOCOLLOviolasottoscritto.txt,0.0,0.0,0.0,0.0,0.0,0.0,0.0,0.0,0.0,0.0,1,1,1,0,0,1,1,0.0,5.0
03_2406_rta_03_240918153252_4166---Protocollo+Appendice+LineeGuida_Datatodafirmare.txt,0.0,0.0,0.0,0.0,0.0,0.0,0.0,0.0,0.0,0.0,1,1,1,0,0,1,1,0.0,5.0
08_2406_rta_08_241015091355_4166---PROTOCOLLO_CONTRO_VIOLENZA_firmato2023.txt,0.0,0.0,0.0,0.0,0.0,0.0,0.0,0.0,0.0,0.0,1,1,1,0,0,1,1,0.0,5.0
16_2406_rta_16_250410122122_4166---Protocollo_Viola.txt,0.0,0.0,0.0,0.0,0.0,0.0,0.0,0.0,0.0,0.0,1,1,0,0,0,0,0,0.0,2.0
06_2406_rta_06_240916164258_4166---Protocolloviolenzadomesticaedigenere_30.09.2019.txt,0.0,0.0,0.0,0.0,0.0,0.0,0.0,0.0,0.0,0.0,1,1,0,0,0,0,0,0.0,2.0
16_lecce_Protocollo Operativo - Procedure integrate per la prevenzione e il contrasto alla violenza contro donne e minori - Copia_Marcato.txt,0.0,0.0,0.0,0.0,0.0,0.0,0.0,0.0,0.0,0.0,1,0,1,0,0,0,0,0.0,2.0
03_2406_rta_03_240918153240_4166---Protocollod'intesaperl'IstituzionediunSistemaTerritorialeAntiviolenzainReteconAddendumSindacati.txt,0.0,0.0,0.0,0.0,0.0,0.0,0.0,0.0,0.0,0.0,1,1,1,0,0,1,1,0.0,5.0
09_LIVORNO Protocollo_ RETE ANTIVIOLENZA_ LIVORNO.txt,0.0,0.0,0.0,0.0,0.0,0.0,0.0,0.0,0.0,0.0,1,0,0,0,0,0,0,0.0,1.0
03_2406_rta_03_240923111659_4166---ProtocolloantiviolenzaComunediLodi_scansioneconfirme_maggio2014.txt,0.0,0.0,0.0,0.0,0.0,0.0,0.0,0.0,0.0,0.0,1,1,1,0,0,0,0,0.0,3.0
09_LUCCA PROV.txt,0.0,0.0,0.0,0.0,0.0,0.0,0.0,0.0,0.0,0.0,1,1,0,0,0,0,0,0.0,2.0
03_2406_rta_03_240918153156_4166---Protocollo_d'Intesa_Rete_Mantova.prot.txt,0.0,0.0,0.0,0.0,0.0,0.0,0.0,0.0,0.0,0.0,1,1,1,0,0,0,0,0.0,3.0
09_APUANE_2015 Protocollo Prefettura.txt,0.0,0.0,0.0,0.0,0.0,0.0,0.0,0.0,0.0,0.0,1,1,0,0,0,0,0,0.0,2.0
03_2406_rta_03_240920093134_4166---Protocollo_Intesa_Rete_Antiviolenza_SudEstMilano_Paullese_2021-2023.txt,0.0,0.0,0.0,0.0,0.0,0.0,0.0,0.0,0.0,0.0,1,1,1,0,0,0,0,0.0,3.0
08_2406_rta_08_241015091725_4166---Protoc-Prefett-2017.txt,0.0,0.0,0.0,0.0,0.0,0.0,0.0,0.0,0.0,0.0,1,1,1,0,0,0,0,0.0,3.0
20_2406_rta_20_250620094616_4166---Delibera52-22del23.12.2024-Allegato1.txt,0.0,0.0,0.0,0.0,0.0,0.0,0.0,0.0,0.0,0.0,1,1,0,0,0,0,0,0.0,2.0
20_2406_rta_20_250620094616_4166---Delibera52-22del23.12.2024-Allegato1.txt,0.0,0.0,0.0,0.0,0.0,0.0,0.0,0.0,0.0,0.0,1,1,0,0,0,0,0,0.0,2.0
05_2406_rta_05_240918153458_4166---protocolloprovPadova.txt,0.0,0.0,0.0,0.0,0.0,0.0,0.0,0.0,0.0,0.0,1,1,0,0,0,0,0,0.0,2.0
10_2406_rta_10_250506141901_4166---ProtocollounicoregionaleRINNOVATO.txt,0.0,0.0,0.0,0.0,0.0,0.0,0.0,0.0,0.0,0.0,1,0,0,0,0,0,0,0.0,1.0
11_2406_rta_11_240911113034_4166---protocollodireteantiviolenza2020-2022-uuvv.txt,0.0,0.0,0.0,0.0,0.0,0.0,0.0,0.0,0.0,0.0,1,1,1,0,1,0,1,0.0,5.0
13_2406_rta_13_241122115416_4166---PROTOCOLLOPESCARA.txt,0.0,0.0,0.0,0.0,0.0,0.0,0.0,0.0,0.0,0.0,1,1,1,0,0,0,0,0.0,3.0
08_2406_rta_08_241015092005_4166---DG216-2024.txt,0.0,0.0,0.0,0.0,0.0,0.0,0.0,0.0,0.0,0.0,1,0,1,0,0,0,0,0.0,2.0
09_PISA PREF E PROV.txt,0.0,0.0,0.0,0.0,0.0,0.0,0.0,0.0,0.0,0.0,1,1,1,0,0,0,0,0.0,3.0
09_PISTOIA PROV .txt,0.0,0.0,0.0,0.0,0.0,0.0,0.0,0.0,0.0,0.0,1,1,0,0,0,0,0,0.0,2.0
08_2406_rta_08_241015092049_4166---PROTOCOLLOD.G.C.FAENZA304-2009.txt,0.0,0.0,0.0,0.0,0.0,0.0,0.0,0.0,0.0,0.0,1,1,0,0,0,0,0,0.0,2.0
08_2406_rta_08_241015091655_4166---Aggiornamentointegrazioneprotocollooperativoapprovatonelgiugno2008.txt,0.0,0.0,0.0,0.0,0.0,0.0,0.0,0.0,0.0,0.0,1,1,1,0,0,0,0,0.0,3.0
12_2406_rta_12_241001130527_4166---protocollocontrolaviolenzadigenere.pdfpdf.txt,0.0,0.0,0.0,0.0,0.0,0.0,0.0,0.0,0.0,0.0,1,1,0,0,0,0,0,0.0,2.0
08_2406_rta_08_241015091553_4166---Protocollosullaviolenzadigenere_confirme_prot.txt,0.0,0.0,0.0,0.0,0.0,0.0,0.0,0.0,0.0,0.0,1,1,1,0,0,0,0,0.0,3.0
05_2406_rta_05_240916173648_4166---ULSS5Polesana_Protocollodirete.txt,0.0,0.0,0.0,0.0,0.0,0.0,0.0,0.0,0.0,0.0,1,1,0,0,0,0,0,0.0,2.0
20_2406_rta_20_250620094616_4166---Delibera52-22del23.12.2024-Allegato1.txt,0.0,0.0,0.0,0.0,0.0,0.0,0.0,0.0,0.0,0.0,1,1,0,0,0,0,0,0.0,2.0
09_ALTA VALDELSA Protocollo-violenza-valdelsa-2022_ALTA VALDELSA.txt,0.0,0.0,0.0,0.0,0.0,0.0,0.0,0.0,0.0,0.0,1,0,0,0,0,0,0,0.0,1.0
16_taranto_protocollo d'intesa CAVGinosa sottoscritto.txt,0.0,0.0,0.0,0.0,0.0,0.0,0.0,0.0,0.0,0.0,1,1,0,0,0,0,0,0.0,2.0
10_2406_rta_10_250506141901_4166---ProtocollounicoregionaleRINNOVATO.txt,0.0,0.0,0.0,0.0,0.0,0.0,0.0,0.0,0.0,0.0,1,0,0,0,0,0,0,0.0,1.0
05_2406_rta_05_240917141534_4166---protocollodiretefirmato.txt,0.0,0.0,0.0,0.0,0.0,0.0,0.0,0.0,0.0,0.0,1,0,0,0,0,0,0,0.0,1.0
06_2406_rta_06_240916164153_4166---protocolloprefettura.txt,0.0,0.0,0.0,0.0,0.0,0.0,0.0,0.0,0.0,0.0,1,1,0,0,0,0,0,0.0,2.0
05_2406_rta_05_240916131522_4166---protocolloaggiornamento2023.txt,0.0,0.0,0.0,0.0,0.0,0.0,0.0,0.0,0.0,0.0,1,1,0,0,0,0,0,0.0,2.0
01_2406_rta_01_240920123646_4166---vercellieos.txt,0.0,0.0,0.0,0.0,0.0,0.0,0.0,0.0,0.0,0.0,1,1,1,0,0,0,0,0.0,3.0
05_2406_rta_05_240919114041_4166---protocollounicorevisionato2024.txt,0.0,0.0,0.0,0.0,0.0,0.0,0.0,0.0,0.0,0.0,1,1,0,0,0,0,0,0.0,2.0
12_2406_rta_12_240926134140_4166---Protocollointesa.txt,0.0,0.0,0.0,0.0,0.0,0.0,0.0,0.0,0.0,0.0,1,1,1,0,0,0,0,0.0,3.0
06_2406_rta_06_240916164102_4166---protocollopordenoneprefettura.txt,0.0,0.0,0.0,0.0,0.0,0.0,0.0,0.0,0.0,0.0,1,1,0,0,0,1,1,0.0,4.0
11_2406_rta_11_240911113235_4166---MacerataProtocollo2019_2022Firmato.txt,0.0,0.0,0.0,0.0,0.0,0.0,0.0,0.0,0.0,0.0,1,1,1,0,0,1,1,0.0,5.0
12_2406_rta_12_241004144338_4166---06-ProtocolloComunediVALLECORSA.txt,0.0,0.0,0.0,0.0,0.0,0.0,0.0,0.0,0.0,0.0,0,0,0,0,0,0,0,0.0,0.0
07_2406_rta_07_240916163933_4166---sub_14574431199510849525_Protocollo_LVLS-signed.txt,0.0,0.0,0.0,0.0,0.0,0.0,0.0,0.0,0.0,0.0,0,0,0,0,0,0,0,0.0,0.0
06_2406_rta_06_240916164122_4166---prot_n_0119980_2024_Accordo(firmato).txt,0.0,0.0,0.0,0.0,0.0,0.0,0.0,0.0,0.0,0.0,0,0,0,0,0,0,0,0.0,0.0
01_2406_rta_01_240904150044_4166---Protocollocav-irene2022-2025.txt,0.0,0.0,0.0,0.0,0.0,0.0,0.0,0.0,0.0,0.0,0,0,0,0,0,0,0,0.0,0.0
18_2406_rta_18_240926102706_4166---protocollomondorosa2013.txt,0.0,0.0,0.0,0.0,0.0,0.0,0.0,0.0,0.0,0.0,1,1,0,0,0,0,0,0.0,2.0
11_2406_rta_11_240911113757_4166---All.4ProtocolloReteAntiviolenzasottoscritto18.12.2023.txt,0.0,0.0,0.0,0.0,0.0,0.0,0.0,0.0,0.0,0.0,1,1,0,0,0,0,0,0.0,2.0
12_2406_rta_12_241003115345_4166---1.PROTOCOLLOTAVOLOINTERISTITUZIONALE.txt,0.0,0.0,0.0,0.0,0.0,0.0,0.0,0.0,0.0,0.0,1,1,0,0,0,0,0,0.0,2.0
08_2406_rta_08_241015091655_4166---Aggiornamentointegrazioneprotocollooperativoapprovatonelgiugno2008.txt,0.0,0.0,0.0,0.0,0.0,0.0,0.0,0.0,0.0,0.0,1,0,0,0,0,0,0,0.0,1.0
09_APUANE_2015 Protocollo Prefettura.txt,0.0,0.0,0.0,0.0,0.0,0.0,0.0,0.0,0.0,0.0,0,0,0,0,0,0,0,0.0,0.0
05_2406_rta_05_240916131522_4166---protocolloaggiornamento2023.txt,0.0,0.0,0.0,0.0,0.0,0.0,0.0,0.0,0.0,0.0,1,1,0,0,0,0,0,0.0,2.0
11_2406_rta_11_240911113105_4166---PROTOCOLLO_OPERATIVO2024_CONINDIRIZZARIO_FIRMATO.txt,0.0,0.0,0.0,0.0,0.0,0.0,0.0,0.0,0.0,0.0,1,1,0,0,0,0,0,0.0,2.0
13_2406_rta_13_241122105938_4166---ACCORDOOPERATIVO.txt,0.0,0.0,0.0,0.0,0.0,0.0,0.0,0.0,0.0,0.0,0,0,0,0,0,0,0,0.0,0.0
09_APUANE_2015 Protocollo Prefettura.txt,0.0,0.0,0.0,0.0,0.0,0.0,0.0,0.0,0.0,0.0,0,0,0,0,0,0,0,0.0,0.0
18_2406_rta_18_240926103211_4166---PROTOCOLLOviolasottoscritto.txt,0.0,0.0,0.0,0.0,0.0,0.0,0.0,0.0,0.0,0.0,1,1,0,0,0,0,0,0.0,2.0
09_GROSSETO 2022 fpdf.txt,0.0,0.0,0.0,0.0,0.0,0.0,0.0,0.0,0.0,0.0,1,1,0,0,0,0,0,0.0,2.0
11_2406_rta_11_240911113034_4166---protocollodireteantiviolenza2020-2022-uuvv.txt,0.0,0.0,0.0,0.0,0.0,0.0,0.0,0.0,0.0,0.0,1,1,0,0,0,0,0,0.0,2.0
12_2406_rta_12_241001130527_4166---protocollocontrolaviolenzadigenere.pdfpdf.txt,0.0,0.0,0.0,0.0,0.0,0.0,0.0,0.0,0.0,0.0,1,1,0,0,0,0,0,0.0,2.0
07_2406_rta_07_240916163905_4166---PROTOCOLLOFIRMATO(002).txt,0.0,0.0,0.0,0.0,0.0,0.0,0.0,0.0,0.0,0.0,0,0,0,0,0,0,0,0.0,0.0
03_2406_rta_03_240923101524_4166---PROTOCOLLO_DI_INTESA_versione_DEFINITIVA2021.stamped.txt,0.0,0.0,0.0,0.0,0.0,0.0,0.0,0.0,0.0,0.0,1,1,0,0,0,0,0,0.0,2.0
16_bari_protocollo operativo Mola di Bari_rete Antiviolenza.txt,0.0,0.0,0.0,0.0,0.0,0.0,0.0,0.0,0.0,0.0,1,0,0,0,0,0,0,0.0,1.0
09_PISA PREF E PROV.txt,0.0,0.0,0.0,0.0,0.0,0.0,0.0,0.0,0.0,0.0,1,1,0,0,0,0,0,0.0,2.0
06_2406_rta_06_240916164153_4166---protocolloprefettura.txt,0.0,0.0,0.0,0.0,0.0,0.0,0.0,0.0,0.0,0.0,1,0,0,0,0,0,0,0.0,1.0
08_2406_rta_08_241015091355_4166---PROTOCOLLO_CONTRO_VIOLENZA_firmato2023.txt,0.0,0.0,0.0,0.0,0.0,0.0,0.0,0.0,0.0,0.0,1,1,0,0,0,0,0,0.0,2.0
03_2406_rta_03_240920124656_4166---ProtocolloantiviolenzaDEFINITIVO(1).txt,0.0,0.0,0.0,0.0,0.0,0.0,0.0,0.0,0.0,0.0,1,1,0,0,0,0,0,0.0,2.0
20_2406_rta_20_250620094616_4166---Delibera52-22del23.12.2024-Allegato1.txt,0.0,0.0,0.0,0.0,0.0,0.0,0.0,0.0,0.0,0.0,1,1,0,0,0,0,0,0.0,2.0
07_2406_rta_07_240916163956_4166---DGR477_2022_Protocollo.txt,0.0,0.0,0.0,0.0,0.0,0.0,0.0,0.0,0.0,0.0,1,1,0,0,0,0,0,0.0,2.0
13_2406_rta_13_241122103653_4166---protocollodirete_cavlafenice_provinciateramo.txt,0.0,0.0,0.0,0.0,0.0,0.0,0.0,0.0,0.0,0.0,1,1,0,0,0,0,0,0.0,2.0
03_2406_rta_03_240923105244_4166---ProtocolloViolenzaMilanoFirme2023.txt,0.0,0.0,0.0,0.0,0.0,0.0,0.0,0.0,0.0,0.0,1,1,1,0,0,0,0,0.0,3.0
20_2406_rta_20_250620094616_4166---Delibera52-22del23.12.2024-Allegato1.txt,0.0,0.0,0.0,0.0,0.0,0.0,0.0,0.0,0.0,0.0,1,1,0,0,0,0,0,0.0,2.0
05_2406_rta_05_240918153458_4166---protocolloprovPadova.txt,0.0,0.0,0.0,0.0,0.0,0.0,0.0,0.0,0.0,0.0,1,1,0,0,0,0,0,0.0,2.0
10_2406_rta_10_250506141901_4166---ProtocollounicoregionaleRINNOVATO.txt,0.0,0.0,0.0,0.0,0.0,0.0,0.0,0.0,0.0,0.0,1,0,0,0,0,0,0,0.0,1.0
06_2406_rta_06_240924164454_4166---protocollo_tempo_sospeso.txt,0.0,0.0,0.0,0.0,0.0,0.0,0.0,0.0,0.0,0.0,1,0,0,0,0,0,0,0.0,1.0
08_2406_rta_08_241015091310_4166---Accordo_Contrasto_alla_violenza_CittMtrBO.txt,0.0,0.0,0.0,0.0,0.0,0.0,0.0,0.0,0.0,0.0,1,0,0,0,0,0,0,0.0,1.0
01_2406_rta_01_241018134519_4166---Protocollooperativointeristituzionaleviolenzadigenere2023-2026def.txt,0.0,0.0,0.0,0.0,0.0,0.0,0.0,0.0,0.0,0.0,0,0,0,0,0,0,0,0.0,0.0
16_2406_rta_16_250409174252_4166---Protocollo_Intesa_LARA.txt,0.0,0.0,0.0,0.0,0.0,0.0,0.0,0.0,0.0,0.0,1,1,1,0,0,0,0,0.0,3.0
12_2406_rta_12_241002130504_4166---3Protocollid'intesa-TavoloInteristituzionaletraUfficiGiudiziaricompetentinelcircondariodiRomaavvocaturaecentriantiviolenza(1).txt,0.0,0.0,0.0,0.0,0.0,0.0,0.0,0.0,0.0,0.0,1,1,0,0,0,0,0,0.0,2.0
18_2406_rta_18_240926102931_4166---PROT.2403-24.txt,0.0,0.0,0.0,0.0,0.0,0.0,0.0,0.0,0.0,0.0,0,0,0,0,0,0,0,0.0,0.0
16_2406_rta_16_250410122122_4166---Protocollo_Viola.txt,0.0,0.0,0.0,0.0,0.0,0.0,0.0,0.0,0.0,0.0,1,1,0,0,0,0,0,0.0,2.0
08_2406_rta_08_241015091430_4166---Protocollo_Distrettuale_Contrasto_violenza_Donne2023.stamped.txt,0.0,0.0,0.0,0.0,0.0,0.0,0.0,0.0,0.0,0.0,0,0,0,0,0,0,0,0.0,0.0
13_2406_rta_13_241122105938_4166---ACCORDOOPERATIVO.txt,0.0,0.0,0.0,0.0,0.0,0.0,0.0,0.0,0.0,0.0,0,0,0,0,0,0,0,0.0,0.0
08_2406_rta_08_241015092024_4166---Protocollooperativo.txt,0.0,0.0,0.0,0.0,0.0,0.0,0.0,0.0,0.0,0.0,0,0,0,0,0,0,0,0.0,0.0
03_2406_rta_03_240923101524_4166---PROTOCOLLO_DI_INTESA_versione_DEFINITIVA2021.stamped.txt,0.0,0.0,0.0,0.0,0.0,0.0,0.0,0.0,0.0,0.0,1,1,0,0,0,0,0,0.0,2.0
09_APUANE_2015 Protocollo Prefettura.txt,0.0,0.0,0.0,0.0,0.0,0.0,0.0,0.0,0.0,0.0,0,0,0,0,0,0,0,0.0,0.0
08_2406_rta_08_241015091355_4166---PROTOCOLLO_CONTRO_VIOLENZA_firmato2023.txt,0.0,0.0,0.0,0.0,0.0,0.0,0.0,0.0,0.0,0.0,1,1,0,0,0,0,0,0.0,2.0
11_2406_rta_11_240911113105_4166---PROTOCOLLO_OPERATIVO2024_CONINDIRIZZARIO_FIRMATO.txt,0.0,0.0,0.0,0.0,0.0,0.0,0.0,0.0,0.0,0.0,1,1,0,0,0,0,0,0.0,2.0
16_bari_Protocollo Gioia del Colle_ATS_Rete locale.txt,0.0,0.0,0.0,0.0,0.0,0.0,0.0,0.0,0.0,0.0,1,1,0,0,0,0,0,0.0,2.0
03_2406_rta_03_240920124656_4166---ProtocolloantiviolenzaDEFINITIVO(1).txt,0.0,0.0,0.0,0.0,0.0,0.0,0.0,0.0,0.0,0.0,1,1,0,0,0,0,0,0.0,2.0
20_2406_rta_20_250620094616_4166---Delibera52-22del23.12.2024-Allegato1.txt,0.0,0.0,0.0,0.0,0.0,0.0,0.0,0.0,0.0,0.0,1,1,0,0,0,0,0,0.0,2.0
13_2406_rta_13_241122101453_4166---ProtocollodiRete_AlphaChieti.txt,0.0,0.0,0.0,0.0,0.0,0.0,0.0,0.0,0.0,0.0,1,1,0,0,0,0,0,0.0,2.0
16_2406_rta_16_250409174252_4166---Protocollo_Intesa_LARA.txt,0.0,0.0,0.0,0.0,0.0,0.0,0.0,0.0,0.0,0.0,1,1,1,0,0,0,0,0.0,3.0
03_2406_rta_03_240923105244_4166---ProtocolloViolenzaMilanoFirme2023.txt,0.0,0.0,0.0,0.0,0.0,0.0,0.0,0.0,0.0,0.0,1,1,1,0,0,0,0,0.0,3.0
12_2406_rta_12_241002130504_4166---3Protocollid'intesa-TavoloInteristituzionaletraUfficiGiudiziaricompetentinelcircondariodiRomaavvocaturaecentriantiviolenza(1).txt,0.0,0.0,0.0,0.0,0.0,0.0,0.0,0.0,0.0,0.0,1,1,0,0,0,0,0,0.0,2.0
20_2406_rta_20_250620094616_4166---Delibera52-22del23.12.2024-Allegato1.txt,0.0,0.0,0.0,0.0,0.0,0.0,0.0,0.0,0.0,0.0,1,1,0,0,0,0,0,0.0,2.0
06_2406_rta_06_240916164258_4166---Protocolloviolenzadomesticaedigenere_30.09.2019.txt,0.0,0.0,0.0,0.0,0.0,0.0,0.0,0.0,0.0,0.0,1,0,0,0,0,0,0,0.0,1.0
05_2406_rta_05_240918153458_4166---protocolloprovPadova.txt,0.0,0.0,0.0,0.0,0.0,0.0,0.0,0.0,0.0,0.0,1,1,0,0,0,0,0,0.0,2.0
"03_2406_rta_03_240923164603_4166---ProtocolloreteantiviolenzaBusto,Gallarate,Saronno,SommaLombardo-2024.txt",0.0,0.0,0.0,0.0,0.0,0.0,0.0,0.0,0.0,0.0,0,0,0,0,0,0,0,0.0,0.0
16_bari_protocollo operativo Gioia del Colle_EMI.txt,0.0,0.0,0.0,0.0,0.0,0.0,0.0,0.0,0.0,0.0,1,1,0,0,0,0,0,0.0,2.0
05_2406_rta_05_240916173648_4166---ULSS5Polesana_Protocollodirete.txt,0.0,0.0,0.0,0.0,0.0,0.0,0.0,0.0,0.0,0.0,1,0,0,0,0,0,0,0.0,1.0
18_2406_rta_18_240926102620_4166---protocollopercorsorosa.txt,0.0,0.0,0.0,0.0,0.0,0.0,0.0,0.0,0.0,0.0,1,1,0,0,0,0,0,0.0,2.0
10_2406_rta_10_250506141901_4166---ProtocollounicoregionaleRINNOVATO.txt,0.0,0.0,0.0,0.0,0.0,0.0,0.0,0.0,0.0,0.0,1,0,0,0,0,0,0,0.0,1.0
16_taranto_protocollo d'intesa CAVGinosa sottoscritto.txt,0.0,0.0,0.0,0.0,0.0,0.0,0.0,0.0,0.0,0.0,1,0,0,0,0,0,0,0.0,1.0
13_2406_rta_13_241122105938_4166---ACCORDOOPERATIVO.txt,0.0,0.0,0.0,0.0,0.0,0.0,0.0,0.0,0.0,0.0,0,0,0,0,0,0,0,0.0,0.0
01_2406_rta_01_241003113501_4166---CCVD1deliberaprotocolloccvd-2024eall1prot.txt,0.0,0.0,0.0,0.0,0.0,0.0,0.0,0.0,0.0,0.0,0,0,0,0,0,0,0,0.0,0.0
06_2406_rta_06_240924164454_4166---protocollo_tempo_sospeso.txt,0.0,0.0,0.0,0.0,0.0,0.0,0.0,0.0,0.0,0.0,0,0,0,0,0,0,0,0.0,0.0
03_2406_rta_03_240923101524_4166---PROTOCOLLO_DI_INTESA_versione_DEFINITIVA2021.stamped.txt,0.0,0.0,0.0,0.0,0.0,0.0,0.0,0.0,0.0,0.0,1,1,0,0,0,0,0,0.0,2.0
18_2406_rta_18_240926102620_4166---protocollopercorsorosa.txt,0.0,0.0,0.0,0.0,0.0,0.0,0.0,0.0,0.0,0.0,1,1,0,0,0,0,0,0.0,2.0
09_GROSSETO 2022 fpdf.txt,0.0,0.0,0.0,0.0,0.0,0.0,0.0,0.0,0.0,0.0,0,0,0,0,0,0,0,0.0,0.0
12_2406_rta_12_241001130527_4166---protocollocontrolaviolenzadigenere.pdfpdf.txt,0.0,0.0,0.0,0.0,0.0,0.0,0.0,0.0,0.0,0.0,0,0,0,0,0,0,0,0.0,0.0
10_2406_rta_10_250506141901_4166---ProtocollounicoregionaleRINNOVATO.txt,0.0,0.0,0.0,0.0,0.0,0.0,0.0,0.0,0.0,0.0,1,0,0,0,0,0,0,0.0,1.0
12_2406_rta_12_241004114912_4166---ProtocolloRetePrantiviolenzaFrosinone.txt,0.0,0.0,0.0,0.0,0.0,0.0,0.0,0.0,0.0,0.0,0,0,0,0,0,0,0,0.0,0.0
05_2406_rta_05_240919124736_4166---Protocollo_per_contrasto_alla_violenza_di_genere.stamped.txt,0.0,0.0,0.0,0.0,0.0,0.0,0.0,0.0,0.0,0.0,0,0,0,0,0,0,0,0.0,0.0
06_2406_rta_06_240916164122_4166---prot_n_0119980_2024_Accordo(firmato).txt,0.0,0.0,0.0,0.0,0.0,0.0,0.0,0.0,0.0,0.0,0,0,0,0,0,0,0,0.0,0.0
12_2406_rta_12_241002130504_4166---3Protocollid'intesa-TavoloInteristituzionaletraUfficiGiudiziaricompetentinelcircondariodiRomaavvocaturaecentriantiviolenza(1).txt,0.0,0.0,0.0,0.0,0.0,0.0,0.0,0.0,0.0,0.0,1,1,0,0,0,0,0,0.0,2.0
03_2406_rta_03_240926122051_4166---Protocollomonz.txt,0.0,0.0,0.0,0.0,0.0,0.0,0.0,0.0,0.0,0.0,1,1,1,0,0,0,0,0.0,3.0
03_2406_rta_03_240918153252_4166---Protocollo+Appendice+LineeGuida_Datatodafirmare.txt,0.0,0.0,0.0,0.0,0.0,0.0,0.0,0.0,0.0,0.0,1,1,1,0,0,0,0,0.0,3.0
08_2406_rta_08_241015091553_4166---Protocollosullaviolenzadigenere_confirme_prot.txt,0.0,0.0,0.0,0.0,0.0,0.0,0.0,0.0,0.0,0.0,1,1,0,0,0,0,0,0.0,2.0
12_2406_rta_12_241002130504_4166---3Protocollid'intesa-TavoloInteristituzionaletraUfficiGiudiziaricompetentinelcircondariodiRomaavvocaturaecentriantiviolenza(1).txt,0.0,0.0,0.0,0.0,0.0,0.0,0.0,0.0,0.0,0.0,1,1,0,0,0,0,0,0.0,2.0
09_GROSSETO 2022 fpdf.txt,0.0,0.0,0.0,0.0,0.0,0.0,0.0,0.0,0.0,0.0,1,1,0,0,0,0,0,0.0,2.0
10_2406_rta_10_250506141901_4166---ProtocollounicoregionaleRINNOVATO.txt,0.0,0.0,0.0,0.0,0.0,0.0,0.0,0.0,0.0,0.0,1,0,0,0,0,0,0,0.0,1.0
20_2406_rta_20_250620094616_4166---Delibera52-22del23.12.2024-Allegato1.txt,0.0,0.0,0.0,0.0,0.0,0.0,0.0,0.0,0.0,0.0,1,1,0,0,0,0,0,0.0,2.0
07_2406_rta_07_240916163956_4166---DGR477_2022_Protocollo.txt,0.0,0.0,0.0,0.0,0.0,0.0,0.0,0.0,0.0,0.0,1,1,0,0,0,0,0,0.0,2.0
12_2406_rta_12_241001130527_4166---protocollocontrolaviolenzadigenere.pdfpdf.txt,0.0,0.0,0.0,0.0,0.0,0.0,0.0,0.0,0.0,0.0,0,0,0,0,0,0,0,0.0,0.0
13_2406_rta_13_241122103653_4166---protocollodirete_cavlafenice_provinciateramo.txt,0.0,0.0,0.0,0.0,0.0,0.0,0.0,0.0,0.0,0.0,1,1,0,0,0,0,0,0.0,2.0
12_2406_rta_12_241004130514_4166---PROTOCOLLODIINTESAPERLAPROMOZIONEDISTRATEGIECONDIVISESULFENOMENODELLAVIOLENZADIGENERE(1).txt,0.0,0.0,0.0,0.0,0.0,0.0,0.0,0.0,0.0,0.0,0,0,0,0,0,0,0,0.0,0.0
01_2406_rta_01_240904120005_4166---protocollo.txt,0.0,0.0,0.0,0.0,0.0,0.0,0.0,0.0,0.0,0.0,0,0,0,0,0,0,0,0.0,0.0
12_2406_rta_12_241002130504_4166---3Protocollid'intesa-TavoloInteristituzionaletraUfficiGiudiziaricompetentinelcircondariodiRomaavvocaturaecentriantiviolenza(1).txt,0.0,0.0,0.0,0.0,0.0,0.0,0.0,0.0,0.0,0.0,1,1,0,0,0,0,0,0.0,2.0
11_2406_rta_11_240911113034_4166---protocollodireteantiviolenza2020-2022-uuvv.txt,0.0,0.0,0.0,0.0,0.0,0.0,0.0,0.0,0.0,0.0,1,1,0,0,0,0,0,0.0,2.0
11_2406_rta_11_240911113034_4166---protocollodireteantiviolenza2020-2022-uuvv.txt,0.0,0.0,0.0,0.0,0.0,0.0,0.0,0.0,0.0,0.0,1,1,0,0,0,0,0,0.0,2.0
11_2406_rta_11_240911113105_4166---PROTOCOLLO_OPERATIVO2024_CONINDIRIZZARIO_FIRMATO.txt,0.0,0.0,0.0,0.0,0.0,0.0,0.0,0.0,0.0,0.0,1,1,0,0,0,0,0,0.0,2.0
16_bari_Protocollo Gioia del Colle_ATS_Rete locale.txt,0.0,0.0,0.0,0.0,0.0,0.0,0.0,0.0,0.0,0.0,1,1,0,0,0,0,0,0.0,2.0
03_2406_rta_03_240920124656_4166---ProtocolloantiviolenzaDEFINITIVO(1).txt,0.0,0.0,0.0,0.0,0.0,0.0,0.0,0.0,0.0,0.0,1,1,0,0,0,0,0,0.0,2.0
03_2406_rta_03_240925144919_4166---RETEDICOMO-PROTOCOLLOINTERIST.17novembre2023(1).txt,0.0,0.0,0.0,0.0,0.0,0.0,0.0,0.0,0.0,0.0,1,1,1,0,0,0,0,0.0,3.0
09_APUANE_2015 Protocollo Prefettura.txt,0.0,0.0,0.0,0.0,0.0,0.0,0.0,0.0,0.0,0.0,0,0,0,0,0,0,0,0.0,0.0
16_2406_rta_16_250410122122_4166---Protocollo_Viola.txt,0.0,0.0,0.0,0.0,0.0,0.0,0.0,0.0,0.0,0.0,1,1,0,0,0,0,0,0.0,2.0
08_2406_rta_08_241015091621_4166---PROTOCOLLO_22.txt,0.0,0.0,0.0,0.0,0.0,0.0,0.0,0.0,0.0,0.0,1,1,0,0,0,0,0,0.0,2.0
13_2406_rta_13_241122103901_4166---Protocollirete_ortonaelancianoCAVdonn.ÿ.txt,0.0,0.0,0.0,0.0,0.0,0.0,0.0,0.0,0.0,0.0,1,1,1,0,0,0,0,0.0,3.0
16_lecce_Protocollo Operativo - Procedure integrate per la prevenzione e il contrasto alla violenza contro donne e minori - Copia_Marcato.txt,0.0,0.0,0.0,0.0,0.0,0.0,0.0,0.0,0.0,0.0,1,1,1,0,0,0,0,0.0,3.0
03_2406_rta_03_240923111659_4166---ProtocolloantiviolenzaComunediLodi_scansioneconfirme_maggio2014.txt,0.0,0.0,0.0,0.0,0.0,0.0,0.0,0.0,0.0,0.0,1,1,1,0,0,0,0,0.0,3.0
11_2406_rta_11_240911113235_4166---MacerataProtocollo2019_2022Firmato.txt,0.0,0.0,0.0,0.0,0.0,0.0,0.0,0.0,0.0,0.0,1,1,0,0,0,0,0,0.0,2.0
03_2406_rta_03_240918153156_4166---Protocollo_d'Intesa_Rete_Mantova.prot.txt,0.0,0.0,0.0,0.0,0.0,0.0,0.0,0.0,0.0,0.0,1,1,1,0,0,0,0,0.0,3.0
09_APUANE_2015 Protocollo Prefettura.txt,0.0,0.0,0.0,0.0,0.0,0.0,0.0,0.0,0.0,0.0,1,1,0,0,0,0,0,0.0,2.0
03_2406_rta_03_240918151606_4166---A_RetePavia_Protocollo2021_e_Integrazioni2023_firmato_compressed.txt,0.0,0.0,0.0,0.0,0.0,0.0,0.0,0.0,0.0,0.0,1,1,1,0,0,0,0,0.0,3.0
08_2406_rta_08_241015091832_4166---P.G.111546-2023PROTOCOLLOOPERATIVOFENOMENOVIOLENZADONNE(1).txt,0.0,0.0,0.0,0.0,0.0,0.0,0.0,0.0,0.0,0.0,1,1,0,0,0,0,0,0.0,2.0
09_PISTOIA PROV .txt,0.0,0.0,0.0,0.0,0.0,0.0,0.0,0.0,0.0,0.0,1,1,0,0,0,0,0,0.0,2.0
09_PRATO PREF.txt,0.0,0.0,0.0,0.0,0.0,0.0,0.0,0.0,0.0,0.0,1,1,0,0,0,0,0,0.0,2.0
08_2406_rta_08_241015091655_4166---Aggiornamentointegrazioneprotocollooperativoapprovatonelgiugno2008.txt,0.0,0.0,0.0,0.0,0.0,0.0,0.0,0.0,0.0,0.0,1,1,1,0,0,0,0,0.0,3.0
12_2406_rta_12_241001130527_4166---protocollocontrolaviolenzadigenere.pdfpdf.txt,0.0,0.0,0.0,0.0,0.0,0.0,0.0,0.0,0.0,0.0,1,1,0,0,0,0,0,0.0,2.0
09_ALTA VALDELSA Protocollo-violenza-valdelsa-2022_ALTA VALDELSA.txt,0.0,0.0,0.0,0.0,0.0,0.0,0.0,0.0,0.0,0.0,1,0,0,0,0,0,0,0.0,1.0
16_taranto_protocollo d'intesa CAVGinosa sottoscritto.txt,0.0,0.0,0.0,0.0,0.0,0.0,0.0,0.0,0.0,0.0,1,0,0,0,0,0,0,0.0,1.0
09_PISA PREF E PROV.txt,0.0,0.0,0.0,0.0,0.0,0.0,0.0,0.0,0.0,0.0,1,1,0,0,0,0,0,0.0,2.0
13_2406_rta_13_241122105938_4166---ACCORDOOPERATIVO.txt,0.0,0.0,0.0,0.0,0.0,0.0,0.0,0.0,0.0,0.0,0,0,0,0,0,0,0,0.0,0.0
03_2406_rta_03_240923105244_4166---ProtocolloViolenzaMilanoFirme2023.txt,0.0,0.0,0.0,0.0,0.0,0.0,0.0,0.0,0.0,0.0,1,1,0,0,0,0,0,0.0,2.0
03_2406_rta_03_240923114012_4166---23-9-2024ProtocolloReteRita_signed_signed_signedDEF_signed_signed-signed_signed(1).txt,0.0,0.0,0.0,0.0,0.0,0.0,0.0,0.0,0.0,0.0,1,1,0,0,0,0,0,0.0,2.0
01_2406_rta_01_240904120005_4166---protocollo.txt,0.0,0.0,0.0,0.0,0.0,0.0,0.0,0.0,0.0,0.0,1,1,0,0,0,0,0,0.0,2.0
03_2406_rta_03_240923101524_4166---PROTOCOLLO_DI_INTESA_versione_DEFINITIVA2021.stamped.txt,0.0,0.0,0.0,0.0,0.0,0.0,0.0,0.0,0.0,0.0,1,1,1,0,0,0,0,0.0,3.0
16_2406_rta_16_250409174252_4166---Protocollo_Intesa_LARA.txt,0.0,0.0,0.0,0.0,0.0,0.0,0.0,0.0,0.0,0.0,1,1,0,0,0,0,0,0.0,2.0
18_2406_rta_18_240926102706_4166---protocollomondorosa2013.txt,0.0,0.0,0.0,0.0,0.0,0.0,0.0,0.0,0.0,0.0,1,1,0,0,0,0,0,0.0,2.0
11_2406_rta_11_240911113757_4166---All.4ProtocolloReteAntiviolenzasottoscritto18.12.2023.txt,0.0,0.0,0.0,0.0,0.0,0.0,0.0,0.0,0.0,0.0,1,1,0,0,0,0,0,0.0,2.0
05_2406_rta_05_240916173648_4166---ULSS5Polesana_Protocollodirete.txt,0.0,0.0,0.0,0.0,0.0,0.0,0.0,0.0,0.0,0.0,1,1,0,0,0,0,0,0.0,2.0
09_AREZZO Prot_2024-2026.txt,0.0,0.0,0.0,0.0,0.0,0.0,0.0,0.0,0.0,0.0,1,1,0,0,0,0,0,0.0,2.0
03_2406_rta_03_240926114940_4166---ProtocollodiintesaeAllegatoTecnico_SOTTOSCRITTO.txt,0.0,0.0,0.0,0.0,0.0,0.0,0.0,0.0,0.0,0.0,1,1,1,0,0,0,0,0.0,3.0
08_2406_rta_08_241015091310_4166---Accordo_Contrasto_alla_violenza_CittMtrBO.txt,0.0,0.0,0.0,0.0,0.0,0.0,0.0,0.0,0.0,0.0,1,0,0,0,0,0,0,0.0,1.0
03_2406_rta_03_240920120751_4166---protocollodiintesa.txt,0.0,0.0,0.0,0.0,0.0,0.0,0.0,0.0,0.0,0.0,1,1,0,0,0,0,0,0.0,2.0
20_2406_rta_20_250620094616_4166---Delibera52-22del23.12.2024-Allegato1.txt,0.0,0.0,0.0,0.0,0.0,0.0,0.0,0.0,0.0,0.0,1,1,0,0,0,0,0,0.0,2.0
18_2406_rta_18_240926103211_4166---PROTOCOLLOviolasottoscritto.txt,0.0,0.0,0.0,0.0,0.0,0.0,0.0,0.0,0.0,0.0,1,1,0,0,0,0,0,0.0,2.0
18_2406_rta_18_240926102620_4166---protocollopercorsorosa.txt,0.0,0.0,0.0,0.0,0.0,0.0,0.0,0.0,0.0,0.0,1,1,0,0,0,0,0,0.0,2.0
13_2406_rta_13_241122101453_4166---ProtocollodiRete_AlphaChieti.txt,0.0,0.0,0.0,0.0,0.0,0.0,0.0,0.0,0.0,0.0,1,1,1,0,0,0,0,0.0,3.0
18_2406_rta_18_240926103211_4166---PROTOCOLLOviolasottoscritto.txt,0.0,0.0,0.0,0.0,0.0,0.0,0.0,0.0,0.0,0.0,1,1,0,0,0,0,0,0.0,2.0
08_2406_rta_08_241015091355_4166---PROTOCOLLO_CONTRO_VIOLENZA_firmato2023.txt,0.0,0.0,0.0,0.0,0.0,0.0,0.0,0.0,0.0,0.0,1,1,0,0,0,0,0,0.0,2.0
12_2406_rta_12_240926134140_4166---Protocollointesa.txt,0.0,0.0,0.0,0.0,0.0,0.0,0.0,0.0,0.0,0.0,1,1,1,0,0,0,0,0.0,3.0
07_2406_rta_07_240916163956_4166---DGR477_2022_Protocollo.txt,0.0,0.0,0.0,0.0,0.0,0.0,0.0,0.0,0.0,0.0,1,1,0,0,0,0,0,0.0,2.0
06_2406_rta_06_240916164258_4166---Protocolloviolenzadomesticaedigenere_30.09.2019.txt,0.0,0.0,0.0,0.0,0.0,0.0,0.0,0.0,0.0,0.0,1,1,0,0,0,0,0,0.0,2.0
07_2406_rta_07_240916163956_4166---DGR477_2022_Protocollo.txt,0.0,0.0,0.0,0.0,0.0,0.0,0.0,0.0,0.0,0.0,1,1,0,0,0,0,0,0.0,2.0
07_2406_rta_07_240916163956_4166---DGR477_2022_Protocollo.txt,0.0,0.0,0.0,0.0,0.0,0.0,0.0,0.0,0.0,0.0,1,1,0,0,0,0,0,0.0,2.0
18_2406_rta_18_240926102620_4166---protocollopercorsorosa.txt,0.0,0.0,0.0,0.0,0.0,0.0,0.0,0.0,0.0,0.0,1,1,0,0,0,0,0,0.0,2.0
20_2406_rta_20_250620094616_4166---Delibera52-22del23.12.2024-Allegato1.txt,0.0,0.0,0.0,0.0,0.0,0.0,0.0,0.0,0.0,0.0,1,1,0,0,0,0,0,0.0,2.0
03_2406_rta_03_240918153240_4166---Protocollod'intesaperl'IstituzionediunSistemaTerritorialeAntiviolenzainReteconAddendumSindacati.txt,0.0,0.0,0.0,0.0,0.0,0.0,0.0,0.0,0.0,0.0,1,1,1,0,0,0,0,0.0,3.0
09_GROSSETO 2022 fpdf.txt,0.0,0.0,0.0,0.0,0.0,0.0,0.0,0.0,0.0,0.0,1,1,0,0,0,0,0,0.0,2.0
20_2406_rta_20_250620094616_4166---Delibera52-22del23.12.2024-Allegato1.txt,0.0,0.0,0.0,0.0,0.0,0.0,0.0,0.0,0.0,0.0,1,1,0,0,0,0,0,0.0,2.0
20_2406_rta_20_250620094616_4166---Delibera52-22del23.12.2024-Allegato1.txt,0.0,0.0,0.0,0.0,0.0,0.0,0.0,0.0,0.0,0.0,1,1,0,0,0,0,0,0.0,2.0
05_2406_rta_05_240918153458_4166---protocolloprovPadova.txt,0.0,0.0,0.0,0.0,0.0,0.0,0.0,0.0,0.0,0.0,1,1,0,0,0,0,0,0.0,2.0
18_2406_rta_18_240926103211_4166---PROTOCOLLOviolasottoscritto.txt,0.0,0.0,0.0,0.0,0.0,0.0,0.0,0.0,0.0,0.0,1,1,0,0,0,0,0,0.0,2.0
10_2406_rta_10_250506141901_4166---ProtocollounicoregionaleRINNOVATO.txt,0.0,0.0,0.0,0.0,0.0,0.0,0.0,0.0,0.0,0.0,1,0,0,0,0,0,0,0.0,1.0
13_2406_rta_13_241122115416_4166---PROTOCOLLOPESCARA.txt,0.0,0.0,0.0,0.0,0.0,0.0,0.0,0.0,0.0,0.0,1,1,1,0,0,0,0,0.0,3.0
08_2406_rta_08_241015091553_4166---Protocollosullaviolenzadigenere_confirme_prot.txt,0.0,0.0,0.0,0.0,0.0,0.0,0.0,0.0,0.0,0.0,1,1,0,0,0,0,0,0.0,2.0
20_2406_rta_20_250620094616_4166---Delibera52-22del23.12.2024-Allegato1.txt,0.0,0.0,0.0,0.0,0.0,0.0,0.0,0.0,0.0,0.0,1,1,0,0,0,0,0,0.0,2.0
07_2406_rta_07_240916163956_4166---DGR477_2022_Protocollo.txt,0.0,0.0,0.0,0.0,0.0,0.0,0.0,0.0,0.0,0.0,1,1,0,0,0,0,0,0.0,2.0
10_2406_rta_10_250506141901_4166---ProtocollounicoregionaleRINNOVATO.txt,0.0,0.0,0.0,0.0,0.0,0.0,0.0,0.0,0.0,0.0,1,0,0,0,0,0,0,0.0,1.0
20_2406_rta_20_250620094616_4166---Delibera52-22del23.12.2024-Allegato1.txt,0.0,0.0,0.0,0.0,0.0,0.0,0.0,0.0,0.0,0.0,1,1,0,0,0,0,0,0.0,2.0
13_2406_rta_13_241122103653_4166---protocollodirete_cavlafenice_provinciateramo.txt,0.0,0.0,0.0,0.0,0.0,0.0,0.0,0.0,0.0,0.0,1,1,0,0,0,0,0,0.0,2.0
10_2406_rta_10_250506141901_4166---ProtocollounicoregionaleRINNOVATO.txt,0.0,0.0,0.0,0.0,0.0,0.0,0.0,0.0,0.0,0.0,1,0,0,0,0,0,0,0.0,1.0
12_2406_rta_12_241003120714_4166---ASLROMA5_.txt,0.0,0.0,0.0,0.0,0.0,0.0,0.0,0.0,0.0,0.0,1,0,0,0,0,0,0,0.0,1.0
06_2406_rta_06_240916164153_4166---protocolloprefettura.txt,0.0,0.0,0.0,0.0,0.0,0.0,0.0,0.0,0.0,0.0,1,1,0,0,0,0,0,0.0,2.0
13_2406_rta_13_241122105540_4166---protocollodirete_vastodonnattiva.txt,0.0,0.0,0.0,0.0,0.0,0.0,0.0,0.0,0.0,0.0,1,1,1,0,0,0,0,0.0,3.0
01_2406_rta_01_240920123646_4166---vercellieos.txt,0.0,0.0,0.0,0.0,0.0,0.0,0.0,0.0,0.0,0.0,1,1,1,0,0,0,0,0.0,3.0
05_2406_rta_05_240919124736_4166---Protocollo_per_contrasto_alla_violenza_di_genere.stamped.txt,0.0,0.0,0.0,0.0,0.0,0.0,0.0,0.0,0.0,0.0,1,1,0,0,0,0,0,0.0,2.0
05_2406_rta_05_240919122126_4166---PROTOCOLLOULSS8BERICA.txt,0.0,0.0,0.0,0.0,0.0,0.0,0.0,0.0,0.0,0.0,1,1,1,0,0,0,0,0.0,3.0
09_APUANE_2015 Protocollo Prefettura.txt,0.0,0.0,0.0,0.0,0.0,0.0,0.0,0.0,0.0,0.0,0,0,0,0,0,0,0,0.0,0.0
05_2406_rta_05_240917141534_4166---protocollodiretefirmato.txt,0.0,0.0,0.0,0.0,0.0,0.0,0.0,0.0,0.0,0.0,1,0,0,0,0,0,0,0.0,1.0
05_2406_rta_05_240916135305_4166---protocolloulss4.txt,0.0,0.0,0.0,0.0,0.0,0.0,0.0,0.0,0.0,0.0,1,1,0,0,0,0,0,0.0,2.0
05_2406_rta_05_240916131522_4166---protocolloaggiornamento2023.txt,0.0,0.0,0.0,0.0,0.0,0.0,0.0,0.0,0.0,0.0,1,1,0,0,0,0,0,0.0,2.0
18_2406_rta_18_240925130829_4166---PROTOCOLLODIINTESA_COMUNEDIMENDICINO.txt,0.0,0.0,0.0,0.0,0.0,0.0,0.0,0.0,0.0,0.0,0,0,0,0,0,0,0,0.0,0.0
01_2406_rta_01_240904150044_4166---Protocollocav-irene2022-2025.txt,0.0,0.0,0.0,0.0,0.0,0.0,0.0,0.0,0.0,0.0,0,0,0,0,0,0,0,0.0,0.0
09_GROSSETO 2022 fpdf.txt,0.0,0.0,0.0,0.0,0.0,0.0,0.0,0.0,0.0,0.0,1,1,0,0,0,0,0,0.0,2.0
18_2406_rta_18_240926102931_4166---PROT.2403-24.txt,0.0,0.0,0.0,0.0,0.0,0.0,0.0,0.0,0.0,0.0,0,0,0,0,0,0,0,0.0,0.0
05_2406_rta_05_240916131522_4166---protocolloaggiornamento2023.txt,0.0,0.0,0.0,0.0,0.0,0.0,0.0,0.0,0.0,0.0,1,1,0,0,0,0,0,0.0,2.0
03_2406_rta_03_240920124656_4166---ProtocolloantiviolenzaDEFINITIVO(1).txt,0.0,0.0,0.0,0.0,0.0,0.0,0.0,0.0,0.0,0.0,1,1,0,0,0,0,0,0.0,2.0
16_2406_rta_16_250409174252_4166---Protocollo_Intesa_LARA.txt,0.0,0.0,0.0,0.0,0.0,0.0,0.0,0.0,0.0,0.0,1,1,0,0,0,0,0,0.0,2.0
"03_2406_rta_03_240923164603_4166---ProtocolloreteantiviolenzaBusto,Gallarate,Saronno,SommaLombardo-2024.txt",0.0,0.0,0.0,0.0,0.0,0.0,0.0,0.0,0.0,0.0,1,1,0,0,0,0,0,0.0,2.0
20_2406_rta_20_250620094616_4166---Delibera52-22del23.12.2024-Allegato1.txt,0.0,0.0,0.0,0.0,0.0,0.0,0.0,0.0,0.0,0.0,1,1,0,0,0,0,0,0.0,2.0
12_2406_rta_12_241004135803_4166---03-ConvenzioneTribunaleOrdinariodiFrosinone.txt,0.0,0.0,0.0,0.0,0.0,0.0,0.0,0.0,0.0,0.0,1,1,0,0,0,0,0,0.0,2.0
20_2406_rta_20_250620094616_4166---Delibera52-22del23.12.2024-Allegato1.txt,0.0,0.0,0.0,0.0,0.0,0.0,0.0,0.0,0.0,0.0,1,1,0,0,0,0,0,0.0,2.0
03_2406_rta_03_240923105244_4166---ProtocolloViolenzaMilanoFirme2023.txt,0.0,0.0,0.0,0.0,0.0,0.0,0.0,0.0,0.0,0.0,1,1,1,0,0,0,0,0.0,3.0
20_2406_rta_20_250620094616_4166---Delibera52-22del23.12.2024-Allegato1.txt,0.0,0.0,0.0,0.0,0.0,0.0,0.0,0.0,0.0,0.0,1,1,0,0,0,0,0,0.0,2.0
20_2406_rta_20_250620094616_4166---Delibera52-22del23.12.2024-Allegato1.txt,0.0,0.0,0.0,0.0,0.0,0.0,0.0,0.0,0.0,0.0,1,1,0,0,0,0,0,0.0,2.0
05_2406_rta_05_240918153458_4166---protocolloprovPadova.txt,0.0,0.0,0.0,0.0,0.0,0.0,0.0,0.0,0.0,0.0,1,1,0,0,0,0,0,0.0,2.0
12_2406_rta_12_241002130504_4166---3Protocollid'intesa-TavoloInteristituzionaletraUfficiGiudiziaricompetentinelcircondariodiRomaavvocaturaecentriantiviolenza(1).txt,0.0,0.0,0.0,0.0,0.0,0.0,0.0,0.0,0.0,0.0,1,1,0,0,0,0,0,0.0,2.0
20_2406_rta_20_250620094616_4166---Delibera52-22del23.12.2024-Allegato1.txt,0.0,0.0,0.0,0.0,0.0,0.0,0.0,0.0,0.0,0.0,1,1,0,0,0,0,0,0.0,2.0
20_2406_rta_20_250620094616_4166---Delibera52-22del23.12.2024-Allegato1.txt,0.0,0.0,0.0,0.0,0.0,0.0,0.0,0.0,0.0,0.0,1,1,0,0,0,0,0,0.0,2.0
05_2406_rta_05_240916135305_4166---protocolloulss4.txt,0.0,0.0,0.0,0.0,0.0,0.0,0.0,0.0,0.0,0.0,1,1,0,0,0,0,0,0.0,2.0
11_2406_rta_11_240911113105_4166---PROTOCOLLO_OPERATIVO2024_CONINDIRIZZARIO_FIRMATO.txt,0.0,0.0,0.0,0.0,0.0,0.0,0.0,0.0,0.0,0.0,1,1,0,0,0,0,0,0.0,2.0
09_AREZZO Prot_2024-2026.txt,0.0,0.0,0.0,0.0,0.0,0.0,0.0,0.0,0.0,0.0,1,1,0,0,0,0,0,0.0,2.0
11_2406_rta_11_240911113911_4166---AscoliPPROTOCOLLOoperativo_2019_2021.txt,0.0,0.0,0.0,0.0,0.0,0.0,0.0,0.0,0.0,0.0,1,1,0,0,0,0,0,0.0,2.0
03_2406_rta_03_240926114940_4166---ProtocollodiintesaeAllegatoTecnico_SOTTOSCRITTO.txt,0.0,0.0,0.0,0.0,0.0,0.0,0.0,0.0,0.0,0.0,1,0,1,0,0,0,0,0.0,2.0
18_2406_rta_18_240926103211_4166---PROTOCOLLOviolasottoscritto.txt,0.0,0.0,0.0,0.0,0.0,0.0,0.0,0.0,0.0,0.0,1,1,0,0,0,0,0,0.0,2.0
18_2406_rta_18_240926102620_4166---protocollopercorsorosa.txt,0.0,0.0,0.0,0.0,0.0,0.0,0.0,0.0,0.0,0.0,1,1,0,0,0,0,0,0.0,2.0
18_2406_rta_18_240926103211_4166---PROTOCOLLOviolasottoscritto.txt,0.0,0.0,0.0,0.0,0.0,0.0,0.0,0.0,0.0,0.0,1,1,0,0,0,0,0,0.0,2.0
08_2406_rta_08_241015091355_4166---PROTOCOLLO_CONTRO_VIOLENZA_firmato2023.txt,0.0,0.0,0.0,0.0,0.0,0.0,0.0,0.0,0.0,0.0,1,1,0,0,0,0,0,0.0,2.0
06_2406_rta_06_240916164258_4166---Protocolloviolenzadomesticaedigenere_30.09.2019.txt,0.0,0.0,0.0,0.0,0.0,0.0,0.0,0.0,0.0,0.0,1,1,0,0,0,0,0,0.0,2.0
18_2406_rta_18_240926102620_4166---protocollopercorsorosa.txt,0.0,0.0,0.0,0.0,0.0,0.0,0.0,0.0,0.0,0.0,1,1,0,0,0,0,0,0.0,2.0
13_2406_rta_13_241122103901_4166---Protocollirete_ortonaelancianoCAVdonn.ÿ.txt,0.0,0.0,0.0,0.0,0.0,0.0,0.0,0.0,0.0,0.0,1,1,1,0,0,0,0,0.0,3.0
16_lecce_Protocollo Operativo - Procedure integrate per la prevenzione e il contrasto alla violenza contro donne e minori - Copia_Marcato.txt,0.0,0.0,0.0,0.0,0.0,0.0,0.0,0.0,0.0,0.0,1,1,1,0,0,0,0,0.0,3.0
03_2406_rta_03_240918153240_4166---Protocollod'intesaperl'IstituzionediunSistemaTerritorialeAntiviolenzainReteconAddendumSindacati.txt,0.0,0.0,0.0,0.0,0.0,0.0,0.0,0.0,0.0,0.0,1,1,1,0,0,0,0,0.0,3.0
09_LIVORNO Protocollo_ RETE ANTIVIOLENZA_ LIVORNO.txt,0.0,0.0,0.0,0.0,0.0,0.0,0.0,0.0,0.0,0.0,1,0,0,0,0,0,0,0.0,1.0
03_2406_rta_03_240918153156_4166---Protocollo_d'Intesa_Rete_Mantova.prot.txt,0.0,0.0,0.0,0.0,0.0,0.0,0.0,0.0,0.0,0.0,1,1,1,0,0,0,0,0.0,3.0
09_APUANE_2015 Protocollo Prefettura.txt,0.0,0.0,0.0,0.0,0.0,0.0,0.0,0.0,0.0,0.0,1,1,0,0,0,0,0,0.0,2.0
18_2406_rta_18_240926103211_4166---PROTOCOLLOviolasottoscritto.txt,0.0,0.0,0.0,0.0,0.0,0.0,0.0,0.0,0.0,0.0,1,1,0,0,0,0,0,0.0,2.0
03_2406_rta_03_240918151606_4166---A_RetePavia_Protocollo2021_e_Integrazioni2023_firmato_compressed.txt,0.0,0.0,0.0,0.0,0.0,0.0,0.0,0.0,0.0,0.0,1,1,1,0,0,0,0,0.0,3.0
10_2406_rta_10_250506141901_4166---ProtocollounicoregionaleRINNOVATO.txt,0.0,0.0,0.0,0.0,0.0,0.0,0.0,0.0,0.0,0.0,1,0,0,0,0,0,0,0.0,1.0
13_2406_rta_13_241122115416_4166---PROTOCOLLOPESCARA.txt,0.0,0.0,0.0,0.0,0.0,0.0,0.0,0.0,0.0,0.0,1,1,1,0,0,0,0,0.0,3.0
09_PISA PREF E PROV.txt,0.0,0.0,0.0,0.0,0.0,0.0,0.0,0.0,0.0,0.0,1,1,0,0,0,0,0,0.0,2.0
09_PISTOIA PROV .txt,0.0,0.0,0.0,0.0,0.0,0.0,0.0,0.0,0.0,0.0,1,1,0,0,0,0,0,0.0,2.0
06_2406_rta_06_240916164102_4166---protocollopordenoneprefettura.txt,0.0,0.0,0.0,0.0,0.0,0.0,0.0,0.0,0.0,0.0,1,1,0,0,0,0,0,0.0,2.0
08_2406_rta_08_241015091655_4166---Aggiornamentointegrazioneprotocollooperativoapprovatonelgiugno2008.txt,0.0,0.0,0.0,0.0,0.0,0.0,0.0,0.0,0.0,0.0,1,1,1,0,0,0,0,0.0,3.0
12_2406_rta_12_241001130527_4166---protocollocontrolaviolenzadigenere.pdfpdf.txt,0.0,0.0,0.0,0.0,0.0,0.0,0.0,0.0,0.0,0.0,1,1,0,0,0,0,0,0.0,2.0
10_2406_rta_10_250506141901_4166---ProtocollounicoregionaleRINNOVATO.txt,0.0,0.0,0.0,0.0,0.0,0.0,0.0,0.0,0.0,0.0,1,0,0,0,0,0,0,0.0,1.0
13_2406_rta_13_241122103653_4166---protocollodirete_cavlafenice_provinciateramo.txt,0.0,0.0,0.0,0.0,0.0,0.0,0.0,0.0,0.0,0.0,1,1,0,0,0,0,0,0.0,2.0
10_2406_rta_10_250506141901_4166---ProtocollounicoregionaleRINNOVATO.txt,0.0,0.0,0.0,0.0,0.0,0.0,0.0,0.0,0.0,0.0,1,0,0,0,0,0,0,0.0,1.0
06_2406_rta_06_240916164153_4166---protocolloprefettura.txt,0.0,0.0,0.0,0.0,0.0,0.0,0.0,0.0,0.0,0.0,1,1,0,0,0,0,0,0.0,2.0
13_2406_rta_13_241122105540_4166---protocollodirete_vastodonnattiva.txt,0.0,0.0,0.0,0.0,0.0,0.0,0.0,0.0,0.0,0.0,1,1,1,0,0,0,0,0.0,3.0
01_2406_rta_01_240920123646_4166---vercellieos.txt,0.0,0.0,0.0,0.0,0.0,0.0,0.0,0.0,0.0,0.0,1,1,1,0,0,0,0,0.0,3.0
05_2406_rta_05_240919124736_4166---Protocollo_per_contrasto_alla_violenza_di_genere.stamped.txt,0.0,0.0,0.0,0.0,0.0,0.0,0.0,0.0,0.0,0.0,1,1,0,0,0,0,0,0.0,2.0
05_2406_rta_05_240919122126_4166---PROTOCOLLOULSS8BERICA.txt,0.0,0.0,0.0,0.0,0.0,0.0,0.0,0.0,0.0,0.0,1,1,1,0,0,0,0,0.0,3.0
12_2406_rta_12_241008112319_4166---protocollo25.11.2023.txt,0.0,0.0,0.0,0.0,0.0,0.0,0.0,0.0,0.0,0.0,1,0,1,0,0,0,0,0.0,2.0
12_2406_rta_12_241003112656_4166---AccordodicollaborazioneconsultorieDifferenzaDonna.txt,0.0,0.0,0.0,0.0,0.0,0.0,0.0,0.0,0.0,0.0,0,0,0,0,0,0,0,0.0,0.0
07_2406_rta_07_240916163933_4166---sub_14574431199510849525_Protocollo_LVLS-signed.txt,0.0,0.0,0.0,0.0,0.0,0.0,0.0,0.0,0.0,0.0,0,0,0,0,0,0,0,0.0,0.0
01_2406_rta_01_241003115621_4166---ProtocolloCISCirie.txt,0.0,0.0,0.0,0.0,0.0,0.0,0.0,0.0,0.0,0.0,0,0,0,0,0,0,0,0.0,0.0
06_2406_rta_06_240916164122_4166---prot_n_0119980_2024_Accordo(firmato).txt,0.0,0.0,0.0,0.0,0.0,0.0,0.0,0.0,0.0,0.0,0,0,0,0,0,0,0,0.0,0.0
05_2406_rta_05_240919124736_4166---Protocollo_per_contrasto_alla_violenza_di_genere.stamped.txt,0.0,0.0,0.0,0.0,0.0,0.0,0.0,0.0,0.0,0.0,1,1,0,0,0,0,0,0.0,2.0
12_2406_rta_12_240927093424_4166---ProtVMunMerlin.txt,0.0,0.0,0.0,0.0,0.0,0.0,0.0,0.0,0.0,0.0,1,0,0,0,0,0,0,0.0,1.0
03_2406_rta_03_240926122051_4166---Protocollomonz.txt,0.0,0.0,0.0,0.0,0.0,0.0,0.0,0.0,0.0,0.0,1,1,1,0,0,0,0,0.0,3.0
13_2406_rta_13_241122101856_4166---Protocollodirete_AlphaGuardiagrele.txt,0.0,0.0,0.0,0.0,0.0,0.0,0.0,0.0,0.0,0.0,1,0,0,0,0,0,0,0.0,1.0
07_2406_rta_07_240916163933_4166---sub_14574431199510849525_Protocollo_LVLS-signed.txt,0.0,0.0,0.0,0.0,0.0,0.0,0.0,0.0,0.0,0.0,0,0,0,0,0,0,0,0.0,0.0
01_2406_rta_01_241003124847_4166---2024-8928-2perinvio.txt,0.0,0.0,0.0,0.0,0.0,0.0,0.0,0.0,0.0,0.0,1,1,0,0,0,0,0,0.0,2.0
08_2406_rta_08_241015091621_4166---PROTOCOLLO_22.txt,0.0,0.0,0.0,0.0,0.0,0.0,0.0,0.0,0.0,0.0,1,0,0,0,0,0,0,0.0,1.0
11_2406_rta_11_240911113105_4166---PROTOCOLLO_OPERATIVO2024_CONINDIRIZZARIO_FIRMATO.txt,0.0,0.0,0.0,0.0,0.0,0.0,0.0,0.0,0.0,0.0,1,1,0,0,0,0,0,0.0,2.0
09_AREZZO Prot_2024-2026.txt,0.0,0.0,0.0,0.0,0.0,0.0,0.0,0.0,0.0,0.0,0,0,0,0,0,0,0,0.0,0.0
11_2406_rta_11_240911113911_4166---AscoliPPROTOCOLLOoperativo_2019_2021.txt,0.0,0.0,0.0,0.0,0.0,0.0,0.0,0.0,0.0,0.0,1,1,0,0,0,0,0,0.0,2.0
03_2406_rta_03_240920124656_4166---ProtocolloantiviolenzaDEFINITIVO(1).txt,0.0,0.0,0.0,0.0,0.0,0.0,0.0,0.0,0.0,0.0,1,1,0,0,0,0,0,0.0,2.0
08_2406_rta_08_241015091310_4166---Accordo_Contrasto_alla_violenza_CittMtrBO.txt,0.0,0.0,0.0,0.0,0.0,0.0,0.0,0.0,0.0,0.0,1,0,0,0,0,0,0,0.0,1.0
16_lecce_Protocollo Operativo - Procedure integrate per la prevenzione e il contrasto alla violenza contro donne e minori - Copia_Marcato.txt,0.0,0.0,0.0,0.0,0.0,0.0,0.0,0.0,0.0,0.0,0,0,0,0,0,0,0,0.0,0.0
20_2406_rta_20_250620094616_4166---Delibera52-22del23.12.2024-Allegato1.txt,0.0,0.0,0.0,0.0,0.0,0.0,0.0,0.0,0.0,0.0,1,1,0,0,0,0,0,0.0,2.0
18_2406_rta_18_240926102706_4166---protocollomondorosa2013.txt,0.0,0.0,0.0,0.0,0.0,0.0,0.0,0.0,0.0,0.0,1,1,0,0,0,0,0,0.0,2.0
13_2406_rta_13_241122103901_4166---Protocollirete_ortonaelancianoCAVdonn.ÿ.txt,0.0,0.0,0.0,0.0,0.0,0.0,0.0,0.0,0.0,0.0,1,1,0,0,0,0,0,0.0,2.0
13_2406_rta_13_241122101453_4166---ProtocollodiRete_AlphaChieti.txt,0.0,0.0,0.0,0.0,0.0,0.0,0.0,0.0,0.0,0.0,1,1,1,0,0,0,0,0.0,3.0
13_2406_rta_13_241122103901_4166---Protocollirete_ortonaelancianoCAVdonn.ÿ.txt,0.0,0.0,0.0,0.0,0.0,0.0,0.0,0.0,0.0,0.0,1,1,0,0,0,0,0,0.0,2.0
03_2406_rta_03_240925144919_4166---RETEDICOMO-PROTOCOLLOINTERIST.17novembre2023(1).txt,0.0,0.0,0.0,0.0,0.0,0.0,0.0,0.0,0.0,0.0,1,1,1,0,0,0,0,0.0,3.0
18_2406_rta_18_240926103211_4166---PROTOCOLLOviolasottoscritto.txt,0.0,0.0,0.0,0.0,0.0,0.0,0.0,0.0,0.0,0.0,1,1,0,0,0,0,0,0.0,2.0
03_2406_rta_03_240918153252_4166---Protocollo+Appendice+LineeGuida_Datatodafirmare.txt,0.0,0.0,0.0,0.0,0.0,0.0,0.0,0.0,0.0,0.0,1,1,1,0,0,0,0,0.0,3.0
11_2406_rta_11_240911113757_4166---All.4ProtocolloReteAntiviolenzasottoscritto18.12.2023.txt,0.0,0.0,0.0,0.0,0.0,0.0,0.0,0.0,0.0,0.0,1,1,0,0,0,0,0,0.0,2.0
08_2406_rta_08_241015091355_4166---PROTOCOLLO_CONTRO_VIOLENZA_firmato2023.txt,0.0,0.0,0.0,0.0,0.0,0.0,0.0,0.0,0.0,0.0,1,1,1,0,0,0,0,0.0,3.0
16_2406_rta_16_250410122122_4166---Protocollo_Viola.txt,0.0,0.0,0.0,0.0,0.0,0.0,0.0,0.0,0.0,0.0,1,1,0,0,0,0,0,0.0,2.0
12_2406_rta_12_240926134140_4166---Protocollointesa.txt,0.0,0.0,0.0,0.0,0.0,0.0,0.0,0.0,0.0,0.0,1,1,0,0,0,0,0,0.0,2.0
07_2406_rta_07_240916163956_4166---DGR477_2022_Protocollo.txt,0.0,0.0,0.0,0.0,0.0,0.0,0.0,0.0,0.0,0.0,1,1,0,0,0,0,0,0.0,2.0
06_2406_rta_06_240916164258_4166---Protocolloviolenzadomesticaedigenere_30.09.2019.txt,0.0,0.0,0.0,0.0,0.0,0.0,0.0,0.0,0.0,0.0,1,1,0,0,0,0,0,0.0,2.0
07_2406_rta_07_240916163956_4166---DGR477_2022_Protocollo.txt,0.0,0.0,0.0,0.0,0.0,0.0,0.0,0.0,0.0,0.0,1,1,0,0,0,0,0,0.0,2.0
07_2406_rta_07_240916163956_4166---DGR477_2022_Protocollo.txt,0.0,0.0,0.0,0.0,0.0,0.0,0.0,0.0,0.0,0.0,1,1,0,0,0,0,0,0.0,2.0
16_lecce_Protocollo Operativo - Procedure integrate per la prevenzione e il contrasto alla violenza contro donne e minori - Copia_Marcato.txt,0.0,0.0,0.0,0.0,0.0,0.0,0.0,0.0,0.0,0.0,1,0,1,0,0,0,0,0.0,2.0
03_2406_rta_03_240918153240_4166---Protocollod'intesaperl'IstituzionediunSistemaTerritorialeAntiviolenzainReteconAddendumSindacati.txt,0.0,0.0,0.0,0.0,0.0,0.0,0.0,0.0,0.0,0.0,1,1,1,0,0,0,0,0.0,3.0
09_LIVORNO Protocollo_ RETE ANTIVIOLENZA_ LIVORNO.txt,0.0,0.0,0.0,0.0,0.0,0.0,0.0,0.0,0.0,0.0,1,0,0,0,0,0,0,0.0,1.0
03_2406_rta_03_240923111659_4166---ProtocolloantiviolenzaComunediLodi_scansioneconfirme_maggio2014.txt,0.0,0.0,0.0,0.0,0.0,0.0,0.0,0.0,0.0,0.0,1,1,1,0,0,0,0,0.0,3.0
09_LUCCA PROV.txt,0.0,0.0,0.0,0.0,0.0,0.0,0.0,0.0,0.0,0.0,1,1,0,0,0,0,0,0.0,2.0
11_2406_rta_11_240911113235_4166---MacerataProtocollo2019_2022Firmato.txt,0.0,0.0,0.0,0.0,0.0,0.0,0.0,0.0,0.0,0.0,1,1,0,0,0,0,0,0.0,2.0
03_2406_rta_03_240918153156_4166---Protocollo_d'Intesa_Rete_Mantova.prot.txt,0.0,0.0,0.0,0.0,0.0,0.0,0.0,0.0,0.0,0.0,1,1,1,0,0,0,0,0.0,3.0
09_APUANE_2015 Protocollo Prefettura.txt,0.0,0.0,0.0,0.0,0.0,0.0,0.0,0.0,0.0,0.0,1,1,0,0,0,0,0,0.0,2.0
03_2406_rta_03_240920093134_4166---Protocollo_Intesa_Rete_Antiviolenza_SudEstMilano_Paullese_2021-2023.txt,0.0,0.0,0.0,0.0,0.0,0.0,0.0,0.0,0.0,0.0,1,1,1,0,0,0,0,0.0,3.0
08_2406_rta_08_241015091725_4166---Protoc-Prefett-2017.txt,0.0,0.0,0.0,0.0,0.0,0.0,0.0,0.0,0.0,0.0,1,1,0,0,0,0,0,0.0,2.0
20_2406_rta_20_250620094616_4166---Delibera52-22del23.12.2024-Allegato1.txt,0.0,0.0,0.0,0.0,0.0,0.0,0.0,0.0,0.0,0.0,1,1,0,0,0,0,0,0.0,2.0
20_2406_rta_20_250620094616_4166---Delibera52-22del23.12.2024-Allegato1.txt,0.0,0.0,0.0,0.0,0.0,0.0,0.0,0.0,0.0,0.0,1,1,0,0,0,0,0,0.0,2.0
05_2406_rta_05_240918153458_4166---protocolloprovPadova.txt,0.0,0.0,0.0,0.0,0.0,0.0,0.0,0.0,0.0,0.0,1,1,0,0,0,0,0,0.0,2.0
03_2406_rta_03_240918151606_4166---A_RetePavia_Protocollo2021_e_Integrazioni2023_firmato_compressed.txt,0.0,0.0,0.0,0.0,0.0,0.0,0.0,0.0,0.0,0.0,1,1,1,0,0,0,0,0.0,3.0
10_2406_rta_10_250506141901_4166---ProtocollounicoregionaleRINNOVATO.txt,0.0,0.0,0.0,0.0,0.0,0.0,0.0,0.0,0.0,0.0,1,0,0,0,0,0,0,0.0,1.0
11_2406_rta_11_240911113034_4166---protocollodireteantiviolenza2020-2022-uuvv.txt,0.0,0.0,0.0,0.0,0.0,0.0,0.0,0.0,0.0,0.0,1,1,0,0,0,0,0,0.0,2.0
13_2406_rta_13_241122115416_4166---PROTOCOLLOPESCARA.txt,0.0,0.0,0.0,0.0,0.0,0.0,0.0,0.0,0.0,0.0,1,1,1,0,0,0,0,0.0,3.0
08_2406_rta_08_241015091832_4166---P.G.111546-2023PROTOCOLLOOPERATIVOFENOMENOVIOLENZADONNE(1).txt,0.0,0.0,0.0,0.0,0.0,0.0,0.0,0.0,0.0,0.0,1,1,0,0,0,0,0,0.0,2.0
09_PISTOIA PROV .txt,0.0,0.0,0.0,0.0,0.0,0.0,0.0,0.0,0.0,0.0,1,1,0,0,0,0,0,0.0,2.0
06_2406_rta_06_240916164102_4166---protocollopordenoneprefettura.txt,0.0,0.0,0.0,0.0,0.0,0.0,0.0,0.0,0.0,0.0,1,1,0,0,0,0,0,0.0,2.0
09_PRATO PREF.txt,0.0,0.0,0.0,0.0,0.0,0.0,0.0,0.0,0.0,0.0,1,1,0,0,0,0,0,0.0,2.0
08_2406_rta_08_241015092049_4166---PROTOCOLLOD.G.C.FAENZA304-2009.txt,0.0,0.0,0.0,0.0,0.0,0.0,0.0,0.0,0.0,0.0,1,1,0,0,0,0,0,0.0,2.0
08_2406_rta_08_241015091655_4166---Aggiornamentointegrazioneprotocollooperativoapprovatonelgiugno2008.txt,0.0,0.0,0.0,0.0,0.0,0.0,0.0,0.0,0.0,0.0,1,1,1,0,0,0,0,0.0,3.0
12_2406_rta_12_241001130527_4166---protocollocontrolaviolenzadigenere.pdfpdf.txt,0.0,0.0,0.0,0.0,0.0,0.0,0.0,0.0,0.0,0.0,1,1,0,0,0,0,0,0.0,2.0
08_2406_rta_08_241015091553_4166---Protocollosullaviolenzadigenere_confirme_prot.txt,0.0,0.0,0.0,0.0,0.0,0.0,0.0,0.0,0.0,0.0,1,1,0,0,0,0,0,0.0,2.0
12_2406_rta_12_241003111748_4166---ACCORDOMUNICIPIOROMAVeDIPPARIOPPROMACAPITALE_DD.txt,0.0,0.0,0.0,0.0,0.0,0.0,0.0,0.0,0.0,0.0,1,0,0,0,0,0,0,0.0,1.0
12_2406_rta_12_240927093424_4166---ProtVMunMerlin.txt,0.0,0.0,0.0,0.0,0.0,0.0,0.0,0.0,0.0,0.0,1,1,0,0,0,0,0,0.0,2.0
05_2406_rta_05_240916173648_4166---ULSS5Polesana_Protocollodirete.txt,0.0,0.0,0.0,0.0,0.0,0.0,0.0,0.0,0.0,0.0,1,1,0,0,0,0,0,0.0,2.0
20_2406_rta_20_250620094616_4166---Delibera52-22del23.12.2024-Allegato1.txt,0.0,0.0,0.0,0.0,0.0,0.0,0.0,0.0,0.0,0.0,1,1,0,0,0,0,0,0.0,2.0
07_2406_rta_07_240916163956_4166---DGR477_2022_Protocollo.txt,0.0,0.0,0.0,0.0,0.0,0.0,0.0,0.0,0.0,0.0,1,1,0,0,0,0,0,0.0,2.0
09_ALTA VALDELSA Protocollo-violenza-valdelsa-2022_ALTA VALDELSA.txt,0.0,0.0,0.0,0.0,0.0,0.0,0.0,0.0,0.0,0.0,1,0,0,0,0,0,0,0.0,1.0
03_2406_rta_03_240923102947_4166---ProtSOTTOSCRITTO_ReteAntiviolenzaPiuIntegrazioneAprile2024(1).txt,0.0,0.0,0.0,0.0,0.0,0.0,0.0,0.0,0.0,0.0,1,1,1,0,0,0,0,0.0,3.0
10_2406_rta_10_250506141901_4166---ProtocollounicoregionaleRINNOVATO.txt,0.0,0.0,0.0,0.0,0.0,0.0,0.0,0.0,0.0,0.0,1,0,0,0,0,0,0,0.0,1.0
05_2406_rta_05_240918144304_4166---Protocollo_ULSS2-DistrettoTreviso.txt,0.0,0.0,0.0,0.0,0.0,0.0,0.0,0.0,0.0,0.0,1,0,0,0,0,0,0,0.0,1.0
06_2406_rta_06_240916164153_4166---protocolloprefettura.txt,0.0,0.0,0.0,0.0,0.0,0.0,0.0,0.0,0.0,0.0,1,1,0,0,0,0,0,0.0,2.0
03_2406_rta_03_240923163715_4166---PROTOCOLLOD'INTESA2017_2020.txt,0.0,0.0,0.0,0.0,0.0,0.0,0.0,0.0,0.0,0.0,1,1,0,0,0,0,0,0.0,2.0
05_2406_rta_05_240916131522_4166---protocolloaggiornamento2023.txt,0.0,0.0,0.0,0.0,0.0,0.0,0.0,0.0,0.0,0.0,1,1,0,0,0,0,0,0.0,2.0
01_2406_rta_01_240920123646_4166---vercellieos.txt,0.0,0.0,0.0,0.0,0.0,0.0,0.0,0.0,0.0,0.0,1,1,1,0,0,0,0,0.0,3.0
12_2406_rta_12_241008112319_4166---protocollo25.11.2023.txt,0.0,0.0,0.0,0.0,0.0,0.0,0.0,0.0,0.0,0.0,1,0,1,0,0,0,0,0.0,2.0
07_2406_rta_07_240916163956_4166---DGR477_2022_Protocollo.txt,0.0,0.0,0.0,0.0,0.0,0.0,0.0,0.0,0.0,0.0,1,0,0,0,0,0,0,0.0,1.0
03_2406_rta_03_240918153156_4166---Protocollo_d'Intesa_Rete_Mantova.prot.txt,0.0,0.0,0.0,0.0,0.0,0.0,0.0,0.0,0.0,0.0,1,1,1,0,0,0,0,0.0,3.0
03_2406_rta_03_240923114012_4166---23-9-2024ProtocolloReteRita_signed_signed_signedDEF_signed_signed-signed_signed(1).txt,0.0,0.0,0.0,0.0,0.0,0.0,0.0,0.0,0.0,0.0,1,1,0,0,0,0,0,0.0,2.0
03_2406_rta_03_240918153156_4166---Protocollo_d'Intesa_Rete_Mantova.prot.txt,0.0,0.0,0.0,0.0,0.0,0.0,0.0,0.0,0.0,0.0,1,1,1,0,0,0,0,0.0,3.0
03_2406_rta_03_240923114012_4166---23-9-2024ProtocolloReteRita_signed_signed_signedDEF_signed_signed-signed_signed(1).txt,0.0,0.0,0.0,0.0,0.0,0.0,0.0,0.0,0.0,0.0,1,1,0,0,0,0,0,0.0,2.0
08_2406_rta_08_241015092005_4166---DG216-2024.txt,0.0,0.0,0.0,0.0,0.0,0.0,0.0,0.0,0.0,0.0,1,0,1,0,0,0,0,0.0,2.0
05_2406_rta_05_240916173648_4166---ULSS5Polesana_Protocollodirete.txt,0.0,0.0,0.0,0.0,0.0,0.0,0.0,0.0,0.0,0.0,1,1,0,0,0,1,1,0.0,4.0
07_2406_rta_07_240916163956_4166---DGR477_2022_Protocollo.txt,0.0,0.0,0.0,0.0,0.0,0.0,0.0,0.0,0.0,0.0,1,0,0,0,0,0,0,0.0,1.0
07_2406_rta_07_240916163956_4166---DGR477_2022_Protocollo.txt,0.0,0.0,0.0,0.0,0.0,0.0,0.0,0.0,0.0,0.0,1,0,0,0,0,0,0,0.0,1.0
07_2406_rta_07_240916163956_4166---DGR477_2022_Protocollo.txt,0.0,0.0,0.0,0.0,0.0,0.0,0.0,0.0,0.0,0.0,1,0,0,0,0,0,0,0.0,1.0
07_2406_rta_07_240916163956_4166---DGR477_2022_Protocollo.txt,0.0,0.0,0.0,0.0,0.0,0.0,0.0,0.0,0.0,0.0,1,0,0,0,0,0,0,0.0,1.0
12_2406_rta_12_240926113237_4166---Accordocavunuiversitari.txt,0.0,0.0,0.0,0.0,0.0,0.0,0.0,0.0,0.0,0.0,1,0,0,0,0,0,0,0.0,1.0
01_2406_rta_01_240904150044_4166---Protocollocav-irene2022-2025.txt,0.0,0.0,0.0,0.0,0.0,0.0,0.0,0.0,0.0,0.0,0,0,0,0,0,0,0,0.0,0.0
16_bari_Protocollo Gioia del Colle_ATS_Rete locale.txt,0.0,0.0,0.0,0.0,0.0,0.0,0.0,0.0,0.0,0.0,1,0,0,0,0,0,0,0.0,1.0
01_2406_rta_01_240909110828_4166---PROTOCOLLOHELP.txt,0.0,0.0,0.0,0.0,0.0,0.0,0.0,0.0,0.0,0.0,1,1,0,0,0,0,0,0.0,2.0
13_2406_rta_13_241122101856_4166---Protocollodirete_AlphaGuardiagrele.txt,0.0,0.0,0.0,0.0,0.0,0.0,0.0,0.0,0.0,0.0,1,1,0,0,0,0,0,0.0,2.0
13_2406_rta_13_241122101453_4166---ProtocollodiRete_AlphaChieti.txt,0.0,0.0,0.0,0.0,0.0,0.0,0.0,0.0,0.0,0.0,1,1,1,0,0,0,0,0.0,3.0
09_LUCCA PROV.txt,0.0,0.0,0.0,0.0,0.0,0.0,0.0,0.0,0.0,0.0,1,1,0,0,0,0,0,0.0,2.0
09_LUCCA PROV.txt,0.0,0.0,0.0,0.0,0.0,0.0,0.0,0.0,0.0,0.0,1,1,0,0,0,0,0,0.0,2.0
16_bari_protocollo operativo Putignano_EMI.txt,0.0,0.0,0.0,0.0,0.0,0.0,0.0,0.0,0.0,0.0,1,1,0,0,0,0,0,0.0,2.0
16_bari_protocollo operativo Grumo_EMI.txt,0.0,0.0,0.0,0.0,0.0,0.0,0.0,0.0,0.0,0.0,1,1,0,0,0,0,0,0.0,2.0
16_bar_protocollo operativo Triggiano_rete antiviolenza.pdf.txt,0.0,0.0,0.0,0.0,0.0,0.0,0.0,0.0,0.0,0.0,1,1,0,0,0,0,0,0.0,2.0
01_2406_rta_01_240904121349_4166---convenzione.txt,0.0,0.0,0.0,0.0,0.0,0.0,0.0,0.0,0.0,0.0,1,1,0,0,0,0,0,0.0,2.0
01_2406_rta_01_240920112211_4166---367772-4-Protocollo_intesa_Completo.txt,0.0,0.0,0.0,0.0,0.0,0.0,0.0,0.0,0.0,0.0,1,1,0,0,0,0,0,0.0,2.0
01_2406_rta_01_240904110730_4166---protocollocontuttelefirme(1).txt,0.0,0.0,0.0,0.0,0.0,0.0,0.0,0.0,0.0,0.0,1,1,0,0,0,0,0,0.0,2.0
01_2406_rta_01_241002150739_4166---DeliberaCostituzioneOsservatorioSaluteDonne.txt,0.0,0.0,0.0,0.0,0.0,0.0,0.0,0.0,0.0,0.0,1,1,1,0,0,0,0,0.0,3.0
16_lecce_Protocollo Operativo - Procedure integrate per la prevenzione e il contrasto alla violenza contro donne e minori - Copia_Marcato.txt,0.0,0.0,0.0,0.0,0.0,0.0,0.0,0.0,0.0,0.0,1,1,1,1,0,0,1,0.0,5.0
13_2406_rta_13_241122103901_4166---Protocollirete_ortonaelancianoCAVdonn.ÿ.txt,0.0,0.0,0.0,0.0,0.0,0.0,0.0,0.0,0.0,0.0,1,1,1,0,0,0,0,0.0,3.0
12_2406_rta_12_241003101925_4166---ProtocolloFormazioneObiettivoUomo.txt,0.0,0.0,0.0,0.0,0.0,0.0,0.0,0.0,0.0,0.0,1,0,0,0,0,0,0,0.0,1.0
12_2406_rta_12_241003113235_4166---Accordodifferenzadonna-29.09.2023-signed.txt,0.0,0.0,0.0,0.0,0.0,0.0,0.0,0.0,0.0,0.0,0,0,0,0,0,0,0,0.0,0.0
12_2406_rta_12_241003112656_4166---AccordodicollaborazioneconsultorieDifferenzaDonna.txt,0.0,0.0,0.0,0.0,0.0,0.0,0.0,0.0,0.0,0.0,1,1,1,0,0,0,0,0.0,3.0
12_2406_rta_12_240926135421_4166---3protCAVFRANCARAME-28-30(1).txt,0.0,0.0,0.0,0.0,0.0,0.0,0.0,0.0,0.0,0.0,0,0,0,0,0,0,0,0.0,0.0
12_2406_rta_12_241003105855_4166---ProtocollodiintesafirmatoASL1.txt,0.0,0.0,0.0,0.0,0.0,0.0,0.0,0.0,0.0,0.0,1,1,0,0,0,0,0,0.0,2.0
12_2406_rta_12_240927093424_4166---ProtVMunMerlin.txt,0.0,0.0,0.0,0.0,0.0,0.0,0.0,0.0,0.0,0.0,1,1,0,0,0,0,0,0.0,2.0
12_2406_rta_12_241003120714_4166---ASLROMA5_.txt,0.0,0.0,0.0,0.0,0.0,0.0,0.0,0.0,0.0,0.0,1,0,0,1,0,0,1,0.0,3.0
01_2406_rta_01_240904162242_4166---CONVENZIONETRAASLTO3ESVOLTADONNA.txt,0.0,0.0,0.0,0.0,0.0,0.0,0.0,0.0,0.0,0.0,1,1,0,0,0,0,0,0.0,2.0
03_2406_rta_03_240926114940_4166---ProtocollodiintesaeAllegatoTecnico_SOTTOSCRITTO.txt,0.0,0.0,0.0,0.0,0.0,0.0,0.0,0.0,0.0,0.0,1,1,0,0,0,0,0,0.0,2.0
03_2406_rta_03_240926123135_4166---ProtocollodiRete.txt,0.0,0.0,0.0,0.0,0.0,0.0,0.0,0.0,0.0,0.0,1,1,0,0,0,0,0,0.0,2.0
09_PISTOIA PROV .txt,0.0,0.0,0.0,0.0,0.0,0.0,0.0,0.0,0.0,0.0,1,1,0,0,0,0,0,0.0,2.0
13_2406_rta_13_241122105938_4166---ACCORDOOPERATIVO.txt,0.0,0.0,0.0,0.0,0.0,0.0,0.0,0.0,0.0,0.0,1,1,0,0,0,0,0,0.0,2.0
13_2406_rta_13_241122105540_4166---protocollodirete_vastodonnattiva.txt,0.0,0.0,0.0,0.0,0.0,0.0,0.0,0.0,0.0,0.0,1,1,1,0,0,0,0,0.0,3.0
13_2406_rta_13_241122115416_4166---PROTOCOLLOPESCARA.txt,0.0,0.0,0.0,0.0,0.0,0.0,0.0,0.0,0.0,0.0,1,1,1,0,0,0,0,0.0,3.0
16_taranto_protocollo d'intesa CAVGinosa sottoscritto.txt,0.0,0.0,0.0,0.0,0.0,0.0,0.0,0.0,0.0,0.0,1,0,0,0,0,0,0,0.0,1.0
01_2406_rta_01_240909110828_4166---PROTOCOLLOHELP.txt,0.0,0.0,0.0,0.0,0.0,0.0,0.0,0.0,0.0,0.0,1,1,0,0,0,0,0,0.0,2.0
01_2406_rta_01_240909110828_4166---PROTOCOLLOHELP.txt,0.0,0.0,0.0,0.0,0.0,0.0,0.0,0.0,0.0,0.0,1,1,0,0,0,0,0,0.0,2.0
18_2406_rta_18_240926102706_4166---protocollomondorosa2013.txt,0.0,0.0,0.0,0.0,0.0,0.0,0.0,0.0,0.0,0.0,1,1,0,0,0,0,0,0.0,2.0
03_2406_rta_03_240923101524_4166---PROTOCOLLO_DI_INTESA_versione_DEFINITIVA2021.stamped.txt,0.0,0.0,0.0,0.0,0.0,0.0,0.0,0.0,0.0,0.0,1,1,0,0,0,0,0,0.0,2.0
03_2406_rta_03_240924144947_4166---Protocollod'IntesaReteAntiviolenzaIsolaBergamascaeBassaValSanMartino2024.txt,0.0,0.0,0.0,0.0,0.0,0.0,0.0,0.0,0.0,0.0,1,1,0,0,0,0,0,0.0,2.0
03_2406_rta_03_240923105244_4166---ProtocolloViolenzaMilanoFirme2023.txt,0.0,0.0,0.0,0.0,0.0,0.0,0.0,0.0,0.0,0.0,1,1,0,0,0,0,0,0.0,2.0
03_2406_rta_03_240925150245_4166---ProtocolloReteARIAPalazzolo.txt,0.0,0.0,0.0,0.0,0.0,0.0,0.0,0.0,0.0,0.0,1,1,0,0,0,0,0,0.0,2.0
03_2406_rta_03_240923105244_4166---ProtocolloViolenzaMilanoFirme2023.txt,0.0,0.0,0.0,0.0,0.0,0.0,0.0,0.0,0.0,0.0,1,1,0,0,0,0,0,0.0,2.0
"03_2406_rta_03_240923164603_4166---ProtocolloreteantiviolenzaBusto,Gallarate,Saronno,SommaLombardo-2024.txt",0.0,0.0,0.0,0.0,0.0,0.0,0.0,0.0,0.0,0.0,1,1,0,0,0,0,0,0.0,2.0
03_2406_rta_03_240920093134_4166---Protocollo_Intesa_Rete_Antiviolenza_SudEstMilano_Paullese_2021-2023.txt,0.0,0.0,0.0,0.0,0.0,0.0,0.0,0.0,0.0,0.0,1,1,0,0,0,0,0,0.0,2.0
03_2406_rta_03_240923113114_4166---ProtocolloReteAddaMartesanasottoscritto.txt,0.0,0.0,0.0,0.0,0.0,0.0,0.0,0.0,0.0,0.0,1,1,0,0,0,0,0,0.0,2.0
03_2406_rta_03_240923103647_4166---protocolloreteantiviolenzacinisello2019(1).txt,0.0,0.0,0.0,0.0,0.0,0.0,0.0,0.0,0.0,0.0,1,1,1,0,0,0,0,0.0,3.0
03_2406_rta_03_240923105244_4166---ProtocolloViolenzaMilanoFirme2023.txt,0.0,0.0,0.0,0.0,0.0,0.0,0.0,0.0,0.0,0.0,1,1,0,0,0,0,0,0.0,2.0
03_2406_rta_03_240926144324_4166---Protocollodiintesa.txt,0.0,0.0,0.0,0.0,0.0,0.0,0.0,0.0,0.0,0.0,1,1,0,0,0,0,0,0.0,2.0
03_2406_rta_03_240923105244_4166---ProtocolloViolenzaMilanoFirme2023.txt,0.0,0.0,0.0,0.0,0.0,0.0,0.0,0.0,0.0,0.0,1,1,0,0,0,0,0,0.0,2.0
"03_2406_rta_03_240923164603_4166---ProtocolloreteantiviolenzaBusto,Gallarate,Saronno,SommaLombardo-2024.txt",0.0,0.0,0.0,0.0,0.0,0.0,0.0,0.0,0.0,0.0,1,0,0,0,0,0,0,0.0,1.0
"03_2406_rta_03_240923164603_4166---ProtocolloreteantiviolenzaBusto,Gallarate,Saronno,SommaLombardo-2024.txt",0.0,0.0,0.0,0.0,0.0,0.0,0.0,0.0,0.0,0.0,1,0,0,0,0,0,0,0.0,1.0
03_2406_rta_03_240923102947_4166---ProtSOTTOSCRITTO_ReteAntiviolenzaPiuIntegrazioneAprile2024(1).txt,0.0,0.0,0.0,0.0,0.0,0.0,0.0,0.0,0.0,0.0,1,1,0,0,0,0,0,0.0,2.0
11_2406_rta_11_240911113105_4166---PROTOCOLLO_OPERATIVO2024_CONINDIRIZZARIO_FIRMATO.txt,0.0,0.0,0.0,0.0,0.0,0.0,0.0,0.0,0.0,0.0,1,1,0,0,0,0,0,0.0,2.0
11_2406_rta_11_240911113757_4166---All.4ProtocolloReteAntiviolenzasottoscritto18.12.2023.txt,0.0,0.0,0.0,0.0,0.0,0.0,0.0,0.0,0.0,0.0,1,1,0,0,0,0,0,0.0,2.0
11_2406_rta_11_240911113911_4166---AscoliPPROTOCOLLOoperativo_2019_2021.txt,0.0,0.0,0.0,0.0,0.0,0.0,0.0,0.0,0.0,0.0,1,1,0,0,0,0,0,0.0,2.0
03_2406_rta_03_240923105244_4166---ProtocolloViolenzaMilanoFirme2023.txt,0.0,0.0,0.0,0.0,0.0,0.0,0.0,0.0,0.0,0.0,1,1,1,0,0,0,0,0.0,3.0
03_2406_rta_03_240923101524_4166---PROTOCOLLO_DI_INTESA_versione_DEFINITIVA2021.stamped.txt,0.0,0.0,0.0,0.0,0.0,0.0,0.0,0.0,0.0,0.0,1,1,1,0,0,0,0,0.0,3.0
03_2406_rta_03_240923171949_4166---PROTOCOLLOD'INTESARETETERRITORIALEANTIVIOLENZAVALLETROMPIA2024.txt,0.0,0.0,0.0,0.0,0.0,0.0,0.0,0.0,0.0,0.0,1,1,0,0,0,1,1,0.0,4.0
03_2406_rta_03_240926144324_4166---Protocollodiintesa.txt,0.0,0.0,0.0,0.0,0.0,0.0,0.0,0.0,0.0,0.0,1,1,0,0,0,0,0,0.0,2.0
"03_2406_rta_03_240923164603_4166---ProtocolloreteantiviolenzaBusto,Gallarate,Saronno,SommaLombardo-2024.txt",0.0,0.0,0.0,0.0,0.0,0.0,0.0,0.0,0.0,0.0,1,1,0,0,0,1,1,0.0,4.0
03_2406_rta_03_240920093134_4166---Protocollo_Intesa_Rete_Antiviolenza_SudEstMilano_Paullese_2021-2023.txt,0.0,0.0,0.0,0.0,0.0,0.0,0.0,0.0,0.0,0.0,1,1,0,0,0,0,0,0.0,2.0
03_2406_rta_03_240923113114_4166---ProtocolloReteAddaMartesanasottoscritto.txt,0.0,0.0,0.0,0.0,0.0,0.0,0.0,0.0,0.0,0.0,1,1,0,0,0,0,0,0.0,2.0
03_2406_rta_03_240923102947_4166---ProtSOTTOSCRITTO_ReteAntiviolenzaPiuIntegrazioneAprile2024(1).txt,0.0,0.0,0.0,0.0,0.0,0.0,0.0,0.0,0.0,0.0,1,1,0,0,0,0,0,0.0,2.0
13_2406_rta_13_241122101856_4166---Protocollodirete_AlphaGuardiagrele.txt,0.0,0.0,0.0,0.0,0.0,0.0,0.0,0.0,0.0,0.0,1,0,0,0,0,0,0,0.0,1.0
13_2406_rta_13_241122101856_4166---Protocollodirete_AlphaGuardiagrele.txt,0.0,0.0,0.0,0.0,0.0,0.0,0.0,0.0,0.0,0.0,1,0,0,0,0,0,0,0.0,1.0
08_2406_rta_08_241015091832_4166---P.G.111546-2023PROTOCOLLOOPERATIVOFENOMENOVIOLENZADONNE(1).txt,0.0,0.0,0.0,0.0,0.0,0.0,0.0,0.0,0.0,0.0,1,1,0,0,0,0,0,0.0,2.0
08_2406_rta_08_241015091621_4166---PROTOCOLLO_22.txt,0.0,0.0,0.0,0.0,0.0,0.0,0.0,0.0,0.0,0.0,1,1,0,0,0,0,0,0.0,2.0
03_2406_rta_03_240926122051_4166---Protocollomonz.txt,0.0,0.0,0.0,0.0,0.0,0.0,0.0,0.0,0.0,0.0,1,1,1,0,0,0,0,0.0,3.0
03_2406_rta_03_240925150245_4166---ProtocolloReteARIAPalazzolo.txt,0.0,0.0,0.0,0.0,0.0,0.0,0.0,0.0,0.0,0.0,1,1,0,0,0,0,0,0.0,2.0
03_2406_rta_03_240918153240_4166---Protocollod'intesaperl'IstituzionediunSistemaTerritorialeAntiviolenzainReteconAddendumSindacati.txt,0.0,0.0,0.0,0.0,0.0,0.0,0.0,0.0,0.0,0.0,1,1,0,0,0,0,0,0.0,2.0
03_2406_rta_03_240918151606_4166---A_RetePavia_Protocollo2021_e_Integrazioni2023_firmato_compressed.txt,0.0,0.0,0.0,0.0,0.0,0.0,0.0,0.0,0.0,0.0,1,1,1,0,0,0,0,0.0,3.0
03_2406_rta_03_240924144947_4166---Protocollod'IntesaReteAntiviolenzaIsolaBergamascaeBassaValSanMartino2024.txt,0.0,0.0,0.0,0.0,0.0,0.0,0.0,0.0,0.0,0.0,1,1,0,0,0,0,0,0.0,2.0
03_2406_rta_03_240918153252_4166---Protocollo+Appendice+LineeGuida_Datatodafirmare.txt,0.0,0.0,0.0,0.0,0.0,0.0,0.0,0.0,0.0,0.0,1,1,0,0,0,0,0,0.0,2.0
03_2406_rta_03_240920124656_4166---ProtocolloantiviolenzaDEFINITIVO(1).txt,0.0,0.0,0.0,0.0,0.0,0.0,0.0,0.0,0.0,0.0,1,1,0,0,0,0,0,0.0,2.0
16_lecce_Protocollo Operativo - Procedure integrate per la prevenzione e il contrasto alla violenza contro donne e minori - Copia_Marcato.txt,0.0,0.0,0.0,0.0,0.0,0.0,0.0,0.0,0.0,0.0,1,1,1,0,0,1,1,0.0,5.0
11_2406_rta_11_240911113235_4166---MacerataProtocollo2019_2022Firmato.txt,0.0,0.0,0.0,0.0,0.0,0.0,0.0,0.0,0.0,0.0,1,1,0,0,0,0,0,0.0,2.0
12_2406_rta_12_241008112319_4166---protocollo25.11.2023.txt,0.0,0.0,0.0,0.0,0.0,0.0,0.0,0.0,0.0,0.0,1,0,1,0,0,0,0,0.0,2.0
13_2406_rta_13_241122103901_4166---Protocollirete_ortonaelancianoCAVdonn.ÿ.txt,0.0,0.0,0.0,0.0,0.0,0.0,0.0,0.0,0.0,0.0,1,1,0,0,0,0,0,0.0,2.0
06_2406_rta_06_240924164454_4166---protocollo_tempo_sospeso.txt,0.0,0.0,0.0,0.0,0.0,0.0,0.0,0.0,0.0,0.0,1,1,0,0,0,0,0,0.0,2.0
11_2406_rta_11_240911113034_4166---protocollodireteantiviolenza2020-2022-uuvv.txt,0.0,0.0,0.0,0.0,0.0,0.0,0.0,0.0,0.0,0.0,1,1,0,0,0,0,0,0.0,2.0
08_2406_rta_08_241015092049_4166---PROTOCOLLOD.G.C.FAENZA304-2009.txt,0.0,0.0,0.0,0.0,0.0,0.0,0.0,0.0,0.0,0.0,1,1,1,0,0,0,0,0.0,3.0
16_2406_rta_16_250410122122_4166---Protocollo_Viola.txt,0.0,0.0,0.0,0.0,0.0,0.0,0.0,0.0,0.0,0.0,1,1,0,0,0,0,0,0.0,2.0
09_VALDICHIANA_all. decreto 37_2008 protocollo di intesa 2008.txt,0.0,0.0,0.0,0.0,0.0,0.0,0.0,0.0,0.0,0.0,1,0,0,0,0,0,0,0.0,1.0
07_2406_rta_07_240916163956_4166---DGR477_2022_Protocollo.txt,0.0,0.0,0.0,0.0,0.0,0.0,0.0,0.0,0.0,0.0,1,1,0,0,0,0,0,0.0,2.0
01_2406_rta_01_240904150044_4166---Protocollocav-irene2022-2025.txt,0.0,0.0,0.0,0.0,0.0,0.0,0.0,0.0,0.0,0.0,0,0,0,0,0,0,0,0.0,0.0
11_2406_rta_11_240911113034_4166---protocollodireteantiviolenza2020-2022-uuvv.txt,0.0,0.0,0.0,0.0,0.0,0.0,0.0,0.0,0.0,0.0,1,1,0,0,0,0,0,0.0,2.0
06_2406_rta_06_240916164102_4166---protocollopordenoneprefettura.txt,0.0,0.0,0.0,0.0,0.0,0.0,0.0,0.0,0.0,0.0,1,1,0,0,0,0,0,0.0,2.0
10_2406_rta_10_250506141901_4166---ProtocollounicoregionaleRINNOVATO.txt,0.0,0.0,0.0,0.0,0.0,0.0,0.0,0.0,0.0,0.0,1,0,0,0,0,0,0,0.0,1.0
10_2406_rta_10_250506141901_4166---ProtocollounicoregionaleRINNOVATO.txt,0.0,0.0,0.0,0.0,0.0,0.0,0.0,0.0,0.0,0.0,1,0,0,0,0,0,0,0.0,1.0
16_2406_rta_16_250410122122_4166---Protocollo_Viola.txt,0.0,0.0,0.0,0.0,0.0,0.0,0.0,0.0,0.0,0.0,1,1,0,0,0,0,0,0.0,2.0
18_2406_rta_18_240926102706_4166---protocollomondorosa2013.txt,0.0,0.0,0.0,0.0,0.0,0.0,0.0,0.0,0.0,0.0,1,1,0,0,0,0,0,0.0,2.0
18_2406_rta_18_240926102620_4166---protocollopercorsorosa.txt,0.0,0.0,0.0,0.0,0.0,0.0,0.0,0.0,0.0,0.0,1,1,0,0,0,0,0,0.0,2.0
18_2406_rta_18_240926103211_4166---PROTOCOLLOviolasottoscritto.txt,0.0,0.0,0.0,0.0,0.0,0.0,0.0,0.0,0.0,0.0,1,1,0,0,0,0,0,0.0,2.0
03_2406_rta_03_240926122707_4166---ProtocolloReteAntiviolenzaconfirme.txt,0.0,0.0,0.0,0.0,0.0,0.0,0.0,0.0,0.0,0.0,0,0,0,0,0,0,0,0.0,0.0
08_2406_rta_08_241015091655_4166---Aggiornamentointegrazioneprotocollooperativoapprovatonelgiugno2008.txt,0.0,0.0,0.0,0.0,0.0,0.0,0.0,0.0,0.0,0.0,1,1,1,0,0,0,0,0.0,3.0
05_2406_rta_05_240919124736_4166---Protocollo_per_contrasto_alla_violenza_di_genere.stamped.txt,0.0,0.0,0.0,0.0,0.0,0.0,0.0,0.0,0.0,0.0,1,1,0,0,0,0,0,0.0,2.0
09_PISA PREF E PROV.txt,0.0,0.0,0.0,0.0,0.0,0.0,0.0,0.0,0.0,0.0,1,1,0,0,0,0,0,0.0,2.0
06_2406_rta_06_240916164153_4166---protocolloprefettura.txt,0.0,0.0,0.0,0.0,0.0,0.0,0.0,0.0,0.0,0.0,1,1,0,0,0,0,0,0.0,2.0
20_2406_rta_20_250620094616_4166---Delibera52-22del23.12.2024-Allegato1.txt,0.0,0.0,0.0,0.0,0.0,0.0,0.0,0.0,0.0,0.0,1,1,0,0,0,0,0,0.0,2.0
08_2406_rta_08_241015091430_4166---Protocollo_Distrettuale_Contrasto_violenza_Donne2023.stamped.txt,0.0,0.0,0.0,0.0,0.0,0.0,0.0,0.0,0.0,0.0,1,1,1,0,0,1,1,0.0,5.0
20_2406_rta_20_250620094616_4166---Delibera52-22del23.12.2024-Allegato1.txt,0.0,0.0,0.0,0.0,0.0,0.0,0.0,0.0,0.0,0.0,1,1,0,0,0,0,0,0.0,2.0
03_2406_rta_03_240923111659_4166---ProtocolloantiviolenzaComunediLodi_scansioneconfirme_maggio2014.txt,0.0,0.0,0.0,0.0,0.0,0.0,0.0,0.0,0.0,0.0,1,1,1,0,0,0,0,0.0,3.0
03_2406_rta_03_240920120751_4166---protocollodiintesa.txt,0.0,0.0,0.0,0.0,0.0,0.0,0.0,0.0,0.0,0.0,1,1,0,0,0,0,0,0.0,2.0
03_2406_rta_03_240926114940_4166---ProtocollodiintesaeAllegatoTecnico_SOTTOSCRITTO.txt,0.0,0.0,0.0,0.0,0.0,0.0,0.0,0.0,0.0,0.0,1,1,1,0,0,0,0,0.0,3.0
13_2406_rta_13_241122103901_4166---Protocollirete_ortonaelancianoCAVdonn.ÿ.txt,0.0,0.0,0.0,0.0,0.0,0.0,0.0,0.0,0.0,0.0,1,1,1,0,0,0,0,0.0,3.0
13_2406_rta_13_241122103653_4166---protocollodirete_cavlafenice_provinciateramo.txt,0.0,0.0,0.0,0.0,0.0,0.0,0.0,0.0,0.0,0.0,1,1,0,0,0,0,0,0.0,2.0
16_2406_rta_16_250409174252_4166---Protocollo_Intesa_LARA.txt,0.0,0.0,0.0,0.0,0.0,0.0,0.0,0.0,0.0,0.0,1,1,0,0,0,0,0,0.0,2.0
16_bat_convenzione CAV - ASL BT.txt,0.0,0.0,0.0,0.0,0.0,0.0,0.0,0.0,0.0,0.0,1,1,1,0,0,0,0,0.0,3.0
01_2406_rta_01_241018134519_4166---Protocollooperativointeristituzionaleviolenzadigenere2023-2026def.txt,0.0,0.0,0.0,0.0,0.0,0.0,0.0,0.0,0.0,0.0,1,1,0,0,0,0,0,0.0,2.0
01_2406_rta_01_241018142804_4166---ConvenzioneASL-Prontosoccorsoceva.txt,0.0,0.0,0.0,0.0,0.0,0.0,0.0,0.0,0.0,0.0,1,1,0,0,0,0,0,0.0,2.0
03_2406_rta_03_240920120751_4166---protocollodiintesa.txt,0.0,0.0,0.0,0.0,0.0,0.0,0.0,0.0,0.0,0.0,1,1,1,0,0,0,0,0.0,3.0
16_taranto_protocollo Prefettura ProvinciaTaranto.txt,0.0,0.0,0.0,0.0,0.0,0.0,0.0,0.0,0.0,0.0,1,1,0,0,0,0,0,0.0,2.0
01_2406_rta_01_241003124847_4166---2024-8928-2perinvio.txt,0.0,0.0,0.0,0.0,0.0,0.0,0.0,0.0,0.0,0.0,1,1,0,0,0,0,0,0.0,2.0
01_2406_rta_01_240904120005_4166---protocollo.txt,0.0,0.0,0.0,0.0,0.0,0.0,0.0,0.0,0.0,0.0,1,1,0,0,0,0,0,0.0,2.0
12_2406_rta_12_240926134140_4166---Protocollointesa.txt,0.0,0.0,0.0,0.0,0.0,0.0,0.0,0.0,0.0,0.0,1,1,1,0,0,0,0,0.0,3.0
03_2406_rta_03_240923111659_4166---ProtocolloantiviolenzaComunediLodi_scansioneconfirme_maggio2014.txt,0.0,0.0,0.0,0.0,0.0,0.0,0.0,0.0,0.0,0.0,1,1,1,0,0,1,1,0.0,5.0
08_2406_rta_08_241015091655_4166---Aggiornamentointegrazioneprotocollooperativoapprovatonelgiugno2008.txt,0.0,0.0,0.0,0.0,0.0,0.0,0.0,0.0,0.0,0.0,1,1,1,0,0,0,0,0.0,3.0
12_2406_rta_12_241001130527_4166---protocollocontrolaviolenzadigenere.pdfpdf.txt,0.0,0.0,0.0,0.0,0.0,0.0,0.0,0.0,0.0,0.0,1,1,0,0,0,0,0,0.0,2.0
16_taranto_protocollo Prefettura ProvinciaTaranto.txt,0.0,0.0,0.0,0.0,0.0,0.0,0.0,0.0,0.0,0.0,1,0,0,0,0,0,0,0.0,1.0
01_2406_rta_01_240920123646_4166---vercellieos.txt,0.0,0.0,0.0,0.0,0.0,0.0,0.0,0.0,0.0,0.0,1,1,1,0,0,0,0,0.0,3.0
09_APUANE_2015 Protocollo Prefettura.txt,0.0,0.0,0.0,0.0,0.0,0.0,0.0,0.0,0.0,0.0,1,1,0,0,0,0,0,0.0,2.0
07_2406_rta_07_240916163905_4166---PROTOCOLLOFIRMATO(002).txt,0.0,0.0,0.0,0.0,0.0,0.0,0.0,0.0,0.0,0.0,1,1,0,0,0,0,0,0.0,2.0
03_2406_rta_03_240926122707_4166---ProtocolloReteAntiviolenzaconfirme.txt,0.0,0.0,0.0,0.0,0.0,0.0,0.0,0.0,0.0,0.0,0,0,0,0,0,0,0,0.0,0.0
03_2406_rta_03_240926122707_4166---ProtocolloReteAntiviolenzaconfirme.txt,0.0,0.0,0.0,0.0,0.0,0.0,0.0,0.0,0.0,0.0,0,0,0,0,0,0,0,0.0,0.0
18_2406_rta_18_240926102620_4166---protocollopercorsorosa.txt,0.0,0.0,0.0,0.0,0.0,0.0,0.0,0.0,0.0,0.0,1,1,0,0,0,0,0,0.0,2.0
18_2406_rta_18_240926103211_4166---PROTOCOLLOviolasottoscritto.txt,0.0,0.0,0.0,0.0,0.0,0.0,0.0,0.0,0.0,0.0,1,1,0,0,0,0,0,0.0,2.0
09_PISA PREF E PROV.txt,0.0,0.0,0.0,0.0,0.0,0.0,0.0,0.0,0.0,0.0,1,1,0,0,0,0,0,0.0,2.0
09_PISA PREF E PROV.txt,0.0,0.0,0.0,0.0,0.0,0.0,0.0,0.0,0.0,0.0,1,1,0,0,0,0,0,0.0,2.0
06_2406_rta_06_240916164122_4166---prot_n_0119980_2024_Accordo(firmato).txt,0.0,0.0,0.0,0.0,0.0,0.0,0.0,0.0,0.0,0.0,1,1,0,0,0,0,0,0.0,2.0
03_2406_rta_03_240918153240_4166---Protocollod'intesaperl'IstituzionediunSistemaTerritorialeAntiviolenzainReteconAddendumSindacati.txt,0.0,0.0,0.0,0.0,0.0,0.0,0.0,0.0,0.0,0.0,1,1,1,0,0,1,1,0.0,5.0
03_2406_rta_03_240926122707_4166---ProtocolloReteAntiviolenzaconfirme.txt,0.0,0.0,0.0,0.0,0.0,0.0,0.0,0.0,0.0,0.0,1,1,0,0,0,0,0,0.0,2.0
03_2406_rta_03_240920124656_4166---ProtocolloantiviolenzaDEFINITIVO(1).txt,0.0,0.0,0.0,0.0,0.0,0.0,0.0,0.0,0.0,0.0,1,1,0,0,0,0,0,0.0,2.0
03_2406_rta_03_240926122707_4166---ProtocolloReteAntiviolenzaconfirme.txt,0.0,0.0,0.0,0.0,0.0,0.0,0.0,0.0,0.0,0.0,1,1,0,0,0,0,0,0.0,2.0
03_2406_rta_03_240923165401_4166---PROTOCOLLODIrete2020-2023_rev2confirmescan.txt,0.0,0.0,0.0,0.0,0.0,0.0,0.0,0.0,0.0,0.0,1,0,0,0,0,0,0,0.0,1.0
03_2406_rta_03_240926122707_4166---ProtocolloReteAntiviolenzaconfirme.txt,0.0,0.0,0.0,0.0,0.0,0.0,0.0,0.0,0.0,0.0,1,1,0,0,0,0,0,0.0,2.0
03_2406_rta_03_240918151606_4166---A_RetePavia_Protocollo2021_e_Integrazioni2023_firmato_compressed.txt,0.0,0.0,0.0,0.0,0.0,0.0,0.0,0.0,0.0,0.0,1,1,1,0,0,0,0,0.0,3.0
03_2406_rta_03_240918153252_4166---Protocollo+Appendice+LineeGuida_Datatodafirmare.txt,0.0,0.0,0.0,0.0,0.0,0.0,0.0,0.0,0.0,0.0,1,1,0,0,0,0,0,0.0,2.0
03_2406_rta_03_240918153252_4166---Protocollo+Appendice+LineeGuida_Datatodafirmare.txt,0.0,0.0,0.0,0.0,0.0,0.0,0.0,0.0,0.0,0.0,1,1,1,0,0,0,0,0.0,3.0
05_2406_rta_05_240916131522_4166---protocolloaggiornamento2023.txt,0.0,0.0,0.0,0.0,0.0,0.0,0.0,0.0,0.0,0.0,1,1,1,0,0,1,1,0.0,5.0
05_2406_rta_05_240919114041_4166---protocollounicorevisionato2024.txt,0.0,0.0,0.0,0.0,0.0,0.0,0.0,0.0,0.0,0.0,1,1,0,0,0,0,0,0.0,2.0
05_2406_rta_05_240919122126_4166---PROTOCOLLOULSS8BERICA.txt,0.0,0.0,0.0,0.0,0.0,0.0,0.0,0.0,0.0,0.0,1,1,1,0,0,0,0,0.0,3.0
09_SENESE Delibera-n.1196-del-24-10-2022-allegato-a_SENESE_2.txt,0.0,0.0,0.0,0.0,0.0,0.0,0.0,0.0,0.0,0.0,0,0,0,0,0,0,0,0.0,0.0
09_LIVORNO Protocollo_ RETE ANTIVIOLENZA_ LIVORNO.txt,0.0,0.0,0.0,0.0,0.0,0.0,0.0,0.0,0.0,0.0,1,0,0,0,0,0,0,0.0,1.0
09_ALTA VALDELSA Protocollo-violenza-valdelsa-2022_ALTA VALDELSA.txt,0.0,0.0,0.0,0.0,0.0,0.0,0.0,0.0,0.0,0.0,1,1,0,0,0,0,0,0.0,2.0
08_2406_rta_08_241015091748_4166---ProtocolloProvincialeCaserifugio2023.2025.txt,0.0,0.0,0.0,0.0,0.0,0.0,0.0,0.0,0.0,0.0,1,1,0,0,0,0,0,0.0,2.0
08_2406_rta_08_241015091310_4166---Accordo_Contrasto_alla_violenza_CittMtrBO.txt,0.0,0.0,0.0,0.0,0.0,0.0,0.0,0.0,0.0,0.0,1,0,0,0,0,0,0,0.0,1.0
08_2406_rta_08_241015091430_4166---Protocollo_Distrettuale_Contrasto_violenza_Donne2023.stamped.txt,0.0,0.0,0.0,0.0,0.0,0.0,0.0,0.0,0.0,0.0,1,1,1,1,0,0,1,0.0,5.0
08_2406_rta_08_241015091917_4166---Protocollo2022-2024.txt,0.0,0.0,0.0,0.0,0.0,0.0,0.0,0.0,0.0,0.0,1,1,1,0,0,0,0,0.0,3.0
09_GROSSETO 2022 fpdf.txt,0.0,0.0,0.0,0.0,0.0,0.0,0.0,0.0,0.0,0.0,1,0,0,0,0,0,0,0.0,1.0
05_2406_rta_05_240917141534_4166---protocollodiretefirmato.txt,0.0,0.0,0.0,0.0,0.0,0.0,0.0,0.0,0.0,0.0,1,1,0,0,0,0,0,0.0,2.0
05_2406_rta_05_240916135305_4166---protocolloulss4.txt,0.0,0.0,0.0,0.0,0.0,0.0,0.0,0.0,0.0,0.0,1,1,0,0,0,0,0,0.0,2.0
05_2406_rta_05_240918153458_4166---protocolloprovPadova.txt,0.0,0.0,0.0,0.0,0.0,0.0,0.0,0.0,0.0,0.0,1,1,0,0,0,0,0,0.0,2.0
05_2406_rta_05_240919124736_4166---Protocollo_per_contrasto_alla_violenza_di_genere.stamped.txt,0.0,0.0,0.0,0.0,0.0,0.0,0.0,0.0,0.0,0.0,1,0,0,0,0,0,0,0.0,1.0
08_2406_rta_08_241015091553_4166---Protocollosullaviolenzadigenere_confirme_prot.txt,0.0,0.0,0.0,0.0,0.0,0.0,0.0,0.0,0.0,0.0,1,1,0,0,0,0,0,0.0,2.0
10_2406_rta_10_250506141901_4166---ProtocollounicoregionaleRINNOVATO.txt,0.0,0.0,0.0,0.0,0.0,0.0,0.0,0.0,0.0,0.0,1,0,0,0,0,0,0,0.0,1.0
10_2406_rta_10_250506141901_4166---ProtocollounicoregionaleRINNOVATO.txt,0.0,0.0,0.0,0.0,0.0,0.0,0.0,0.0,0.0,0.0,1,0,0,0,0,0,0,0.0,1.0
08_2406_rta_08_241015091553_4166---Protocollosullaviolenzadigenere_confirme_prot.txt,0.0,0.0,0.0,0.0,0.0,0.0,0.0,0.0,0.0,0.0,1,1,0,0,0,0,0,0.0,2.0
08_2406_rta_08_241015091355_4166---PROTOCOLLO_CONTRO_VIOLENZA_firmato2023.txt,0.0,0.0,0.0,0.0,0.0,0.0,0.0,0.0,0.0,0.0,1,1,0,0,0,0,0,0.0,2.0
08_2406_rta_08_241015091725_4166---Protoc-Prefett-2017.txt,0.0,0.0,0.0,0.0,0.0,0.0,0.0,0.0,0.0,0.0,1,1,0,0,0,0,0,0.0,2.0
08_2406_rta_08_241015091832_4166---P.G.111546-2023PROTOCOLLOOPERATIVOFENOMENOVIOLENZADONNE(1).txt,0.0,0.0,0.0,0.0,0.0,0.0,0.0,0.0,0.0,0.0,1,1,0,0,0,0,0,0.0,2.0
09_AREZZO Prot_2024-2026.txt,0.0,0.0,0.0,0.0,0.0,0.0,0.0,0.0,0.0,0.0,0,0,0,0,0,0,0,0.0,0.0
03_2406_rta_03_240926122707_4166---ProtocolloReteAntiviolenzaconfirme.txt,0.0,0.0,0.0,0.0,0.0,0.0,0.0,0.0,0.0,0.0,1,1,0,0,0,0,0,0.0,2.0
06_2406_rta_06_240916164122_4166---prot_n_0119980_2024_Accordo(firmato).txt,0.0,0.0,0.0,0.0,0.0,0.0,0.0,0.0,0.0,0.0,0,0,0,0,0,0,0,0.0,0.0
06_2406_rta_06_240916164153_4166---protocolloprefettura.txt,0.0,0.0,0.0,0.0,0.0,0.0,0.0,0.0,0.0,0.0,1,1,0,0,0,0,0,0.0,2.0
06_2406_rta_06_240916164102_4166---protocollopordenoneprefettura.txt,0.0,0.0,0.0,0.0,0.0,0.0,0.0,0.0,0.0,0.0,1,1,0,0,0,0,0,0.0,2.0
06_2406_rta_06_240916164258_4166---Protocolloviolenzadomesticaedigenere_30.09.2019.txt,0.0,0.0,0.0,0.0,0.0,0.0,0.0,0.0,0.0,0.0,1,1,0,0,0,0,0,0.0,2.0
20_2406_rta_20_250620094616_4166---Delibera52-22del23.12.2024-Allegato1.txt,0.0,0.0,0.0,0.0,0.0,0.0,0.0,0.0,0.0,0.0,1,1,0,0,0,0,0,0.0,2.0
02_2406_rta_02_240904124958_4166---lrn4del25feb2013.txt,0.0,0.0,0.0,0.0,0.0,0.0,0.0,0.0,0.0,0.0,1,0,0,0,0,0,0,0.0,1.0
20_2406_rta_20_250620094616_4166---Delibera52-22del23.12.2024-Allegato1.txt,0.0,0.0,0.0,0.0,0.0,0.0,0.0,0.0,0.0,0.0,1,1,0,0,0,0,0,0.0,2.0
20_2406_rta_20_250620094616_4166---Delibera52-22del23.12.2024-Allegato1.txt,0.0,0.0,0.0,0.0,0.0,0.0,0.0,0.0,0.0,0.0,1,1,0,0,0,0,0,0.0,2.0
20_2406_rta_20_250620094616_4166---Delibera52-22del23.12.2024-Allegato1.txt,0.0,0.0,0.0,0.0,0.0,0.0,0.0,0.0,0.0,0.0,1,1,0,0,0,0,0,0.0,2.0
20_2406_rta_20_250620094616_4166---Delibera52-22del23.12.2024-Allegato1.txt,0.0,0.0,0.0,0.0,0.0,0.0,0.0,0.0,0.0,0.0,1,1,0,0,0,0,0,0.0,2.0
20_2406_rta_20_250620094616_4166---Delibera52-22del23.12.2024-Allegato1.txt,0.0,0.0,0.0,0.0,0.0,0.0,0.0,0.0,0.0,0.0,1,1,0,0,0,0,0,0.0,2.0
20_2406_rta_20_250620094616_4166---Delibera52-22del23.12.2024-Allegato1.txt,0.0,0.0,0.0,0.0,0.0,0.0,0.0,0.0,0.0,0.0,1,1,0,0,0,0,0,0.0,2.0
20_2406_rta_20_250620094616_4166---Delibera52-22del23.12.2024-Allegato1.txt,0.0,0.0,0.0,0.0,0.0,0.0,0.0,0.0,0.0,0.0,1,1,0,0,0,0,0,0.0,2.0
20_2406_rta_20_250620094616_4166---Delibera52-22del23.12.2024-Allegato1.txt,0.0,0.0,0.0,0.0,0.0,0.0,0.0,0.0,0.0,0.0,1,1,0,0,0,0,0,0.0,2.0
12_2406_rta_12_241003114931_4166---ProtocollodiintesaDifferenzaDonnaeMunicipio13.txt,0.0,0.0,0.0,0.0,0.0,0.0,0.0,0.0,0.0,0.0,1,0,0,0,0,0,0,0.0,1.0
16_bari_protocollo operativo Putignano_EMI.txt,0.0,0.0,0.0,0.0,0.0,0.0,0.0,0.0,0.0,0.0,0,0,0,0,0,0,0,0.0,0.0
08_2406_rta_08_241015091430_4166---Protocollo_Distrettuale_Contrasto_violenza_Donne2023.stamped.txt,0.0,0.0,0.0,0.0,0.0,0.0,0.0,0.0,0.0,0.0,1,0,0,0,0,0,0,0.0,1.0
08_2406_rta_08_241015091430_4166---Protocollo_Distrettuale_Contrasto_violenza_Donne2023.stamped.txt,0.0,0.0,0.0,0.0,0.0,0.0,0.0,0.0,0.0,0.0,1,0,0,0,0,0,0,0.0,1.0
08_2406_rta_08_241015091725_4166---Protoc-Prefett-2017.txt,0.0,0.0,0.0,0.0,0.0,0.0,0.0,0.0,0.0,0.0,0,0,0,0,0,0,0,0.0,0.0
08_2406_rta_08_241015091655_4166---Aggiornamentointegrazioneprotocollooperativoapprovatonelgiugno2008.txt,0.0,0.0,0.0,0.0,0.0,0.0,0.0,0.0,0.0,0.0,1,1,1,0,0,0,0,0.0,3.0
01_2406_rta_01_241003113501_4166---CCVD1deliberaprotocolloccvd-2024eall1prot.txt,0.0,0.0,0.0,0.0,0.0,0.0,0.0,0.0,0.0,0.0,1,0,0,1,1,0,1,0.0,4.0
01_2406_rta_01_241003113501_4166---CCVD1deliberaprotocolloccvd-2024eall1prot.txt,0.0,0.0,0.0,0.0,0.0,0.0,0.0,0.0,0.0,0.0,1,0,0,0,0,0,0,0.0,1.0
03_2406_rta_03_240923103647_4166---protocolloreteantiviolenzacinisello2019(1).txt,0.0,0.0,0.0,0.0,0.0,0.0,0.0,0.0,0.0,0.0,1,0,0,0,0,0,0,0.0,1.0
03_2406_rta_03_240923103647_4166---protocolloreteantiviolenzacinisello2019(1).txt,0.0,0.0,0.0,0.0,0.0,0.0,0.0,0.0,0.0,0.0,1,1,1,0,0,0,0,0.0,3.0
13_2406_rta_13_241122103901_4166---Protocollirete_ortonaelancianoCAVdonn.ÿ.txt,0.0,0.0,0.0,0.0,0.0,0.0,0.0,0.0,0.0,0.0,1,1,0,0,0,0,0,0.0,2.0
08_2406_rta_08_241015091430_4166---Protocollo_Distrettuale_Contrasto_violenza_Donne2023.stamped.txt,0.0,0.0,0.0,0.0,0.0,0.0,0.0,0.0,0.0,0.0,1,0,0,0,0,0,0,0.0,1.0
12_2406_rta_12_241003112656_4166---AccordodicollaborazioneconsultorieDifferenzaDonna.txt,0.0,0.0,0.0,0.0,0.0,0.0,0.0,0.0,0.0,0.0,1,0,0,0,0,0,0,0.0,1.0
03_2406_rta_03_240918153156_4166---Protocollo_d'Intesa_Rete_Mantova.prot.txt,0.0,0.0,0.0,0.0,0.0,0.0,0.0,0.0,0.0,0.0,1,0,0,0,0,0,0,0.0,1.0
01_2406_rta_01_240904162242_4166---CONVENZIONETRAASLTO3ESVOLTADONNA.txt,0.0,0.0,0.0,0.0,0.0,0.0,0.0,0.0,0.0,0.0,1,0,0,1,0,0,1,0.0,3.0
03_2406_rta_03_240925144919_4166---RETEDICOMO-PROTOCOLLOINTERIST.17novembre2023(1).txt,0.0,0.0,0.0,0.0,0.0,0.0,0.0,0.0,0.0,0.0,1,1,0,0,0,0,0,0.0,2.0
12_2406_rta_12_240926133706_4166---STAR.txt,0.0,0.0,0.0,0.0,0.0,0.0,0.0,0.0,0.0,0.0,1,0,0,0,0,0,0,0.0,1.0
03_2406_rta_03_240926123135_4166---ProtocollodiRete.txt,0.0,0.0,0.0,0.0,0.0,0.0,0.0,0.0,0.0,0.0,1,0,0,1,0,0,1,0.0,3.0
16_2406_rta_16_250409174252_4166---Protocollo_Intesa_LARA.txt,0.0,0.0,0.0,0.0,0.0,0.0,0.0,0.0,0.0,0.0,1,0,0,0,0,0,0,0.0,1.0
05_2406_rta_05_240916173648_4166---ULSS5Polesana_Protocollodirete.txt,0.0,0.0,0.0,0.0,0.0,0.0,0.0,0.0,0.0,0.0,1,0,0,0,0,0,0,0.0,1.0
03_2406_rta_03_240918153240_4166---Protocollod'intesaperl'IstituzionediunSistemaTerritorialeAntiviolenzainReteconAddendumSindacati.txt,0.0,0.0,0.0,0.0,0.0,0.0,0.0,0.0,0.0,0.0,1,1,1,0,0,0,0,0.0,3.0
11_2406_rta_11_240911113034_4166---protocollodireteantiviolenza2020-2022-uuvv.txt,0.0,0.0,0.0,0.0,0.0,0.0,0.0,0.0,0.0,0.0,1,0,0,0,0,0,0,0.0,1.0
16_lecce_Protocollo Operativo - Procedure integrate per la prevenzione e il contrasto alla violenza contro donne e minori - Copia_Marcato.txt,0.0,0.0,0.0,0.0,0.0,0.0,0.0,0.0,0.0,0.0,1,1,1,0,0,0,0,0.0,3.0
05_2406_rta_05_240919124736_4166---Protocollo_per_contrasto_alla_violenza_di_genere.stamped.txt,0.0,0.0,0.0,0.0,0.0,0.0,0.0,0.0,0.0,0.0,1,0,0,0,0,0,0,0.0,1.0
03_2406_rta_03_240923103647_4166---protocolloreteantiviolenzacinisello2019(1).txt,0.0,0.0,0.0,0.0,0.0,0.0,0.0,0.0,0.0,0.0,1,0,0,0,0,0,0,0.0,1.0
12_2406_rta_12_241003105855_4166---ProtocollodiintesafirmatoASL1.txt,0.0,0.0,0.0,0.0,0.0,0.0,0.0,0.0,0.0,0.0,0,0,0,0,0,0,0,0.0,0.0
08_2406_rta_08_241015091655_4166---Aggiornamentointegrazioneprotocollooperativoapprovatonelgiugno2008.txt,0.0,0.0,0.0,0.0,0.0,0.0,0.0,0.0,0.0,0.0,1,0,0,0,0,0,0,0.0,1.0
08_2406_rta_08_241015091355_4166---PROTOCOLLO_CONTRO_VIOLENZA_firmato2023.txt,0.0,0.0,0.0,0.0,0.0,0.0,0.0,0.0,0.0,0.0,1,1,0,0,0,0,0,0.0,2.0
16_bari_protocollo operativo Gioia del Colle_EMI.txt,0.0,0.0,0.0,0.0,0.0,0.0,0.0,0.0,0.0,0.0,1,0,0,0,0,0,0,0.0,1.0
16_bari_protocollo operativo Gioia del Colle_EMI.txt,0.0,0.0,0.0,0.0,0.0,0.0,0.0,0.0,0.0,0.0,1,0,0,0,0,0,0,0.0,1.0
16_bari_protocollo operativo Gioia del Colle_EMI.txt,0.0,0.0,0.0,0.0,0.0,0.0,0.0,0.0,0.0,0.0,1,0,0,0,0,0,0,0.0,1.0
16_bari_protocollo operativo Gioia del Colle_EMI.txt,0.0,0.0,0.0,0.0,0.0,0.0,0.0,0.0,0.0,0.0,1,0,0,0,0,0,0,0.0,1.0
16_bari_protocollo operativo Grumo_EMI.txt,0.0,0.0,0.0,0.0,0.0,0.0,0.0,0.0,0.0,0.0,1,0,0,0,0,0,0,0.0,1.0
03_2406_rta_03_240923111659_4166---ProtocolloantiviolenzaComunediLodi_scansioneconfirme_maggio2014.txt,0.0,0.0,0.0,0.0,0.0,0.0,0.0,0.0,0.0,0.0,1,1,1,0,0,0,0,0.0,3.0
03_2406_rta_03_240923111659_4166---ProtocolloantiviolenzaComunediLodi_scansioneconfirme_maggio2014.txt,0.0,0.0,0.0,0.0,0.0,0.0,0.0,0.0,0.0,0.0,1,1,1,0,0,0,0,0.0,3.0
03_2406_rta_03_240923111659_4166---ProtocolloantiviolenzaComunediLodi_scansioneconfirme_maggio2014.txt,0.0,0.0,0.0,0.0,0.0,0.0,0.0,0.0,0.0,0.0,1,1,1,0,0,0,0,0.0,3.0
01_2406_rta_01_240904121349_4166---convenzione.txt,0.0,0.0,0.0,0.0,0.0,0.0,0.0,0.0,0.0,0.0,1,1,0,0,0,0,0,0.0,2.0
09_ALTA VALDELSA Protocollo-violenza-valdelsa-2022_ALTA VALDELSA.txt,0.0,0.0,0.0,0.0,0.0,0.0,0.0,0.0,0.0,0.0,1,0,0,0,0,0,0,0.0,1.0
13_2406_rta_13_241122103901_4166---Protocollirete_ortonaelancianoCAVdonn.ÿ.txt,0.0,0.0,0.0,0.0,0.0,0.0,0.0,0.0,0.0,0.0,1,1,0,0,0,0,0,0.0,2.0
16_bari_protocollo operativo Mola di Bari_rete Antiviolenza.txt,0.0,0.0,0.0,0.0,0.0,0.0,0.0,0.0,0.0,0.0,1,0,0,0,1,0,1,0.0,3.0
12_2406_rta_12_241004114912_4166---ProtocolloRetePrantiviolenzaFrosinone.txt,0.0,0.0,0.0,0.0,0.0,0.0,0.0,0.0,0.0,0.0,0,0,0,1,0,0,1,0.0,2.0
05_2406_rta_05_240917141534_4166---protocollodiretefirmato.txt,0.0,0.0,0.0,0.0,0.0,0.0,0.0,0.0,0.0,0.0,1,0,0,0,0,0,0,0.0,1.0
03_2406_rta_03_240926144324_4166---Protocollodiintesa.txt,0.0,0.0,0.0,0.0,0.0,0.0,0.0,0.0,0.0,0.0,1,1,0,0,0,0,0,0.0,2.0
11_2406_rta_11_240911113105_4166---PROTOCOLLO_OPERATIVO2024_CONINDIRIZZARIO_FIRMATO.txt,0.0,0.0,0.0,0.0,0.0,0.0,0.0,0.0,0.0,0.0,1,1,0,0,0,0,0,0.0,2.0
11_2406_rta_11_240911113105_4166---PROTOCOLLO_OPERATIVO2024_CONINDIRIZZARIO_FIRMATO.txt,0.0,0.0,0.0,0.0,0.0,0.0,0.0,0.0,0.0,0.0,1,0,0,0,0,0,0,0.0,1.0
11_2406_rta_11_240911113105_4166---PROTOCOLLO_OPERATIVO2024_CONINDIRIZZARIO_FIRMATO.txt,0.0,0.0,0.0,0.0,0.0,0.0,0.0,0.0,0.0,0.0,1,0,0,0,0,0,0,0.0,1.0
11_2406_rta_11_240911113105_4166---PROTOCOLLO_OPERATIVO2024_CONINDIRIZZARIO_FIRMATO.txt,0.0,0.0,0.0,0.0,0.0,0.0,0.0,0.0,0.0,0.0,1,0,0,0,0,0,0,0.0,1.0
01_2406_rta_01_241018134519_4166---Protocollooperativointeristituzionaleviolenzadigenere2023-2026def.txt,0.0,0.0,0.0,0.0,0.0,0.0,0.0,0.0,0.0,0.0,1,0,0,0,0,0,0,0.0,1.0
01_2406_rta_01_240920112211_4166---367772-4-Protocollo_intesa_Completo.txt,0.0,0.0,0.0,0.0,0.0,0.0,0.0,0.0,0.0,0.0,1,1,0,0,0,0,0,0.0,2.0
01_2406_rta_01_240920112211_4166---367772-4-Protocollo_intesa_Completo.txt,0.0,0.0,0.0,0.0,0.0,0.0,0.0,0.0,0.0,0.0,1,1,0,0,0,0,0,0.0,2.0
01_2406_rta_01_240920112211_4166---367772-4-Protocollo_intesa_Completo.txt,0.0,0.0,0.0,0.0,0.0,0.0,0.0,0.0,0.0,0.0,1,1,0,0,0,0,0,0.0,2.0
01_2406_rta_01_240920112211_4166---367772-4-Protocollo_intesa_Completo.txt,0.0,0.0,0.0,0.0,0.0,0.0,0.0,0.0,0.0,0.0,1,1,0,0,0,0,0,0.0,2.0
03_2406_rta_03_240920093134_4166---Protocollo_Intesa_Rete_Antiviolenza_SudEstMilano_Paullese_2021-2023.txt,0.0,0.0,0.0,0.0,0.0,0.0,0.0,0.0,0.0,0.0,1,0,0,0,0,0,0,0.0,1.0
03_2406_rta_03_240920120751_4166---protocollodiintesa.txt,0.0,0.0,0.0,0.0,0.0,0.0,0.0,0.0,0.0,0.0,1,1,0,0,0,0,0,0.0,2.0
05_2406_rta_05_240919124736_4166---Protocollo_per_contrasto_alla_violenza_di_genere.stamped.txt,0.0,0.0,0.0,0.0,0.0,0.0,0.0,0.0,0.0,0.0,1,0,0,0,0,0,0,0.0,1.0
08_2406_rta_08_241015092024_4166---Protocollooperativo.txt,0.0,0.0,0.0,0.0,0.0,0.0,0.0,0.0,0.0,0.0,1,0,0,0,0,0,0,0.0,1.0
03_2406_rta_03_240925144919_4166---RETEDICOMO-PROTOCOLLOINTERIST.17novembre2023(1).txt,0.0,0.0,0.0,0.0,0.0,0.0,0.0,0.0,0.0,0.0,1,1,0,0,0,0,0,0.0,2.0
03_2406_rta_03_240918153252_4166---Protocollo+Appendice+LineeGuida_Datatodafirmare.txt,0.0,0.0,0.0,0.0,0.0,0.0,0.0,0.0,0.0,0.0,1,1,0,0,0,0,0,0.0,2.0
03_2406_rta_03_240918153252_4166---Protocollo+Appendice+LineeGuida_Datatodafirmare.txt,0.0,0.0,0.0,0.0,0.0,0.0,0.0,0.0,0.0,0.0,1,1,0,0,0,0,0,0.0,2.0
03_2406_rta_03_240924144947_4166---Protocollod'IntesaReteAntiviolenzaIsolaBergamascaeBassaValSanMartino2024.txt,0.0,0.0,0.0,0.0,0.0,0.0,0.0,0.0,0.0,0.0,1,1,0,0,0,0,0,0.0,2.0
03_2406_rta_03_240918153252_4166---Protocollo+Appendice+LineeGuida_Datatodafirmare.txt,0.0,0.0,0.0,0.0,0.0,0.0,0.0,0.0,0.0,0.0,1,1,1,0,0,0,0,0.0,3.0
13_2406_rta_13_241122115416_4166---PROTOCOLLOPESCARA.txt,0.0,0.0,0.0,0.0,0.0,0.0,0.0,0.0,0.0,0.0,1,1,0,0,0,0,0,0.0,2.0
06_2406_rta_06_240916164122_4166---prot_n_0119980_2024_Accordo(firmato).txt,0.0,0.0,0.0,0.0,0.0,0.0,0.0,0.0,0.0,0.0,1,1,0,0,0,0,0,0.0,2.0
11_2406_rta_11_240911113911_4166---AscoliPPROTOCOLLOoperativo_2019_2021.txt,0.0,0.0,0.0,0.0,0.0,0.0,0.0,0.0,0.0,0.0,1,0,0,0,0,0,0,0.0,1.0
13_2406_rta_13_241122111153_4166---PROTOCOLLOCASTELDISANGROEASL.txt,0.0,0.0,0.0,0.0,0.0,0.0,0.0,0.0,0.0,0.0,1,0,0,0,0,0,0,0.0,1.0
01_2406_rta_01_240904120005_4166---protocollo.txt,0.0,0.0,0.0,0.0,0.0,0.0,0.0,0.0,0.0,0.0,1,0,0,1,0,0,1,0.0,3.0
13_2406_rta_13_241122105540_4166---protocollodirete_vastodonnattiva.txt,0.0,0.0,0.0,0.0,0.0,0.0,0.0,0.0,0.0,0.0,1,1,1,0,0,0,0,0.0,3.0
03_2406_rta_03_240923102947_4166---ProtSOTTOSCRITTO_ReteAntiviolenzaPiuIntegrazioneAprile2024(1).txt,0.0,0.0,0.0,0.0,0.0,0.0,0.0,0.0,0.0,0.0,0,0,0,0,0,0,0,0.0,0.0
05_2406_rta_05_240916131522_4166---protocolloaggiornamento2023.txt,0.0,0.0,0.0,0.0,0.0,0.0,0.0,0.0,0.0,0.0,1,1,0,0,0,0,0,0.0,2.0
05_2406_rta_05_240918144304_4166---Protocollo_ULSS2-DistrettoTreviso.txt,0.0,0.0,0.0,0.0,0.0,0.0,0.0,0.0,0.0,0.0,1,0,0,0,0,0,0,0.0,1.0
05_2406_rta_05_240918144304_4166---Protocollo_ULSS2-DistrettoTreviso.txt,0.0,0.0,0.0,0.0,0.0,0.0,0.0,0.0,0.0,0.0,1,0,0,0,0,0,0,0.0,1.0
08_2406_rta_08_241015091621_4166---PROTOCOLLO_22.txt,0.0,0.0,0.0,0.0,0.0,0.0,0.0,0.0,0.0,0.0,1,0,0,0,0,0,0,0.0,1.0
02_2406_rta_02_240904124958_4166---lrn4del25feb2013.txt,0.0,0.0,0.0,0.0,0.0,0.0,0.0,0.0,0.0,0.0,0,0,0,0,0,0,0,0.0,0.0
16_lecce_Protocollo Operativo - Procedure integrate per la prevenzione e il contrasto alla violenza contro donne e minori - Copia_Marcato.txt,0.0,0.0,0.0,0.0,0.0,0.0,0.0,0.0,0.0,0.0,1,0,0,0,0,0,0,0.0,1.0
11_2406_rta_11_240911113105_4166---PROTOCOLLO_OPERATIVO2024_CONINDIRIZZARIO_FIRMATO.txt,0.0,0.0,0.0,0.0,0.0,0.0,0.0,0.0,0.0,0.0,1,1,0,0,0,0,0,0.0,2.0
16_lecce_Protocollo Operativo - Procedure integrate per la prevenzione e il contrasto alla violenza contro donne e minori - Copia_Marcato.txt,0.0,0.0,0.0,0.0,0.0,0.0,0.0,0.0,0.0,0.0,1,0,0,0,0,0,0,0.0,1.0
08_2406_rta_08_241015091655_4166---Aggiornamentointegrazioneprotocollooperativoapprovatonelgiugno2008.txt,0.0,0.0,0.0,0.0,0.0,0.0,0.0,0.0,0.0,0.0,1,0,0,0,0,0,0,0.0,1.0
16_2406_rta_16_250409174252_4166---Protocollo_Intesa_LARA.txt,0.0,0.0,0.0,0.0,0.0,0.0,0.0,0.0,0.0,0.0,1,0,0,0,0,0,0,0.0,1.0
07_2406_rta_07_240916163905_4166---PROTOCOLLOFIRMATO(002).txt,0.0,0.0,0.0,0.0,0.0,0.0,0.0,0.0,0.0,0.0,1,0,0,0,0,0,0,0.0,1.0
05_2406_rta_05_240916173648_4166---ULSS5Polesana_Protocollodirete.txt,0.0,0.0,0.0,0.0,0.0,0.0,0.0,0.0,0.0,0.0,1,1,0,0,0,0,0,0.0,2.0
05_2406_rta_05_240919124736_4166---Protocollo_per_contrasto_alla_violenza_di_genere.stamped.txt,0.0,0.0,0.0,0.0,0.0,0.0,0.0,0.0,0.0,0.0,1,1,0,0,0,0,0,0.0,2.0
11_2406_rta_11_240911113911_4166---AscoliPPROTOCOLLOoperativo_2019_2021.txt,0.0,0.0,0.0,0.0,0.0,0.0,0.0,0.0,0.0,0.0,1,1,0,0,0,0,0,0.0,2.0
16_bar_protocollo operativo Triggiano_rete antiviolenza.pdf.txt,0.0,0.0,0.0,0.0,0.0,0.0,0.0,0.0,0.0,0.0,0,0,0,0,0,0,0,0.0,0.0
08_2406_rta_08_241015091748_4166---ProtocolloProvincialeCaserifugio2023.2025.txt,0.0,0.0,0.0,0.0,0.0,0.0,0.0,0.0,0.0,0.0,0,0,0,0,0,0,0,0.0,0.0
08_2406_rta_08_241015091748_4166---ProtocolloProvincialeCaserifugio2023.2025.txt,0.0,0.0,0.0,0.0,0.0,0.0,0.0,0.0,0.0,0.0,0,0,0,0,0,0,0,0.0,0.0
08_2406_rta_08_241015091748_4166---ProtocolloProvincialeCaserifugio2023.2025.txt,0.0,0.0,0.0,0.0,0.0,0.0,0.0,0.0,0.0,0.0,1,1,0,0,0,0,0,0.0,2.0
16_bari_protocollo operativo Mola di Bari_rete Antiviolenza.txt,0.0,0.0,0.0,0.0,0.0,0.0,0.0,0.0,0.0,0.0,1,0,0,0,0,0,0,0.0,1.0
13_2406_rta_13_241122104158_4166---Protocollirete_ortonaelancianoCAVdonn.ÿ.txt,0.0,0.0,0.0,0.0,0.0,0.0,0.0,0.0,0.0,0.0,1,1,0,0,0,0,0,0.0,2.0
05_2406_rta_05_240919124736_4166---Protocollo_per_contrasto_alla_violenza_di_genere.stamped.txt,0.0,0.0,0.0,0.0,0.0,0.0,0.0,0.0,0.0,0.0,1,0,0,0,0,0,0,0.0,1.0
16_bari_protocollo operativo Putignano_EMI.txt,0.0,0.0,0.0,0.0,0.0,0.0,0.0,0.0,0.0,0.0,0,0,0,0,0,0,0,0.0,0.0
13_2406_rta_13_241122111153_4166---PROTOCOLLOCASTELDISANGROEASL.txt,0.0,0.0,0.0,0.0,0.0,0.0,0.0,0.0,0.0,0.0,1,0,0,0,0,0,0,0.0,1.0
06_2406_rta_06_240916164153_4166---protocolloprefettura.txt,0.0,0.0,0.0,0.0,0.0,0.0,0.0,0.0,0.0,0.0,1,0,0,0,0,0,0,0.0,1.0
03_2406_rta_03_240926114940_4166---ProtocollodiintesaeAllegatoTecnico_SOTTOSCRITTO.txt,0.0,0.0,0.0,0.0,0.0,0.0,0.0,0.0,0.0,0.0,1,1,1,1,0,0,1,0.0,5.0
09_ALTA VALDELSA Protocollo-violenza-valdelsa-2022_ALTA VALDELSA.txt,0.0,0.0,0.0,0.0,0.0,0.0,0.0,0.0,0.0,0.0,1,0,0,0,0,1,1,0.0,3.0
01_2406_rta_01_240904120005_4166---protocollo.txt,0.0,0.0,0.0,0.0,0.0,0.0,0.0,0.0,0.0,0.0,1,0,0,0,0,0,0,0.0,1.0
16_bari_protocollo operativo Putignano_EMI.txt,0.0,0.0,0.0,0.0,0.0,0.0,0.0,0.0,0.0,0.0,0,0,0,0,0,0,0,0.0,0.0
13_2406_rta_13_241122105540_4166---protocollodirete_vastodonnattiva.txt,0.0,0.0,0.0,0.0,0.0,0.0,0.0,0.0,0.0,0.0,1,1,1,0,0,0,0,0.0,3.0
05_2406_rta_05_240917141534_4166---protocollodiretefirmato.txt,0.0,0.0,0.0,0.0,0.0,0.0,0.0,0.0,0.0,0.0,1,1,0,0,0,0,0,0.0,2.0
13_2406_rta_13_241122110421_4166---PROTOCOLLOOPERATIVO.txt,0.0,0.0,0.0,0.0,0.0,0.0,0.0,0.0,0.0,0.0,0,0,0,0,0,0,0,0.0,0.0
07_2406_rta_07_240916163933_4166---sub_14574431199510849525_Protocollo_LVLS-signed.txt,0.0,0.0,0.0,0.0,0.0,0.0,0.0,0.0,0.0,0.0,0,0,0,0,0,0,0,0.0,0.0
13_2406_rta_13_241122105938_4166---ACCORDOOPERATIVO.txt,0.0,0.0,0.0,0.0,0.0,0.0,0.0,0.0,0.0,0.0,1,0,0,0,0,0,0,0.0,1.0
16_bari_protocollo operativo Grumo_EMI.txt,0.0,0.0,0.0,0.0,0.0,0.0,0.0,0.0,0.0,0.0,0,0,0,0,0,0,0,0.0,0.0
01_2406_rta_01_240909103717_4166---PROTOCOLLORETEANTIVIOLENZASVOLTADONNA.txt,0.0,0.0,0.0,0.0,0.0,0.0,0.0,0.0,0.0,0.0,1,0,0,0,0,0,0,0.0,1.0
13_2406_rta_13_241122105938_4166---ACCORDOOPERATIVO.txt,0.0,0.0,0.0,0.0,0.0,0.0,0.0,0.0,0.0,0.0,1,0,0,0,0,0,0,0.0,1.0
06_2406_rta_06_240924164454_4166---protocollo_tempo_sospeso.txt,0.0,0.0,0.0,0.0,0.0,0.0,0.0,0.0,0.0,0.0,1,0,0,0,0,0,0,0.0,1.0
05_2406_rta_05_240919124736_4166---Protocollo_per_contrasto_alla_violenza_di_genere.stamped.txt,0.0,0.0,0.0,0.0,0.0,0.0,0.0,0.0,0.0,0.0,1,0,0,0,0,0,0,0.0,1.0
08_2406_rta_08_241015091725_4166---Protoc-Prefett-2017.txt,0.0,0.0,0.0,0.0,0.0,0.0,0.0,0.0,0.0,0.0,0,0,0,0,0,0,0,0.0,0.0
05_2406_rta_05_240919114041_4166---protocollounicorevisionato2024.txt,0.0,0.0,0.0,0.0,0.0,0.0,0.0,0.0,0.0,0.0,1,0,0,0,0,0,0,0.0,1.0
05_2406_rta_05_240916173648_4166---ULSS5Polesana_Protocollodirete.txt,0.0,0.0,0.0,0.0,0.0,0.0,0.0,0.0,0.0,0.0,1,0,0,0,0,0,0,0.0,1.0
01_2406_rta_01_240909112136_4166---convenzionecarmagnola.txt,0.0,0.0,0.0,0.0,0.0,0.0,0.0,0.0,0.0,0.0,1,1,0,0,0,0,0,0.0,2.0
09_ALTA VALDELSA Protocollo-violenza-valdelsa-2022_ALTA VALDELSA.txt,0.0,0.0,0.0,0.0,0.0,0.0,0.0,0.0,0.0,0.0,1,0,0,0,0,0,0,0.0,1.0
06_2406_rta_06_240916164122_4166---prot_n_0119980_2024_Accordo(firmato).txt,0.0,0.0,0.0,0.0,0.0,0.0,0.0,0.0,0.0,0.0,0,0,0,0,0,0,0,0.0,0.0
03_2406_rta_03_240923165401_4166---PROTOCOLLODIrete2020-2023_rev2confirmescan.txt,0.0,0.0,0.0,0.0,0.0,0.0,0.0,0.0,0.0,0.0,1,0,0,0,0,0,0,0.0,1.0
08_2406_rta_08_241015091430_4166---Protocollo_Distrettuale_Contrasto_violenza_Donne2023.stamped.txt,0.0,0.0,0.0,0.0,0.0,0.0,0.0,0.0,0.0,0.0,1,0,0,0,0,0,0,0.0,1.0
06_2406_rta_06_240924164454_4166---protocollo_tempo_sospeso.txt,0.0,0.0,0.0,0.0,0.0,0.0,0.0,0.0,0.0,0.0,1,0,0,0,0,0,0,0.0,1.0
08_2406_rta_08_241015091655_4166---Aggiornamentointegrazioneprotocollooperativoapprovatonelgiugno2008.txt,0.0,0.0,0.0,0.0,0.0,0.0,0.0,0.0,0.0,0.0,1,0,0,0,0,0,0,0.0,1.0
07_2406_rta_07_240916163905_4166---PROTOCOLLOFIRMATO(002).txt,0.0,0.0,0.0,0.0,0.0,0.0,0.0,0.0,0.0,0.0,1,0,0,0,0,0,0,0.0,1.0
12_2406_rta_12_241003114931_4166---ProtocollodiintesaDifferenzaDonnaeMunicipio13.txt,0.0,0.0,0.0,0.0,0.0,0.0,0.0,0.0,0.0,0.0,1,0,0,0,0,0,0,0.0,1.0
09_ALTA VALDELSA Protocollo-violenza-valdelsa-2022_ALTA VALDELSA.txt,0.0,0.0,0.0,0.0,0.0,0.0,0.0,0.0,0.0,0.0,1,0,0,0,0,0,0,0.0,1.0
11_2406_rta_11_240911113911_4166---AscoliPPROTOCOLLOoperativo_2019_2021.txt,0.0,0.0,0.0,0.0,0.0,0.0,0.0,0.0,0.0,0.0,1,1,0,0,0,0,0,0.0,2.0
05_2406_rta_05_240919124736_4166---Protocollo_per_contrasto_alla_violenza_di_genere.stamped.txt,0.0,0.0,0.0,0.0,0.0,0.0,0.0,0.0,0.0,0.0,1,0,0,0,0,0,0,0.0,1.0
09_ALTA VALDELSA Protocollo-violenza-valdelsa-2022_ALTA VALDELSA.txt,0.0,0.0,0.0,0.0,0.0,0.0,0.0,0.0,0.0,0.0,1,0,0,1,0,0,1,0.0,3.0
08_2406_rta_08_241015091748_4166---ProtocolloProvincialeCaserifugio2023.2025.txt,0.0,0.0,0.0,0.0,0.0,0.0,0.0,0.0,0.0,0.0,0,0,0,0,0,0,0,0.0,0.0
16_bari_protocollo operativo Mola di Bari_rete Antiviolenza.txt,0.0,0.0,0.0,0.0,0.0,0.0,0.0,0.0,0.0,0.0,1,0,0,0,0,0,0,0.0,1.0
16_bari_protocollo operativo Putignano_EMI.txt,0.0,0.0,0.0,0.0,0.0,0.0,0.0,0.0,0.0,0.0,1,1,0,0,0,0,0,0.0,2.0
05_2406_rta_05_240919124736_4166---Protocollo_per_contrasto_alla_violenza_di_genere.stamped.txt,0.0,0.0,0.0,0.0,0.0,0.0,0.0,0.0,0.0,0.0,1,0,0,0,0,0,0,0.0,1.0
05_2406_rta_05_240919124736_4166---Protocollo_per_contrasto_alla_violenza_di_genere.stamped.txt,0.0,0.0,0.0,0.0,0.0,0.0,0.0,0.0,0.0,0.0,1,0,0,0,0,0,0,0.0,1.0
03_2406_rta_03_240926114940_4166---ProtocollodiintesaeAllegatoTecnico_SOTTOSCRITTO.txt,0.0,0.0,0.0,0.0,0.0,0.0,0.0,0.0,0.0,0.0,1,1,0,0,0,0,0,0.0,2.0
08_2406_rta_08_241015091430_4166---Protocollo_Distrettuale_Contrasto_violenza_Donne2023.stamped.txt,0.0,0.0,0.0,0.0,0.0,0.0,0.0,0.0,0.0,0.0,1,1,0,0,0,0,0,0.0,2.0
05_2406_rta_05_240919114041_4166---protocollounicorevisionato2024.txt,0.0,0.0,0.0,0.0,0.0,0.0,0.0,0.0,0.0,0.0,1,0,0,0,0,0,0,0.0,1.0
05_2406_rta_05_240919114041_4166---protocollounicorevisionato2024.txt,0.0,0.0,0.0,0.0,0.0,0.0,0.0,0.0,0.0,0.0,1,0,0,0,0,0,0,0.0,1.0
05_2406_rta_05_240919124736_4166---Protocollo_per_contrasto_alla_violenza_di_genere.stamped.txt,0.0,0.0,0.0,0.0,0.0,0.0,0.0,0.0,0.0,0.0,1,0,0,0,0,0,0,0.0,1.0
12_2406_rta_12_241004144338_4166---06-ProtocolloComunediVALLECORSA.txt,0.0,0.0,0.0,0.0,0.0,0.0,0.0,0.0,0.0,0.0,0,0,0,0,0,0,0,0.0,0.0
18_2406_rta_18_240926102931_4166---PROT.2403-24.txt,0.0,0.0,0.0,0.0,0.0,0.0,0.0,0.0,0.0,0.0,0,0,0,0,0,0,0,0.0,0.0
18_2406_rta_18_240925130829_4166---PROTOCOLLODIINTESA_COMUNEDIMENDICINO.txt,0.0,0.0,0.0,0.0,0.0,0.0,0.0,0.0,0.0,0.0,0,0,0,0,0,0,0,0.0,0.0
01_2406_rta_01_241002150739_4166---DeliberaCostituzioneOsservatorioSaluteDonne.txt,0.0,0.0,0.0,0.0,0.0,0.0,0.0,0.0,0.0,0.0,1,0,0,0,0,0,0,0.0,1.0
02_2406_rta_02_240904124958_4166---lrn4del25feb2013.txt,0.0,0.0,0.0,0.0,0.0,0.0,0.0,0.0,0.0,0.0,1,0,0,0,0,0,0,0.0,1.0
16_bar_protocollo operativo Triggiano_rete antiviolenza.pdf.txt,0.0,0.0,0.0,0.0,0.0,0.0,118.0,0.0,0.0,0.0,0,0,0,0,0,0,0,0.0,118.0
09_ALTA VALDELSA Protocollo-violenza-valdelsa-2022_ALTA VALDELSA.txt,0.0,0.0,0.0,0.0,0.0,0.0,118.0,0.0,0.0,0.0,1,0,0,0,0,0,0,0.0,119.0
01_2406_rta_01_240920112211_4166---367772-4-Protocollo_intesa_Completo.txt,0.0,0.0,0.0,0.0,0.0,0.0,0.0,0.0,0.0,0.0,1,1,0,0,0,0,0,0.0,2.0
01_2406_rta_01_240909110828_4166---PROTOCOLLOHELP.txt,0.0,0.0,0.0,0.0,0.0,0.0,0.0,0.0,0.0,0.0,1,1,0,0,0,0,0,0.0,2.0
13_2406_rta_13_241122101856_4166---Protocollodirete_AlphaGuardiagrele.txt,0.0,0.0,0.0,0.0,0.0,0.0,0.0,0.0,0.0,0.0,1,0,0,0,0,0,0,0.0,1.0
03_2406_rta_03_240923171949_4166---PROTOCOLLOD'INTESARETETERRITORIALEANTIVIOLENZAVALLETROMPIA2024.txt,0.0,0.0,0.0,0.0,0.0,0.0,0.0,0.0,0.0,0.0,1,1,0,0,0,0,0,0.0,2.0
05_2406_rta_05_240918153458_4166---protocolloprovPadova.txt,0.0,0.0,0.0,0.0,0.0,0.0,0.0,0.0,0.0,0.0,1,1,0,0,0,0,0,0.0,2.0
08_2406_rta_08_241015091725_4166---Protoc-Prefett-2017.txt,0.0,0.0,0.0,0.0,0.0,0.0,0.0,0.0,0.0,0.0,1,1,0,0,0,0,0,0.0,2.0
11_2406_rta_11_240911113105_4166---PROTOCOLLO_OPERATIVO2024_CONINDIRIZZARIO_FIRMATO.txt,0.0,0.0,0.0,0.0,0.0,0.0,0.0,0.0,0.0,0.0,1,1,0,0,0,0,0,0.0,2.0
08_2406_rta_08_241015091355_4166---PROTOCOLLO_CONTRO_VIOLENZA_firmato2023.txt,0.0,0.0,0.0,0.0,0.0,0.0,0.0,0.0,0.0,0.0,1,1,0,0,0,0,0,0.0,2.0
20_2406_rta_20_250620094616_4166---Delibera52-22del23.12.2024-Allegato1.txt,0.0,0.0,0.0,0.0,0.0,0.0,0.0,0.0,0.0,0.0,1,1,0,0,0,0,0,0.0,2.0
03_2406_rta_03_240923163715_4166---PROTOCOLLOD'INTESA2017_2020.txt,0.0,0.0,0.0,0.0,0.0,0.0,0.0,0.0,0.0,0.0,1,0,0,0,0,0,0,0.0,1.0
12_2406_rta_12_241003104626_4166---PROTOCOLLODIINTESAMUNICIPIOXV.txt,0.0,0.0,0.0,0.0,0.0,0.0,0.0,0.0,0.0,0.0,0,0,0,0,0,0,0,0.0,0.0
18_2406_rta_18_240926102528_4166---PROTOCOLLOAISM_PICCOLAOPERA_firma.txt,0.0,0.0,0.0,0.0,0.0,0.0,0.0,0.0,0.0,0.0,0,0,0,0,0,0,0,0.0,0.0
18_2406_rta_18_240926102528_4166---PROTOCOLLOAISM_PICCOLAOPERA_firma.txt,0.0,0.0,0.0,0.0,0.0,0.0,0.0,0.0,0.0,0.0,0,0,0,0,0,0,0,0.0,0.0
01_2406_rta_01_240904150044_4166---Protocollocav-irene2022-2025.txt,0.0,0.0,0.0,0.0,0.0,0.0,0.0,0.0,0.0,0.0,0,0,0,0,0,0,0,0.0,0.0
01_2406_rta_01_241018142716_4166---protocolloreteVC.txt,0.0,0.0,0.0,0.0,0.0,0.0,0.0,0.0,0.0,0.0,1,1,1,0,0,0,0,0.0,3.0
07_2406_rta_07_240916163905_4166---PROTOCOLLOFIRMATO(002).txt,0.0,0.0,0.0,0.0,0.0,0.0,0.0,0.0,0.0,0.0,1,0,0,0,0,0,0,0.0,1.0
16_lecce_Protocollo Operativo - Procedure integrate per la prevenzione e il contrasto alla violenza contro donne e minori - Copia_Marcato.txt,0.0,0.0,0.0,0.0,0.0,0.0,0.0,0.0,0.0,0.0,1,0,0,0,0,0,0,0.0,1.0
12_2406_rta_12_241001130527_4166---protocollocontrolaviolenzadigenere.pdfpdf.txt,0.0,0.0,0.0,0.0,0.0,0.0,0.0,0.0,0.0,0.0,1,1,0,0,0,0,0,0.0,2.0
13_2406_rta_13_241122105540_4166---protocollodirete_vastodonnattiva.txt,0.0,0.0,0.0,0.0,0.0,0.0,0.0,0.0,0.0,0.0,1,1,1,0,0,0,0,0.0,3.0
12_2406_rta_12_241004133706_4166---ProtocollodiretePREFETTURAFrosinone(1).txt,0.0,0.0,0.0,0.0,0.0,0.0,0.0,0.0,0.0,0.0,0,0,0,0,0,1,1,0.0,2.0
13_2406_rta_13_241122111153_4166---PROTOCOLLOCASTELDISANGROEASL.txt,0.0,0.0,0.0,0.0,0.0,0.0,0.0,0.0,0.0,0.0,0,0,0,0,0,0,0,0.0,0.0
13_2406_rta_13_241122105540_4166---protocollodirete_vastodonnattiva.txt,0.0,0.0,0.0,0.0,0.0,0.0,0.0,0.0,0.0,0.0,1,1,1,0,0,0,0,0.0,3.0
07_2406_rta_07_240916163956_4166---DGR477_2022_Protocollo.txt,0.0,0.0,0.0,0.0,0.0,0.0,0.0,0.0,0.0,0.0,1,0,0,0,0,0,0,0.0,1.0
03_2406_rta_03_240923105244_4166---ProtocolloViolenzaMilanoFirme2023.txt,0.0,0.0,0.0,0.0,0.0,0.0,0.0,0.0,0.0,0.0,1,1,1,0,0,0,0,0.0,3.0
03_2406_rta_03_240918151606_4166---A_RetePavia_Protocollo2021_e_Integrazioni2023_firmato_compressed.txt,0.0,0.0,0.0,0.0,0.0,0.0,0.0,0.0,0.0,0.0,1,1,1,0,0,0,0,0.0,3.0
03_2406_rta_03_240923113114_4166---ProtocolloReteAddaMartesanasottoscritto.txt,0.0,0.0,0.0,0.0,0.0,0.0,0.0,0.0,0.0,0.0,1,1,0,0,0,0,0,0.0,2.0
03_2406_rta_03_240923101524_4166---PROTOCOLLO_DI_INTESA_versione_DEFINITIVA2021.stamped.txt,0.0,0.0,0.0,0.0,0.0,0.0,0.0,0.0,0.0,0.0,1,1,0,0,0,0,0,0.0,2.0
16_lecce_Protocollo Operativo - Procedure integrate per la prevenzione e il contrasto alla violenza contro donne e minori - Copia_Marcato.txt,0.0,0.0,0.0,0.0,0.0,0.0,0.0,0.0,0.0,0.0,1,0,0,0,0,0,0,0.0,1.0
03_2406_rta_03_240923101524_4166---PROTOCOLLO_DI_INTESA_versione_DEFINITIVA2021.stamped.txt,0.0,0.0,0.0,0.0,0.0,0.0,0.0,0.0,0.0,0.0,1,1,1,0,0,0,0,0.0,3.0
08_2406_rta_08_241015092024_4166---Protocollooperativo.txt,0.0,0.0,0.0,0.0,0.0,0.0,0.0,0.0,0.0,0.0,1,0,0,0,0,0,0,0.0,1.0
18_2406_rta_18_240926102419_4166---protocollodiintesaterritorialeunito.txt,0.0,0.0,0.0,0.0,0.0,0.0,0.0,0.0,0.0,0.0,1,0,0,0,0,0,0,0.0,1.0
18_2406_rta_18_240926102419_4166---protocollodiintesaterritorialeunito.txt,0.0,0.0,0.0,0.0,0.0,0.0,0.0,0.0,0.0,0.0,1,0,0,0,0,0,0,0.0,1.0
18_2406_rta_18_240926102419_4166---protocollodiintesaterritorialeunito.txt,0.0,0.0,0.0,0.0,0.0,0.0,0.0,0.0,0.0,0.0,1,0,0,0,0,0,0,0.0,1.0
18_2406_rta_18_240926102419_4166---protocollodiintesaterritorialeunito.txt,0.0,0.0,0.0,0.0,0.0,0.0,0.0,0.0,0.0,0.0,1,0,0,0,0,0,0,0.0,1.0
18_2406_rta_18_240926102419_4166---protocollodiintesaterritorialeunito.txt,0.0,0.0,0.0,0.0,0.0,0.0,0.0,0.0,0.0,0.0,1,0,0,0,0,0,0,0.0,1.0
06_2406_rta_06_240924164454_4166---protocollo_tempo_sospeso.txt,0.0,0.0,0.0,0.0,0.0,0.0,0.0,0.0,0.0,0.0,1,0,0,0,0,0,0,0.0,1.0
16_2406_rta_16_250410122122_4166---Protocollo_Viola.txt,0.0,0.0,0.0,0.0,0.0,0.0,0.0,0.0,0.0,0.0,1,1,0,0,0,0,0,0.0,2.0
03_2406_rta_03_240918151606_4166---A_RetePavia_Protocollo2021_e_Integrazioni2023_firmato_compressed.txt,0.0,0.0,0.0,0.0,0.0,0.0,0.0,0.0,0.0,0.0,1,1,0,0,0,0,0,0.0,2.0
07_2406_rta_07_240916163956_4166---DGR477_2022_Protocollo.txt,0.0,0.0,0.0,0.0,0.0,0.0,0.0,0.0,0.0,0.0,1,0,0,0,0,0,0,0.0,1.0
07_2406_rta_07_240916163956_4166---DGR477_2022_Protocollo.txt,0.0,0.0,0.0,0.0,0.0,0.0,0.0,0.0,0.0,0.0,1,0,0,0,0,0,0,0.0,1.0
03_2406_rta_03_240920093134_4166---Protocollo_Intesa_Rete_Antiviolenza_SudEstMilano_Paullese_2021-2023.txt,0.0,0.0,0.0,0.0,0.0,0.0,0.0,0.0,0.0,0.0,1,1,0,0,0,0,0,0.0,2.0
03_2406_rta_03_240926122051_4166---Protocollomonz.txt,0.0,0.0,0.0,0.0,0.0,0.0,0.0,0.0,0.0,0.0,1,1,1,0,0,0,0,0.0,3.0
03_2406_rta_03_240926122051_4166---Protocollomonz.txt,0.0,0.0,0.0,0.0,0.0,0.0,0.0,0.0,0.0,0.0,1,1,1,0,0,0,0,0.0,3.0
03_2406_rta_03_240918151606_4166---A_RetePavia_Protocollo2021_e_Integrazioni2023_firmato_compressed.txt,0.0,0.0,0.0,0.0,0.0,0.0,0.0,0.0,0.0,0.0,1,1,0,0,0,0,0,0.0,2.0
03_2406_rta_03_240924144947_4166---Protocollod'IntesaReteAntiviolenzaIsolaBergamascaeBassaValSanMartino2024.txt,0.0,0.0,0.0,0.0,0.0,0.0,0.0,0.0,0.0,0.0,1,1,0,0,0,0,0,0.0,2.0
03_2406_rta_03_240926122707_4166---ProtocolloReteAntiviolenzaconfirme.txt,0.0,0.0,0.0,0.0,0.0,0.0,0.0,0.0,0.0,0.0,1,1,0,0,0,0,0,0.0,2.0
12_2406_rta_12_241004144338_4166---06-ProtocolloComunediVALLECORSA.txt,0.0,0.0,0.0,0.0,0.0,0.0,0.0,0.0,0.0,0.0,0,0,0,0,0,0,0,0.0,0.0
01_2406_rta_01_240909103717_4166---PROTOCOLLORETEANTIVIOLENZASVOLTADONNA.txt,0.0,0.0,0.0,0.0,0.0,0.0,0.0,0.0,0.0,0.0,1,0,0,0,0,0,0,0.0,1.0
09_APUANE_2015 Protocollo Prefettura.txt,0.0,0.0,0.0,0.0,0.0,0.0,0.0,0.0,0.0,0.0,1,0,0,0,0,0,0,0.0,1.0
16_2406_rta_16_250409174252_4166---Protocollo_Intesa_LARA.txt,0.0,0.0,0.0,0.0,0.0,0.0,0.0,0.0,0.0,0.0,1,0,0,0,0,0,0,0.0,1.0
03_2406_rta_03_240923103647_4166---protocolloreteantiviolenzacinisello2019(1).txt,0.0,0.0,0.0,0.0,0.0,0.0,0.0,0.0,0.0,0.0,1,0,0,0,0,0,0,0.0,1.0
01_2406_rta_01_240904162242_4166---CONVENZIONETRAASLTO3ESVOLTADONNA.txt,0.0,0.0,0.0,0.0,0.0,0.0,0.0,0.0,0.0,0.0,1,0,0,0,0,0,0,0.0,1.0
03_2406_rta_03_240923103647_4166---protocolloreteantiviolenzacinisello2019(1).txt,0.0,0.0,0.0,0.0,0.0,0.0,0.0,0.0,0.0,0.0,1,0,0,0,0,0,0,0.0,1.0
07_2406_rta_07_240916163956_4166---DGR477_2022_Protocollo.txt,0.0,0.0,0.0,0.0,0.0,0.0,0.0,0.0,0.0,0.0,1,0,0,0,0,0,0,0.0,1.0
03_2406_rta_03_240925144919_4166---RETEDICOMO-PROTOCOLLOINTERIST.17novembre2023(1).txt,0.0,0.0,0.0,0.0,0.0,0.0,0.0,0.0,0.0,0.0,1,1,0,0,0,0,0,0.0,2.0
03_2406_rta_03_240925144919_4166---RETEDICOMO-PROTOCOLLOINTERIST.17novembre2023(1).txt,0.0,0.0,0.0,0.0,0.0,0.0,0.0,0.0,0.0,0.0,1,1,0,0,0,0,0,0.0,2.0
12_2406_rta_12_241003120714_4166---ASLROMA5_.txt,0.0,0.0,0.0,0.0,0.0,0.0,0.0,0.0,0.0,0.0,1,0,0,0,0,0,0,0.0,1.0
12_2406_rta_12_240927093424_4166---ProtVMunMerlin.txt,0.0,0.0,0.0,0.0,0.0,0.0,0.0,0.0,0.0,0.0,1,1,0,0,0,0,0,0.0,2.0
12_2406_rta_12_241003112656_4166---AccordodicollaborazioneconsultorieDifferenzaDonna.txt,0.0,0.0,0.0,0.0,0.0,0.0,0.0,0.0,0.0,0.0,0,0,0,0,0,0,0,0.0,0.0
12_2406_rta_12_241003120714_4166---ASLROMA5_.txt,0.0,0.0,0.0,0.0,0.0,0.0,0.0,0.0,0.0,0.0,1,0,0,0,0,0,0,0.0,1.0
12_2406_rta_12_241003112656_4166---AccordodicollaborazioneconsultorieDifferenzaDonna.txt,0.0,0.0,0.0,0.0,0.0,0.0,0.0,0.0,0.0,0.0,0,0,0,0,0,0,0,0.0,0.0
03_2406_rta_03_240918153156_4166---Protocollo_d'Intesa_Rete_Mantova.prot.txt,0.0,0.0,0.0,0.0,0.0,0.0,0.0,0.0,0.0,0.0,1,1,1,0,0,0,0,0.0,3.0
12_2406_rta_12_240927093424_4166---ProtVMunMerlin.txt,0.0,0.0,0.0,0.0,0.0,0.0,0.0,0.0,0.0,0.0,1,1,0,0,0,0,0,0.0,2.0
03_2406_rta_03_240925144919_4166---RETEDICOMO-PROTOCOLLOINTERIST.17novembre2023(1).txt,0.0,0.0,0.0,0.0,0.0,0.0,0.0,0.0,0.0,0.0,1,1,1,0,0,0,0,0.0,3.0
01_2406_rta_01_240904162242_4166---CONVENZIONETRAASLTO3ESVOLTADONNA.txt,0.0,0.0,0.0,0.0,0.0,0.0,0.0,0.0,0.0,0.0,1,0,0,0,0,0,0,0.0,1.0
05_2406_rta_05_240916131522_4166---protocolloaggiornamento2023.txt,0.0,0.0,0.0,0.0,0.0,0.0,0.0,0.0,0.0,0.0,1,0,0,0,0,0,0,0.0,1.0
05_2406_rta_05_240916131522_4166---protocolloaggiornamento2023.txt,0.0,0.0,0.0,0.0,0.0,0.0,0.0,0.0,0.0,0.0,1,0,0,0,0,0,0,0.0,1.0
05_2406_rta_05_240916131522_4166---protocolloaggiornamento2023.txt,0.0,0.0,0.0,0.0,0.0,0.0,0.0,0.0,0.0,0.0,1,0,0,0,0,0,0,0.0,1.0
05_2406_rta_05_240916131522_4166---protocolloaggiornamento2023.txt,0.0,0.0,0.0,0.0,0.0,0.0,0.0,0.0,0.0,0.0,1,0,0,0,0,0,0,0.0,1.0
05_2406_rta_05_240918144304_4166---Protocollo_ULSS2-DistrettoTreviso.txt,0.0,0.0,0.0,0.0,0.0,0.0,0.0,0.0,0.0,0.0,1,0,0,0,0,0,0,0.0,1.0
01_2406_rta_01_240904122512_4166---accordoSFD.txt,0.0,0.0,0.0,0.0,0.0,0.0,0.0,0.0,0.0,0.0,0,0,0,0,0,0,0,0.0,0.0
01_2406_rta_01_240904121349_4166---convenzione.txt,0.0,0.0,0.0,0.0,0.0,0.0,0.0,0.0,0.0,0.0,1,1,0,0,0,0,0,0.0,2.0
01_2406_rta_01_240904162242_4166---CONVENZIONETRAASLTO3ESVOLTADONNA.txt,0.0,0.0,0.0,0.0,0.0,0.0,0.0,0.0,0.0,0.0,1,0,0,0,0,0,0,0.0,1.0
03_2406_rta_03_240918153156_4166---Protocollo_d'Intesa_Rete_Mantova.prot.txt,0.0,0.0,0.0,0.0,0.0,0.0,0.0,0.0,0.0,0.0,1,1,1,0,0,0,0,0.0,3.0
05_2406_rta_05_240918144304_4166---Protocollo_ULSS2-DistrettoTreviso.txt,0.0,0.0,0.0,0.0,0.0,0.0,0.0,0.0,0.0,0.0,1,0,0,0,0,0,0,0.0,1.0
05_2406_rta_05_240916131522_4166---protocolloaggiornamento2023.txt,0.0,0.0,0.0,0.0,0.0,0.0,0.0,0.0,0.0,0.0,1,0,0,0,0,0,0,0.0,1.0
08_2406_rta_08_241015091725_4166---Protoc-Prefett-2017.txt,0.0,0.0,0.0,0.0,0.0,0.0,0.0,0.0,0.0,0.0,1,1,0,0,0,0,0,0.0,2.0
01_2406_rta_01_241003113501_4166---CCVD1deliberaprotocolloccvd-2024eall1prot.txt,0.0,0.0,0.0,0.0,0.0,0.0,0.0,0.0,0.0,0.0,0,0,0,0,0,0,0,0.0,0.0
05_2406_rta_05_240917141534_4166---protocollodiretefirmato.txt,0.0,0.0,0.0,0.0,0.0,0.0,0.0,0.0,0.0,0.0,1,1,0,0,0,0,0,0.0,2.0
03_2406_rta_03_240926123135_4166---ProtocollodiRete.txt,0.0,0.0,0.0,0.0,0.0,0.0,0.0,0.0,0.0,0.0,1,0,0,0,0,0,0,0.0,1.0
03_2406_rta_03_240926122051_4166---Protocollomonz.txt,0.0,0.0,0.0,0.0,0.0,0.0,0.0,0.0,0.0,0.0,1,1,1,0,0,0,0,0.0,3.0
13_2406_rta_13_241122103901_4166---Protocollirete_ortonaelancianoCAVdonn.ÿ.txt,0.0,0.0,0.0,0.0,0.0,0.0,0.0,0.0,0.0,0.0,1,1,0,0,0,0,0,0.0,2.0
05_2406_rta_05_240916173648_4166---ULSS5Polesana_Protocollodirete.txt,0.0,0.0,0.0,0.0,0.0,0.0,0.0,0.0,0.0,0.0,1,1,0,0,0,0,0,0.0,2.0
12_2406_rta_12_240927093424_4166---ProtVMunMerlin.txt,0.0,0.0,0.0,0.0,0.0,0.0,0.0,0.0,0.0,0.0,1,1,0,0,0,0,0,0.0,2.0
01_2406_rta_01_241003124847_4166---2024-8928-2perinvio.txt,0.0,0.0,0.0,0.0,0.0,0.0,0.0,0.0,0.0,0.0,0,0,0,0,0,0,0,0.0,0.0
12_2406_rta_12_241003114931_4166---ProtocollodiintesaDifferenzaDonnaeMunicipio13.txt,0.0,0.0,0.0,0.0,0.0,0.0,0.0,0.0,0.0,0.0,1,0,0,0,0,0,0,0.0,1.0
06_2406_rta_06_240916164122_4166---prot_n_0119980_2024_Accordo(firmato).txt,0.0,0.0,0.0,0.0,0.0,0.0,0.0,0.0,0.0,0.0,1,0,0,0,0,0,0,0.0,1.0
01_2406_rta_01_240904120005_4166---protocollo.txt,0.0,0.0,0.0,0.0,0.0,0.0,0.0,0.0,0.0,0.0,1,0,0,1,0,0,1,0.0,3.0
01_2406_rta_01_241018142804_4166---ConvenzioneASL-Prontosoccorsoceva.txt,0.0,0.0,0.0,0.0,0.0,0.0,0.0,0.0,0.0,0.0,0,0,0,0,0,0,0,0.0,0.0
01_2406_rta_01_240920123646_4166---vercellieos.txt,0.0,0.0,0.0,0.0,0.0,0.0,0.0,0.0,0.0,0.0,1,1,1,0,0,0,0,0.0,3.0
01_2406_rta_01_240904162242_4166---CONVENZIONETRAASLTO3ESVOLTADONNA.txt,0.0,0.0,0.0,0.0,0.0,0.0,0.0,0.0,0.0,0.0,1,0,0,0,0,0,0,0.0,1.0
08_2406_rta_08_241015092024_4166---Protocollooperativo.txt,0.0,0.0,0.0,0.0,0.0,0.0,0.0,0.0,0.0,0.0,1,0,0,0,0,0,0,0.0,1.0
12_2406_rta_12_241004145108_4166---07-ProtocolloCONilComunediVILLASANTOSTEFANO.txt,0.0,0.0,0.0,0.0,0.0,0.0,0.0,0.0,0.0,0.0,0,0,0,0,0,0,0,0.0,0.0
13_2406_rta_13_241122105540_4166---protocollodirete_vastodonnattiva.txt,0.0,0.0,0.0,0.0,0.0,0.0,0.0,0.0,0.0,0.0,1,1,1,0,0,0,0,0.0,3.0
05_2406_rta_05_240916173648_4166---ULSS5Polesana_Protocollodirete.txt,0.0,0.0,0.0,0.0,0.0,0.0,0.0,0.0,0.0,0.0,1,1,0,0,0,0,0,0.0,2.0
13_2406_rta_13_241122104158_4166---Protocollirete_ortonaelancianoCAVdonn.ÿ.txt,0.0,0.0,0.0,0.0,0.0,0.0,0.0,0.0,0.0,0.0,1,1,0,0,0,0,0,0.0,2.0
08_2406_rta_08_241015091355_4166---PROTOCOLLO_CONTRO_VIOLENZA_firmato2023.txt,0.0,0.0,0.0,0.0,0.0,0.0,0.0,0.0,0.0,0.0,1,1,0,0,0,0,0,0.0,2.0
13_2406_rta_13_241122105540_4166---protocollodirete_vastodonnattiva.txt,0.0,0.0,0.0,0.0,0.0,0.0,0.0,0.0,0.0,0.0,1,1,1,0,0,0,0,0.0,3.0
05_2406_rta_05_240919124736_4166---Protocollo_per_contrasto_alla_violenza_di_genere.stamped.txt,0.0,0.0,0.0,0.0,0.0,0.0,0.0,0.0,0.0,0.0,1,0,0,1,0,1,1,0.0,4.0
05_2406_rta_05_240918144304_4166---Protocollo_ULSS2-DistrettoTreviso.txt,0.0,0.0,0.0,0.0,0.0,0.0,0.0,0.0,0.0,0.0,1,0,0,0,0,0,0,0.0,1.0
16_lecce_Protocollo Operativo - Procedure integrate per la prevenzione e il contrasto alla violenza contro donne e minori - Copia_Marcato.txt,0.0,0.0,0.0,0.0,0.0,0.0,0.0,0.0,0.0,0.0,1,0,1,0,0,0,0,0.0,2.0
16_lecce_Protocollo Operativo - Procedure integrate per la prevenzione e il contrasto alla violenza contro donne e minori - Copia_Marcato.txt,0.0,0.0,0.0,0.0,0.0,0.0,0.0,0.0,0.0,0.0,1,0,0,0,0,0,0,0.0,1.0
01_2406_rta_01_241018142804_4166---ConvenzioneASL-Prontosoccorsoceva.txt,0.0,0.0,0.0,0.0,0.0,0.0,0.0,0.0,0.0,0.0,0,0,0,0,0,0,0,0.0,0.0
12_2406_rta_12_241001130527_4166---protocollocontrolaviolenzadigenere.pdfpdf.txt,0.0,0.0,0.0,0.0,0.0,0.0,0.0,0.0,0.0,0.0,1,1,0,0,0,0,0,0.0,2.0
01_2406_rta_01_240920123646_4166---vercellieos.txt,0.0,0.0,0.0,0.0,0.0,0.0,0.0,0.0,0.0,0.0,1,0,0,0,0,0,0,0.0,1.0
01_2406_rta_01_241018134519_4166---Protocollooperativointeristituzionaleviolenzadigenere2023-2026def.txt,0.0,0.0,0.0,0.0,0.0,0.0,0.0,0.0,0.0,0.0,0,0,0,0,0,0,0,0.0,0.0
13_2406_rta_13_241122111153_4166---PROTOCOLLOCASTELDISANGROEASL.txt,0.0,0.0,0.0,0.0,0.0,0.0,0.0,0.0,0.0,0.0,0,0,0,0,0,0,0,0.0,0.0
07_2406_rta_07_240916163905_4166---PROTOCOLLOFIRMATO(002).txt,0.0,0.0,0.0,0.0,0.0,0.0,0.0,0.0,0.0,0.0,1,0,0,0,0,0,0,0.0,1.0
03_2406_rta_03_240918153156_4166---Protocollo_d'Intesa_Rete_Mantova.prot.txt,0.0,0.0,0.0,0.0,0.0,0.0,0.0,0.0,0.0,0.0,1,0,0,0,0,0,0,0.0,1.0
11_2406_rta_11_240911113911_4166---AscoliPPROTOCOLLOoperativo_2019_2021.txt,0.0,0.0,0.0,0.0,0.0,0.0,0.0,0.0,0.0,0.0,1,0,0,0,0,0,0,0.0,1.0
12_2406_rta_12_241004133706_4166---ProtocollodiretePREFETTURAFrosinone(1).txt,0.0,0.0,0.0,0.0,0.0,0.0,0.0,0.0,0.0,0.0,0,0,0,0,0,0,0,0.0,0.0
05_2406_rta_05_240919122126_4166---PROTOCOLLOULSS8BERICA.txt,0.0,0.0,0.0,0.0,0.0,0.0,0.0,0.0,0.0,0.0,1,1,1,0,0,0,0,0.0,3.0
12_2406_rta_12_241004144338_4166---06-ProtocolloComunediVALLECORSA.txt,0.0,0.0,0.0,0.0,0.0,0.0,0.0,0.0,0.0,0.0,0,0,0,0,0,0,0,0.0,0.0
12_2406_rta_12_241007225239_4166---10-ProtocolloconilComunediCOLFELICE.txt,0.0,0.0,0.0,0.0,0.0,0.0,0.0,0.0,0.0,0.0,0,0,0,0,0,0,0,0.0,0.0
05_2406_rta_05_240916173648_4166---ULSS5Polesana_Protocollodirete.txt,0.0,0.0,0.0,0.0,0.0,0.0,0.0,0.0,0.0,0.0,1,1,0,0,0,0,0,0.0,2.0
16_bar_protocollo operativo Triggiano_rete antiviolenza.pdf.txt,0.0,0.0,0.0,0.0,0.0,0.0,0.0,0.0,0.0,0.0,0,0,0,0,0,0,0,0.0,0.0
08_2406_rta_08_241015092024_4166---Protocollooperativo.txt,0.0,0.0,0.0,0.0,0.0,0.0,0.0,0.0,0.0,0.0,1,0,0,0,0,0,0,0.0,1.0
06_2406_rta_06_240916164122_4166---prot_n_0119980_2024_Accordo(firmato).txt,0.0,0.0,0.0,0.0,0.0,0.0,0.0,0.0,0.0,0.0,1,0,0,0,0,0,0,0.0,1.0
08_2406_rta_08_241015092024_4166---Protocollooperativo.txt,0.0,0.0,0.0,0.0,0.0,0.0,0.0,0.0,0.0,0.0,1,0,0,0,0,0,0,0.0,1.0
01_2406_rta_01_240904162242_4166---CONVENZIONETRAASLTO3ESVOLTADONNA.txt,0.0,0.0,0.0,0.0,0.0,0.0,0.0,0.0,0.0,0.0,1,0,0,1,0,0,1,0.0,3.0
16_lecce_Protocollo Operativo - Procedure integrate per la prevenzione e il contrasto alla violenza contro donne e minori - Copia_Marcato.txt,0.0,0.0,0.0,0.0,0.0,0.0,0.0,0.0,0.0,0.0,1,0,0,0,0,0,0,0.0,1.0
08_2406_rta_08_241015091430_4166---Protocollo_Distrettuale_Contrasto_violenza_Donne2023.stamped.txt,0.0,0.0,0.0,0.0,0.0,0.0,0.0,0.0,0.0,0.0,1,1,1,0,0,0,0,0.0,3.0
16_lecce_Protocollo Operativo - Procedure integrate per la prevenzione e il contrasto alla violenza contro donne e minori - Copia_Marcato.txt,0.0,0.0,0.0,0.0,0.0,0.0,0.0,0.0,0.0,0.0,1,0,0,0,0,0,0,0.0,1.0
16_lecce_Protocollo Operativo - Procedure integrate per la prevenzione e il contrasto alla violenza contro donne e minori - Copia_Marcato.txt,0.0,0.0,0.0,0.0,0.0,0.0,0.0,0.0,0.0,0.0,1,0,0,0,0,0,0,0.0,1.0
03_2406_rta_03_240920120751_4166---protocollodiintesa.txt,0.0,0.0,0.0,0.0,0.0,0.0,0.0,0.0,0.0,0.0,1,0,0,0,0,0,0,0.0,1.0
07_2406_rta_07_240916163905_4166---PROTOCOLLOFIRMATO(002).txt,0.0,0.0,0.0,0.0,0.0,0.0,0.0,0.0,0.0,0.0,1,0,0,0,0,0,0,0.0,1.0
01_2406_rta_01_241002150739_4166---DeliberaCostituzioneOsservatorioSaluteDonne.txt,0.0,0.0,0.0,0.0,0.0,0.0,0.0,0.0,0.0,0.0,1,0,0,0,0,0,0,0.0,1.0
18_2406_rta_18_240926102931_4166---PROT.2403-24.txt,0.0,0.0,0.0,0.0,0.0,0.0,0.0,0.0,0.0,0.0,0,0,0,0,0,0,0,0.0,0.0
12_2406_rta_12_241004114912_4166---ProtocolloRetePrantiviolenzaFrosinone.txt,0.0,0.0,0.0,0.0,0.0,0.0,0.0,0.0,0.0,0.0,0,0,0,0,0,0,0,0.0,0.0
03_2406_rta_03_240923163715_4166---PROTOCOLLOD'INTESA2017_2020.txt,0.0,0.0,0.0,0.0,0.0,0.0,0.0,0.0,0.0,0.0,1,0,0,0,0,1,1,0.0,3.0
03_2406_rta_03_240923113114_4166---ProtocolloReteAddaMartesanasottoscritto.txt,0.0,0.0,0.0,0.0,0.0,0.0,0.0,0.0,0.0,0.0,1,1,0,0,0,0,0,0.0,2.0
03_2406_rta_03_240923103647_4166---protocolloreteantiviolenzacinisello2019(1).txt,0.0,0.0,0.0,0.0,0.0,0.0,0.0,0.0,0.0,0.0,1,1,1,0,0,0,0,0.0,3.0
03_2406_rta_03_240926144324_4166---Protocollodiintesa.txt,0.0,0.0,0.0,0.0,0.0,0.0,0.0,0.0,0.0,0.0,1,1,0,0,0,0,0,0.0,2.0
03_2406_rta_03_240926122051_4166---Protocollomonz.txt,0.0,0.0,0.0,0.0,0.0,0.0,0.0,0.0,0.0,0.0,1,1,1,0,0,0,0,0.0,3.0
09_LIVORNO Protocollo_ RETE ANTIVIOLENZA_ LIVORNO.txt,0.0,0.0,0.0,0.0,0.0,0.0,0.0,0.0,0.0,0.0,1,0,0,0,0,0,0,0.0,1.0
03_2406_rta_03_240923102947_4166---ProtSOTTOSCRITTO_ReteAntiviolenzaPiuIntegrazioneAprile2024(1).txt,0.0,0.0,0.0,0.0,0.0,0.0,0.0,0.0,0.0,0.0,1,1,0,0,0,0,0,0.0,2.0
03_2406_rta_03_240918153252_4166---Protocollo+Appendice+LineeGuida_Datatodafirmare.txt,0.0,0.0,0.0,0.0,0.0,0.0,0.0,0.0,0.0,0.0,1,1,0,0,0,0,0,0.0,2.0
03_2406_rta_03_240918153252_4166---Protocollo+Appendice+LineeGuida_Datatodafirmare.txt,0.0,0.0,0.0,0.0,0.0,0.0,0.0,0.0,0.0,0.0,1,1,0,0,0,0,0,0.0,2.0
03_2406_rta_03_240918153252_4166---Protocollo+Appendice+LineeGuida_Datatodafirmare.txt,0.0,0.0,0.0,0.0,0.0,0.0,0.0,0.0,0.0,0.0,1,1,1,0,0,0,0,0.0,3.0
03_2406_rta_03_240918153252_4166---Protocollo+Appendice+LineeGuida_Datatodafirmare.txt,0.0,0.0,0.0,0.0,0.0,0.0,0.0,0.0,0.0,0.0,1,0,0,0,0,0,0,0.0,1.0
12_2406_rta_12_241003112247_4166---Accordodicollaborazione_CREDICI.txt,0.0,0.0,0.0,0.0,0.0,0.0,0.0,0.0,0.0,0.0,1,1,0,0,0,0,0,0.0,2.0
03_2406_rta_03_240918153240_4166---Protocollod'intesaperl'IstituzionediunSistemaTerritorialeAntiviolenzainReteconAddendumSindacati.txt,0.0,0.0,0.0,0.0,0.0,0.0,0.0,0.0,0.0,0.0,1,0,0,0,0,0,0,0.0,1.0
03_2406_rta_03_240918151606_4166---A_RetePavia_Protocollo2021_e_Integrazioni2023_firmato_compressed.txt,0.0,0.0,0.0,0.0,0.0,0.0,0.0,0.0,0.0,0.0,1,1,1,0,0,0,0,0.0,3.0
08_2406_rta_08_241015091500_4166---Protocollo_autonomia_lavorativa_def.txt,0.0,0.0,0.0,0.0,0.0,0.0,0.0,0.0,0.0,0.0,1,0,0,0,0,0,0,0.0,1.0
12_2406_rta_12_241004141331_4166---ConvenzioneconilComunediCECCANO.txt,0.0,0.0,0.0,0.0,0.0,0.0,0.0,0.0,0.0,0.0,0,0,0,0,0,0,0,0.0,0.0
13_2406_rta_13_241122104842_4166---Protocollodirete_DAFNE.txt,0.0,0.0,0.0,0.0,0.0,0.0,0.0,0.0,0.0,0.0,1,1,0,0,0,0,0,0.0,2.0
12_2406_rta_12_240926133706_4166---STAR.txt,0.0,0.0,0.0,0.0,0.0,0.0,0.0,0.0,0.0,0.0,0,0,0,0,0,0,0,0.0,0.0
03_2406_rta_03_240918151606_4166---A_RetePavia_Protocollo2021_e_Integrazioni2023_firmato_compressed.txt,0.0,0.0,0.0,0.0,0.0,0.0,0.0,0.0,0.0,0.0,1,1,1,0,0,0,0,0.0,3.0
03_2406_rta_03_240918153240_4166---Protocollod'intesaperl'IstituzionediunSistemaTerritorialeAntiviolenzainReteconAddendumSindacati.txt,0.0,0.0,0.0,0.0,0.0,0.0,0.0,0.0,0.0,0.0,1,0,0,0,0,0,0,0.0,1.0
13_2406_rta_13_241122103901_4166---Protocollirete_ortonaelancianoCAVdonn.ÿ.txt,0.0,0.0,0.0,0.0,0.0,0.0,0.0,0.0,0.0,0.0,1,1,1,0,0,0,0,0.0,3.0
09_LIVORNO Protocollo_ RETE ANTIVIOLENZA_ LIVORNO.txt,0.0,0.0,0.0,0.0,0.0,0.0,0.0,0.0,0.0,0.0,1,0,0,0,0,0,0,0.0,1.0
08_2406_rta_08_241015091655_4166---Aggiornamentointegrazioneprotocollooperativoapprovatonelgiugno2008.txt,0.0,0.0,0.0,0.0,0.0,0.0,0.0,0.0,0.0,0.0,1,0,0,0,0,0,0,0.0,1.0
16_2406_rta_16_250409174252_4166---Protocollo_Intesa_LARA.txt,0.0,0.0,0.0,0.0,0.0,0.0,0.0,0.0,0.0,0.0,0,0,0,0,0,0,0,0.0,0.0
08_2406_rta_08_241015091553_4166---Protocollosullaviolenzadigenere_confirme_prot.txt,0.0,0.0,0.0,0.0,0.0,0.0,0.0,0.0,0.0,0.0,0,0,0,0,0,0,0,0.0,0.0
01_2406_rta_01_240904150044_4166---Protocollocav-irene2022-2025.txt,0.0,0.0,0.0,0.0,0.0,0.0,0.0,0.0,0.0,0.0,0,0,0,0,0,0,0,0.0,0.0
08_2406_rta_08_241015091500_4166---Protocollo_autonomia_lavorativa_def.txt,0.0,0.0,0.0,0.0,0.0,0.0,0.0,0.0,0.0,0.0,1,0,0,0,0,0,0,0.0,1.0
12_2406_rta_12_240926134140_4166---Protocollointesa.txt,0.0,0.0,0.0,0.0,0.0,0.0,0.0,0.0,0.0,0.0,0,0,0,0,0,0,0,0.0,0.0
06_2406_rta_06_240916164122_4166---prot_n_0119980_2024_Accordo(firmato).txt,0.0,0.0,0.0,0.0,0.0,0.0,0.0,0.0,0.0,0.0,0,0,0,0,0,0,0,0.0,0.0
Totale Colonna,0.0,0.0,0.0,0.0,0.0,0.0,1758.0,0.0,0.0,0.0,3648,2689,586,143,46,195,367,0.0,9432.0
