lat,lon,nome,comune,provincia,regione,tipo,ruolo,is_firmatario,is_proponente,is_attore,is_gestione,is_monitoraggio,is_coordinamento,is_governance,ruolo_list,governance_detail,nome_key,tipo_key,comune_key,provincia_key,regione_key,ruolo_key
44.698185,7.854681,Comune di Bra,Bra,Cuneo,Piemonte,Comuni,"firmatario, proponente, attore, gestione",True,True,True,True,False,False,True,"['firmatario', 'proponente', 'attore', 'gestione']",gestione,comune di bra,comuni,bra,cuneo,piemonte,"firmatario, proponente, attore, gestione"
44.701064,8.035865,Comune di Alba,Alba,Cuneo,Piemonte,Comuni,"firmatario, attore",True,False,True,False,False,False,False,"['firmatario', 'attore']",,comune di alba,comuni,alba,cuneo,piemonte,"firmatario, attore"
44.701064,8.035865,Consorzio Socio Assistenziale Alba Langhe Roero,Alba,Cuneo,Piemonte,CAV/Centri Antiviolenza,"firmatario, attore",True,False,True,False,False,False,False,"['firmatario', 'attore']",,consorzio socio assistenziale alba langhe roero,cav/centri antiviolenza,alba,cuneo,piemonte,"firmatario, attore"
44.701064,8.035865,ASL CN2,Alba,Cuneo,Piemonte,ASL (consultori familiari e altri servizi territoriali),"firmatario, attore",True,False,True,False,False,False,False,"['firmatario', 'attore']",,asl cn2,asl (consultori familiari e altri servizi territoriali),alba,cuneo,piemonte,"firmatario, attore"
44.647962,7.657452,Associazione MAI+SOLE,Savigliano,Cuneo,Piemonte,ORGANIZZAZIONI DI VOLONTARIATO,"firmatario, attore",True,False,True,False,False,False,False,"['firmatario', 'attore']",,associazione mai+sole,organizzazioni di volontariato,savigliano,cuneo,piemonte,"firmatario, attore"
45.571168,8.100825,Amministrazione Provinciale di Biella,Biella,Biella,Piemonte,Province/Città metropolitane,"firmatario, proponente, attore",True,True,True,False,False,False,False,"['firmatario', 'proponente', 'attore']",,amministrazione provinciale di biella,province/città metropolitane,biella,biella,piemonte,"firmatario, proponente, attore"
45.566565,8.053801,Azienda Sanitaria Locale di Biella,Biella,Biella,Piemonte,ASL (consultori familiari e altri servizi territoriali),"firmatario, attore",True,False,True,False,False,False,False,"['firmatario', 'attore']",,azienda sanitaria locale di biella,asl (consultori familiari e altri servizi territoriali),biella,biella,piemonte,"firmatario, attore"
45.566565,8.053801,Presidio Ospedaliero di Biella,Biella,Biella,Piemonte,"Ospedale (Pronto soccorso, ecc.)","attore, gestione",False,False,True,True,False,False,True,"['attore', 'gestione']",gestione,presidio ospedaliero di biella,"ospedale (pronto soccorso, ecc.)",biella,biella,piemonte,"attore, gestione"
45.566565,8.053801,Consultorio Familiare di Biella,Biella,Biella,Piemonte,ASL (consultori familiari e altri servizi territoriali),attore,False,False,True,False,False,False,False,['attore'],,consultorio familiare di biella,asl (consultori familiari e altri servizi territoriali),biella,biella,piemonte,attore
45.566565,8.053801,S.C. Neuropsichiatria Infantile,Biella,Biella,Piemonte,ASL (consultori familiari e altri servizi territoriali),attore,False,False,True,False,False,False,False,['attore'],,s.c. neuropsichiatria infantile,asl (consultori familiari e altri servizi territoriali),biella,biella,piemonte,attore
45.571168,8.100825,Consigliera Provinciale di Parità di Biella,Biella,Biella,Piemonte,Organismi di parità,"firmatario, attore",True,False,True,False,False,False,False,"['firmatario', 'attore']",,consigliera provinciale di parità di biella,organismi di parità,biella,biella,piemonte,"firmatario, attore"
45.566565,8.053801,Procura della Repubblica presso il Tribunale Ordinario di Biella,Biella,Biella,Piemonte,Procura Ordinaria/Tribunale/Corte d'appello,"firmatario, attore",True,False,True,False,False,False,False,"['firmatario', 'attore']",,procura della repubblica presso il tribunale ordinario di biella,procura ordinaria/tribunale/corte d'appello,biella,biella,piemonte,"firmatario, attore"
45.073289,7.680696,Procura Generale presso la Corte di Appello di Torino,Torino,Torino,Piemonte,Procura Ordinaria/Tribunale/Corte d'appello,,False,False,False,False,False,False,False,[],,procura generale presso la corte di appello di torino,procura ordinaria/tribunale/corte d'appello,torino,torino,piemonte,
45.571168,8.100825,Ambito Territoriale X di Biella - Ufficio Scolastico Regionale per il Piemonte - MIUR,Biella,Biella,Piemonte,Scuole/Ufficio scolastico provinciale e regionale,"firmatario, attore",True,False,True,False,False,False,False,"['firmatario', 'attore']",,ambito territoriale x di biella - ufficio scolastico regionale per il piemonte - miur,scuole/ufficio scolastico provinciale e regionale,biella,biella,piemonte,"firmatario, attore"
45.566565,8.053801,Dipartimento Culture Politica e Società dell’Università degli Studi di Torino (Polo di Biella),Biella,Biella,Piemonte,Università,"firmatario, attore",True,False,True,False,False,False,False,"['firmatario', 'attore']",,dipartimento culture politica e società dell’università degli studi di torino (polo di biella),università,biella,biella,piemonte,"firmatario, attore"
45.566565,8.053801,Associazione PaViol Percorsi Antiviolenza,Biella,Biella,Piemonte,ASSOCIAZIONI DI PROMOZIONE SOCIALE,"firmatario, attore",True,False,True,False,False,False,False,"['firmatario', 'attore']",,associazione paviol percorsi antiviolenza,associazioni di promozione sociale,biella,biella,piemonte,"firmatario, attore"
45.566565,8.053801,Associazione Underground,Biella,Biella,Piemonte,ORGANIZZAZIONI DI VOLONTARIATO,"firmatario, attore",True,False,True,False,False,False,False,"['firmatario', 'attore']",,associazione underground,organizzazioni di volontariato,biella,biella,piemonte,"firmatario, attore"
45.566565,8.053801,Associazione Donne Nuove,Biella,Biella,Piemonte,ORGANIZZAZIONI DI VOLONTARIATO,"firmatario, attore",True,False,True,False,False,False,False,"['firmatario', 'attore']",,associazione donne nuove,organizzazioni di volontariato,biella,biella,piemonte,"firmatario, attore"
45.566565,8.053801,Associazione Se Non Ora Quando? Biella,Biella,Biella,Piemonte,Ente terzo settore - ETS (iscritto al RUNTS),"firmatario, attore",True,False,True,False,False,False,False,"['firmatario', 'attore']",,associazione se non ora quando? biella,ente terzo settore - ets (iscritto al runts),biella,biella,piemonte,"firmatario, attore"
45.538508,8.05681,Centro I Germogli,Ponderano,Biella,Piemonte,Case Rifugio,attore,False,False,True,False,False,False,False,['attore'],,centro i germogli,case rifugio,ponderano,biella,piemonte,attore
45.570111,8.180597,Consorzio CISSABO,Cossato,Biella,Piemonte,"Ambiti della programmazione sociale e socio-sanitaria (Ambiti Sociali, Piani di Zona, Distretti socio-sanitari, Società della Salute)","firmatario, attore",True,False,True,False,False,False,False,"['firmatario', 'attore']",,consorzio cissabo,"ambiti della programmazione sociale e socio-sanitaria (ambiti sociali, piani di zona, distretti socio-sanitari, società della salute)",cossato,biella,piemonte,"firmatario, attore"
45.566565,8.053801,Consorzio IRIS,Biella,Biella,Piemonte,"Ambiti della programmazione sociale e socio-sanitaria (Ambiti Sociali, Piani di Zona, Distretti socio-sanitari, Società della Salute)","firmatario, attore",True,False,True,False,False,False,False,"['firmatario', 'attore']",,consorzio iris,"ambiti della programmazione sociale e socio-sanitaria (ambiti sociali, piani di zona, distretti socio-sanitari, società della salute)",biella,biella,piemonte,"firmatario, attore"
45.566565,8.053801,ASL BI,Biella,Biella,Piemonte,ASL (consultori familiari e altri servizi territoriali),"firmatario, attore",True,False,True,False,False,False,False,"['firmatario', 'attore']",,asl bi,asl (consultori familiari e altri servizi territoriali),biella,biella,piemonte,"firmatario, attore"
45.566565,8.053801,Anteo Impresa Cooperativa Sociale,Biella,Biella,Piemonte,IMPRESE SOCIALI,"firmatario, attore",True,False,True,False,False,False,False,"['firmatario', 'attore']",,anteo impresa cooperativa sociale,imprese sociali,biella,biella,piemonte,"firmatario, attore"
45.566565,8.053801,Associazione Non sei sola. Uscire dal silenzio - Contro la violenza OdV,Biella,Biella,Piemonte,ORGANIZZAZIONI DI VOLONTARIATO,"firmatario, attore",True,False,True,False,False,False,False,"['firmatario', 'attore']",,associazione non sei sola. uscire dal silenzio - contro la violenza odv,organizzazioni di volontariato,biella,biella,piemonte,"firmatario, attore"
45.566565,8.053801,Associazione Underground OdV,Biella,Biella,Piemonte,ORGANIZZAZIONI DI VOLONTARIATO,"firmatario, attore",True,False,True,False,False,False,False,"['firmatario', 'attore']",,associazione underground odv,organizzazioni di volontariato,biella,biella,piemonte,"firmatario, attore"
45.566565,8.053801,Associazione di Promozione Sociale PaViol Percorsi Antiviolenza APS,Biella,Biella,Piemonte,ASSOCIAZIONI DI PROMOZIONE SOCIALE,"firmatario, attore",True,False,True,False,False,False,False,"['firmatario', 'attore']",,associazione di promozione sociale paviol percorsi antiviolenza aps,associazioni di promozione sociale,biella,biella,piemonte,"firmatario, attore"
45.566565,8.053801,Centro Antiviolenza di Biella,Biella,Biella,Piemonte,CAV/Centri Antiviolenza,attore,False,False,True,False,False,False,False,['attore'],,centro antiviolenza di biella,cav/centri antiviolenza,biella,biella,piemonte,attore
45.571168,8.100825,Provincia di Biella,Biella,Biella,Piemonte,Province/Città metropolitane,,False,False,False,False,False,False,False,[],,provincia di biella,province/città metropolitane,biella,biella,piemonte,
45.073289,7.680696,Università degli Studi di Torino,Torino,Torino,Piemonte,Università,,False,False,False,False,False,False,False,[],,università degli studi di torino,università,torino,torino,piemonte,
45.566565,8.053801,Ambito Territoriale n. 10 di Biella,Biella,Biella,Piemonte,"Ambiti della programmazione sociale e socio-sanitaria (Ambiti Sociali, Piani di Zona, Distretti socio-sanitari, Società della Salute)",,False,False,False,False,False,False,False,[],,ambito territoriale n. 10 di biella,"ambiti della programmazione sociale e socio-sanitaria (ambiti sociali, piani di zona, distretti socio-sanitari, società della salute)",biella,biella,piemonte,
45.566565,8.053801,Consultorio ASL BI di Biella,Biella,Biella,Piemonte,ASL (consultori familiari e altri servizi territoriali),"firmatario, attore",True,False,True,False,False,False,False,"['firmatario', 'attore']",,consultorio asl bi di biella,asl (consultori familiari e altri servizi territoriali),biella,biella,piemonte,"firmatario, attore"
45.566565,8.053801,Associazione Donne Nuove,Biella,Biella,Piemonte,ORGANIZZAZIONI DI VOLONTARIATO,,False,False,False,False,False,False,False,[],,associazione donne nuove,organizzazioni di volontariato,biella,biella,piemonte,
45.566565,8.053801,Dipartimento Culture Politica e Società dell’Università degli Studi di Torino (Polo di Biella),Biella,Biella,Piemonte,Università,,False,False,False,False,False,False,False,[],,dipartimento culture politica e società dell’università degli studi di torino (polo di biella),università,biella,biella,piemonte,
45.570111,8.180597,Consorzio C.I.S.S.A.B.0.,Cossato,Biella,Piemonte,Altro,"firmatario, attore",True,False,True,False,False,False,False,"['firmatario', 'attore']",,consorzio c.i.s.s.a.b.0.,altro,cossato,biella,piemonte,"firmatario, attore"
45.566565,8.053801,Consorzio I.R.I.S,Biella,Biella,Piemonte,Altro,"firmatario, attore",True,False,True,False,False,False,False,"['firmatario', 'attore']",,consorzio i.r.i.s,altro,biella,biella,piemonte,"firmatario, attore"
45.571168,8.100825,Amministrazione Provinciale di Biella,Biella,Biella,Piemonte,Province/Città metropolitane,attore,False,False,True,False,False,False,False,['attore'],,amministrazione provinciale di biella,province/città metropolitane,biella,biella,piemonte,attore
45.566565,8.053801,Azienda Sanitaria Locale di Biella,Biella,Biella,Piemonte,ASL (consultori familiari e altri servizi territoriali),attore,False,False,True,False,False,False,False,['attore'],,azienda sanitaria locale di biella,asl (consultori familiari e altri servizi territoriali),biella,biella,piemonte,attore
45.566565,8.053801,Consorzio Intercomunale Servizi Socio Assistenziali I.R.I.S.,Biella,Biella,Piemonte,CAV/Centri Antiviolenza,,False,False,False,False,False,False,False,[],,consorzio intercomunale servizi socio assistenziali i.r.i.s.,cav/centri antiviolenza,biella,biella,piemonte,
45.570111,8.180597,Consorzio Intercomunale Servizi Socio Assistenziali del Biellese Orientale C.I.S.S.A.B.0.,Cossato,Biella,Piemonte,CAV/Centri Antiviolenza,,False,False,False,False,False,False,False,[],,consorzio intercomunale servizi socio assistenziali del biellese orientale c.i.s.s.a.b.0.,cav/centri antiviolenza,cossato,biella,piemonte,
45.571168,8.100825,Consigliera Provinciale di Parità di Biella,Biella,Biella,Piemonte,Organismi di parità,attore,False,False,True,False,False,False,False,['attore'],,consigliera provinciale di parità di biella,organismi di parità,biella,biella,piemonte,attore
45.566565,8.053801,Procura della Repubblica presso il Tribunale Ordinario di Biella,Biella,Biella,Piemonte,Procura Ordinaria/Tribunale/Corte d'appello,attore,False,False,True,False,False,False,False,['attore'],,procura della repubblica presso il tribunale ordinario di biella,procura ordinaria/tribunale/corte d'appello,biella,biella,piemonte,attore
45.566565,8.053801,Ambito Territoriale X di Biella,Biella,Biella,Piemonte,"Ambiti della programmazione sociale e socio-sanitaria (Ambiti Sociali, Piani di Zona, Distretti socio-sanitari, Società della Salute)",attore,False,False,True,False,False,False,False,['attore'],,ambito territoriale x di biella,"ambiti della programmazione sociale e socio-sanitaria (ambiti sociali, piani di zona, distretti socio-sanitari, società della salute)",biella,biella,piemonte,attore
45.566565,8.053801,Dipartimento Culture Politica e Società dell'Università degli Studi di Torino (Polo di Biella),Biella,Biella,Piemonte,Università,attore,False,False,True,False,False,False,False,['attore'],,dipartimento culture politica e società dell'università degli studi di torino (polo di biella),università,biella,biella,piemonte,attore
45.566565,8.053801,Associazione PaViol Percorsi Antiviolenza,Biella,Biella,Piemonte,ASSOCIAZIONI DI PROMOZIONE SOCIALE,attore,False,False,True,False,False,False,False,['attore'],,associazione paviol percorsi antiviolenza,associazioni di promozione sociale,biella,biella,piemonte,attore
45.566565,8.053801,Associazione Underground,Biella,Biella,Piemonte,ORGANIZZAZIONI DI VOLONTARIATO,attore,False,False,True,False,False,False,False,['attore'],,associazione underground,organizzazioni di volontariato,biella,biella,piemonte,attore
45.566565,8.053801,Associazione Se Non Ora Quando? Biella,Biella,Biella,Piemonte,Ente terzo settore - ETS (iscritto al RUNTS),attore,False,False,True,False,False,False,False,['attore'],,associazione se non ora quando? biella,ente terzo settore - ets (iscritto al runts),biella,biella,piemonte,attore
45.566565,8.053801,Cooperativa Sociale Anteo,Biella,Biella,Piemonte,IMPRESE SOCIALI,"attore, gestione",False,False,True,True,False,False,True,"['attore', 'gestione']",gestione,cooperativa sociale anteo,imprese sociali,biella,biella,piemonte,"attore, gestione"
45.566565,8.053801,Comune di Biella,Biella,Biella,Piemonte,Comuni,"attore, gestione",False,False,True,True,False,False,True,"['attore', 'gestione']",gestione,comune di biella,comuni,biella,biella,piemonte,"attore, gestione"
45.538508,8.05681,Ospedale di Ponderano,Ponderano,Biella,Piemonte,"Ospedale (Pronto soccorso, ecc.)",,False,False,False,False,False,False,False,[],,ospedale di ponderano,"ospedale (pronto soccorso, ecc.)",ponderano,biella,piemonte,
45.475777,7.814044,Servizio Sociale,Lessolo,Torino,Piemonte,Servizi sociali comunali,attore,False,False,True,False,False,False,False,['attore'],,servizio sociale,servizi sociali comunali,lessolo,torino,piemonte,attore
45.566565,8.053801,Città di Biella,Biella,Biella,Piemonte,Comuni,attore,False,False,True,False,False,False,False,['attore'],,città di biella,comuni,biella,biella,piemonte,attore
45.698741,8.463108,ASSOCIAZIONE MAMRE ONLUS,Borgomanero,Novara,Piemonte,ORGANIZZAZIONI DI VOLONTARIATO,"firmatario, attore",True,False,True,False,False,False,False,"['firmatario', 'attore']",,associazione mamre onlus,organizzazioni di volontariato,borgomanero,novara,piemonte,"firmatario, attore"
45.606351,8.522902,PROVINCIA DI NOVARA,Novara,Novara,Piemonte,Province/Città metropolitane,"firmatario, attore",True,False,True,False,False,False,False,"['firmatario', 'attore']",,provincia di novara,province/città metropolitane,novara,novara,piemonte,"firmatario, attore"
45.698741,8.463108,CONSORZIO INTERCOMUNALE PER LA GESTIONE DEI SERVIZI SOCIOASSISTENZIALI DI BORGOMANERO,Borgomanero,Novara,Piemonte,"Ambiti della programmazione sociale e socio-sanitaria (Ambiti Sociali, Piani di Zona, Distretti socio-sanitari, Società della Salute)","firmatario, attore",True,False,True,False,False,False,False,"['firmatario', 'attore']",,consorzio intercomunale per la gestione dei servizi socioassistenziali di borgomanero,"ambiti della programmazione sociale e socio-sanitaria (ambiti sociali, piani di zona, distretti socio-sanitari, società della salute)",borgomanero,novara,piemonte,"firmatario, attore"
45.714051,8.642354,CONSORZIO INTERCOMUNALE PER LA GESTIONE DEI SERVIZI SOCIOASSISTENZIALI DI CASTELLETTO SOPRA TICINO,Castelletto Sopra Ticino,Novara,Piemonte,"Ambiti della programmazione sociale e socio-sanitaria (Ambiti Sociali, Piani di Zona, Distretti socio-sanitari, Società della Salute)","firmatario, attore",True,False,True,False,False,False,False,"['firmatario', 'attore']",,consorzio intercomunale per la gestione dei servizi socioassistenziali di castelletto sopra ticino,"ambiti della programmazione sociale e socio-sanitaria (ambiti sociali, piani di zona, distretti socio-sanitari, società della salute)",castelletto sopra ticino,novara,piemonte,"firmatario, attore"
45.760443,8.559666,COMUNE DI ARONA,Arona,Novara,Piemonte,Comuni,"firmatario, attore",True,False,True,False,False,False,False,"['firmatario', 'attore']",,comune di arona,comuni,arona,novara,piemonte,"firmatario, attore"
45.698741,8.463108,C.I.S.S. di Borgomanero,Borgomanero,Novara,Piemonte,"Ambiti della programmazione sociale e socio-sanitaria (Ambiti Sociali, Piani di Zona, Distretti socio-sanitari, Società della Salute)",attore,False,False,True,False,False,False,False,['attore'],,c.i.s.s. di borgomanero,"ambiti della programmazione sociale e socio-sanitaria (ambiti sociali, piani di zona, distretti socio-sanitari, società della salute)",borgomanero,novara,piemonte,attore
45.62976,8.631937,C.I.S.A.S. di Castelletto Sopra Ticino,Marano Ticino,Novara,Piemonte,"Ambiti della programmazione sociale e socio-sanitaria (Ambiti Sociali, Piani di Zona, Distretti socio-sanitari, Società della Salute)",attore,False,False,True,False,False,False,False,['attore'],,c.i.s.a.s. di castelletto sopra ticino,"ambiti della programmazione sociale e socio-sanitaria (ambiti sociali, piani di zona, distretti socio-sanitari, società della salute)",marano ticino,novara,piemonte,attore
45.760443,8.559666,Comuni convenzionati con Arona,Arona,Novara,Piemonte,Comuni,"firmatario, attore",True,False,True,False,False,False,False,"['firmatario', 'attore']",,comuni convenzionati con arona,comuni,arona,novara,piemonte,"firmatario, attore"
45.77239,8.391001,C.I.S.S. zona Cusio - Omegna,San Maurizio D’Opaglio,Novara,Piemonte,"Ambiti della programmazione sociale e socio-sanitaria (Ambiti Sociali, Piani di Zona, Distretti socio-sanitari, Società della Salute)",attore,False,False,True,False,False,False,False,['attore'],,c.i.s.s. zona cusio - omegna,"ambiti della programmazione sociale e socio-sanitaria (ambiti sociali, piani di zona, distretti socio-sanitari, società della salute)",san maurizio d’opaglio,novara,piemonte,attore
45.760443,8.559666,Sportello Donna,Arona,Novara,Piemonte,Centri/Sportelli di ascolto,,False,False,False,False,False,False,False,[],,sportello donna,centri/sportelli di ascolto,arona,novara,piemonte,
44.887333,7.33205,Associazione SvoltaDonna OdV - Centro Antiviolenza,Pinerolo,Torino,Piemonte,CAV/Centri Antiviolenza,"firmatario, attore, gestione",True,False,True,True,False,False,True,"['firmatario', 'attore', 'gestione']",gestione,associazione svoltadonna odv - centro antiviolenza,cav/centri antiviolenza,pinerolo,torino,piemonte,"firmatario, attore, gestione"
45.061994,7.577786,Servizio Sovrazionale di Epidemiologia di Grugliasco (ASL TO3),Grugliasco,Torino,Piemonte,Altro,"firmatario, attore",True,False,True,False,False,False,False,"['firmatario', 'attore']",,servizio sovrazionale di epidemiologia di grugliasco (asl to3),altro,grugliasco,torino,piemonte,"firmatario, attore"
44.887333,7.33205,Ospedale Civile di Pinerolo (TO),Pinerolo,Torino,Piemonte,"Ospedale (Pronto soccorso, ecc.)",attore,False,False,True,False,False,False,False,['attore'],,ospedale civile di pinerolo (to),"ospedale (pronto soccorso, ecc.)",pinerolo,torino,piemonte,attore
45.079368,7.396352,Presidio territoriale di Avigliana (TO),Avigliana,Torino,Piemonte,"Ospedale (Pronto soccorso, ecc.)",attore,False,False,True,False,False,False,False,['attore'],,presidio territoriale di avigliana (to),"ospedale (pronto soccorso, ecc.)",avigliana,torino,piemonte,attore
45.070133,7.533828,Ospedale degli Infermi di Rivoli (TO),Rivoli,Torino,Piemonte,"Ospedale (Pronto soccorso, ecc.)",attore,False,False,True,False,False,False,False,['attore'],,ospedale degli infermi di rivoli (to),"ospedale (pronto soccorso, ecc.)",rivoli,torino,piemonte,attore
45.135277,7.046416,Ospedale di Susa (TO),Susa,Torino,Piemonte,"Ospedale (Pronto soccorso, ecc.)",attore,False,False,True,False,False,False,False,['attore'],,ospedale di susa (to),"ospedale (pronto soccorso, ecc.)",susa,torino,piemonte,attore
45.181515,7.570764,Citta Metropolitana di Torino,Torino,Torino,Piemonte,Province/Città metropolitane,,False,False,False,False,False,False,False,[],,citta metropolitana di torino,province/città metropolitane,torino,torino,piemonte,
44.887333,7.33205,Associazione SvoltaDonna,Pinerolo,Torino,Piemonte,ORGANIZZAZIONI DI VOLONTARIATO,"firmatario, proponente, attore",True,True,True,False,False,False,False,"['firmatario', 'proponente', 'attore']",,associazione svoltadonna,organizzazioni di volontariato,pinerolo,torino,piemonte,"firmatario, proponente, attore"
44.887333,7.33205,Centro Antiviolenza SvoltaDonna,Pinerolo,Torino,Piemonte,CAV/Centri Antiviolenza,"firmatario, proponente, attore",True,True,True,False,False,False,False,"['firmatario', 'proponente', 'attore']",,centro antiviolenza svoltadonna,cav/centri antiviolenza,pinerolo,torino,piemonte,"firmatario, proponente, attore"
45.231728,7.604588,Ospedale,Ciriè,Torino,Piemonte,"Ospedale (Pronto soccorso, ecc.)",attore,False,False,True,False,False,False,False,['attore'],,ospedale,"ospedale (pronto soccorso, ecc.)",ciriè,torino,piemonte,attore
45.073289,7.680696,CENTRI ANTIVIOLENZA E.M.M.A. ONLUS,Torino,Torino,Piemonte,CAV/Centri Antiviolenza,"firmatario, proponente, attore, coordinamento",True,True,True,False,False,True,True,"['firmatario', 'proponente', 'attore', 'coordinamento']",coordinamento,centri antiviolenza e.m.m.a. onlus,cav/centri antiviolenza,torino,torino,piemonte,"firmatario, proponente, attore, coordinamento"
45.231728,7.604588,C.LS. - Consorzio Intercomunale dei servizi socioassistenziali,Cirié,Torino,Piemonte,"Ambiti della programmazione sociale e socio-sanitaria (Ambiti Sociali, Piani di Zona, Distretti socio-sanitari, Società della Salute)","firmatario, attore",True,False,True,False,False,False,False,"['firmatario', 'attore']",,c.ls. - consorzio intercomunale dei servizi socioassistenziali,"ambiti della programmazione sociale e socio-sanitaria (ambiti sociali, piani di zona, distretti socio-sanitari, società della salute)",cirié,torino,piemonte,"firmatario, attore"
44.995103,7.647575,"CISA12 - Consorzio Intercomunale Socio - Assistenziale di Nichelino, Vinovo, None, Candiolo",Nichelino,Torino,Piemonte,"Ambiti della programmazione sociale e socio-sanitaria (Ambiti Sociali, Piani di Zona, Distretti socio-sanitari, Società della Salute)","firmatario, attore",True,False,True,False,False,False,False,"['firmatario', 'attore']",,"cisa12 - consorzio intercomunale socio - assistenziale di nichelino, vinovo, none, candiolo","ambiti della programmazione sociale e socio-sanitaria (ambiti sociali, piani di zona, distretti socio-sanitari, società della salute)",nichelino,torino,piemonte,"firmatario, attore"
45.190849,7.887123,C.LS.S. - Consorzio Intercomunale Servizi Sociali,Chivasso,Torino,Piemonte,"Ambiti della programmazione sociale e socio-sanitaria (Ambiti Sociali, Piani di Zona, Distretti socio-sanitari, Società della Salute)","firmatario, attore",True,False,True,False,False,False,False,"['firmatario', 'attore']",,c.ls.s. - consorzio intercomunale servizi sociali,"ambiti della programmazione sociale e socio-sanitaria (ambiti sociali, piani di zona, distretti socio-sanitari, società della salute)",chivasso,torino,piemonte,"firmatario, attore"
44.846479,7.718085,CISA31 Consorzio Intercomunale Socio - Assistenziale,Carmagnola,Torino,Piemonte,"Ambiti della programmazione sociale e socio-sanitaria (Ambiti Sociali, Piani di Zona, Distretti socio-sanitari, Società della Salute)","firmatario, attore",True,False,True,False,False,False,False,"['firmatario', 'attore']",,cisa31 consorzio intercomunale socio - assistenziale,"ambiti della programmazione sociale e socio-sanitaria (ambiti sociali, piani di zona, distretti socio-sanitari, società della salute)",carmagnola,torino,piemonte,"firmatario, attore"
45.007049,7.536969,Consorzio Intercomunale di Servizi (C.I.diS.),Orbassano,Torino,Piemonte,"Ambiti della programmazione sociale e socio-sanitaria (Ambiti Sociali, Piani di Zona, Distretti socio-sanitari, Società della Salute)","firmatario, attore",True,False,True,False,False,False,False,"['firmatario', 'attore']",,consorzio intercomunale di servizi (c.i.dis.),"ambiti della programmazione sociale e socio-sanitaria (ambiti sociali, piani di zona, distretti socio-sanitari, società della salute)",orbassano,torino,piemonte,"firmatario, attore"
45.135277,7.046416,CONISA - Consorzio Intercomunale Socio - Assistenziale Valle di Susa,Susa,Torino,Piemonte,"Ambiti della programmazione sociale e socio-sanitaria (Ambiti Sociali, Piani di Zona, Distretti socio-sanitari, Società della Salute)","firmatario, attore",True,False,True,False,False,False,False,"['firmatario', 'attore']",,conisa - consorzio intercomunale socio - assistenziale valle di susa,"ambiti della programmazione sociale e socio-sanitaria (ambiti sociali, piani di zona, distretti socio-sanitari, società della salute)",susa,torino,piemonte,"firmatario, attore"
45.044734,7.35308,Unione dei Comuni Montani Valsangone - Servizi Socio Assistenziali,Giaveno,Torino,Piemonte,Comuni,"firmatario, attore",True,False,True,False,False,False,False,"['firmatario', 'attore']",,unione dei comuni montani valsangone - servizi socio assistenziali,comuni,giaveno,torino,piemonte,"firmatario, attore"
44.95818,7.192275,Unione Montana dei Comuni delle valli Chisone e Germanasca,Perosa Argentina,Torino,Piemonte,Unione dei Comuni,"firmatario, attore",True,False,True,False,False,False,False,"['firmatario', 'attore']",,unione montana dei comuni delle valli chisone e germanasca,unione dei comuni,perosa argentina,torino,piemonte,"firmatario, attore"
45.13695,7.771255,Unione dei Comuni Nord Est Torino,Settimo Torinese,Torino,Piemonte,Unione dei Comuni,"firmatario, attore",True,False,True,False,False,False,False,"['firmatario', 'attore']",,unione dei comuni nord est torino,unione dei comuni,settimo torinese,torino,piemonte,"firmatario, attore"
45.000956,7.685316,"Unione dei Comuni di Moncalieri, Trofarello, La Loggia",Moncalieri,Torino,Piemonte,Unione dei Comuni,"firmatario, attore",True,False,True,False,False,False,False,"['firmatario', 'attore']",,"unione dei comuni di moncalieri, trofarello, la loggia",unione dei comuni,moncalieri,torino,piemonte,"firmatario, attore"
45.073289,7.680696,ASL “Citta di Torino”,Torino,Torino,Piemonte,ASL (consultori familiari e altri servizi territoriali),"firmatario, attore",True,False,True,False,False,False,False,"['firmatario', 'attore']",,asl “citta di torino”,asl (consultori familiari e altri servizi territoriali),torino,torino,piemonte,"firmatario, attore"
45.077402,7.569158,ASLTO3,Collegno,Torino,Piemonte,ASL (consultori familiari e altri servizi territoriali),"firmatario, attore",True,False,True,False,False,False,False,"['firmatario', 'attore']",,aslto3,asl (consultori familiari e altri servizi territoriali),collegno,torino,piemonte,"firmatario, attore"
45.013165,7.821022,"ASLTO5 - Azienda Sanitaria Locale di Chieri, Carmagnola, Moncalieri, Nichelino",Chieri,Torino,Piemonte,ASL (consultori familiari e altri servizi territoriali),"firmatario, attore",True,False,True,False,False,False,False,"['firmatario', 'attore']",,"aslto5 - azienda sanitaria locale di chieri, carmagnola, moncalieri, nichelino",asl (consultori familiari e altri servizi territoriali),chieri,torino,piemonte,"firmatario, attore"
45.007049,7.536969,A.O.U. “San Luigi Gonzaga” di Orbassano,Orbassano,Torino,Piemonte,"Ospedale (Pronto soccorso, ecc.)","firmatario, attore",True,False,True,False,False,False,False,"['firmatario', 'attore']",,a.o.u. “san luigi gonzaga” di orbassano,"ospedale (pronto soccorso, ecc.)",orbassano,torino,piemonte,"firmatario, attore"
45.073289,7.680696,Dipartimento di Culture Politica e Societa - Universita di Torino,Torino,Torino,Piemonte,Università,"firmatario, attore",True,False,True,False,False,False,False,"['firmatario', 'attore']",,dipartimento di culture politica e societa - universita di torino,università,torino,torino,piemonte,"firmatario, attore"
45.073289,7.680696,ORSO SCS (Societa Cooperativa Sociale),Torino,Torino,Piemonte,Ente terzo settore - ETS (iscritto al RUNTS),"firmatario, attore",True,False,True,False,False,False,False,"['firmatario', 'attore']",,orso scs (societa cooperativa sociale),ente terzo settore - ets (iscritto al runts),torino,torino,piemonte,"firmatario, attore"
45.073289,7.680696,IDEA Agenzia per il Lavoro scs onlus,Torino,Torino,Piemonte,Ente terzo settore - ETS (iscritto al RUNTS),"firmatario, attore",True,False,True,False,False,False,False,"['firmatario', 'attore']",,idea agenzia per il lavoro scs onlus,ente terzo settore - ets (iscritto al runts),torino,torino,piemonte,"firmatario, attore"
44.887333,7.33205,COESA PINEROLO s.c.a. a r.l.,Pinerolo,Torino,Piemonte,Ente terzo settore - ETS (iscritto al RUNTS),attore,False,False,True,False,False,False,False,['attore'],,coesa pinerolo s.c.a. a r.l.,ente terzo settore - ets (iscritto al runts),pinerolo,torino,piemonte,attore
44.846479,7.718085,Comune di Carmagnola,Carmagnola,Torino,Piemonte,Comuni,"firmatario, attore, gestione",True,False,True,True,False,False,True,"['firmatario', 'attore', 'gestione']",gestione,comune di carmagnola,comuni,carmagnola,torino,piemonte,"firmatario, attore, gestione"
45.073289,7.680696,CENTRI ANTIVIOLENZA E.M.M.A. ONLUS,Torino,Torino,Piemonte,CAV/Centri Antiviolenza,"firmatario, attore, gestione",True,False,True,True,False,False,True,"['firmatario', 'attore', 'gestione']",gestione,centri antiviolenza e.m.m.a. onlus,cav/centri antiviolenza,torino,torino,piemonte,"firmatario, attore, gestione"
44.846479,7.718085,Servizio di Psicologia dell’ASL di Carmagnola,Carmagnola,Torino,Piemonte,ASL (consultori familiari e altri servizi territoriali),"firmatario, attore",True,False,True,False,False,False,False,"['firmatario', 'attore']",,servizio di psicologia dell’asl di carmagnola,asl (consultori familiari e altri servizi territoriali),carmagnola,torino,piemonte,"firmatario, attore"
45.070133,7.533828,Comune di Rivoli,Rivoli,Torino,Piemonte,Comuni,"firmatario, proponente, attore",True,True,True,False,False,False,False,"['firmatario', 'proponente', 'attore']",,comune di rivoli,comuni,rivoli,torino,piemonte,"firmatario, proponente, attore"
45.073289,7.680696,Universita degli Studi di Torino,Torino,Torino,Piemonte,Università,"firmatario, proponente, attore",True,True,True,False,False,False,False,"['firmatario', 'proponente', 'attore']",,universita degli studi di torino,università,torino,torino,piemonte,"firmatario, proponente, attore"
44.393296,7.551228,Comune di Cuneo,Cuneo,Cuneo,Piemonte,Comuni,"firmatario, attore",True,False,True,False,False,False,False,"['firmatario', 'attore']",,comune di cuneo,comuni,cuneo,cuneo,piemonte,"firmatario, attore"
44.549372,7.72484,Comune di Fossano,Fossano,Cuneo,Piemonte,Comuni,"firmatario, attore",True,False,True,False,False,False,False,"['firmatario', 'attore']",,comune di fossano,comuni,fossano,cuneo,piemonte,"firmatario, attore"
44.387133,7.819753,Comune di Mondovi,Mondovi,Cuneo,Piemonte,Comuni,"firmatario, attore",True,False,True,False,False,False,False,"['firmatario', 'attore']",,comune di mondovi,comuni,mondovi,cuneo,piemonte,"firmatario, attore"
44.645508,7.487691,Comune di Saluzzo,Saluzzo,Cuneo,Piemonte,Comuni,"firmatario, attore",True,False,True,False,False,False,False,"['firmatario', 'attore']",,comune di saluzzo,comuni,saluzzo,cuneo,piemonte,"firmatario, attore"
44.647962,7.657452,Comune di Savigliano,Savigliano,Cuneo,Piemonte,Comuni,"firmatario, attore",True,False,True,False,False,False,False,"['firmatario', 'attore']",,comune di savigliano,comuni,savigliano,cuneo,piemonte,"firmatario, attore"
44.387133,7.819753,Croce Rossa Italiana - Comitato Locale di Mondovi O.N.L.U.S. - L'Orecchio di Venere,Mondovi,Cuneo,Piemonte,CAV/Centri Antiviolenza,"firmatario, attore",True,False,True,False,False,False,False,"['firmatario', 'attore']",,croce rossa italiana - comitato locale di mondovi o.n.l.u.s. - l'orecchio di venere,cav/centri antiviolenza,mondovi,cuneo,piemonte,"firmatario, attore"
44.393296,7.551228,Associazione Telefono Donna Cuneo ODV,Cuneo,Cuneo,Piemonte,ORGANIZZAZIONI DI VOLONTARIATO,"firmatario, attore",True,False,True,False,False,False,False,"['firmatario', 'attore']",,associazione telefono donna cuneo odv,organizzazioni di volontariato,cuneo,cuneo,piemonte,"firmatario, attore"
44.393296,7.551228,Coop. Fiordaliso Soc. Coop. Sociale Onlus,Cuneo,Cuneo,Piemonte,Ente terzo settore - ETS (iscritto al RUNTS),"firmatario, attore, gestione",True,False,True,True,False,False,True,"['firmatario', 'attore', 'gestione']",gestione,coop. fiordaliso soc. coop. sociale onlus,ente terzo settore - ets (iscritto al runts),cuneo,cuneo,piemonte,"firmatario, attore, gestione"
44.393296,7.551228,Consultorio Familiare ASL CN1 Sede di Cuneo,Cuneo,Cuneo,Piemonte,ASL (consultori familiari e altri servizi territoriali),"firmatario, attore",True,False,True,False,False,False,False,"['firmatario', 'attore']",,consultorio familiare asl cn1 sede di cuneo,asl (consultori familiari e altri servizi territoriali),cuneo,cuneo,piemonte,"firmatario, attore"
44.387133,7.819753,Consultorio Familiare ASL CN1 Sede di Mondovi,Mondovi,Cuneo,Piemonte,ASL (consultori familiari e altri servizi territoriali),"firmatario, attore",True,False,True,False,False,False,False,"['firmatario', 'attore']",,consultorio familiare asl cn1 sede di mondovi,asl (consultori familiari e altri servizi territoriali),mondovi,cuneo,piemonte,"firmatario, attore"
44.645508,7.487691,Consultorio Familiare ASL CN1 Sede di Saluzzo,Saluzzo,Cuneo,Piemonte,ASL (consultori familiari e altri servizi territoriali),"firmatario, attore",True,False,True,False,False,False,False,"['firmatario', 'attore']",,consultorio familiare asl cn1 sede di saluzzo,asl (consultori familiari e altri servizi territoriali),saluzzo,cuneo,piemonte,"firmatario, attore"
44.647962,7.657452,Consultorio Familiare ASL CN1 Sede di Savigliano,Savigliano,Cuneo,Piemonte,ASL (consultori familiari e altri servizi territoriali),"firmatario, attore",True,False,True,False,False,False,False,"['firmatario', 'attore']",,consultorio familiare asl cn1 sede di savigliano,asl (consultori familiari e altri servizi territoriali),savigliano,cuneo,piemonte,"firmatario, attore"
44.698185,7.854681,"Comune di Bra - gestione associata dei Servizi Socio Assistenziali, ambito di Bra",Bra,Cuneo,Piemonte,Comuni,,False,False,False,False,False,False,False,[],,"comune di bra - gestione associata dei servizi socio assistenziali, ambito di bra",comuni,bra,cuneo,piemonte,
44.393296,7.551228,Sportello Le Ali di Zena,Cuneo,Cuneo,Piemonte,Centri/Sportelli di ascolto,,False,False,False,False,False,False,False,[],,sportello le ali di zena,centri/sportelli di ascolto,cuneo,cuneo,piemonte,
44.467495,7.363029,Sportello Zena a Dronero,Dronero,Cuneo,Piemonte,Centri/Sportelli di ascolto,,False,False,False,False,False,False,False,[],,sportello zena a dronero,centri/sportelli di ascolto,dronero,cuneo,piemonte,
44.549372,7.72484,Sportello presso Cascina Sacerdote,Fossano,Cuneo,Piemonte,Centri/Sportelli di ascolto,,False,False,False,False,False,False,False,[],,sportello presso cascina sacerdote,centri/sportelli di ascolto,fossano,cuneo,piemonte,
44.387133,7.819753,Sportello presso C.so Statuto 13,Mondovi,Cuneo,Piemonte,Centri/Sportelli di ascolto,,False,False,False,False,False,False,False,[],,sportello presso c.so statuto 13,centri/sportelli di ascolto,mondovi,cuneo,piemonte,
44.549372,7.72484,Sportello legale Comune di Fossano,Fossano,Cuneo,Piemonte,Centri/Sportelli di ascolto,"firmatario, attore",True,False,True,False,False,False,False,"['firmatario', 'attore']",,sportello legale comune di fossano,centri/sportelli di ascolto,fossano,cuneo,piemonte,"firmatario, attore"
44.387133,7.819753,Sportello della C.R.I. Mondovi - L'Orecchio di Venere,Mondovi,Cuneo,Piemonte,Centri/Sportelli di ascolto,"firmatario, attore",True,False,True,False,False,False,False,"['firmatario', 'attore']",,sportello della c.r.i. mondovi - l'orecchio di venere,centri/sportelli di ascolto,mondovi,cuneo,piemonte,"firmatario, attore"
44.647962,7.657452,Sportello Associazione MAI+SOLE Savigliano,Savigliano,Cuneo,Piemonte,Centri/Sportelli di ascolto,"firmatario, attore",True,False,True,False,False,False,False,"['firmatario', 'attore']",,sportello associazione mai+sole savigliano,centri/sportelli di ascolto,savigliano,cuneo,piemonte,"firmatario, attore"
44.645508,7.487691,Sportello Associazione MAI+SOLE Saluzzo,Saluzzo,Cuneo,Piemonte,Centri/Sportelli di ascolto,"firmatario, attore",True,False,True,False,False,False,False,"['firmatario', 'attore']",,sportello associazione mai+sole saluzzo,centri/sportelli di ascolto,saluzzo,cuneo,piemonte,"firmatario, attore"
44.393296,7.551228,Sportello Associazione MAI+SOLE Cuneo,Cuneo,Cuneo,Piemonte,Centri/Sportelli di ascolto,"firmatario, attore",True,False,True,False,False,False,False,"['firmatario', 'attore']",,sportello associazione mai+sole cuneo,centri/sportelli di ascolto,cuneo,cuneo,piemonte,"firmatario, attore"
44.393296,7.551228,Sportello Associazione Telefono Donna Cuneo ODV,Cuneo,Cuneo,Piemonte,Centri/Sportelli di ascolto,"firmatario, attore",True,False,True,False,False,False,False,"['firmatario', 'attore']",,sportello associazione telefono donna cuneo odv,centri/sportelli di ascolto,cuneo,cuneo,piemonte,"firmatario, attore"
45.323984,8.423214,Comune di Vercelli,Vercelli,Vercelli,Piemonte,Comuni,"firmatario, proponente, attore",True,True,True,False,False,False,False,"['firmatario', 'proponente', 'attore']",,comune di vercelli,comuni,vercelli,vercelli,piemonte,"firmatario, proponente, attore"
45.366952,8.17434,C.I.S.A.S. (Consorzio Intercomunale per i Servizi di Assistenza Sociale di Santhia),Santhia,Vercelli,Piemonte,CAV/Centri Antiviolenza,"firmatario, proponente, attore, gestione",True,True,True,True,False,False,True,"['firmatario', 'proponente', 'attore', 'gestione']",gestione,c.i.s.a.s. (consorzio intercomunale per i servizi di assistenza sociale di santhia),cav/centri antiviolenza,santhia,vercelli,piemonte,"firmatario, proponente, attore, gestione"
45.617923,8.370763,C.A.S.A. (Consorzio per l’Attivita Socio Assistenziale di Gattinara),Gattinara,Vercelli,Piemonte,CAV/Centri Antiviolenza,"firmatario, proponente, attore, gestione",True,True,True,True,False,False,True,"['firmatario', 'proponente', 'attore', 'gestione']",gestione,c.a.s.a. (consorzio per l’attivita socio assistenziale di gattinara),cav/centri antiviolenza,gattinara,vercelli,piemonte,"firmatario, proponente, attore, gestione"
45.323984,8.423214,Prefettura di Vercelli,Vercelli,Vercelli,Piemonte,Prefettura,"firmatario, proponente, attore",True,True,True,False,False,False,False,"['firmatario', 'proponente', 'attore']",,prefettura di vercelli,prefettura,vercelli,vercelli,piemonte,"firmatario, proponente, attore"
45.323984,8.423214,Tribunale di Vercelli,Vercelli,Vercelli,Piemonte,Procura Ordinaria/Tribunale/Corte d'appello,"firmatario, proponente, attore",True,True,True,False,False,False,False,"['firmatario', 'proponente', 'attore']",,tribunale di vercelli,procura ordinaria/tribunale/corte d'appello,vercelli,vercelli,piemonte,"firmatario, proponente, attore"
45.323984,8.423214,Procura della Repubblica presso il Tribunale di Vercelli,Vercelli,Vercelli,Piemonte,Procura Ordinaria/Tribunale/Corte d'appello,"firmatario, proponente, attore",True,True,True,False,False,False,False,"['firmatario', 'proponente', 'attore']",,procura della repubblica presso il tribunale di vercelli,procura ordinaria/tribunale/corte d'appello,vercelli,vercelli,piemonte,"firmatario, proponente, attore"
45.323984,8.423214,Questura di Vercelli,Vercelli,Vercelli,Piemonte,Questura,"firmatario, proponente, attore",True,True,True,False,False,False,False,"['firmatario', 'proponente', 'attore']",,questura di vercelli,questura,vercelli,vercelli,piemonte,"firmatario, proponente, attore"
45.499121,8.251804,Comando Provinciale dei Carabinieri di Vercelli,Vercelli,Vercelli,Piemonte,Carabinieri/Polizia/altre forze dell'ordine,"firmatario, proponente, attore",True,True,True,False,False,False,False,"['firmatario', 'proponente', 'attore']",,comando provinciale dei carabinieri di vercelli,carabinieri/polizia/altre forze dell'ordine,vercelli,vercelli,piemonte,"firmatario, proponente, attore"
45.323984,8.423214,Guardia di Finanza di Vercelli,Vercelli,Vercelli,Piemonte,Carabinieri/Polizia/altre forze dell'ordine,"firmatario, proponente, attore",True,True,True,False,False,False,False,"['firmatario', 'proponente', 'attore']",,guardia di finanza di vercelli,carabinieri/polizia/altre forze dell'ordine,vercelli,vercelli,piemonte,"firmatario, proponente, attore"
45.323984,8.423214,Azienda Sanitaria Locale di Vercelli,Vercelli,Vercelli,Piemonte,ASL (consultori familiari e altri servizi territoriali),"firmatario, proponente, attore",True,True,True,False,False,False,False,"['firmatario', 'proponente', 'attore']",,azienda sanitaria locale di vercelli,asl (consultori familiari e altri servizi territoriali),vercelli,vercelli,piemonte,"firmatario, proponente, attore"
45.323984,8.423214,Ordine dei Medici di Vercelli,Vercelli,Vercelli,Piemonte,Ordine medici e odontoiatri e Ordine farmacisti,"firmatario, proponente, attore",True,True,True,False,False,False,False,"['firmatario', 'proponente', 'attore']",,ordine dei medici di vercelli,ordine medici e odontoiatri e ordine farmacisti,vercelli,vercelli,piemonte,"firmatario, proponente, attore"
45.323984,8.423214,Ordine degli Avvocati di Vercelli,Vercelli,Vercelli,Piemonte,Ordine avvocati,"firmatario, proponente, attore",True,True,True,False,False,False,False,"['firmatario', 'proponente', 'attore']",,ordine degli avvocati di vercelli,ordine avvocati,vercelli,vercelli,piemonte,"firmatario, proponente, attore"
45.499121,8.251804,Consigliera di Parita della Provincia di Vercelli,Vercelli,Vercelli,Piemonte,Organismi di parità,"firmatario, proponente, attore",True,True,True,False,False,False,False,"['firmatario', 'proponente', 'attore']",,consigliera di parita della provincia di vercelli,organismi di parità,vercelli,vercelli,piemonte,"firmatario, proponente, attore"
45.499121,8.251804,Referente del Nodo provinciale contro le discriminazioni della Provincia di Vercelli,Vercelli,Vercelli,Piemonte,Organismi di parità,"firmatario, proponente, attore",True,True,True,False,False,False,False,"['firmatario', 'proponente', 'attore']",,referente del nodo provinciale contro le discriminazioni della provincia di vercelli,organismi di parità,vercelli,vercelli,piemonte,"firmatario, proponente, attore"
45.499121,8.251804,Ufficio Scolastico Provinciale di Vercelli,Vercelli,Vercelli,Piemonte,Scuole/Ufficio scolastico provinciale e regionale,"firmatario, proponente, attore",True,True,True,False,False,False,False,"['firmatario', 'proponente', 'attore']",,ufficio scolastico provinciale di vercelli,scuole/ufficio scolastico provinciale e regionale,vercelli,vercelli,piemonte,"firmatario, proponente, attore"
45.323984,8.423214,Presidio Ospedaliero di Vercelli,Vercelli,Vercelli,Piemonte,"Ospedale (Pronto soccorso, ecc.)","firmatario, proponente, attore",True,True,True,False,False,False,False,"['firmatario', 'proponente', 'attore']",,presidio ospedaliero di vercelli,"ospedale (pronto soccorso, ecc.)",vercelli,vercelli,piemonte,"firmatario, proponente, attore"
45.716918,8.276356,Pronto Soccorso del Presidio Ospedaliero di Borgosesia,Borgosesia,Vercelli,Piemonte,"Ospedale (Pronto soccorso, ecc.)",attore,False,False,True,False,False,False,False,['attore'],,pronto soccorso del presidio ospedaliero di borgosesia,"ospedale (pronto soccorso, ecc.)",borgosesia,vercelli,piemonte,attore
45.44585,8.621948,Comune di Novara,Novara,Novara,Piemonte,Comuni,"firmatario, attore",True,False,True,False,False,False,False,"['firmatario', 'attore']",,comune di novara,comuni,novara,novara,piemonte,"firmatario, attore"
45.44585,8.621948,LIBERAZIONE E SPERANZA Societa Cooperativa Sociale,Novara,Novara,Piemonte,IMPRESE SOCIALI,"firmatario, attore",True,False,True,False,False,False,False,"['firmatario', 'attore']",,liberazione e speranza societa cooperativa sociale,imprese sociali,novara,novara,piemonte,"firmatario, attore"
45.44585,8.621948,ELIOS Societa Cooperativa Sociale,Novara,Novara,Piemonte,IMPRESE SOCIALI,"firmatario, attore",True,False,True,False,False,False,False,"['firmatario', 'attore']",,elios societa cooperativa sociale,imprese sociali,novara,novara,piemonte,"firmatario, attore"
45.44585,8.621948,UNIPOL SAI - Novara,Novara,Novara,Piemonte,Altro,"firmatario, attore",True,False,True,False,False,False,False,"['firmatario', 'attore']",,unipol sai - novara,altro,novara,novara,piemonte,"firmatario, attore"
45.44585,8.621948,Banco BPM - Banca Popolare di Novara,Novara,Novara,Piemonte,Altro,"firmatario, attore",True,False,True,False,False,False,False,"['firmatario', 'attore']",,banco bpm - banca popolare di novara,altro,novara,novara,piemonte,"firmatario, attore"
45.466647,9.190648,Intesa Sanpaolo,Milano,Milano,Lombardia,Altro,,False,False,False,False,False,False,False,[],,intesa sanpaolo,altro,milano,milano,lombardia,
45.073289,7.680696,Città di Torino,Torino,Torino,Piemonte,Comuni,"firmatario, proponente, attore",True,True,True,False,False,False,False,"['firmatario', 'proponente', 'attore']",,città di torino,comuni,torino,torino,piemonte,"firmatario, proponente, attore"
45.073289,7.680696,ASL Città di Torino,Torino,Torino,Piemonte,ASL (consultori familiari e altri servizi territoriali),"firmatario, proponente, attore",True,True,True,False,False,False,False,"['firmatario', 'proponente', 'attore']",,asl città di torino,asl (consultori familiari e altri servizi territoriali),torino,torino,piemonte,"firmatario, proponente, attore"
45.073289,7.680696,Università di Torino,Torino,Torino,Piemonte,Università,,False,False,False,False,False,False,False,[],,università di torino,università,torino,torino,piemonte,
45.181515,7.570764,Provincia di Torino,Torino,Torino,Piemonte,Province/Città metropolitane,firmatario,True,False,False,False,False,False,False,['firmatario'],,provincia di torino,province/città metropolitane,torino,torino,piemonte,firmatario
45.181515,7.570764,Città Metropolitana di Torino,Torino,Torino,Piemonte,Province/Città metropolitane,"firmatario, proponente, attore",True,True,True,False,False,False,False,"['firmatario', 'proponente', 'attore']",,città metropolitana di torino,province/città metropolitane,torino,torino,piemonte,"firmatario, proponente, attore"
45.073289,7.680696,Commissione Consiliare permanente Diritti e Pari Opportunità del Comune di Torino,Torino,Torino,Piemonte,Altro,,False,False,False,False,False,False,False,[],,commissione consiliare permanente diritti e pari opportunità del comune di torino,altro,torino,torino,piemonte,
45.073289,7.680696,Servizio competente in materia di Pari Opportunità della Città di Torino,Torino,Torino,Piemonte,Altro,"firmatario, proponente, attore, coordinamento",True,True,True,False,False,True,True,"['firmatario', 'proponente', 'attore', 'coordinamento']",coordinamento,servizio competente in materia di pari opportunità della città di torino,altro,torino,torino,piemonte,"firmatario, proponente, attore, coordinamento"
45.073289,7.680696,"Dipartimento Servizi Sociali, Socio Sanitari e Abitativi della Città di Torino",Torino,Torino,Piemonte,Altro,"firmatario, proponente, attore",True,True,True,False,False,False,False,"['firmatario', 'proponente', 'attore']",,"dipartimento servizi sociali, socio sanitari e abitativi della città di torino",altro,torino,torino,piemonte,"firmatario, proponente, attore"
44.387133,7.819753,Ospedali,Mondovì,Cuneo,Piemonte,"Ospedale (Pronto soccorso, ecc.)",,False,False,False,False,False,False,False,[],,ospedali,"ospedale (pronto soccorso, ecc.)",mondovì,cuneo,piemonte,
45.181515,7.570764,Ufficio competente in materia di Pari Opportunità della Città Metropolitana di Torino,Torino,Torino,Piemonte,Altro,"firmatario, proponente, attore",True,True,True,False,False,False,False,"['firmatario', 'proponente', 'attore']",,ufficio competente in materia di pari opportunità della città metropolitana di torino,altro,torino,torino,piemonte,"firmatario, proponente, attore"
45.181515,7.570764,Consigliera di Parità della Città Metropolitana di Torino,Torino,Torino,Piemonte,Organismi di parità,"firmatario, proponente, attore",True,True,True,False,False,False,False,"['firmatario', 'proponente', 'attore']",,consigliera di parità della città metropolitana di torino,organismi di parità,torino,torino,piemonte,"firmatario, proponente, attore"
45.073289,7.680696,Centro Sanitario Esperto contro la violenza dell’A.O.U. Città della Salute e della Scienza di Torino,Torino,Torino,Piemonte,ASL (consultori familiari e altri servizi territoriali),"attore, monitoraggio",False,False,True,False,True,False,True,"['attore', 'monitoraggio']",monitoraggio,centro sanitario esperto contro la violenza dell’a.o.u. città della salute e della scienza di torino,asl (consultori familiari e altri servizi territoriali),torino,torino,piemonte,"attore, monitoraggio"
45.073289,7.680696,Polizia Municipale di Torino,Torino,Torino,Piemonte,Polizia Municipale,attore,False,False,True,False,False,False,False,['attore'],,polizia municipale di torino,polizia municipale,torino,torino,piemonte,attore
45.073289,7.680696,Centro Sanitario Esperto contro la violenza dell’AOU Città della Salute e della Scienza di Torino,Torino,Torino,Piemonte,ASL (consultori familiari e altri servizi territoriali),attore,False,False,True,False,False,False,False,['attore'],,centro sanitario esperto contro la violenza dell’aou città della salute e della scienza di torino,asl (consultori familiari e altri servizi territoriali),torino,torino,piemonte,attore
45.073289,7.680696,Direzione Politiche Sociali e Rapporti con le Aziende Sanitarie del Comune di Torino,Torino,Torino,Piemonte,Altro,attore,False,False,True,False,False,False,False,['attore'],,direzione politiche sociali e rapporti con le aziende sanitarie del comune di torino,altro,torino,torino,piemonte,attore
45.190849,7.887123,Associazione Punto a Capo di Chivasso,Chivasso,Torino,Piemonte,CAV/Centri Antiviolenza,"firmatario, attore",True,False,True,False,False,False,False,"['firmatario', 'attore']",,associazione punto a capo di chivasso,cav/centri antiviolenza,chivasso,torino,piemonte,"firmatario, attore"
45.231728,7.604588,Consorzio Intercomunale dei Servizi Socio Assistenziali C.I.S. di Cirié,Cirié,Torino,Piemonte,CAV/Centri Antiviolenza,"firmatario, attore",True,False,True,False,False,False,False,"['firmatario', 'attore']",,consorzio intercomunale dei servizi socio assistenziali c.i.s. di cirié,cav/centri antiviolenza,cirié,torino,piemonte,"firmatario, attore"
45.475777,7.814044,servizio sociale,Lessolo,Torino,Piemonte,Servizi sociali comunali,,False,False,False,False,False,False,False,[],,servizio sociale,servizi sociali comunali,lessolo,torino,piemonte,
45.307818,7.89149,CONSORZIO INTERCOMUNALE SERVIZI SOCIO ASSISTENZIALI DI CALUSO - C.1.S.S - AC,Caluso,Torino,Piemonte,"Ambiti della programmazione sociale e socio-sanitaria (Ambiti Sociali, Piani di Zona, Distretti socio-sanitari, Società della Salute)","firmatario, attore, gestione",True,False,True,True,False,False,True,"['firmatario', 'attore', 'gestione']",gestione,consorzio intercomunale servizi socio assistenziali di caluso - c.1.s.s - ac,"ambiti della programmazione sociale e socio-sanitaria (ambiti sociali, piani di zona, distretti socio-sanitari, società della salute)",caluso,torino,piemonte,"firmatario, attore, gestione"
44.386173,8.035195,ASSOCIAZIONE Futuro Donna OdV - CENTRO ANTIVIOLENZA Servizio Rosa,Ceva,Cuneo,Piemonte,CAV/Centri Antiviolenza,"firmatario, attore",True,False,True,False,False,False,False,"['firmatario', 'attore']",,associazione futuro donna odv - centro antiviolenza servizio rosa,cav/centri antiviolenza,ceva,cuneo,piemonte,"firmatario, attore"
44.363356,7.969796,Comune di Mombasiglio,Mombasiglio,Cuneo,Piemonte,Comuni,,False,False,False,False,False,False,False,[],,comune di mombasiglio,comuni,mombasiglio,cuneo,piemonte,
44.246019,8.022357,Comune di Priola,Priola,Cuneo,Piemonte,Comuni,,False,False,False,False,False,False,False,[],,comune di priola,comuni,priola,cuneo,piemonte,
44.414851,7.921376,Comune di Niella Tanaro,Niella Tanaro,Cuneo,Piemonte,Comuni,,False,False,False,False,False,False,False,[],,comune di niella tanaro,comuni,niella tanaro,cuneo,piemonte,
44.386173,8.035195,Pronto Soccorso del Presidio Ospedaliero di Ceva,Ceva,Cuneo,Piemonte,"Ospedale (Pronto soccorso, ecc.)",,False,False,False,False,False,False,False,[],,pronto soccorso del presidio ospedaliero di ceva,"ospedale (pronto soccorso, ecc.)",ceva,cuneo,piemonte,
45.475777,7.814044,Servizio Sociale,Lessolo,Torino,Piemonte,Servizi sociali comunali,"firmatario, attore",True,False,True,False,False,False,False,"['firmatario', 'attore']",,servizio sociale,servizi sociali comunali,lessolo,torino,piemonte,"firmatario, attore"
45.366952,8.17434,C.I.S.A.S. - Consorzio Intercomunale per i Servizi di Assistenza Sociale di Santhia,Santhià,Vercelli,Piemonte,CAV/Centri Antiviolenza,"proponente, attore",False,True,True,False,False,False,False,"['proponente', 'attore']",,c.i.s.a.s. - consorzio intercomunale per i servizi di assistenza sociale di santhia,cav/centri antiviolenza,santhià,vercelli,piemonte,"proponente, attore"
44.329758,7.551684,C.A.S.A. - Consorzio per l’Attivita Socio Assistenziale di Gattinara,Boves,Cuneo,Piemonte,CAV/Centri Antiviolenza,"firmatario, proponente, attore",True,True,True,False,False,False,False,"['firmatario', 'proponente', 'attore']",,c.a.s.a. - consorzio per l’attivita socio assistenziale di gattinara,cav/centri antiviolenza,boves,cuneo,piemonte,"firmatario, proponente, attore"
45.499121,8.251804,Referente Nodo Territoriale contro le discriminazioni della Provincia di Vercelli,Vercelli,Vercelli,Piemonte,Altro,"firmatario, proponente, attore",True,True,True,False,False,False,False,"['firmatario', 'proponente', 'attore']",,referente nodo territoriale contro le discriminazioni della provincia di vercelli,altro,vercelli,vercelli,piemonte,"firmatario, proponente, attore"
45.323984,8.423214,Rete Vercellese Antiviolenza,Vercelli,Vercelli,Piemonte,Altro,coordinamento,False,False,False,False,False,True,True,['coordinamento'],coordinamento,rete vercellese antiviolenza,altro,vercelli,vercelli,piemonte,coordinamento
45.323984,8.423214,Settore Politiche Sociali del Comune di Vercelli,Vercelli,Vercelli,Piemonte,Servizi sociali comunali,"firmatario, proponente, attore, coordinamento",True,True,True,False,False,True,True,"['firmatario', 'proponente', 'attore', 'coordinamento']",coordinamento,settore politiche sociali del comune di vercelli,servizi sociali comunali,vercelli,vercelli,piemonte,"firmatario, proponente, attore, coordinamento"
45.323984,8.423214,DEA del Presidio Ospedaliero di Vercelli,Vercelli,Vercelli,Piemonte,"Ospedale (Pronto soccorso, ecc.)","firmatario, proponente, attore",True,True,True,False,False,False,False,"['firmatario', 'proponente', 'attore']",,dea del presidio ospedaliero di vercelli,"ospedale (pronto soccorso, ecc.)",vercelli,vercelli,piemonte,"firmatario, proponente, attore"
44.393296,7.551228,Azienda Sanitaria Locale CN1,Cuneo,Cuneo,Piemonte,ASL (consultori familiari e altri servizi territoriali),"firmatario, attore",True,False,True,False,False,False,False,"['firmatario', 'attore']",,azienda sanitaria locale cn1,asl (consultori familiari e altri servizi territoriali),cuneo,cuneo,piemonte,"firmatario, attore"
44.386173,8.035195,Organizzazione di Volontariato FUTURO DONNA OdV,Ceva,Cuneo,Piemonte,ORGANIZZAZIONI DI VOLONTARIATO,"firmatario, attore",True,False,True,False,False,False,False,"['firmatario', 'attore']",,organizzazione di volontariato futuro donna odv,organizzazioni di volontariato,ceva,cuneo,piemonte,"firmatario, attore"
44.386173,8.035195,Pronto Soccorso Presidio Ospedaliero di Ceva,Ceva,Cuneo,Piemonte,"Ospedale (Pronto soccorso, ecc.)",,False,False,False,False,False,False,False,[],,pronto soccorso presidio ospedaliero di ceva,"ospedale (pronto soccorso, ecc.)",ceva,cuneo,piemonte,
44.386173,8.035195,Presidio Ospedaliero di Ceva,Ceva,Cuneo,Piemonte,"Ospedale (Pronto soccorso, ecc.)",,False,False,False,False,False,False,False,[],,presidio ospedaliero di ceva,"ospedale (pronto soccorso, ecc.)",ceva,cuneo,piemonte,
45.737576,7.320126,Centro donne contro la violenza,Aosta,Valle D'Aosta/Vallée D'Aoste,Valle D'Aosta/Vallée D'Aoste,CAV/Centri Antiviolenza,,False,False,False,False,False,False,False,[],,centro donne contro la violenza,cav/centri antiviolenza,aosta,valle d'aosta/vallée d'aoste,valle d'aosta/vallée d'aoste,
45.668732,7.689924,Pronto Soccorso,Verrès,Valle D'Aosta/Vallée D'Aoste,Valle D'Aosta/Vallée D'Aoste,"Ospedale (Pronto soccorso, ecc.)",attore,False,False,True,False,False,False,False,['attore'],,pronto soccorso,"ospedale (pronto soccorso, ecc.)",verrès,valle d'aosta/vallée d'aoste,valle d'aosta/vallée d'aoste,attore
45.185033,9.159774,Comune di Pavia,Pavia,Pavia,Lombardia,Comuni,"firmatario, proponente, attore, coordinamento",True,True,True,False,False,True,True,"['firmatario', 'proponente', 'attore', 'coordinamento']",coordinamento,comune di pavia,comuni,pavia,pavia,lombardia,"firmatario, proponente, attore, coordinamento"
45.185033,9.159774,Prefettura - Ufficio Territoriale del Governo di Pavia,Pavia,Pavia,Lombardia,Prefettura,"firmatario, proponente, attore, coordinamento",True,True,True,False,False,True,True,"['firmatario', 'proponente', 'attore', 'coordinamento']",coordinamento,prefettura - ufficio territoriale del governo di pavia,prefettura,pavia,pavia,lombardia,"firmatario, proponente, attore, coordinamento"
45.061965,9.261446,Comune di Broni,Broni,Pavia,Lombardia,Comuni,"firmatario, attore",True,False,True,False,False,False,False,"['firmatario', 'attore']",,comune di broni,comuni,broni,pavia,lombardia,"firmatario, attore"
45.076018,9.296019,Comune di Stradella,Stradella,Pavia,Lombardia,Comuni,"firmatario, attore",True,False,True,False,False,False,False,"['firmatario', 'attore']",,comune di stradella,comuni,stradella,pavia,lombardia,"firmatario, attore"
45.317806,8.859904,Comune di Vigevano,Vigevano,Pavia,Lombardia,Comuni,"firmatario, attore",True,False,True,False,False,False,False,"['firmatario', 'attore']",,comune di vigevano,comuni,vigevano,pavia,lombardia,"firmatario, attore"
44.993109,9.008565,Comune di Voghera,Voghera,Pavia,Lombardia,Comuni,"firmatario, attore",True,False,True,False,False,False,False,"['firmatario', 'attore']",,comune di voghera,comuni,voghera,pavia,lombardia,"firmatario, attore"
45.185033,9.159774,Consorzio Sociale Pavese - Piano di Zona di Pavia,Pavia,Pavia,Lombardia,"Ambiti della programmazione sociale e socio-sanitaria (Ambiti Sociali, Piani di Zona, Distretti socio-sanitari, Società della Salute)","firmatario, proponente, attore",True,True,True,False,False,False,False,"['firmatario', 'proponente', 'attore']",,consorzio sociale pavese - piano di zona di pavia,"ambiti della programmazione sociale e socio-sanitaria (ambiti sociali, piani di zona, distretti socio-sanitari, società della salute)",pavia,pavia,lombardia,"firmatario, proponente, attore"
45.116951,9.0786,Provincia di Pavia,Pavia,Pavia,Lombardia,Province/Città metropolitane,"firmatario, proponente, attore",True,True,True,False,False,False,False,"['firmatario', 'proponente', 'attore']",,provincia di pavia,province/città metropolitane,pavia,pavia,lombardia,"firmatario, proponente, attore"
45.185033,9.159774,Questura di Pavia,Pavia,Pavia,Lombardia,Questura,"firmatario, proponente, attore",True,True,True,False,False,False,False,"['firmatario', 'proponente', 'attore']",,questura di pavia,questura,pavia,pavia,lombardia,"firmatario, proponente, attore"
45.185033,9.159774,Tribunale di Pavia,Pavia,Pavia,Lombardia,Procura Ordinaria/Tribunale/Corte d'appello,"firmatario, proponente, attore",True,True,True,False,False,False,False,"['firmatario', 'proponente', 'attore']",,tribunale di pavia,procura ordinaria/tribunale/corte d'appello,pavia,pavia,lombardia,"firmatario, proponente, attore"
45.185033,9.159774,Procura della Repubblica di Pavia,Pavia,Pavia,Lombardia,Procura Ordinaria/Tribunale/Corte d'appello,"firmatario, proponente, attore",True,True,True,False,False,False,False,"['firmatario', 'proponente', 'attore']",,procura della repubblica di pavia,procura ordinaria/tribunale/corte d'appello,pavia,pavia,lombardia,"firmatario, proponente, attore"
45.185033,9.159774,Agenzia di Tutela della Salute (ATS) di Pavia,Pavia,Pavia,Lombardia,ASL (consultori familiari e altri servizi territoriali),"firmatario, proponente, attore",True,True,True,False,False,False,False,"['firmatario', 'proponente', 'attore']",,agenzia di tutela della salute (ats) di pavia,asl (consultori familiari e altri servizi territoriali),pavia,pavia,lombardia,"firmatario, proponente, attore"
45.185033,9.159774,Azienda Socio - Sanitaria Territoriale (ASST) Pavia,Pavia,Pavia,Lombardia,ASL (consultori familiari e altri servizi territoriali),"firmatario, proponente, attore",True,True,True,False,False,False,False,"['firmatario', 'proponente', 'attore']",,azienda socio - sanitaria territoriale (asst) pavia,asl (consultori familiari e altri servizi territoriali),pavia,pavia,lombardia,"firmatario, proponente, attore"
45.185033,9.159774,Fondazione IRCCS Policlinico San Matteo di Pavia,Pavia,Pavia,Lombardia,"Ospedale (Pronto soccorso, ecc.)","firmatario, proponente, attore",True,True,True,False,False,False,False,"['firmatario', 'proponente', 'attore']",,fondazione irccs policlinico san matteo di pavia,"ospedale (pronto soccorso, ecc.)",pavia,pavia,lombardia,"firmatario, proponente, attore"
45.185033,9.159774,Istituti Clinici Scientifici Maugeri Spa - Societa Benefit - IRCCS,Pavia,Pavia,Lombardia,"Ospedale (Pronto soccorso, ecc.)","firmatario, attore",True,False,True,False,False,False,False,"['firmatario', 'attore']",,istituti clinici scientifici maugeri spa - societa benefit - irccs,"ospedale (pronto soccorso, ecc.)",pavia,pavia,lombardia,"firmatario, attore"
45.185033,9.159774,Universita degli Studi di Pavia - CUG,Pavia,Pavia,Lombardia,Università,"firmatario, proponente, attore",True,True,True,False,False,False,False,"['firmatario', 'proponente', 'attore']",,universita degli studi di pavia - cug,università,pavia,pavia,lombardia,"firmatario, proponente, attore"
45.116951,9.0786,Ufficio Scolastico di Pavia - XII Ambito Territoriale dell’USR per la Lombardia,Pavia,Pavia,Lombardia,Scuole/Ufficio scolastico provinciale e regionale,"firmatario, proponente, attore",True,True,True,False,False,False,False,"['firmatario', 'proponente', 'attore']",,ufficio scolastico di pavia - xii ambito territoriale dell’usr per la lombardia,scuole/ufficio scolastico provinciale e regionale,pavia,pavia,lombardia,"firmatario, proponente, attore"
45.185033,9.159774,Cooperativa sociale LiberaMente - Percorsi di donne contro la violenza Onlus,Pavia,Pavia,Lombardia,CAV/Centri Antiviolenza,"firmatario, attore, gestione",True,False,True,True,False,False,True,"['firmatario', 'attore', 'gestione']",gestione,cooperativa sociale liberamente - percorsi di donne contro la violenza onlus,cav/centri antiviolenza,pavia,pavia,lombardia,"firmatario, attore, gestione"
44.993109,9.008565,Associazione C.H.I.A.R.A. Onlus,Voghera,Pavia,Lombardia,CAV/Centri Antiviolenza,"firmatario, attore, gestione",True,False,True,True,False,False,True,"['firmatario', 'attore', 'gestione']",gestione,associazione c.h.i.a.r.a. onlus,cav/centri antiviolenza,voghera,pavia,lombardia,"firmatario, attore, gestione"
45.317806,8.859904,Cooperativa sociale KORE Onlus,Vigevano,Pavia,Lombardia,CAV/Centri Antiviolenza,"firmatario, attore, gestione",True,False,True,True,False,False,True,"['firmatario', 'attore', 'gestione']",gestione,cooperativa sociale kore onlus,cav/centri antiviolenza,vigevano,pavia,lombardia,"firmatario, attore, gestione"
45.116951,9.0786,Ordine dei Medici Chirurghi e degli Odontoiatri della Provincia di Pavia,Pavia,Pavia,Lombardia,Ordine medici e odontoiatri e Ordine farmacisti,"firmatario, proponente, attore",True,True,True,False,False,False,False,"['firmatario', 'proponente', 'attore']",,ordine dei medici chirurghi e degli odontoiatri della provincia di pavia,ordine medici e odontoiatri e ordine farmacisti,pavia,pavia,lombardia,"firmatario, proponente, attore"
45.185033,9.159774,OPI Pavia - Ordine delle Professioni Infermieristiche,Pavia,Pavia,Lombardia,Altri ordini professionali,"firmatario, proponente, attore",True,True,True,False,False,False,False,"['firmatario', 'proponente', 'attore']",,opi pavia - ordine delle professioni infermieristiche,altri ordini professionali,pavia,pavia,lombardia,"firmatario, proponente, attore"
45.185033,9.159774,Ordine degli Avvocati di Pavia,Pavia,Pavia,Lombardia,Ordine avvocati,"firmatario, proponente, attore",True,True,True,False,False,False,False,"['firmatario', 'proponente', 'attore']",,ordine degli avvocati di pavia,ordine avvocati,pavia,pavia,lombardia,"firmatario, proponente, attore"
45.185033,9.159774,CGIL Pavia,Pavia,Pavia,Lombardia,Sindacati/Associazioni di categoria,"firmatario, proponente, attore",True,True,True,False,False,False,False,"['firmatario', 'proponente', 'attore']",,cgil pavia,sindacati/associazioni di categoria,pavia,pavia,lombardia,"firmatario, proponente, attore"
45.185033,9.159774,U.S.T. CISL Pavia - Lodi,Pavia,Pavia,Lombardia,Sindacati/Associazioni di categoria,"firmatario, proponente, attore",True,True,True,False,False,False,False,"['firmatario', 'proponente', 'attore']",,u.s.t. cisl pavia - lodi,sindacati/associazioni di categoria,pavia,pavia,lombardia,"firmatario, proponente, attore"
45.185033,9.159774,UIL Pavia,Pavia,Pavia,Lombardia,Sindacati/Associazioni di categoria,"firmatario, proponente, attore",True,True,True,False,False,False,False,"['firmatario', 'proponente', 'attore']",,uil pavia,sindacati/associazioni di categoria,pavia,pavia,lombardia,"firmatario, proponente, attore"
45.185033,9.159774,IRCCS Fondazione Istituto Neurologico Nazionale C. Mondino,Pavia,Pavia,Lombardia,"Ospedale (Pronto soccorso, ecc.)","firmatario, attore",True,False,True,False,False,False,False,"['firmatario', 'attore']",,irccs fondazione istituto neurologico nazionale c. mondino,"ospedale (pronto soccorso, ecc.)",pavia,pavia,lombardia,"firmatario, attore"
45.466647,9.190648,Ordine degli Psicologi della Lombardia,Milano,Milano,Lombardia,Ordine psicologi e Ordine assistenti sociali,"firmatario, attore",True,False,True,False,False,False,False,"['firmatario', 'attore']",,ordine degli psicologi della lombardia,ordine psicologi e ordine assistenti sociali,milano,milano,lombardia,"firmatario, attore"
45.185033,9.159774,Centro per l'Impiego Pavia,Pavia,Pavia,Lombardia,Servizi per l'impiego,"firmatario, proponente, attore",True,True,True,False,False,False,False,"['firmatario', 'proponente', 'attore']",,centro per l'impiego pavia,servizi per l'impiego,pavia,pavia,lombardia,"firmatario, proponente, attore"
45.116951,9.0786,Centri per l’Impiego della Provincia di Pavia,Pavia,Pavia,Lombardia,Servizi per l'impiego,"firmatario, proponente, attore",True,True,True,False,False,False,False,"['firmatario', 'proponente', 'attore']",,centri per l’impiego della provincia di pavia,servizi per l'impiego,pavia,pavia,lombardia,"firmatario, proponente, attore"
45.157434,10.792801,Comune di Mantova,Mantova,Mantova,Lombardia,Comuni,"firmatario, proponente, attore",True,True,True,False,False,False,False,"['firmatario', 'proponente', 'attore']",,comune di mantova,comuni,mantova,mantova,lombardia,"firmatario, proponente, attore"
45.157434,10.792801,Piano di Zona di Mantova,Mantova,Mantova,Lombardia,"Ambiti della programmazione sociale e socio-sanitaria (Ambiti Sociali, Piani di Zona, Distretti socio-sanitari, Società della Salute)","firmatario, proponente, attore",True,True,True,False,False,False,False,"['firmatario', 'proponente', 'attore']",,piano di zona di mantova,"ambiti della programmazione sociale e socio-sanitaria (ambiti sociali, piani di zona, distretti socio-sanitari, società della salute)",mantova,mantova,lombardia,"firmatario, proponente, attore"
45.318734,10.582264,Piano di Zona di Guidizzolo,Guidizzolo,Mantova,Lombardia,"Ambiti della programmazione sociale e socio-sanitaria (Ambiti Sociali, Piani di Zona, Distretti socio-sanitari, Società della Salute)","firmatario, proponente, attore",True,True,True,False,False,False,False,"['firmatario', 'proponente', 'attore']",,piano di zona di guidizzolo,"ambiti della programmazione sociale e socio-sanitaria (ambiti sociali, piani di zona, distretti socio-sanitari, società della salute)",guidizzolo,mantova,lombardia,"firmatario, proponente, attore"
44.989991,10.744998,Piano di Zona di Suzzara,Suzzara,Mantova,Lombardia,"Ambiti della programmazione sociale e socio-sanitaria (Ambiti Sociali, Piani di Zona, Distretti socio-sanitari, Società della Salute)","firmatario, proponente, attore",True,True,True,False,False,False,False,"['firmatario', 'proponente', 'attore']",,piano di zona di suzzara,"ambiti della programmazione sociale e socio-sanitaria (ambiti sociali, piani di zona, distretti socio-sanitari, società della salute)",suzzara,mantova,lombardia,"firmatario, proponente, attore"
44.926244,10.520729,Piano di Zona di Viadana,Viadana,Mantova,Lombardia,"Ambiti della programmazione sociale e socio-sanitaria (Ambiti Sociali, Piani di Zona, Distretti socio-sanitari, Società della Salute)","firmatario, proponente, attore",True,True,True,False,False,False,False,"['firmatario', 'proponente', 'attore']",,piano di zona di viadana,"ambiti della programmazione sociale e socio-sanitaria (ambiti sociali, piani di zona, distretti socio-sanitari, società della salute)",viadana,mantova,lombardia,"firmatario, proponente, attore"
45.064617,11.133496,Piano di Zona di Ostiglia,Ostiglia,Mantova,Lombardia,"Ambiti della programmazione sociale e socio-sanitaria (Ambiti Sociali, Piani di Zona, Distretti socio-sanitari, Società della Salute)","firmatario, proponente, attore",True,True,True,False,False,False,False,"['firmatario', 'proponente', 'attore']",,piano di zona di ostiglia,"ambiti della programmazione sociale e socio-sanitaria (ambiti sociali, piani di zona, distretti socio-sanitari, società della salute)",ostiglia,mantova,lombardia,"firmatario, proponente, attore"
45.220928,10.413295,Piano di Zona di Asola,Asola,Mantova,Lombardia,"Ambiti della programmazione sociale e socio-sanitaria (Ambiti Sociali, Piani di Zona, Distretti socio-sanitari, Società della Salute)","firmatario, proponente, attore",True,True,True,False,False,False,False,"['firmatario', 'proponente', 'attore']",,piano di zona di asola,"ambiti della programmazione sociale e socio-sanitaria (ambiti sociali, piani di zona, distretti socio-sanitari, società della salute)",asola,mantova,lombardia,"firmatario, proponente, attore"
45.134682,10.739283,Provincia di Mantova,Mantova,Mantova,Lombardia,Province/Città metropolitane,"firmatario, proponente, attore",True,True,True,False,False,False,False,"['firmatario', 'proponente', 'attore']",,provincia di mantova,province/città metropolitane,mantova,mantova,lombardia,"firmatario, proponente, attore"
45.157434,10.792801,Prefettura di Mantova,Mantova,Mantova,Lombardia,Prefettura,"firmatario, proponente, attore",True,True,True,False,False,False,False,"['firmatario', 'proponente', 'attore']",,prefettura di mantova,prefettura,mantova,mantova,lombardia,"firmatario, proponente, attore"
45.157434,10.792801,Questura di Mantova,Mantova,Mantova,Lombardia,Questura,"firmatario, proponente, attore",True,True,True,False,False,False,False,"['firmatario', 'proponente', 'attore']",,questura di mantova,questura,mantova,mantova,lombardia,"firmatario, proponente, attore"
45.157434,10.792801,Tribunale di Mantova,Mantova,Mantova,Lombardia,Procura Ordinaria/Tribunale/Corte d'appello,"firmatario, proponente, attore",True,True,True,False,False,False,False,"['firmatario', 'proponente', 'attore']",,tribunale di mantova,procura ordinaria/tribunale/corte d'appello,mantova,mantova,lombardia,"firmatario, proponente, attore"
45.157434,10.792801,Procura della Repubblica di Mantova,Mantova,Mantova,Lombardia,Procura Ordinaria/Tribunale/Corte d'appello,"firmatario, proponente, attore",True,True,True,False,False,False,False,"['firmatario', 'proponente', 'attore']",,procura della repubblica di mantova,procura ordinaria/tribunale/corte d'appello,mantova,mantova,lombardia,"firmatario, proponente, attore"
45.157434,10.792801,A.S.S.T. - Azienda Socio Sanitaria Territoriale di Mantova,Mantova,Mantova,Lombardia,ASL (consultori familiari e altri servizi territoriali),"firmatario, proponente, attore",True,True,True,False,False,False,False,"['firmatario', 'proponente', 'attore']",,a.s.s.t. - azienda socio sanitaria territoriale di mantova,asl (consultori familiari e altri servizi territoriali),mantova,mantova,lombardia,"firmatario, proponente, attore"
45.134682,10.739283,Consigliera di Parità della Provincia di Mantova,Mantova,Mantova,Lombardia,Organismi di parità,"firmatario, proponente, attore",True,True,True,False,False,False,False,"['firmatario', 'proponente', 'attore']",,consigliera di parità della provincia di mantova,organismi di parità,mantova,mantova,lombardia,"firmatario, proponente, attore"
45.401563,10.277085,Associazione Volontarie del Telefono Rosa di Mantova,Ghedi,Brescia,Lombardia,CAV/Centri Antiviolenza,"firmatario, proponente, attore",True,True,True,False,False,False,False,"['firmatario', 'proponente', 'attore']",,associazione volontarie del telefono rosa di mantova,cav/centri antiviolenza,ghedi,brescia,lombardia,"firmatario, proponente, attore"
45.401563,10.277085,Associazione Centro di Aiuto alla Vita (C.A.V.),Ghedi,Brescia,Lombardia,CAV/Centri Antiviolenza,"firmatario, proponente, attore",True,True,True,False,False,False,False,"['firmatario', 'proponente', 'attore']",,associazione centro di aiuto alla vita (c.a.v.),cav/centri antiviolenza,ghedi,brescia,lombardia,"firmatario, proponente, attore"
45.165196,10.845708,Associazione Abramo ETS - Ente della Diocesi di Mantova,San Giorgio Bigarello,Mantova,Lombardia,CAV/Centri Antiviolenza,"firmatario, proponente, attore, gestione",True,True,True,True,False,False,True,"['firmatario', 'proponente', 'attore', 'gestione']",gestione,associazione abramo ets - ente della diocesi di mantova,cav/centri antiviolenza,san giorgio bigarello,mantova,lombardia,"firmatario, proponente, attore, gestione"
45.157434,10.792801,Comitato Pari Opportunità Ordine degli Avvocati di Mantova,Mantova,Mantova,Lombardia,Organismi di parità,"firmatario, proponente, attore",True,True,True,False,False,False,False,"['firmatario', 'proponente', 'attore']",,comitato pari opportunità ordine degli avvocati di mantova,organismi di parità,mantova,mantova,lombardia,"firmatario, proponente, attore"
45.401563,10.277085,Associazione Italiana degli Avvocati per la Famiglia e per i Minori (A.I.A.F.) - Sezione di Mantova,Ghedi,Brescia,Lombardia,CAV/Centri Antiviolenza,"firmatario, proponente, attore",True,True,True,False,False,False,False,"['firmatario', 'proponente', 'attore']",,associazione italiana degli avvocati per la famiglia e per i minori (a.i.a.f.) - sezione di mantova,cav/centri antiviolenza,ghedi,brescia,lombardia,"firmatario, proponente, attore"
45.157434,10.792801,Distretto Sociale di Mantova,Mantova,Mantova,Lombardia,"Ambiti della programmazione sociale e socio-sanitaria (Ambiti Sociali, Piani di Zona, Distretti socio-sanitari, Società della Salute)","firmatario, proponente, attore",True,True,True,False,False,False,False,"['firmatario', 'proponente', 'attore']",,distretto sociale di mantova,"ambiti della programmazione sociale e socio-sanitaria (ambiti sociali, piani di zona, distretti socio-sanitari, società della salute)",mantova,mantova,lombardia,"firmatario, proponente, attore"
45.855317,9.393736,Comune di Lecco,Lecco,Lecco,Lombardia,Comuni,"firmatario, proponente, attore, coordinamento",True,True,True,False,False,True,True,"['firmatario', 'proponente', 'attore', 'coordinamento']",coordinamento,comune di lecco,comuni,lecco,lecco,lombardia,"firmatario, proponente, attore, coordinamento"
45.855317,9.393736,Prefettura di Lecco,Lecco,Lecco,Lombardia,Prefettura,"firmatario, proponente, attore, coordinamento",True,True,True,False,False,True,True,"['firmatario', 'proponente', 'attore', 'coordinamento']",coordinamento,prefettura di lecco,prefettura,lecco,lecco,lombardia,"firmatario, proponente, attore, coordinamento"
45.845166,9.369822,Provincia di Lecco,Lecco,Lecco,Lombardia,Province/Città metropolitane,"firmatario, proponente, attore",True,True,True,False,False,False,False,"['firmatario', 'proponente', 'attore']",,provincia di lecco,province/città metropolitane,lecco,lecco,lombardia,"firmatario, proponente, attore"
45.855317,9.393736,Distretto di Lecco,Lecco,Lecco,Lombardia,"Ambiti della programmazione sociale e socio-sanitaria (Ambiti Sociali, Piani di Zona, Distretti socio-sanitari, Società della Salute)","firmatario, proponente, attore",True,True,True,False,False,False,False,"['firmatario', 'proponente', 'attore']",,distretto di lecco,"ambiti della programmazione sociale e socio-sanitaria (ambiti sociali, piani di zona, distretti socio-sanitari, società della salute)",lecco,lecco,lombardia,"firmatario, proponente, attore"
46.044164,9.303559,Ambito Distrettuale di Bellano,Bellano,Lecco,Lombardia,"Ambiti della programmazione sociale e socio-sanitaria (Ambiti Sociali, Piani di Zona, Distretti socio-sanitari, Società della Salute)","firmatario, attore",True,False,True,False,False,False,False,"['firmatario', 'attore']",,ambito distrettuale di bellano,"ambiti della programmazione sociale e socio-sanitaria (ambiti sociali, piani di zona, distretti socio-sanitari, società della salute)",bellano,lecco,lombardia,"firmatario, attore"
45.855317,9.393736,Ambito Distrettuale di Lecco,Lecco,Lecco,Lombardia,"Ambiti della programmazione sociale e socio-sanitaria (Ambiti Sociali, Piani di Zona, Distretti socio-sanitari, Società della Salute)","firmatario, proponente, attore",True,True,True,False,False,False,False,"['firmatario', 'proponente', 'attore']",,ambito distrettuale di lecco,"ambiti della programmazione sociale e socio-sanitaria (ambiti sociali, piani di zona, distretti socio-sanitari, società della salute)",lecco,lecco,lombardia,"firmatario, proponente, attore"
45.69989,9.416989,Ambito Distrettuale di Merate,Merate,Lecco,Lombardia,"Ambiti della programmazione sociale e socio-sanitaria (Ambiti Sociali, Piani di Zona, Distretti socio-sanitari, Società della Salute)","firmatario, attore",True,False,True,False,False,False,False,"['firmatario', 'attore']",,ambito distrettuale di merate,"ambiti della programmazione sociale e socio-sanitaria (ambiti sociali, piani di zona, distretti socio-sanitari, società della salute)",merate,lecco,lombardia,"firmatario, attore"
45.855317,9.393736,Ufficio di Coordinamento dei Sindaci del Distretto di Lecco,Lecco,Lecco,Lombardia,Altro,"firmatario, proponente, attore",True,True,True,False,False,False,False,"['firmatario', 'proponente', 'attore']",,ufficio di coordinamento dei sindaci del distretto di lecco,altro,lecco,lecco,lombardia,"firmatario, proponente, attore"
45.855317,9.393736,Comando della Polizia Locale di Lecco,Lecco,Lecco,Lombardia,Polizia Municipale,"firmatario, proponente, attore",True,True,True,False,False,False,False,"['firmatario', 'proponente', 'attore']",,comando della polizia locale di lecco,polizia municipale,lecco,lecco,lombardia,"firmatario, proponente, attore"
45.855317,9.393736,Questura di Lecco,Lecco,Lecco,Lombardia,Questura,"firmatario, proponente, attore",True,True,True,False,False,False,False,"['firmatario', 'proponente', 'attore']",,questura di lecco,questura,lecco,lecco,lombardia,"firmatario, proponente, attore"
45.845166,9.369822,Carabinieri di Lecco - Comando Provinciale,Lecco,Lecco,Lombardia,Carabinieri/Polizia/altre forze dell'ordine,"firmatario, proponente, attore",True,True,True,False,False,False,False,"['firmatario', 'proponente', 'attore']",,carabinieri di lecco - comando provinciale,carabinieri/polizia/altre forze dell'ordine,lecco,lecco,lombardia,"firmatario, proponente, attore"
45.855317,9.393736,Procura della Repubblica presso il Tribunale di Lecco,Lecco,Lecco,Lombardia,Procura Ordinaria/Tribunale/Corte d'appello,"firmatario, proponente, attore",True,True,True,False,False,False,False,"['firmatario', 'proponente', 'attore']",,procura della repubblica presso il tribunale di lecco,procura ordinaria/tribunale/corte d'appello,lecco,lecco,lombardia,"firmatario, proponente, attore"
45.855317,9.393736,Tribunale di Lecco,Lecco,Lecco,Lombardia,Procura Ordinaria/Tribunale/Corte d'appello,"firmatario, proponente, attore",True,True,True,False,False,False,False,"['firmatario', 'proponente', 'attore']",,tribunale di lecco,procura ordinaria/tribunale/corte d'appello,lecco,lecco,lombardia,"firmatario, proponente, attore"
45.855317,9.393736,Azienda Socio Sanitaria Territoriale (ASST) di Lecco,Lecco,Lecco,Lombardia,ASL (consultori familiari e altri servizi territoriali),"firmatario, proponente, attore, coordinamento",True,True,True,False,False,True,True,"['firmatario', 'proponente', 'attore', 'coordinamento']",coordinamento,azienda socio sanitaria territoriale (asst) di lecco,asl (consultori familiari e altri servizi territoriali),lecco,lecco,lombardia,"firmatario, proponente, attore, coordinamento"
45.855317,9.393736,Consultori Familiari (ASST di Lecco),Lecco,Lecco,Lombardia,ASL (consultori familiari e altri servizi territoriali),"firmatario, proponente, attore",True,True,True,False,False,False,False,"['firmatario', 'proponente', 'attore']",,consultori familiari (asst di lecco),asl (consultori familiari e altri servizi territoriali),lecco,lecco,lombardia,"firmatario, proponente, attore"
45.855317,9.393736,Associazione Telefono Donna Lecco,Lecco,Lecco,Lombardia,CAV/Centri Antiviolenza,"firmatario, proponente, attore",True,True,True,False,False,False,False,"['firmatario', 'proponente', 'attore']",,associazione telefono donna lecco,cav/centri antiviolenza,lecco,lecco,lombardia,"firmatario, proponente, attore"
45.69989,9.416989,Associazione L'Altra Meta del Cielo - Telefono Donna di Merate,Merate,Lecco,Lombardia,CAV/Centri Antiviolenza,"firmatario, attore, gestione",True,False,True,True,False,False,True,"['firmatario', 'attore', 'gestione']",gestione,associazione l'altra meta del cielo - telefono donna di merate,cav/centri antiviolenza,merate,lecco,lombardia,"firmatario, attore, gestione"
45.69989,9.416989,Case di Accoglienza (Associazione L'Altra Meta del Cielo - Telefono Donna di Merate),Merate,Lecco,Lombardia,Case Rifugio,"firmatario, attore",True,False,True,False,False,False,False,"['firmatario', 'attore']",,case di accoglienza (associazione l'altra meta del cielo - telefono donna di merate),case rifugio,merate,lecco,lombardia,"firmatario, attore"
45.855317,9.393736,L'Arcobaleno Societa Cooperativa Sociale Onlus,Lecco,Lecco,Lombardia,IMPRESE SOCIALI,"firmatario, attore",True,False,True,False,False,False,False,"['firmatario', 'attore']",,l'arcobaleno societa cooperativa sociale onlus,imprese sociali,lecco,lecco,lombardia,"firmatario, attore"
45.845166,9.369822,Rete generale del sistema pubblico di Istruzione di ambito territoriale della provincia di Lecco,Lecco,Lecco,Lombardia,Scuole/Ufficio scolastico provinciale e regionale,"firmatario, proponente, attore",True,True,True,False,False,False,False,"['firmatario', 'proponente', 'attore']",,rete generale del sistema pubblico di istruzione di ambito territoriale della provincia di lecco,scuole/ufficio scolastico provinciale e regionale,lecco,lecco,lombardia,"firmatario, proponente, attore"
45.855317,9.393736,Sportello di orientamento legale gratuito per le vittime di violenza e maltrattamenti (presso il Tribunale di Lecco),Lecco,Lecco,Lombardia,Centri/Sportelli di ascolto,"firmatario, proponente, attore",True,True,True,False,False,False,False,"['firmatario', 'proponente', 'attore']",,sportello di orientamento legale gratuito per le vittime di violenza e maltrattamenti (presso il tribunale di lecco),centri/sportelli di ascolto,lecco,lecco,lombardia,"firmatario, proponente, attore"
45.543815,9.117664,Societa Cooperativa Sociale L’ Arcobaleno Onlus,Bollate,Milano,Lombardia,IMPRESE SOCIALI,"firmatario, attore",True,False,True,False,False,False,False,"['firmatario', 'attore']",,societa cooperativa sociale l’ arcobaleno onlus,imprese sociali,bollate,milano,lombardia,"firmatario, attore"
45.845166,9.369822,Ordine degli Avvocati della provincia di Lecco,Lecco,Lecco,Lombardia,Ordine avvocati,"firmatario, proponente, attore, monitoraggio",True,True,True,False,True,False,True,"['firmatario', 'proponente', 'attore', 'monitoraggio']",monitoraggio,ordine degli avvocati della provincia di lecco,ordine avvocati,lecco,lecco,lombardia,"firmatario, proponente, attore, monitoraggio"
45.845166,9.369822,C.P.O. Ordine Avvocati della provincia di Lecco,Lecco,Lecco,Lombardia,Ordine avvocati,"firmatario, proponente, attore, monitoraggio",True,True,True,False,True,False,True,"['firmatario', 'proponente', 'attore', 'monitoraggio']",monitoraggio,c.p.o. ordine avvocati della provincia di lecco,ordine avvocati,lecco,lecco,lombardia,"firmatario, proponente, attore, monitoraggio"
45.855317,9.393736,Associazione Soroptimist International d'Italia - Club di Lecco,Lecco,Lecco,Lombardia,ORGANIZZAZIONI DI VOLONTARIATO,"firmatario, proponente, attore",True,True,True,False,False,False,False,"['firmatario', 'proponente', 'attore']",,associazione soroptimist international d'italia - club di lecco,organizzazioni di volontariato,lecco,lecco,lombardia,"firmatario, proponente, attore"
45.855317,9.393736,Soroptimist International Club di Lecco,Lecco,Lecco,Lombardia,Altro,"firmatario, proponente, attore",True,True,True,False,False,False,False,"['firmatario', 'proponente', 'attore']",,soroptimist international club di lecco,altro,lecco,lecco,lombardia,"firmatario, proponente, attore"
45.69989,9.416989,Soroptimist International Club di Merate,Merate,Lecco,Lombardia,Altro,"firmatario, attore",True,False,True,False,False,False,False,"['firmatario', 'attore']",,soroptimist international club di merate,altro,merate,lecco,lombardia,"firmatario, attore"
45.855317,9.393736,Cooperativa Omnia Language Societa Cooperativa Sociale,Lecco,Lecco,Lombardia,IMPRESE SOCIALI,"firmatario, attore",True,False,True,False,False,False,False,"['firmatario', 'attore']",,cooperativa omnia language societa cooperativa sociale,imprese sociali,lecco,lecco,lombardia,"firmatario, attore"
45.855317,9.393736,CGIL Lecco,Lecco,Lecco,Lombardia,Sindacati/Associazioni di categoria,"firmatario, proponente, attore",True,True,True,False,False,False,False,"['firmatario', 'proponente', 'attore']",,cgil lecco,sindacati/associazioni di categoria,lecco,lecco,lombardia,"firmatario, proponente, attore"
45.133367,10.024209,Prefettura di Cremona,Cremona,Cremona,Lombardia,Prefettura,"firmatario, proponente, attore, coordinamento",True,True,True,False,False,True,True,"['firmatario', 'proponente', 'attore', 'coordinamento']",coordinamento,prefettura di cremona,prefettura,cremona,cremona,lombardia,"firmatario, proponente, attore, coordinamento"
45.249852,9.944359,Comando Provinciale Arma dei Carabinieri di Cremona,Cremona,Cremona,Lombardia,Carabinieri/Polizia/altre forze dell'ordine,"firmatario, proponente, attore",True,True,True,False,False,False,False,"['firmatario', 'proponente', 'attore']",,comando provinciale arma dei carabinieri di cremona,carabinieri/polizia/altre forze dell'ordine,cremona,cremona,lombardia,"firmatario, proponente, attore"
45.249852,9.944359,Comando Provinciale Guardia di Finanza di Cremona,Cremona,Cremona,Lombardia,Carabinieri/Polizia/altre forze dell'ordine,"firmatario, proponente, attore",True,True,True,False,False,False,False,"['firmatario', 'proponente', 'attore']",,comando provinciale guardia di finanza di cremona,carabinieri/polizia/altre forze dell'ordine,cremona,cremona,lombardia,"firmatario, proponente, attore"
45.133367,10.024209,Questura di Cremona,Cremona,Cremona,Lombardia,Questura,"firmatario, proponente, attore",True,True,True,False,False,False,False,"['firmatario', 'proponente', 'attore']",,questura di cremona,questura,cremona,cremona,lombardia,"firmatario, proponente, attore"
45.133367,10.024209,Presidenza del Tribunale di Cremona,Cremona,Cremona,Lombardia,Procura Ordinaria/Tribunale/Corte d'appello,"firmatario, proponente, attore",True,True,True,False,False,False,False,"['firmatario', 'proponente', 'attore']",,presidenza del tribunale di cremona,procura ordinaria/tribunale/corte d'appello,cremona,cremona,lombardia,"firmatario, proponente, attore"
45.363324,9.686379,Azienda Socio - Sanitaria Territoriale di Crema,Crema,Cremona,Lombardia,ASL (consultori familiari e altri servizi territoriali),"firmatario, attore",True,False,True,False,False,False,False,"['firmatario', 'attore']",,azienda socio - sanitaria territoriale di crema,asl (consultori familiari e altri servizi territoriali),crema,cremona,lombardia,"firmatario, attore"
45.133367,10.024209,Azienda Socio - Sanitaria Territoriale di Cremona,Cremona,Cremona,Lombardia,ASL (consultori familiari e altri servizi territoriali),"firmatario, proponente, attore",True,True,True,False,False,False,False,"['firmatario', 'proponente', 'attore']",,azienda socio - sanitaria territoriale di cremona,asl (consultori familiari e altri servizi territoriali),cremona,cremona,lombardia,"firmatario, proponente, attore"
45.249852,9.944359,Provincia di Cremona,Cremona,Cremona,Lombardia,Province/Città metropolitane,"firmatario, proponente, attore, coordinamento",True,True,True,False,False,True,True,"['firmatario', 'proponente', 'attore', 'coordinamento']",coordinamento,provincia di cremona,province/città metropolitane,cremona,cremona,lombardia,"firmatario, proponente, attore, coordinamento"
45.249852,9.944359,Ufficio Scolastico Territoriale di Cremona,Cremona,Cremona,Lombardia,Scuole/Ufficio scolastico provinciale e regionale,"firmatario, proponente, attore",True,True,True,False,False,False,False,"['firmatario', 'proponente', 'attore']",,ufficio scolastico territoriale di cremona,scuole/ufficio scolastico provinciale e regionale,cremona,cremona,lombardia,"firmatario, proponente, attore"
45.133367,10.024209,Comune di Cremona,Cremona,Cremona,Lombardia,Comuni,"firmatario, proponente, attore",True,True,True,False,False,False,False,"['firmatario', 'proponente', 'attore']",,comune di cremona,comuni,cremona,cremona,lombardia,"firmatario, proponente, attore"
45.363324,9.686379,Comune di Crema,Crema,Cremona,Lombardia,Comuni,"firmatario, proponente, attore",True,True,True,False,False,False,False,"['firmatario', 'proponente', 'attore']",,comune di crema,comuni,crema,cremona,lombardia,"firmatario, proponente, attore"
44.98602,10.414478,Comune di Casalmaggiore,Casalmaggiore,Cremona,Lombardia,Comuni,"firmatario, attore",True,False,True,False,False,False,False,"['firmatario', 'attore']",,comune di casalmaggiore,comuni,casalmaggiore,cremona,lombardia,"firmatario, attore"
45.133367,10.024209,Ordine degli Avvocati di Cremona,Cremona,Cremona,Lombardia,Ordine avvocati,"firmatario, proponente, attore",True,True,True,False,False,False,False,"['firmatario', 'proponente', 'attore']",,ordine degli avvocati di cremona,ordine avvocati,cremona,cremona,lombardia,"firmatario, proponente, attore"
45.133367,10.024209,Associazione Incontro Donne Antiviolenza di Cremona,Cremona,Cremona,Lombardia,CAV/Centri Antiviolenza,"firmatario, proponente, attore",True,True,True,False,False,False,False,"['firmatario', 'proponente', 'attore']",,associazione incontro donne antiviolenza di cremona,cav/centri antiviolenza,cremona,cremona,lombardia,"firmatario, proponente, attore"
45.363324,9.686379,Associazione Donne contro la violenza di Crema,Crema,Cremona,Lombardia,CAV/Centri Antiviolenza,"firmatario, attore",True,False,True,False,False,False,False,"['firmatario', 'attore']",,associazione donne contro la violenza di crema,cav/centri antiviolenza,crema,cremona,lombardia,"firmatario, attore"
44.98602,10.414478,Associazione M.I.A. Onlus di Casalmaggiore,Casalmaggiore,Cremona,Lombardia,ORGANIZZAZIONI DI VOLONTARIATO,"firmatario, attore",True,False,True,False,False,False,False,"['firmatario', 'attore']",,associazione m.i.a. onlus di casalmaggiore,organizzazioni di volontariato,casalmaggiore,cremona,lombardia,"firmatario, attore"
45.133367,10.024209,Caritas Diocesana di Cremona,Cremona,Cremona,Lombardia,Altro,"firmatario, proponente, attore",True,True,True,False,False,False,False,"['firmatario', 'proponente', 'attore']",,caritas diocesana di cremona,altro,cremona,cremona,lombardia,"firmatario, proponente, attore"
45.363324,9.686379,Caritas Diocesana di Crema,Crema,Cremona,Lombardia,Altro,"firmatario, attore",True,False,True,False,False,False,False,"['firmatario', 'attore']",,caritas diocesana di crema,altro,crema,cremona,lombardia,"firmatario, attore"
45.363324,9.686379,Consultorio Familiare Insieme per la Famiglia di Crema,Crema,Cremona,Lombardia,ASL (consultori familiari e altri servizi territoriali),"firmatario, attore",True,False,True,False,False,False,False,"['firmatario', 'attore']",,consultorio familiare insieme per la famiglia di crema,asl (consultori familiari e altri servizi territoriali),crema,cremona,lombardia,"firmatario, attore"
45.363324,9.686379,Consultorio Familiare Kappadue di Crema,Crema,Cremona,Lombardia,ASL (consultori familiari e altri servizi territoriali),"firmatario, attore",True,False,True,False,False,False,False,"['firmatario', 'attore']",,consultorio familiare kappadue di crema,asl (consultori familiari e altri servizi territoriali),crema,cremona,lombardia,"firmatario, attore"
45.133367,10.024209,Consultorio Familiare U.C.1.P.E.M. di Cremona,Cremona,Cremona,Lombardia,ASL (consultori familiari e altri servizi territoriali),"firmatario, proponente, attore",True,True,True,False,False,False,False,"['firmatario', 'proponente', 'attore']",,consultorio familiare u.c.1.p.e.m. di cremona,asl (consultori familiari e altri servizi territoriali),cremona,cremona,lombardia,"firmatario, proponente, attore"
45.133367,10.024209,Fondazione Casa Famiglia S. Omobono Onlus di Cremona,Cremona,Cremona,Lombardia,Altro,"firmatario, proponente, attore",True,True,True,False,False,False,False,"['firmatario', 'proponente', 'attore']",,fondazione casa famiglia s. omobono onlus di cremona,altro,cremona,cremona,lombardia,"firmatario, proponente, attore"
45.133367,10.024209,COSPER Societa Cooperativa Sociale Impresa Sociale,Cremona,Cremona,Lombardia,IMPRESE SOCIALI,"firmatario, attore",True,False,True,False,False,False,False,"['firmatario', 'attore']",,cosper societa cooperativa sociale impresa sociale,imprese sociali,cremona,cremona,lombardia,"firmatario, attore"
45.401563,10.277085,Associazione Donne Senza Frontiere,Ghedi,Brescia,Lombardia,ORGANIZZAZIONI DI VOLONTARIATO,"firmatario, attore",True,False,True,False,False,False,False,"['firmatario', 'attore']",,associazione donne senza frontiere,organizzazioni di volontariato,ghedi,brescia,lombardia,"firmatario, attore"
45.133367,10.024209,Associazione Lyceum Club Internazionale di Cremona,Cremona,Cremona,Lombardia,ORGANIZZAZIONI DI VOLONTARIATO,"firmatario, proponente, attore",True,True,True,False,False,False,False,"['firmatario', 'proponente', 'attore']",,associazione lyceum club internazionale di cremona,organizzazioni di volontariato,cremona,cremona,lombardia,"firmatario, proponente, attore"
45.133367,10.024209,Associazione Soroptimist International d’Italia - Club di Cremona,Cremona,Cremona,Lombardia,ORGANIZZAZIONI DI VOLONTARIATO,"firmatario, proponente, attore",True,True,True,False,False,False,False,"['firmatario', 'proponente', 'attore']",,associazione soroptimist international d’italia - club di cremona,organizzazioni di volontariato,cremona,cremona,lombardia,"firmatario, proponente, attore"
45.363324,9.686379,Associazione Soroptimist International d’Italia - Club di Crema,Crema,Cremona,Lombardia,ORGANIZZAZIONI DI VOLONTARIATO,"firmatario, attore",True,False,True,False,False,False,False,"['firmatario', 'attore']",,associazione soroptimist international d’italia - club di crema,organizzazioni di volontariato,crema,cremona,lombardia,"firmatario, attore"
45.133367,10.024209,Associazione Zonta International - Zonta Club Cremona,Cremona,Cremona,Lombardia,ORGANIZZAZIONI DI VOLONTARIATO,"firmatario, proponente, attore",True,True,True,False,False,False,False,"['firmatario', 'proponente', 'attore']",,associazione zonta international - zonta club cremona,organizzazioni di volontariato,cremona,cremona,lombardia,"firmatario, proponente, attore"
45.133367,10.024209,Societa Centrale Femminile S. Vincenzo Cremona ONLUS,Cremona,Cremona,Lombardia,ORGANIZZAZIONI DI VOLONTARIATO,"firmatario, proponente, attore",True,True,True,False,False,False,False,"['firmatario', 'proponente', 'attore']",,societa centrale femminile s. vincenzo cremona onlus,organizzazioni di volontariato,cremona,cremona,lombardia,"firmatario, proponente, attore"
45.133367,10.024209,Arci Cremona,Cremona,Cremona,Lombardia,ASSOCIAZIONI DI PROMOZIONE SOCIALE,"firmatario, proponente, attore",True,True,True,False,False,False,False,"['firmatario', 'proponente', 'attore']",,arci cremona,associazioni di promozione sociale,cremona,cremona,lombardia,"firmatario, proponente, attore"
44.98602,10.414478,Croce Rossa di Casalmaggiore,Casalmaggiore,Cremona,Lombardia,Altro,"firmatario, attore",True,False,True,False,False,False,False,"['firmatario', 'attore']",,croce rossa di casalmaggiore,altro,casalmaggiore,cremona,lombardia,"firmatario, attore"
45.07858,10.374588,Associazione La Tenda di Cristo Onlus,San Giovanni In Croce,Cremona,Lombardia,ORGANIZZAZIONI DI VOLONTARIATO,"firmatario, attore",True,False,True,False,False,False,False,"['firmatario', 'attore']",,associazione la tenda di cristo onlus,organizzazioni di volontariato,san giovanni in croce,cremona,lombardia,"firmatario, attore"
45.293636,9.764238,Centro di Ascolto Uomini Maltrattanti - Castelleone,Castelleone,Cremona,Lombardia,"Associazioni che si occupano di programmi di prevenzione, recupero e trattamento per uomini maltrattanti","firmatario, attore",True,False,True,False,False,False,False,"['firmatario', 'attore']",,centro di ascolto uomini maltrattanti - castelleone,"associazioni che si occupano di programmi di prevenzione, recupero e trattamento per uomini maltrattanti",castelleone,cremona,lombardia,"firmatario, attore"
45.401563,10.277085,Associazione RetedonneLAB OdV,Ghedi,Brescia,Lombardia,Ente terzo settore - ETS (iscritto al RUNTS) costituito da donne per le donne,"firmatario, attore",True,False,True,False,False,False,False,"['firmatario', 'attore']",,associazione retedonnelab odv,ente terzo settore - ets (iscritto al runts) costituito da donne per le donne,ghedi,brescia,lombardia,"firmatario, attore"
45.401563,10.277085,Associazione I care we care,Ghedi,Brescia,Lombardia,ORGANIZZAZIONI DI VOLONTARIATO,"firmatario, attore",True,False,True,False,False,False,False,"['firmatario', 'attore']",,associazione i care we care,organizzazioni di volontariato,ghedi,brescia,lombardia,"firmatario, attore"
45.249852,9.944359,Centri Antiviolenza della provincia di Cremona,Cremona,Cremona,Lombardia,CAV/Centri Antiviolenza,"firmatario, proponente, attore",True,True,True,False,False,False,False,"['firmatario', 'proponente', 'attore']",,centri antiviolenza della provincia di cremona,cav/centri antiviolenza,cremona,cremona,lombardia,"firmatario, proponente, attore"
44.98602,10.414478,CPI di Casalmaggiore,Casalmaggiore,Cremona,Lombardia,Servizi per l'impiego,"firmatario, attore",True,False,True,False,False,False,False,"['firmatario', 'attore']",,cpi di casalmaggiore,servizi per l'impiego,casalmaggiore,cremona,lombardia,"firmatario, attore"
45.363324,9.686379,CPI di Crema,Crema,Cremona,Lombardia,Servizi per l'impiego,"firmatario, attore",True,False,True,False,False,False,False,"['firmatario', 'attore']",,cpi di crema,servizi per l'impiego,crema,cremona,lombardia,"firmatario, attore"
45.133367,10.024209,CPI di Cremona,Cremona,Cremona,Lombardia,Servizi per l'impiego,"firmatario, proponente, attore",True,True,True,False,False,False,False,"['firmatario', 'proponente', 'attore']",,cpi di cremona,servizi per l'impiego,cremona,cremona,lombardia,"firmatario, proponente, attore"
45.288583,9.854333,CPI di Soresina,Soresina,Cremona,Lombardia,Servizi per l'impiego,attore,False,False,True,False,False,False,False,['attore'],,cpi di soresina,servizi per l'impiego,soresina,cremona,lombardia,attore
45.249852,9.944359,Settore Lavoro e Formazione Provincia di Cremona,Cremona,Cremona,Lombardia,Altro,"firmatario, proponente, attore, coordinamento",True,True,True,False,False,True,True,"['firmatario', 'proponente', 'attore', 'coordinamento']",coordinamento,settore lavoro e formazione provincia di cremona,altro,cremona,cremona,lombardia,"firmatario, proponente, attore, coordinamento"
45.416688,9.26541,Comune di San Donato Milanese,San Donato Milanese,Milano,Lombardia,Comuni,"firmatario, proponente, attore",True,True,True,False,False,False,False,"['firmatario', 'proponente', 'attore']",,comune di san donato milanese,comuni,san donato milanese,milano,lombardia,"firmatario, proponente, attore"
45.340867,9.273735,Comune di Carpiano,Carpiano,Milano,Lombardia,Comuni,attore,False,False,True,False,False,False,False,['attore'],,comune di carpiano,comuni,carpiano,milano,lombardia,attore
45.331474,9.343938,Comune di Cerro al Lambro,Cerro Al Lambro,Milano,Lombardia,Comuni,attore,False,False,True,False,False,False,False,['attore'],,comune di cerro al lambro,comuni,cerro al lambro,milano,lombardia,attore
45.381026,9.347709,Comune di Colturano,Colturano,Milano,Lombardia,Comuni,attore,False,False,True,False,False,False,False,['attore'],,comune di colturano,comuni,colturano,milano,lombardia,attore
45.372263,9.36074,Comune di Dresano,Dresano,Milano,Lombardia,Comuni,attore,False,False,True,False,False,False,False,['attore'],,comune di dresano,comuni,dresano,milano,lombardia,attore
45.357554,9.324328,Comune di Melegnano,Melegnano,Milano,Lombardia,Comuni,"firmatario, attore",True,False,True,False,False,False,False,"['firmatario', 'attore']",,comune di melegnano,comuni,melegnano,milano,lombardia,"firmatario, attore"
45.400176,9.284944,Comune di San Giuliano Milanese,San Giuliano Milanese,Milano,Lombardia,Comuni,attore,False,False,True,False,False,False,False,['attore'],,comune di san giuliano milanese,comuni,san giuliano milanese,milano,lombardia,attore
45.327794,9.356587,Comune di San Zenone al Lambro,San Zenone Al Lambro,Milano,Lombardia,Comuni,attore,False,False,True,False,False,False,False,['attore'],,comune di san zenone al lambro,comuni,san zenone al lambro,milano,lombardia,attore
45.360227,9.346138,Comune di Vizzolo Predabissi,Vizzolo Predabissi,Milano,Lombardia,Comuni,attore,False,False,True,False,False,False,False,['attore'],,comune di vizzolo predabissi,comuni,vizzolo predabissi,milano,lombardia,attore
45.40112,9.323575,Comune di Mediglia,Mediglia,Milano,Lombardia,Comuni,attore,False,False,True,False,False,False,False,['attore'],,comune di mediglia,comuni,mediglia,milano,lombardia,attore
45.439245,9.352681,Comune di Pantigliate,Pantigliate,Milano,Lombardia,Comuni,attore,False,False,True,False,False,False,False,['attore'],,comune di pantigliate,comuni,pantigliate,milano,lombardia,attore
45.417184,9.398198,Comune di Paullo,Paullo,Milano,Lombardia,Comuni,attore,False,False,True,False,False,False,False,['attore'],,comune di paullo,comuni,paullo,milano,lombardia,attore
45.431733,9.311473,Comune di Peschiera Borromeo,Peschiera Borromeo,Milano,Lombardia,Comuni,attore,False,False,True,False,False,False,False,['attore'],,comune di peschiera borromeo,comuni,peschiera borromeo,milano,lombardia,attore
45.414173,9.376916,Comune di Tribiano,Tribiano,Milano,Lombardia,Comuni,attore,False,False,True,False,False,False,False,['attore'],,comune di tribiano,comuni,tribiano,milano,lombardia,attore
45.466647,9.190648,Prefettura di Milano,Milano,Milano,Lombardia,Prefettura,"firmatario, attore",True,False,True,False,False,False,False,"['firmatario', 'attore']",,prefettura di milano,prefettura,milano,milano,lombardia,"firmatario, attore"
45.466647,9.190648,Questura di Milano,Milano,Milano,Lombardia,Questura,"firmatario, attore",True,False,True,False,False,False,False,"['firmatario', 'attore']",,questura di milano,questura,milano,milano,lombardia,"firmatario, attore"
45.401563,10.277085,Associazione GenerAzione,Ghedi,Brescia,Lombardia,ORGANIZZAZIONI DI VOLONTARIATO,attore,False,False,True,False,False,False,False,['attore'],,associazione generazione,organizzazioni di volontariato,ghedi,brescia,lombardia,attore
45.401563,10.277085,Associazione Culturale Orizzonte,Ghedi,Brescia,Lombardia,ORGANIZZAZIONI DI VOLONTARIATO,attore,False,False,True,False,False,False,False,['attore'],,associazione culturale orizzonte,organizzazioni di volontariato,ghedi,brescia,lombardia,attore
45.643164,9.683249,Banca del Tempo,Zanica,Bergamo,Lombardia,ASSOCIAZIONI DI PROMOZIONE SOCIALE,attore,False,False,True,False,False,False,False,['attore'],,banca del tempo,associazioni di promozione sociale,zanica,bergamo,lombardia,attore
45.40112,9.323575,Caritas Mediglia,Mediglia,Milano,Lombardia,Ente terzo settore - ETS (iscritto al RUNTS),attore,False,False,True,False,False,False,False,['attore'],,caritas mediglia,ente terzo settore - ets (iscritto al runts),mediglia,milano,lombardia,attore
45.545579,8.885038,Comune di Busto Garolfo,Busto Garolfo,Milano,Lombardia,Comuni,"firmatario, attore",True,False,True,False,False,False,False,"['firmatario', 'attore']",,comune di busto garolfo,comuni,busto garolfo,milano,lombardia,"firmatario, attore"
45.570652,8.926697,Comune di Canegrate,Canegrate,Milano,Lombardia,Comuni,"firmatario, attore",True,False,True,False,False,False,False,"['firmatario', 'attore']",,comune di canegrate,comuni,canegrate,milano,lombardia,"firmatario, attore"
45.593473,8.950676,Comune di Cerro Maggiore,Cerro Maggiore,Milano,Lombardia,Comuni,"firmatario, attore",True,False,True,False,False,False,False,"['firmatario', 'attore']",,comune di cerro maggiore,comuni,cerro maggiore,milano,lombardia,"firmatario, attore"
45.569084,8.865251,Comune di Dairago,Dairago,Milano,Lombardia,Comuni,"firmatario, attore",True,False,True,False,False,False,False,"['firmatario', 'attore']",,comune di dairago,comuni,dairago,milano,lombardia,"firmatario, attore"
45.595373,8.918884,Comune di Legnano,Legnano,Milano,Lombardia,Comuni,"firmatario, attore",True,False,True,False,False,False,False,"['firmatario', 'attore']",,comune di legnano,comuni,legnano,milano,lombardia,"firmatario, attore"
45.554309,8.970115,Comune di Nerviano,Nerviano,Milano,Lombardia,Comuni,"firmatario, attore",True,False,True,False,False,False,False,"['firmatario', 'attore']",,comune di nerviano,comuni,nerviano,milano,lombardia,"firmatario, attore"
45.556911,8.951265,Comune di Parabiago,Parabiago,Milano,Lombardia,Comuni,"firmatario, attore",True,False,True,False,False,False,False,"['firmatario', 'attore']",,comune di parabiago,comuni,parabiago,milano,lombardia,"firmatario, attore"
45.615978,8.950117,Comune di Rescaldina,Rescaldina,Milano,Lombardia,Comuni,"firmatario, attore",True,False,True,False,False,False,False,"['firmatario', 'attore']",,comune di rescaldina,comuni,rescaldina,milano,lombardia,"firmatario, attore"
45.576616,8.916344,Comune di San Giorgio su Legnano,San Giorgio Su Legnano,Milano,Lombardia,Comuni,"firmatario, attore",True,False,True,False,False,False,False,"['firmatario', 'attore']",,comune di san giorgio su legnano,comuni,san giorgio su legnano,milano,lombardia,"firmatario, attore"
45.586884,8.943372,Comune di San Vittore Olona,San Vittore Olona,Milano,Lombardia,Comuni,"firmatario, attore",True,False,True,False,False,False,False,"['firmatario', 'attore']",,comune di san vittore olona,comuni,san vittore olona,milano,lombardia,"firmatario, attore"
45.565464,8.885674,Comune di Villa Cortese,Villa Cortese,Milano,Lombardia,Comuni,"firmatario, attore",True,False,True,False,False,False,False,"['firmatario', 'attore']",,comune di villa cortese,comuni,villa cortese,milano,lombardia,"firmatario, attore"
45.55271,8.775999,Comune di Castano Primo,Castano Primo,Milano,Lombardia,Comuni,"firmatario, attore",True,False,True,False,False,False,False,"['firmatario', 'attore']",,comune di castano primo,comuni,castano primo,milano,lombardia,"firmatario, attore"
45.500362,8.85472,Comune di Mesero,Mesero,Milano,Lombardia,Comuni,"firmatario, attore",True,False,True,False,False,False,False,"['firmatario', 'attore']",,comune di mesero,comuni,mesero,milano,lombardia,"firmatario, attore"
45.476558,8.996638,Comune di Bareggio,Bareggio,Milano,Lombardia,Comuni,"firmatario, attore",True,False,True,False,False,False,False,"['firmatario', 'attore']",,comune di bareggio,comuni,bareggio,milano,lombardia,"firmatario, attore"
45.466067,8.88352,Comune di Magenta,Magenta,Milano,Lombardia,Comuni,"firmatario, attore",True,False,True,False,False,False,False,"['firmatario', 'attore']",,comune di magenta,comuni,magenta,milano,lombardia,"firmatario, attore"
45.398572,8.916447,Comune di Abbiategrasso,Abbiategrasso,Milano,Lombardia,Comuni,"firmatario, attore",True,False,True,False,False,False,False,"['firmatario', 'attore']",,comune di abbiategrasso,comuni,abbiategrasso,milano,lombardia,"firmatario, attore"
45.288522,8.992714,Comune di Motta Visconti,Motta Visconti,Milano,Lombardia,Comuni,"firmatario, attore",True,False,True,False,False,False,False,"['firmatario', 'attore']",,comune di motta visconti,comuni,motta visconti,milano,lombardia,"firmatario, attore"
45.614125,8.854995,Procura della Repubblica presso il Tribunale di Busto Arsizio,Busto Arsizio,Varese,Lombardia,Procura Ordinaria/Tribunale/Corte d'appello,"firmatario, attore",True,False,True,False,False,False,False,"['firmatario', 'attore']",,procura della repubblica presso il tribunale di busto arsizio,procura ordinaria/tribunale/corte d'appello,busto arsizio,varese,lombardia,"firmatario, attore"
45.478254,9.128111,Provincia di Milano,Milano,Milano,Lombardia,Province/Città metropolitane,"firmatario, proponente, attore",True,True,True,False,False,False,False,"['firmatario', 'proponente', 'attore']",,provincia di milano,province/città metropolitane,milano,milano,lombardia,"firmatario, proponente, attore"
45.595373,8.918884,Azienda Ospedaliera di Legnano,Legnano,Milano,Lombardia,"Ospedale (Pronto soccorso, ecc.)","firmatario, attore",True,False,True,False,False,False,False,"['firmatario', 'attore']",,azienda ospedaliera di legnano,"ospedale (pronto soccorso, ecc.)",legnano,milano,lombardia,"firmatario, attore"
45.466647,9.190648,Cooperativa CTA di Milano,Milano,Milano,Lombardia,Altro,"firmatario, attore",True,False,True,False,False,False,False,"['firmatario', 'attore']",,cooperativa cta di milano,altro,milano,milano,lombardia,"firmatario, attore"
45.466647,9.190648,Associazione Telefono Donna di Milano,Milano,Milano,Lombardia,CAV/Centri Antiviolenza,"firmatario, attore",True,False,True,False,False,False,False,"['firmatario', 'attore']",,associazione telefono donna di milano,cav/centri antiviolenza,milano,milano,lombardia,"firmatario, attore"
45.466067,8.88352,Consultorio Familiare Decanale di Magenta,Magenta,Milano,Lombardia,ASL (consultori familiari e altri servizi territoriali),"firmatario, attore",True,False,True,False,False,False,False,"['firmatario', 'attore']",,consultorio familiare decanale di magenta,asl (consultori familiari e altri servizi territoriali),magenta,milano,lombardia,"firmatario, attore"
45.595373,8.918884,Cooperativa Albatros di Legnano,Legnano,Milano,Lombardia,Altro,"firmatario, attore",True,False,True,False,False,False,False,"['firmatario', 'attore']",,cooperativa albatros di legnano,altro,legnano,milano,lombardia,"firmatario, attore"
45.398572,8.916447,Sportello Donna di Abbiategrasso,Abbiategrasso,Milano,Lombardia,Centri/Sportelli di ascolto,"firmatario, attore",True,False,True,False,False,False,False,"['firmatario', 'attore']",,sportello donna di abbiategrasso,centri/sportelli di ascolto,abbiategrasso,milano,lombardia,"firmatario, attore"
45.55271,8.775999,Associazione Maryflo' Children Onlus di Castano Primo,Castano Primo,Milano,Lombardia,ORGANIZZAZIONI DI VOLONTARIATO,"firmatario, attore",True,False,True,False,False,False,False,"['firmatario', 'attore']",,associazione maryflo' children onlus di castano primo,organizzazioni di volontariato,castano primo,milano,lombardia,"firmatario, attore"
45.466647,9.190648,Associazione Forum Lou Salome’ di Milano,Milano,Milano,Lombardia,"Associazioni che si occupano di programmi di prevenzione, recupero e trattamento per uomini maltrattanti","firmatario, attore",True,False,True,False,False,False,False,"['firmatario', 'attore']",,associazione forum lou salome’ di milano,"associazioni che si occupano di programmi di prevenzione, recupero e trattamento per uomini maltrattanti",milano,milano,lombardia,"firmatario, attore"
45.398572,8.916447,Associazione Prospettiva Svezzamento Onlus di Abbiategrasso,Abbiategrasso,Milano,Lombardia,ORGANIZZAZIONI DI VOLONTARIATO,"firmatario, attore",True,False,True,False,False,False,False,"['firmatario', 'attore']",,associazione prospettiva svezzamento onlus di abbiategrasso,organizzazioni di volontariato,abbiategrasso,milano,lombardia,"firmatario, attore"
45.398572,8.916447,Associazione Lule Onlus di Abbiategrasso,Abbiategrasso,Milano,Lombardia,ORGANIZZAZIONI DI VOLONTARIATO,"firmatario, attore",True,False,True,False,False,False,False,"['firmatario', 'attore']",,associazione lule onlus di abbiategrasso,organizzazioni di volontariato,abbiategrasso,milano,lombardia,"firmatario, attore"
45.398572,8.916447,Soc. Coop. Lule di Abbiategrasso,Abbiategrasso,Milano,Lombardia,Ente terzo settore - ETS (iscritto al RUNTS),"firmatario, attore",True,False,True,False,False,False,False,"['firmatario', 'attore']",,soc. coop. lule di abbiategrasso,ente terzo settore - ets (iscritto al runts),abbiategrasso,milano,lombardia,"firmatario, attore"
45.466067,8.88352,Casa di Accoglienza Maria Rosa Oldani di A.V.A.S. Onlus - Magenta,Magenta,Milano,Lombardia,Case Rifugio,"firmatario, attore",True,False,True,False,False,False,False,"['firmatario', 'attore']",,casa di accoglienza maria rosa oldani di a.v.a.s. onlus - magenta,case rifugio,magenta,milano,lombardia,"firmatario, attore"
45.398572,8.916447,Associazione Paroikia Onlus di Abbiategrasso,Abbiategrasso,Milano,Lombardia,ORGANIZZAZIONI DI VOLONTARIATO,"firmatario, attore, gestione",True,False,True,True,False,False,True,"['firmatario', 'attore', 'gestione']",gestione,associazione paroikia onlus di abbiategrasso,organizzazioni di volontariato,abbiategrasso,milano,lombardia,"firmatario, attore, gestione"
45.398572,8.916447,Coop. Soc. A Stefano Casati Onlus di Abbiategrasso,Abbiategrasso,Milano,Lombardia,Ente terzo settore - ETS (iscritto al RUNTS),"firmatario, attore",True,False,True,False,False,False,False,"['firmatario', 'attore']",,coop. soc. a stefano casati onlus di abbiategrasso,ente terzo settore - ets (iscritto al runts),abbiategrasso,milano,lombardia,"firmatario, attore"
45.595373,8.918884,Auser Ticino Olona di Legnano,Legnano,Milano,Lombardia,Ente terzo settore - ETS (iscritto al RUNTS),"firmatario, attore, gestione",True,False,True,True,False,False,True,"['firmatario', 'attore', 'gestione']",gestione,auser ticino olona di legnano,ente terzo settore - ets (iscritto al runts),legnano,milano,lombardia,"firmatario, attore, gestione"
45.595373,8.918884,Associazione Ipazia di Legnano,Legnano,Milano,Lombardia,ORGANIZZAZIONI DI VOLONTARIATO,"firmatario, attore",True,False,True,False,False,False,False,"['firmatario', 'attore']",,associazione ipazia di legnano,organizzazioni di volontariato,legnano,milano,lombardia,"firmatario, attore"
45.466647,9.190648,Associazione Valeria di Milano,Milano,Milano,Lombardia,ORGANIZZAZIONI DI VOLONTARIATO,"firmatario, attore",True,False,True,False,False,False,False,"['firmatario', 'attore']",,associazione valeria di milano,organizzazioni di volontariato,milano,milano,lombardia,"firmatario, attore"
45.586884,8.943372,Lions Club di San Vittore Olona,San Vittore Olona,Milano,Lombardia,Altro,"firmatario, attore",True,False,True,False,False,False,False,"['firmatario', 'attore']",,lions club di san vittore olona,altro,san vittore olona,milano,lombardia,"firmatario, attore"
45.595373,8.918884,Associazione For My Security di Legnano,Legnano,Milano,Lombardia,ORGANIZZAZIONI DI VOLONTARIATO,"firmatario, attore",True,False,True,False,False,False,False,"['firmatario', 'attore']",,associazione for my security di legnano,organizzazioni di volontariato,legnano,milano,lombardia,"firmatario, attore"
45.554309,8.970115,Cooperativa Sociale Anfibia di Nerviano,Nerviano,Milano,Lombardia,Ente terzo settore - ETS (iscritto al RUNTS),"firmatario, attore",True,False,True,False,False,False,False,"['firmatario', 'attore']",,cooperativa sociale anfibia di nerviano,ente terzo settore - ets (iscritto al runts),nerviano,milano,lombardia,"firmatario, attore"
45.644508,8.773165,Associazione Onlus Filo Rosa Auser di Cardano al Campo,Cardano Al Campo,Varese,Lombardia,CAV/Centri Antiviolenza,"firmatario, attore",True,False,True,False,False,False,False,"['firmatario', 'attore']",,associazione onlus filo rosa auser di cardano al campo,cav/centri antiviolenza,cardano al campo,varese,lombardia,"firmatario, attore"
45.55271,8.775999,Azienda sociale di Castano Primo,Castano Primo,Milano,Lombardia,"Ambiti della programmazione sociale e socio-sanitaria (Ambiti Sociali, Piani di Zona, Distretti socio-sanitari, Società della Salute)","firmatario, attore",True,False,True,False,False,False,False,"['firmatario', 'attore']",,azienda sociale di castano primo,"ambiti della programmazione sociale e socio-sanitaria (ambiti sociali, piani di zona, distretti socio-sanitari, società della salute)",castano primo,milano,lombardia,"firmatario, attore"
45.466647,9.190648,Casa delle Donne Maltrattate di Milano,Milano,Milano,Lombardia,CAV/Centri Antiviolenza,attore,False,False,True,False,False,False,False,['attore'],,casa delle donne maltrattate di milano,cav/centri antiviolenza,milano,milano,lombardia,attore
45.466647,9.190648,Cooperativa Sociale Cerchi d'Acqua,Milano,Milano,Lombardia,CAV/Centri Antiviolenza,attore,False,False,True,False,False,False,False,['attore'],,cooperativa sociale cerchi d'acqua,cav/centri antiviolenza,milano,milano,lombardia,attore
45.466647,9.190648,Dipartimento di Sociologia e Ricerca Sociale dell'Università degli Studi di Milano - Bicocca,Milano,Milano,Lombardia,Università,attore,False,False,True,False,False,False,False,['attore'],,dipartimento di sociologia e ricerca sociale dell'università degli studi di milano - bicocca,università,milano,milano,lombardia,attore
45.398572,8.916447,Ambiti distrettuali di Abbiategrasso,Abbiategrasso,Milano,Lombardia,"Ambiti della programmazione sociale e socio-sanitaria (Ambiti Sociali, Piani di Zona, Distretti socio-sanitari, Società della Salute)","firmatario, attore",True,False,True,False,False,False,False,"['firmatario', 'attore']",,ambiti distrettuali di abbiategrasso,"ambiti della programmazione sociale e socio-sanitaria (ambiti sociali, piani di zona, distretti socio-sanitari, società della salute)",abbiategrasso,milano,lombardia,"firmatario, attore"
45.55271,8.775999,Ambiti distrettuali di Castano Primo,Castano Primo,Milano,Lombardia,"Ambiti della programmazione sociale e socio-sanitaria (Ambiti Sociali, Piani di Zona, Distretti socio-sanitari, Società della Salute)","firmatario, attore",True,False,True,False,False,False,False,"['firmatario', 'attore']",,ambiti distrettuali di castano primo,"ambiti della programmazione sociale e socio-sanitaria (ambiti sociali, piani di zona, distretti socio-sanitari, società della salute)",castano primo,milano,lombardia,"firmatario, attore"
45.595373,8.918884,Ambiti distrettuali di Legnano,Legnano,Milano,Lombardia,"Ambiti della programmazione sociale e socio-sanitaria (Ambiti Sociali, Piani di Zona, Distretti socio-sanitari, Società della Salute)","firmatario, attore",True,False,True,False,False,False,False,"['firmatario', 'attore']",,ambiti distrettuali di legnano,"ambiti della programmazione sociale e socio-sanitaria (ambiti sociali, piani di zona, distretti socio-sanitari, società della salute)",legnano,milano,lombardia,"firmatario, attore"
45.466067,8.88352,Ambiti distrettuali di Magenta,Magenta,Milano,Lombardia,"Ambiti della programmazione sociale e socio-sanitaria (Ambiti Sociali, Piani di Zona, Distretti socio-sanitari, Società della Salute)","firmatario, attore",True,False,True,False,False,False,False,"['firmatario', 'attore']",,ambiti distrettuali di magenta,"ambiti della programmazione sociale e socio-sanitaria (ambiti sociali, piani di zona, distretti socio-sanitari, società della salute)",magenta,milano,lombardia,"firmatario, attore"
45.595373,8.918884,Centro Antiviolenza “La Mia Opportunità” di Legnano,Legnano,Milano,Lombardia,CAV/Centri Antiviolenza,"firmatario, attore",True,False,True,False,False,False,False,"['firmatario', 'attore']",,centro antiviolenza “la mia opportunità” di legnano,cav/centri antiviolenza,legnano,milano,lombardia,"firmatario, attore"
45.595373,8.918884,Il Fiocco Bianco: Centro Clinico per Autori di Violenza di Legnano,Legnano,Milano,Lombardia,"Associazioni che si occupano di programmi di prevenzione, recupero e trattamento per uomini maltrattanti","firmatario, attore",True,False,True,False,False,False,False,"['firmatario', 'attore']",,il fiocco bianco: centro clinico per autori di violenza di legnano,"associazioni che si occupano di programmi di prevenzione, recupero e trattamento per uomini maltrattanti",legnano,milano,lombardia,"firmatario, attore"
45.466067,8.88352,Servizi sociali comunali dell'ambito magentino,Magenta,Milano,Lombardia,Servizi sociali comunali,attore,False,False,True,False,False,False,False,['attore'],,servizi sociali comunali dell'ambito magentino,servizi sociali comunali,magenta,milano,lombardia,attore
45.694785,9.667711,Questura di Bergamo,Bergamo,Bergamo,Lombardia,Questura,"firmatario, attore",True,False,True,False,False,False,False,"['firmatario', 'attore']",,questura di bergamo,questura,bergamo,bergamo,lombardia,"firmatario, attore"
45.694785,9.667711,Procura della Repubblica di Bergamo,Bergamo,Bergamo,Lombardia,Procura Ordinaria/Tribunale/Corte d'appello,"firmatario, attore",True,False,True,False,False,False,False,"['firmatario', 'attore']",,procura della repubblica di bergamo,procura ordinaria/tribunale/corte d'appello,bergamo,bergamo,lombardia,"firmatario, attore"
45.694785,9.667711,Tribunale Ordinario di Bergamo,Bergamo,Bergamo,Lombardia,Procura Ordinaria/Tribunale/Corte d'appello,"firmatario, attore",True,False,True,False,False,False,False,"['firmatario', 'attore']",,tribunale ordinario di bergamo,procura ordinaria/tribunale/corte d'appello,bergamo,bergamo,lombardia,"firmatario, attore"
45.539936,10.219113,Tribunale per i Minorenni di Brescia,Brescia,Brescia,Lombardia,Procura Minorile/Tribunale minorile,"firmatario, attore",True,False,True,False,False,False,False,"['firmatario', 'attore']",,tribunale per i minorenni di brescia,procura minorile/tribunale minorile,brescia,brescia,lombardia,"firmatario, attore"
45.539936,10.219113,Procura della Repubblica presso il Tribunale per i Minorenni di Brescia,Brescia,Brescia,Lombardia,Procura Minorile/Tribunale minorile,"firmatario, attore",True,False,True,False,False,False,False,"['firmatario', 'attore']",,procura della repubblica presso il tribunale per i minorenni di brescia,procura minorile/tribunale minorile,brescia,brescia,lombardia,"firmatario, attore"
45.740092,9.744938,Provincia di Bergamo,Bergamo,Bergamo,Lombardia,Province/Città metropolitane,"firmatario, attore",True,False,True,False,False,False,False,"['firmatario', 'attore']",,provincia di bergamo,province/città metropolitane,bergamo,bergamo,lombardia,"firmatario, attore"
45.694785,9.667711,Universita degli Studi di Bergamo,Bergamo,Bergamo,Lombardia,Università,"firmatario, attore",True,False,True,False,False,False,False,"['firmatario', 'attore']",,universita degli studi di bergamo,università,bergamo,bergamo,lombardia,"firmatario, attore"
45.740092,9.744938,Ufficio Scolastico Territoriale di Bergamo,Bergamo,Bergamo,Lombardia,Scuole/Ufficio scolastico provinciale e regionale,"firmatario, attore",True,False,True,False,False,False,False,"['firmatario', 'attore']",,ufficio scolastico territoriale di bergamo,scuole/ufficio scolastico provinciale e regionale,bergamo,bergamo,lombardia,"firmatario, attore"
45.521753,9.592708,Cooperativa Sociale SIRIO,Treviglio,Bergamo,Lombardia,IMPRESE SOCIALI,"firmatario, attore",True,False,True,False,False,False,False,"['firmatario', 'attore']",,cooperativa sociale sirio,imprese sociali,treviglio,bergamo,lombardia,"firmatario, attore"
45.740092,9.744938,Consigliera di Parita della Provincia di Bergamo,Bergamo,Bergamo,Lombardia,Organismi di parità,"firmatario, attore",True,False,True,False,False,False,False,"['firmatario', 'attore']",,consigliera di parita della provincia di bergamo,organismi di parità,bergamo,bergamo,lombardia,"firmatario, attore"
45.401563,10.277085,Associazione La Svolta,Ghedi,Brescia,Lombardia,ORGANIZZAZIONI DI VOLONTARIATO,"firmatario, attore",True,False,True,False,False,False,False,"['firmatario', 'attore']",,associazione la svolta,organizzazioni di volontariato,ghedi,brescia,lombardia,"firmatario, attore"
45.694785,9.667711,Cooperativa Generazioni FA,Bergamo,Bergamo,Lombardia,IMPRESE SOCIALI,"firmatario, attore",True,False,True,False,False,False,False,"['firmatario', 'attore']",,cooperativa generazioni fa,imprese sociali,bergamo,bergamo,lombardia,"firmatario, attore"
45.401563,10.277085,Associazione Ledha,Ghedi,Brescia,Lombardia,ORGANIZZAZIONI DI VOLONTARIATO,"firmatario, attore",True,False,True,False,False,False,False,"['firmatario', 'attore']",,associazione ledha,organizzazioni di volontariato,ghedi,brescia,lombardia,"firmatario, attore"
45.539936,10.219113,Comune di Brescia,Brescia,Brescia,Lombardia,Comuni,"firmatario, proponente, attore",True,True,True,False,False,False,False,"['firmatario', 'proponente', 'attore']",,comune di brescia,comuni,brescia,brescia,lombardia,"firmatario, proponente, attore"
45.539936,10.219113,Procura della Repubblica presso il Tribunale Ordinario di Brescia,Brescia,Brescia,Lombardia,Procura Ordinaria/Tribunale/Corte d'appello,"firmatario, proponente, attore",True,True,True,False,False,False,False,"['firmatario', 'proponente', 'attore']",,procura della repubblica presso il tribunale ordinario di brescia,procura ordinaria/tribunale/corte d'appello,brescia,brescia,lombardia,"firmatario, proponente, attore"
45.454747,10.115752,Comune di Azzano Mella,Azzano Mella,Brescia,Lombardia,Comuni,"firmatario, attore",True,False,True,False,False,False,False,"['firmatario', 'attore']",,comune di azzano mella,comuni,azzano mella,brescia,lombardia,"firmatario, attore"
45.502998,10.039451,Comune di Berlingo,Berlingo,Brescia,Lombardia,Comuni,"firmatario, attore",True,False,True,False,False,False,False,"['firmatario', 'attore']",,comune di berlingo,comuni,berlingo,brescia,lombardia,"firmatario, attore"
45.476244,10.239693,Comune di Borgosatollo,Borgosatollo,Brescia,Lombardia,Comuni,"firmatario, attore",True,False,True,False,False,False,False,"['firmatario', 'attore']",,comune di borgosatollo,comuni,borgosatollo,brescia,lombardia,"firmatario, attore"
45.543296,10.323295,Comune di Botticino,Botticino,Brescia,Lombardia,Comuni,"firmatario, attore",True,False,True,False,False,False,False,"['firmatario', 'attore']",,comune di botticino,comuni,botticino,brescia,lombardia,"firmatario, attore"
45.455232,10.128612,Comune di Capriano del Colle,Capriano Del Colle,Brescia,Lombardia,Comuni,"firmatario, attore",True,False,True,False,False,False,False,"['firmatario', 'attore']",,comune di capriano del colle,comuni,capriano del colle,brescia,lombardia,"firmatario, attore"
45.564353,10.116336,Comune di Castegnato,Castegnato,Brescia,Lombardia,Comuni,"firmatario, attore",True,False,True,False,False,False,False,"['firmatario', 'attore']",,comune di castegnato,comuni,castegnato,brescia,lombardia,"firmatario, attore"
45.497641,10.141791,Comune di Castel Mella,Castel Mella,Brescia,Lombardia,Comuni,"firmatario, attore",True,False,True,False,False,False,False,"['firmatario', 'attore']",,comune di castel mella,comuni,castel mella,brescia,lombardia,"firmatario, attore"
45.470747,10.300676,Comune di Castenedolo,Castenedolo,Brescia,Lombardia,Comuni,"firmatario, attore",True,False,True,False,False,False,False,"['firmatario', 'attore']",,comune di castenedolo,comuni,castenedolo,brescia,lombardia,"firmatario, attore"
45.584049,10.18006,Comune di Cellatica,Cellatica,Brescia,Lombardia,Comuni,"firmatario, attore",True,False,True,False,False,False,False,"['firmatario', 'attore']",,comune di cellatica,comuni,cellatica,brescia,lombardia,"firmatario, attore"
45.585356,10.215147,Comune di Collebeato,Collebeato,Brescia,Lombardia,Comuni,"firmatario, attore",True,False,True,False,False,False,False,"['firmatario', 'attore']",,comune di collebeato,comuni,collebeato,brescia,lombardia,"firmatario, attore"
45.484047,10.174532,Comune di Flero,Flero,Brescia,Lombardia,Comuni,"firmatario, attore",True,False,True,False,False,False,False,"['firmatario', 'attore']",,comune di flero,comuni,flero,brescia,lombardia,"firmatario, attore"
45.592422,10.153167,Comune di Gussago,Gussago,Brescia,Lombardia,Comuni,"firmatario, attore",True,False,True,False,False,False,False,"['firmatario', 'attore']",,comune di gussago,comuni,gussago,brescia,lombardia,"firmatario, attore"
45.504426,10.357203,Comune di Mazzano,Mazzano,Brescia,Lombardia,Comuni,"firmatario, attore",True,False,True,False,False,False,False,"['firmatario', 'attore']",,comune di mazzano,comuni,mazzano,brescia,lombardia,"firmatario, attore"
45.443762,10.23114,Comune di Montirone,Montirone,Brescia,Lombardia,Comuni,"firmatario, attore",True,False,True,False,False,False,False,"['firmatario', 'attore']",,comune di montirone,comuni,montirone,brescia,lombardia,"firmatario, attore"
45.545824,10.38469,Comune di Nuvolento,Nuvolento,Brescia,Lombardia,Comuni,"firmatario, attore",True,False,True,False,False,False,False,"['firmatario', 'attore']",,comune di nuvolento,comuni,nuvolento,brescia,lombardia,"firmatario, attore"
45.533092,10.370305,Comune di Nuvolera,Nuvolera,Brescia,Lombardia,Comuni,"firmatario, attore",True,False,True,False,False,False,False,"['firmatario', 'attore']",,comune di nuvolera,comuni,nuvolera,brescia,lombardia,"firmatario, attore"
45.624375,10.123892,Comune di Ome,Ome,Brescia,Lombardia,Comuni,"firmatario, attore",True,False,True,False,False,False,False,"['firmatario', 'attore']",,comune di ome,comuni,ome,brescia,lombardia,"firmatario, attore"
45.556176,10.074206,Comune di Ospitaletto,Ospitaletto,Brescia,Lombardia,Comuni,"firmatario, attore",True,False,True,False,False,False,False,"['firmatario', 'attore']",,comune di ospitaletto,comuni,ospitaletto,brescia,lombardia,"firmatario, attore"
45.460555,10.173953,Comune di Poncarale,Poncarale,Brescia,Lombardia,Comuni,"firmatario, attore",True,False,True,False,False,False,False,"['firmatario', 'attore']",,comune di poncarale,comuni,poncarale,brescia,lombardia,"firmatario, attore"
45.513958,10.316979,Comune di Rezzato,Rezzato,Brescia,Lombardia,Comuni,"firmatario, attore",True,False,True,False,False,False,False,"['firmatario', 'attore']",,comune di rezzato,comuni,rezzato,brescia,lombardia,"firmatario, attore"
45.597546,10.109191,Comune di Rodengo Saiano,Rodengo Saiano,Brescia,Lombardia,Comuni,"firmatario, attore",True,False,True,False,False,False,False,"['firmatario', 'attore']",,comune di rodengo saiano,comuni,rodengo saiano,brescia,lombardia,"firmatario, attore"
45.52732,10.149476,Comune di Roncadelle,Roncadelle,Brescia,Lombardia,Comuni,"firmatario, attore",True,False,True,False,False,False,False,"['firmatario', 'attore']",,comune di roncadelle,comuni,roncadelle,brescia,lombardia,"firmatario, attore"
45.491066,10.215146,Comune di San Zeno Naviglio,San Zeno Naviglio,Brescia,Lombardia,Comuni,"firmatario, attore",True,False,True,False,False,False,False,"['firmatario', 'attore']",,comune di san zeno naviglio,comuni,san zeno naviglio,brescia,lombardia,"firmatario, attore"
45.509585,10.108044,Comune di Torbole Casaglia,Torbole Casaglia,Brescia,Lombardia,Comuni,"firmatario, attore",True,False,True,False,False,False,False,"['firmatario', 'attore']",,comune di torbole casaglia,comuni,torbole casaglia,brescia,lombardia,"firmatario, attore"
45.523403,10.080257,Comune di Travagliato,Travagliato,Brescia,Lombardia,Comuni,"firmatario, attore",True,False,True,False,False,False,False,"['firmatario', 'attore']",,comune di travagliato,comuni,travagliato,brescia,lombardia,"firmatario, attore"
45.401563,10.277085,Associazione Comuni Bresciani,Ghedi,Brescia,Lombardia,ORGANIZZAZIONI DI VOLONTARIATO,"firmatario, proponente, attore",True,True,True,False,False,False,False,"['firmatario', 'proponente', 'attore']",,associazione comuni bresciani,organizzazioni di volontariato,ghedi,brescia,lombardia,"firmatario, proponente, attore"
45.642039,10.255528,Provincia di Brescia,Brescia,Brescia,Lombardia,Province/Città metropolitane,"firmatario, proponente, attore",True,True,True,False,False,False,False,"['firmatario', 'proponente', 'attore']",,provincia di brescia,province/città metropolitane,brescia,brescia,lombardia,"firmatario, proponente, attore"
45.539936,10.219113,Butterfly Societa Cooperativa Sociale,Brescia,Brescia,Lombardia,IMPRESE SOCIALI,"firmatario, attore",True,False,True,False,False,False,False,"['firmatario', 'attore']",,butterfly societa cooperativa sociale,imprese sociali,brescia,brescia,lombardia,"firmatario, attore"
45.401563,10.277085,Associazione Casa delle Donne OdV,Ghedi,Brescia,Lombardia,CAV/Centri Antiviolenza,"firmatario, attore",True,False,True,False,False,False,False,"['firmatario', 'attore']",,associazione casa delle donne odv,cav/centri antiviolenza,ghedi,brescia,lombardia,"firmatario, attore"
45.539936,10.219113,ATS - Agenzia di Tutela della Salute di Brescia,Brescia,Brescia,Lombardia,ASL (consultori familiari e altri servizi territoriali),"firmatario, proponente, attore",True,True,True,False,False,False,False,"['firmatario', 'proponente', 'attore']",,ats - agenzia di tutela della salute di brescia,asl (consultori familiari e altri servizi territoriali),brescia,brescia,lombardia,"firmatario, proponente, attore"
45.691588,9.205498,Cooperativa Il Mosaico,Giussano,Monza E Della Brianza,Lombardia,ORGANIZZAZIONI DI VOLONTARIATO,"firmatario, attore",True,False,True,False,False,False,False,"['firmatario', 'attore']",,cooperativa il mosaico,organizzazioni di volontariato,giussano,monza e della brianza,lombardia,"firmatario, attore"
45.401563,10.277085,Associazione Casa Betel 2000 ONLUS,Ghedi,Brescia,Lombardia,ORGANIZZAZIONI DI VOLONTARIATO,"firmatario, attore",True,False,True,False,False,False,False,"['firmatario', 'attore']",,associazione casa betel 2000 onlus,organizzazioni di volontariato,ghedi,brescia,lombardia,"firmatario, attore"
45.401563,10.277085,Associazione Multietnica Terre Unite,Ghedi,Brescia,Lombardia,ORGANIZZAZIONI DI VOLONTARIATO,"firmatario, attore",True,False,True,False,False,False,False,"['firmatario', 'attore']",,associazione multietnica terre unite,organizzazioni di volontariato,ghedi,brescia,lombardia,"firmatario, attore"
45.642039,10.255528,USRL - Ufficio IV Ambito territoriale di Brescia,Brescia,Brescia,Lombardia,Scuole/Ufficio scolastico provinciale e regionale,"firmatario, proponente, attore",True,True,True,False,False,False,False,"['firmatario', 'proponente', 'attore']",,usrl - ufficio iv ambito territoriale di brescia,scuole/ufficio scolastico provinciale e regionale,brescia,brescia,lombardia,"firmatario, proponente, attore"
45.401563,10.277085,Associazione ADL Zavidovici ONLUS - Impresa Sociale,Ghedi,Brescia,Lombardia,ORGANIZZAZIONI DI VOLONTARIATO,"firmatario, attore",True,False,True,False,False,False,False,"['firmatario', 'attore']",,associazione adl zavidovici onlus - impresa sociale,organizzazioni di volontariato,ghedi,brescia,lombardia,"firmatario, attore"
45.539936,10.219113,Centro Culturale Islamico Via Corsica - Brescia,Brescia,Brescia,Lombardia,Altro,"firmatario, proponente, attore",True,True,True,False,False,False,False,"['firmatario', 'proponente', 'attore']",,centro culturale islamico via corsica - brescia,altro,brescia,brescia,lombardia,"firmatario, proponente, attore"
45.539936,10.219113,Associazione Culturale Islamica “MUAMMADIAH” via Volta - Brescia,Brescia,Brescia,Lombardia,ORGANIZZAZIONI DI VOLONTARIATO,"firmatario, proponente, attore",True,True,True,False,False,False,False,"['firmatario', 'proponente', 'attore']",,associazione culturale islamica “muammadiah” via volta - brescia,organizzazioni di volontariato,brescia,brescia,lombardia,"firmatario, proponente, attore"
45.478254,9.128111,Forum provinciale del Terzo Settore,Milano,Milano,Lombardia,ASSOCIAZIONI DI PROMOZIONE SOCIALE,"firmatario, attore",True,False,True,False,False,False,False,"['firmatario', 'attore']",,forum provinciale del terzo settore,associazioni di promozione sociale,milano,milano,lombardia,"firmatario, attore"
45.539936,10.219113,Libertas CPS Brescia,Brescia,Brescia,Lombardia,Ente terzo settore - ETS (iscritto al RUNTS),"firmatario, proponente, attore",True,True,True,False,False,False,False,"['firmatario', 'proponente', 'attore']",,libertas cps brescia,ente terzo settore - ets (iscritto al runts),brescia,brescia,lombardia,"firmatario, proponente, attore"
45.539936,10.219113,Actionaid Gruppo locale Brescia,Brescia,Brescia,Lombardia,Ente terzo settore - ETS (iscritto al RUNTS),"firmatario, proponente, attore",True,True,True,False,False,False,False,"['firmatario', 'proponente', 'attore']",,actionaid gruppo locale brescia,ente terzo settore - ets (iscritto al runts),brescia,brescia,lombardia,"firmatario, proponente, attore"
45.539936,10.219113,AUSER Comprensorio di Brescia,Brescia,Brescia,Lombardia,Ente terzo settore - ETS (iscritto al RUNTS),"firmatario, proponente, attore",True,True,True,False,False,False,False,"['firmatario', 'proponente', 'attore']",,auser comprensorio di brescia,ente terzo settore - ets (iscritto al runts),brescia,brescia,lombardia,"firmatario, proponente, attore"
45.539936,10.219113,FIDAPA - Federazione Italiana Donne Arti professioni e Affari - sez. di Brescia,Brescia,Brescia,Lombardia,CAV/Centri Antiviolenza,"firmatario, proponente, attore",True,True,True,False,False,False,False,"['firmatario', 'proponente', 'attore']",,fidapa - federazione italiana donne arti professioni e affari - sez. di brescia,cav/centri antiviolenza,brescia,brescia,lombardia,"firmatario, proponente, attore"
45.539936,10.219113,Soroptimist Club Brescia,Brescia,Brescia,Lombardia,Altro,"firmatario, proponente, attore",True,True,True,False,False,False,False,"['firmatario', 'proponente', 'attore']",,soroptimist club brescia,altro,brescia,brescia,lombardia,"firmatario, proponente, attore"
46.170996,9.871263,Comune di Sondrio,Sondrio,Sondrio,Lombardia,Comuni,"firmatario, proponente, attore",True,True,True,False,False,False,False,"['firmatario', 'proponente', 'attore']",,comune di sondrio,comuni,sondrio,sondrio,lombardia,"firmatario, proponente, attore"
46.130795,9.570366,Comunita Montana Valtellina di Morbegno,Morbegno,Sondrio,Lombardia,Altro,"firmatario, attore, gestione",True,False,True,True,False,False,True,"['firmatario', 'attore', 'gestione']",gestione,comunita montana valtellina di morbegno,altro,morbegno,sondrio,lombardia,"firmatario, attore, gestione"
46.215705,10.173566,Comunita Montana Valtellina di Tirano,Tirano,Sondrio,Lombardia,Altro,"firmatario, attore, gestione",True,False,True,True,False,False,True,"['firmatario', 'attore', 'gestione']",gestione,comunita montana valtellina di tirano,altro,tirano,sondrio,lombardia,"firmatario, attore, gestione"
46.216158,9.77886,Provincia di Sondrio,Sondrio,Sondrio,Lombardia,Province/Città metropolitane,"firmatario, proponente, attore",True,True,True,False,False,False,False,"['firmatario', 'proponente', 'attore']",,provincia di sondrio,province/città metropolitane,sondrio,sondrio,lombardia,"firmatario, proponente, attore"
46.170996,9.871263,Prefettura UTG di Sondrio,Sondrio,Sondrio,Lombardia,Prefettura,"firmatario, proponente, attore",True,True,True,False,False,False,False,"['firmatario', 'proponente', 'attore']",,prefettura utg di sondrio,prefettura,sondrio,sondrio,lombardia,"firmatario, proponente, attore"
46.170996,9.871263,Questura di Sondrio,Sondrio,Sondrio,Lombardia,Questura,"firmatario, proponente, attore",True,True,True,False,False,False,False,"['firmatario', 'proponente', 'attore']",,questura di sondrio,questura,sondrio,sondrio,lombardia,"firmatario, proponente, attore"
46.216158,9.77886,Comando Provinciale dei Carabinieri di Sondrio,Sondrio,Sondrio,Lombardia,Carabinieri/Polizia/altre forze dell'ordine,"firmatario, proponente, attore",True,True,True,False,False,False,False,"['firmatario', 'proponente', 'attore']",,comando provinciale dei carabinieri di sondrio,carabinieri/polizia/altre forze dell'ordine,sondrio,sondrio,lombardia,"firmatario, proponente, attore"
46.216158,9.77886,Ufficio Scolastico Territoriale di Sondrio,Sondrio,Sondrio,Lombardia,Scuole/Ufficio scolastico provinciale e regionale,"firmatario, proponente, attore",True,True,True,False,False,False,False,"['firmatario', 'proponente', 'attore']",,ufficio scolastico territoriale di sondrio,scuole/ufficio scolastico provinciale e regionale,sondrio,sondrio,lombardia,"firmatario, proponente, attore"
45.401563,10.277085,Associazione Il coraggio di Frida,Ghedi,Brescia,Lombardia,CAV/Centri Antiviolenza,"firmatario, attore",True,False,True,False,False,False,False,"['firmatario', 'attore']",,associazione il coraggio di frida,cav/centri antiviolenza,ghedi,brescia,lombardia,"firmatario, attore"
45.401563,10.277085,Associazione di promozione sociale Metafamiglia,Ghedi,Brescia,Lombardia,ORGANIZZAZIONI DI VOLONTARIATO,"firmatario, attore",True,False,True,False,False,False,False,"['firmatario', 'attore']",,associazione di promozione sociale metafamiglia,organizzazioni di volontariato,ghedi,brescia,lombardia,"firmatario, attore"
46.170996,9.871263,Soroptimist International Club di Sondrio,Sondrio,Sondrio,Lombardia,Altro,"firmatario, proponente, attore",True,True,True,False,False,False,False,"['firmatario', 'proponente', 'attore']",,soroptimist international club di sondrio,altro,sondrio,sondrio,lombardia,"firmatario, proponente, attore"
45.401563,10.277085,Associazione Argonaute,Ghedi,Brescia,Lombardia,ORGANIZZAZIONI DI VOLONTARIATO,"firmatario, attore",True,False,True,False,False,False,False,"['firmatario', 'attore']",,associazione argonaute,organizzazioni di volontariato,ghedi,brescia,lombardia,"firmatario, attore"
46.170996,9.871263,Ordine dei Farmacisti di Sondrio,Sondrio,Sondrio,Lombardia,Ordine medici e odontoiatri e Ordine farmacisti,"firmatario, proponente, attore",True,True,True,False,False,False,False,"['firmatario', 'proponente', 'attore']",,ordine dei farmacisti di sondrio,ordine medici e odontoiatri e ordine farmacisti,sondrio,sondrio,lombardia,"firmatario, proponente, attore"
46.321012,9.403508,Soroptimist International Club di Chiavenna,Chiavenna,Sondrio,Lombardia,Altro,"firmatario, attore",True,False,True,False,False,False,False,"['firmatario', 'attore']",,soroptimist international club di chiavenna,altro,chiavenna,sondrio,lombardia,"firmatario, attore"
46.170996,9.871263,Coordinamento Donne Cisl di Sondrio,Sondrio,Sondrio,Lombardia,Sindacati/Associazioni di categoria,"firmatario, proponente, attore",True,True,True,False,False,False,False,"['firmatario', 'proponente', 'attore']",,coordinamento donne cisl di sondrio,sindacati/associazioni di categoria,sondrio,sondrio,lombardia,"firmatario, proponente, attore"
46.170996,9.871263,Donne CGIL di Sondrio,Sondrio,Sondrio,Lombardia,Sindacati/Associazioni di categoria,"firmatario, proponente, attore",True,True,True,False,False,False,False,"['firmatario', 'proponente', 'attore']",,donne cgil di sondrio,sindacati/associazioni di categoria,sondrio,sondrio,lombardia,"firmatario, proponente, attore"
46.170996,9.871263,Cooperativa Altra Via,Sondrio,Sondrio,Lombardia,IMPRESE SOCIALI,attore,False,False,True,False,False,False,False,['attore'],,cooperativa altra via,imprese sociali,sondrio,sondrio,lombardia,attore
45.466647,9.190648,Comune di Milano,Milano,Milano,Lombardia,Comuni,,False,False,False,False,False,False,False,[],,comune di milano,comuni,milano,milano,lombardia,
45.558429,9.213708,Comune di Cinisello Balsamo,Cinisello Balsamo,Milano,Lombardia,Comuni,"firmatario, proponente, attore",True,True,True,False,False,False,False,"['firmatario', 'proponente', 'attore']",,comune di cinisello balsamo,comuni,cinisello balsamo,milano,lombardia,"firmatario, proponente, attore"
45.53366,9.236636,Comune di Sesto San Giovanni,Sesto San Giovanni,Milano,Lombardia,Comuni,"firmatario, proponente, attore",True,True,True,False,False,False,False,"['firmatario', 'proponente', 'attore']",,comune di sesto san giovanni,comuni,sesto san giovanni,milano,lombardia,"firmatario, proponente, attore"
45.558429,9.213708,Comuni dell’Ambito territoriale di Cinisello Balsamo,Cinisello Balsamo,Milano,Lombardia,Comuni,"firmatario, proponente, attore",True,True,True,False,False,False,False,"['firmatario', 'proponente', 'attore']",,comuni dell’ambito territoriale di cinisello balsamo,comuni,cinisello balsamo,milano,lombardia,"firmatario, proponente, attore"
45.53366,9.236636,Comuni dell’Ambito territoriale di Sesto San Giovanni,Sesto San Giovanni,Milano,Lombardia,Comuni,"firmatario, proponente, attore",True,True,True,False,False,False,False,"['firmatario', 'proponente', 'attore']",,comuni dell’ambito territoriale di sesto san giovanni,comuni,sesto san giovanni,milano,lombardia,"firmatario, proponente, attore"
45.53366,9.236636,Ospedale Città di Sesto San Giovanni,Sesto San Giovanni,Milano,Lombardia,"Ospedale (Pronto soccorso, ecc.)",attore,False,False,True,False,False,False,False,['attore'],,ospedale città di sesto san giovanni,"ospedale (pronto soccorso, ecc.)",sesto san giovanni,milano,lombardia,attore
45.466647,9.190648,Prefettura di Milano,Milano,Milano,Lombardia,Prefettura,attore,False,False,True,False,False,False,False,['attore'],,prefettura di milano,prefettura,milano,milano,lombardia,attore
45.466647,9.190648,Questura di Milano,Milano,Milano,Lombardia,Questura,attore,False,False,True,False,False,False,False,['attore'],,questura di milano,questura,milano,milano,lombardia,attore
45.558429,9.213708,Associazione Amici della Casa dell’Accoglienza di Cinisello Balsamo,Cinisello Balsamo,Milano,Lombardia,ORGANIZZAZIONI DI VOLONTARIATO,"firmatario, proponente, attore",True,True,True,False,False,False,False,"['firmatario', 'proponente', 'attore']",,associazione amici della casa dell’accoglienza di cinisello balsamo,organizzazioni di volontariato,cinisello balsamo,milano,lombardia,"firmatario, proponente, attore"
45.543169,9.172865,Associazione Creazione Donna di Cormano,Cormano,Milano,Lombardia,ORGANIZZAZIONI DI VOLONTARIATO,attore,False,False,True,False,False,False,False,['attore'],,associazione creazione donna di cormano,organizzazioni di volontariato,cormano,milano,lombardia,attore
45.53366,9.236636,Associazione Onlus Da Donna a Donna di Sesto San Giovanni,Sesto San Giovanni,Milano,Lombardia,CAV/Centri Antiviolenza,attore,False,False,True,False,False,False,False,['attore'],,associazione onlus da donna a donna di sesto san giovanni,cav/centri antiviolenza,sesto san giovanni,milano,lombardia,attore
45.558429,9.213708,Associazione Culturale Domnia di Cinisello Balsamo,Cinisello Balsamo,Milano,Lombardia,ORGANIZZAZIONI DI VOLONTARIATO,"firmatario, proponente, attore",True,True,True,False,False,False,False,"['firmatario', 'proponente', 'attore']",,associazione culturale domnia di cinisello balsamo,organizzazioni di volontariato,cinisello balsamo,milano,lombardia,"firmatario, proponente, attore"
45.537591,9.187624,Associazione Mittatron - Sportello Donna di Bresso,Bresso,Milano,Lombardia,CAV/Centri Antiviolenza,attore,False,False,True,False,False,False,False,['attore'],,associazione mittatron - sportello donna di bresso,cav/centri antiviolenza,bresso,milano,lombardia,attore
45.537591,9.187624,Casa Frida,Bresso,Milano,Lombardia,Case Rifugio,attore,False,False,True,False,False,False,False,['attore'],,casa frida,case rifugio,bresso,milano,lombardia,attore
45.537591,9.187624,Comune di Bresso,Bresso,Milano,Lombardia,Comuni,attore,False,False,True,False,False,False,False,['attore'],,comune di bresso,comuni,bresso,milano,lombardia,attore
45.53366,9.236636,Associazione Medici di Base di Sesto San Giovanni,Sesto San Giovanni,Milano,Lombardia,ORGANIZZAZIONI DI VOLONTARIATO,attore,False,False,True,False,False,False,False,['attore'],,associazione medici di base di sesto san giovanni,organizzazioni di volontariato,sesto san giovanni,milano,lombardia,attore
45.537591,9.187624,Associazione Movimento per la Vita di Bresso,Bresso,Milano,Lombardia,CAV/Centri Antiviolenza,attore,False,False,True,False,False,False,False,['attore'],,associazione movimento per la vita di bresso,cav/centri antiviolenza,bresso,milano,lombardia,attore
45.558429,9.213708,Corpo Volontari Protezione Civile di Cinisello Balsamo,Cinisello Balsamo,Milano,Lombardia,Altro,"firmatario, proponente, attore",True,True,True,False,False,False,False,"['firmatario', 'proponente', 'attore']",,corpo volontari protezione civile di cinisello balsamo,altro,cinisello balsamo,milano,lombardia,"firmatario, proponente, attore"
45.53366,9.236636,Caritas Volontariato Salesiani Onlus di Sesto San Giovanni,Sesto San Giovanni,Milano,Lombardia,Altro,attore,False,False,True,False,False,False,False,['attore'],,caritas volontariato salesiani onlus di sesto san giovanni,altro,sesto san giovanni,milano,lombardia,attore
45.466647,9.190648,Servizio Disagio Donne Maltrattamento - Via San Bernardino n. 4 - Milano,Milano,Milano,Lombardia,Servizio abusi e maltrattamenti comunale,attore,False,False,True,False,False,False,False,['attore'],,servizio disagio donne maltrattamento - via san bernardino n. 4 - milano,servizio abusi e maltrattamenti comunale,milano,milano,lombardia,attore
45.53366,9.236636,Cooperativa Sociale Onlus La Grande Casa di Sesto San Giovanni,Sesto San Giovanni,Milano,Lombardia,Ente terzo settore - ETS (iscritto al RUNTS),"attore, gestione",False,False,True,True,False,False,True,"['attore', 'gestione']",gestione,cooperativa sociale onlus la grande casa di sesto san giovanni,ente terzo settore - ets (iscritto al runts),sesto san giovanni,milano,lombardia,"attore, gestione"
45.641308,9.271259,Appartamenti CPF Macherio,Macherio,Monza E Della Brianza,Lombardia,Case Rifugio,attore,False,False,True,False,False,False,False,['attore'],,appartamenti cpf macherio,case rifugio,macherio,monza e della brianza,lombardia,attore
45.543169,9.172865,"Cooperative Edificatrici di Cormano: La Vignetta, La Vittoria, Dar Casa",Cormano,Milano,Lombardia,Altro,attore,False,False,True,False,False,False,False,['attore'],,"cooperative edificatrici di cormano: la vignetta, la vittoria, dar casa",altro,cormano,milano,lombardia,attore
45.558429,9.213708,Cooperativa Uniabita di Cinisello Balsamo,Cinisello Balsamo,Milano,Lombardia,Altro,"firmatario, proponente, attore",True,True,True,False,False,False,False,"['firmatario', 'proponente', 'attore']",,cooperativa uniabita di cinisello balsamo,altro,cinisello balsamo,milano,lombardia,"firmatario, proponente, attore"
45.537591,9.187624,Fondazione Brambilla Pisoni di Bresso,Bresso,Milano,Lombardia,CAV/Centri Antiviolenza,attore,False,False,True,False,False,False,False,['attore'],,fondazione brambilla pisoni di bresso,cav/centri antiviolenza,bresso,milano,lombardia,attore
45.537591,9.187624,Centro della Famiglia di Bresso,Bresso,Milano,Lombardia,ASL (consultori familiari e altri servizi territoriali),attore,False,False,True,False,False,False,False,['attore'],,centro della famiglia di bresso,asl (consultori familiari e altri servizi territoriali),bresso,milano,lombardia,attore
45.558429,9.213708,Centro della Famiglia di Cinisello Balsamo,Cinisello Balsamo,Milano,Lombardia,ASL (consultori familiari e altri servizi territoriali),"firmatario, proponente, attore",True,True,True,False,False,False,False,"['firmatario', 'proponente', 'attore']",,centro della famiglia di cinisello balsamo,asl (consultori familiari e altri servizi territoriali),cinisello balsamo,milano,lombardia,"firmatario, proponente, attore"
45.558429,9.213708,Gruppo Volontariato Vincenziano di Cinisello Balsamo,Cinisello Balsamo,Milano,Lombardia,Altro,"firmatario, proponente, attore",True,True,True,False,False,False,False,"['firmatario', 'proponente', 'attore']",,gruppo volontariato vincenziano di cinisello balsamo,altro,cinisello balsamo,milano,lombardia,"firmatario, proponente, attore"
45.478254,9.128111,Istituti Comprensivi di Via Bologna e di Via Don Sturzo a Bresso,Bresso,Milano,Lombardia,Scuole/Ufficio scolastico provinciale e regionale,attore,False,False,True,False,False,False,False,['attore'],,istituti comprensivi di via bologna e di via don sturzo a bresso,scuole/ufficio scolastico provinciale e regionale,bresso,milano,lombardia,attore
45.401563,10.277085,Associazione Onlus Con Noi e Dopo di Noi,Ghedi,Brescia,Lombardia,ORGANIZZAZIONI DI VOLONTARIATO,attore,False,False,True,False,False,False,False,['attore'],,associazione onlus con noi e dopo di noi,organizzazioni di volontariato,ghedi,brescia,lombardia,attore
45.810011,9.085156,Telefono Donna ONLUS,Como,Como,Lombardia,ORGANIZZAZIONI DI VOLONTARIATO,attore,False,False,True,False,False,False,False,['attore'],,telefono donna onlus,organizzazioni di volontariato,como,como,lombardia,attore
45.466647,9.190648,Comune di Milano,Milano,Milano,Lombardia,Comuni,"firmatario, proponente, attore",True,True,True,False,False,False,False,"['firmatario', 'proponente', 'attore']",,comune di milano,comuni,milano,milano,lombardia,"firmatario, proponente, attore"
45.466647,9.190648,Direzione Sicurezza Urbana - Nucleo Tutela Donna e Minori della Polizia Locale,Milano,Milano,Lombardia,Polizia Municipale,attore,False,False,True,False,False,False,False,['attore'],,direzione sicurezza urbana - nucleo tutela donna e minori della polizia locale,polizia municipale,milano,milano,lombardia,attore
45.401563,10.277085,Associazione Casa delle Donne Maltrattate di Milano,Ghedi,Brescia,Lombardia,CAV/Centri Antiviolenza,"firmatario, proponente, attore",True,True,True,False,False,False,False,"['firmatario', 'proponente', 'attore']",,associazione casa delle donne maltrattate di milano,cav/centri antiviolenza,ghedi,brescia,lombardia,"firmatario, proponente, attore"
45.401563,10.277085,Associazione SVS Donna Aiuta Donna Onlus,Ghedi,Brescia,Lombardia,CAV/Centri Antiviolenza,"firmatario, attore",True,False,True,False,False,False,False,"['firmatario', 'attore']",,associazione svs donna aiuta donna onlus,cav/centri antiviolenza,ghedi,brescia,lombardia,"firmatario, attore"
45.401563,10.277085,Associazione Telefono Donna Onlus,Ghedi,Brescia,Lombardia,CAV/Centri Antiviolenza,"firmatario, attore",True,False,True,False,False,False,False,"['firmatario', 'attore']",,associazione telefono donna onlus,cav/centri antiviolenza,ghedi,brescia,lombardia,"firmatario, attore"
45.466647,9.190648,Farsi Prossimo Onlus Societa Cooperativa Sociale,Milano,Milano,Lombardia,CAV/Centri Antiviolenza,"firmatario, attore",True,False,True,False,False,False,False,"['firmatario', 'attore']",,farsi prossimo onlus societa cooperativa sociale,cav/centri antiviolenza,milano,milano,lombardia,"firmatario, attore"
45.53366,9.236636,La Grande Casa Societa Cooperativa Sociale Onlus,Sesto San Giovanni,Milano,Lombardia,CAV/Centri Antiviolenza,"firmatario, attore",True,False,True,False,False,False,False,"['firmatario', 'attore']",,la grande casa societa cooperativa sociale onlus,cav/centri antiviolenza,sesto san giovanni,milano,lombardia,"firmatario, attore"
45.398572,8.916447,Associazione Lule Odv,Abbiategrasso,Milano,Lombardia,CAV/Centri Antiviolenza,"firmatario, attore",True,False,True,False,False,False,False,"['firmatario', 'attore']",,associazione lule odv,cav/centri antiviolenza,abbiategrasso,milano,lombardia,"firmatario, attore"
45.697962,9.588259,La Strada Cooperativa Sociale Onlus,Ponte San Pietro,Bergamo,Lombardia,CAV/Centri Antiviolenza,"firmatario, attore",True,False,True,False,False,False,False,"['firmatario', 'attore']",,la strada cooperativa sociale onlus,cav/centri antiviolenza,ponte san pietro,bergamo,lombardia,"firmatario, attore"
45.466647,9.190648,Tribunale Ordinario di Milano,Milano,Milano,Lombardia,Procura Ordinaria/Tribunale/Corte d'appello,"firmatario, proponente, attore",True,True,True,False,False,False,False,"['firmatario', 'proponente', 'attore']",,tribunale ordinario di milano,procura ordinaria/tribunale/corte d'appello,milano,milano,lombardia,"firmatario, proponente, attore"
45.466647,9.190648,Procura della Repubblica presso il Tribunale Ordinario,Milano,Milano,Lombardia,Procura Ordinaria/Tribunale/Corte d'appello,"firmatario, attore",True,False,True,False,False,False,False,"['firmatario', 'attore']",,procura della repubblica presso il tribunale ordinario,procura ordinaria/tribunale/corte d'appello,milano,milano,lombardia,"firmatario, attore"
45.466647,9.190648,Tribunale per i Minorenni di Milano,Milano,Milano,Lombardia,Procura Minorile/Tribunale minorile,"firmatario, proponente, attore",True,True,True,False,False,False,False,"['firmatario', 'proponente', 'attore']",,tribunale per i minorenni di milano,procura minorile/tribunale minorile,milano,milano,lombardia,"firmatario, proponente, attore"
45.466647,9.190648,Procura della Repubblica presso il Tribunale per i Minorenni di Milano,Milano,Milano,Lombardia,Procura Minorile/Tribunale minorile,"firmatario, proponente, attore",True,True,True,False,False,False,False,"['firmatario', 'proponente', 'attore']",,procura della repubblica presso il tribunale per i minorenni di milano,procura minorile/tribunale minorile,milano,milano,lombardia,"firmatario, proponente, attore"
45.466647,9.190648,Prefettura di Milano,Milano,Milano,Lombardia,Prefettura,"firmatario, proponente, attore",True,True,True,False,False,False,False,"['firmatario', 'proponente', 'attore']",,prefettura di milano,prefettura,milano,milano,lombardia,"firmatario, proponente, attore"
45.466647,9.190648,Questura di Milano,Milano,Milano,Lombardia,Questura,"firmatario, proponente, attore",True,True,True,False,False,False,False,"['firmatario', 'proponente', 'attore']",,questura di milano,questura,milano,milano,lombardia,"firmatario, proponente, attore"
45.478254,9.128111,Comando Provinciale dei Carabinieri Milano,Milano,Milano,Lombardia,Carabinieri/Polizia/altre forze dell'ordine,"firmatario, proponente, attore",True,True,True,False,False,False,False,"['firmatario', 'proponente', 'attore']",,comando provinciale dei carabinieri milano,carabinieri/polizia/altre forze dell'ordine,milano,milano,lombardia,"firmatario, proponente, attore"
45.478254,9.128111,ATS (Agenzia di Tutela della Salute) Citta Metropolitana di Milano,Milano,Milano,Lombardia,ASL (consultori familiari e altri servizi territoriali),"firmatario, proponente, attore",True,True,True,False,False,False,False,"['firmatario', 'proponente', 'attore']",,ats (agenzia di tutela della salute) citta metropolitana di milano,asl (consultori familiari e altri servizi territoriali),milano,milano,lombardia,"firmatario, proponente, attore"
45.466647,9.190648,Fondazione IRCCS CA’GRANDA - Ospedale Maggiore Policlinico di Milano,Milano,Milano,Lombardia,"Ospedale (Pronto soccorso, ecc.)","firmatario, proponente, attore",True,True,True,False,False,False,False,"['firmatario', 'proponente', 'attore']",,fondazione irccs ca’granda - ospedale maggiore policlinico di milano,"ospedale (pronto soccorso, ecc.)",milano,milano,lombardia,"firmatario, proponente, attore"
45.314479,9.502812,Comune di Lodi,Lodi,Lodi,Lombardia,Comuni,"firmatario, proponente, attore, coordinamento",True,True,True,False,False,True,True,"['firmatario', 'proponente', 'attore', 'coordinamento']",coordinamento,comune di lodi,comuni,lodi,lodi,lombardia,"firmatario, proponente, attore, coordinamento"
45.238137,9.411059,Comune di Sant’Angelo Lodigiano,Sant’Angelo Lodigiano,Lodi,Lombardia,Comuni,"firmatario, proponente, attore",True,True,True,False,False,False,False,"['firmatario', 'proponente', 'attore']",,comune di sant’angelo lodigiano,comuni,sant’angelo lodigiano,lodi,lombardia,"firmatario, proponente, attore"
45.160206,9.703682,Comune di Codogno,Codogno,Lodi,Lombardia,Comuni,"firmatario, attore",True,False,True,False,False,False,False,"['firmatario', 'attore']",,comune di codogno,comuni,codogno,lodi,lombardia,"firmatario, attore"
45.178973,9.648027,Comune di Casalpusterlengo,Casalpusterlengo,Lodi,Lombardia,Comuni,"firmatario, attore",True,False,True,False,False,False,False,"['firmatario', 'attore']",,comune di casalpusterlengo,comuni,casalpusterlengo,lodi,lombardia,"firmatario, attore"
45.21555,9.69495,Comune di Castiglione d’Adda,Castiglione D’Adda,Lodi,Lombardia,Comuni,"firmatario, attore",True,False,True,False,False,False,False,"['firmatario', 'attore']",,comune di castiglione d’adda,comuni,castiglione d’adda,lodi,lombardia,"firmatario, attore"
45.181376,9.48957,Comune di San Colombano al Lambro,San Colombano Al Lambro,Milano,Lombardia,Comuni,"firmatario, attore",True,False,True,False,False,False,False,"['firmatario', 'attore']",,comune di san colombano al lambro,comuni,san colombano al lambro,milano,lombardia,"firmatario, attore"
45.301432,9.416027,Comune di Lodi Vecchio,Lodi Vecchio,Lodi,Lombardia,Comuni,"firmatario, proponente, attore",True,True,True,False,False,False,False,"['firmatario', 'proponente', 'attore']",,comune di lodi vecchio,comuni,lodi vecchio,lodi,lombardia,"firmatario, proponente, attore"
45.178973,9.648027,ASSC Azienda Speciale di Servizi di Casalpusterlengo,Casalpusterlengo,Lodi,Lombardia,Altro,"firmatario, attore",True,False,True,False,False,False,False,"['firmatario', 'attore']",,assc azienda speciale di servizi di casalpusterlengo,altro,casalpusterlengo,lodi,lombardia,"firmatario, attore"
45.242887,9.558529,Azienda Ospedaliera della Provincia di Lodi,Lodi,Lodi,Lombardia,"Ospedale (Pronto soccorso, ecc.)","firmatario, proponente, attore",True,True,True,False,False,False,False,"['firmatario', 'proponente', 'attore']",,azienda ospedaliera della provincia di lodi,"ospedale (pronto soccorso, ecc.)",lodi,lodi,lombardia,"firmatario, proponente, attore"
45.314479,9.502812,Azienda Sanitaria Locale di Lodi,Lodi,Lodi,Lombardia,ASL (consultori familiari e altri servizi territoriali),"firmatario, proponente, attore, coordinamento",True,True,True,False,False,True,True,"['firmatario', 'proponente', 'attore', 'coordinamento']",coordinamento,azienda sanitaria locale di lodi,asl (consultori familiari e altri servizi territoriali),lodi,lodi,lombardia,"firmatario, proponente, attore, coordinamento"
45.401563,10.277085,Associazione L’Orsa Minore Onlus - Centro Antiviolenza “La Meta di Niente”,Ghedi,Brescia,Lombardia,CAV/Centri Antiviolenza,"firmatario, attore",True,False,True,False,False,False,False,"['firmatario', 'attore']",,associazione l’orsa minore onlus - centro antiviolenza “la meta di niente”,cav/centri antiviolenza,ghedi,brescia,lombardia,"firmatario, attore"
45.242887,9.558529,Liceo Statale “Maffeo Vegio” Lodi - Rete Scuole Lodigiane,Lodi,Lodi,Lombardia,Scuole/Ufficio scolastico provinciale e regionale,"firmatario, proponente, attore",True,True,True,False,False,False,False,"['firmatario', 'proponente', 'attore']",,liceo statale “maffeo vegio” lodi - rete scuole lodigiane,scuole/ufficio scolastico provinciale e regionale,lodi,lodi,lombardia,"firmatario, proponente, attore"
45.314479,9.502812,Prefettura di Lodi,Lodi,Lodi,Lombardia,Prefettura,"firmatario, proponente, attore",True,True,True,False,False,False,False,"['firmatario', 'proponente', 'attore']",,prefettura di lodi,prefettura,lodi,lodi,lombardia,"firmatario, proponente, attore"
45.314479,9.502812,Procura della Repubblica di Lodi,Lodi,Lodi,Lombardia,Procura Ordinaria/Tribunale/Corte d'appello,"firmatario, proponente, attore",True,True,True,False,False,False,False,"['firmatario', 'proponente', 'attore']",,procura della repubblica di lodi,procura ordinaria/tribunale/corte d'appello,lodi,lodi,lombardia,"firmatario, proponente, attore"
45.314479,9.502812,Questura di Lodi,Lodi,Lodi,Lombardia,Questura,"firmatario, proponente, attore",True,True,True,False,False,False,False,"['firmatario', 'proponente', 'attore']",,questura di lodi,questura,lodi,lodi,lombardia,"firmatario, proponente, attore"
45.242887,9.558529,Comando Provinciale dell’Arma dei Carabinieri di Lodi,Lodi,Lodi,Lombardia,Carabinieri/Polizia/altre forze dell'ordine,"firmatario, proponente, attore",True,True,True,False,False,False,False,"['firmatario', 'proponente', 'attore']",,comando provinciale dell’arma dei carabinieri di lodi,carabinieri/polizia/altre forze dell'ordine,lodi,lodi,lombardia,"firmatario, proponente, attore"
45.242887,9.558529,Comando Provinciale della Guardia di Finanza di Lodi,Lodi,Lodi,Lombardia,Carabinieri/Polizia/altre forze dell'ordine,"firmatario, proponente, attore",True,True,True,False,False,False,False,"['firmatario', 'proponente', 'attore']",,comando provinciale della guardia di finanza di lodi,carabinieri/polizia/altre forze dell'ordine,lodi,lodi,lombardia,"firmatario, proponente, attore"
45.178973,9.648027,Consultorio “Il Mandorlo” di Casalpusterlengo,Casalpusterlengo,Lodi,Lombardia,ASL (consultori familiari e altri servizi territoriali),"firmatario, proponente, attore",True,True,True,False,False,False,False,"['firmatario', 'proponente', 'attore']",,consultorio “il mandorlo” di casalpusterlengo,asl (consultori familiari e altri servizi territoriali),casalpusterlengo,lodi,lombardia,"firmatario, proponente, attore"
45.314479,9.502812,"Consultorio ""La Famiglia"" UCIPEM Onlus di Lodi",Lodi,Lodi,Lombardia,ASL (consultori familiari e altri servizi territoriali),"firmatario, proponente, attore",True,True,True,False,False,False,False,"['firmatario', 'proponente', 'attore']",,"consultorio ""la famiglia"" ucipem onlus di lodi",asl (consultori familiari e altri servizi territoriali),lodi,lodi,lombardia,"firmatario, proponente, attore"
45.314479,9.502812,Consultorio “Centro per la famiglia” di Lodi,Lodi,Lodi,Lombardia,ASL (consultori familiari e altri servizi territoriali),"firmatario, proponente, attore",True,True,True,False,False,False,False,"['firmatario', 'proponente', 'attore']",,consultorio “centro per la famiglia” di lodi,asl (consultori familiari e altri servizi territoriali),lodi,lodi,lombardia,"firmatario, proponente, attore"
45.242887,9.558529,Provincia di Lodi,Lodi,Lodi,Lombardia,Province/Città metropolitane,"firmatario, proponente, attore, coordinamento",True,True,True,False,False,True,True,"['firmatario', 'proponente', 'attore', 'coordinamento']",coordinamento,provincia di lodi,province/città metropolitane,lodi,lodi,lombardia,"firmatario, proponente, attore, coordinamento"
45.401563,10.277085,Associazione Lule Onlus,Ghedi,Brescia,Lombardia,CAV/Centri Antiviolenza,,False,False,False,False,False,False,False,[],,associazione lule onlus,cav/centri antiviolenza,ghedi,brescia,lombardia,
45.498072,9.424438,Comune di Melzo,Melzo,Milano,Lombardia,Comuni,"firmatario, proponente, attore",True,True,True,False,False,False,False,"['firmatario', 'proponente', 'attore']",,comune di melzo,comuni,melzo,milano,lombardia,"firmatario, proponente, attore"
45.525549,9.52078,Comune di Cassano d’Adda,Cassano D’Adda,Milano,Lombardia,Comuni,"firmatario, attore",True,False,True,False,False,False,False,"['firmatario', 'attore']",,comune di cassano d’adda,comuni,cassano d’adda,milano,lombardia,"firmatario, attore"
45.540994,9.48181,Comune di Inzago,Inzago,Milano,Lombardia,Comuni,"firmatario, attore",True,False,True,False,False,False,False,"['firmatario', 'attore']",,comune di inzago,comuni,inzago,milano,lombardia,"firmatario, attore"
45.480889,9.409092,Comune di Liscate,Liscate,Milano,Lombardia,Comuni,firmatario,True,False,False,False,False,False,False,['firmatario'],,comune di liscate,comuni,liscate,milano,lombardia,firmatario
45.51345,9.452945,Comune di Pozzuolo Martesana,Pozzuolo Martesana,Milano,Lombardia,Comuni,firmatario,True,False,False,False,False,False,False,['firmatario'],,comune di pozzuolo martesana,comuni,pozzuolo martesana,milano,lombardia,firmatario
45.454447,9.386743,Comune di Settala,Settala,Milano,Lombardia,Comuni,firmatario,True,False,False,False,False,False,False,['firmatario'],,comune di settala,comuni,settala,milano,lombardia,firmatario
45.590166,9.545285,Comune di Trucazzano,Trucazzano,Milano,Lombardia,Comuni,firmatario,True,False,False,False,False,False,False,['firmatario'],,comune di trucazzano,comuni,trucazzano,milano,lombardia,firmatario
45.496008,9.376793,Comune di Vignate,Vignate,Milano,Lombardia,Comuni,firmatario,True,False,False,False,False,False,False,['firmatario'],,comune di vignate,comuni,vignate,milano,lombardia,firmatario
45.541028,9.446371,Comune di Bellinzago lombardo,Bellinzago Lombardo,Milano,Lombardia,Comuni,firmatario,True,False,False,False,False,False,False,['firmatario'],,comune di bellinzago lombardo,comuni,bellinzago lombardo,milano,lombardia,firmatario
45.536445,9.372225,Comune di Bussero,Bussero,Milano,Lombardia,Comuni,"firmatario, attore",True,False,True,False,False,False,False,"['firmatario', 'attore']",,comune di bussero,comuni,bussero,milano,lombardia,"firmatario, attore"
45.570505,9.424972,Comune di Cambiago,Cambiago,Milano,Lombardia,Comuni,firmatario,True,False,False,False,False,False,False,['firmatario'],,comune di cambiago,comuni,cambiago,milano,lombardia,firmatario
45.549622,9.338491,Comune di Carugate,Carugate,Milano,Lombardia,Comuni,firmatario,True,False,False,False,False,False,False,['firmatario'],,comune di carugate,comuni,carugate,milano,lombardia,firmatario
45.590166,9.545285,Comune di Cassina de’Pecchi,Cassina De’Pecchi,Milano,Lombardia,Comuni,firmatario,True,False,False,False,False,False,False,['firmatario'],,comune di cassina de’pecchi,comuni,cassina de’pecchi,milano,lombardia,firmatario
45.523825,9.333038,Comune di Cernusco sul Naviglio,Cernusco Sul Naviglio,Milano,Lombardia,Comuni,"firmatario, proponente, attore",True,True,True,False,False,False,False,"['firmatario', 'proponente', 'attore']",,comune di cernusco sul naviglio,comuni,cernusco sul naviglio,milano,lombardia,"firmatario, proponente, attore"
45.553832,9.435861,Comune di Gessate,Gessate,Milano,Lombardia,Comuni,firmatario,True,False,False,False,False,False,False,['firmatario'],,comune di gessate,comuni,gessate,milano,lombardia,firmatario
45.530889,9.404591,Comune di Gorgonzola,Gorgonzola,Milano,Lombardia,Comuni,firmatario,True,False,False,False,False,False,False,['firmatario'],,comune di gorgonzola,comuni,gorgonzola,milano,lombardia,firmatario
45.549415,9.38767,Comune di Pessano con Bornago,Pessano Con Bornago,Milano,Lombardia,Comuni,firmatario,True,False,False,False,False,False,False,['firmatario'],,comune di pessano con bornago,comuni,pessano con bornago,milano,lombardia,firmatario
45.514307,9.287068,Comune di Vimodrone,Vimodrone,Milano,Lombardia,Comuni,firmatario,True,False,False,False,False,False,False,['firmatario'],,comune di vimodrone,comuni,vimodrone,milano,lombardia,firmatario
45.489546,9.292349,Comune di Segrate,Segrate,Milano,Lombardia,Comuni,firmatario,True,False,False,False,False,False,False,['firmatario'],,comune di segrate,comuni,segrate,milano,lombardia,firmatario
45.496995,9.329218,Comune di Pioltello,Pioltello,Milano,Lombardia,Comuni,"firmatario, proponente, attore",True,True,True,False,False,False,False,"['firmatario', 'proponente', 'attore']",,comune di pioltello,comuni,pioltello,milano,lombardia,"firmatario, proponente, attore"
45.474483,9.351992,Comune di Rodano,Rodano,Milano,Lombardia,Comuni,firmatario,True,False,False,False,False,False,False,['firmatario'],,comune di rodano,comuni,rodano,milano,lombardia,firmatario
45.591594,9.494316,Comune di Grezzago,Grezzago,Milano,Lombardia,Comuni,firmatario,True,False,False,False,False,False,False,['firmatario'],,comune di grezzago,comuni,grezzago,milano,lombardia,firmatario
45.577298,9.500832,Comune di Pozzo d’Adda,Pozzo D’Adda,Milano,Lombardia,Comuni,firmatario,True,False,False,False,False,False,False,['firmatario'],,comune di pozzo d’adda,comuni,pozzo d’adda,milano,lombardia,firmatario
45.583168,9.488901,Comune di Trezzano Rosa,Trezzano Rosa,Milano,Lombardia,Comuni,firmatario,True,False,False,False,False,False,False,['firmatario'],,comune di trezzano rosa,comuni,trezzano rosa,milano,lombardia,firmatario
45.610054,9.519998,Comune di Trezzo sull’Adda,Trezzo Sull’Adda,Milano,Lombardia,Comuni,"firmatario, proponente, attore",True,True,True,False,False,False,False,"['firmatario', 'proponente', 'attore']",,comune di trezzo sull’adda,comuni,trezzo sull’adda,milano,lombardia,"firmatario, proponente, attore"
45.575532,9.532451,Comune di Vaprio d’Adda,Vaprio D’Adda,Milano,Lombardia,Comuni,firmatario,True,False,False,False,False,False,False,['firmatario'],,comune di vaprio d’adda,comuni,vaprio d’adda,milano,lombardia,firmatario
45.478254,9.128111,ATS della Città Metropolitana di Milano,Milano,Milano,Lombardia,ASL (consultori familiari e altri servizi territoriali),"firmatario, attore",True,False,True,False,False,False,False,"['firmatario', 'attore']",,ats della città metropolitana di milano,asl (consultori familiari e altri servizi territoriali),milano,milano,lombardia,"firmatario, attore"
45.466647,9.190648,Dialogica Cooperativa Sociale,Milano,Milano,Lombardia,IMPRESE SOCIALI,"firmatario, attore",True,False,True,False,False,False,False,"['firmatario', 'attore']",,dialogica cooperativa sociale,imprese sociali,milano,milano,lombardia,"firmatario, attore"
45.498072,9.424438,Centro di Aiuto alla Vita ONLUS - Melzo,Melzo,Milano,Lombardia,ORGANIZZAZIONI DI VOLONTARIATO,"firmatario, proponente, attore",True,True,True,False,False,False,False,"['firmatario', 'proponente', 'attore']",,centro di aiuto alla vita onlus - melzo,organizzazioni di volontariato,melzo,milano,lombardia,"firmatario, proponente, attore"
45.401563,10.277085,Associazione Lombarda Studi Politici Economici e Sociali (A.L.S.P.E.S.),Ghedi,Brescia,Lombardia,ORGANIZZAZIONI DI VOLONTARIATO,"firmatario, attore",True,False,True,False,False,False,False,"['firmatario', 'attore']",,associazione lombarda studi politici economici e sociali (a.l.s.p.e.s.),organizzazioni di volontariato,ghedi,brescia,lombardia,"firmatario, attore"
45.498072,9.424438,SPI - CGIL - MELZO,Melzo,Milano,Lombardia,Sindacati/Associazioni di categoria,"firmatario, proponente, attore",True,True,True,False,False,False,False,"['firmatario', 'proponente', 'attore']",,spi - cgil - melzo,sindacati/associazioni di categoria,melzo,milano,lombardia,"firmatario, proponente, attore"
45.401563,10.277085,Associazione Primo Passo,Ghedi,Brescia,Lombardia,ORGANIZZAZIONI DI VOLONTARIATO,"firmatario, attore",True,False,True,False,False,False,False,"['firmatario', 'attore']",,associazione primo passo,organizzazioni di volontariato,ghedi,brescia,lombardia,"firmatario, attore"
45.401563,10.277085,Associazione Blimunde - Sguardi di donne su salute e medicina,Ghedi,Brescia,Lombardia,Ente terzo settore - ETS (iscritto al RUNTS) costituito da donne per le donne,"firmatario, attore, gestione",True,False,True,True,False,False,True,"['firmatario', 'attore', 'gestione']",gestione,associazione blimunde - sguardi di donne su salute e medicina,ente terzo settore - ets (iscritto al runts) costituito da donne per le donne,ghedi,brescia,lombardia,"firmatario, attore, gestione"
45.590166,9.545285,Associazione Mariposa,Trezzo Sull’ Adda,Milano,Lombardia,Ente terzo settore - ETS (iscritto al RUNTS) costituito da donne per le donne,"firmatario, attore, gestione",True,False,True,True,False,False,True,"['firmatario', 'attore', 'gestione']",gestione,associazione mariposa,ente terzo settore - ets (iscritto al runts) costituito da donne per le donne,trezzo sull’ adda,milano,lombardia,"firmatario, attore, gestione"
45.401563,10.277085,Associazione Culturale Theao,Ghedi,Brescia,Lombardia,ORGANIZZAZIONI DI VOLONTARIATO,"firmatario, attore",True,False,True,False,False,False,False,"['firmatario', 'attore']",,associazione culturale theao,organizzazioni di volontariato,ghedi,brescia,lombardia,"firmatario, attore"
45.536445,9.372225,ANPI Bussero,Bussero,Milano,Lombardia,Ente terzo settore - ETS (iscritto al RUNTS),"firmatario, attore",True,False,True,False,False,False,False,"['firmatario', 'attore']",,anpi bussero,ente terzo settore - ets (iscritto al runts),bussero,milano,lombardia,"firmatario, attore"
45.498072,9.424438,Circolo Acli “A. Grandi” Melzo,Melzo,Milano,Lombardia,Ente terzo settore - ETS (iscritto al RUNTS),"firmatario, proponente, attore",True,True,True,False,False,False,False,"['firmatario', 'proponente', 'attore']",,circolo acli “a. grandi” melzo,ente terzo settore - ets (iscritto al runts),melzo,milano,lombardia,"firmatario, proponente, attore"
45.498072,9.424438,Fondazione Tuendelee ONLUS,Melzo,Milano,Lombardia,ALTRI ENTI DEL TERZO SETTORE,"firmatario, attore",True,False,True,False,False,False,False,"['firmatario', 'attore']",,fondazione tuendelee onlus,altri enti del terzo settore,melzo,milano,lombardia,"firmatario, attore"
45.613169,9.369745,Cooperativa sociale AERIS a.r.l.,Vimercate,Monza E Della Brianza,Lombardia,IMPRESE SOCIALI,"firmatario, attore",True,False,True,False,False,False,False,"['firmatario', 'attore']",,cooperativa sociale aeris a.r.l.,imprese sociali,vimercate,monza e della brianza,lombardia,"firmatario, attore"
45.466647,9.190648,CGIL Camera del Lavoro Metropolitana di Milano,Milano,Milano,Lombardia,Sindacati/Associazioni di categoria,"firmatario, attore",True,False,True,False,False,False,False,"['firmatario', 'attore']",,cgil camera del lavoro metropolitana di milano,sindacati/associazioni di categoria,milano,milano,lombardia,"firmatario, attore"
45.540994,9.48181,Fondazione Ospedale Marchesi di Inzago,Inzago,Milano,Lombardia,"Ospedale (Pronto soccorso, ecc.)","firmatario, attore",True,False,True,False,False,False,False,"['firmatario', 'attore']",,fondazione ospedale marchesi di inzago,"ospedale (pronto soccorso, ecc.)",inzago,milano,lombardia,"firmatario, attore"
45.498072,9.424438,Ambito Distretto 5 Melzo,Melzo,Milano,Lombardia,"Ambiti della programmazione sociale e socio-sanitaria (Ambiti Sociali, Piani di Zona, Distretti socio-sanitari, Società della Salute)","firmatario, proponente, attore",True,True,True,False,False,False,False,"['firmatario', 'proponente', 'attore']",,ambito distretto 5 melzo,"ambiti della programmazione sociale e socio-sanitaria (ambiti sociali, piani di zona, distretti socio-sanitari, società della salute)",melzo,milano,lombardia,"firmatario, proponente, attore"
45.523825,9.333038,Ambito Distretto 4 Cernusco sul Naviglio,Cernusco Sul Naviglio,Milano,Lombardia,"Ambiti della programmazione sociale e socio-sanitaria (Ambiti Sociali, Piani di Zona, Distretti socio-sanitari, Società della Salute)","firmatario, proponente, attore",True,True,True,False,False,False,False,"['firmatario', 'proponente', 'attore']",,ambito distretto 4 cernusco sul naviglio,"ambiti della programmazione sociale e socio-sanitaria (ambiti sociali, piani di zona, distretti socio-sanitari, società della salute)",cernusco sul naviglio,milano,lombardia,"firmatario, proponente, attore"
45.496995,9.329218,Ambito Distretto 3 Est Milano Pioltello,Pioltello,Milano,Lombardia,"Ambiti della programmazione sociale e socio-sanitaria (Ambiti Sociali, Piani di Zona, Distretti socio-sanitari, Società della Salute)","firmatario, proponente, attore",True,True,True,False,False,False,False,"['firmatario', 'proponente', 'attore']",,ambito distretto 3 est milano pioltello,"ambiti della programmazione sociale e socio-sanitaria (ambiti sociali, piani di zona, distretti socio-sanitari, società della salute)",pioltello,milano,lombardia,"firmatario, proponente, attore"
45.610054,9.519998,Ambito Distretto 8 Trezzo sull’Adda,Trezzo Sull’Adda,Milano,Lombardia,"Ambiti della programmazione sociale e socio-sanitaria (Ambiti Sociali, Piani di Zona, Distretti socio-sanitari, Società della Salute)","firmatario, proponente, attore",True,True,True,False,False,False,False,"['firmatario', 'proponente', 'attore']",,ambito distretto 8 trezzo sull’adda,"ambiti della programmazione sociale e socio-sanitaria (ambiti sociali, piani di zona, distretti socio-sanitari, società della salute)",trezzo sull’adda,milano,lombardia,"firmatario, proponente, attore"
45.525549,9.52078,Centro Antiviolenza Cassano d’Adda,Cassano D’Adda,Milano,Lombardia,CAV/Centri Antiviolenza,"firmatario, attore",True,False,True,False,False,False,False,"['firmatario', 'attore']",,centro antiviolenza cassano d’adda,cav/centri antiviolenza,cassano d’adda,milano,lombardia,"firmatario, attore"
45.523825,9.333038,Sportello Donna,Cernusco Sul Naviglio,Milano,Lombardia,Centri/Sportelli di ascolto,attore,False,False,True,False,False,False,False,['attore'],,sportello donna,centri/sportelli di ascolto,cernusco sul naviglio,milano,lombardia,attore
45.525549,9.52078,Parrocchia di San Zeno,Cassano D’Adda,Milano,Lombardia,Altro,,False,False,False,False,False,False,False,[],,parrocchia di san zeno,altro,cassano d’adda,milano,lombardia,
45.684544,9.71788,Comune di Seriate,Seriate,Bergamo,Lombardia,Comuni,"firmatario, proponente, attore",True,True,True,False,False,False,False,"['firmatario', 'proponente', 'attore']",,comune di seriate,comuni,seriate,bergamo,lombardia,"firmatario, proponente, attore"
45.684544,9.71788,Ambito Territoriale Sociale di Seriate,Seriate,Bergamo,Lombardia,"Ambiti della programmazione sociale e socio-sanitaria (Ambiti Sociali, Piani di Zona, Distretti socio-sanitari, Società della Salute)","firmatario, proponente, attore",True,True,True,False,False,False,False,"['firmatario', 'proponente', 'attore']",,ambito territoriale sociale di seriate,"ambiti della programmazione sociale e socio-sanitaria (ambiti sociali, piani di zona, distretti socio-sanitari, società della salute)",seriate,bergamo,lombardia,"firmatario, proponente, attore"
45.635546,9.87296,Ambito Territoriale Sociale di Grumello del Monte,Grumello Del Monte,Bergamo,Lombardia,"Ambiti della programmazione sociale e socio-sanitaria (Ambiti Sociali, Piani di Zona, Distretti socio-sanitari, Società della Salute)","firmatario, attore",True,False,True,False,False,False,False,"['firmatario', 'attore']",,ambito territoriale sociale di grumello del monte,"ambiti della programmazione sociale e socio-sanitaria (ambiti sociali, piani di zona, distretti socio-sanitari, società della salute)",grumello del monte,bergamo,lombardia,"firmatario, attore"
45.694785,9.667711,Procura della Repubblica presso il Tribunale Ordinario di Bergamo,Bergamo,Bergamo,Lombardia,Procura Ordinaria/Tribunale/Corte d'appello,"firmatario, attore",True,False,True,False,False,False,False,"['firmatario', 'attore']",,procura della repubblica presso il tribunale ordinario di bergamo,procura ordinaria/tribunale/corte d'appello,bergamo,bergamo,lombardia,"firmatario, attore"
45.401563,10.277085,Associazione “Aiuto Donna - Uscire dalla violenza” Onlus,Ghedi,Brescia,Lombardia,CAV/Centri Antiviolenza,"firmatario, attore",True,False,True,False,False,False,False,"['firmatario', 'attore']",,associazione “aiuto donna - uscire dalla violenza” onlus,cav/centri antiviolenza,ghedi,brescia,lombardia,"firmatario, attore"
45.694785,9.667711,Cooperativa Sociale GenerAzioni Fa,Bergamo,Bergamo,Lombardia,Case Rifugio,"firmatario, attore",True,False,True,False,False,False,False,"['firmatario', 'attore']",,cooperativa sociale generazioni fa,case rifugio,bergamo,bergamo,lombardia,"firmatario, attore"
45.694785,9.667711,A.T.S. - Azienda di Tutela della Salute di Bergamo,Bergamo,Bergamo,Lombardia,ASL (consultori familiari e altri servizi territoriali),"firmatario, attore",True,False,True,False,False,False,False,"['firmatario', 'attore']",,a.t.s. - azienda di tutela della salute di bergamo,asl (consultori familiari e altri servizi territoriali),bergamo,bergamo,lombardia,"firmatario, attore"
45.694785,9.667711,Ordine dei Medici Chirurghi e Odontoiatri di Bergamo,Bergamo,Bergamo,Lombardia,Ordine medici e odontoiatri e Ordine farmacisti,"firmatario, attore",True,False,True,False,False,False,False,"['firmatario', 'attore']",,ordine dei medici chirurghi e odontoiatri di bergamo,ordine medici e odontoiatri e ordine farmacisti,bergamo,bergamo,lombardia,"firmatario, attore"
45.694785,9.667711,Ordine Professioni Infermieristiche di Bergamo,Bergamo,Bergamo,Lombardia,Altri ordini professionali,"firmatario, attore",True,False,True,False,False,False,False,"['firmatario', 'attore']",,ordine professioni infermieristiche di bergamo,altri ordini professionali,bergamo,bergamo,lombardia,"firmatario, attore"
45.740092,9.744938,Consigliera di Parita Provincia di Bergamo,Bergamo,Bergamo,Lombardia,Organismi di parità,"firmatario, attore",True,False,True,False,False,False,False,"['firmatario', 'attore']",,consigliera di parita provincia di bergamo,organismi di parità,bergamo,bergamo,lombardia,"firmatario, attore"
45.401563,10.277085,"Associazione LEDHA, lega per i diritti delle persone con disabilita",Ghedi,Brescia,Lombardia,ORGANIZZAZIONI DI VOLONTARIATO,"firmatario, attore",True,False,True,False,False,False,False,"['firmatario', 'attore']",,"associazione ledha, lega per i diritti delle persone con disabilita",organizzazioni di volontariato,ghedi,brescia,lombardia,"firmatario, attore"
45.401563,10.277085,Associazione La Svolta,Ghedi,Brescia,Lombardia,"Associazioni che si occupano di programmi di prevenzione, recupero e trattamento per uomini maltrattanti","firmatario, attore",True,False,True,False,False,False,False,"['firmatario', 'attore']",,associazione la svolta,"associazioni che si occupano di programmi di prevenzione, recupero e trattamento per uomini maltrattanti",ghedi,brescia,lombardia,"firmatario, attore"
45.401563,10.277085,Associazione Fior di Loto,Ghedi,Brescia,Lombardia,ORGANIZZAZIONI DI VOLONTARIATO,"firmatario, attore",True,False,True,False,False,False,False,"['firmatario', 'attore']",,associazione fior di loto,organizzazioni di volontariato,ghedi,brescia,lombardia,"firmatario, attore"
45.694785,9.667711,Ente Bilaterale Territoriale del Terziario di Bergamo,Bergamo,Bergamo,Lombardia,Altro,"firmatario, attore",True,False,True,False,False,False,False,"['firmatario', 'attore']",,ente bilaterale territoriale del terziario di bergamo,altro,bergamo,bergamo,lombardia,"firmatario, attore"
45.818492,8.82403,Comune di Varese,Varese,Varese,Lombardia,Comuni,"firmatario, attore",True,False,True,False,False,False,False,"['firmatario', 'attore']",,comune di varese,comuni,varese,varese,lombardia,"firmatario, attore"
45.818492,8.82403,Prefettura - UTG di Varese,Varese,Varese,Lombardia,Prefettura,"firmatario, attore",True,False,True,False,False,False,False,"['firmatario', 'attore']",,prefettura - utg di varese,prefettura,varese,varese,lombardia,"firmatario, attore"
45.818492,8.82403,Questura di Varese,Varese,Varese,Lombardia,Questura,"firmatario, attore",True,False,True,False,False,False,False,"['firmatario', 'attore']",,questura di varese,questura,varese,varese,lombardia,"firmatario, attore"
45.809018,8.785278,Provincia di Varese,Varese,Varese,Lombardia,Province/Città metropolitane,"firmatario, attore",True,False,True,False,False,False,False,"['firmatario', 'attore']",,provincia di varese,province/città metropolitane,varese,varese,lombardia,"firmatario, attore"
45.809018,8.785278,Consigliera di Parita della Provincia di Varese,Varese,Varese,Lombardia,Organismi di parità,"firmatario, attore",True,False,True,False,False,False,False,"['firmatario', 'attore']",,consigliera di parita della provincia di varese,organismi di parità,varese,varese,lombardia,"firmatario, attore"
45.809018,8.785278,Ufficio Scolastico Territoriale di Varese,Varese,Varese,Lombardia,Scuole/Ufficio scolastico provinciale e regionale,"firmatario, attore",True,False,True,False,False,False,False,"['firmatario', 'attore']",,ufficio scolastico territoriale di varese,scuole/ufficio scolastico provinciale e regionale,varese,varese,lombardia,"firmatario, attore"
45.818492,8.82403,Ambito Distrettuale Sociale di Varese,Varese,Varese,Lombardia,"Ambiti della programmazione sociale e socio-sanitaria (Ambiti Sociali, Piani di Zona, Distretti socio-sanitari, Società della Salute)","firmatario, attore",True,False,True,False,False,False,False,"['firmatario', 'attore']",,ambito distrettuale sociale di varese,"ambiti della programmazione sociale e socio-sanitaria (ambiti sociali, piani di zona, distretti socio-sanitari, società della salute)",varese,varese,lombardia,"firmatario, attore"
46.002542,8.74242,Ambito Distrettuale Sociale di Luino,Luino,Varese,Lombardia,"Ambiti della programmazione sociale e socio-sanitaria (Ambiti Sociali, Piani di Zona, Distretti socio-sanitari, Società della Salute)","firmatario, attore",True,False,True,False,False,False,False,"['firmatario', 'attore']",,ambito distrettuale sociale di luino,"ambiti della programmazione sociale e socio-sanitaria (ambiti sociali, piani di zona, distretti socio-sanitari, società della salute)",luino,varese,lombardia,"firmatario, attore"
45.713512,8.905978,Ambito Distrettuale Sociale di Tradate,Tradate,Varese,Lombardia,"Ambiti della programmazione sociale e socio-sanitaria (Ambiti Sociali, Piani di Zona, Distretti socio-sanitari, Società della Salute)","firmatario, attore",True,False,True,False,False,False,False,"['firmatario', 'attore']",,ambito distrettuale sociale di tradate,"ambiti della programmazione sociale e socio-sanitaria (ambiti sociali, piani di zona, distretti socio-sanitari, società della salute)",tradate,varese,lombardia,"firmatario, attore"
45.723744,8.631434,Ambito Distrettuale Sociale di Sesto Calende,Sesto Calende,Varese,Lombardia,"Ambiti della programmazione sociale e socio-sanitaria (Ambiti Sociali, Piani di Zona, Distretti socio-sanitari, Società della Salute)","firmatario, attore",True,False,True,False,False,False,False,"['firmatario', 'attore']",,ambito distrettuale sociale di sesto calende,"ambiti della programmazione sociale e socio-sanitaria (ambiti sociali, piani di zona, distretti socio-sanitari, società della salute)",sesto calende,varese,lombardia,"firmatario, attore"
45.781244,8.796645,Ambito Distrettuale Sociale di Azzate,Azzate,Varese,Lombardia,"Ambiti della programmazione sociale e socio-sanitaria (Ambiti Sociali, Piani di Zona, Distretti socio-sanitari, Società della Salute)","firmatario, attore",True,False,True,False,False,False,False,"['firmatario', 'attore']",,ambito distrettuale sociale di azzate,"ambiti della programmazione sociale e socio-sanitaria (ambiti sociali, piani di zona, distretti socio-sanitari, società della salute)",azzate,varese,lombardia,"firmatario, attore"
45.629154,8.901505,Comune di Marnate,Marnate,Varese,Lombardia,Comuni,"firmatario, attore",True,False,True,False,False,False,False,"['firmatario', 'attore']",,comune di marnate,comuni,marnate,varese,lombardia,"firmatario, attore"
45.818492,8.82403,Fondazione Felicita Morandi,Varese,Varese,Lombardia,CAV/Centri Antiviolenza,"firmatario, attore",True,False,True,False,False,False,False,"['firmatario', 'attore']",,fondazione felicita morandi,cav/centri antiviolenza,varese,varese,lombardia,"firmatario, attore"
45.401563,10.277085,Associazione Eos,Ghedi,Brescia,Lombardia,ORGANIZZAZIONI DI VOLONTARIATO,"firmatario, attore",True,False,True,False,False,False,False,"['firmatario', 'attore']",,associazione eos,organizzazioni di volontariato,ghedi,brescia,lombardia,"firmatario, attore"
45.401563,10.277085,Associazione Icore,Ghedi,Brescia,Lombardia,ORGANIZZAZIONI DI VOLONTARIATO,"firmatario, attore",True,False,True,False,False,False,False,"['firmatario', 'attore']",,associazione icore,organizzazioni di volontariato,ghedi,brescia,lombardia,"firmatario, attore"
45.401563,10.277085,Associazione Donna Sicura,Ghedi,Brescia,Lombardia,ORGANIZZAZIONI DI VOLONTARIATO,"firmatario, attore",True,False,True,False,False,False,False,"['firmatario', 'attore']",,associazione donna sicura,organizzazioni di volontariato,ghedi,brescia,lombardia,"firmatario, attore"
45.401563,10.277085,Associazione Amico Fragile,Ghedi,Brescia,Lombardia,ORGANIZZAZIONI DI VOLONTARIATO,"firmatario, attore",True,False,True,False,False,False,False,"['firmatario', 'attore']",,associazione amico fragile,organizzazioni di volontariato,ghedi,brescia,lombardia,"firmatario, attore"
45.401563,10.277085,Associazione Tutela la Persona,Ghedi,Brescia,Lombardia,ORGANIZZAZIONI DI VOLONTARIATO,"firmatario, attore",True,False,True,False,False,False,False,"['firmatario', 'attore']",,associazione tutela la persona,organizzazioni di volontariato,ghedi,brescia,lombardia,"firmatario, attore"
45.614125,8.854995,Comune di Busto Arsizio,Busto Arsizio,Varese,Lombardia,Comuni,"firmatario, attore",True,False,True,False,False,False,False,"['firmatario', 'attore']",,comune di busto arsizio,comuni,busto arsizio,varese,lombardia,"firmatario, attore"
45.660204,8.793232,Comune di Gallarate,Gallarate,Varese,Lombardia,Comuni,"firmatario, attore",True,False,True,False,False,False,False,"['firmatario', 'attore']",,comune di gallarate,comuni,gallarate,varese,lombardia,"firmatario, attore"
45.623747,9.036405,Comune di Saronno,Saronno,Varese,Lombardia,Comuni,"firmatario, attore",True,False,True,False,False,False,False,"['firmatario', 'attore']",,comune di saronno,comuni,saronno,varese,lombardia,"firmatario, attore"
45.68348,8.706517,Comune di Somma Lombardo,Somma Lombardo,Varese,Lombardia,Comuni,"firmatario, attore",True,False,True,False,False,False,False,"['firmatario', 'attore']",,comune di somma lombardo,comuni,somma lombardo,varese,lombardia,"firmatario, attore"
45.723882,8.80386,Albizzate,Albizzate,Varese,Lombardia,Comuni,attore,False,False,True,False,False,False,False,['attore'],,albizzate,comuni,albizzate,varese,lombardia,attore
45.692486,8.873371,Cairate,Cairate,Varese,Lombardia,Comuni,attore,False,False,True,False,False,False,False,['attore'],,cairate,comuni,cairate,varese,lombardia,attore
45.67503,8.821931,Cassano Magnago,Cassano Magnago,Varese,Lombardia,Comuni,attore,False,False,True,False,False,False,False,['attore'],,cassano magnago,comuni,cassano magnago,varese,lombardia,attore
45.694761,8.804982,Cavaria con Premezzo,Cavaria Con Premezzo,Varese,Lombardia,Comuni,attore,False,False,True,False,False,False,False,['attore'],,cavaria con premezzo,comuni,cavaria con premezzo,varese,lombardia,attore
45.707394,8.790772,Jerago con Orago,Jerago Con Orago,Varese,Lombardia,Comuni,attore,False,False,True,False,False,False,False,['attore'],,jerago con orago,comuni,jerago con orago,varese,lombardia,attore
45.700755,8.822676,Oggiona con Santo Stefano,Oggiona Con Santo Stefano,Varese,Lombardia,Comuni,attore,False,False,True,False,False,False,False,['attore'],,oggiona con santo stefano,comuni,oggiona con santo stefano,varese,lombardia,attore
45.630345,8.785092,Samarate,Samarate,Varese,Lombardia,Comuni,attore,False,False,True,False,False,False,False,['attore'],,samarate,comuni,samarate,varese,lombardia,attore
45.719545,8.815289,Solbiate Arno,Solbiate Arno,Varese,Lombardia,Comuni,attore,False,False,True,False,False,False,False,['attore'],,solbiate arno,comuni,solbiate arno,varese,lombardia,attore
45.59741,9.048516,Caronno Pertusella,Caronno Pertusella,Varese,Lombardia,Comuni,attore,False,False,True,False,False,False,False,['attore'],,caronno pertusella,comuni,caronno pertusella,varese,lombardia,attore
45.660687,8.970685,Cislago,Cislago,Varese,Lombardia,Comuni,attore,False,False,True,False,False,False,False,['attore'],,cislago,comuni,cislago,varese,lombardia,attore
45.639002,8.998817,Gerenzano,Gerenzano,Varese,Lombardia,Comuni,attore,False,False,True,False,False,False,False,['attore'],,gerenzano,comuni,gerenzano,varese,lombardia,attore
45.599757,9.017638,Origgio,Origgio,Varese,Lombardia,Comuni,attore,False,False,True,False,False,False,False,['attore'],,origgio,comuni,origgio,varese,lombardia,attore
45.61072,9.003069,Uboldo,Uboldo,Varese,Lombardia,Comuni,attore,False,False,True,False,False,False,False,['attore'],,uboldo,comuni,uboldo,varese,lombardia,attore
45.688006,8.731071,Arsago Seprio,Arsago Seprio,Varese,Lombardia,Comuni,attore,False,False,True,False,False,False,False,['attore'],,arsago seprio,comuni,arsago seprio,varese,lombardia,attore
45.70044,8.769548,Besnate,Besnate,Varese,Lombardia,Comuni,attore,False,False,True,False,False,False,False,['attore'],,besnate,comuni,besnate,varese,lombardia,attore
45.644508,8.773165,Cardano al Campo,Cardano Al Campo,Varese,Lombardia,Comuni,attore,False,False,True,False,False,False,False,['attore'],,cardano al campo,comuni,cardano al campo,varese,lombardia,attore
45.671682,8.740339,Casorate Sempione,Casorate Sempione,Varese,Lombardia,Comuni,attore,False,False,True,False,False,False,False,['attore'],,casorate sempione,comuni,casorate sempione,varese,lombardia,attore
45.611592,8.758864,Ferno,Ferno,Varese,Lombardia,Comuni,attore,False,False,True,False,False,False,False,['attore'],,ferno,comuni,ferno,varese,lombardia,attore
45.696834,8.655029,Golasecca,Golasecca,Varese,Lombardia,Comuni,attore,False,False,True,False,False,False,False,['attore'],,golasecca,comuni,golasecca,varese,lombardia,attore
45.599498,8.751005,Lonate Pozzolo,Lonate Pozzolo,Varese,Lombardia,Comuni,attore,False,False,True,False,False,False,False,['attore'],,lonate pozzolo,comuni,lonate pozzolo,varese,lombardia,attore
45.631184,8.685376,Vizzola Ticino,Vizzola Ticino,Varese,Lombardia,Comuni,attore,False,False,True,False,False,False,False,['attore'],,vizzola ticino,comuni,vizzola ticino,varese,lombardia,attore
45.614125,8.854995,E.VA Emergenza contro la violenza - ODV (E.VA ODV),Busto Arsizio,Varese,Lombardia,CAV/Centri Antiviolenza,"firmatario, attore",True,False,True,False,False,False,False,"['firmatario', 'attore']",,e.va emergenza contro la violenza - odv (e.va odv),cav/centri antiviolenza,busto arsizio,varese,lombardia,"firmatario, attore"
45.623747,9.036405,Rete Rosa ODV,Saronno,Varese,Lombardia,CAV/Centri Antiviolenza,"firmatario, attore",True,False,True,False,False,False,False,"['firmatario', 'attore']",,rete rosa odv,cav/centri antiviolenza,saronno,varese,lombardia,"firmatario, attore"
45.713512,8.905978,Baobab Cooperativa Sociale,Tradate,Varese,Lombardia,Case Rifugio,"firmatario, attore, gestione",True,False,True,True,False,False,True,"['firmatario', 'attore', 'gestione']",gestione,baobab cooperativa sociale,case rifugio,tradate,varese,lombardia,"firmatario, attore, gestione"
45.818492,8.82403,Fondazione Felicita Morandi ets,Varese,Varese,Lombardia,Case Rifugio,"firmatario, attore, gestione",True,False,True,True,False,False,True,"['firmatario', 'attore', 'gestione']",gestione,fondazione felicita morandi ets,case rifugio,varese,varese,lombardia,"firmatario, attore, gestione"
45.809018,8.785278,Provincia di Varese,Varese,Varese,Lombardia,Province/Città metropolitane,,False,False,False,False,False,False,False,[],,provincia di varese,province/città metropolitane,varese,varese,lombardia,
45.818492,8.82403,Comune di Varese,Varese,Varese,Lombardia,Comuni,,False,False,False,False,False,False,False,[],,comune di varese,comuni,varese,varese,lombardia,
45.810011,9.085156,Comune di Como,Como,Como,Lombardia,Comuni,,False,False,False,False,False,False,False,[],,comune di como,comuni,como,como,lombardia,
45.466647,9.190648,Tribunale per i Minori di Milano,Milano,Milano,Lombardia,Procura Minorile/Tribunale minorile,,False,False,False,False,False,False,False,[],,tribunale per i minori di milano,procura minorile/tribunale minorile,milano,milano,lombardia,
45.614125,8.854995,Tribunale Ordinario di Busto Arsizio,Busto Arsizio,Varese,Lombardia,Procura Ordinaria/Tribunale/Corte d'appello,"firmatario, attore",True,False,True,False,False,False,False,"['firmatario', 'attore']",,tribunale ordinario di busto arsizio,procura ordinaria/tribunale/corte d'appello,busto arsizio,varese,lombardia,"firmatario, attore"
45.469378,10.539656,Comune di Desenzano del Garda,Desenzano Del Garda,Brescia,Lombardia,Comuni,attore,False,False,True,False,False,False,False,['attore'],,comune di desenzano del garda,comuni,desenzano del garda,brescia,lombardia,attore
45.539936,10.219113,Prefettura di Brescia,Brescia,Brescia,Lombardia,Prefettura,attore,False,False,True,False,False,False,False,['attore'],,prefettura di brescia,prefettura,brescia,brescia,lombardia,attore
45.469378,10.539656,Centro Aiuto Vita CAV di Desenzano del Garda,Desenzano Del Garda,Brescia,Lombardia,CAV/Centri Antiviolenza,attore,False,False,True,False,False,False,False,['attore'],,centro aiuto vita cav di desenzano del garda,cav/centri antiviolenza,desenzano del garda,brescia,lombardia,attore
45.469378,10.539656,Associazione Gratitudine Onlus di Desenzano del Garda,Desenzano Del Garda,Brescia,Lombardia,ORGANIZZAZIONI DI VOLONTARIATO,attore,False,False,True,False,False,False,False,['attore'],,associazione gratitudine onlus di desenzano del garda,organizzazioni di volontariato,desenzano del garda,brescia,lombardia,attore
45.539936,10.219113,CGIL Camera del Lavoro Territoriale di Brescia,Brescia,Brescia,Lombardia,Sindacati/Associazioni di categoria,attore,False,False,True,False,False,False,False,['attore'],,cgil camera del lavoro territoriale di brescia,sindacati/associazioni di categoria,brescia,brescia,lombardia,attore
45.539936,10.219113,CISL - Unione Sindacale Territoriale di Brescia,Brescia,Brescia,Lombardia,Sindacati/Associazioni di categoria,attore,False,False,True,False,False,False,False,['attore'],,cisl - unione sindacale territoriale di brescia,sindacati/associazioni di categoria,brescia,brescia,lombardia,attore
45.354721,10.138846,Associazione Donne Oltre - Manerbio,Manerbio,Brescia,Lombardia,ORGANIZZAZIONI DI VOLONTARIATO,attore,False,False,True,False,False,False,False,['attore'],,associazione donne oltre - manerbio,organizzazioni di volontariato,manerbio,brescia,lombardia,attore
45.642039,10.255528,Istituto Comprensivo Desenzano 1,Desenzano Del Garda,Brescia,Lombardia,Scuole/Ufficio scolastico provinciale e regionale,attore,False,False,True,False,False,False,False,['attore'],,istituto comprensivo desenzano 1,scuole/ufficio scolastico provinciale e regionale,desenzano del garda,brescia,lombardia,attore
45.642039,10.255528,Istitytto Cofprensivo Ugo da Como Lonato del Garda,Lonato Del Garda,Brescia,Lombardia,Scuole/Ufficio scolastico provinciale e regionale,attore,False,False,True,False,False,False,False,['attore'],,istitytto cofprensivo ugo da como lonato del garda,scuole/ufficio scolastico provinciale e regionale,lonato del garda,brescia,lombardia,attore
45.642039,10.255528,Istituto Comprensivo GARGNANO,Gargnano,Brescia,Lombardia,Scuole/Ufficio scolastico provinciale e regionale,attore,False,False,True,False,False,False,False,['attore'],,istituto comprensivo gargnano,scuole/ufficio scolastico provinciale e regionale,gargnano,brescia,lombardia,attore
45.642039,10.255528,Istituto Comprensivo Sald,Salo,Brescia,Lombardia,Scuole/Ufficio scolastico provinciale e regionale,attore,False,False,True,False,False,False,False,['attore'],,istituto comprensivo sald,scuole/ufficio scolastico provinciale e regionale,salo,brescia,lombardia,attore
45.793416,10.273432,Comune di Bovegno,Bovegno,Brescia,Lombardia,Comuni,"proponente, attore",False,True,True,False,False,False,False,"['proponente', 'attore']",,comune di bovegno,comuni,bovegno,brescia,lombardia,"proponente, attore"
45.59131,10.243097,Comune di Bovezzo,Bovezzo,Brescia,Lombardia,Comuni,"proponente, attore",False,True,True,False,False,False,False,"['proponente', 'attore']",,comune di bovezzo,comuni,bovezzo,brescia,lombardia,"proponente, attore"
45.639418,10.142247,Comune di Brione,Brione,Brescia,Lombardia,Comuni,"proponente, attore",False,True,True,False,False,False,False,"['proponente', 'attore']",,comune di brione,comuni,brione,brescia,lombardia,"proponente, attore"
45.612338,10.316165,Comune di Caino,Caino,Brescia,Lombardia,Comuni,"proponente, attore",False,True,True,False,False,False,False,"['proponente', 'attore']",,comune di caino,comuni,caino,brescia,lombardia,"proponente, attore"
45.607038,10.216294,Comune di Concesio,Concesio,Brescia,Lombardia,Comuni,"proponente, attore",False,True,True,False,False,False,False,"['proponente', 'attore']",,comune di concesio,comuni,concesio,brescia,lombardia,"proponente, attore"
45.688838,10.18306,Comune di Gardone Val Trompia,Gardone Val Trompia,Brescia,Lombardia,Comuni,"proponente, attore",False,True,True,False,False,False,False,"['proponente', 'attore']",,comune di gardone val trompia,comuni,gardone val trompia,brescia,lombardia,"proponente, attore"
45.771172,10.283989,Comune di Irma,Irma,Brescia,Lombardia,Comuni,"proponente, attore",False,True,True,False,False,False,False,"['proponente', 'attore']",,comune di irma,comuni,irma,brescia,lombardia,"proponente, attore"
45.717922,10.279044,Comune di Lodrino,Lodrino,Brescia,Lombardia,Comuni,"proponente, attore",False,True,True,False,False,False,False,"['proponente', 'attore']",,comune di lodrino,comuni,lodrino,brescia,lombardia,"proponente, attore"
45.650115,10.261779,Comune di Lumezzane,Lumezzane,Brescia,Lombardia,Comuni,"proponente, attore",False,True,True,False,False,False,False,"['proponente', 'attore']",,comune di lumezzane,comuni,lumezzane,brescia,lombardia,"proponente, attore"
45.706058,10.214198,Comune di Marcheno,Marcheno,Brescia,Lombardia,Comuni,"proponente, attore",False,True,True,False,False,False,False,"['proponente', 'attore']",,comune di marcheno,comuni,marcheno,brescia,lombardia,"proponente, attore"
45.755741,10.287402,Comune di Marmentino,Marmentino,Brescia,Lombardia,Comuni,"proponente, attore",False,True,True,False,False,False,False,"['proponente', 'attore']",,comune di marmentino,comuni,marmentino,brescia,lombardia,"proponente, attore"
45.585634,10.277968,Comune di Nave,Nave,Brescia,Lombardia,Comuni,"proponente, attore",False,True,True,False,False,False,False,"['proponente', 'attore']",,comune di nave,comuni,nave,brescia,lombardia,"proponente, attore"
45.774488,10.238113,Comune di Pezzaze,Pezzaze,Brescia,Lombardia,Comuni,"proponente, attore",False,True,True,False,False,False,False,"['proponente', 'attore']",,comune di pezzaze,comuni,pezzaze,brescia,lombardia,"proponente, attore"
45.660864,10.124498,Comune di Polaveno,Polaveno,Brescia,Lombardia,Comuni,"proponente, attore",False,True,True,False,False,False,False,"['proponente', 'attore']",,comune di polaveno,comuni,polaveno,brescia,lombardia,"proponente, attore"
45.653825,10.202975,Comune di Sarezzo,Sarezzo,Brescia,Lombardia,Comuni,"proponente, attore",False,True,True,False,False,False,False,"['proponente', 'attore']",,comune di sarezzo,comuni,sarezzo,brescia,lombardia,"proponente, attore"
45.748065,10.240281,Comune di Tavernole sul Mella,Tavernole Sul Mella,Brescia,Lombardia,Comuni,"proponente, attore",False,True,True,False,False,False,False,"['proponente', 'attore']",,comune di tavernole sul mella,comuni,tavernole sul mella,brescia,lombardia,"proponente, attore"
45.632423,10.193727,Comune di Villa Carcina,Villa Carcina,Brescia,Lombardia,Comuni,"proponente, attore",False,True,True,False,False,False,False,"['proponente', 'attore']",,comune di villa carcina,comuni,villa carcina,brescia,lombardia,"proponente, attore"
45.539936,10.219113,ASST SPEDALI CIVILI DI BRESCIA,Brescia,Brescia,Lombardia,"Ospedale (Pronto soccorso, ecc.)","firmatario, attore",True,False,True,False,False,False,False,"['firmatario', 'attore']",,asst spedali civili di brescia,"ospedale (pronto soccorso, ecc.)",brescia,brescia,lombardia,"firmatario, attore"
45.642039,10.255528,CONSIGLIERA DI PARITA’ PROVINCIA DI BRESCIA,Brescia,Brescia,Lombardia,Organismi di parità,"firmatario, attore",True,False,True,False,False,False,False,"['firmatario', 'attore']",,consigliera di parita’ provincia di brescia,organismi di parità,brescia,brescia,lombardia,"firmatario, attore"
45.133367,10.024209,CIVITAS,Cremona,Cremona,Lombardia,ORGANIZZAZIONI DI VOLONTARIATO,"firmatario, attore, gestione",True,False,True,True,False,False,True,"['firmatario', 'attore', 'gestione']",gestione,civitas,organizzazioni di volontariato,cremona,cremona,lombardia,"firmatario, attore, gestione"
45.401563,10.277085,ASSOCIAZIONE MULTIETNICA TERRE UNITE,Ghedi,Brescia,Lombardia,Case Rifugio,"firmatario, attore",True,False,True,False,False,False,False,"['firmatario', 'attore']",,associazione multietnica terre unite,case rifugio,ghedi,brescia,lombardia,"firmatario, attore"
45.539936,10.219113,PREFETTURA DI BRESCIA,Brescia,Brescia,Lombardia,Prefettura,"firmatario, attore, coordinamento",True,False,True,False,False,True,True,"['firmatario', 'attore', 'coordinamento']",coordinamento,prefettura di brescia,prefettura,brescia,brescia,lombardia,"firmatario, attore, coordinamento"
45.401563,10.277085,ASSOCIAZIONE ACLI,Ghedi,Brescia,Lombardia,ORGANIZZAZIONI DI VOLONTARIATO,"firmatario, attore",True,False,True,False,False,False,False,"['firmatario', 'attore']",,associazione acli,organizzazioni di volontariato,ghedi,brescia,lombardia,"firmatario, attore"
45.401563,10.277085,ASSOCIAZIONE EVA,Ghedi,Brescia,Lombardia,ORGANIZZAZIONI DI VOLONTARIATO,"firmatario, attore",True,False,True,False,False,False,False,"['firmatario', 'attore']",,associazione eva,organizzazioni di volontariato,ghedi,brescia,lombardia,"firmatario, attore"
45.819583,10.079159,CENTRO ITALIANO FEMMINILE,Lovere,Bergamo,Lombardia,ORGANIZZAZIONI DI VOLONTARIATO,"firmatario, attore",True,False,True,False,False,False,False,"['firmatario', 'attore']",,centro italiano femminile,organizzazioni di volontariato,lovere,bergamo,lombardia,"firmatario, attore"
45.401563,10.277085,ASSOCIAZIONE IRIDE,Ghedi,Brescia,Lombardia,ORGANIZZAZIONI DI VOLONTARIATO,"firmatario, attore",True,False,True,False,False,False,False,"['firmatario', 'attore']",,associazione iride,organizzazioni di volontariato,ghedi,brescia,lombardia,"firmatario, attore"
45.556176,10.074206,COOPERATIVA SOCIALE FRATERNITA’ IMPRONTA,Ospitaletto,Brescia,Lombardia,IMPRESE SOCIALI,"firmatario, attore",True,False,True,False,False,False,False,"['firmatario', 'attore']",,cooperativa sociale fraternita’ impronta,imprese sociali,ospitaletto,brescia,lombardia,"firmatario, attore"
45.745661,9.050538,COOPERATIVA SOCIALE LA VELA,Fino Mornasco,Como,Lombardia,ORGANIZZAZIONI DI VOLONTARIATO,"firmatario, attore",True,False,True,False,False,False,False,"['firmatario', 'attore']",,cooperativa sociale la vela,organizzazioni di volontariato,fino mornasco,como,lombardia,"firmatario, attore"
45.466647,9.190648,FORUM TERRITORIALE TERZO SETTORE,Milano,Milano,Lombardia,ASSOCIAZIONI DI PROMOZIONE SOCIALE,"firmatario, attore",True,False,True,False,False,False,False,"['firmatario', 'attore']",,forum territoriale terzo settore,associazioni di promozione sociale,milano,milano,lombardia,"firmatario, attore"
45.401563,10.277085,ASSOCIAZIONE IL CERCHIO DEGLI UOMINI,Ghedi,Brescia,Lombardia,"Associazioni che si occupano di programmi di prevenzione, recupero e trattamento per uomini maltrattanti","firmatario, attore",True,False,True,False,False,False,False,"['firmatario', 'attore']",,associazione il cerchio degli uomini,"associazioni che si occupano di programmi di prevenzione, recupero e trattamento per uomini maltrattanti",ghedi,brescia,lombardia,"firmatario, attore"
45.683606,9.531494,Comune di Terno d’Isola,Terno D’Isola,Bergamo,Lombardia,Comuni,"firmatario, attore",True,False,True,False,False,False,False,"['firmatario', 'attore']",,comune di terno d’isola,comuni,terno d’isola,bergamo,lombardia,"firmatario, attore"
45.720034,9.548911,Comune di Ambivere,Ambivere,Bergamo,Lombardia,Comuni,"firmatario, attore",True,False,True,False,False,False,False,"['firmatario', 'attore']",,comune di ambivere,comuni,ambivere,bergamo,lombardia,"firmatario, attore"
45.640761,9.503625,Comune di Bottanuco,Bottanuco,Bergamo,Lombardia,Comuni,"firmatario, attore",True,False,True,False,False,False,False,"['firmatario', 'attore']",,comune di bottanuco,comuni,bottanuco,bergamo,lombardia,"firmatario, attore"
45.682873,9.558359,Comune di Bonate Sopra,Bonate Sopra,Bergamo,Lombardia,Comuni,"firmatario, attore",True,False,True,False,False,False,False,"['firmatario', 'attore']",,comune di bonate sopra,comuni,bonate sopra,bergamo,lombardia,"firmatario, attore"
45.666574,9.561308,Comune di Bonate Sotto,Bonate Sotto,Bergamo,Lombardia,Comuni,"firmatario, attore",True,False,True,False,False,False,False,"['firmatario', 'attore']",,comune di bonate sotto,comuni,bonate sotto,bergamo,lombardia,"firmatario, attore"
45.603914,9.555231,Comune di Brembate,Brembate,Bergamo,Lombardia,Comuni,"firmatario, attore",True,False,True,False,False,False,False,"['firmatario', 'attore']",,comune di brembate,comuni,brembate,bergamo,lombardia,"firmatario, attore"
45.718064,9.579753,Comune di Brembate di Sopra,Brembate Di Sopra,Bergamo,Lombardia,Comuni,"firmatario, attore",True,False,True,False,False,False,False,"['firmatario', 'attore']",,comune di brembate di sopra,comuni,brembate di sopra,bergamo,lombardia,"firmatario, attore"
45.688647,9.470442,Comune di Calusco d’Adda,Calusco D’Adda,Bergamo,Lombardia,Comuni,"firmatario, attore",True,False,True,False,False,False,False,"['firmatario', 'attore']",,comune di calusco d’adda,comuni,calusco d’adda,bergamo,lombardia,"firmatario, attore"
45.608971,9.528258,Comune di Capriate San Gervasio,Capriate San Gervasio,Bergamo,Lombardia,Comuni,"firmatario, attore",True,False,True,False,False,False,False,"['firmatario', 'attore']",,comune di capriate san gervasio,comuni,capriate san gervasio,bergamo,lombardia,"firmatario, attore"
45.747454,9.481809,Comune di Caprino Bergamasco,Caprino Bergamasco,Bergamo,Lombardia,Comuni,"firmatario, attore",True,False,True,False,False,False,False,"['firmatario', 'attore']",,comune di caprino bergamasco,comuni,caprino bergamasco,bergamo,lombardia,"firmatario, attore"
45.704942,9.479871,Comune di Carvico,Carvico,Bergamo,Lombardia,Comuni,"firmatario, attore",True,False,True,False,False,False,False,"['firmatario', 'attore']",,comune di carvico,comuni,carvico,bergamo,lombardia,"firmatario, attore"
45.66702,9.526909,Comune di Chignolo d’Isola,Chignolo D’Isola,Bergamo,Lombardia,Comuni,"firmatario, attore",True,False,True,False,False,False,False,"['firmatario', 'attore']",,comune di chignolo d’isola,comuni,chignolo d’isola,bergamo,lombardia,"firmatario, attore"
45.739367,9.478694,Comune di Cisano Bergamasco,Cisano Bergamasco,Bergamo,Lombardia,Comuni,"firmatario, attore",True,False,True,False,False,False,False,"['firmatario', 'attore']",,comune di cisano bergamasco,comuni,cisano bergamasco,bergamo,lombardia,"firmatario, attore"
45.637269,9.554837,Comune di Filago,Filago,Bergamo,Lombardia,Comuni,"firmatario, attore",True,False,True,False,False,False,False,"['firmatario', 'attore']",,comune di filago,comuni,filago,bergamo,lombardia,"firmatario, attore"
45.65003,9.547544,Comune di Madone,Madone,Bergamo,Lombardia,Comuni,"firmatario, attore",True,False,True,False,False,False,False,"['firmatario', 'attore']",,comune di madone,comuni,madone,bergamo,lombardia,"firmatario, attore"
45.709107,9.547316,Comune di Mapello,Mapello,Bergamo,Lombardia,Comuni,"firmatario, attore",True,False,True,False,False,False,False,"['firmatario', 'attore']",,comune di mapello,comuni,mapello,bergamo,lombardia,"firmatario, attore"
45.67104,9.4941,Comune di Medolago,Medolago,Bergamo,Lombardia,Comuni,"firmatario, attore",True,False,True,False,False,False,False,"['firmatario', 'attore']",,comune di medolago,comuni,medolago,bergamo,lombardia,"firmatario, attore"
45.697962,9.588259,Comune di Ponte San Pietro,Ponte San Pietro,Bergamo,Lombardia,Comuni,"firmatario, attore",True,False,True,False,False,False,False,"['firmatario', 'attore']",,comune di ponte san pietro,comuni,ponte san pietro,bergamo,lombardia,"firmatario, attore"
45.732473,9.501375,Comune di Pontida,Pontida,Bergamo,Lombardia,Comuni,"firmatario, attore",True,False,True,False,False,False,False,"['firmatario', 'attore']",,comune di pontida,comuni,pontida,bergamo,lombardia,"firmatario, attore"
45.691605,9.566722,Comune di Presezzo,Presezzo,Bergamo,Lombardia,Comuni,"firmatario, attore",True,False,True,False,False,False,False,"['firmatario', 'attore']",,comune di presezzo,comuni,presezzo,bergamo,lombardia,"firmatario, attore"
45.677342,9.488741,Comune di Solza,Solza,Bergamo,Lombardia,Comuni,"firmatario, attore",True,False,True,False,False,False,False,"['firmatario', 'attore']",,comune di solza,comuni,solza,bergamo,lombardia,"firmatario, attore"
45.705652,9.498935,Comune di Sotto il Monte Giovanni XXIII,Sotto Il Monte Giovanni Xxiii,Bergamo,Lombardia,Comuni,"firmatario, attore",True,False,True,False,False,False,False,"['firmatario', 'attore']",,comune di sotto il monte giovanni xxiii,comuni,sotto il monte giovanni xxiii,bergamo,lombardia,"firmatario, attore"
45.657674,9.502348,Comune di Suisio,Suisio,Bergamo,Lombardia,Comuni,"firmatario, attore",True,False,True,False,False,False,False,"['firmatario', 'attore']",,comune di suisio,comuni,suisio,bergamo,lombardia,"firmatario, attore"
45.590166,9.545285,Comune di Torre De Busi,Torre De Busi,Bergamo,Lombardia,Comuni,"firmatario, attore",True,False,True,False,False,False,False,"['firmatario', 'attore']",,comune di torre de busi,comuni,torre de busi,bergamo,lombardia,"firmatario, attore"
45.712864,9.465392,Comune di Villa d’Adda,Villa D’Adda,Bergamo,Lombardia,Comuni,"firmatario, attore",True,False,True,False,False,False,False,"['firmatario', 'attore']",,comune di villa d’adda,comuni,villa d’adda,bergamo,lombardia,"firmatario, attore"
45.694785,9.667711,Agenzia di Tutela della Salute - ATS Bergamo,Bergamo,Bergamo,Lombardia,ASL (consultori familiari e altri servizi territoriali),"firmatario, attore",True,False,True,False,False,False,False,"['firmatario', 'attore']",,agenzia di tutela della salute - ats bergamo,asl (consultori familiari e altri servizi territoriali),bergamo,bergamo,lombardia,"firmatario, attore"
45.740092,9.744938,Ufficio Scolastico per la Lombardia - Ambito Territoriale di Bergamo,Bergamo,Bergamo,Lombardia,Scuole/Ufficio scolastico provinciale e regionale,"firmatario, attore",True,False,True,False,False,False,False,"['firmatario', 'attore']",,ufficio scolastico per la lombardia - ambito territoriale di bergamo,scuole/ufficio scolastico provinciale e regionale,bergamo,bergamo,lombardia,"firmatario, attore"
45.740092,9.744938,Consigliera di Parità della Provincia di Bergamo,Bergamo,Bergamo,Lombardia,Organismi di parità,"firmatario, attore",True,False,True,False,False,False,False,"['firmatario', 'attore']",,consigliera di parità della provincia di bergamo,organismi di parità,bergamo,bergamo,lombardia,"firmatario, attore"
45.521753,9.592708,ASST Bergamo OVEST di Treviglio,Treviglio,Bergamo,Lombardia,ASL (consultori familiari e altri servizi territoriali),"firmatario, attore",True,False,True,False,False,False,False,"['firmatario', 'attore']",,asst bergamo ovest di treviglio,asl (consultori familiari e altri servizi territoriali),treviglio,bergamo,lombardia,"firmatario, attore"
45.694785,9.667711,Associazione Aiuto Donna - Uscire dalla violenza - ODV,Bergamo,Bergamo,Lombardia,CAV/Centri Antiviolenza,"firmatario, attore",True,False,True,False,False,False,False,"['firmatario', 'attore']",,associazione aiuto donna - uscire dalla violenza - odv,cav/centri antiviolenza,bergamo,bergamo,lombardia,"firmatario, attore"
45.694785,9.667711,Istituto delle Suore delle Poverelle Istituto Palazzolo di Bergamo,Bergamo,Bergamo,Lombardia,Case Rifugio,"firmatario, attore",True,False,True,False,False,False,False,"['firmatario', 'attore']",,istituto delle suore delle poverelle istituto palazzolo di bergamo,case rifugio,bergamo,bergamo,lombardia,"firmatario, attore"
45.688647,9.470442,Consultorio Familiare Mons. Amadei di Calusco d’Adda,Calusco D’Adda,Bergamo,Lombardia,ASL (consultori familiari e altri servizi territoriali),"firmatario, attore",True,False,True,False,False,False,False,"['firmatario', 'attore']",,consultorio familiare mons. amadei di calusco d’adda,asl (consultori familiari e altri servizi territoriali),calusco d’adda,bergamo,lombardia,"firmatario, attore"
45.683606,9.531494,Associazione “Done de Teren” - APS,Terno D'Isola,Bergamo,Lombardia,ASSOCIAZIONI DI PROMOZIONE SOCIALE,"firmatario, attore",True,False,True,False,False,False,False,"['firmatario', 'attore']",,associazione “done de teren” - aps,associazioni di promozione sociale,terno d'isola,bergamo,lombardia,"firmatario, attore"
45.401563,10.277085,Associazione La Svolta - Spazio ascolto uomini maltrattanti (CUAV),Ghedi,Brescia,Lombardia,"Associazioni che si occupano di programmi di prevenzione, recupero e trattamento per uomini maltrattanti","firmatario, attore",True,False,True,False,False,False,False,"['firmatario', 'attore']",,associazione la svolta - spazio ascolto uomini maltrattanti (cuav),"associazioni che si occupano di programmi di prevenzione, recupero e trattamento per uomini maltrattanti",ghedi,brescia,lombardia,"firmatario, attore"
45.521753,9.592708,Cooperativa Sirio,Treviglio,Bergamo,Lombardia,Case Rifugio,"firmatario, attore, gestione",True,False,True,True,False,False,True,"['firmatario', 'attore', 'gestione']",gestione,cooperativa sirio,case rifugio,treviglio,bergamo,lombardia,"firmatario, attore, gestione"
45.694785,9.667711,Cooperativa Generazioni Fa,Bergamo,Bergamo,Lombardia,Case Rifugio,"firmatario, attore, gestione",True,False,True,True,False,False,True,"['firmatario', 'attore', 'gestione']",gestione,cooperativa generazioni fa,case rifugio,bergamo,bergamo,lombardia,"firmatario, attore, gestione"
45.810011,9.085156,Comune di Como,Como,Como,Lombardia,Comuni,"firmatario, proponente, attore",True,True,True,False,False,False,False,"['firmatario', 'proponente', 'attore']",,comune di como,comuni,como,como,lombardia,"firmatario, proponente, attore"
45.401563,10.277085,Associazione Telefono Donna ODV,Ghedi,Brescia,Lombardia,CAV/Centri Antiviolenza,"firmatario, attore",True,False,True,False,False,False,False,"['firmatario', 'attore']",,associazione telefono donna odv,cav/centri antiviolenza,ghedi,brescia,lombardia,"firmatario, attore"
45.401563,10.277085,Associazione Donne Giuriste - sezione di Como,Ghedi,Brescia,Lombardia,ORGANIZZAZIONI DI VOLONTARIATO,"firmatario, proponente, attore",True,True,True,False,False,False,False,"['firmatario', 'proponente', 'attore']",,associazione donne giuriste - sezione di como,organizzazioni di volontariato,ghedi,brescia,lombardia,"firmatario, proponente, attore"
45.401563,10.277085,Associazione Federfarma di Como,Ghedi,Brescia,Lombardia,ORGANIZZAZIONI DI VOLONTARIATO,"firmatario, proponente, attore",True,True,True,False,False,False,False,"['firmatario', 'proponente', 'attore']",,associazione federfarma di como,organizzazioni di volontariato,ghedi,brescia,lombardia,"firmatario, proponente, attore"
45.810011,9.085156,Associazione InfraMente,Como,Como,Lombardia,ORGANIZZAZIONI DI VOLONTARIATO,"firmatario, attore",True,False,True,False,False,False,False,"['firmatario', 'attore']",,associazione inframente,organizzazioni di volontariato,como,como,lombardia,"firmatario, attore"
45.401563,10.277085,Associazione ONLUS Familiarmentenoi ETS,Ghedi,Brescia,Lombardia,ORGANIZZAZIONI DI VOLONTARIATO,"firmatario, attore",True,False,True,False,False,False,False,"['firmatario', 'attore']",,associazione onlus familiarmentenoi ets,organizzazioni di volontariato,ghedi,brescia,lombardia,"firmatario, attore"
46.021163,9.238934,Azienda Sociale Centro Lario e Valli di Porlezza (Ufficio di Piano di Menaggio),Menaggio,Como,Lombardia,"Ambiti della programmazione sociale e socio-sanitaria (Ambiti Sociali, Piani di Zona, Distretti socio-sanitari, Società della Salute)","firmatario, attore",True,False,True,False,False,False,False,"['firmatario', 'attore']",,azienda sociale centro lario e valli di porlezza (ufficio di piano di menaggio),"ambiti della programmazione sociale e socio-sanitaria (ambiti sociali, piani di zona, distretti socio-sanitari, società della salute)",menaggio,como,lombardia,"firmatario, attore"
45.810011,9.085156,Azienda Sociale Comasca e Lariana (Ufficio di Piano di Como),Como,Como,Lombardia,"Ambiti della programmazione sociale e socio-sanitaria (Ambiti Sociali, Piani di Zona, Distretti socio-sanitari, Società della Salute)","firmatario, proponente, attore",True,True,True,False,False,False,False,"['firmatario', 'proponente', 'attore']",,azienda sociale comasca e lariana (ufficio di piano di como),"ambiti della programmazione sociale e socio-sanitaria (ambiti sociali, piani di zona, distretti socio-sanitari, società della salute)",como,como,lombardia,"firmatario, proponente, attore"
45.73914,9.126652,Azienda Speciale Consortile Galliano (Ufficio di Piano di Cantu),Cantù,Como,Lombardia,"Ambiti della programmazione sociale e socio-sanitaria (Ambiti Sociali, Piani di Zona, Distretti socio-sanitari, Società della Salute)","firmatario, attore",True,False,True,False,False,False,False,"['firmatario', 'attore']",,azienda speciale consortile galliano (ufficio di piano di cantu),"ambiti della programmazione sociale e socio-sanitaria (ambiti sociali, piani di zona, distretti socio-sanitari, società della salute)",cantù,como,lombardia,"firmatario, attore"
46.123084,9.27949,Azienda Speciale Consortile Le Tre Pievi Servizi Sociali Alto Lario di Gravedona ed Uniti (Ufficio di Piano di Dongo),Dongo,Como,Lombardia,"Ambiti della programmazione sociale e socio-sanitaria (Ambiti Sociali, Piani di Zona, Distretti socio-sanitari, Società della Salute)","firmatario, attore",True,False,True,False,False,False,False,"['firmatario', 'attore']",,azienda speciale consortile le tre pievi servizi sociali alto lario di gravedona ed uniti (ufficio di piano di dongo),"ambiti della programmazione sociale e socio-sanitaria (ambiti sociali, piani di zona, distretti socio-sanitari, società della salute)",dongo,como,lombardia,"firmatario, attore"
45.810011,9.085156,Casa della Giovane di Como,Como,Como,Lombardia,Altro,"firmatario, proponente, attore",True,True,True,False,False,False,False,"['firmatario', 'proponente', 'attore']",,casa della giovane di como,altro,como,como,lombardia,"firmatario, proponente, attore"
45.81191,9.22319,Consorzio Erbese Servizi alla Persona di Erba (Ufficio di Piano di Erba),Erba,Como,Lombardia,"Ambiti della programmazione sociale e socio-sanitaria (Ambiti Sociali, Piani di Zona, Distretti socio-sanitari, Società della Salute)","firmatario, attore",True,False,True,False,False,False,False,"['firmatario', 'attore']",,consorzio erbese servizi alla persona di erba (ufficio di piano di erba),"ambiti della programmazione sociale e socio-sanitaria (ambiti sociali, piani di zona, distretti socio-sanitari, società della salute)",erba,como,lombardia,"firmatario, attore"
45.784866,8.968824,Consorzio Servizi Sociali dell’Olgiatese (Ufficio di Piano di Olgiate Comasco),Olgiate Comasco,Como,Lombardia,"Ambiti della programmazione sociale e socio-sanitaria (Ambiti Sociali, Piani di Zona, Distretti socio-sanitari, Società della Salute)","firmatario, attore",True,False,True,False,False,False,False,"['firmatario', 'attore']",,consorzio servizi sociali dell’olgiatese (ufficio di piano di olgiate comasco),"ambiti della programmazione sociale e socio-sanitaria (ambiti sociali, piani di zona, distretti socio-sanitari, società della salute)",olgiate comasco,como,lombardia,"firmatario, attore"
45.871882,9.135325,Provincia di Como,Como,Como,Lombardia,Province/Città metropolitane,"firmatario, proponente, attore",True,True,True,False,False,False,False,"['firmatario', 'proponente', 'attore']",,provincia di como,province/città metropolitane,como,como,lombardia,"firmatario, proponente, attore"
45.810011,9.085156,INPS Istituto Nazionale della previdenza sociale di Como,Como,Como,Lombardia,Altro,"firmatario, proponente, attore",True,True,True,False,False,False,False,"['firmatario', 'proponente', 'attore']",,inps istituto nazionale della previdenza sociale di como,altro,como,como,lombardia,"firmatario, proponente, attore"
45.810011,9.085156,L’Una e le altre Cooperativa Sociale,Como,Como,Lombardia,Case Rifugio,"firmatario, attore",True,False,True,False,False,False,False,"['firmatario', 'attore']",,l’una e le altre cooperativa sociale,case rifugio,como,como,lombardia,"firmatario, attore"
45.810011,9.085156,Ordine degli Avvocati - Commissione Pari Opportunita di Como,Como,Como,Lombardia,Ordine avvocati,"firmatario, proponente, attore",True,True,True,False,False,False,False,"['firmatario', 'proponente', 'attore']",,ordine degli avvocati - commissione pari opportunita di como,ordine avvocati,como,como,lombardia,"firmatario, proponente, attore"
45.871882,9.135325,Ordine Provinciale dei Medici Chirurghi e degli Odontoiatri di Como,Como,Como,Lombardia,Ordine medici e odontoiatri e Ordine farmacisti,"firmatario, proponente, attore",True,True,True,False,False,False,False,"['firmatario', 'proponente', 'attore']",,ordine provinciale dei medici chirurghi e degli odontoiatri di como,ordine medici e odontoiatri e ordine farmacisti,como,como,lombardia,"firmatario, proponente, attore"
45.81191,9.22319,Ospedale Fatebenefratelli di Erba,Erba,Como,Lombardia,"Ospedale (Pronto soccorso, ecc.)","firmatario, attore",True,False,True,False,False,False,False,"['firmatario', 'attore']",,ospedale fatebenefratelli di erba,"ospedale (pronto soccorso, ecc.)",erba,como,lombardia,"firmatario, attore"
45.810011,9.085156,Ospedale Valduce di Como,Como,Como,Lombardia,"Ospedale (Pronto soccorso, ecc.)","firmatario, proponente, attore",True,True,True,False,False,False,False,"['firmatario', 'proponente', 'attore']",,ospedale valduce di como,"ospedale (pronto soccorso, ecc.)",como,como,lombardia,"firmatario, proponente, attore"
45.810011,9.085156,Prefettura di Como,Como,Como,Lombardia,Prefettura,"firmatario, proponente, attore",True,True,True,False,False,False,False,"['firmatario', 'proponente', 'attore']",,prefettura di como,prefettura,como,como,lombardia,"firmatario, proponente, attore"
45.810011,9.085156,Procura della Repubblica di Como,Como,Como,Lombardia,Procura Ordinaria/Tribunale/Corte d'appello,"firmatario, proponente, attore",True,True,True,False,False,False,False,"['firmatario', 'proponente', 'attore']",,procura della repubblica di como,procura ordinaria/tribunale/corte d'appello,como,como,lombardia,"firmatario, proponente, attore"
45.810011,9.085156,Questura di Como,Como,Como,Lombardia,Questura,"firmatario, proponente, attore",True,True,True,False,False,False,False,"['firmatario', 'proponente', 'attore']",,questura di como,questura,como,como,lombardia,"firmatario, proponente, attore"
45.810011,9.085156,Sindacati CISL CGIL UIL di Como,Como,Como,Lombardia,Sindacati/Associazioni di categoria,"firmatario, proponente, attore",True,True,True,False,False,False,False,"['firmatario', 'proponente', 'attore']",,sindacati cisl cgil uil di como,sindacati/associazioni di categoria,como,como,lombardia,"firmatario, proponente, attore"
45.810011,9.085156,Soroptimist International d’Italia Club di Como,Como,Como,Lombardia,Altro,"firmatario, proponente, attore",True,True,True,False,False,False,False,"['firmatario', 'proponente', 'attore']",,soroptimist international d’italia club di como,altro,como,como,lombardia,"firmatario, proponente, attore"
45.871882,9.135325,Ufficio Scolastico Provinciale di Como,Como,Como,Lombardia,Scuole/Ufficio scolastico provinciale e regionale,"firmatario, proponente, attore",True,True,True,False,False,False,False,"['firmatario', 'proponente', 'attore']",,ufficio scolastico provinciale di como,scuole/ufficio scolastico provinciale e regionale,como,como,lombardia,"firmatario, proponente, attore"
45.698302,9.180141,TECUM Azienda Territoriale per i Servizi alla Persona di Mariano Comense,Mariano Comense,Como,Lombardia,"Ambiti della programmazione sociale e socio-sanitaria (Ambiti Sociali, Piani di Zona, Distretti socio-sanitari, Società della Salute)","firmatario, attore",True,False,True,False,False,False,False,"['firmatario', 'attore']",,tecum azienda territoriale per i servizi alla persona di mariano comense,"ambiti della programmazione sociale e socio-sanitaria (ambiti sociali, piani di zona, distretti socio-sanitari, società della salute)",mariano comense,como,lombardia,"firmatario, attore"
45.810011,9.085156,Caritas Diocesana di Como,Como,Como,Lombardia,Altro,"firmatario, proponente, attore",True,True,True,False,False,False,False,"['firmatario', 'proponente', 'attore']",,caritas diocesana di como,altro,como,como,lombardia,"firmatario, proponente, attore"
45.466647,9.190648,Caritas Diocesana di Milano,Milano,Milano,Lombardia,Altro,,False,False,False,False,False,False,False,[],,caritas diocesana di milano,altro,milano,milano,lombardia,
45.599095,9.885143,Comune di Palazzolo sull'Oglio,Palazzolo Sull'Oglio,Brescia,Lombardia,Comuni,"firmatario, proponente, attore",True,True,True,False,False,False,False,"['firmatario', 'proponente', 'attore']",,comune di palazzolo sull'oglio,comuni,palazzolo sull'oglio,brescia,lombardia,"firmatario, proponente, attore"
45.637218,10.006911,Comune di Corte Franca,Corte Franca,Brescia,Lombardia,Comuni,"firmatario, attore",True,False,True,False,False,False,False,"['firmatario', 'attore']",,comune di corte franca,comuni,corte franca,brescia,lombardia,"firmatario, attore"
45.65999,10.048433,Comune di Iseo,Iseo,Brescia,Lombardia,Comuni,"firmatario, attore",True,False,True,False,False,False,False,"['firmatario', 'attore']",,comune di iseo,comuni,iseo,brescia,lombardia,"firmatario, attore"
45.737884,10.092536,Comune di Marone,Marone,Brescia,Lombardia,Comuni,"firmatario, attore",True,False,True,False,False,False,False,"['firmatario', 'attore']",,comune di marone,comuni,marone,brescia,lombardia,"firmatario, attore"
45.715398,10.079729,Comune di Monte Isola,Monte Isola,Brescia,Lombardia,Comuni,"firmatario, attore",True,False,True,False,False,False,False,"['firmatario', 'attore']",,comune di monte isola,comuni,monte isola,brescia,lombardia,"firmatario, attore"
45.63222,10.099567,Comune di Monticelli Brusati,Monticelli Brusati,Brescia,Lombardia,Comuni,"firmatario, attore",True,False,True,False,False,False,False,"['firmatario', 'attore']",,comune di monticelli brusati,comuni,monticelli brusati,brescia,lombardia,"firmatario, attore"
45.589402,10.077422,Comune di Paderno Franciacorta,Paderno Franciacorta,Brescia,Lombardia,Comuni,"firmatario, attore",True,False,True,False,False,False,False,"['firmatario', 'attore']",,comune di paderno franciacorta,comuni,paderno franciacorta,brescia,lombardia,"firmatario, attore"
45.659769,9.954734,Comune di Paratico,Paratico,Brescia,Lombardia,Comuni,"firmatario, attore",True,False,True,False,False,False,False,"['firmatario', 'attore']",,comune di paratico,comuni,paratico,brescia,lombardia,"firmatario, attore"
45.598115,10.064455,Comune di Passirano,Passirano,Brescia,Lombardia,Comuni,"firmatario, attore",True,False,True,False,False,False,False,"['firmatario', 'attore']",,comune di passirano,comuni,passirano,brescia,lombardia,"firmatario, attore"
45.636051,10.044296,Comune di Provaglio d'Iseo,Provaglio D'Iseo,Brescia,Lombardia,Comuni,"firmatario, attore",True,False,True,False,False,False,False,"['firmatario', 'attore']",,comune di provaglio d'iseo,comuni,provaglio d'iseo,brescia,lombardia,"firmatario, attore"
45.714101,10.111674,Comune di Sale Marasino,Sale Marasino,Brescia,Lombardia,Comuni,"firmatario, attore",True,False,True,False,False,False,False,"['firmatario', 'attore']",,comune di sale marasino,comuni,sale marasino,brescia,lombardia,"firmatario, attore"
45.690357,10.100052,Comune di Sulzano,Sulzano,Brescia,Lombardia,Comuni,"firmatario, attore",True,False,True,False,False,False,False,"['firmatario', 'attore']",,comune di sulzano,comuni,sulzano,brescia,lombardia,"firmatario, attore"
45.762366,10.117156,Comune di Zone,Zone,Brescia,Lombardia,Comuni,"firmatario, attore",True,False,True,False,False,False,False,"['firmatario', 'attore']",,comune di zone,comuni,zone,brescia,lombardia,"firmatario, attore"
45.625013,9.956551,Comune di Adro,Adro,Brescia,Lombardia,Comuni,"firmatario, attore",True,False,True,False,False,False,False,"['firmatario', 'attore']",,comune di adro,comuni,adro,brescia,lombardia,"firmatario, attore"
45.637022,9.933857,Comune di Capriolo,Capriolo,Brescia,Lombardia,Comuni,"firmatario, attore",True,False,True,False,False,False,False,"['firmatario', 'attore']",,comune di capriolo,comuni,capriolo,brescia,lombardia,"firmatario, attore"
45.584925,9.943408,Comune di Cologne,Cologne,Brescia,Lombardia,Comuni,"firmatario, attore",True,False,True,False,False,False,False,"['firmatario', 'attore']",,comune di cologne,comuni,cologne,brescia,lombardia,"firmatario, attore"
45.598612,9.97228,Comune di Erbusco,Erbusco,Brescia,Lombardia,Comuni,"firmatario, attore",True,False,True,False,False,False,False,"['firmatario', 'attore']",,comune di erbusco,comuni,erbusco,brescia,lombardia,"firmatario, attore"
45.569584,9.852155,Comune di Pontoglio,Pontoglio,Brescia,Lombardia,Comuni,"firmatario, attore",True,False,True,False,False,False,False,"['firmatario', 'attore']",,comune di pontoglio,comuni,pontoglio,brescia,lombardia,"firmatario, attore"
45.50438,9.944776,Comune di Castelcovati,Castelcovati,Brescia,Lombardia,Comuni,"firmatario, attore",True,False,True,False,False,False,False,"['firmatario', 'attore']",,comune di castelcovati,comuni,castelcovati,brescia,lombardia,"firmatario, attore"
45.512052,9.979125,Comune di Castrezzato,Castrezzato,Brescia,Lombardia,Comuni,"firmatario, attore",True,False,True,False,False,False,False,"['firmatario', 'attore']",,comune di castrezzato,comuni,castrezzato,brescia,lombardia,"firmatario, attore"
45.53725,9.931548,Comune di Chiari,Chiari,Brescia,Lombardia,Comuni,"firmatario, attore",True,False,True,False,False,False,False,"['firmatario', 'attore']",,comune di chiari,comuni,chiari,brescia,lombardia,"firmatario, attore"
45.562154,9.977832,Comune di Coccaglio,Coccaglio,Brescia,Lombardia,Comuni,"firmatario, attore",True,False,True,False,False,False,False,"['firmatario', 'attore']",,comune di coccaglio,comuni,coccaglio,brescia,lombardia,"firmatario, attore"
45.472,9.95265,Comune di Comezzano - Cizzago,Comezzano-Cizzago,Brescia,Lombardia,Comuni,"firmatario, attore",True,False,True,False,False,False,False,"['firmatario', 'attore']",,comune di comezzano - cizzago,comuni,comezzano-cizzago,brescia,lombardia,"firmatario, attore"
45.464181,9.911997,Comune di Roccafranca,Roccafranca,Brescia,Lombardia,Comuni,"firmatario, attore",True,False,True,False,False,False,False,"['firmatario', 'attore']",,comune di roccafranca,comuni,roccafranca,brescia,lombardia,"firmatario, attore"
45.568259,9.997048,Comune di Rovato,Rovato,Brescia,Lombardia,Comuni,"firmatario, attore",True,False,True,False,False,False,False,"['firmatario', 'attore']",,comune di rovato,comuni,rovato,brescia,lombardia,"firmatario, attore"
45.488256,9.883819,Comune di Rudiano,Rudiano,Brescia,Lombardia,Comuni,"firmatario, attore",True,False,True,False,False,False,False,"['firmatario', 'attore']",,comune di rudiano,comuni,rudiano,brescia,lombardia,"firmatario, attore"
45.476178,10.012602,Comune di Trenzano,Trenzano,Brescia,Lombardia,Comuni,"firmatario, attore",True,False,True,False,False,False,False,"['firmatario', 'attore']",,comune di trenzano,comuni,trenzano,brescia,lombardia,"firmatario, attore"
45.514375,9.868225,Comune di Urago d'Oglio,Urago D'Oglio,Brescia,Lombardia,Comuni,"firmatario, attore",True,False,True,False,False,False,False,"['firmatario', 'attore']",,comune di urago d'oglio,comuni,urago d'oglio,brescia,lombardia,"firmatario, attore"
45.405309,10.054863,Comune di Barbariga,Barbariga,Brescia,Lombardia,Comuni,"firmatario, attore",True,False,True,False,False,False,False,"['firmatario', 'attore']",,comune di barbariga,comuni,barbariga,brescia,lombardia,"firmatario, attore"
45.350193,9.967936,Comune di Borgo San Giacomo,Borgo San Giacomo,Brescia,Lombardia,Comuni,"firmatario, attore",True,False,True,False,False,False,False,"['firmatario', 'attore']",,comune di borgo san giacomo,comuni,borgo san giacomo,brescia,lombardia,"firmatario, attore"
45.454253,10.053516,Comune di Brandico,Brandico,Brescia,Lombardia,Comuni,"firmatario, attore",True,False,True,False,False,False,False,"['firmatario', 'attore']",,comune di brandico,comuni,brandico,brescia,lombardia,"firmatario, attore"
45.444048,10.007515,Comune di Corzano,Corzano,Brescia,Lombardia,Comuni,"firmatario, attore",True,False,True,False,False,False,False,"['firmatario', 'attore']",,comune di corzano,comuni,corzano,brescia,lombardia,"firmatario, attore"
45.417847,10.075169,Comune di Dello,Dello,Brescia,Lombardia,Comuni,"firmatario, attore",True,False,True,False,False,False,False,"['firmatario', 'attore']",,comune di dello,comuni,dello,brescia,lombardia,"firmatario, attore"
45.483063,10.057288,Comune di Lograto,Lograto,Brescia,Lombardia,Comuni,"firmatario, attore",True,False,True,False,False,False,False,"['firmatario', 'attore']",,comune di lograto,comuni,lograto,brescia,lombardia,"firmatario, attore"
45.437798,10.057823,Comune di Longhena,Longhena,Brescia,Lombardia,Comuni,"firmatario, attore",True,False,True,False,False,False,False,"['firmatario', 'attore']",,comune di longhena,comuni,longhena,brescia,lombardia,"firmatario, attore"
45.476972,10.042913,Comune di Maclodio,Maclodio,Brescia,Lombardia,Comuni,"firmatario, attore",True,False,True,False,False,False,False,"['firmatario', 'attore']",,comune di maclodio,comuni,maclodio,brescia,lombardia,"firmatario, attore"
45.450236,10.076276,Comune di Mairano,Mairano,Brescia,Lombardia,Comuni,"firmatario, attore",True,False,True,False,False,False,False,"['firmatario', 'attore']",,comune di mairano,comuni,mairano,brescia,lombardia,"firmatario, attore"
45.402349,9.924135,Comune di Orzinuovi,Orzinuovi,Brescia,Lombardia,Comuni,"firmatario, attore",True,False,True,False,False,False,False,"['firmatario', 'attore']",,comune di orzinuovi,comuni,orzinuovi,brescia,lombardia,"firmatario, attore"
45.420694,9.961652,Comune di Orzivecchi,Orzivecchi,Brescia,Lombardia,Comuni,"firmatario, attore",True,False,True,False,False,False,False,"['firmatario', 'attore']",,comune di orzivecchi,comuni,orzivecchi,brescia,lombardia,"firmatario, attore"
45.431534,9.986912,Comune di Pompiano,Pompiano,Brescia,Lombardia,Comuni,"firmatario, attore",True,False,True,False,False,False,False,"['firmatario', 'attore']",,comune di pompiano,comuni,pompiano,brescia,lombardia,"firmatario, attore"
45.312116,10.009196,Comune di Quinzano d'Oglio,Quinzano D'Oglio,Brescia,Lombardia,Comuni,"firmatario, attore",True,False,True,False,False,False,False,"['firmatario', 'attore']",,comune di quinzano d'oglio,comuni,quinzano d'oglio,brescia,lombardia,"firmatario, attore"
45.371255,10.0246,Comune di San Paolo,San Paolo,Brescia,Lombardia,Comuni,"firmatario, attore",True,False,True,False,False,False,False,"['firmatario', 'attore']",,comune di san paolo,comuni,san paolo,brescia,lombardia,"firmatario, attore"
45.356953,9.930122,Comune di Villachiara,Villachiara,Brescia,Lombardia,Comuni,"firmatario, attore",True,False,True,False,False,False,False,"['firmatario', 'attore']",,comune di villachiara,comuni,villachiara,brescia,lombardia,"firmatario, attore"
45.539936,10.219113,Prefettura di Brescia,Brescia,Brescia,Lombardia,Prefettura,"firmatario, attore",True,False,True,False,False,False,False,"['firmatario', 'attore']",,prefettura di brescia,prefettura,brescia,brescia,lombardia,"firmatario, attore"
45.539936,10.219113,Agenzia Tutela della Salute di Brescia,Brescia,Brescia,Lombardia,ASL (consultori familiari e altri servizi territoriali),"firmatario, attore",True,False,True,False,False,False,False,"['firmatario', 'attore']",,agenzia tutela della salute di brescia,asl (consultori familiari e altri servizi territoriali),brescia,brescia,lombardia,"firmatario, attore"
45.53725,9.931548,ASST Franciacorta di Chiari,Chiari,Brescia,Lombardia,ASL (consultori familiari e altri servizi territoriali),"firmatario, attore",True,False,True,False,False,False,False,"['firmatario', 'attore']",,asst franciacorta di chiari,asl (consultori familiari e altri servizi territoriali),chiari,brescia,lombardia,"firmatario, attore"
45.691588,9.205498,CAV - Centro Aiuto Vita di Capriolo ODV,Giussano,Monza E Della Brianza,Lombardia,CAV/Centri Antiviolenza,"firmatario, attore",True,False,True,False,False,False,False,"['firmatario', 'attore']",,cav - centro aiuto vita di capriolo odv,cav/centri antiviolenza,giussano,monza e della brianza,lombardia,"firmatario, attore"
45.691588,9.205498,CAV - Centro Aiuto Vita di Chiari ODV,Giussano,Monza E Della Brianza,Lombardia,CAV/Centri Antiviolenza,"firmatario, attore",True,False,True,False,False,False,False,"['firmatario', 'attore']",,cav - centro aiuto vita di chiari odv,cav/centri antiviolenza,giussano,monza e della brianza,lombardia,"firmatario, attore"
45.599095,9.885143,Cooperativa Sociale Palazzolese di Palazzolo sull’Oglio,Palazzolo Sull'Oglio,Brescia,Lombardia,Altro,"firmatario, proponente, attore",True,True,True,False,False,False,False,"['firmatario', 'proponente', 'attore']",,cooperativa sociale palazzolese di palazzolo sull’oglio,altro,palazzolo sull'oglio,brescia,lombardia,"firmatario, proponente, attore"
45.65999,10.048433,Associazione Rete di Daphne di Iseo,Iseo,Brescia,Lombardia,ORGANIZZAZIONI DI VOLONTARIATO,"firmatario, attore",True,False,True,False,False,False,False,"['firmatario', 'attore']",,associazione rete di daphne di iseo,organizzazioni di volontariato,iseo,brescia,lombardia,"firmatario, attore"
45.598115,10.064455,Associazione Terre Unite Casa Rifugio Casa di Daphne di Passirano,Passirano,Brescia,Lombardia,Case Rifugio,"firmatario, attore",True,False,True,False,False,False,False,"['firmatario', 'attore']",,associazione terre unite casa rifugio casa di daphne di passirano,case rifugio,passirano,brescia,lombardia,"firmatario, attore"
45.401563,10.277085,Associazione Casa Betel 2000,Ghedi,Brescia,Lombardia,Case Rifugio,"firmatario, attore",True,False,True,False,False,False,False,"['firmatario', 'attore']",,associazione casa betel 2000,case rifugio,ghedi,brescia,lombardia,"firmatario, attore"
45.599095,9.885143,Associazione Il Club APS di Palazzolo,Palazzolo Sull'Oglio,Brescia,Lombardia,ORGANIZZAZIONI DI VOLONTARIATO,"firmatario, attore",True,False,True,False,False,False,False,"['firmatario', 'attore']",,associazione il club aps di palazzolo,organizzazioni di volontariato,palazzolo sull'oglio,brescia,lombardia,"firmatario, attore"
45.642039,10.255528,"Istituto di Istruzione Superiore ""C. Marzoli"" di Palazzolo sull'Oglio",Palazzolo Sull'Oglio,Brescia,Lombardia,Scuole/Ufficio scolastico provinciale e regionale,"firmatario, proponente, attore",True,True,True,False,False,False,False,"['firmatario', 'proponente', 'attore']",,"istituto di istruzione superiore ""c. marzoli"" di palazzolo sull'oglio",scuole/ufficio scolastico provinciale e regionale,palazzolo sull'oglio,brescia,lombardia,"firmatario, proponente, attore"
45.642039,10.255528,"Istituto di Istruzione Superiore ""G. Falcone"" di Palazzolo sull’Oglio",Palazzolo Sull'Oglio,Brescia,Lombardia,Scuole/Ufficio scolastico provinciale e regionale,"firmatario, proponente, attore",True,True,True,False,False,False,False,"['firmatario', 'proponente', 'attore']",,"istituto di istruzione superiore ""g. falcone"" di palazzolo sull’oglio",scuole/ufficio scolastico provinciale e regionale,palazzolo sull'oglio,brescia,lombardia,"firmatario, proponente, attore"
45.599095,9.885143,Fondazione Giuseppe Antonio Galignani E.T.S.,Palazzolo Sull'Oglio,Brescia,Lombardia,ALTRI ENTI DEL TERZO SETTORE,"firmatario, attore",True,False,True,False,False,False,False,"['firmatario', 'attore']",,fondazione giuseppe antonio galignani e.t.s.,altri enti del terzo settore,palazzolo sull'oglio,brescia,lombardia,"firmatario, attore"
45.597546,10.109191,Fondazione Punto Missione ETS,Rodengo Saiano,Brescia,Lombardia,ALTRI ENTI DEL TERZO SETTORE,"firmatario, attore",True,False,True,False,False,False,False,"['firmatario', 'attore']",,fondazione punto missione ets,altri enti del terzo settore,rodengo saiano,brescia,lombardia,"firmatario, attore"
45.521753,9.592708,Comune di Treviglio,Treviglio,Bergamo,Lombardia,Comuni,"firmatario, proponente, attore",True,True,True,False,False,False,False,"['firmatario', 'proponente', 'attore']",,comune di treviglio,comuni,treviglio,bergamo,lombardia,"firmatario, proponente, attore"
45.521753,9.592708,Servizi Sociali Comunali del Comune di Treviglio,Treviglio,Bergamo,Lombardia,Servizi sociali comunali,"firmatario, proponente, attore",True,True,True,False,False,False,False,"['firmatario', 'proponente', 'attore']",,servizi sociali comunali del comune di treviglio,servizi sociali comunali,treviglio,bergamo,lombardia,"firmatario, proponente, attore"
45.521753,9.592708,Commissione Pari Opportunità del Comune di Treviglio,Treviglio,Bergamo,Lombardia,Organismi di parità,"firmatario, proponente, attore",True,True,True,False,False,False,False,"['firmatario', 'proponente', 'attore']",,commissione pari opportunità del comune di treviglio,organismi di parità,treviglio,bergamo,lombardia,"firmatario, proponente, attore"
45.521753,9.592708,Consiglio delle Donne del Comune di Treviglio,Treviglio,Bergamo,Lombardia,Organismi di parità,"firmatario, proponente, attore",True,True,True,False,False,False,False,"['firmatario', 'proponente', 'attore']",,consiglio delle donne del comune di treviglio,organismi di parità,treviglio,bergamo,lombardia,"firmatario, proponente, attore"
45.521753,9.592708,Polizia Locale del Comune di Treviglio,Treviglio,Bergamo,Lombardia,Polizia Municipale,"firmatario, proponente, attore",True,True,True,False,False,False,False,"['firmatario', 'proponente', 'attore']",,polizia locale del comune di treviglio,polizia municipale,treviglio,bergamo,lombardia,"firmatario, proponente, attore"
45.694785,9.667711,Prefettura di Bergamo,Bergamo,Bergamo,Lombardia,Prefettura,"firmatario, proponente, attore",True,True,True,False,False,False,False,"['firmatario', 'proponente', 'attore']",,prefettura di bergamo,prefettura,bergamo,bergamo,lombardia,"firmatario, proponente, attore"
45.694785,9.667711,Comandante Prov. Carabinieri di Bg.,Bergamo,Bergamo,Lombardia,Carabinieri/Polizia/altre forze dell'ordine,"firmatario, attore",True,False,True,False,False,False,False,"['firmatario', 'attore']",,comandante prov. carabinieri di bg.,carabinieri/polizia/altre forze dell'ordine,bergamo,bergamo,lombardia,"firmatario, attore"
45.694785,9.667711,Procura della Repubblica presso il Tribunale di Bergamo,Bergamo,Bergamo,Lombardia,Procura Ordinaria/Tribunale/Corte d'appello,"firmatario, proponente, attore",True,True,True,False,False,False,False,"['firmatario', 'proponente', 'attore']",,procura della repubblica presso il tribunale di bergamo,procura ordinaria/tribunale/corte d'appello,bergamo,bergamo,lombardia,"firmatario, proponente, attore"
45.694785,9.667711,Tribunale di Bergamo,Bergamo,Bergamo,Lombardia,Procura Ordinaria/Tribunale/Corte d'appello,"proponente, attore",False,True,True,False,False,False,False,"['proponente', 'attore']",,tribunale di bergamo,procura ordinaria/tribunale/corte d'appello,bergamo,bergamo,lombardia,"proponente, attore"
45.740092,9.744938,Commissione Pari Opportunità della Provincia di Bergamo,Bergamo,Bergamo,Lombardia,Organismi di parità,"firmatario, attore",True,False,True,False,False,False,False,"['firmatario', 'attore']",,commissione pari opportunità della provincia di bergamo,organismi di parità,bergamo,bergamo,lombardia,"firmatario, attore"
45.740092,9.744938,Osservatori provinciali della Provincia di Bergamo,Bergamo,Bergamo,Lombardia,Altro,"firmatario, attore",True,False,True,False,False,False,False,"['firmatario', 'attore']",,osservatori provinciali della provincia di bergamo,altro,bergamo,bergamo,lombardia,"firmatario, attore"
45.740092,9.744938,ASL della Provincia di Bergamo,Bergamo,Bergamo,Lombardia,ASL (consultori familiari e altri servizi territoriali),"firmatario, attore",True,False,True,False,False,False,False,"['firmatario', 'attore']",,asl della provincia di bergamo,asl (consultori familiari e altri servizi territoriali),bergamo,bergamo,lombardia,"firmatario, attore"
45.521753,9.592708,Azienda Ospedaliera di Treviglio,Treviglio,Bergamo,Lombardia,"Ospedale (Pronto soccorso, ecc.)","firmatario, proponente, attore",True,True,True,False,False,False,False,"['firmatario', 'proponente', 'attore']",,azienda ospedaliera di treviglio,"ospedale (pronto soccorso, ecc.)",treviglio,bergamo,lombardia,"firmatario, proponente, attore"
45.521753,9.592708,Pronto Soccorso dell’Azienda Ospedaliera di Treviglio e Caravaggio,Treviglio,Bergamo,Lombardia,"Ospedale (Pronto soccorso, ecc.)","firmatario, proponente, attore",True,True,True,False,False,False,False,"['firmatario', 'proponente', 'attore']",,pronto soccorso dell’azienda ospedaliera di treviglio e caravaggio,"ospedale (pronto soccorso, ecc.)",treviglio,bergamo,lombardia,"firmatario, proponente, attore"
45.694785,9.667711,ULS.P. di Bergamo,Bergamo,Bergamo,Lombardia,ASL (consultori familiari e altri servizi territoriali),"firmatario, attore",True,False,True,False,False,False,False,"['firmatario', 'attore']",,uls.p. di bergamo,asl (consultori familiari e altri servizi territoriali),bergamo,bergamo,lombardia,"firmatario, attore"
45.740092,9.744938,Ufficio Scolastico Ambito Territoriale di Bergamo,Bergamo,Bergamo,Lombardia,Scuole/Ufficio scolastico provinciale e regionale,attore,False,False,True,False,False,False,False,['attore'],,ufficio scolastico ambito territoriale di bergamo,scuole/ufficio scolastico provinciale e regionale,bergamo,bergamo,lombardia,attore
45.521753,9.592708,Cooperativa Sociale Sirio,Treviglio,Bergamo,Lombardia,IMPRESE SOCIALI,"firmatario, attore, gestione",True,False,True,True,False,False,True,"['firmatario', 'attore', 'gestione']",gestione,cooperativa sociale sirio,imprese sociali,treviglio,bergamo,lombardia,"firmatario, attore, gestione"
45.521753,9.592708,Sportello Donna di Treviglio,Treviglio,Bergamo,Lombardia,CAV/Centri Antiviolenza,"firmatario, proponente, attore",True,True,True,False,False,False,False,"['firmatario', 'proponente', 'attore']",,sportello donna di treviglio,cav/centri antiviolenza,treviglio,bergamo,lombardia,"firmatario, proponente, attore"
45.521753,9.592708,Case Rifugio - Sirio C.S.F. Coop. Soc. di Treviglio,Treviglio,Bergamo,Lombardia,Case Rifugio,"firmatario, proponente, attore",True,True,True,False,False,False,False,"['firmatario', 'proponente', 'attore']",,case rifugio - sirio c.s.f. coop. soc. di treviglio,case rifugio,treviglio,bergamo,lombardia,"firmatario, proponente, attore"
45.521753,9.592708,Team Giuridico Sportello Donna di Treviglio,Treviglio,Bergamo,Lombardia,Altro,"firmatario, proponente, attore",True,True,True,False,False,False,False,"['firmatario', 'proponente', 'attore']",,team giuridico sportello donna di treviglio,altro,treviglio,bergamo,lombardia,"firmatario, proponente, attore"
45.584397,9.273582,COMUNE DI MONZA,Monza,Monza E Della Brianza,Lombardia,Comuni,"firmatario, proponente, attore",True,True,True,False,False,False,False,"['firmatario', 'proponente', 'attore']",,comune di monza,comuni,monza,monza e della brianza,lombardia,"firmatario, proponente, attore"
45.551033,9.300097,COMUNE DI BRUGHERIO,Brugherio,Monza E Della Brianza,Lombardia,Comuni,"firmatario, proponente, attore",True,True,True,False,False,False,False,"['firmatario', 'proponente', 'attore']",,comune di brugherio,comuni,brugherio,monza e della brianza,lombardia,"firmatario, proponente, attore"
45.605213,9.303178,COMUNE DI VILLASANTA,Villasanta,Monza E Della Brianza,Lombardia,Comuni,"firmatario, proponente, attore",True,True,True,False,False,False,False,"['firmatario', 'proponente', 'attore']",,comune di villasanta,comuni,villasanta,monza e della brianza,lombardia,"firmatario, proponente, attore"
45.677834,9.234413,AMBITO TERRITORIALE DI CARATE BRIANZA,Carate Brianza,Monza E Della Brianza,Lombardia,"Ambiti della programmazione sociale e socio-sanitaria (Ambiti Sociali, Piani di Zona, Distretti socio-sanitari, Società della Salute)","firmatario, proponente, attore",True,True,True,False,False,False,False,"['firmatario', 'proponente', 'attore']",,ambito territoriale di carate brianza,"ambiti della programmazione sociale e socio-sanitaria (ambiti sociali, piani di zona, distretti socio-sanitari, società della salute)",carate brianza,monza e della brianza,lombardia,"firmatario, proponente, attore"
45.620125,9.208827,AMBITO TERRITORIALE DI DESIO,Desio,Monza E Della Brianza,Lombardia,"Ambiti della programmazione sociale e socio-sanitaria (Ambiti Sociali, Piani di Zona, Distretti socio-sanitari, Società della Salute)","firmatario, proponente, attore",True,True,True,False,False,False,False,"['firmatario', 'proponente', 'attore']",,ambito territoriale di desio,"ambiti della programmazione sociale e socio-sanitaria (ambiti sociali, piani di zona, distretti socio-sanitari, società della salute)",desio,monza e della brianza,lombardia,"firmatario, proponente, attore"
45.649449,9.206675,AMBITO TERRITORIALE DI SEREGNO,Seregno,Monza E Della Brianza,Lombardia,"Ambiti della programmazione sociale e socio-sanitaria (Ambiti Sociali, Piani di Zona, Distretti socio-sanitari, Società della Salute)","firmatario, proponente, attore",True,True,True,False,False,False,False,"['firmatario', 'proponente', 'attore']",,ambito territoriale di seregno,"ambiti della programmazione sociale e socio-sanitaria (ambiti sociali, piani di zona, distretti socio-sanitari, società della salute)",seregno,monza e della brianza,lombardia,"firmatario, proponente, attore"
45.613169,9.369745,AMBITO TERRITORIALE DI VIMERCATE,Vimercate,Monza E Della Brianza,Lombardia,"Ambiti della programmazione sociale e socio-sanitaria (Ambiti Sociali, Piani di Zona, Distretti socio-sanitari, Società della Salute)","firmatario, proponente, attore",True,True,True,False,False,False,False,"['firmatario', 'proponente', 'attore']",,ambito territoriale di vimercate,"ambiti della programmazione sociale e socio-sanitaria (ambiti sociali, piani di zona, distretti socio-sanitari, società della salute)",vimercate,monza e della brianza,lombardia,"firmatario, proponente, attore"
45.584397,9.273582,IRCCS SAN GERARDO DEI TINTORI MONZA,Monza,Monza E Della Brianza,Lombardia,"Ospedale (Pronto soccorso, ecc.)","firmatario, proponente, attore",True,True,True,False,False,False,False,"['firmatario', 'proponente', 'attore']",,irccs san gerardo dei tintori monza,"ospedale (pronto soccorso, ecc.)",monza,monza e della brianza,lombardia,"firmatario, proponente, attore"
45.584397,9.273582,ISTITUTI CLINICI ZUCCHI MONZA,Monza,Monza E Della Brianza,Lombardia,"Ospedale (Pronto soccorso, ecc.)","firmatario, proponente, attore",True,True,True,False,False,False,False,"['firmatario', 'proponente', 'attore']",,istituti clinici zucchi monza,"ospedale (pronto soccorso, ecc.)",monza,monza e della brianza,lombardia,"firmatario, proponente, attore"
45.584397,9.273582,POLICLINICO MONZA,Monza,Monza E Della Brianza,Lombardia,"Ospedale (Pronto soccorso, ecc.)","firmatario, proponente, attore",True,True,True,False,False,False,False,"['firmatario', 'proponente', 'attore']",,policlinico monza,"ospedale (pronto soccorso, ecc.)",monza,monza e della brianza,lombardia,"firmatario, proponente, attore"
45.584397,9.273582,PROCURA DELLA REPUBBLICA DI MONZA,Monza,Monza E Della Brianza,Lombardia,Procura Ordinaria/Tribunale/Corte d'appello,"firmatario, proponente, attore",True,True,True,False,False,False,False,"['firmatario', 'proponente', 'attore']",,procura della repubblica di monza,procura ordinaria/tribunale/corte d'appello,monza,monza e della brianza,lombardia,"firmatario, proponente, attore"
45.584397,9.273582,QUESTURA DI MONZA - POLIZIA DI STATO,Monza,Monza E Della Brianza,Lombardia,Questura,"firmatario, proponente, attore",True,True,True,False,False,False,False,"['firmatario', 'proponente', 'attore']",,questura di monza - polizia di stato,questura,monza,monza e della brianza,lombardia,"firmatario, proponente, attore"
45.636278,9.278215,COMANDO PROVINCIALE ARMA DEI CARABINIERI DI MONZA,Monza,Monza E Della Brianza,Lombardia,Carabinieri/Polizia/altre forze dell'ordine,"firmatario, proponente, attore",True,True,True,False,False,False,False,"['firmatario', 'proponente', 'attore']",,comando provinciale arma dei carabinieri di monza,carabinieri/polizia/altre forze dell'ordine,monza,monza e della brianza,lombardia,"firmatario, proponente, attore"
45.584397,9.273582,CROCE ROSSA ITALIANA - COMITATO DI MONZA,Monza,Monza E Della Brianza,Lombardia,CAV/Centri Antiviolenza,"firmatario, proponente, attore",True,True,True,False,False,False,False,"['firmatario', 'proponente', 'attore']",,croce rossa italiana - comitato di monza,cav/centri antiviolenza,monza,monza e della brianza,lombardia,"firmatario, proponente, attore"
45.584397,9.273582,C.A.DO.M. CENTRO AIUTO DONNE MALTRATTATE DI MONZA - CENTRO ANTIVIOLENZA,Monza,Monza E Della Brianza,Lombardia,CAV/Centri Antiviolenza,"firmatario, proponente, attore",True,True,True,False,False,False,False,"['firmatario', 'proponente', 'attore']",,c.a.do.m. centro aiuto donne maltrattate di monza - centro antiviolenza,cav/centri antiviolenza,monza,monza e della brianza,lombardia,"firmatario, proponente, attore"
45.401563,10.277085,ASSOCIAZIONE TELEFONO DONNA - CENTRO ANTIVIOLENZA,Ghedi,Brescia,Lombardia,CAV/Centri Antiviolenza,"firmatario, attore",True,False,True,False,False,False,False,"['firmatario', 'attore']",,associazione telefono donna - centro antiviolenza,cav/centri antiviolenza,ghedi,brescia,lombardia,"firmatario, attore"
45.401563,10.277085,ASSOCIAZIONE WHITE MATHILDA - CENTRO ANTIVIOLENZA,Ghedi,Brescia,Lombardia,CAV/Centri Antiviolenza,"firmatario, attore",True,False,True,False,False,False,False,"['firmatario', 'attore']",,associazione white mathilda - centro antiviolenza,cav/centri antiviolenza,ghedi,brescia,lombardia,"firmatario, attore"
45.401563,10.277085,ASSOCIAZIONE MITTATRON - CENTRO ANTIVIOLENZA,Ghedi,Brescia,Lombardia,CAV/Centri Antiviolenza,"firmatario, attore",True,False,True,False,False,False,False,"['firmatario', 'attore']",,associazione mittatron - centro antiviolenza,cav/centri antiviolenza,ghedi,brescia,lombardia,"firmatario, attore"
45.53366,9.236636,La Grande Casa,Sesto San Giovanni,Milano,Lombardia,IMPRESE SOCIALI,proponente,False,True,False,False,False,False,False,['proponente'],,la grande casa,imprese sociali,sesto san giovanni,milano,lombardia,proponente
45.584397,9.273582,Novo Millennio,Monza,Monza E Della Brianza,Lombardia,IMPRESE SOCIALI,proponente,False,True,False,False,False,False,False,['proponente'],,novo millennio,imprese sociali,monza,monza e della brianza,lombardia,proponente
45.584397,9.273582,Ambito territoriale di Monza,Monza,Monza E Della Brianza,Lombardia,"Ambiti della programmazione sociale e socio-sanitaria (Ambiti Sociali, Piani di Zona, Distretti socio-sanitari, Società della Salute)","firmatario, proponente, attore",True,True,True,False,False,False,False,"['firmatario', 'proponente', 'attore']",,ambito territoriale di monza,"ambiti della programmazione sociale e socio-sanitaria (ambiti sociali, piani di zona, distretti socio-sanitari, società della salute)",monza,monza e della brianza,lombardia,"firmatario, proponente, attore"
45.381208,9.152782,Comune di Rozzano,Rozzano,Milano,Lombardia,Comuni,"firmatario, proponente, attore",True,True,True,False,False,False,False,"['firmatario', 'proponente', 'attore']",,comune di rozzano,comuni,rozzano,milano,lombardia,"firmatario, proponente, attore"
45.353236,9.200299,Comune di Pieve Emanuele,Pieve Emanuele,Milano,Lombardia,Comuni,"firmatario, attore",True,False,True,False,False,False,False,"['firmatario', 'attore']",,comune di pieve emanuele,comuni,pieve emanuele,milano,lombardia,"firmatario, attore"
45.431825,9.10859,Comune di Corsico,Corsico,Milano,Lombardia,Comuni,"firmatario, attore",True,False,True,False,False,False,False,"['firmatario', 'attore']",,comune di corsico,comuni,corsico,milano,lombardia,"firmatario, attore"
45.361569,9.157983,Comune di Basiglio,Basiglio,Milano,Lombardia,Comuni,"firmatario, attore",True,False,True,False,False,False,False,"['firmatario', 'attore']",,comune di basiglio,comuni,basiglio,milano,lombardia,"firmatario, attore"
45.357634,9.221641,Comune di Locate di Triulzi,Locate Di Triulzi,Milano,Lombardia,Comuni,"firmatario, attore",True,False,True,False,False,False,False,"['firmatario', 'attore']",,comune di locate di triulzi,comuni,locate di triulzi,milano,lombardia,"firmatario, attore"
45.377281,9.211719,Comune di Opera,Opera,Milano,Lombardia,Comuni,"firmatario, attore",True,False,True,False,False,False,False,"['firmatario', 'attore']",,comune di opera,comuni,opera,milano,lombardia,"firmatario, attore"
45.332192,9.099612,Comune di Binasco,Binasco,Milano,Lombardia,Comuni,"firmatario, attore",True,False,True,False,False,False,False,"['firmatario', 'attore']",,comune di binasco,comuni,binasco,milano,lombardia,"firmatario, attore"
45.317025,9.105526,Comune di Casarile,Casarile,Milano,Lombardia,Comuni,"firmatario, attore",True,False,True,False,False,False,False,"['firmatario', 'attore']",,comune di casarile,comuni,casarile,milano,lombardia,"firmatario, attore"
45.322168,9.136782,Comune di Lacchiarella,Lacchiarella,Milano,Lombardia,Comuni,"firmatario, attore",True,False,True,False,False,False,False,"['firmatario', 'attore']",,comune di lacchiarella,comuni,lacchiarella,milano,lombardia,"firmatario, attore"
45.357761,9.070922,Comune di Noviglio,Noviglio,Milano,Lombardia,Comuni,"firmatario, attore",True,False,True,False,False,False,False,"['firmatario', 'attore']",,comune di noviglio,comuni,noviglio,milano,lombardia,"firmatario, attore"
45.31651,9.059268,Comune di Vernate,Vernate,Milano,Lombardia,Comuni,"firmatario, attore",True,False,True,False,False,False,False,"['firmatario', 'attore']",,comune di vernate,comuni,vernate,milano,lombardia,"firmatario, attore"
45.360246,9.105947,Comune di Zibido San Giacomo,Zibido San Giacomo,Milano,Lombardia,Comuni,"firmatario, attore",True,False,True,False,False,False,False,"['firmatario', 'attore']",,comune di zibido san giacomo,comuni,zibido san giacomo,milano,lombardia,"firmatario, attore"
45.405636,9.131704,Comune di Assago,Assago,Milano,Lombardia,Comuni,"firmatario, attore",True,False,True,False,False,False,False,"['firmatario', 'attore']",,comune di assago,comuni,assago,milano,lombardia,"firmatario, attore"
45.422332,9.108312,Comune di Buccinasco,Buccinasco,Milano,Lombardia,Comuni,"firmatario, attore",True,False,True,False,False,False,False,"['firmatario', 'attore']",,comune di buccinasco,comuni,buccinasco,milano,lombardia,"firmatario, attore"
45.446461,9.03347,Comune di Cusago,Cusago,Milano,Lombardia,Comuni,"firmatario, attore",True,False,True,False,False,False,False,"['firmatario', 'attore']",,comune di cusago,comuni,cusago,milano,lombardia,"firmatario, attore"
45.466647,9.190648,Prefettura - Ufficio Territoriale del Governo di Milano,Milano,Milano,Lombardia,Prefettura,"firmatario, attore",True,False,True,False,False,False,False,"['firmatario', 'attore']",,prefettura - ufficio territoriale del governo di milano,prefettura,milano,milano,lombardia,"firmatario, attore"
45.478254,9.128111,Azienda di Tutela della Salute della Città Metropolitana di Milano,Milano,Milano,Lombardia,ASL (consultori familiari e altri servizi territoriali),"firmatario, attore",True,False,True,False,False,False,False,"['firmatario', 'attore']",,azienda di tutela della salute della città metropolitana di milano,asl (consultori familiari e altri servizi territoriali),milano,milano,lombardia,"firmatario, attore"
45.401563,10.277085,Associazione Donne Insieme Contro la Violenza,Ghedi,Brescia,Lombardia,CAV/Centri Antiviolenza,"firmatario, attore",True,False,True,False,False,False,False,"['firmatario', 'attore']",,associazione donne insieme contro la violenza,cav/centri antiviolenza,ghedi,brescia,lombardia,"firmatario, attore"
45.466647,9.190648,Casa di Accoglienza Donne Maltrattate di Milano,Milano,Milano,Lombardia,CAV/Centri Antiviolenza,"firmatario, attore",True,False,True,False,False,False,False,"['firmatario', 'attore']",,casa di accoglienza donne maltrattate di milano,cav/centri antiviolenza,milano,milano,lombardia,"firmatario, attore"
45.466647,9.190648,Fondazione Somaschi di Milano,Milano,Milano,Lombardia,Case Rifugio,"firmatario, attore",True,False,True,False,False,False,False,"['firmatario', 'attore']",,fondazione somaschi di milano,case rifugio,milano,milano,lombardia,"firmatario, attore"
45.401563,10.277085,Associazione Filo di Arianna,Ghedi,Brescia,Lombardia,CAV/Centri Antiviolenza,"firmatario, attore",True,False,True,False,False,False,False,"['firmatario', 'attore']",,associazione filo di arianna,cav/centri antiviolenza,ghedi,brescia,lombardia,"firmatario, attore"
45.417969,9.06907,Associazione Demetra Donne Trezzano Sul Naviglio ONLUS,Trezzano Sul Naviglio,Milano,Lombardia,CAV/Centri Antiviolenza,"firmatario, attore",True,False,True,False,False,False,False,"['firmatario', 'attore']",,associazione demetra donne trezzano sul naviglio onlus,cav/centri antiviolenza,trezzano sul naviglio,milano,lombardia,"firmatario, attore"
45.431825,9.10859,Associazione Ventunesimodonna di Corsico,Corsico,Milano,Lombardia,ORGANIZZAZIONI DI VOLONTARIATO,"firmatario, attore",True,False,True,False,False,False,False,"['firmatario', 'attore']",,associazione ventunesimodonna di corsico,organizzazioni di volontariato,corsico,milano,lombardia,"firmatario, attore"
45.401563,10.277085,Associazione Nazionale D.i.Re Donne in Rete contro la violenza,Ghedi,Brescia,Lombardia,CAV/Centri Antiviolenza,,False,False,False,False,False,False,False,[],,associazione nazionale d.i.re donne in rete contro la violenza,cav/centri antiviolenza,ghedi,brescia,lombardia,
45.883718,10.180859,Comune di Darfo Boario Terme,Darfo Boario Terme,Brescia,Lombardia,Comuni,"firmatario, attore, coordinamento",True,False,True,False,False,True,True,"['firmatario', 'attore', 'coordinamento']",coordinamento,comune di darfo boario terme,comuni,darfo boario terme,brescia,lombardia,"firmatario, attore, coordinamento"
45.957119,10.302227,Azienda Territoriale per i Servizi alla Persona di Breno,Breno,Brescia,Lombardia,Altro,"firmatario, attore",True,False,True,False,False,False,False,"['firmatario', 'attore']",,azienda territoriale per i servizi alla persona di breno,altro,breno,brescia,lombardia,"firmatario, attore"
45.539936,10.219113,Centro Antiviolenza Associazione “ Casa delle Donne onlus” con sede legale a Brescia,Brescia,Brescia,Lombardia,CAV/Centri Antiviolenza,"firmatario, attore",True,False,True,False,False,False,False,"['firmatario', 'attore']",,centro antiviolenza associazione “ casa delle donne onlus” con sede legale a brescia,cav/centri antiviolenza,brescia,brescia,lombardia,"firmatario, attore"
45.401563,10.277085,Associazione Nazionale Comuni Italiani - A.N.C.L.,Ghedi,Brescia,Lombardia,ORGANIZZAZIONI DI VOLONTARIATO,,False,False,False,False,False,False,False,[],,associazione nazionale comuni italiani - a.n.c.l.,organizzazioni di volontariato,ghedi,brescia,lombardia,
45.401563,10.277085,Associazione Nazionale Donne in Rete contro la violenza D.i.Re,Ghedi,Brescia,Lombardia,CAV/Centri Antiviolenza,,False,False,False,False,False,False,False,[],,associazione nazionale donne in rete contro la violenza d.i.re,cav/centri antiviolenza,ghedi,brescia,lombardia,
45.539936,10.219113,Associazione Casa delle Donne di Brescia,Brescia,Brescia,Lombardia,CAV/Centri Antiviolenza,,False,False,False,False,False,False,False,[],,associazione casa delle donne di brescia,cav/centri antiviolenza,brescia,brescia,lombardia,
45.539936,10.219113,Comune di Brescia,Brescia,Brescia,Lombardia,Comuni,"firmatario, attore",True,False,True,False,False,False,False,"['firmatario', 'attore']",,comune di brescia,comuni,brescia,brescia,lombardia,"firmatario, attore"
45.52897,9.040138,Comune di Rho,Rho,Milano,Lombardia,Comuni,"firmatario, proponente, attore",True,True,True,False,False,False,False,"['firmatario', 'proponente', 'attore']",,comune di rho,comuni,rho,milano,lombardia,"firmatario, proponente, attore"
45.52897,9.040138,Assemblea dei Sindaci Ambito di Rho,Rho,Milano,Lombardia,"Ambiti della programmazione sociale e socio-sanitaria (Ambiti Sociali, Piani di Zona, Distretti socio-sanitari, Società della Salute)","firmatario, proponente, attore",True,True,True,False,False,False,False,"['firmatario', 'proponente', 'attore']",,assemblea dei sindaci ambito di rho,"ambiti della programmazione sociale e socio-sanitaria (ambiti sociali, piani di zona, distretti socio-sanitari, società della salute)",rho,milano,lombardia,"firmatario, proponente, attore"
45.576332,9.079206,Assemblea dei Sindaci Ambito di Garbagnate Milanese,Garbagnate Milanese,Milano,Lombardia,"Ambiti della programmazione sociale e socio-sanitaria (Ambiti Sociali, Piani di Zona, Distretti socio-sanitari, Società della Salute)","firmatario, proponente, attore",True,True,True,False,False,False,False,"['firmatario', 'proponente', 'attore']",,assemblea dei sindaci ambito di garbagnate milanese,"ambiti della programmazione sociale e socio-sanitaria (ambiti sociali, piani di zona, distretti socio-sanitari, società della salute)",garbagnate milanese,milano,lombardia,"firmatario, proponente, attore"
45.52897,9.040138,Azienda Speciale Consortile Sercop,Rho,Milano,Lombardia,"Ambiti della programmazione sociale e socio-sanitaria (Ambiti Sociali, Piani di Zona, Distretti socio-sanitari, Società della Salute)","firmatario, attore, gestione",True,False,True,True,False,False,True,"['firmatario', 'attore', 'gestione']",gestione,azienda speciale consortile sercop,"ambiti della programmazione sociale e socio-sanitaria (ambiti sociali, piani di zona, distretti socio-sanitari, società della salute)",rho,milano,lombardia,"firmatario, attore, gestione"
45.466647,9.190648,Fondazione Somaschi Onlus,Milano,Milano,Lombardia,Ente terzo settore - ETS (iscritto al RUNTS),"firmatario, attore, gestione",True,False,True,True,False,False,True,"['firmatario', 'attore', 'gestione']",gestione,fondazione somaschi onlus,ente terzo settore - ets (iscritto al runts),milano,milano,lombardia,"firmatario, attore, gestione"
45.478254,9.128111,ATS Citta Metropolitana di Milano,Milano,Milano,Lombardia,ASL (consultori familiari e altri servizi territoriali),"firmatario, attore",True,False,True,False,False,False,False,"['firmatario', 'attore']",,ats citta metropolitana di milano,asl (consultori familiari e altri servizi territoriali),milano,milano,lombardia,"firmatario, attore"
45.576332,9.079206,ASST Rhodense,Garbagnate Milanese,Milano,Lombardia,ASL (consultori familiari e altri servizi territoriali),"firmatario, attore",True,False,True,False,False,False,False,"['firmatario', 'attore']",,asst rhodense,asl (consultori familiari e altri servizi territoriali),garbagnate milanese,milano,lombardia,"firmatario, attore"
45.405636,9.131704,"Fondazione ""Fare Famiglia - Onlus""",Assago,Milano,Lombardia,Ente terzo settore - ETS (iscritto al RUNTS),"firmatario, attore",True,False,True,False,False,False,False,"['firmatario', 'attore']",,"fondazione ""fare famiglia - onlus""",ente terzo settore - ets (iscritto al runts),assago,milano,lombardia,"firmatario, attore"
45.543815,9.117664,Consultorio Familiare “Centro Di Assistenza alla Famiglia” di Bollate,Bollate,Milano,Lombardia,ASL (consultori familiari e altri servizi territoriali),"firmatario, attore",True,False,True,False,False,False,False,"['firmatario', 'attore']",,consultorio familiare “centro di assistenza alla famiglia” di bollate,asl (consultori familiari e altri servizi territoriali),bollate,milano,lombardia,"firmatario, attore"
45.568573,9.166054,Associazione di Promozione Sociale White Mathilda,Paderno Dugnano,Milano,Lombardia,ORGANIZZAZIONI DI VOLONTARIATO,"firmatario, attore",True,False,True,False,False,False,False,"['firmatario', 'attore']",,associazione di promozione sociale white mathilda,organizzazioni di volontariato,paderno dugnano,milano,lombardia,"firmatario, attore"
45.52897,9.040138,Fondazione Centro di consulenza per la famiglia - onlus,Rho,Milano,Lombardia,Ente terzo settore - ETS (iscritto al RUNTS),"firmatario, attore",True,False,True,False,False,False,False,"['firmatario', 'attore']",,fondazione centro di consulenza per la famiglia - onlus,ente terzo settore - ets (iscritto al runts),rho,milano,lombardia,"firmatario, attore"
45.52897,9.040138,Cooperativa Stripes,Rho,Milano,Lombardia,Ente terzo settore - ETS (iscritto al RUNTS),"firmatario, attore",True,False,True,False,False,False,False,"['firmatario', 'attore']",,cooperativa stripes,ente terzo settore - ets (iscritto al runts),rho,milano,lombardia,"firmatario, attore"
45.466647,9.190648,Cooperativa Dialogica,Milano,Milano,Lombardia,IMPRESE SOCIALI,"firmatario, attore",True,False,True,False,False,False,False,"['firmatario', 'attore']",,cooperativa dialogica,imprese sociali,milano,milano,lombardia,"firmatario, attore"
45.510511,9.089084,Associazione Terra Luna,Pero,Milano,Lombardia,ORGANIZZAZIONI DI VOLONTARIATO,"firmatario, attore",True,False,True,False,False,False,False,"['firmatario', 'attore']",,associazione terra luna,organizzazioni di volontariato,pero,milano,lombardia,"firmatario, attore"
45.52897,9.040138,ACLI - Associazioni Cristiane Lavoratori Italiani Circolo Acli Aperta...mente APS,Rho,Milano,Lombardia,ASSOCIAZIONI DI PROMOZIONE SOCIALE,"firmatario, attore",True,False,True,False,False,False,False,"['firmatario', 'attore']",,acli - associazioni cristiane lavoratori italiani circolo acli aperta...mente aps,associazioni di promozione sociale,rho,milano,lombardia,"firmatario, attore"
45.478254,9.128111,Comando Provinciale Carabinieri,Milano,Milano,Lombardia,Carabinieri/Polizia/altre forze dell'ordine,"firmatario, attore",True,False,True,False,False,False,False,"['firmatario', 'attore']",,comando provinciale carabinieri,carabinieri/polizia/altre forze dell'ordine,milano,milano,lombardia,"firmatario, attore"
45.478254,9.128111,Comando Provinciale Guardia di Finanza,Milano,Milano,Lombardia,Carabinieri/Polizia/altre forze dell'ordine,"firmatario, attore",True,False,True,False,False,False,False,"['firmatario', 'attore']",,comando provinciale guardia di finanza,carabinieri/polizia/altre forze dell'ordine,milano,milano,lombardia,"firmatario, attore"
45.549915,9.078724,Azienda speciale consortile CSBNO - Culture socialita biblioteche network operativo,Arese,Milano,Lombardia,"Ambiti della programmazione sociale e socio-sanitaria (Ambiti Sociali, Piani di Zona, Distretti socio-sanitari, Società della Salute)","firmatario, attore",True,False,True,False,False,False,False,"['firmatario', 'attore']",,azienda speciale consortile csbno - culture socialita biblioteche network operativo,"ambiti della programmazione sociale e socio-sanitaria (ambiti sociali, piani di zona, distretti socio-sanitari, società della salute)",arese,milano,lombardia,"firmatario, attore"
45.527566,9.113894,Associazione La Rotonda,Baranzate,Milano,Lombardia,ORGANIZZAZIONI DI VOLONTARIATO,"firmatario, attore",True,False,True,False,False,False,False,"['firmatario', 'attore']",,associazione la rotonda,organizzazioni di volontariato,baranzate,milano,lombardia,"firmatario, attore"
45.466647,9.190648,Consorzio SIR - Societa Cooperativa Sociale Onlus,Milano,Milano,Lombardia,IMPRESE SOCIALI,"firmatario, attore",True,False,True,False,False,False,False,"['firmatario', 'attore']",,consorzio sir - societa cooperativa sociale onlus,imprese sociali,milano,milano,lombardia,"firmatario, attore"
45.52897,9.040138,Intrecci Cooperativa Sociale Onlus,Rho,Milano,Lombardia,ASSOCIAZIONI DI PROMOZIONE SOCIALE,"firmatario, attore",True,False,True,False,False,False,False,"['firmatario', 'attore']",,intrecci cooperativa sociale onlus,associazioni di promozione sociale,rho,milano,lombardia,"firmatario, attore"
45.52897,9.040138,Fondazione Comunitaria Nord Milano,Rho,Milano,Lombardia,ENTI FILANTROPICI,"firmatario, attore",True,False,True,False,False,False,False,"['firmatario', 'attore']",,fondazione comunitaria nord milano,enti filantropici,rho,milano,lombardia,"firmatario, attore"
45.568573,9.166054,Croce Rossa Italiana Comitato Paderno Dugnano ODV,Paderno Dugnano,Milano,Lombardia,ORGANIZZAZIONI DI VOLONTARIATO,"firmatario, attore",True,False,True,False,False,False,False,"['firmatario', 'attore']",,croce rossa italiana comitato paderno dugnano odv,organizzazioni di volontariato,paderno dugnano,milano,lombardia,"firmatario, attore"
45.478254,9.128111,"Liceo e Istituto Tecnico “Primo Levi""",Bollate,Milano,Lombardia,Scuole/Ufficio scolastico provinciale e regionale,"firmatario, attore",True,False,True,False,False,False,False,"['firmatario', 'attore']",,"liceo e istituto tecnico “primo levi""",scuole/ufficio scolastico provinciale e regionale,bollate,milano,lombardia,"firmatario, attore"
45.478254,9.128111,Istituto Comprensivo “Russel”,Garbagnate Milanese,Milano,Lombardia,Scuole/Ufficio scolastico provinciale e regionale,"firmatario, attore",True,False,True,False,False,False,False,"['firmatario', 'attore']",,istituto comprensivo “russel”,scuole/ufficio scolastico provinciale e regionale,garbagnate milanese,milano,lombardia,"firmatario, attore"
45.478254,9.128111,Istituto “Puecher”,Rho,Milano,Lombardia,Scuole/Ufficio scolastico provinciale e regionale,"firmatario, attore",True,False,True,False,False,False,False,"['firmatario', 'attore']",,istituto “puecher”,scuole/ufficio scolastico provinciale e regionale,rho,milano,lombardia,"firmatario, attore"
45.478254,9.128111,Istituto “Olivetti”,Rho,Milano,Lombardia,Scuole/Ufficio scolastico provinciale e regionale,"firmatario, attore",True,False,True,False,False,False,False,"['firmatario', 'attore']",,istituto “olivetti”,scuole/ufficio scolastico provinciale e regionale,rho,milano,lombardia,"firmatario, attore"
45.478254,9.128111,Liceo “Clemente Rebora”,Rho,Milano,Lombardia,Scuole/Ufficio scolastico provinciale e regionale,"firmatario, attore",True,False,True,False,False,False,False,"['firmatario', 'attore']",,liceo “clemente rebora”,scuole/ufficio scolastico provinciale e regionale,rho,milano,lombardia,"firmatario, attore"
45.946909,9.46845,Cooperativa La Fucina - Onlus,Barzio,Lecco,Lombardia,ASSOCIAZIONI DI PROMOZIONE SOCIALE,"firmatario, attore",True,False,True,False,False,False,False,"['firmatario', 'attore']",,cooperativa la fucina - onlus,associazioni di promozione sociale,barzio,lecco,lombardia,"firmatario, attore"
45.466647,9.190648,"AFOL Metropolitana, Agenzia Metropolitana per la formazione, l'orientamento e il lavoro",Milano,Milano,Lombardia,Servizi per l'impiego,"firmatario, attore",True,False,True,False,False,False,False,"['firmatario', 'attore']",,"afol metropolitana, agenzia metropolitana per la formazione, l'orientamento e il lavoro",servizi per l'impiego,milano,milano,lombardia,"firmatario, attore"
45.52897,9.040138,Caritas cittadina - Associazione Briciole di pane - Charity Rho - ODV,Rho,Milano,Lombardia,Ente terzo settore - ETS (iscritto al RUNTS),"firmatario, attore",True,False,True,False,False,False,False,"['firmatario', 'attore']",,caritas cittadina - associazione briciole di pane - charity rho - odv,ente terzo settore - ets (iscritto al runts),rho,milano,lombardia,"firmatario, attore"
45.52897,9.040138,Polisportiva Oratorio San Carlo ASD - APS,Rho,Milano,Lombardia,ASSOCIAZIONI DI PROMOZIONE SOCIALE,"firmatario, attore",True,False,True,False,False,False,False,"['firmatario', 'attore']",,polisportiva oratorio san carlo asd - aps,associazioni di promozione sociale,rho,milano,lombardia,"firmatario, attore"
45.52897,9.040138,Confcommercio Imprese per l'Italia Milano Lodi Monza e Brianza Associazione Territoriale di Rho,Rho,Milano,Lombardia,Sindacati/Associazioni di categoria,"firmatario, attore",True,False,True,False,False,False,False,"['firmatario', 'attore']",,confcommercio imprese per l'italia milano lodi monza e brianza associazione territoriale di rho,sindacati/associazioni di categoria,rho,milano,lombardia,"firmatario, attore"
45.543815,9.117664,Confcommercio Imprese per l'Italia Milano Lodi Monza e Brianza Associazione Territoriale di Bollate,Bollate,Milano,Lombardia,Sindacati/Associazioni di categoria,"firmatario, attore",True,False,True,False,False,False,False,"['firmatario', 'attore']",,confcommercio imprese per l'italia milano lodi monza e brianza associazione territoriale di bollate,sindacati/associazioni di categoria,bollate,milano,lombardia,"firmatario, attore"
45.549915,9.078724,Comune di Arese,Arese,Milano,Lombardia,Comuni,,False,False,False,False,False,False,False,[],,comune di arese,comuni,arese,milano,lombardia,
45.501965,9.025871,Comune di Cornaredo,Cornaredo,Milano,Lombardia,Comuni,,False,False,False,False,False,False,False,[],,comune di cornaredo,comuni,cornaredo,milano,lombardia,
45.571449,9.02673,Comune di Lainate,Lainate,Milano,Lombardia,Comuni,,False,False,False,False,False,False,False,[],,comune di lainate,comuni,lainate,milano,lombardia,
45.510511,9.089084,Comune di Pero,Pero,Milano,Lombardia,Comuni,,False,False,False,False,False,False,False,[],,comune di pero,comuni,pero,milano,lombardia,
45.537166,8.991859,Comune di Pogliano Milanese,Pogliano Milanese,Milano,Lombardia,Comuni,,False,False,False,False,False,False,False,[],,comune di pogliano milanese,comuni,pogliano milanese,milano,lombardia,
45.516823,9.009059,Comune di Pregnana Milanese,Pregnana Milanese,Milano,Lombardia,Comuni,,False,False,False,False,False,False,False,[],,comune di pregnana milanese,comuni,pregnana milanese,milano,lombardia,
45.526412,8.997735,Comune di Vanzago,Vanzago,Milano,Lombardia,Comuni,,False,False,False,False,False,False,False,[],,comune di vanzago,comuni,vanzago,milano,lombardia,
45.527566,9.113894,Comune di Baranzate,Baranzate,Milano,Lombardia,Comuni,,False,False,False,False,False,False,False,[],,comune di baranzate,comuni,baranzate,milano,lombardia,
45.543815,9.117664,Comune di Bollate,Bollate,Milano,Lombardia,Comuni,"firmatario, attore",True,False,True,False,False,False,False,"['firmatario', 'attore']",,comune di bollate,comuni,bollate,milano,lombardia,"firmatario, attore"
45.595079,9.075546,Comune di Cesate,Cesate,Milano,Lombardia,Comuni,,False,False,False,False,False,False,False,[],,comune di cesate,comuni,cesate,milano,lombardia,
45.576332,9.079206,Comune di Garbagnate Milanese,Garbagnate Milanese,Milano,Lombardia,Comuni,"firmatario, proponente, attore",True,True,True,False,False,False,False,"['firmatario', 'proponente', 'attore']",,comune di garbagnate milanese,comuni,garbagnate milanese,milano,lombardia,"firmatario, proponente, attore"
45.532525,9.134997,Comune di Novate Milanese,Novate Milanese,Milano,Lombardia,Comuni,,False,False,False,False,False,False,False,[],,comune di novate milanese,comuni,novate milanese,milano,lombardia,
45.568573,9.166054,Comune di Paderno Dugnano,Paderno Dugnano,Milano,Lombardia,Comuni,"firmatario, attore",True,False,True,False,False,False,False,"['firmatario', 'attore']",,comune di paderno dugnano,comuni,paderno dugnano,milano,lombardia,"firmatario, attore"
45.575237,9.117439,Comune di Senago,Senago,Milano,Lombardia,Comuni,,False,False,False,False,False,False,False,[],,comune di senago,comuni,senago,milano,lombardia,
45.616777,9.079511,Comune di Solaro,Solaro,Milano,Lombardia,Comuni,,False,False,False,False,False,False,False,[],,comune di solaro,comuni,solaro,milano,lombardia,
45.434941,12.338484,Prefettura di Venezia,Venezia,Venezia,Veneto,Prefettura,"firmatario, attore",True,False,True,False,False,False,False,"['firmatario', 'attore']",,prefettura di venezia,prefettura,venezia,venezia,veneto,"firmatario, attore"
45.434941,12.338484,Questura di Venezia,Venezia,Venezia,Veneto,Questura,"firmatario, attore",True,False,True,False,False,False,False,"['firmatario', 'attore']",,questura di venezia,questura,venezia,venezia,veneto,"firmatario, attore"
45.554435,12.398142,Comando Provinciale di Venezia dei Carabinieri,Venezia,Venezia,Veneto,Carabinieri/Polizia/altre forze dell'ordine,"firmatario, attore",True,False,True,False,False,False,False,"['firmatario', 'attore']",,comando provinciale di venezia dei carabinieri,carabinieri/polizia/altre forze dell'ordine,venezia,venezia,veneto,"firmatario, attore"
45.554435,12.398142,Comando Provinciale di Venezia della Guardia di Finanza,Venezia,Venezia,Veneto,Carabinieri/Polizia/altre forze dell'ordine,"firmatario, attore",True,False,True,False,False,False,False,"['firmatario', 'attore']",,comando provinciale di venezia della guardia di finanza,carabinieri/polizia/altre forze dell'ordine,venezia,venezia,veneto,"firmatario, attore"
45.434941,12.338484,Tribunale Civile e Penale di Venezia,Venezia,Venezia,Veneto,Procura Ordinaria/Tribunale/Corte d'appello,"firmatario, attore",True,False,True,False,False,False,False,"['firmatario', 'attore']",,tribunale civile e penale di venezia,procura ordinaria/tribunale/corte d'appello,venezia,venezia,veneto,"firmatario, attore"
45.434941,12.338484,Procura della Repubblica presso il Tribunale ordinario di Venezia,Venezia,Venezia,Veneto,Procura Ordinaria/Tribunale/Corte d'appello,"firmatario, attore",True,False,True,False,False,False,False,"['firmatario', 'attore']",,procura della repubblica presso il tribunale ordinario di venezia,procura ordinaria/tribunale/corte d'appello,venezia,venezia,veneto,"firmatario, attore"
45.554435,12.398142,Citta Metropolitana di Venezia,Venezia,Venezia,Veneto,Province/Città metropolitane,"firmatario, attore",True,False,True,False,False,False,False,"['firmatario', 'attore']",,citta metropolitana di venezia,province/città metropolitane,venezia,venezia,veneto,"firmatario, attore"
45.434941,12.338484,Centro Antiviolenza Comune di Venezia,Venezia,Venezia,Veneto,CAV/Centri Antiviolenza,"firmatario, attore",True,False,True,False,False,False,False,"['firmatario', 'attore']",,centro antiviolenza comune di venezia,cav/centri antiviolenza,venezia,venezia,veneto,"firmatario, attore"
45.434941,12.338484,Sportello Antiviolenza Comune di Venezia sede di Venezia,Venezia,Venezia,Veneto,CAV/Centri Antiviolenza,attore,False,False,True,False,False,False,False,['attore'],,sportello antiviolenza comune di venezia sede di venezia,cav/centri antiviolenza,venezia,venezia,veneto,attore
45.434941,12.338484,Sportello Antiviolenza Comune di Venezia. Sede Lido di Venezia,Venezia,Venezia,Veneto,CAV/Centri Antiviolenza,attore,False,False,True,False,False,False,False,['attore'],,sportello antiviolenza comune di venezia. sede lido di venezia,cav/centri antiviolenza,venezia,venezia,veneto,attore
45.220024,12.279462,Centro Antiviolenza Civico Donna - Comune di Chioggia,Chioggia,Venezia,Veneto,CAV/Centri Antiviolenza,"firmatario, attore",True,False,True,False,False,False,False,"['firmatario', 'attore']",,centro antiviolenza civico donna - comune di chioggia,cav/centri antiviolenza,chioggia,venezia,veneto,"firmatario, attore"
45.136518,12.083984,Sportello Antiviolenza Civico Donna - Comune di Cavarzere,Cavarzere,Venezia,Veneto,CAV/Centri Antiviolenza,attore,False,False,True,False,False,False,False,['attore'],,sportello antiviolenza civico donna - comune di cavarzere,cav/centri antiviolenza,cavarzere,venezia,veneto,attore
45.434941,12.338484,Centro Antiviolenza Estia di Venezia Cooperativa Iside,Venezia,Venezia,Veneto,CAV/Centri Antiviolenza,"firmatario, attore",True,False,True,False,False,False,False,"['firmatario', 'attore']",,centro antiviolenza estia di venezia cooperativa iside,cav/centri antiviolenza,venezia,venezia,veneto,"firmatario, attore"
45.550207,12.07021,Centro Antiviolenza Sonia di Noale Cooperativa Iside,Noale,Venezia,Veneto,CAV/Centri Antiviolenza,"firmatario, attore",True,False,True,False,False,False,False,"['firmatario', 'attore']",,centro antiviolenza sonia di noale cooperativa iside,cav/centri antiviolenza,noale,venezia,veneto,"firmatario, attore"
45.432813,12.123419,Sportello Antiviolenza di Mira Cooperativa Iside,Mira,Venezia,Veneto,CAV/Centri Antiviolenza,"firmatario, attore",True,False,True,False,False,False,False,"['firmatario', 'attore']",,sportello antiviolenza di mira cooperativa iside,cav/centri antiviolenza,mira,venezia,veneto,"firmatario, attore"
45.434941,12.338484,Centro per gli autori di violenza GRU di Venezia Cooperativa Iside,Venezia,Venezia,Veneto,"Associazioni che si occupano di programmi di prevenzione, recupero e trattamento per uomini maltrattanti",attore,False,False,True,False,False,False,False,['attore'],,centro per gli autori di violenza gru di venezia cooperativa iside,"associazioni che si occupano di programmi di prevenzione, recupero e trattamento per uomini maltrattanti",venezia,venezia,veneto,attore
45.434941,12.338484,Universita Ca' Foscari di Venezia,Venezia,Venezia,Veneto,Università,"firmatario, attore",True,False,True,False,False,False,False,"['firmatario', 'attore']",,universita ca' foscari di venezia,università,venezia,venezia,veneto,"firmatario, attore"
45.434941,12.338484,IUSVE Istituto Universitario Salesiano Venezia,Venezia,Venezia,Veneto,Università,"firmatario, attore",True,False,True,False,False,False,False,"['firmatario', 'attore']",,iusve istituto universitario salesiano venezia,università,venezia,venezia,veneto,"firmatario, attore"
45.434941,12.338484,Universita Iuav di Venezia,Venezia,Venezia,Veneto,Università,"firmatario, attore",True,False,True,False,False,False,False,"['firmatario', 'attore']",,universita iuav di venezia,università,venezia,venezia,veneto,"firmatario, attore"
45.40702,11.876346,"Centro di Ateneo per i Diritti Umani “Antonio Papisca” e cattedra UNESCO “Diritti umani, democrazia e pace” dell’ Universita degli Studi di Padova",Padova,Padova,Veneto,Università,"firmatario, attore",True,False,True,False,False,False,False,"['firmatario', 'attore']",,"centro di ateneo per i diritti umani “antonio papisca” e cattedra unesco “diritti umani, democrazia e pace” dell’ universita degli studi di padova",università,padova,padova,veneto,"firmatario, attore"
45.554435,12.398142,Ordine dei Medici Chirurghi e Odontoiatri della Provincia di Venezia,Venezia,Venezia,Veneto,Ordine medici e odontoiatri e Ordine farmacisti,"firmatario, attore",True,False,True,False,False,False,False,"['firmatario', 'attore']",,ordine dei medici chirurghi e odontoiatri della provincia di venezia,ordine medici e odontoiatri e ordine farmacisti,venezia,venezia,veneto,"firmatario, attore"
45.554435,12.398142,Ordine dei Farmacisti della Provincia di Venezia,Venezia,Venezia,Veneto,Ordine medici e odontoiatri e Ordine farmacisti,"firmatario, attore",True,False,True,False,False,False,False,"['firmatario', 'attore']",,ordine dei farmacisti della provincia di venezia,ordine medici e odontoiatri e ordine farmacisti,venezia,venezia,veneto,"firmatario, attore"
45.554435,12.398142,Ordine degli Avvocati della Provincia di Venezia,Venezia,Venezia,Veneto,Ordine avvocati,attore,False,False,True,False,False,False,False,['attore'],,ordine degli avvocati della provincia di venezia,ordine avvocati,venezia,venezia,veneto,attore
45.434941,12.338484,CGIL Venezia,Venezia,Venezia,Veneto,Sindacati/Associazioni di categoria,"firmatario, attore",True,False,True,False,False,False,False,"['firmatario', 'attore']",,cgil venezia,sindacati/associazioni di categoria,venezia,venezia,veneto,"firmatario, attore"
45.434941,12.338484,CISL Venezia,Venezia,Venezia,Veneto,Sindacati/Associazioni di categoria,"firmatario, attore",True,False,True,False,False,False,False,"['firmatario', 'attore']",,cisl venezia,sindacati/associazioni di categoria,venezia,venezia,veneto,"firmatario, attore"
45.434941,12.338484,FSI USAE Venezia,Venezia,Venezia,Veneto,Sindacati/Associazioni di categoria,"firmatario, attore",True,False,True,False,False,False,False,"['firmatario', 'attore']",,fsi usae venezia,sindacati/associazioni di categoria,venezia,venezia,veneto,"firmatario, attore"
45.434941,12.338484,UIL Venezia,Venezia,Venezia,Veneto,Sindacati/Associazioni di categoria,"firmatario, attore",True,False,True,False,False,False,False,"['firmatario', 'attore']",,uil venezia,sindacati/associazioni di categoria,venezia,venezia,veneto,"firmatario, attore"
45.554435,12.398142,Consigliera di Parita della Citta Metropolitana di Venezia,Venezia,Venezia,Veneto,Organismi di parità,"firmatario, attore",True,False,True,False,False,False,False,"['firmatario', 'attore']",,consigliera di parita della citta metropolitana di venezia,organismi di parità,venezia,venezia,veneto,"firmatario, attore"
45.434941,12.338484,Lievito Cooperativa Sociale a R.L. Mestre Venezia,Venezia,Venezia,Veneto,Ente terzo settore - ETS (iscritto al RUNTS),"firmatario, attore",True,False,True,False,False,False,False,"['firmatario', 'attore']",,lievito cooperativa sociale a r.l. mestre venezia,ente terzo settore - ets (iscritto al runts),venezia,venezia,veneto,"firmatario, attore"
45.434941,12.338484,Casa - famiglia San Pio X - Patriarcato di Venezia,Venezia,Venezia,Veneto,Case Rifugio,"firmatario, attore",True,False,True,False,False,False,False,"['firmatario', 'attore']",,casa - famiglia san pio x - patriarcato di venezia,case rifugio,venezia,venezia,veneto,"firmatario, attore"
45.434941,12.338484,Comune di Venezia,Venezia,Venezia,Veneto,Comuni,"firmatario, attore",True,False,True,False,False,False,False,"['firmatario', 'attore']",,comune di venezia,comuni,venezia,venezia,veneto,"firmatario, attore"
45.554506,12.299426,Comune di Marcon,Marcon,Venezia,Veneto,Comuni,attore,False,False,True,False,False,False,False,['attore'],,comune di marcon,comuni,marcon,venezia,veneto,attore
45.580304,12.370673,Comune di Quarto d’Altino,Quarto D’Altino,Venezia,Veneto,Comuni,attore,False,False,True,False,False,False,False,['attore'],,comune di quarto d’altino,comuni,quarto d’altino,venezia,veneto,attore
45.353678,12.09828,Comune di Campagna Lupia,Campagna Lupia,Venezia,Veneto,Comuni,attore,False,False,True,False,False,False,False,['attore'],,comune di campagna lupia,comuni,campagna lupia,venezia,veneto,attore
45.331543,12.049232,Comune di Campolongo Maggiore,Campolongo Maggiore,Venezia,Veneto,Comuni,attore,False,False,True,False,False,False,False,['attore'],,comune di campolongo maggiore,comuni,campolongo maggiore,venezia,veneto,attore
45.385082,12.072476,Comune di Camponogara,Camponogara,Venezia,Veneto,Comuni,attore,False,False,True,False,False,False,False,['attore'],,comune di camponogara,comuni,camponogara,venezia,veneto,attore
45.426009,12.074341,Comune di Dolo,Dolo,Venezia,Veneto,Comuni,"firmatario, attore",True,False,True,False,False,False,False,"['firmatario', 'attore']",,comune di dolo,comuni,dolo,venezia,veneto,"firmatario, attore"
45.416484,12.030557,Comune di Fiesso D'Artico,Fiesso D'Artico,Venezia,Veneto,Comuni,attore,False,False,True,False,False,False,False,['attore'],,comune di fiesso d'artico,comuni,fiesso d'artico,venezia,veneto,attore
45.385864,12.048201,Comune di Fossò,Fossò,Venezia,Veneto,Comuni,attore,False,False,True,False,False,False,False,['attore'],,comune di fossò,comuni,fossò,venezia,veneto,attore
45.546533,12.159647,Comune di Martellago,Martellago,Venezia,Veneto,Comuni,attore,False,False,True,False,False,False,False,['attore'],,comune di martellago,comuni,martellago,venezia,veneto,attore
45.432813,12.123419,Comune di Mira,Mira,Venezia,Veneto,Comuni,"firmatario, attore",True,False,True,False,False,False,False,"['firmatario', 'attore']",,comune di mira,comuni,mira,venezia,veneto,"firmatario, attore"
45.492914,12.108896,Comune di Mirano,Mirano,Venezia,Veneto,Comuni,"firmatario, attore",True,False,True,False,False,False,False,"['firmatario', 'attore']",,comune di mirano,comuni,mirano,venezia,veneto,"firmatario, attore"
45.550207,12.07021,Comune di Noale,Noale,Venezia,Veneto,Comuni,attore,False,False,True,False,False,False,False,['attore'],,comune di noale,comuni,noale,venezia,veneto,attore
45.455496,12.02998,Comune di Pianiga,Pianiga,Venezia,Veneto,Comuni,attore,False,False,True,False,False,False,False,['attore'],,comune di pianiga,comuni,pianiga,venezia,veneto,attore
45.505142,12.035123,Comune di Santa Maria di Sala,Santa Maria Di Sala,Venezia,Veneto,Comuni,attore,False,False,True,False,False,False,False,['attore'],,comune di santa maria di sala,comuni,santa maria di sala,venezia,veneto,attore
45.521694,12.09894,Comune di Salzano,Salzano,Venezia,Veneto,Comuni,attore,False,False,True,False,False,False,False,['attore'],,comune di salzano,comuni,salzano,venezia,veneto,attore
45.57185,12.108844,Comune di Scorzé,Scorzé,Venezia,Veneto,Comuni,attore,False,False,True,False,False,False,False,['attore'],,comune di scorzé,comuni,scorzé,venezia,veneto,attore
45.491549,12.164716,Comune di Spinea,Spinea,Venezia,Veneto,Comuni,attore,False,False,True,False,False,False,False,['attore'],,comune di spinea,comuni,spinea,venezia,veneto,attore
45.406892,12.008405,Comune di Stra,Stra,Venezia,Veneto,Comuni,attore,False,False,True,False,False,False,False,['attore'],,comune di stra,comuni,stra,venezia,veneto,attore
45.385336,12.007447,Comune di Vigonovo,Vigonovo,Venezia,Veneto,Comuni,attore,False,False,True,False,False,False,False,['attore'],,comune di vigonovo,comuni,vigonovo,venezia,veneto,attore
45.220024,12.279462,Comune di Chioggia,Chioggia,Venezia,Veneto,Comuni,"firmatario, attore",True,False,True,False,False,False,False,"['firmatario', 'attore']",,comune di chioggia,comuni,chioggia,venezia,veneto,"firmatario, attore"
45.136518,12.083984,Comune di Cavarzere,Cavarzere,Venezia,Veneto,Comuni,attore,False,False,True,False,False,False,False,['attore'],,comune di cavarzere,comuni,cavarzere,venezia,veneto,attore
45.192958,12.039167,Comune di Cona,Cona,Venezia,Veneto,Comuni,attore,False,False,True,False,False,False,False,['attore'],,comune di cona,comuni,cona,venezia,veneto,attore
45.434941,12.338484,Ospedale di Venezia,Venezia,Venezia,Veneto,"Ospedale (Pronto soccorso, ecc.)",attore,False,False,True,False,False,False,False,['attore'],,ospedale di venezia,"ospedale (pronto soccorso, ecc.)",venezia,venezia,veneto,attore
45.434941,12.338484,Ospedale di Mestre,Venezia,Venezia,Veneto,"Ospedale (Pronto soccorso, ecc.)",attore,False,False,True,False,False,False,False,['attore'],,ospedale di mestre,"ospedale (pronto soccorso, ecc.)",venezia,venezia,veneto,attore
45.492914,12.108896,Ospedale di Mirano,Mirano,Venezia,Veneto,"Ospedale (Pronto soccorso, ecc.)",attore,False,False,True,False,False,False,False,['attore'],,ospedale di mirano,"ospedale (pronto soccorso, ecc.)",mirano,venezia,veneto,attore
45.426009,12.074341,Ospedale di Dolo,Dolo,Venezia,Veneto,"Ospedale (Pronto soccorso, ecc.)",attore,False,False,True,False,False,False,False,['attore'],,ospedale di dolo,"ospedale (pronto soccorso, ecc.)",dolo,venezia,veneto,attore
45.220024,12.279462,Ospedale di Chioggia,Chioggia,Venezia,Veneto,"Ospedale (Pronto soccorso, ecc.)",attore,False,False,True,False,False,False,False,['attore'],,ospedale di chioggia,"ospedale (pronto soccorso, ecc.)",chioggia,venezia,veneto,attore
45.554435,12.398142,Comando Provinciale di Venezia dell’Arma dei Carabinieri,Venezia,Venezia,Veneto,Carabinieri/Polizia/altre forze dell'ordine,"firmatario, attore",True,False,True,False,False,False,False,"['firmatario', 'attore']",,comando provinciale di venezia dell’arma dei carabinieri,carabinieri/polizia/altre forze dell'ordine,venezia,venezia,veneto,"firmatario, attore"
45.954196,12.660075,Procura della Repubblica presso il Tribunale ordinario di Pordenone,Pordenone,Pordenone,Friuli-Venezia Giulia,Procura Ordinaria/Tribunale/Corte d'appello,"firmatario, attore",True,False,True,False,False,False,False,"['firmatario', 'attore']",,procura della repubblica presso il tribunale ordinario di pordenone,procura ordinaria/tribunale/corte d'appello,pordenone,pordenone,friuli-venezia giulia,"firmatario, attore"
45.954196,12.660075,Tribunale civile e penale di Pordenone,Pordenone,Pordenone,Friuli-Venezia Giulia,Procura Ordinaria/Tribunale/Corte d'appello,"firmatario, attore",True,False,True,False,False,False,False,"['firmatario', 'attore']",,tribunale civile e penale di pordenone,procura ordinaria/tribunale/corte d'appello,pordenone,pordenone,friuli-venezia giulia,"firmatario, attore"
45.629732,12.563703,Centro Antiviolenza ed antistalking La Magnolia di S. Dona di Piave,San Dona Di Piave,Venezia,Veneto,CAV/Centri Antiviolenza,"firmatario, attore",True,False,True,False,False,False,False,"['firmatario', 'attore']",,centro antiviolenza ed antistalking la magnolia di s. dona di piave,cav/centri antiviolenza,san dona di piave,venezia,veneto,"firmatario, attore"
45.775668,12.837175,Centro di Ascolto per la violenza di genere “Citta Gentili” - Coop. L’Arco di Portogruaro,Portogruaro,Venezia,Veneto,CAV/Centri Antiviolenza,"firmatario, attore",True,False,True,False,False,False,False,"['firmatario', 'attore']",,centro di ascolto per la violenza di genere “citta gentili” - coop. l’arco di portogruaro,cav/centri antiviolenza,portogruaro,venezia,veneto,"firmatario, attore"
45.434941,12.338484,Ordine degli Avvocati di Venezia,Venezia,Venezia,Veneto,Ordine avvocati,"firmatario, attore",True,False,True,False,False,False,False,"['firmatario', 'attore']",,ordine degli avvocati di venezia,ordine avvocati,venezia,venezia,veneto,"firmatario, attore"
45.954196,12.660075,Ordine degli Avvocati di Pordenone,Pordenone,Pordenone,Friuli-Venezia Giulia,Ordine avvocati,"firmatario, attore",True,False,True,False,False,False,False,"['firmatario', 'attore']",,ordine degli avvocati di pordenone,ordine avvocati,pordenone,pordenone,friuli-venezia giulia,"firmatario, attore"
45.434941,12.338484,Ordine dei Medici di Venezia,Venezia,Venezia,Veneto,Ordine medici e odontoiatri e Ordine farmacisti,"firmatario, attore",True,False,True,False,False,False,False,"['firmatario', 'attore']",,ordine dei medici di venezia,ordine medici e odontoiatri e ordine farmacisti,venezia,venezia,veneto,"firmatario, attore"
45.629732,12.563703,Comune di San Dona di Piave,San Dona Di Piave,Venezia,Veneto,Comuni,"firmatario, attore",True,False,True,False,False,False,False,"['firmatario', 'attore']",,comune di san dona di piave,comuni,san dona di piave,venezia,veneto,"firmatario, attore"
45.794023,12.682758,Comune di Annone Veneto,Annone Veneto,Venezia,Veneto,Comuni,"firmatario, attore",True,False,True,False,False,False,False,"['firmatario', 'attore']",,comune di annone veneto,comuni,annone veneto,venezia,veneto,"firmatario, attore"
45.597921,12.887686,Comune di Caorle,Caorle,Venezia,Veneto,Comuni,"firmatario, attore",True,False,True,False,False,False,False,"['firmatario', 'attore']",,comune di caorle,comuni,caorle,venezia,veneto,"firmatario, attore"
45.686437,12.636988,Comune di Ceggia,Ceggia,Venezia,Veneto,Comuni,"firmatario, attore",True,False,True,False,False,False,False,"['firmatario', 'attore']",,comune di ceggia,comuni,ceggia,venezia,veneto,"firmatario, attore"
45.825742,12.7852,Comune di Cinto Caomaggiore,Cinto Caomaggiore,Venezia,Veneto,Comuni,"firmatario, attore",True,False,True,False,False,False,False,"['firmatario', 'attore']",,comune di cinto caomaggiore,comuni,cinto caomaggiore,venezia,veneto,"firmatario, attore"
45.755627,12.846266,Comune di Concordia Sagittaria,Concordia Sagittaria,Venezia,Veneto,Comuni,"firmatario, attore",True,False,True,False,False,False,False,"['firmatario', 'attore']",,comune di concordia sagittaria,comuni,concordia sagittaria,venezia,veneto,"firmatario, attore"
45.5757,12.673418,Comune di Eraclea,Eraclea,Venezia,Veneto,Comuni,"firmatario, attore",True,False,True,False,False,False,False,"['firmatario', 'attore']",,comune di eraclea,comuni,eraclea,venezia,veneto,"firmatario, attore"
45.645763,12.511316,Comune di Fossalta di Piave,Fossalta Di Piave,Venezia,Veneto,Comuni,"firmatario, attore",True,False,True,False,False,False,False,"['firmatario', 'attore']",,comune di fossalta di piave,comuni,fossalta di piave,venezia,veneto,"firmatario, attore"
45.792732,12.907273,Comune di Fossalta di Portogruaro,Fossalta Di Portogruaro,Venezia,Veneto,Comuni,"firmatario, attore",True,False,True,False,False,False,False,"['firmatario', 'attore']",,comune di fossalta di portogruaro,comuni,fossalta di portogruaro,venezia,veneto,"firmatario, attore"
45.830746,12.839382,Comune di Gruaro,Gruaro,Venezia,Veneto,Comuni,"firmatario, attore",True,False,True,False,False,False,False,"['firmatario', 'attore']",,comune di gruaro,comuni,gruaro,venezia,veneto,"firmatario, attore"
45.533865,12.641092,Comune di Jesolo,Jesolo,Venezia,Veneto,Comuni,"firmatario, attore",True,False,True,False,False,False,False,"['firmatario', 'attore']",,comune di jesolo,comuni,jesolo,venezia,veneto,"firmatario, attore"
45.619701,12.452979,Comune di Meolo,Meolo,Venezia,Veneto,Comuni,"firmatario, attore",True,False,True,False,False,False,False,"['firmatario', 'attore']",,comune di meolo,comuni,meolo,venezia,veneto,"firmatario, attore"
45.622438,12.563744,Comune di Musile di Piave,Musile Di Piave,Venezia,Veneto,Comuni,"firmatario, attore",True,False,True,False,False,False,False,"['firmatario', 'attore']",,comune di musile di piave,comuni,musile di piave,venezia,veneto,"firmatario, attore"
45.66257,12.529944,Comune di Noventa di Piave,Noventa Di Piave,Venezia,Veneto,Comuni,"firmatario, attore",True,False,True,False,False,False,False,"['firmatario', 'attore']",,comune di noventa di piave,comuni,noventa di piave,venezia,veneto,"firmatario, attore"
45.775668,12.837175,Comune di Portogruaro,Portogruaro,Venezia,Veneto,Comuni,"firmatario, attore",True,False,True,False,False,False,False,"['firmatario', 'attore']",,comune di portogruaro,comuni,portogruaro,venezia,veneto,"firmatario, attore"
45.812738,12.736446,Comune di Pramaggiore,Pramaggiore,Venezia,Veneto,Comuni,"firmatario, attore",True,False,True,False,False,False,False,"['firmatario', 'attore']",,comune di pramaggiore,comuni,pramaggiore,venezia,veneto,"firmatario, attore"
45.763959,12.994834,Comune di San Michele al Tagliamento,San Michele Al Tagliamento,Venezia,Veneto,Comuni,"firmatario, attore",True,False,True,False,False,False,False,"['firmatario', 'attore']",,comune di san michele al tagliamento,comuni,san michele al tagliamento,venezia,veneto,"firmatario, attore"
45.730855,12.680229,Comune di San Stino di Livenza,San Stino Di Livenza,Venezia,Veneto,Comuni,"firmatario, attore",True,False,True,False,False,False,False,"['firmatario', 'attore']",,comune di san stino di livenza,comuni,san stino di livenza,venezia,veneto,"firmatario, attore"
45.815766,12.883919,Comune di Teglio Veneto,Teglio Veneto,Venezia,Veneto,Comuni,"firmatario, attore",True,False,True,False,False,False,False,"['firmatario', 'attore']",,comune di teglio veneto,comuni,teglio veneto,venezia,veneto,"firmatario, attore"
45.691097,12.710177,Comune di Torre di Mosto,Torre Di Mosto,Venezia,Veneto,Comuni,"firmatario, attore",True,False,True,False,False,False,False,"['firmatario', 'attore']",,comune di torre di mosto,comuni,torre di mosto,venezia,veneto,"firmatario, attore"
45.071092,11.790134,Prefettura di Rovigo,Rovigo,Rovigo,Veneto,Prefettura,"firmatario, attore",True,False,True,False,False,False,False,"['firmatario', 'attore']",,prefettura di rovigo,prefettura,rovigo,rovigo,veneto,"firmatario, attore"
45.071092,11.790134,Procura della Repubblica presso il Tribunale Ordinario di Rovigo,Rovigo,Rovigo,Veneto,Procura Ordinaria/Tribunale/Corte d'appello,"firmatario, attore",True,False,True,False,False,False,False,"['firmatario', 'attore']",,procura della repubblica presso il tribunale ordinario di rovigo,procura ordinaria/tribunale/corte d'appello,rovigo,rovigo,veneto,"firmatario, attore"
45.019563,11.716771,USR Veneto Ufficio V - Sede di Rovigo,Rovigo,Rovigo,Veneto,Scuole/Ufficio scolastico provinciale e regionale,"firmatario, attore",True,False,True,False,False,False,False,"['firmatario', 'attore']",,usr veneto ufficio v - sede di rovigo,scuole/ufficio scolastico provinciale e regionale,rovigo,rovigo,veneto,"firmatario, attore"
45.019563,11.716771,Consigliera Provinciale di Parità di Rovigo,Rovigo,Rovigo,Veneto,Organismi di parità,"firmatario, attore",True,False,True,False,False,False,False,"['firmatario', 'attore']",,consigliera provinciale di parità di rovigo,organismi di parità,rovigo,rovigo,veneto,"firmatario, attore"
45.071092,11.790134,Questura di Rovigo,Rovigo,Rovigo,Veneto,Questura,"firmatario, attore",True,False,True,False,False,False,False,"['firmatario', 'attore']",,questura di rovigo,questura,rovigo,rovigo,veneto,"firmatario, attore"
45.071092,11.790134,Ordine degli Avvocati di Rovigo,Rovigo,Rovigo,Veneto,Ordine avvocati,"firmatario, attore",True,False,True,False,False,False,False,"['firmatario', 'attore']",,ordine degli avvocati di rovigo,ordine avvocati,rovigo,rovigo,veneto,"firmatario, attore"
45.019563,11.716771,Ordine dei Medici Chirurghi ed Odontoiatri della provincia di Rovigo,Rovigo,Rovigo,Veneto,Ordine medici e odontoiatri e Ordine farmacisti,"firmatario, attore",True,False,True,False,False,False,False,"['firmatario', 'attore']",,ordine dei medici chirurghi ed odontoiatri della provincia di rovigo,ordine medici e odontoiatri e ordine farmacisti,rovigo,rovigo,veneto,"firmatario, attore"
45.071092,11.790134,Comune di Rovigo,Rovigo,Rovigo,Veneto,Comuni,"firmatario, attore",True,False,True,False,False,False,False,"['firmatario', 'attore']",,comune di rovigo,comuni,rovigo,rovigo,veneto,"firmatario, attore"
45.054881,12.057303,Comune di Adria,Adria,Rovigo,Veneto,Comuni,attore,False,False,True,False,False,False,False,['attore'],,comune di adria,comuni,adria,rovigo,veneto,attore
45.083425,11.598685,Comune di Lendinara,Lendinara,Rovigo,Veneto,Comuni,attore,False,False,True,False,False,False,False,['attore'],,comune di lendinara,comuni,lendinara,rovigo,veneto,attore
45.083425,11.598685,Ufficio Servizi Sociali del Comune di Lendinara,Lendinara,Rovigo,Veneto,Servizi sociali comunali,attore,False,False,True,False,False,False,False,['attore'],,ufficio servizi sociali del comune di lendinara,servizi sociali comunali,lendinara,rovigo,veneto,attore
45.071092,11.790134,Consigliera di Parità di Rovigo,Rovigo,Rovigo,Veneto,Organismi di parità,"firmatario, attore",True,False,True,False,False,False,False,"['firmatario', 'attore']",,consigliera di parità di rovigo,organismi di parità,rovigo,rovigo,veneto,"firmatario, attore"
45.671587,11.926317,Comune di Castelfranco Veneto,Castelfranco Veneto,Treviso,Veneto,Comuni,"firmatario, attore",True,False,True,False,False,False,False,"['firmatario', 'attore']",,comune di castelfranco veneto,comuni,castelfranco veneto,treviso,veneto,"firmatario, attore"
45.776326,12.045239,Comune di Montebelluna,Montebelluna,Treviso,Veneto,Comuni,"firmatario, attore",True,False,True,False,False,False,False,"['firmatario', 'attore']",,comune di montebelluna,comuni,montebelluna,treviso,veneto,"firmatario, attore"
45.802182,11.91228,Comune di Asolo,Asolo,Treviso,Veneto,Comuni,"firmatario, proponente, attore",True,True,True,False,False,False,False,"['firmatario', 'proponente', 'attore']",,comune di asolo,comuni,asolo,treviso,veneto,"firmatario, proponente, attore"
45.901421,11.995988,Comune di Valdobbiadene,Valdobbiadene,Treviso,Veneto,Comuni,"firmatario, attore",True,False,True,False,False,False,False,"['firmatario', 'attore']",,comune di valdobbiadene,comuni,valdobbiadene,treviso,veneto,"firmatario, attore"
45.687078,12.018316,Comune di Vedelago,Vedelago,Treviso,Veneto,Comuni,attore,False,False,True,False,False,False,False,['attore'],,comune di vedelago,comuni,vedelago,treviso,veneto,attore
45.671587,11.926317,Centro Antiviolenza NILDE del Comune di Castelfranco Veneto,Castelfranco Veneto,Treviso,Veneto,CAV/Centri Antiviolenza,"firmatario, attore",True,False,True,False,False,False,False,"['firmatario', 'attore']",,centro antiviolenza nilde del comune di castelfranco veneto,cav/centri antiviolenza,castelfranco veneto,treviso,veneto,"firmatario, attore"
45.434941,12.338484,Cooperativa Sociale Iside,Venezia,Venezia,Veneto,IMPRESE SOCIALI,"firmatario, attore",True,False,True,False,False,False,False,"['firmatario', 'attore']",,cooperativa sociale iside,imprese sociali,venezia,venezia,veneto,"firmatario, attore"
45.776326,12.045239,"Cooperativa Sociale ""Una Casa per l'Uomo""",Montebelluna,Treviso,Veneto,IMPRESE SOCIALI,"firmatario, attore",True,False,True,False,False,False,False,"['firmatario', 'attore']",,"cooperativa sociale ""una casa per l'uomo""",imprese sociali,montebelluna,treviso,veneto,"firmatario, attore"
45.667546,12.245479,Prefettura di Treviso,Treviso,Treviso,Veneto,Prefettura,attore,False,False,True,False,False,False,False,['attore'],,prefettura di treviso,prefettura,treviso,treviso,veneto,attore
45.667546,12.245479,Ordine degli Avvocati di Treviso,Treviso,Treviso,Veneto,Ordine avvocati,attore,False,False,True,False,False,False,False,['attore'],,ordine degli avvocati di treviso,ordine avvocati,treviso,treviso,veneto,attore
45.671587,11.926317,Stazioni dei Carabinieri di Castelfranco Veneto,Castelfranco Veneto,Treviso,Veneto,Carabinieri/Polizia/altre forze dell'ordine,"firmatario, attore",True,False,True,False,False,False,False,"['firmatario', 'attore']",,stazioni dei carabinieri di castelfranco veneto,carabinieri/polizia/altre forze dell'ordine,castelfranco veneto,treviso,veneto,"firmatario, attore"
45.776326,12.045239,Stazioni dei Carabinieri di Montebelluna,Montebelluna,Treviso,Veneto,Carabinieri/Polizia/altre forze dell'ordine,"firmatario, attore",True,False,True,False,False,False,False,"['firmatario', 'attore']",,stazioni dei carabinieri di montebelluna,carabinieri/polizia/altre forze dell'ordine,montebelluna,treviso,veneto,"firmatario, attore"
45.802182,11.91228,Stazione dei Carabinieri di Asolo,Asolo,Treviso,Veneto,Carabinieri/Polizia/altre forze dell'ordine,"firmatario, proponente, attore",True,True,True,False,False,False,False,"['firmatario', 'proponente', 'attore']",,stazione dei carabinieri di asolo,carabinieri/polizia/altre forze dell'ordine,asolo,treviso,veneto,"firmatario, proponente, attore"
45.799082,12.213854,Ufficio Scolastico Provinciale di Treviso,Treviso,Treviso,Veneto,Scuole/Ufficio scolastico provinciale e regionale,attore,False,False,True,False,False,False,False,['attore'],,ufficio scolastico provinciale di treviso,scuole/ufficio scolastico provinciale e regionale,treviso,treviso,veneto,attore
45.799082,12.213854,Istituto Barsanti di Castelfranco Veneto,Castelfranco Veneto,Treviso,Veneto,Scuole/Ufficio scolastico provinciale e regionale,"firmatario, attore",True,False,True,False,False,False,False,"['firmatario', 'attore']",,istituto barsanti di castelfranco veneto,scuole/ufficio scolastico provinciale e regionale,castelfranco veneto,treviso,veneto,"firmatario, attore"
45.799082,12.213854,Consigliera di Parità Provincia di Treviso,Treviso,Treviso,Veneto,Organismi di parità,attore,False,False,True,False,False,False,False,['attore'],,consigliera di parità provincia di treviso,organismi di parità,treviso,treviso,veneto,attore
45.775668,12.837175,Consultorio Familiare,Portogruaro,Venezia,Veneto,ASL (consultori familiari e altri servizi territoriali),attore,False,False,True,False,False,False,False,['attore'],,consultorio familiare,asl (consultori familiari e altri servizi territoriali),portogruaro,venezia,veneto,attore
45.39507,11.779906,Pediatri,Selvazzano Dentro,Padova,Veneto,ORGANIZZAZIONI DI VOLONTARIATO,attore,False,False,True,False,False,False,False,['attore'],,pediatri,organizzazioni di volontariato,selvazzano dentro,padova,veneto,attore
45.802182,11.91228,Comitato dei Sindaci del Distretto Socio Sanitario di Asolo,Asolo,Treviso,Veneto,"Ambiti della programmazione sociale e socio-sanitaria (Ambiti Sociali, Piani di Zona, Distretti socio-sanitari, Società della Salute)","firmatario, proponente, attore",True,True,True,False,False,False,False,"['firmatario', 'proponente', 'attore']",,comitato dei sindaci del distretto socio sanitario di asolo,"ambiti della programmazione sociale e socio-sanitaria (ambiti sociali, piani di zona, distretti socio-sanitari, società della salute)",asolo,treviso,veneto,"firmatario, proponente, attore"
45.40702,11.876346,Istituto penale “Due Palazzi” di Padova,Padova,Padova,Veneto,Altro,,False,False,False,False,False,False,False,[],,istituto penale “due palazzi” di padova,altro,padova,padova,veneto,
45.667546,12.245479,Casa Circondariale di Treviso,Treviso,Treviso,Veneto,Altro,,False,False,False,False,False,False,False,[],,casa circondariale di treviso,altro,treviso,treviso,veneto,
46.138216,12.216503,Casa Circondariale di Belluno,Belluno,Belluno,Veneto,Altro,,False,False,False,False,False,False,False,[],,casa circondariale di belluno,altro,belluno,belluno,veneto,
45.667546,12.245479,Prefettura - Ufficio Territoriale del Governo di Treviso,Treviso,Treviso,Veneto,Prefettura,,False,False,False,False,False,False,False,[],,prefettura - ufficio territoriale del governo di treviso,prefettura,treviso,treviso,veneto,
45.667546,12.245479,Ospedale di Treviso,Treviso,Treviso,Veneto,"Ospedale (Pronto soccorso, ecc.)",attore,False,False,True,False,False,False,False,['attore'],,ospedale di treviso,"ospedale (pronto soccorso, ecc.)",treviso,treviso,veneto,attore
45.78089,12.493157,Ospedale di Oderzo,Oderzo,Treviso,Veneto,"Ospedale (Pronto soccorso, ecc.)",attore,False,False,True,False,False,False,False,['attore'],,ospedale di oderzo,"ospedale (pronto soccorso, ecc.)",oderzo,treviso,veneto,attore
45.667546,12.245479,Centro Antiviolenza Telefono Rosa di Treviso,Treviso,Treviso,Veneto,CAV/Centri Antiviolenza,attore,False,False,True,False,False,False,False,['attore'],,centro antiviolenza telefono rosa di treviso,cav/centri antiviolenza,treviso,treviso,veneto,attore
45.64591,12.165999,Centro Antiviolenza Donne Libere di Quinto di Treviso,Quinto Di Treviso,Treviso,Veneto,CAV/Centri Antiviolenza,attore,False,False,True,False,False,False,False,['attore'],,centro antiviolenza donne libere di quinto di treviso,cav/centri antiviolenza,quinto di treviso,treviso,veneto,attore
45.667546,12.245479,Questura di Treviso,Treviso,Treviso,Veneto,Questura,attore,False,False,True,False,False,False,False,['attore'],,questura di treviso,questura,treviso,treviso,veneto,attore
45.799082,12.213854,Ufficio Scolastico Regionale - Ufficio VI - Ambito Territoriale di Treviso,Treviso,Treviso,Veneto,Scuole/Ufficio scolastico provinciale e regionale,attore,False,False,True,False,False,False,False,['attore'],,ufficio scolastico regionale - ufficio vi - ambito territoriale di treviso,scuole/ufficio scolastico provinciale e regionale,treviso,treviso,veneto,attore
45.667546,12.245479,Soroptimist Club Treviso,Treviso,Treviso,Veneto,Altro,attore,False,False,True,False,False,False,False,['attore'],,soroptimist club treviso,altro,treviso,treviso,veneto,attore
45.40702,11.876346,Comune di Padova,Padova,Padova,Veneto,Comuni,"firmatario, attore",True,False,True,False,False,False,False,"['firmatario', 'attore']",,comune di padova,comuni,padova,padova,veneto,"firmatario, attore"
45.40702,11.876346,Prefettura di Padova,Padova,Padova,Veneto,Prefettura,"firmatario, attore",True,False,True,False,False,False,False,"['firmatario', 'attore']",,prefettura di padova,prefettura,padova,padova,veneto,"firmatario, attore"
45.40702,11.876346,Questura di Padova,Padova,Padova,Veneto,Questura,"firmatario, attore",True,False,True,False,False,False,False,"['firmatario', 'attore']",,questura di padova,questura,padova,padova,veneto,"firmatario, attore"
45.40702,11.876346,Tribunale Ordinario di Padova,Padova,Padova,Veneto,Procura Ordinaria/Tribunale/Corte d'appello,"firmatario, attore",True,False,True,False,False,False,False,"['firmatario', 'attore']",,tribunale ordinario di padova,procura ordinaria/tribunale/corte d'appello,padova,padova,veneto,"firmatario, attore"
45.40702,11.876346,Procura della Repubblica presso il Tribunale di Padova,Padova,Padova,Veneto,Procura Ordinaria/Tribunale/Corte d'appello,"firmatario, attore",True,False,True,False,False,False,False,"['firmatario', 'attore']",,procura della repubblica presso il tribunale di padova,procura ordinaria/tribunale/corte d'appello,padova,padova,veneto,"firmatario, attore"
45.434941,12.338484,Tribunale per i Minorenni di Venezia,Venezia,Venezia,Veneto,Procura Minorile/Tribunale minorile,"firmatario, attore",True,False,True,False,False,False,False,"['firmatario', 'attore']",,tribunale per i minorenni di venezia,procura minorile/tribunale minorile,venezia,venezia,veneto,"firmatario, attore"
45.434941,12.338484,Procura della Repubblica presso il Tribunale per i Minorenni di Venezia,Venezia,Venezia,Veneto,Procura Minorile/Tribunale minorile,"firmatario, attore",True,False,True,False,False,False,False,"['firmatario', 'attore']",,procura della repubblica presso il tribunale per i minorenni di venezia,procura minorile/tribunale minorile,venezia,venezia,veneto,"firmatario, attore"
45.40702,11.876346,Universita degli Studi di Padova,Padova,Padova,Veneto,Università,"firmatario, attore",True,False,True,False,False,False,False,"['firmatario', 'attore']",,universita degli studi di padova,università,padova,padova,veneto,"firmatario, attore"
45.350083,11.797109,Ufficio V - Ambito Territoriale di Padova e Rovigo - Sede di Padova,Padova,Padova,Veneto,Scuole/Ufficio scolastico provinciale e regionale,"firmatario, attore",True,False,True,False,False,False,False,"['firmatario', 'attore']",,ufficio v - ambito territoriale di padova e rovigo - sede di padova,scuole/ufficio scolastico provinciale e regionale,padova,padova,veneto,"firmatario, attore"
45.40702,11.876346,Azienda Ospedale - Universita di Padova,Padova,Padova,Veneto,"Ospedale (Pronto soccorso, ecc.)","firmatario, attore",True,False,True,False,False,False,False,"['firmatario', 'attore']",,azienda ospedale - universita di padova,"ospedale (pronto soccorso, ecc.)",padova,padova,veneto,"firmatario, attore"
45.350083,11.797109,Provincia di Padova,Padova,Padova,Veneto,Province/Città metropolitane,"firmatario, attore",True,False,True,False,False,False,False,"['firmatario', 'attore']",,provincia di padova,province/città metropolitane,padova,padova,veneto,"firmatario, attore"
45.350083,11.797109,Consigliera di parita per la Provincia di Padova,Padova,Padova,Veneto,Organismi di parità,"firmatario, attore",True,False,True,False,False,False,False,"['firmatario', 'attore']",,consigliera di parita per la provincia di padova,organismi di parità,padova,padova,veneto,"firmatario, attore"
45.547702,11.545411,Prefettura di Vicenza,Vicenza,Vicenza,Veneto,Prefettura,"firmatario, attore",True,False,True,False,False,False,False,"['firmatario', 'attore']",,prefettura di vicenza,prefettura,vicenza,vicenza,veneto,"firmatario, attore"
45.875687,11.508669,Stazioni Carabinieri di Asiago,Asiago,Vicenza,Veneto,Carabinieri/Polizia/altre forze dell'ordine,attore,False,False,True,False,False,False,False,['attore'],,stazioni carabinieri di asiago,carabinieri/polizia/altre forze dell'ordine,asiago,vicenza,veneto,attore
45.713077,11.356994,Compagnia Carabinieri di Schio,Schio,Vicenza,Veneto,Carabinieri/Polizia/altre forze dell'ordine,"firmatario, attore",True,False,True,False,False,False,False,"['firmatario', 'attore']",,compagnia carabinieri di schio,carabinieri/polizia/altre forze dell'ordine,schio,vicenza,veneto,"firmatario, attore"
45.707355,11.478622,Compagnia Carabinieri di Thiene,Thiene,Vicenza,Veneto,Carabinieri/Polizia/altre forze dell'ordine,"firmatario, attore",True,False,True,False,False,False,False,"['firmatario', 'attore']",,compagnia carabinieri di thiene,carabinieri/polizia/altre forze dell'ordine,thiene,vicenza,veneto,"firmatario, attore"
45.767337,11.734357,Centro Antiviolenza Spazio Donna,Bassano Del Grappa,Vicenza,Veneto,CAV/Centri Antiviolenza,attore,False,False,True,False,False,False,False,['attore'],,centro antiviolenza spazio donna,cav/centri antiviolenza,bassano del grappa,vicenza,veneto,attore
45.875687,11.508669,Centro Antiviolenza Hagar,Asiago,Vicenza,Veneto,CAV/Centri Antiviolenza,attore,False,False,True,False,False,False,False,['attore'],,centro antiviolenza hagar,cav/centri antiviolenza,asiago,vicenza,veneto,attore
45.713077,11.356994,Centro Antiviolenza Schio/Sportello Donna Maria Grazia Cutuli,Schio,Vicenza,Veneto,CAV/Centri Antiviolenza,"firmatario, attore",True,False,True,False,False,False,False,"['firmatario', 'attore']",,centro antiviolenza schio/sportello donna maria grazia cutuli,cav/centri antiviolenza,schio,vicenza,veneto,"firmatario, attore"
45.786328,11.420659,Centro Antiviolenza di Cogollo del Cengio,Cogollo Del Cengio,Vicenza,Veneto,CAV/Centri Antiviolenza,"firmatario, attore",True,False,True,False,False,False,False,"['firmatario', 'attore']",,centro antiviolenza di cogollo del cengio,cav/centri antiviolenza,cogollo del cengio,vicenza,veneto,"firmatario, attore"
45.767337,11.734357,Casa Rifugio Tabita,Bassano Del Grappa,Vicenza,Veneto,Case Rifugio,attore,False,False,True,False,False,False,False,['attore'],,casa rifugio tabita,case rifugio,bassano del grappa,vicenza,veneto,attore
45.713077,11.356994,Casa Rifugio Schio,Schio,Vicenza,Veneto,Case Rifugio,"firmatario, attore",True,False,True,False,False,False,False,"['firmatario', 'attore']",,casa rifugio schio,case rifugio,schio,vicenza,veneto,"firmatario, attore"
45.707355,11.478622,Casa Rifugio Casa della Solidarieta,Thiene,Vicenza,Veneto,Case Rifugio,attore,False,False,True,False,False,False,False,['attore'],,casa rifugio casa della solidarieta,case rifugio,thiene,vicenza,veneto,attore
45.767337,11.734357,Centro Ares,Bassano Del Grappa,Vicenza,Veneto,"Associazioni che si occupano di programmi di prevenzione, recupero e trattamento per uomini maltrattanti","firmatario, attore",True,False,True,False,False,False,False,"['firmatario', 'attore']",,centro ares,"associazioni che si occupano di programmi di prevenzione, recupero e trattamento per uomini maltrattanti",bassano del grappa,vicenza,veneto,"firmatario, attore"
45.767337,11.734357,Circolo Giuridico Bassanese,Bassano Del Grappa,Vicenza,Veneto,Altro,"firmatario, attore",True,False,True,False,False,False,False,"['firmatario', 'attore']",,circolo giuridico bassanese,altro,bassano del grappa,vicenza,veneto,"firmatario, attore"
45.767337,11.734357,Servizi Sociali Comune di Bassano del Grappa,Bassano Del Grappa,Vicenza,Veneto,Servizi sociali comunali,attore,False,False,True,False,False,False,False,['attore'],,servizi sociali comune di bassano del grappa,servizi sociali comunali,bassano del grappa,vicenza,veneto,attore
45.707355,11.478622,Servizio Sociale del Comune di Thiene,Thiene,Vicenza,Veneto,Servizi sociali comunali,"firmatario, attore",True,False,True,False,False,False,False,"['firmatario', 'attore']",,servizio sociale del comune di thiene,servizi sociali comunali,thiene,vicenza,veneto,"firmatario, attore"
45.65869,11.404299,Sportello Donna Malo,Malo,Vicenza,Veneto,Centri/Sportelli di ascolto,"firmatario, attore",True,False,True,False,False,False,False,"['firmatario', 'attore']",,sportello donna malo,centri/sportelli di ascolto,malo,vicenza,veneto,"firmatario, attore"
45.707355,11.478622,Sportello Donna Thiene,Thiene,Vicenza,Veneto,Centri/Sportelli di ascolto,"firmatario, attore",True,False,True,False,False,False,False,"['firmatario', 'attore']",,sportello donna thiene,centri/sportelli di ascolto,thiene,vicenza,veneto,"firmatario, attore"
45.692358,11.430306,Sportello Donna Anna Filomena Barretta Marano Vicentino,Marano Vicentino,Vicenza,Veneto,Centri/Sportelli di ascolto,"firmatario, attore",True,False,True,False,False,False,False,"['firmatario', 'attore']",,sportello donna anna filomena barretta marano vicentino,centri/sportelli di ascolto,marano vicentino,vicenza,veneto,"firmatario, attore"
45.713077,11.356994,Cooperativa Samarcanda,Schio,Vicenza,Veneto,IMPRESE SOCIALI,"firmatario, gestione",True,False,False,True,False,False,True,"['firmatario', 'gestione']",gestione,cooperativa samarcanda,imprese sociali,schio,vicenza,veneto,"firmatario, gestione"
45.767337,11.734357,Associazione Questacitta,Bassano Del Grappa,Vicenza,Veneto,ORGANIZZAZIONI DI VOLONTARIATO,firmatario,True,False,False,False,False,False,False,['firmatario'],,associazione questacitta,organizzazioni di volontariato,bassano del grappa,vicenza,veneto,firmatario
45.767337,11.734357,Associazione Casa Sichem,Bassano Del Grappa,Vicenza,Veneto,Ente terzo settore - ETS (iscritto al RUNTS),firmatario,True,False,False,False,False,False,False,['firmatario'],,associazione casa sichem,ente terzo settore - ets (iscritto al runts),bassano del grappa,vicenza,veneto,firmatario
45.713077,11.356994,Comune di Schio,Schio,Vicenza,Veneto,Comuni,"firmatario, attore",True,False,True,False,False,False,False,"['firmatario', 'attore']",,comune di schio,comuni,schio,vicenza,veneto,"firmatario, attore"
45.786328,11.420659,Comune di Cogollo del Cengio,Cogollo Del Cengio,Vicenza,Veneto,Comuni,"firmatario, attore",True,False,True,False,False,False,False,"['firmatario', 'attore']",,comune di cogollo del cengio,comuni,cogollo del cengio,vicenza,veneto,"firmatario, attore"
45.707355,11.478622,Comune di Thiene,Thiene,Vicenza,Veneto,Comuni,"firmatario, attore",True,False,True,False,False,False,False,"['firmatario', 'attore']",,comune di thiene,comuni,thiene,vicenza,veneto,"firmatario, attore"
45.65869,11.404299,Comune di Malo,Malo,Vicenza,Veneto,Comuni,"firmatario, attore",True,False,True,False,False,False,False,"['firmatario', 'attore']",,comune di malo,comuni,malo,vicenza,veneto,"firmatario, attore"
45.692358,11.430306,Comune di Marano Vicentino,Marano Vicentino,Vicenza,Veneto,Comuni,"firmatario, attore",True,False,True,False,False,False,False,"['firmatario', 'attore']",,comune di marano vicentino,comuni,marano vicentino,vicenza,veneto,"firmatario, attore"
45.767337,11.734357,Comune di Bassano del Grappa,Bassano Del Grappa,Vicenza,Veneto,Comuni,attore,False,False,True,False,False,False,False,['attore'],,comune di bassano del grappa,comuni,bassano del grappa,vicenza,veneto,attore
45.547702,11.545411,Prefettura - Ufficio territoriale del Governo di Vicenza,Vicenza,Vicenza,Veneto,Prefettura,"firmatario, proponente, attore",True,True,True,False,False,False,False,"['firmatario', 'proponente', 'attore']",,prefettura - ufficio territoriale del governo di vicenza,prefettura,vicenza,vicenza,veneto,"firmatario, proponente, attore"
45.547702,11.545411,Tribunale di Vicenza,Vicenza,Vicenza,Veneto,Procura Ordinaria/Tribunale/Corte d'appello,"firmatario, proponente, attore",True,True,True,False,False,False,False,"['firmatario', 'proponente', 'attore']",,tribunale di vicenza,procura ordinaria/tribunale/corte d'appello,vicenza,vicenza,veneto,"firmatario, proponente, attore"
45.547702,11.545411,Procura della Repubblica presso il Tribunale di Vicenza,Vicenza,Vicenza,Veneto,Procura Ordinaria/Tribunale/Corte d'appello,"firmatario, proponente, attore",True,True,True,False,False,False,False,"['firmatario', 'proponente', 'attore']",,procura della repubblica presso il tribunale di vicenza,procura ordinaria/tribunale/corte d'appello,vicenza,vicenza,veneto,"firmatario, proponente, attore"
45.547702,11.545411,Comune di Vicenza,Vicenza,Vicenza,Veneto,Comuni,"firmatario, proponente, attore",True,True,True,False,False,False,False,"['firmatario', 'proponente', 'attore']",,comune di vicenza,comuni,vicenza,vicenza,veneto,"firmatario, proponente, attore"
45.52114,11.332346,Comune di Arzignano,Arzignano,Vicenza,Veneto,Comuni,"attore, coordinamento",False,False,True,False,False,True,True,"['attore', 'coordinamento']",coordinamento,comune di arzignano,comuni,arzignano,vicenza,veneto,"attore, coordinamento"
45.633017,11.499558,Ufficio Scolastico Regionale - Ambito Territoriale VIII di Vicenza,Vicenza,Vicenza,Veneto,Scuole/Ufficio scolastico provinciale e regionale,"firmatario, proponente, attore",True,True,True,False,False,False,False,"['firmatario', 'proponente', 'attore']",,ufficio scolastico regionale - ambito territoriale viii di vicenza,scuole/ufficio scolastico provinciale e regionale,vicenza,vicenza,veneto,"firmatario, proponente, attore"
45.547702,11.545411,Azienda ULSS 8 “Berica” di Vicenza,Vicenza,Vicenza,Veneto,ASL (consultori familiari e altri servizi territoriali),"firmatario, proponente, attore",True,True,True,False,False,False,False,"['firmatario', 'proponente', 'attore']",,azienda ulss 8 “berica” di vicenza,asl (consultori familiari e altri servizi territoriali),vicenza,vicenza,veneto,"firmatario, proponente, attore"
45.633017,11.499558,Ordine provinciale dei Medici Chirurghi e degli Odontoiatri di Vicenza,Vicenza,Vicenza,Veneto,Ordine medici e odontoiatri e Ordine farmacisti,"firmatario, proponente, attore",True,True,True,False,False,False,False,"['firmatario', 'proponente', 'attore']",,ordine provinciale dei medici chirurghi e degli odontoiatri di vicenza,ordine medici e odontoiatri e ordine farmacisti,vicenza,vicenza,veneto,"firmatario, proponente, attore"
45.633017,11.499558,Ordine provinciale degli Avvocati di Vicenza,Vicenza,Vicenza,Veneto,Ordine avvocati,"firmatario, proponente, attore",True,True,True,False,False,False,False,"['firmatario', 'proponente', 'attore']",,ordine provinciale degli avvocati di vicenza,ordine avvocati,vicenza,vicenza,veneto,"firmatario, proponente, attore"
45.633017,11.499558,Consigliera di Parita della Provincia di Vicenza,Vicenza,Vicenza,Veneto,Organismi di parità,"firmatario, proponente, attore",True,True,True,False,False,False,False,"['firmatario', 'proponente', 'attore']",,consigliera di parita della provincia di vicenza,organismi di parità,vicenza,vicenza,veneto,"firmatario, proponente, attore"
45.547702,11.545411,Associazione “Donna Chiama Donna” - Ente Gestore del Centro Antiviolenza di Vicenza,Vicenza,Vicenza,Veneto,CAV/Centri Antiviolenza,"firmatario, proponente, attore",True,True,True,False,False,False,False,"['firmatario', 'proponente', 'attore']",,associazione “donna chiama donna” - ente gestore del centro antiviolenza di vicenza,cav/centri antiviolenza,vicenza,vicenza,veneto,"firmatario, proponente, attore"
45.547702,11.545411,Casa Rifugio “Villaggio Sos” di Vicenza,Vicenza,Vicenza,Veneto,Case Rifugio,"firmatario, proponente, attore",True,True,True,False,False,False,False,"['firmatario', 'proponente', 'attore']",,casa rifugio “villaggio sos” di vicenza,case rifugio,vicenza,vicenza,veneto,"firmatario, proponente, attore"
45.708281,11.565299,Casa Rifugio “Meneghini” - “Villa Savardo” di Breganze,Breganze,Vicenza,Veneto,Case Rifugio,"firmatario, proponente, attore",True,True,True,False,False,False,False,"['firmatario', 'proponente', 'attore']",,casa rifugio “meneghini” - “villa savardo” di breganze,case rifugio,breganze,vicenza,veneto,"firmatario, proponente, attore"
45.547702,11.545411,Servizio Protezione e Tutela dei Minori del Comune di Vicenza,Vicenza,Vicenza,Veneto,Servizio abusi e maltrattamenti comunale,"firmatario, proponente, attore",True,True,True,False,False,False,False,"['firmatario', 'proponente', 'attore']",,servizio protezione e tutela dei minori del comune di vicenza,servizio abusi e maltrattamenti comunale,vicenza,vicenza,veneto,"firmatario, proponente, attore"
45.547702,11.545411,Ordine degli Avvocati di Vicenza,Vicenza,Vicenza,Veneto,Ordine avvocati,"firmatario, proponente, attore",True,True,True,False,False,False,False,"['firmatario', 'proponente', 'attore']",,ordine degli avvocati di vicenza,ordine avvocati,vicenza,vicenza,veneto,"firmatario, proponente, attore"
45.633017,11.499558,Ordine dei Medici Chirurghi e Odontoiatri della Provincia di Vicenza,Vicenza,Vicenza,Veneto,Ordine medici e odontoiatri e Ordine farmacisti,"firmatario, proponente, attore",True,True,True,False,False,False,False,"['firmatario', 'proponente', 'attore']",,ordine dei medici chirurghi e odontoiatri della provincia di vicenza,ordine medici e odontoiatri e ordine farmacisti,vicenza,vicenza,veneto,"firmatario, proponente, attore"
45.437918,10.993866,Comune di Verona,Verona,Verona,Veneto,Comuni,"firmatario, attore, gestione, coordinamento",True,False,True,True,False,True,True,"['firmatario', 'attore', 'gestione', 'coordinamento']","gestione, coordinamento",comune di verona,comuni,verona,verona,veneto,"firmatario, attore, gestione, coordinamento"
45.437918,10.993866,Tribunale di Verona,Verona,Verona,Veneto,Procura Ordinaria/Tribunale/Corte d'appello,"firmatario, attore",True,False,True,False,False,False,False,"['firmatario', 'attore']",,tribunale di verona,procura ordinaria/tribunale/corte d'appello,verona,verona,veneto,"firmatario, attore"
45.437918,10.993866,Ufficio del Giudice Tutelare di Verona,Verona,Verona,Veneto,Procura Ordinaria/Tribunale/Corte d'appello,"firmatario, attore",True,False,True,False,False,False,False,"['firmatario', 'attore']",,ufficio del giudice tutelare di verona,procura ordinaria/tribunale/corte d'appello,verona,verona,veneto,"firmatario, attore"
45.437918,10.993866,Procura della Repubblica presso il Tribunale di Verona,Verona,Verona,Veneto,Procura Ordinaria/Tribunale/Corte d'appello,"firmatario, attore",True,False,True,False,False,False,False,"['firmatario', 'attore']",,procura della repubblica presso il tribunale di verona,procura ordinaria/tribunale/corte d'appello,verona,verona,veneto,"firmatario, attore"
45.437918,10.993866,Ordine degli Avvocati di Verona,Verona,Verona,Veneto,Ordine avvocati,"firmatario, attore",True,False,True,False,False,False,False,"['firmatario', 'attore']",,ordine degli avvocati di verona,ordine avvocati,verona,verona,veneto,"firmatario, attore"
45.437918,10.993866,Azienda Ospedaliera Universitaria Integrata di Verona,Verona,Verona,Veneto,"Ospedale (Pronto soccorso, ecc.)","firmatario, attore",True,False,True,False,False,False,False,"['firmatario', 'attore']",,azienda ospedaliera universitaria integrata di verona,"ospedale (pronto soccorso, ecc.)",verona,verona,veneto,"firmatario, attore"
45.437918,10.993866,Ordine dei Medici Chirurghi e Odontoiatri di Verona,Verona,Verona,Veneto,Ordine medici e odontoiatri e Ordine farmacisti,"firmatario, attore",True,False,True,False,False,False,False,"['firmatario', 'attore']",,ordine dei medici chirurghi e odontoiatri di verona,ordine medici e odontoiatri e ordine farmacisti,verona,verona,veneto,"firmatario, attore"
45.437918,10.993866,Dipartimento di Scienze giuridiche dell’ Università di Verona,Verona,Verona,Veneto,Università,"firmatario, attore",True,False,True,False,False,False,False,"['firmatario', 'attore']",,dipartimento di scienze giuridiche dell’ università di verona,università,verona,verona,veneto,"firmatario, attore"
45.437918,10.993866,Università di Verona,Verona,Verona,Veneto,Università,"firmatario, attore",True,False,True,False,False,False,False,"['firmatario', 'attore']",,università di verona,università,verona,verona,veneto,"firmatario, attore"
45.190403,11.308563,Comune di Legnago,Legnago,Verona,Veneto,Comuni,attore,False,False,True,False,False,False,False,['attore'],,comune di legnago,comuni,legnago,verona,veneto,attore
45.437918,10.993866,Centro Antiviolenza Petra,Verona,Verona,Veneto,CAV/Centri Antiviolenza,attore,False,False,True,False,False,False,False,['attore'],,centro antiviolenza petra,cav/centri antiviolenza,verona,verona,veneto,attore
45.437918,10.993866,Telefono Rosa di Verona,Verona,Verona,Veneto,CAV/Centri Antiviolenza,"firmatario, attore",True,False,True,False,False,False,False,"['firmatario', 'attore']",,telefono rosa di verona,cav/centri antiviolenza,verona,verona,veneto,"firmatario, attore"
45.437918,10.993866,Centro Petra,Verona,Verona,Veneto,CAV/Centri Antiviolenza,attore,False,False,True,False,False,False,False,['attore'],,centro petra,cav/centri antiviolenza,verona,verona,veneto,attore
45.190403,11.308563,Centro antiviolenza Comune di Legnago,Legnago,Verona,Veneto,CAV/Centri Antiviolenza,attore,False,False,True,False,False,False,False,['attore'],,centro antiviolenza comune di legnago,cav/centri antiviolenza,legnago,verona,veneto,attore
45.437918,10.993866,Casa Rifugio Comune di Verona,Verona,Verona,Veneto,Case Rifugio,"firmatario, attore",True,False,True,False,False,False,False,"['firmatario', 'attore']",,casa rifugio comune di verona,case rifugio,verona,verona,veneto,"firmatario, attore"
45.437918,10.993866,NAV,Verona,Verona,Veneto,Centri/Sportelli di ascolto,attore,False,False,True,False,False,False,False,['attore'],,nav,centri/sportelli di ascolto,verona,verona,veneto,attore
45.350083,11.797109,Scuole,Galliera Veneta,Padova,Veneto,Scuole/Ufficio scolastico provinciale e regionale,,False,False,False,False,False,False,False,[],,scuole,scuole/ufficio scolastico provinciale e regionale,galliera veneta,padova,veneto,
45.437918,10.993866,"AIAF Associazione Italiana degli Avvocati per la Famiglia e i Minori, Sezione di Verona",Verona,Verona,Veneto,Ordine avvocati,"firmatario, attore",True,False,True,False,False,False,False,"['firmatario', 'attore']",,"aiaf associazione italiana degli avvocati per la famiglia e i minori, sezione di verona",ordine avvocati,verona,verona,veneto,"firmatario, attore"
45.437918,10.993866,Camera Minorile di Verona,Verona,Verona,Veneto,Ordine avvocati,"firmatario, attore",True,False,True,False,False,False,False,"['firmatario', 'attore']",,camera minorile di verona,ordine avvocati,verona,verona,veneto,"firmatario, attore"
45.437918,10.993866,"Cammino, Camera Nazionale Avvocati per le persone, per i minorenni e per le famiglie, Sezione di Verona",Verona,Verona,Veneto,Ordine avvocati,"firmatario, attore",True,False,True,False,False,False,False,"['firmatario', 'attore']",,"cammino, camera nazionale avvocati per le persone, per i minorenni e per le famiglie, sezione di verona",ordine avvocati,verona,verona,veneto,"firmatario, attore"
45.437918,10.993866,"ONDIF, Osservatorio Nazionale sul Diritto di Famiglia, Sezione di Verona",Verona,Verona,Veneto,Ordine avvocati,"firmatario, attore",True,False,True,False,False,False,False,"['firmatario', 'attore']",,"ondif, osservatorio nazionale sul diritto di famiglia, sezione di verona",ordine avvocati,verona,verona,veneto,"firmatario, attore"
45.437918,10.993866,"Unione Giuristi Cattolici Italiani, Unione di Verona",Verona,Verona,Veneto,Ordine avvocati,"firmatario, attore",True,False,True,False,False,False,False,"['firmatario', 'attore']",,"unione giuristi cattolici italiani, unione di verona",ordine avvocati,verona,verona,veneto,"firmatario, attore"
45.954196,12.660075,Prefettura - UTG di Pordenone,Pordenone,Pordenone,Friuli-Venezia Giulia,Prefettura,"firmatario, attore, coordinamento",True,False,True,False,False,True,True,"['firmatario', 'attore', 'coordinamento']",coordinamento,prefettura - utg di pordenone,prefettura,pordenone,pordenone,friuli-venezia giulia,"firmatario, attore, coordinamento"
45.954196,12.660075,Tribunale di Pordenone,Pordenone,Pordenone,Friuli-Venezia Giulia,Procura Ordinaria/Tribunale/Corte d'appello,"firmatario, attore",True,False,True,False,False,False,False,"['firmatario', 'attore']",,tribunale di pordenone,procura ordinaria/tribunale/corte d'appello,pordenone,pordenone,friuli-venezia giulia,"firmatario, attore"
45.954196,12.660075,Questura di Pordenone,Pordenone,Pordenone,Friuli-Venezia Giulia,Questura,"firmatario, attore",True,False,True,False,False,False,False,"['firmatario', 'attore']",,questura di pordenone,questura,pordenone,pordenone,friuli-venezia giulia,"firmatario, attore"
46.064852,12.716516,Comando provinciale dei Carabinieri di Pordenone,Pordenone,Pordenone,Friuli-Venezia Giulia,Carabinieri/Polizia/altre forze dell'ordine,"firmatario, attore",True,False,True,False,False,False,False,"['firmatario', 'attore']",,comando provinciale dei carabinieri di pordenone,carabinieri/polizia/altre forze dell'ordine,pordenone,pordenone,friuli-venezia giulia,"firmatario, attore"
46.064852,12.716516,Comando provinciale della Guardia di Finanza di Pordenone,Pordenone,Pordenone,Friuli-Venezia Giulia,Carabinieri/Polizia/altre forze dell'ordine,"firmatario, attore",True,False,True,False,False,False,False,"['firmatario', 'attore']",,comando provinciale della guardia di finanza di pordenone,carabinieri/polizia/altre forze dell'ordine,pordenone,pordenone,friuli-venezia giulia,"firmatario, attore"
46.064852,12.716516,Provincia di Pordenone,Pordenone,Pordenone,Friuli-Venezia Giulia,Province/Città metropolitane,"firmatario, attore",True,False,True,False,False,False,False,"['firmatario', 'attore']",,provincia di pordenone,province/città metropolitane,pordenone,pordenone,friuli-venezia giulia,"firmatario, attore"
45.954424,12.502884,Comune di Sacile,Sacile,Pordenone,Friuli-Venezia Giulia,Comuni,"firmatario, attore",True,False,True,False,False,False,False,"['firmatario', 'attore']",,comune di sacile,comuni,sacile,pordenone,friuli-venezia giulia,"firmatario, attore"
45.91561,12.855415,Comune di San Vito al Tagliamento,San Vito Al Tagliamento,Pordenone,Friuli-Venezia Giulia,Comuni,"firmatario, attore",True,False,True,False,False,False,False,"['firmatario', 'attore']",,comune di san vito al tagliamento,comuni,san vito al tagliamento,pordenone,friuli-venezia giulia,"firmatario, attore"
45.881071,12.714859,Comune di Azzano Decimo,Azzano Decimo,Pordenone,Friuli-Venezia Giulia,Comuni,"firmatario, attore",True,False,True,False,False,False,False,"['firmatario', 'attore']",,comune di azzano decimo,comuni,azzano decimo,pordenone,friuli-venezia giulia,"firmatario, attore"
46.170752,12.707994,Comune di Maniago,Maniago,Pordenone,Friuli-Venezia Giulia,Comuni,"firmatario, attore",True,False,True,False,False,False,False,"['firmatario', 'attore']",,comune di maniago,comuni,maniago,pordenone,friuli-venezia giulia,"firmatario, attore"
45.954196,12.660075,Comune di Pordenone,Pordenone,Pordenone,Friuli-Venezia Giulia,Comuni,"firmatario, attore",True,False,True,False,False,False,False,"['firmatario', 'attore']",,comune di pordenone,comuni,pordenone,pordenone,friuli-venezia giulia,"firmatario, attore"
45.954196,12.660075,Azienda per i Servizi Sanitari n.6 “Friuli Occidentale” - Pordenone,Pordenone,Pordenone,Friuli-Venezia Giulia,ASL (consultori familiari e altri servizi territoriali),"firmatario, attore",True,False,True,False,False,False,False,"['firmatario', 'attore']",,azienda per i servizi sanitari n.6 “friuli occidentale” - pordenone,asl (consultori familiari e altri servizi territoriali),pordenone,pordenone,friuli-venezia giulia,"firmatario, attore"
45.954196,12.660075,Azienda Ospedaliera “Santa Maria degli Angeli” - Pordenone,Pordenone,Pordenone,Friuli-Venezia Giulia,"Ospedale (Pronto soccorso, ecc.)","firmatario, attore",True,False,True,False,False,False,False,"['firmatario', 'attore']",,azienda ospedaliera “santa maria degli angeli” - pordenone,"ospedale (pronto soccorso, ecc.)",pordenone,pordenone,friuli-venezia giulia,"firmatario, attore"
45.954196,12.660075,Associazione Voce Donna Onlus - Pordenone,Pordenone,Pordenone,Friuli-Venezia Giulia,CAV/Centri Antiviolenza,"firmatario, attore",True,False,True,False,False,False,False,"['firmatario', 'attore']",,associazione voce donna onlus - pordenone,cav/centri antiviolenza,pordenone,pordenone,friuli-venezia giulia,"firmatario, attore"
45.954196,12.660075,Caritas Diocesi Concordia - Pordenone,Pordenone,Pordenone,Friuli-Venezia Giulia,Ente terzo settore - ETS (iscritto al RUNTS),"firmatario, attore",True,False,True,False,False,False,False,"['firmatario', 'attore']",,caritas diocesi concordia - pordenone,ente terzo settore - ets (iscritto al runts),pordenone,pordenone,friuli-venezia giulia,"firmatario, attore"
46.064852,12.716516,Ufficio VI - Ambito per la Provincia di Pordenone,Pordenone,Pordenone,Friuli-Venezia Giulia,Scuole/Ufficio scolastico provinciale e regionale,"firmatario, attore",True,False,True,False,False,False,False,"['firmatario', 'attore']",,ufficio vi - ambito per la provincia di pordenone,scuole/ufficio scolastico provinciale e regionale,pordenone,pordenone,friuli-venezia giulia,"firmatario, attore"
45.954196,12.660075,Caritas della Diocesi Concordia ~ Pordenone,Pordenone,Pordenone,Friuli-Venezia Giulia,Ente terzo settore - ETS (iscritto al RUNTS),"firmatario, attore",True,False,True,False,False,False,False,"['firmatario', 'attore']",,caritas della diocesi concordia ~ pordenone,ente terzo settore - ets (iscritto al runts),pordenone,pordenone,friuli-venezia giulia,"firmatario, attore"
45.954196,12.660075,Associazione Voce Donna Onlus di Pordenone,Pordenone,Pordenone,Friuli-Venezia Giulia,CAV/Centri Antiviolenza,"firmatario, attore",True,False,True,False,False,False,False,"['firmatario', 'attore']",,associazione voce donna onlus di pordenone,cav/centri antiviolenza,pordenone,pordenone,friuli-venezia giulia,"firmatario, attore"
46.063348,13.23543,Comune di Udine,Udine,Udine,Friuli-Venezia Giulia,Comuni,"firmatario, attore",True,False,True,False,False,False,False,"['firmatario', 'attore']",,comune di udine,comuni,udine,udine,friuli-venezia giulia,"firmatario, attore"
46.063348,13.23543,Azienda Sanitaria Universitaria Friuli Centrale di Udine,Udine,Udine,Friuli-Venezia Giulia,ASL (consultori familiari e altri servizi territoriali),"firmatario, attore",True,False,True,False,False,False,False,"['firmatario', 'attore']",,azienda sanitaria universitaria friuli centrale di udine,asl (consultori familiari e altri servizi territoriali),udine,udine,friuli-venezia giulia,"firmatario, attore"
46.063348,13.23543,Consultorio Familiare del Distretto Sanitario di Udine,Udine,Udine,Friuli-Venezia Giulia,ASL (consultori familiari e altri servizi territoriali),"firmatario, attore",True,False,True,False,False,False,False,"['firmatario', 'attore']",,consultorio familiare del distretto sanitario di udine,asl (consultori familiari e altri servizi territoriali),udine,udine,friuli-venezia giulia,"firmatario, attore"
46.063348,13.23543,"Dipartimento Politiche Sociali, Educative e Culturali del Comune di Udine",Udine,Udine,Friuli-Venezia Giulia,Altro,"firmatario, attore",True,False,True,False,False,False,False,"['firmatario', 'attore']",,"dipartimento politiche sociali, educative e culturali del comune di udine",altro,udine,udine,friuli-venezia giulia,"firmatario, attore"
46.063348,13.23543,Servizio Servizi Sociali del Comune di Udine,Udine,Udine,Friuli-Venezia Giulia,Servizi sociali comunali,"firmatario, attore, gestione",True,False,True,True,False,False,True,"['firmatario', 'attore', 'gestione']",gestione,servizio servizi sociali del comune di udine,servizi sociali comunali,udine,udine,friuli-venezia giulia,"firmatario, attore, gestione"
46.063348,13.23543,Centro Antiviolenza (CAV) del Servizio “Zero Tolerance”,Udine,Udine,Friuli-Venezia Giulia,CAV/Centri Antiviolenza,attore,False,False,True,False,False,False,False,['attore'],,centro antiviolenza (cav) del servizio “zero tolerance”,cav/centri antiviolenza,udine,udine,friuli-venezia giulia,attore
46.063348,13.23543,Case Rifugio del Servizio “Zero Tolerance” del Comune di Udine,Udine,Udine,Friuli-Venezia Giulia,Case Rifugio,"firmatario, attore",True,False,True,False,False,False,False,"['firmatario', 'attore']",,case rifugio del servizio “zero tolerance” del comune di udine,case rifugio,udine,udine,friuli-venezia giulia,"firmatario, attore"
46.063348,13.23543,Servizio “Zero Tolerance - contro la violenza sulle donne” del Comune di Udine,Udine,Udine,Friuli-Venezia Giulia,CAV/Centri Antiviolenza,"firmatario, attore",True,False,True,False,False,False,False,"['firmatario', 'attore']",,servizio “zero tolerance - contro la violenza sulle donne” del comune di udine,cav/centri antiviolenza,udine,udine,friuli-venezia giulia,"firmatario, attore"
46.063348,13.23543,Tribunale di Udine,Udine,Udine,Friuli-Venezia Giulia,Procura Ordinaria/Tribunale/Corte d'appello,"firmatario, attore",True,False,True,False,False,False,False,"['firmatario', 'attore']",,tribunale di udine,procura ordinaria/tribunale/corte d'appello,udine,udine,friuli-venezia giulia,"firmatario, attore"
46.063348,13.23543,Procura della Repubblica presso il Tribunale di Udine,Udine,Udine,Friuli-Venezia Giulia,Procura Ordinaria/Tribunale/Corte d'appello,"firmatario, attore",True,False,True,False,False,False,False,"['firmatario', 'attore']",,procura della repubblica presso il tribunale di udine,procura ordinaria/tribunale/corte d'appello,udine,udine,friuli-venezia giulia,"firmatario, attore"
46.146448,13.162476,Provincia di Udine,Udine,Udine,Friuli-Venezia Giulia,Province/Città metropolitane,"firmatario, attore",True,False,True,False,False,False,False,"['firmatario', 'attore']",,provincia di udine,province/città metropolitane,udine,udine,friuli-venezia giulia,"firmatario, attore"
46.146448,13.162476,Ufficio Scolastico Regionale per il Friuli Venezia Giulia - Ufficio VIII - Ambito Territoriale per la Provincia di Udine,Udine,Udine,Friuli-Venezia Giulia,Scuole/Ufficio scolastico provinciale e regionale,"firmatario, attore",True,False,True,False,False,False,False,"['firmatario', 'attore']",,ufficio scolastico regionale per il friuli venezia giulia - ufficio viii - ambito territoriale per la provincia di udine,scuole/ufficio scolastico provinciale e regionale,udine,udine,friuli-venezia giulia,"firmatario, attore"
46.063348,13.23543,Questura di Udine,Udine,Udine,Friuli-Venezia Giulia,Questura,"firmatario, attore",True,False,True,False,False,False,False,"['firmatario', 'attore']",,questura di udine,questura,udine,udine,friuli-venezia giulia,"firmatario, attore"
46.063348,13.23543,Azienda Ospedaliera Universitaria Santa Maria della Misericordia di Udine,Udine,Udine,Friuli-Venezia Giulia,"Ospedale (Pronto soccorso, ecc.)","firmatario, attore",True,False,True,False,False,False,False,"['firmatario', 'attore']",,azienda ospedaliera universitaria santa maria della misericordia di udine,"ospedale (pronto soccorso, ecc.)",udine,udine,friuli-venezia giulia,"firmatario, attore"
46.063348,13.23543,Prefettura di Udine,Udine,Udine,Friuli-Venezia Giulia,Prefettura,"firmatario, attore",True,False,True,False,False,False,False,"['firmatario', 'attore']",,prefettura di udine,prefettura,udine,udine,friuli-venezia giulia,"firmatario, attore"
46.063348,13.23543,Ordine degli Avvocati di Udine,Udine,Udine,Friuli-Venezia Giulia,Ordine avvocati,"firmatario, attore",True,False,True,False,False,False,False,"['firmatario', 'attore']",,ordine degli avvocati di udine,ordine avvocati,udine,udine,friuli-venezia giulia,"firmatario, attore"
46.063348,13.23543,Centro Regionale di Orientamento di Udine,Udine,Udine,Friuli-Venezia Giulia,Altro,"firmatario, attore",True,False,True,False,False,False,False,"['firmatario', 'attore']",,centro regionale di orientamento di udine,altro,udine,udine,friuli-venezia giulia,"firmatario, attore"
45.94149,13.622134,Prefettura di Gorizia,Gorizia,Gorizia,Friuli-Venezia Giulia,Prefettura,"firmatario, attore",True,False,True,False,False,False,False,"['firmatario', 'attore']",,prefettura di gorizia,prefettura,gorizia,gorizia,friuli-venezia giulia,"firmatario, attore"
45.94149,13.622134,Ente Gestore Comune di Gorizia,Gorizia,Gorizia,Friuli-Venezia Giulia,Comuni,"firmatario, attore",True,False,True,False,False,False,False,"['firmatario', 'attore']",,ente gestore comune di gorizia,comuni,gorizia,gorizia,friuli-venezia giulia,"firmatario, attore"
45.941805,13.51412,Comune di Capriva del Friuli,Capriva Del Friuli,Gorizia,Friuli-Venezia Giulia,Comuni,firmatario,True,False,False,False,False,False,False,['firmatario'],,comune di capriva del friuli,comuni,capriva del friuli,gorizia,friuli-venezia giulia,firmatario
45.960746,13.473953,Comune di Cormons,Cormons,Gorizia,Friuli-Venezia Giulia,Comuni,firmatario,True,False,False,False,False,False,False,['firmatario'],,comune di cormons,comuni,cormons,gorizia,friuli-venezia giulia,firmatario
46.03172,13.479271,Comune di Dolegna del Collio,Dolegna Del Collio,Gorizia,Friuli-Venezia Giulia,Comuni,firmatario,True,False,False,False,False,False,False,['firmatario'],,comune di dolegna del collio,comuni,dolegna del collio,gorizia,friuli-venezia giulia,firmatario
45.907382,13.517942,Comune di Farra d'Isonzo,Farra D'Isonzo,Gorizia,Friuli-Venezia Giulia,Comuni,firmatario,True,False,False,False,False,False,False,['firmatario'],,comune di farra d'isonzo,comuni,farra d'isonzo,gorizia,friuli-venezia giulia,firmatario
45.94149,13.622134,Comune di Gorizia,Gorizia,Gorizia,Friuli-Venezia Giulia,Comuni,"firmatario, attore",True,False,True,False,False,False,False,"['firmatario', 'attore']",,comune di gorizia,comuni,gorizia,gorizia,friuli-venezia giulia,"firmatario, attore"
45.889119,13.50377,Comune di Gradisca d'Isonzo,Gradisca D'Isonzo,Gorizia,Friuli-Venezia Giulia,Comuni,firmatario,True,False,False,False,False,False,False,['firmatario'],,comune di gradisca d'isonzo,comuni,gradisca d'isonzo,gorizia,friuli-venezia giulia,firmatario
45.917949,13.458496,Comune di Mariano del Friuli,Mariano Del Friuli,Gorizia,Friuli-Venezia Giulia,Comuni,firmatario,True,False,False,False,False,False,False,['firmatario'],,comune di mariano del friuli,comuni,mariano del friuli,gorizia,friuli-venezia giulia,firmatario
45.917123,13.423487,Comune di Medea,Medea,Gorizia,Friuli-Venezia Giulia,Comuni,firmatario,True,False,False,False,False,False,False,['firmatario'],,comune di medea,comuni,medea,gorizia,friuli-venezia giulia,firmatario
45.930455,13.495028,Comune di Moraro,Moraro,Gorizia,Friuli-Venezia Giulia,Comuni,firmatario,True,False,False,False,False,False,False,['firmatario'],,comune di moraro,comuni,moraro,gorizia,friuli-venezia giulia,firmatario
45.938317,13.547789,Comune di Mossa,Mossa,Gorizia,Friuli-Venezia Giulia,Comuni,firmatario,True,False,False,False,False,False,False,['firmatario'],,comune di mossa,comuni,mossa,gorizia,friuli-venezia giulia,firmatario
45.890812,13.439228,Comune di Romans d'Isonzo,Romans D'Isonzo,Gorizia,Friuli-Venezia Giulia,Comuni,firmatario,True,False,False,False,False,False,False,['firmatario'],,comune di romans d'isonzo,comuni,romans d'isonzo,gorizia,friuli-venezia giulia,firmatario
45.876386,13.485365,Comune di Sagrado,Sagrado,Gorizia,Friuli-Venezia Giulia,Comuni,firmatario,True,False,False,False,False,False,False,['firmatario'],,comune di sagrado,comuni,sagrado,gorizia,friuli-venezia giulia,firmatario
45.98191,13.584994,Comune di San Floriano del Collio,San Floriano Del Collio,Go,,Comuni,firmatario,True,False,False,False,False,False,False,['firmatario'],,comune di san floriano del collio,comuni,san floriano del collio,go,,firmatario
45.932969,13.526452,Comune di San Lorenzo Isontino,San Lorenzo Isontino,Gorizia,Friuli-Venezia Giulia,Comuni,firmatario,True,False,False,False,False,False,False,['firmatario'],,comune di san lorenzo isontino,comuni,san lorenzo isontino,gorizia,friuli-venezia giulia,firmatario
45.901844,13.570997,Comune di Savogna d'Isonzo,Savogna D'Isonzo,Go,,Comuni,firmatario,True,False,False,False,False,False,False,['firmatario'],,comune di savogna d'isonzo,comuni,savogna d'isonzo,go,,firmatario
45.859787,13.438351,Comune di Villesse,Villesse,Gorizia,Friuli-Venezia Giulia,Comuni,firmatario,True,False,False,False,False,False,False,['firmatario'],,comune di villesse,comuni,villesse,gorizia,friuli-venezia giulia,firmatario
45.8102,13.53323,Ente Gestore Comune di Monfalcone,Monfalcone,Gorizia,Friuli-Venezia Giulia,Comuni,"firmatario, attore",True,False,True,False,False,False,False,"['firmatario', 'attore']",,ente gestore comune di monfalcone,comuni,monfalcone,gorizia,friuli-venezia giulia,"firmatario, attore"
45.844485,13.539855,Comune di Doberdò del Lago,Doberdò Del Lago,Go,,Comuni,firmatario,True,False,False,False,False,False,False,['firmatario'],,comune di doberdò del lago,comuni,doberdò del lago,go,,firmatario
45.86486,13.481603,Comune di Fogliano Redipuglia,Fogliano Redipuglia,Gorizia,Friuli-Venezia Giulia,Comuni,firmatario,True,False,False,False,False,False,False,['firmatario'],,comune di fogliano redipuglia,comuni,fogliano redipuglia,gorizia,friuli-venezia giulia,firmatario
45.67528,13.38647,Comune di Grado,Grado,Gorizia,Friuli-Venezia Giulia,Comuni,firmatario,True,False,False,False,False,False,False,['firmatario'],,comune di grado,comuni,grado,gorizia,friuli-venezia giulia,firmatario
45.8102,13.53323,Comune di Monfalcone,Monfalcone,Gorizia,Friuli-Venezia Giulia,Comuni,"firmatario, attore",True,False,True,False,False,False,False,"['firmatario', 'attore']",,comune di monfalcone,comuni,monfalcone,gorizia,friuli-venezia giulia,"firmatario, attore"
45.824207,13.500411,Comune di Ronchi dei Legionari,Ronchi Dei Legionari,Gorizia,Friuli-Venezia Giulia,Comuni,firmatario,True,False,False,False,False,False,False,['firmatario'],,comune di ronchi dei legionari,comuni,ronchi dei legionari,gorizia,friuli-venezia giulia,firmatario
45.809568,13.443411,Comune di San Canzian d'Isonzo,San Canzian D'Isonzo,Gorizia,Friuli-Venezia Giulia,Comuni,firmatario,True,False,False,False,False,False,False,['firmatario'],,comune di san canzian d'isonzo,comuni,san canzian d'isonzo,gorizia,friuli-venezia giulia,firmatario
45.846388,13.460553,Comune di San Pier d'Isonzo,San Pier D'Isonzo,Gorizia,Friuli-Venezia Giulia,Comuni,firmatario,True,False,False,False,False,False,False,['firmatario'],,comune di san pier d'isonzo,comuni,san pier d'isonzo,gorizia,friuli-venezia giulia,firmatario
45.806035,13.499824,Comune di Staranzano,Staranzano,Gorizia,Friuli-Venezia Giulia,Comuni,firmatario,True,False,False,False,False,False,False,['firmatario'],,comune di staranzano,comuni,staranzano,gorizia,friuli-venezia giulia,firmatario
45.820999,13.444777,Comune di Turriaco,Turriaco,Gorizia,Friuli-Venezia Giulia,Comuni,firmatario,True,False,False,False,False,False,False,['firmatario'],,comune di turriaco,comuni,turriaco,gorizia,friuli-venezia giulia,firmatario
45.94149,13.622134,Tribunale di Gorizia,Gorizia,Gorizia,Friuli-Venezia Giulia,Procura Ordinaria/Tribunale/Corte d'appello,"firmatario, attore",True,False,True,False,False,False,False,"['firmatario', 'attore']",,tribunale di gorizia,procura ordinaria/tribunale/corte d'appello,gorizia,gorizia,friuli-venezia giulia,"firmatario, attore"
45.64945,13.768408,Tribunale per i Minorenni di Trieste,Trieste,Trieste,Friuli-Venezia Giulia,Procura Minorile/Tribunale minorile,attore,False,False,True,False,False,False,False,['attore'],,tribunale per i minorenni di trieste,procura minorile/tribunale minorile,trieste,trieste,friuli-venezia giulia,attore
45.94149,13.622134,Procura della Repubblica presso il Tribunale di Gorizia,Gorizia,Gorizia,Friuli-Venezia Giulia,Procura Ordinaria/Tribunale/Corte d'appello,"firmatario, attore",True,False,True,False,False,False,False,"['firmatario', 'attore']",,procura della repubblica presso il tribunale di gorizia,procura ordinaria/tribunale/corte d'appello,gorizia,gorizia,friuli-venezia giulia,"firmatario, attore"
45.94149,13.622134,Questura di Gorizia,Gorizia,Gorizia,Friuli-Venezia Giulia,Questura,"firmatario, attore",True,False,True,False,False,False,False,"['firmatario', 'attore']",,questura di gorizia,questura,gorizia,gorizia,friuli-venezia giulia,"firmatario, attore"
45.884873,13.49486,Comando Provinciale dei Carabinieri di Gorizia,Gorizia,Gorizia,Friuli-Venezia Giulia,Carabinieri/Polizia/altre forze dell'ordine,"firmatario, attore",True,False,True,False,False,False,False,"['firmatario', 'attore']",,comando provinciale dei carabinieri di gorizia,carabinieri/polizia/altre forze dell'ordine,gorizia,gorizia,friuli-venezia giulia,"firmatario, attore"
45.884873,13.49486,Ufficio Scolastico Regionale per il Friuli Venezia Giulia Ufficio IV - Ambito Territoriale di Gorizia,Gorizia,Gorizia,Friuli-Venezia Giulia,Scuole/Ufficio scolastico provinciale e regionale,"firmatario, attore",True,False,True,False,False,False,False,"['firmatario', 'attore']",,ufficio scolastico regionale per il friuli venezia giulia ufficio iv - ambito territoriale di gorizia,scuole/ufficio scolastico provinciale e regionale,gorizia,gorizia,friuli-venezia giulia,"firmatario, attore"
45.64945,13.768408,Università degli Studi di Trieste,Trieste,Trieste,Friuli-Venezia Giulia,Università,"firmatario, attore",True,False,True,False,False,False,False,"['firmatario', 'attore']",,università degli studi di trieste,università,trieste,trieste,friuli-venezia giulia,"firmatario, attore"
45.884873,13.49486,Ordine degli Avvocati provincia di Gorizia,Gorizia,Gorizia,Friuli-Venezia Giulia,Ordine avvocati,firmatario,True,False,False,False,False,False,False,['firmatario'],,ordine degli avvocati provincia di gorizia,ordine avvocati,gorizia,gorizia,friuli-venezia giulia,firmatario
45.884873,13.49486,Ordine dei farmacisti della provincia di Gorizia,Gorizia,Gorizia,Friuli-Venezia Giulia,Ordine medici e odontoiatri e Ordine farmacisti,firmatario,True,False,False,False,False,False,False,['firmatario'],,ordine dei farmacisti della provincia di gorizia,ordine medici e odontoiatri e ordine farmacisti,gorizia,gorizia,friuli-venezia giulia,firmatario
45.884873,13.49486,Ordine dei medici chirurghi e odontoiatri della provincia di Gorizia,Gorizia,Gorizia,Friuli-Venezia Giulia,Ordine medici e odontoiatri e Ordine farmacisti,firmatario,True,False,False,False,False,False,False,['firmatario'],,ordine dei medici chirurghi e odontoiatri della provincia di gorizia,ordine medici e odontoiatri e ordine farmacisti,gorizia,gorizia,friuli-venezia giulia,firmatario
45.94149,13.622134,Confartigianato Gorizia,Gorizia,Gorizia,Friuli-Venezia Giulia,Sindacati/Associazioni di categoria,firmatario,True,False,False,False,False,False,False,['firmatario'],,confartigianato gorizia,sindacati/associazioni di categoria,gorizia,gorizia,friuli-venezia giulia,firmatario
45.94149,13.622134,CISL Gorizia,Gorizia,Gorizia,Friuli-Venezia Giulia,Sindacati/Associazioni di categoria,firmatario,True,False,False,False,False,False,False,['firmatario'],,cisl gorizia,sindacati/associazioni di categoria,gorizia,gorizia,friuli-venezia giulia,firmatario
45.94149,13.622134,UIL Gorizia,Gorizia,Gorizia,Friuli-Venezia Giulia,Sindacati/Associazioni di categoria,firmatario,True,False,False,False,False,False,False,['firmatario'],,uil gorizia,sindacati/associazioni di categoria,gorizia,gorizia,friuli-venezia giulia,firmatario
45.94149,13.622134,Associazione Soroptimist Gorizia,Gorizia,Gorizia,Friuli-Venezia Giulia,Ente terzo settore - ETS (iscritto al RUNTS),firmatario,True,False,False,False,False,False,False,['firmatario'],,associazione soroptimist gorizia,ente terzo settore - ets (iscritto al runts),gorizia,gorizia,friuli-venezia giulia,firmatario
45.64945,13.768408,Associazione InterPares Trieste,Trieste,Trieste,Friuli-Venezia Giulia,Ente terzo settore - ETS (iscritto al RUNTS),,False,False,False,False,False,False,False,[],,associazione interpares trieste,ente terzo settore - ets (iscritto al runts),trieste,trieste,friuli-venezia giulia,
45.94149,13.622134,Osservatorio Nazionale sul Diritto di Famiglia - Sezione di Gorizia,Gorizia,Gorizia,Friuli-Venezia Giulia,Altro,firmatario,True,False,False,False,False,False,False,['firmatario'],,osservatorio nazionale sul diritto di famiglia - sezione di gorizia,altro,gorizia,gorizia,friuli-venezia giulia,firmatario
45.94149,13.622134,Club per UNESCO Gorizia,Gorizia,Gorizia,Friuli-Venezia Giulia,Altro,firmatario,True,False,False,False,False,False,False,['firmatario'],,club per unesco gorizia,altro,gorizia,gorizia,friuli-venezia giulia,firmatario
45.94149,13.622134,Fondazione Cassa di Risparmio di Gorizia,Gorizia,Gorizia,Friuli-Venezia Giulia,Altro,firmatario,True,False,False,False,False,False,False,['firmatario'],,fondazione cassa di risparmio di gorizia,altro,gorizia,gorizia,friuli-venezia giulia,firmatario
45.94149,13.622134,Caritas Diocesana Gorizia,Gorizia,Gorizia,Friuli-Venezia Giulia,Altro,firmatario,True,False,False,False,False,False,False,['firmatario'],,caritas diocesana gorizia,altro,gorizia,gorizia,friuli-venezia giulia,firmatario
45.94149,13.622134,Croce Rossa Italiana - Comitato di Gorizia,Gorizia,Gorizia,Friuli-Venezia Giulia,ORGANIZZAZIONI DI VOLONTARIATO,firmatario,True,False,False,False,False,False,False,['firmatario'],,croce rossa italiana - comitato di gorizia,organizzazioni di volontariato,gorizia,gorizia,friuli-venezia giulia,firmatario
45.64945,13.768408,Comune di Trieste,Trieste,Trieste,Friuli-Venezia Giulia,Comuni,"firmatario, attore",True,False,True,False,False,False,False,"['firmatario', 'attore']",,comune di trieste,comuni,trieste,trieste,friuli-venezia giulia,"firmatario, attore"
45.64945,13.768408,Associazione G.O.A.P. di Trieste,Trieste,Trieste,Friuli-Venezia Giulia,CAV/Centri Antiviolenza,"firmatario, attore",True,False,True,False,False,False,False,"['firmatario', 'attore']",,associazione g.o.a.p. di trieste,cav/centri antiviolenza,trieste,trieste,friuli-venezia giulia,"firmatario, attore"
45.64945,13.768408,Associazione Interpares di Trieste,Trieste,Trieste,Friuli-Venezia Giulia,Ente terzo settore - ETS (iscritto al RUNTS),attore,False,False,True,False,False,False,False,['attore'],,associazione interpares di trieste,ente terzo settore - ets (iscritto al runts),trieste,trieste,friuli-venezia giulia,attore
45.64945,13.768408,Procura della Repubblica presso il Tribunale per i minorenni di Trieste,Trieste,Trieste,Friuli-Venezia Giulia,Procura Minorile/Tribunale minorile,attore,False,False,True,False,False,False,False,['attore'],,procura della repubblica presso il tribunale per i minorenni di trieste,procura minorile/tribunale minorile,trieste,trieste,friuli-venezia giulia,attore
44.316722,9.324047,Comune di Chiavari,Chiavari,Genova,Liguria,Comuni,"firmatario, attore",True,False,True,False,False,False,False,"['firmatario', 'attore']",,comune di chiavari,comuni,chiavari,genova,liguria,"firmatario, attore"
44.316722,9.324047,Telefono Donna Centro AntiViolenza CIF APS,Chiavari,Genova,Liguria,CAV/Centri Antiviolenza,"firmatario, attore, gestione",True,False,True,True,False,False,True,"['firmatario', 'attore', 'gestione']",gestione,telefono donna centro antiviolenza cif aps,cav/centri antiviolenza,chiavari,genova,liguria,"firmatario, attore, gestione"
44.316722,9.324047,Opera Diocesana Madonna dei Bambini Villaggio del Ragazzo,Chiavari,Genova,Liguria,Case Rifugio,"firmatario, attore, gestione",True,False,True,True,False,False,True,"['firmatario', 'attore', 'gestione']",gestione,opera diocesana madonna dei bambini villaggio del ragazzo,case rifugio,chiavari,genova,liguria,"firmatario, attore, gestione"
44.307078,9.344878,Pronto Soccorso del presidio ospedaliero di Lavagna,Lavagna,Genova,Liguria,"Ospedale (Pronto soccorso, ecc.)",attore,False,False,True,False,False,False,False,['attore'],,pronto soccorso del presidio ospedaliero di lavagna,"ospedale (pronto soccorso, ecc.)",lavagna,genova,liguria,attore
44.316722,9.324047,Segreteria Tecnica del DSS 15 (Comune di Chiavari),Chiavari,Genova,Liguria,Altro,"firmatario, attore",True,False,True,False,False,False,False,"['firmatario', 'attore']",,segreteria tecnica del dss 15 (comune di chiavari),altro,chiavari,genova,liguria,"firmatario, attore"
44.411493,8.932688,Il Cerchio delle Relazioni Societa Cooperativa Sociale - Centro Antiviolenza Mascherona,Genova,Genova,Liguria,CAV/Centri Antiviolenza,"firmatario, attore",True,False,True,False,False,False,False,"['firmatario', 'attore']",,il cerchio delle relazioni societa cooperativa sociale - centro antiviolenza mascherona,cav/centri antiviolenza,genova,genova,liguria,"firmatario, attore"
44.411493,8.932688,Centro per non subire violenza (da U.D.1.),Genova,Genova,Liguria,CAV/Centri Antiviolenza,"firmatario, attore",True,False,True,False,False,False,False,"['firmatario', 'attore']",,centro per non subire violenza (da u.d.1.),cav/centri antiviolenza,genova,genova,liguria,"firmatario, attore"
44.411493,8.932688,Agora soc. coop. soc.,Genova,Genova,Liguria,Ente terzo settore - ETS (iscritto al RUNTS),"firmatario, attore",True,False,True,False,False,False,False,"['firmatario', 'attore']",,agora soc. coop. soc.,ente terzo settore - ets (iscritto al runts),genova,genova,liguria,"firmatario, attore"
44.411493,8.932688,Arci Solidarieta Genova ODV,Genova,Genova,Liguria,ORGANIZZAZIONI DI VOLONTARIATO,"firmatario, attore",True,False,True,False,False,False,False,"['firmatario', 'attore']",,arci solidarieta genova odv,organizzazioni di volontariato,genova,genova,liguria,"firmatario, attore"
44.411493,8.932688,Fondazione Auxilium,Genova,Genova,Liguria,IMPRESE SOCIALI,"firmatario, attore",True,False,True,False,False,False,False,"['firmatario', 'attore']",,fondazione auxilium,imprese sociali,genova,genova,liguria,"firmatario, attore"
44.411493,8.932688,Tl Melograno Cooperativa Sociale Onlus,Genova,Genova,Liguria,Ente terzo settore - ETS (iscritto al RUNTS),attore,False,False,True,False,False,False,False,['attore'],,tl melograno cooperativa sociale onlus,ente terzo settore - ets (iscritto al runts),genova,genova,liguria,attore
44.411493,8.932688,Il Biscione Societa Cooperativa Sociale,Genova,Genova,Liguria,IMPRESE SOCIALI,"firmatario, attore",True,False,True,False,False,False,False,"['firmatario', 'attore']",,il biscione societa cooperativa sociale,imprese sociali,genova,genova,liguria,"firmatario, attore"
44.411493,8.932688,Il Cesto Onlus Cooperativa Sociale,Genova,Genova,Liguria,ORGANIZZAZIONI DI VOLONTARIATO,"firmatario, attore",True,False,True,False,False,False,False,"['firmatario', 'attore']",,il cesto onlus cooperativa sociale,organizzazioni di volontariato,genova,genova,liguria,"firmatario, attore"
44.411493,8.932688,Lanza del Vasto Societa Cooperativa Sociale,Genova,Genova,Liguria,IMPRESE SOCIALI,"firmatario, attore",True,False,True,False,False,False,False,"['firmatario', 'attore']",,lanza del vasto societa cooperativa sociale,imprese sociali,genova,genova,liguria,"firmatario, attore"
45.073289,7.680696,Liberitutti Societa Cooperativa Sociale,Torino,Torino,Piemonte,Ente terzo settore - ETS (iscritto al RUNTS),"firmatario, attore",True,False,True,False,False,False,False,"['firmatario', 'attore']",,liberitutti societa cooperativa sociale,ente terzo settore - ets (iscritto al runts),torino,torino,piemonte,"firmatario, attore"
44.411493,8.932688,Dono Societa cooperativa sociale,Genova,Genova,Liguria,IMPRESE SOCIALI,,False,False,False,False,False,False,False,[],,dono societa cooperativa sociale,imprese sociali,genova,genova,liguria,
44.411493,8.932688,centri di accoglienza del sistema SAI del Comune di Genova,Genova,Genova,Liguria,"Ambiti della programmazione sociale e socio-sanitaria (Ambiti Sociali, Piani di Zona, Distretti socio-sanitari, Società della Salute)",,False,False,False,False,False,False,False,[],,centri di accoglienza del sistema sai del comune di genova,"ambiti della programmazione sociale e socio-sanitaria (ambiti sociali, piani di zona, distretti socio-sanitari, società della salute)",genova,genova,liguria,
44.411493,8.932688,Comune di Genova,Genova,Genova,Liguria,Comuni,attore,False,False,True,False,False,False,False,['attore'],,comune di genova,comuni,genova,genova,liguria,attore
44.411493,8.932688,Comune di Genova,Genova,Genova,Liguria,Comuni,"firmatario, attore",True,False,True,False,False,False,False,"['firmatario', 'attore']",,comune di genova,comuni,genova,genova,liguria,"firmatario, attore"
44.446883,9.136101,Citta Metropolitana di Genova,Genova,Genova,Liguria,Province/Città metropolitane,"firmatario, attore",True,False,True,False,False,False,False,"['firmatario', 'attore']",,citta metropolitana di genova,province/città metropolitane,genova,genova,liguria,"firmatario, attore"
44.411493,8.932688,Prefettura - U.T.G. di Genova,Genova,Genova,Liguria,Prefettura,"firmatario, attore",True,False,True,False,False,False,False,"['firmatario', 'attore']",,prefettura - u.t.g. di genova,prefettura,genova,genova,liguria,"firmatario, attore"
43.885588,8.027863,Prefettura - U.T.G. di Imperia,Imperia,Imperia,Liguria,Prefettura,"firmatario, attore",True,False,True,False,False,False,False,"['firmatario', 'attore']",,prefettura - u.t.g. di imperia,prefettura,imperia,imperia,liguria,"firmatario, attore"
44.107035,9.82819,Prefettura - U.T.G. di La Spezia,La Spezia,La Spezia,Liguria,Prefettura,"firmatario, attore",True,False,True,False,False,False,False,"['firmatario', 'attore']",,prefettura - u.t.g. di la spezia,prefettura,la spezia,la spezia,liguria,"firmatario, attore"
44.307489,8.481129,Prefettura - U.T.G. di Savona,Savona,Savona,Liguria,Prefettura,"firmatario, attore",True,False,True,False,False,False,False,"['firmatario', 'attore']",,prefettura - u.t.g. di savona,prefettura,savona,savona,liguria,"firmatario, attore"
44.411493,8.932688,Procura Generale presso la Corte d’Appello di Genova,Genova,Genova,Liguria,Procura Ordinaria/Tribunale/Corte d'appello,"firmatario, attore",True,False,True,False,False,False,False,"['firmatario', 'attore']",,procura generale presso la corte d’appello di genova,procura ordinaria/tribunale/corte d'appello,genova,genova,liguria,"firmatario, attore"
44.411493,8.932688,Procura della Repubblica presso il Tribunale di Genova,Genova,Genova,Liguria,Procura Ordinaria/Tribunale/Corte d'appello,"firmatario, attore",True,False,True,False,False,False,False,"['firmatario', 'attore']",,procura della repubblica presso il tribunale di genova,procura ordinaria/tribunale/corte d'appello,genova,genova,liguria,"firmatario, attore"
43.885588,8.027863,Procura della Repubblica presso il Tribunale di Imperia,Imperia,Imperia,Liguria,Procura Ordinaria/Tribunale/Corte d'appello,"firmatario, attore",True,False,True,False,False,False,False,"['firmatario', 'attore']",,procura della repubblica presso il tribunale di imperia,procura ordinaria/tribunale/corte d'appello,imperia,imperia,liguria,"firmatario, attore"
44.107035,9.82819,Procura della Repubblica presso il Tribunale di La Spezia,La Spezia,La Spezia,Liguria,Procura Ordinaria/Tribunale/Corte d'appello,"firmatario, attore",True,False,True,False,False,False,False,"['firmatario', 'attore']",,procura della repubblica presso il tribunale di la spezia,procura ordinaria/tribunale/corte d'appello,la spezia,la spezia,liguria,"firmatario, attore"
44.307489,8.481129,Procura della Repubblica presso il Tribunale di Savona,Savona,Savona,Liguria,Procura Ordinaria/Tribunale/Corte d'appello,"firmatario, attore",True,False,True,False,False,False,False,"['firmatario', 'attore']",,procura della repubblica presso il tribunale di savona,procura ordinaria/tribunale/corte d'appello,savona,savona,liguria,"firmatario, attore"
44.411493,8.932688,Procura della Repubblica presso il Tribunale per i Minorenni di Genova,Genova,Genova,Liguria,Procura Minorile/Tribunale minorile,"firmatario, attore",True,False,True,False,False,False,False,"['firmatario', 'attore']",,procura della repubblica presso il tribunale per i minorenni di genova,procura minorile/tribunale minorile,genova,genova,liguria,"firmatario, attore"
44.411493,8.932688,Questura di Genova,Genova,Genova,Liguria,Questura,"firmatario, attore",True,False,True,False,False,False,False,"['firmatario', 'attore']",,questura di genova,questura,genova,genova,liguria,"firmatario, attore"
43.885588,8.027863,Questura di Imperia,Imperia,Imperia,Liguria,Questura,"firmatario, attore",True,False,True,False,False,False,False,"['firmatario', 'attore']",,questura di imperia,questura,imperia,imperia,liguria,"firmatario, attore"
44.107035,9.82819,Questura di La Spezia,La Spezia,La Spezia,Liguria,Questura,"firmatario, attore",True,False,True,False,False,False,False,"['firmatario', 'attore']",,questura di la spezia,questura,la spezia,la spezia,liguria,"firmatario, attore"
44.307489,8.481129,Questura di Savona,Savona,Savona,Liguria,Questura,"firmatario, attore",True,False,True,False,False,False,False,"['firmatario', 'attore']",,questura di savona,questura,savona,savona,liguria,"firmatario, attore"
44.411493,8.932688,Universita degli Studi di Genova,Genova,Genova,Liguria,Università,"firmatario, attore",True,False,True,False,False,False,False,"['firmatario', 'attore']",,universita degli studi di genova,università,genova,genova,liguria,"firmatario, attore"
44.107035,9.82819,Comune di La Spezia,La Spezia,La Spezia,Liguria,Comuni,"firmatario, attore",True,False,True,False,False,False,False,"['firmatario', 'attore']",,comune di la spezia,comuni,la spezia,la spezia,liguria,"firmatario, attore"
44.307489,8.481129,Comune di Savona,Savona,Savona,Liguria,Comuni,"firmatario, attore",True,False,True,False,False,False,False,"['firmatario', 'attore']",,comune di savona,comuni,savona,savona,liguria,"firmatario, attore"
43.822486,7.786748,Comune di Sanremo,Sanremo,Imperia,Liguria,Comuni,"firmatario, attore",True,False,True,False,False,False,False,"['firmatario', 'attore']",,comune di sanremo,comuni,sanremo,imperia,liguria,"firmatario, attore"
44.049079,8.212909,Centro Antiviolenza Artemisia Gentileschi,Albenga,Savona,Liguria,CAV/Centri Antiviolenza,attore,False,False,True,False,False,False,False,['attore'],,centro antiviolenza artemisia gentileschi,cav/centri antiviolenza,albenga,savona,liguria,attore
44.316722,9.324047,Telefono Donna Centro AntiViolenza CIF,Chiavari,Genova,Liguria,CAV/Centri Antiviolenza,attore,False,False,True,False,False,False,False,['attore'],,telefono donna centro antiviolenza cif,cav/centri antiviolenza,chiavari,genova,liguria,attore
44.443053,11.3432,Città metropolitana di Bologna,Bologna,Bologna,Emilia-Romagna,Province/Città metropolitane,"proponente, attore, coordinamento",False,True,True,False,False,True,True,"['proponente', 'attore', 'coordinamento']",coordinamento,città metropolitana di bologna,province/città metropolitane,bologna,bologna,emilia-romagna,"proponente, attore, coordinamento"
44.49411,11.341719,Comune di Bologna,Bologna,Bologna,Emilia-Romagna,Comuni,"proponente, attore",False,True,True,False,False,False,False,"['proponente', 'attore']",,comune di bologna,comuni,bologna,bologna,emilia-romagna,"proponente, attore"
44.353061,11.714119,Comune di Imola,Imola,Bologna,Emilia-Romagna,Comuni,attore,False,False,True,False,False,False,False,['attore'],,comune di imola,comuni,imola,bologna,emilia-romagna,attore
44.470467,11.408055,Comune di San Lazzaro di Savena,San Lazzaro Di Savena,Bologna,Emilia-Romagna,Comuni,attore,False,False,True,False,False,False,False,['attore'],,comune di san lazzaro di savena,comuni,san lazzaro di savena,bologna,emilia-romagna,attore
44.443053,11.3432,"Unione dei Comuni Valli del Reno, Lavino e Samoggia",,Bologna,Emilia-Romagna,Unione dei Comuni,attore,False,False,True,False,False,False,False,['attore'],,"unione dei comuni valli del reno, lavino e samoggia",unione dei comuni,,bologna,emilia-romagna,attore
44.443053,11.3432,Unione Reno Galliera,,Bologna,Emilia-Romagna,Unione dei Comuni,attore,False,False,True,False,False,False,False,['attore'],,unione reno galliera,unione dei comuni,,bologna,emilia-romagna,attore
44.443053,11.3432,Unione Terre d’Acqua,,Bologna,Emilia-Romagna,Unione dei Comuni,attore,False,False,True,False,False,False,False,['attore'],,unione terre d’acqua,unione dei comuni,,bologna,emilia-romagna,attore
44.443053,11.3432,Unione dei Comuni dell’Appennino bolognese,,Bologna,Emilia-Romagna,Unione dei Comuni,attore,False,False,True,False,False,False,False,['attore'],,unione dei comuni dell’appennino bolognese,unione dei comuni,,bologna,emilia-romagna,attore
44.443053,11.3432,Nuovo Circondario Imolese,,Bologna,Emilia-Romagna,Unione dei Comuni,attore,False,False,True,False,False,False,False,['attore'],,nuovo circondario imolese,unione dei comuni,,bologna,emilia-romagna,attore
44.49411,11.341719,CASA delle donne per non subire violenza,Bologna,Bologna,Emilia-Romagna,CAV/Centri Antiviolenza,"attore, gestione",False,False,True,True,False,False,True,"['attore', 'gestione']",gestione,casa delle donne per non subire violenza,cav/centri antiviolenza,bologna,bologna,emilia-romagna,"attore, gestione"
44.353061,11.714119,Trama di Terre,Imola,Bologna,Emilia-Romagna,CAV/Centri Antiviolenza,"attore, gestione",False,False,True,True,False,False,True,"['attore', 'gestione']",gestione,trama di terre,cav/centri antiviolenza,imola,bologna,emilia-romagna,"attore, gestione"
44.49411,11.341719,MondoDonna,Bologna,Bologna,Emilia-Romagna,CAV/Centri Antiviolenza,"attore, gestione",False,False,True,True,False,False,True,"['attore', 'gestione']",gestione,mondodonna,cav/centri antiviolenza,bologna,bologna,emilia-romagna,"attore, gestione"
44.49411,11.341719,UDI,Bologna,Bologna,Emilia-Romagna,CAV/Centri Antiviolenza,attore,False,False,True,False,False,False,False,['attore'],,udi,cav/centri antiviolenza,bologna,bologna,emilia-romagna,attore
44.285523,11.8825,SOS Donna,Faenza,Ravenna,Emilia-Romagna,CAV/Centri Antiviolenza,attore,False,False,True,False,False,False,False,['attore'],,sos donna,cav/centri antiviolenza,faenza,ravenna,emilia-romagna,attore
44.353061,11.714119,PerLeDonne,Imola,Bologna,Emilia-Romagna,CAV/Centri Antiviolenza,attore,False,False,True,False,False,False,False,['attore'],,perledonne,cav/centri antiviolenza,imola,bologna,emilia-romagna,attore
44.49411,11.341719,Conferenza Territoriale Sociale e Sanitaria Metropolitana di Bologna (CTSSM),Bologna,Bologna,Emilia-Romagna,"Ambiti della programmazione sociale e socio-sanitari (Ambiti Sociali, Piani di Zona, Distretti socio-sanitari, Società della Salute)",attore,False,False,True,False,False,False,False,['attore'],,conferenza territoriale sociale e sanitaria metropolitana di bologna (ctssm),"ambiti della programmazione sociale e socio-sanitari (ambiti sociali, piani di zona, distretti socio-sanitari, società della salute)",bologna,bologna,emilia-romagna,attore
44.353061,11.714119,Consorzio Servizi Sociali di Imola,Imola,Bologna,Emilia-Romagna,Servizi sociali comunali,attore,False,False,True,False,False,False,False,['attore'],,consorzio servizi sociali di imola,servizi sociali comunali,imola,bologna,emilia-romagna,attore
44.443053,11.3432,Provincia di Bologna,Bologna,Bologna,Emilia-Romagna,Province/Città metropolitane,attore,False,False,True,False,False,False,False,['attore'],,provincia di bologna,province/città metropolitane,bologna,bologna,emilia-romagna,attore
44.49411,11.341719,Prefettura di Bologna,Bologna,Bologna,Emilia-Romagna,Prefettura,attore,False,False,True,False,False,False,False,['attore'],,prefettura di bologna,prefettura,bologna,bologna,emilia-romagna,attore
44.49411,11.341719,Procura della Repubblica presso il Tribunale di Bologna,Bologna,Bologna,Emilia-Romagna,Procura Ordinaria/Tribunale/Corte d'appello,attore,False,False,True,False,False,False,False,['attore'],,procura della repubblica presso il tribunale di bologna,procura ordinaria/tribunale/corte d'appello,bologna,bologna,emilia-romagna,attore
44.49411,11.341719,Procura presso il Tribunale dei minori di Bologna,Bologna,Bologna,Emilia-Romagna,Procura Minorile/Tribunale minorile,attore,False,False,True,False,False,False,False,['attore'],,procura presso il tribunale dei minori di bologna,procura minorile/tribunale minorile,bologna,bologna,emilia-romagna,attore
44.49411,11.341719,Questura di Bologna,Bologna,Bologna,Emilia-Romagna,Questura,attore,False,False,True,False,False,False,False,['attore'],,questura di bologna,questura,bologna,bologna,emilia-romagna,attore
44.443053,11.3432,Comando provinciale dei Carabinieri di Bologna,Bologna,Bologna,Emilia-Romagna,Carabinieri/Polizia/altre forze dell'ordine,attore,False,False,True,False,False,False,False,['attore'],,comando provinciale dei carabinieri di bologna,carabinieri/polizia/altre forze dell'ordine,bologna,bologna,emilia-romagna,attore
44.49411,11.341719,ASP Città di Bologna,Bologna,Bologna,Emilia-Romagna,Servizi sociali comunali,attore,False,False,True,False,False,False,False,['attore'],,asp città di bologna,servizi sociali comunali,bologna,bologna,emilia-romagna,attore
44.49411,11.341719,Azienda USL di Bologna,Bologna,Bologna,Emilia-Romagna,ASL (consultori familiari e altri servizi territoriali),attore,False,False,True,False,False,False,False,['attore'],,azienda usl di bologna,asl (consultori familiari e altri servizi territoriali),bologna,bologna,emilia-romagna,attore
44.443053,11.3432,Unione Reno Galliera,,Bologna,Emilia-Romagna,Unione dei Comuni,"attore, gestione",False,False,True,True,False,False,True,"['attore', 'gestione']",gestione,unione reno galliera,unione dei comuni,,bologna,emilia-romagna,"attore, gestione"
44.443053,11.3432,Città metropolitana di Bologna,Bologna,Bologna,Emilia-Romagna,Province/Città metropolitane,"firmatario, proponente, attore",True,True,True,False,False,False,False,"['firmatario', 'proponente', 'attore']",,città metropolitana di bologna,province/città metropolitane,bologna,bologna,emilia-romagna,"firmatario, proponente, attore"
44.49411,11.341719,Comune di Bologna,Bologna,Bologna,Emilia-Romagna,Comuni,"firmatario, proponente, attore",True,True,True,False,False,False,False,"['firmatario', 'proponente', 'attore']",,comune di bologna,comuni,bologna,bologna,emilia-romagna,"firmatario, proponente, attore"
44.154713,10.976046,Comune di Alto Reno Terme,Alto Reno Terme,Bologna,Emilia-Romagna,Comuni,"firmatario, attore",True,False,True,False,False,False,False,"['firmatario', 'attore']",,comune di alto reno terme,comuni,alto reno terme,bologna,emilia-romagna,"firmatario, attore"
44.547117,11.193068,Comune di Anzola dell’Emilia,Anzola Dell’Emilia,Bologna,Emilia-Romagna,Comuni,"firmatario, attore",True,False,True,False,False,False,False,"['firmatario', 'attore']",,comune di anzola dell’emilia,comuni,anzola dell’emilia,bologna,emilia-romagna,"firmatario, attore"
44.642314,11.347656,Comune di Argelato,Argelato,Bologna,Emilia-Romagna,Comuni,"firmatario, attore",True,False,True,False,False,False,False,"['firmatario', 'attore']",,comune di argelato,comuni,argelato,bologna,emilia-romagna,"firmatario, attore"
44.647054,11.53455,Comune di Baricella,Baricella,Bologna,Emilia-Romagna,Comuni,"firmatario, attore",True,False,True,False,False,False,False,"['firmatario', 'attore']",,comune di baricella,comuni,baricella,bologna,emilia-romagna,"firmatario, attore"
44.634896,11.418634,Comune di Bentivoglio,Bentivoglio,Bologna,Emilia-Romagna,Comuni,"firmatario, attore",True,False,True,False,False,False,False,"['firmatario', 'attore']",,comune di bentivoglio,comuni,bentivoglio,bologna,emilia-romagna,"firmatario, attore"
44.277403,11.589225,Comune di Borgo Tossignano,Borgo Tossignano,Bologna,Emilia-Romagna,Comuni,"firmatario, attore",True,False,True,False,False,False,False,"['firmatario', 'attore']",,comune di borgo tossignano,comuni,borgo tossignano,bologna,emilia-romagna,"firmatario, attore"
44.537701,11.536147,Comune di Budrio,Budrio,Bologna,Emilia-Romagna,Comuni,"firmatario, attore",True,False,True,False,False,False,False,"['firmatario', 'attore']",,comune di budrio,comuni,budrio,bologna,emilia-romagna,"firmatario, attore"
44.565786,11.27161,Comune di Calderara di Reno,Calderara Di Reno,Bologna,Emilia-Romagna,Comuni,"firmatario, attore",True,False,True,False,False,False,False,"['firmatario', 'attore']",,comune di calderara di reno,comuni,calderara di reno,bologna,emilia-romagna,"firmatario, attore"
44.168988,11.087404,Comune di Camugnano,Camugnano,Bologna,Emilia-Romagna,Comuni,"firmatario, attore",True,False,True,False,False,False,False,"['firmatario', 'attore']",,comune di camugnano,comuni,camugnano,bologna,emilia-romagna,"firmatario, attore"
44.481266,11.282397,Comune di Casalecchio di Reno,Casalecchio Di Reno,Bologna,Emilia-Romagna,Comuni,"firmatario, attore",True,False,True,False,False,False,False,"['firmatario', 'attore']",,comune di casalecchio di reno,comuni,casalecchio di reno,bologna,emilia-romagna,"firmatario, attore"
44.297651,11.616858,Comune di Casalfiumanese,Casalfiumanese,Bologna,Emilia-Romagna,Comuni,"firmatario, attore",True,False,True,False,False,False,False,"['firmatario', 'attore']",,comune di casalfiumanese,comuni,casalfiumanese,bologna,emilia-romagna,"firmatario, attore"
44.280638,11.0013,Comune di Castel d’Aiano,Castel D’Aiano,Bologna,Emilia-Romagna,Comuni,"firmatario, attore",True,False,True,False,False,False,False,"['firmatario', 'attore']",,comune di castel d’aiano,comuni,castel d’aiano,bologna,emilia-romagna,"firmatario, attore"
44.213144,11.504424,Comune di Castel del Rio,Castel Del Rio,Bologna,Emilia-Romagna,Comuni,"firmatario, attore",True,False,True,False,False,False,False,"['firmatario', 'attore']",,comune di castel del rio,comuni,castel del rio,bologna,emilia-romagna,"firmatario, attore"
44.162914,11.036854,Comune di Castel di Casio,Castel Di Casio,Bologna,Emilia-Romagna,Comuni,"firmatario, attore",True,False,True,False,False,False,False,"['firmatario', 'attore']",,comune di castel di casio,comuni,castel di casio,bologna,emilia-romagna,"firmatario, attore"
44.43219,11.677258,Comune di Castel Guelfo di Bologna,Castel Guelfo Di Bologna,Bologna,Emilia-Romagna,Comuni,"firmatario, attore",True,False,True,False,False,False,False,"['firmatario', 'attore']",,comune di castel guelfo di bologna,comuni,castel guelfo di bologna,bologna,emilia-romagna,"firmatario, attore"
44.575092,11.36489,Comune di Castel Maggiore,Castel Maggiore,Bologna,Emilia-Romagna,Comuni,"firmatario, attore",True,False,True,False,False,False,False,"['firmatario', 'attore']",,comune di castel maggiore,comuni,castel maggiore,bologna,emilia-romagna,"firmatario, attore"
44.398112,11.589178,Comune di Castel San Pietro Terme,Castel San Pietro Terme,Bologna,Emilia-Romagna,Comuni,"firmatario, attore",True,False,True,False,False,False,False,"['firmatario', 'attore']",,comune di castel san pietro terme,comuni,castel san pietro terme,bologna,emilia-romagna,"firmatario, attore"
44.681226,11.2966,Comune di Castello d’Argile,Castello D’Argile,Bologna,Emilia-Romagna,Comuni,"firmatario, attore",True,False,True,False,False,False,False,"['firmatario', 'attore']",,comune di castello d’argile,comuni,castello d’argile,bologna,emilia-romagna,"firmatario, attore"
44.50891,11.468785,Comune di Castenaso,Castenaso,Bologna,Emilia-Romagna,Comuni,"firmatario, attore",True,False,True,False,False,False,False,"['firmatario', 'attore']",,comune di castenaso,comuni,castenaso,bologna,emilia-romagna,"firmatario, attore"
44.141642,11.153912,Comune di Castiglione dei Pepoli,Castiglione Dei Pepoli,Bologna,Emilia-Romagna,Comuni,"firmatario, attore",True,False,True,False,False,False,False,"['firmatario', 'attore']",,comune di castiglione dei pepoli,comuni,castiglione dei pepoli,bologna,emilia-romagna,"firmatario, attore"
44.722618,11.147018,Comune di Crevalcore,Crevalcore,Bologna,Emilia-Romagna,Comuni,"firmatario, attore",True,False,True,False,False,False,False,"['firmatario', 'attore']",,comune di crevalcore,comuni,crevalcore,bologna,emilia-romagna,"firmatario, attore"
44.359428,11.628677,Comune di Dozza,Dozza,Bologna,Emilia-Romagna,Comuni,"firmatario, attore",True,False,True,False,False,False,False,"['firmatario', 'attore']",,comune di dozza,comuni,dozza,bologna,emilia-romagna,"firmatario, attore"
44.257456,11.558379,Comune di Fontanelice,Fontanelice,Bologna,Emilia-Romagna,Comuni,"firmatario, attore",True,False,True,False,False,False,False,"['firmatario', 'attore']",,comune di fontanelice,comuni,fontanelice,bologna,emilia-romagna,"firmatario, attore"
44.19865,10.935853,Comune di Gaggio Montano,Gaggio Montano,Bologna,Emilia-Romagna,Comuni,"firmatario, attore",True,False,True,False,False,False,False,"['firmatario', 'attore']",,comune di gaggio montano,comuni,gaggio montano,bologna,emilia-romagna,"firmatario, attore"
44.744735,11.435942,Comune di Galliera,Galliera,Bologna,Emilia-Romagna,Comuni,"firmatario, attore",True,False,True,False,False,False,False,"['firmatario', 'attore']",,comune di galliera,comuni,galliera,bologna,emilia-romagna,"firmatario, attore"
44.553445,11.447715,Comune di Granarolo dell’Emilia,Granarolo Dell’Emilia,Bologna,Emilia-Romagna,Comuni,"firmatario, attore",True,False,True,False,False,False,False,"['firmatario', 'attore']",,comune di granarolo dell’emilia,comuni,granarolo dell’emilia,bologna,emilia-romagna,"firmatario, attore"
44.257794,11.152115,Comune di Grizzana Morandi,Grizzana Morandi,Bologna,Emilia-Romagna,Comuni,"firmatario, attore",True,False,True,False,False,False,False,"['firmatario', 'attore']",,comune di grizzana morandi,comuni,grizzana morandi,bologna,emilia-romagna,"firmatario, attore"
44.353061,11.714119,Comune di Imola,Imola,Bologna,Emilia-Romagna,Comuni,"firmatario, attore",True,False,True,False,False,False,False,"['firmatario', 'attore']",,comune di imola,comuni,imola,bologna,emilia-romagna,"firmatario, attore"
44.16163,10.893662,Comune di Lizzano in Belvedere,Lizzano In Belvedere,Bologna,Emilia-Romagna,Comuni,"firmatario, attore",True,False,True,False,False,False,False,"['firmatario', 'attore']",,comune di lizzano in belvedere,comuni,lizzano in belvedere,bologna,emilia-romagna,"firmatario, attore"
44.270164,11.321714,Comune di Loiano,Loiano,Bologna,Emilia-Romagna,Comuni,"firmatario, attore",True,False,True,False,False,False,False,"['firmatario', 'attore']",,comune di loiano,comuni,loiano,bologna,emilia-romagna,"firmatario, attore"
44.7189,11.533978,Comune di Malalbergo,Malalbergo,Bologna,Emilia-Romagna,Comuni,"firmatario, attore",True,False,True,False,False,False,False,"['firmatario', 'attore']",,comune di malalbergo,comuni,malalbergo,bologna,emilia-romagna,"firmatario, attore"
44.34032,11.205077,Comune di Marzabotto,Marzabotto,Bologna,Emilia-Romagna,Comuni,"firmatario, attore",True,False,True,False,False,False,False,"['firmatario', 'attore']",,comune di marzabotto,comuni,marzabotto,bologna,emilia-romagna,"firmatario, attore"
44.476435,11.640475,Comune di Medicina,Medicina,Bologna,Emilia-Romagna,Comuni,"firmatario, attore",True,False,True,False,False,False,False,"['firmatario', 'attore']",,comune di medicina,comuni,medicina,bologna,emilia-romagna,"firmatario, attore"
44.625194,11.490803,Comune di Minerbio,Minerbio,Bologna,Emilia-Romagna,Comuni,"firmatario, attore",True,False,True,False,False,False,False,"['firmatario', 'attore']",,comune di minerbio,comuni,minerbio,bologna,emilia-romagna,"firmatario, attore"
44.620389,11.670364,Comune di Molinella,Molinella,Bologna,Emilia-Romagna,Comuni,"firmatario, attore",True,False,True,False,False,False,False,"['firmatario', 'attore']",,comune di molinella,comuni,molinella,bologna,emilia-romagna,"firmatario, attore"
44.219431,11.31663,Comune di Monghidoro,Monghidoro,Bologna,Emilia-Romagna,Comuni,"firmatario, attore",True,False,True,False,False,False,False,"['firmatario', 'attore']",,comune di monghidoro,comuni,monghidoro,bologna,emilia-romagna,"firmatario, attore"
44.457752,11.199685,Comune di Monte San Pietro,Monte San Pietro,Bologna,Emilia-Romagna,Comuni,"firmatario, attore",True,False,True,False,False,False,False,"['firmatario', 'attore']",,comune di monte san pietro,comuni,monte san pietro,bologna,emilia-romagna,"firmatario, attore"
44.325268,11.405006,Comune di Monterenzio,Monterenzio,Bologna,Emilia-Romagna,Comuni,"firmatario, attore",True,False,True,False,False,False,False,"['firmatario', 'attore']",,comune di monterenzio,comuni,monterenzio,bologna,emilia-romagna,"firmatario, attore"
44.276796,11.271444,Comune di Monzuno,Monzuno,Bologna,Emilia-Romagna,Comuni,"firmatario, attore",True,False,True,False,False,False,False,"['firmatario', 'attore']",,comune di monzuno,comuni,monzuno,bologna,emilia-romagna,"firmatario, attore"
44.397714,11.810534,Comune di Mordano,Mordano,Bologna,Emilia-Romagna,Comuni,"firmatario, attore",True,False,True,False,False,False,False,"['firmatario', 'attore']",,comune di mordano,comuni,mordano,bologna,emilia-romagna,"firmatario, attore"
44.446037,11.478972,Comune di Ozzano dell’Emilia,Ozzano Dell’Emilia,Bologna,Emilia-Romagna,Comuni,"firmatario, attore",True,False,True,False,False,False,False,"['firmatario', 'attore']",,comune di ozzano dell’emilia,comuni,ozzano dell’emilia,bologna,emilia-romagna,"firmatario, attore"
44.385129,11.343276,Comune di Pianoro,Pianoro,Bologna,Emilia-Romagna,Comuni,"firmatario, attore",True,False,True,False,False,False,False,"['firmatario', 'attore']",,comune di pianoro,comuni,pianoro,bologna,emilia-romagna,"firmatario, attore"
44.713627,11.307004,Comune di Pieve di Cento,Pieve Di Cento,Bologna,Emilia-Romagna,Comuni,"firmatario, attore",True,False,True,False,False,False,False,"['firmatario', 'attore']",,comune di pieve di cento,comuni,pieve di cento,bologna,emilia-romagna,"firmatario, attore"
44.62979,11.276868,Comune di Sala Bolognese,Sala Bolognese,Bologna,Emilia-Romagna,Comuni,"firmatario, attore",True,False,True,False,False,False,False,"['firmatario', 'attore']",,comune di sala bolognese,comuni,sala bolognese,bologna,emilia-romagna,"firmatario, attore"
44.215562,11.233066,Comune di San Benedetto Val di Sambro,San Benedetto Val Di Sambro,Bologna,Emilia-Romagna,Comuni,"firmatario, attore",True,False,True,False,False,False,False,"['firmatario', 'attore']",,comune di san benedetto val di sambro,comuni,san benedetto val di sambro,bologna,emilia-romagna,"firmatario, attore"
44.646977,11.375138,Comune di San Giorgio di Piano,San Giorgio Di Piano,Bologna,Emilia-Romagna,Comuni,"firmatario, attore",True,False,True,False,False,False,False,"['firmatario', 'attore']",,comune di san giorgio di piano,comuni,san giorgio di piano,bologna,emilia-romagna,"firmatario, attore"
44.638634,11.186865,Comune di San Giovanni in Persiceto,San Giovanni In Persiceto,Bologna,Emilia-Romagna,Comuni,"firmatario, attore",True,False,True,False,False,False,False,"['firmatario', 'attore']",,comune di san giovanni in persiceto,comuni,san giovanni in persiceto,bologna,emilia-romagna,"firmatario, attore"
44.470467,11.408055,Comune di San Lazzaro di Savena,San Lazzaro Di Savena,Bologna,Emilia-Romagna,Comuni,"firmatario, attore",True,False,True,False,False,False,False,"['firmatario', 'attore']",,comune di san lazzaro di savena,comuni,san lazzaro di savena,bologna,emilia-romagna,"firmatario, attore"
44.701947,11.406319,Comune di San Pietro in Casale,San Pietro In Casale,Bologna,Emilia-Romagna,Comuni,"firmatario, attore",True,False,True,False,False,False,False,"['firmatario', 'attore']",,comune di san pietro in casale,comuni,san pietro in casale,bologna,emilia-romagna,"firmatario, attore"
44.664536,11.133807,Comune di Sant’Agata Bolognese,Sant’Agata Bolognese,Bologna,Emilia-Romagna,Comuni,"firmatario, attore",True,False,True,False,False,False,False,"['firmatario', 'attore']",,comune di sant’agata bolognese,comuni,sant’agata bolognese,bologna,emilia-romagna,"firmatario, attore"
44.394363,11.244915,Comune di Sasso Marconi,Sasso Marconi,Bologna,Emilia-Romagna,Comuni,"firmatario, attore",True,False,True,False,False,False,False,"['firmatario', 'attore']",,comune di sasso marconi,comuni,sasso marconi,bologna,emilia-romagna,"firmatario, attore"
44.504668,11.083038,Comune di Valsamoggia,Valsamoggia,Bologna,Emilia-Romagna,Comuni,"firmatario, attore",True,False,True,False,False,False,False,"['firmatario', 'attore']",,comune di valsamoggia,comuni,valsamoggia,bologna,emilia-romagna,"firmatario, attore"
44.283927,11.112779,Comune di Vergato,Vergato,Bologna,Emilia-Romagna,Comuni,"firmatario, attore",True,False,True,False,False,False,False,"['firmatario', 'attore']",,comune di vergato,comuni,vergato,bologna,emilia-romagna,"firmatario, attore"
44.492192,11.218176,Comune di Zola Predosa,Zola Predosa,Bologna,Emilia-Romagna,Comuni,"firmatario, attore",True,False,True,False,False,False,False,"['firmatario', 'attore']",,comune di zola predosa,comuni,zola predosa,bologna,emilia-romagna,"firmatario, attore"
44.49411,11.341719,AIPI,Bologna,Bologna,Emilia-Romagna,IMPRESE SOCIALI,"firmatario, attore",True,False,True,False,False,False,False,"['firmatario', 'attore']",,aipi,imprese sociali,bologna,bologna,emilia-romagna,"firmatario, attore"
44.49411,11.341719,Associazione MondoDonna,Bologna,Bologna,Emilia-Romagna,CAV/Centri Antiviolenza,"firmatario, attore",True,False,True,False,False,False,False,"['firmatario', 'attore']",,associazione mondodonna,cav/centri antiviolenza,bologna,bologna,emilia-romagna,"firmatario, attore"
44.285523,11.8825,Associazione SOS Donna,Faenza,Ravenna,Emilia-Romagna,CAV/Centri Antiviolenza,"firmatario, attore",True,False,True,False,False,False,False,"['firmatario', 'attore']",,associazione sos donna,cav/centri antiviolenza,faenza,ravenna,emilia-romagna,"firmatario, attore"
44.49411,11.341719,Casa delle donne per non subire violenza,Bologna,Bologna,Emilia-Romagna,CAV/Centri Antiviolenza,"firmatario, attore",True,False,True,False,False,False,False,"['firmatario', 'attore']",,casa delle donne per non subire violenza,cav/centri antiviolenza,bologna,bologna,emilia-romagna,"firmatario, attore"
44.49411,11.341719,UDI,Bologna,Bologna,Emilia-Romagna,CAV/Centri Antiviolenza,"firmatario, attore",True,False,True,False,False,False,False,"['firmatario', 'attore']",,udi,cav/centri antiviolenza,bologna,bologna,emilia-romagna,"firmatario, attore"
44.353061,11.714119,Trama di Terre,Imola,Bologna,Emilia-Romagna,CAV/Centri Antiviolenza,"firmatario, attore",True,False,True,False,False,False,False,"['firmatario', 'attore']",,trama di terre,cav/centri antiviolenza,imola,bologna,emilia-romagna,"firmatario, attore"
44.443053,11.3432,"Arma dei Carabinieri, Comando Provinciale di Bologna",Bologna,Bologna,Emilia-Romagna,Carabinieri/Polizia/altre forze dell'ordine,"firmatario, attore",True,False,True,False,False,False,False,"['firmatario', 'attore']",,"arma dei carabinieri, comando provinciale di bologna",carabinieri/polizia/altre forze dell'ordine,bologna,bologna,emilia-romagna,"firmatario, attore"
44.836014,11.618744,Prefettura di Ferrara,Ferrara,Ferrara,Emilia-Romagna,Prefettura,"firmatario, proponente, attore, coordinamento",True,True,True,False,False,True,True,"['firmatario', 'proponente', 'attore', 'coordinamento']",coordinamento,prefettura di ferrara,prefettura,ferrara,ferrara,emilia-romagna,"firmatario, proponente, attore, coordinamento"
44.836014,11.618744,Comune di Ferrara,Ferrara,Ferrara,Emilia-Romagna,Comuni,"firmatario, proponente, attore",True,True,True,False,False,False,False,"['firmatario', 'proponente', 'attore']",,comune di ferrara,comuni,ferrara,ferrara,emilia-romagna,"firmatario, proponente, attore"
44.836014,11.618744,Tribunale di Ferrara,Ferrara,Ferrara,Emilia-Romagna,Procura Ordinaria/Tribunale/Corte d'appello,"firmatario, attore",True,False,True,False,False,False,False,"['firmatario', 'attore']",,tribunale di ferrara,procura ordinaria/tribunale/corte d'appello,ferrara,ferrara,emilia-romagna,"firmatario, attore"
44.836014,11.618744,Procura della Repubblica presso il Tribunale di Ferrara,Ferrara,Ferrara,Emilia-Romagna,Procura Ordinaria/Tribunale/Corte d'appello,"firmatario, attore",True,False,True,False,False,False,False,"['firmatario', 'attore']",,procura della repubblica presso il tribunale di ferrara,procura ordinaria/tribunale/corte d'appello,ferrara,ferrara,emilia-romagna,"firmatario, attore"
44.49411,11.341719,Tribunale per i Minorenni dell’Emilia Romagna di Bologna,Bologna,Bologna,Emilia-Romagna,Procura Minorile/Tribunale minorile,"firmatario, attore",True,False,True,False,False,False,False,"['firmatario', 'attore']",,tribunale per i minorenni dell’emilia romagna di bologna,procura minorile/tribunale minorile,bologna,bologna,emilia-romagna,"firmatario, attore"
44.49411,11.341719,Procura della Repubblica presso il Tribunale per i Minorenni dell’Emilia Romagna di Bologna,Bologna,Bologna,Emilia-Romagna,Procura Minorile/Tribunale minorile,"firmatario, attore",True,False,True,False,False,False,False,"['firmatario', 'attore']",,procura della repubblica presso il tribunale per i minorenni dell’emilia romagna di bologna,procura minorile/tribunale minorile,bologna,bologna,emilia-romagna,"firmatario, attore"
44.836014,11.618744,Questura di Ferrara,Ferrara,Ferrara,Emilia-Romagna,Questura,"firmatario, attore",True,False,True,False,False,False,False,"['firmatario', 'attore']",,questura di ferrara,questura,ferrara,ferrara,emilia-romagna,"firmatario, attore"
44.804822,11.830564,Comando Provinciale dei Carabinieri di Ferrara,Ferrara,Ferrara,Emilia-Romagna,Carabinieri/Polizia/altre forze dell'ordine,"firmatario, attore",True,False,True,False,False,False,False,"['firmatario', 'attore']",,comando provinciale dei carabinieri di ferrara,carabinieri/polizia/altre forze dell'ordine,ferrara,ferrara,emilia-romagna,"firmatario, attore"
44.804822,11.830564,Comando Provinciale della Guardia di Finanza di Ferrara,Ferrara,Ferrara,Emilia-Romagna,Carabinieri/Polizia/altre forze dell'ordine,"firmatario, attore",True,False,True,False,False,False,False,"['firmatario', 'attore']",,comando provinciale della guardia di finanza di ferrara,carabinieri/polizia/altre forze dell'ordine,ferrara,ferrara,emilia-romagna,"firmatario, attore"
44.836014,11.618744,Universita degli Studi di Ferrara,Ferrara,Ferrara,Emilia-Romagna,Università,"firmatario, attore",True,False,True,False,False,False,False,"['firmatario', 'attore']",,universita degli studi di ferrara,università,ferrara,ferrara,emilia-romagna,"firmatario, attore"
44.727547,11.290563,Comune di Cento,Cento,Ferrara,Emilia-Romagna,Comuni,"firmatario, attore",True,False,True,False,False,False,False,"['firmatario', 'attore']",,comune di cento,comuni,cento,ferrara,emilia-romagna,"firmatario, attore"
44.831807,12.104986,Comune di Codigoro,Codigoro,Ferrara,Emilia-Romagna,Comuni,"firmatario, attore",True,False,True,False,False,False,False,"['firmatario', 'attore']",,comune di codigoro,comuni,codigoro,ferrara,emilia-romagna,"firmatario, attore"
44.895286,11.8276,Comune di Copparo,Copparo,Ferrara,Emilia-Romagna,Comuni,"firmatario, attore",True,False,True,False,False,False,False,"['firmatario', 'attore']",,comune di copparo,comuni,copparo,ferrara,emilia-romagna,"firmatario, attore"
44.804822,11.830564,Ufficio Scolastico Regionale VI Ambito Territoriale di Ferrara,Ferrara,Ferrara,Emilia-Romagna,Scuole/Ufficio scolastico provinciale e regionale,"firmatario, attore",True,False,True,False,False,False,False,"['firmatario', 'attore']",,ufficio scolastico regionale vi ambito territoriale di ferrara,scuole/ufficio scolastico provinciale e regionale,ferrara,ferrara,emilia-romagna,"firmatario, attore"
44.836014,11.618744,Azienda Unita Sanitaria Locale di Ferrara,Ferrara,Ferrara,Emilia-Romagna,ASL (consultori familiari e altri servizi territoriali),"firmatario, attore",True,False,True,False,False,False,False,"['firmatario', 'attore']",,azienda unita sanitaria locale di ferrara,asl (consultori familiari e altri servizi territoriali),ferrara,ferrara,emilia-romagna,"firmatario, attore"
44.836014,11.618744,Azienda Ospedaliero Universitaria di Ferrara,Ferrara,Ferrara,Emilia-Romagna,"Ospedale (Pronto soccorso, ecc.)","firmatario, attore",True,False,True,False,False,False,False,"['firmatario', 'attore']",,azienda ospedaliero universitaria di ferrara,"ospedale (pronto soccorso, ecc.)",ferrara,ferrara,emilia-romagna,"firmatario, attore"
44.836014,11.618744,Ordine degli Avvocati di Ferrara,Ferrara,Ferrara,Emilia-Romagna,Ordine avvocati,"firmatario, attore",True,False,True,False,False,False,False,"['firmatario', 'attore']",,ordine degli avvocati di ferrara,ordine avvocati,ferrara,ferrara,emilia-romagna,"firmatario, attore"
44.836014,11.618744,Ordine dei Giornalisti di Ferrara,Ferrara,Ferrara,Emilia-Romagna,Altri ordini professionali,"firmatario, attore",True,False,True,False,False,False,False,"['firmatario', 'attore']",,ordine dei giornalisti di ferrara,altri ordini professionali,ferrara,ferrara,emilia-romagna,"firmatario, attore"
44.836014,11.618744,Ordine dei Medici Chirurghi e degli Odontoiatri di Ferrara,Ferrara,Ferrara,Emilia-Romagna,Ordine medici e odontoiatri e Ordine farmacisti,"firmatario, attore",True,False,True,False,False,False,False,"['firmatario', 'attore']",,ordine dei medici chirurghi e degli odontoiatri di ferrara,ordine medici e odontoiatri e ordine farmacisti,ferrara,ferrara,emilia-romagna,"firmatario, attore"
44.836014,11.618744,Ordine dei Farmacisti di Ferrara,Ferrara,Ferrara,Emilia-Romagna,Ordine medici e odontoiatri e Ordine farmacisti,"firmatario, attore",True,False,True,False,False,False,False,"['firmatario', 'attore']",,ordine dei farmacisti di ferrara,ordine medici e odontoiatri e ordine farmacisti,ferrara,ferrara,emilia-romagna,"firmatario, attore"
44.836014,11.618744,Federfarma Ferrara,Ferrara,Ferrara,Emilia-Romagna,Sindacati/Associazioni di categoria,"firmatario, attore",True,False,True,False,False,False,False,"['firmatario', 'attore']",,federfarma ferrara,sindacati/associazioni di categoria,ferrara,ferrara,emilia-romagna,"firmatario, attore"
44.836014,11.618744,AFM - Farmacie Comunali Ferrara,Ferrara,Ferrara,Emilia-Romagna,Altro,"firmatario, attore",True,False,True,False,False,False,False,"['firmatario', 'attore']",,afm - farmacie comunali ferrara,altro,ferrara,ferrara,emilia-romagna,"firmatario, attore"
44.836014,11.618744,Associazione “Centro Donna Giustizia” di Ferrara,Ferrara,Ferrara,Emilia-Romagna,CAV/Centri Antiviolenza,"firmatario, attore",True,False,True,False,False,False,False,"['firmatario', 'attore']",,associazione “centro donna giustizia” di ferrara,cav/centri antiviolenza,ferrara,ferrara,emilia-romagna,"firmatario, attore"
44.836014,11.618744,Centro di Ascolto per Uomini Maltrattanti di Ferrara,Ferrara,Ferrara,Emilia-Romagna,"Associazioni che si occupano di programmi di prevenzione, recupero e trattamento per uomini maltrattanti","firmatario, attore",True,False,True,False,False,False,False,"['firmatario', 'attore']",,centro di ascolto per uomini maltrattanti di ferrara,"associazioni che si occupano di programmi di prevenzione, recupero e trattamento per uomini maltrattanti",ferrara,ferrara,emilia-romagna,"firmatario, attore"
44.836014,11.618744,Unione Donne in Italia - APS Ferrara,Ferrara,Ferrara,Emilia-Romagna,ASSOCIAZIONI DI PROMOZIONE SOCIALE,"firmatario, attore",True,False,True,False,False,False,False,"['firmatario', 'attore']",,unione donne in italia - aps ferrara,associazioni di promozione sociale,ferrara,ferrara,emilia-romagna,"firmatario, attore"
44.836014,11.618744,Rotary Club Ferrara,Ferrara,Ferrara,Emilia-Romagna,Altro,"firmatario, attore",True,False,True,False,False,False,False,"['firmatario', 'attore']",,rotary club ferrara,altro,ferrara,ferrara,emilia-romagna,"firmatario, attore"
44.836014,11.618744,Ascom Confcommercio Ferrara,Ferrara,Ferrara,Emilia-Romagna,Sindacati/Associazioni di categoria,"firmatario, attore",True,False,True,False,False,False,False,"['firmatario', 'attore']",,ascom confcommercio ferrara,sindacati/associazioni di categoria,ferrara,ferrara,emilia-romagna,"firmatario, attore"
44.836014,11.618744,Pronto Soccorso Generale e Ostetrico - Ginecologico Ferrara,Ferrara,Ferrara,Emilia-Romagna,"Ospedale (Pronto soccorso, ecc.)","firmatario, attore",True,False,True,False,False,False,False,"['firmatario', 'attore']",,pronto soccorso generale e ostetrico - ginecologico ferrara,"ospedale (pronto soccorso, ecc.)",ferrara,ferrara,emilia-romagna,"firmatario, attore"
44.836014,11.618744,Consultori familiari Ferrara,Ferrara,Ferrara,Emilia-Romagna,ASL (consultori familiari e altri servizi territoriali),"firmatario, attore",True,False,True,False,False,False,False,"['firmatario', 'attore']",,consultori familiari ferrara,asl (consultori familiari e altri servizi territoriali),ferrara,ferrara,emilia-romagna,"firmatario, attore"
44.804822,11.830564,Istituzioni scolastiche autonome della provincia di Ferrara,Ferrara,Ferrara,Emilia-Romagna,Scuole/Ufficio scolastico provinciale e regionale,"firmatario, attore",True,False,True,False,False,False,False,"['firmatario', 'attore']",,istituzioni scolastiche autonome della provincia di ferrara,scuole/ufficio scolastico provinciale e regionale,ferrara,ferrara,emilia-romagna,"firmatario, attore"
44.836014,11.618744,Comune di Ferrara,Ferrara,Ferrara,Emilia-Romagna,Comuni,"firmatario, proponente, attore, coordinamento",True,True,True,False,False,True,True,"['firmatario', 'proponente', 'attore', 'coordinamento']",coordinamento,comune di ferrara,comuni,ferrara,ferrara,emilia-romagna,"firmatario, proponente, attore, coordinamento"
44.885225,11.976736,Comune di Jolanda di Savoia,Jolanda Di Savoia,Ferrara,Emilia-Romagna,Comuni,"firmatario, attore",True,False,True,False,False,False,False,"['firmatario', 'attore']",,comune di jolanda di savoia,comuni,jolanda di savoia,ferrara,emilia-romagna,"firmatario, attore"
44.794031,11.79528,Comune di Masi Torello,Masi Torello,Ferrara,Emilia-Romagna,Comuni,"firmatario, attore",True,False,True,False,False,False,False,"['firmatario', 'attore']",,comune di masi torello,comuni,masi torello,ferrara,emilia-romagna,"firmatario, attore"
44.75761,11.751105,Comune di Voghiera,Voghiera,Ferrara,Emilia-Romagna,Comuni,"firmatario, attore",True,False,True,False,False,False,False,"['firmatario', 'attore']",,comune di voghiera,comuni,voghiera,ferrara,emilia-romagna,"firmatario, attore"
44.804822,11.830564,Unione Terre e Fiumi,,Ferrara,Emilia-Romagna,Unione dei Comuni,"firmatario, attore, gestione",True,False,True,True,False,False,True,"['firmatario', 'attore', 'gestione']",gestione,unione terre e fiumi,unione dei comuni,,ferrara,emilia-romagna,"firmatario, attore, gestione"
44.895286,11.8276,Comune di Copparo,Copparo,Ferrara,Emilia-Romagna,Comuni,attore,False,False,True,False,False,False,False,['attore'],,comune di copparo,comuni,copparo,ferrara,emilia-romagna,attore
44.9793,11.978977,Comune di Riva del Po,Riva Del Po,Ferrara,Emilia-Romagna,Comuni,attore,False,False,True,False,False,False,False,['attore'],,comune di riva del po,comuni,riva del po,ferrara,emilia-romagna,attore
44.817791,11.896798,Comune di Tresignana,Tresignana,Ferrara,Emilia-Romagna,Comuni,attore,False,False,True,False,False,False,False,['attore'],,comune di tresignana,comuni,tresignana,ferrara,emilia-romagna,attore
44.836014,11.618744,Azienda Ospedaliera Universitaria di Ferrara,Ferrara,Ferrara,Emilia-Romagna,"Ospedale (Pronto soccorso, ecc.)","firmatario, proponente, attore, coordinamento",True,True,True,False,False,True,True,"['firmatario', 'proponente', 'attore', 'coordinamento']",coordinamento,azienda ospedaliera universitaria di ferrara,"ospedale (pronto soccorso, ecc.)",ferrara,ferrara,emilia-romagna,"firmatario, proponente, attore, coordinamento"
44.836014,11.618744,Azienda USL di Ferrara,Ferrara,Ferrara,Emilia-Romagna,ASL (consultori familiari e altri servizi territoriali),"firmatario, proponente, attore, gestione",True,True,True,True,False,False,True,"['firmatario', 'proponente', 'attore', 'gestione']",gestione,azienda usl di ferrara,asl (consultori familiari e altri servizi territoriali),ferrara,ferrara,emilia-romagna,"firmatario, proponente, attore, gestione"
44.836014,11.618744,Servizio 118 di Ferrara,Ferrara,Ferrara,Emilia-Romagna,"Ospedale (Pronto soccorso, ecc.)","firmatario, proponente, attore",True,True,True,False,False,False,False,"['firmatario', 'proponente', 'attore']",,servizio 118 di ferrara,"ospedale (pronto soccorso, ecc.)",ferrara,ferrara,emilia-romagna,"firmatario, proponente, attore"
44.804822,11.830564,Comando Provinciale dei Carabinieri di Ferrara,Ferrara,Ferrara,Emilia-Romagna,Carabinieri/Polizia/altre forze dell'ordine,"firmatario, proponente, attore",True,True,True,False,False,False,False,"['firmatario', 'proponente', 'attore']",,comando provinciale dei carabinieri di ferrara,carabinieri/polizia/altre forze dell'ordine,ferrara,ferrara,emilia-romagna,"firmatario, proponente, attore"
44.836014,11.618744,Questura di Ferrara,Ferrara,Ferrara,Emilia-Romagna,Questura,"firmatario, proponente, attore",True,True,True,False,False,False,False,"['firmatario', 'proponente', 'attore']",,questura di ferrara,questura,ferrara,ferrara,emilia-romagna,"firmatario, proponente, attore"
44.836014,11.618744,Università degli Studi di Ferrara,Ferrara,Ferrara,Emilia-Romagna,Università,"firmatario, proponente, attore",True,True,True,False,False,False,False,"['firmatario', 'proponente', 'attore']",,università degli studi di ferrara,università,ferrara,ferrara,emilia-romagna,"firmatario, proponente, attore"
44.836014,11.618744,Centro Donna Giustizia APS di Ferrara,Ferrara,Ferrara,Emilia-Romagna,CAV/Centri Antiviolenza,"firmatario, proponente, attore, gestione, coordinamento",True,True,True,True,False,True,True,"['firmatario', 'proponente', 'attore', 'gestione', 'coordinamento']","gestione, coordinamento",centro donna giustizia aps di ferrara,cav/centri antiviolenza,ferrara,ferrara,emilia-romagna,"firmatario, proponente, attore, gestione, coordinamento"
44.49411,11.341719,Coordinamento dei Centri Antiviolenza dell’Emilia Romagna,Bologna,Bologna,Emilia-Romagna,ALTRI ENTI DEL TERZO SETTORE,,False,False,False,False,False,False,False,[],,coordinamento dei centri antiviolenza dell’emilia romagna,altri enti del terzo settore,bologna,bologna,emilia-romagna,
44.694754,12.183653,Comune di Comacchio,Comacchio,Ferrara,Emilia-Romagna,Comuni,attore,False,False,True,False,False,False,False,['attore'],,comune di comacchio,comuni,comacchio,ferrara,emilia-romagna,attore
44.727547,11.290563,Punto Antiviolenza Decentrato,Cento,Ferrara,Emilia-Romagna,CAV/Centri Antiviolenza,attore,False,False,True,False,False,False,False,['attore'],,punto antiviolenza decentrato,cav/centri antiviolenza,cento,ferrara,emilia-romagna,attore
44.831807,12.104986,Sportello Antiviolenza Iris - Codigoro,Codigoro,Ferrara,Emilia-Romagna,CAV/Centri Antiviolenza,attore,False,False,True,False,False,False,False,['attore'],,sportello antiviolenza iris - codigoro,cav/centri antiviolenza,codigoro,ferrara,emilia-romagna,attore
44.694754,12.183653,Sportello Antiviolenza Iris - Comacchio,Comacchio,Ferrara,Emilia-Romagna,CAV/Centri Antiviolenza,attore,False,False,True,False,False,False,False,['attore'],,sportello antiviolenza iris - comacchio,cav/centri antiviolenza,comacchio,ferrara,emilia-romagna,attore
44.614563,11.837071,Sportello Antiviolenza Viola,Argenta,Ferrara,Emilia-Romagna,CAV/Centri Antiviolenza,attore,False,False,True,False,False,False,False,['attore'],,sportello antiviolenza viola,cav/centri antiviolenza,argenta,ferrara,emilia-romagna,attore
44.895286,11.8276,Sportello Antiviolenza NONtiscordardiME,Copparo,Ferrara,Emilia-Romagna,CAV/Centri Antiviolenza,attore,False,False,True,False,False,False,False,['attore'],,sportello antiviolenza nontiscordardime,cav/centri antiviolenza,copparo,ferrara,emilia-romagna,attore
44.885215,11.418472,Sportello Antiviolenza Girasole,Bondeno,Ferrara,Emilia-Romagna,CAV/Centri Antiviolenza,attore,False,False,True,False,False,False,False,['attore'],,sportello antiviolenza girasole,cav/centri antiviolenza,bondeno,ferrara,emilia-romagna,attore
44.836014,11.618744,CAM Centro di Ascolto per Uomini Maltrattanti APS di Ferrara,Ferrara,Ferrara,Emilia-Romagna,"Associazioni che si occupano di programmi di prevenzione, recupero e trattamento per uomini maltrattanti","firmatario, proponente, attore",True,True,True,False,False,False,False,"['firmatario', 'proponente', 'attore']",,cam centro di ascolto per uomini maltrattanti aps di ferrara,"associazioni che si occupano di programmi di prevenzione, recupero e trattamento per uomini maltrattanti",ferrara,ferrara,emilia-romagna,"firmatario, proponente, attore"
44.836014,11.618744,UDI Unione Donne in Italia - Sede di Ferrara,Ferrara,Ferrara,Emilia-Romagna,Ente terzo settore - ETS (iscritto al RUNTS),"firmatario, proponente, attore",True,True,True,False,False,False,False,"['firmatario', 'proponente', 'attore']",,udi unione donne in italia - sede di ferrara,ente terzo settore - ets (iscritto al runts),ferrara,ferrara,emilia-romagna,"firmatario, proponente, attore"
44.836014,11.618744,Ordine degli Avvocati di Ferrara,Ferrara,Ferrara,Emilia-Romagna,Ordine avvocati,"firmatario, proponente, attore",True,True,True,False,False,False,False,"['firmatario', 'proponente', 'attore']",,ordine degli avvocati di ferrara,ordine avvocati,ferrara,ferrara,emilia-romagna,"firmatario, proponente, attore"
44.836014,11.618744,Comitato Pari Opportunità presso l'Ordine degli Avvocati di Ferrara,Ferrara,Ferrara,Emilia-Romagna,Organismi di parità,"firmatario, proponente, attore",True,True,True,False,False,False,False,"['firmatario', 'proponente', 'attore']",,comitato pari opportunità presso l'ordine degli avvocati di ferrara,organismi di parità,ferrara,ferrara,emilia-romagna,"firmatario, proponente, attore"
44.836014,11.618744,Sindacato Confederale CGIL Ferrara,Ferrara,Ferrara,Emilia-Romagna,Sindacati/Associazioni di categoria,"firmatario, proponente, attore",True,True,True,False,False,False,False,"['firmatario', 'proponente', 'attore']",,sindacato confederale cgil ferrara,sindacati/associazioni di categoria,ferrara,ferrara,emilia-romagna,"firmatario, proponente, attore"
44.836014,11.618744,Sindacato Confederale CISL Ferrara,Ferrara,Ferrara,Emilia-Romagna,Sindacati/Associazioni di categoria,"firmatario, proponente, attore",True,True,True,False,False,False,False,"['firmatario', 'proponente', 'attore']",,sindacato confederale cisl ferrara,sindacati/associazioni di categoria,ferrara,ferrara,emilia-romagna,"firmatario, proponente, attore"
44.836014,11.618744,Sindacato Confederale UIL Ferrara,Ferrara,Ferrara,Emilia-Romagna,Sindacati/Associazioni di categoria,"firmatario, proponente, attore",True,True,True,False,False,False,False,"['firmatario', 'proponente', 'attore']",,sindacato confederale uil ferrara,sindacati/associazioni di categoria,ferrara,ferrara,emilia-romagna,"firmatario, proponente, attore"
44.804822,11.830564,"Ufficio Scolastico Regionale per l’Emilia Romagna Ufficio VI, Ambito Territoriale di Ferrara Provinciale",Ferrara,Ferrara,Emilia-Romagna,Scuole/Ufficio scolastico provinciale e regionale,"firmatario, proponente, attore",True,True,True,False,False,False,False,"['firmatario', 'proponente', 'attore']",,"ufficio scolastico regionale per l’emilia romagna ufficio vi, ambito territoriale di ferrara provinciale",scuole/ufficio scolastico provinciale e regionale,ferrara,ferrara,emilia-romagna,"firmatario, proponente, attore"
44.49411,11.341719,Tribunale dei Minori di Bologna,Bologna,Bologna,Emilia-Romagna,Procura Minorile/Tribunale minorile,,False,False,False,False,False,False,False,[],,tribunale dei minori di bologna,procura minorile/tribunale minorile,bologna,bologna,emilia-romagna,
44.060821,12.565231,Avvocati,Rimini,Rimini,Emilia-Romagna,Ordine avvocati,"firmatario, attore",True,False,True,False,False,False,False,"['firmatario', 'attore']",,avvocati,ordine avvocati,rimini,rimini,emilia-romagna,"firmatario, attore"
44.49411,11.341719,Arcidiocesi di Bologna,Bologna,Bologna,Emilia-Romagna,Altro,"firmatario, proponente, attore",True,True,True,False,False,False,False,"['firmatario', 'proponente', 'attore']",,arcidiocesi di bologna,altro,bologna,bologna,emilia-romagna,"firmatario, proponente, attore"
44.49411,11.341719,Associazione MondoDonna Onlus,Bologna,Bologna,Emilia-Romagna,IMPRESE SOCIALI,"firmatario, attore",True,False,True,False,False,False,False,"['firmatario', 'attore']",,associazione mondodonna onlus,imprese sociali,bologna,bologna,emilia-romagna,"firmatario, attore"
44.285523,11.8825,Associazione SOS Donna,Faenza,Ravenna,Emilia-Romagna,ORGANIZZAZIONI DI VOLONTARIATO,"firmatario, attore",True,False,True,False,False,False,False,"['firmatario', 'attore']",,associazione sos donna,organizzazioni di volontariato,faenza,ravenna,emilia-romagna,"firmatario, attore"
44.353061,11.714119,PerLeDonne - Imola,Imola,Bologna,Emilia-Romagna,CAV/Centri Antiviolenza,"firmatario, attore",True,False,True,False,False,False,False,"['firmatario', 'attore']",,perledonne - imola,cav/centri antiviolenza,imola,bologna,emilia-romagna,"firmatario, attore"
44.49411,11.341719,Alleanza delle Cooperative Italiane - Bologna,Bologna,Bologna,Emilia-Romagna,Altro,"firmatario, proponente, attore",True,True,True,False,False,False,False,"['firmatario', 'proponente', 'attore']",,alleanza delle cooperative italiane - bologna,altro,bologna,bologna,emilia-romagna,"firmatario, proponente, attore"
44.49411,11.341719,CNA Bologna,Bologna,Bologna,Emilia-Romagna,Sindacati/Associazioni di categoria,"firmatario, proponente, attore",True,True,True,False,False,False,False,"['firmatario', 'proponente', 'attore']",,cna bologna,sindacati/associazioni di categoria,bologna,bologna,emilia-romagna,"firmatario, proponente, attore"
44.49411,11.341719,Confcommercio ASCOM Bologna,Bologna,Bologna,Emilia-Romagna,Sindacati/Associazioni di categoria,"firmatario, proponente, attore",True,True,True,False,False,False,False,"['firmatario', 'proponente', 'attore']",,confcommercio ascom bologna,sindacati/associazioni di categoria,bologna,bologna,emilia-romagna,"firmatario, proponente, attore"
44.49411,11.341719,Confesercenti Bologna,Bologna,Bologna,Emilia-Romagna,Sindacati/Associazioni di categoria,"firmatario, proponente, attore",True,True,True,False,False,False,False,"['firmatario', 'proponente', 'attore']",,confesercenti bologna,sindacati/associazioni di categoria,bologna,bologna,emilia-romagna,"firmatario, proponente, attore"
44.49411,11.341719,CGIL - Bologna,Bologna,Bologna,Emilia-Romagna,Sindacati/Associazioni di categoria,"firmatario, proponente, attore",True,True,True,False,False,False,False,"['firmatario', 'proponente', 'attore']",,cgil - bologna,sindacati/associazioni di categoria,bologna,bologna,emilia-romagna,"firmatario, proponente, attore"
44.49411,11.341719,UIL - Bologna,Bologna,Bologna,Emilia-Romagna,Sindacati/Associazioni di categoria,"firmatario, proponente, attore",True,True,True,False,False,False,False,"['firmatario', 'proponente', 'attore']",,uil - bologna,sindacati/associazioni di categoria,bologna,bologna,emilia-romagna,"firmatario, proponente, attore"
44.49411,11.341719,Consiglieri di Fiducia del Comune di Bologna,Bologna,Bologna,Emilia-Romagna,Altro,"firmatario, proponente, attore",True,True,True,False,False,False,False,"['firmatario', 'proponente', 'attore']",,consiglieri di fiducia del comune di bologna,altro,bologna,bologna,emilia-romagna,"firmatario, proponente, attore"
44.060821,12.565231,Prefettura di Rimini,Rimini,Rimini,Emilia-Romagna,Prefettura,"firmatario, proponente, attore",True,True,True,False,False,False,False,"['firmatario', 'proponente', 'attore']",,prefettura di rimini,prefettura,rimini,rimini,emilia-romagna,"firmatario, proponente, attore"
43.92776,12.499387,Provincia di Rimini,Rimini,Rimini,Emilia-Romagna,Province/Città metropolitane,"firmatario, attore",True,False,True,False,False,False,False,"['firmatario', 'attore']",,provincia di rimini,province/città metropolitane,rimini,rimini,emilia-romagna,"firmatario, attore"
44.060821,12.565231,Comune di Rimini,Rimini,Rimini,Emilia-Romagna,Comuni,"firmatario, proponente, attore",True,True,True,False,False,False,False,"['firmatario', 'proponente', 'attore']",,comune di rimini,comuni,rimini,rimini,emilia-romagna,"firmatario, proponente, attore"
43.963821,12.744721,Comune di Cattolica,Cattolica,Rimini,Emilia-Romagna,Comuni,"firmatario, attore",True,False,True,False,False,False,False,"['firmatario', 'attore']",,comune di cattolica,comuni,cattolica,rimini,emilia-romagna,"firmatario, attore"
43.96437,12.602582,Comune di Coriano,Coriano,Rimini,Emilia-Romagna,Comuni,"firmatario, attore",True,False,True,False,False,False,False,"['firmatario', 'attore']",,comune di coriano,comuni,coriano,rimini,emilia-romagna,"firmatario, attore"
43.904273,12.58286,Comune di Gemmano,Gemmano,Rimini,Emilia-Romagna,Comuni,attore,False,False,True,False,False,False,False,['attore'],,comune di gemmano,comuni,gemmano,rimini,emilia-romagna,attore
43.973332,12.693278,Comune di Misano Adriatico,Misano Adriatico,Rimini,Emilia-Romagna,Comuni,"firmatario, attore",True,False,True,False,False,False,False,"['firmatario', 'attore']",,comune di misano adriatico,comuni,misano adriatico,rimini,emilia-romagna,"firmatario, attore"
43.855975,12.671375,Comune di Mondaino,Mondaino,Rimini,Emilia-Romagna,Comuni,attore,False,False,True,False,False,False,False,['attore'],,comune di mondaino,comuni,mondaino,rimini,emilia-romagna,attore
43.890719,12.610519,Comune di Montefiore Conca,Montefiore Conca,Rimini,Emilia-Romagna,Comuni,attore,False,False,True,False,False,False,False,['attore'],,comune di montefiore conca,comuni,montefiore conca,rimini,emilia-romagna,attore
44.531545,11.007048,Comune di Montescudo - Montecolombo,Montescudo-Montecolombo,Rimini,Emilia-Romagna,Comuni,"firmatario, attore",True,False,True,False,False,False,False,"['firmatario', 'attore']",,comune di montescudo - montecolombo,comuni,montescudo-montecolombo,rimini,emilia-romagna,"firmatario, attore"
43.859014,12.689167,Comune di Montegridolfo,Montegridolfo,Rimini,Emilia-Romagna,Comuni,attore,False,False,True,False,False,False,False,['attore'],,comune di montegridolfo,comuni,montegridolfo,rimini,emilia-romagna,attore
43.913698,12.645945,Comune di Morciano di Romagna,Morciano Di Romagna,Rimini,Emilia-Romagna,Comuni,"firmatario, attore",True,False,True,False,False,False,False,"['firmatario', 'attore']",,comune di morciano di romagna,comuni,morciano di romagna,rimini,emilia-romagna,"firmatario, attore"
43.895893,12.2903,Comune di Novafeltria,Novafeltria,Rimini,Emilia-Romagna,Comuni,"firmatario, attore",True,False,True,False,False,False,False,"['firmatario', 'attore']",,comune di novafeltria,comuni,novafeltria,rimini,emilia-romagna,"firmatario, attore"
44.000008,12.65508,Comune di Riccione,Riccione,Rimini,Emilia-Romagna,Comuni,"firmatario, attore",True,False,True,False,False,False,False,"['firmatario', 'attore']",,comune di riccione,comuni,riccione,rimini,emilia-romagna,"firmatario, attore"
43.872657,12.668932,Comune di Saludecio,Saludecio,Rimini,Emilia-Romagna,Comuni,attore,False,False,True,False,False,False,False,['attore'],,comune di saludecio,comuni,saludecio,rimini,emilia-romagna,attore
43.93223,12.625603,Comune di San Clemente,San Clemente,Rimini,Emilia-Romagna,Comuni,"firmatario, attore",True,False,True,False,False,False,False,"['firmatario', 'attore']",,comune di san clemente,comuni,san clemente,rimini,emilia-romagna,"firmatario, attore"
43.939304,12.713612,Comune di San Giovanni in Marignano,San Giovanni In Marignano,Rimini,Emilia-Romagna,Comuni,"firmatario, attore",True,False,True,False,False,False,False,"['firmatario', 'attore']",,comune di san giovanni in marignano,comuni,san giovanni in marignano,rimini,emilia-romagna,"firmatario, attore"
44.062876,12.447022,Comune di Santarcangelo di Romagna,Santarcangelo Di Romagna,Rimini,Emilia-Romagna,Comuni,"firmatario, attore",True,False,True,False,False,False,False,"['firmatario', 'attore']",,comune di santarcangelo di romagna,comuni,santarcangelo di romagna,rimini,emilia-romagna,"firmatario, attore"
43.98369,12.421381,Comune di Verucchio,Verucchio,Rimini,Emilia-Romagna,Comuni,"firmatario, attore",True,False,True,False,False,False,False,"['firmatario', 'attore']",,comune di verucchio,comuni,verucchio,rimini,emilia-romagna,"firmatario, attore"
44.060821,12.565231,Azienda Unita Sanitaria Locale della Romagna,Rimini,Rimini,Emilia-Romagna,ASL (consultori familiari e altri servizi territoriali),"firmatario, attore",True,False,True,False,False,False,False,"['firmatario', 'attore']",,azienda unita sanitaria locale della romagna,asl (consultori familiari e altri servizi territoriali),rimini,rimini,emilia-romagna,"firmatario, attore"
44.060821,12.565231,Centro Antiviolenza del Comune di Rimini “Rompi il silenzio”,Rimini,Rimini,Emilia-Romagna,CAV/Centri Antiviolenza,"firmatario, attore",True,False,True,False,False,False,False,"['firmatario', 'attore']",,centro antiviolenza del comune di rimini “rompi il silenzio”,cav/centri antiviolenza,rimini,rimini,emilia-romagna,"firmatario, attore"
44.000008,12.65508,Centro Antiviolenza distrettuale di Riccione “CHIAMA ChiAMA”,Riccione,Rimini,Emilia-Romagna,CAV/Centri Antiviolenza,"firmatario, attore",True,False,True,False,False,False,False,"['firmatario', 'attore']",,centro antiviolenza distrettuale di riccione “chiama chiama”,cav/centri antiviolenza,riccione,rimini,emilia-romagna,"firmatario, attore"
44.060821,12.565231,Ufficio Esecuzione Penale Esterna di Rimini,Rimini,Rimini,Emilia-Romagna,Altro,"firmatario, attore",True,False,True,False,False,False,False,"['firmatario', 'attore']",,ufficio esecuzione penale esterna di rimini,altro,rimini,rimini,emilia-romagna,"firmatario, attore"
44.060821,12.565231,Casa Circondariale di Rimini,Rimini,Rimini,Emilia-Romagna,Altro,"firmatario, attore",True,False,True,False,False,False,False,"['firmatario', 'attore']",,casa circondariale di rimini,altro,rimini,rimini,emilia-romagna,"firmatario, attore"
44.060821,12.565231,Questura di Rimini,Rimini,Rimini,Emilia-Romagna,Questura,"firmatario, attore",True,False,True,False,False,False,False,"['firmatario', 'attore']",,questura di rimini,questura,rimini,rimini,emilia-romagna,"firmatario, attore"
43.92776,12.499387,Comando Provinciale dei Carabinieri di Rimini,Rimini,Rimini,Emilia-Romagna,Carabinieri/Polizia/altre forze dell'ordine,"firmatario, attore",True,False,True,False,False,False,False,"['firmatario', 'attore']",,comando provinciale dei carabinieri di rimini,carabinieri/polizia/altre forze dell'ordine,rimini,rimini,emilia-romagna,"firmatario, attore"
43.92776,12.499387,Consigliera di Parita della Provincia di Rimini,Rimini,Rimini,Emilia-Romagna,Organismi di parità,"firmatario, attore",True,False,True,False,False,False,False,"['firmatario', 'attore']",,consigliera di parita della provincia di rimini,organismi di parità,rimini,rimini,emilia-romagna,"firmatario, attore"
44.060821,12.565231,Presidenza del Tribunale di Rimini,Rimini,Rimini,Emilia-Romagna,Procura Ordinaria/Tribunale/Corte d'appello,"firmatario, attore",True,False,True,False,False,False,False,"['firmatario', 'attore']",,presidenza del tribunale di rimini,procura ordinaria/tribunale/corte d'appello,rimini,rimini,emilia-romagna,"firmatario, attore"
44.060821,12.565231,Procura della Repubblica presso il Tribunale di Rimini,Rimini,Rimini,Emilia-Romagna,Procura Ordinaria/Tribunale/Corte d'appello,"firmatario, attore",True,False,True,False,False,False,False,"['firmatario', 'attore']",,procura della repubblica presso il tribunale di rimini,procura ordinaria/tribunale/corte d'appello,rimini,rimini,emilia-romagna,"firmatario, attore"
44.060821,12.565231,Direzione della Casa Circondariale di Rimini,Rimini,Rimini,Emilia-Romagna,Altro,"firmatario, attore",True,False,True,False,False,False,False,"['firmatario', 'attore']",,direzione della casa circondariale di rimini,altro,rimini,rimini,emilia-romagna,"firmatario, attore"
44.060821,12.565231,Campus di Rimini,Rimini,Rimini,Emilia-Romagna,Università,"firmatario, attore",True,False,True,False,False,False,False,"['firmatario', 'attore']",,campus di rimini,università,rimini,rimini,emilia-romagna,"firmatario, attore"
44.222794,12.040222,Procura della Repubblica di Forli,Forlì,Forlì-Cesena,Emilia-Romagna,Procura Ordinaria/Tribunale/Corte d'appello,"firmatario, attore",True,False,True,False,False,False,False,"['firmatario', 'attore']",,procura della repubblica di forli,procura ordinaria/tribunale/corte d'appello,forlì,forlì-cesena,emilia-romagna,"firmatario, attore"
44.222794,12.040222,Comune di Forli,Forli,Forlì-Cesena,Emilia-Romagna,Comuni,"firmatario, proponente, attore",True,True,True,False,False,False,False,"['firmatario', 'proponente', 'attore']",,comune di forli,comuni,forli,forlì-cesena,emilia-romagna,"firmatario, proponente, attore"
44.136257,12.241918,Comune di Cesena,Cesena,Forlì-Cesena,Emilia-Romagna,Comuni,"firmatario, proponente, attore",True,True,True,False,False,False,False,"['firmatario', 'proponente', 'attore']",,comune di cesena,comuni,cesena,forlì-cesena,emilia-romagna,"firmatario, proponente, attore"
44.062228,12.099129,Unione Rubicone e Mare,,Forlì-Cesena,Emilia-Romagna,Unione dei Comuni,"firmatario, attore",True,False,True,False,False,False,False,"['firmatario', 'attore']",,unione rubicone e mare,unione dei comuni,,forlì-cesena,emilia-romagna,"firmatario, attore"
44.222794,12.040222,Centro Donna del Comune di Forli,Forli,Forlì-Cesena,Emilia-Romagna,CAV/Centri Antiviolenza,"firmatario, attore",True,False,True,False,False,False,False,"['firmatario', 'attore']",,centro donna del comune di forli,cav/centri antiviolenza,forli,forlì-cesena,emilia-romagna,"firmatario, attore"
44.136257,12.241918,Centro Donna del Comune di Cesena,Cesena,Forlì-Cesena,Emilia-Romagna,CAV/Centri Antiviolenza,"firmatario, attore",True,False,True,False,False,False,False,"['firmatario', 'attore']",,centro donna del comune di cesena,cav/centri antiviolenza,cesena,forlì-cesena,emilia-romagna,"firmatario, attore"
44.199672,12.395312,Centro Donna del Comune di Cesenatico,Cesenatico,Forlì-Cesena,Emilia-Romagna,CAV/Centri Antiviolenza,"firmatario, attore",True,False,True,False,False,False,False,"['firmatario', 'attore']",,centro donna del comune di cesenatico,cav/centri antiviolenza,cesenatico,forlì-cesena,emilia-romagna,"firmatario, attore"
44.285523,11.8825,SOS Donna,Faenza,Ravenna,Emilia-Romagna,CAV/Centri Antiviolenza,"attore, gestione",False,False,True,True,False,False,True,"['attore', 'gestione']",gestione,sos donna,cav/centri antiviolenza,faenza,ravenna,emilia-romagna,"attore, gestione"
44.060821,12.565231,Rompi il silenzio ONLUS,Rimini,Rimini,Emilia-Romagna,CAV/Centri Antiviolenza,"attore, gestione",False,False,True,True,False,False,True,"['attore', 'gestione']",gestione,rompi il silenzio onlus,cav/centri antiviolenza,rimini,rimini,emilia-romagna,"attore, gestione"
44.136257,12.241918,Associazione Mater Caritatis,Cesena,Forlì-Cesena,Emilia-Romagna,ASSOCIAZIONI DI PROMOZIONE SOCIALE,"attore, gestione",False,False,True,True,False,False,True,"['attore', 'gestione']",gestione,associazione mater caritatis,associazioni di promozione sociale,cesena,forlì-cesena,emilia-romagna,"attore, gestione"
44.136257,12.241918,Associazione Grazia e Pace,Cesena,Forlì-Cesena,Emilia-Romagna,ORGANIZZAZIONI DI VOLONTARIATO,"attore, gestione",False,False,True,True,False,False,True,"['attore', 'gestione']",gestione,associazione grazia e pace,organizzazioni di volontariato,cesena,forlì-cesena,emilia-romagna,"attore, gestione"
44.136257,12.241918,Associazione Centro di Aiuto alla Vita di Cesena,Cesena,Forlì-Cesena,Emilia-Romagna,ORGANIZZAZIONI DI VOLONTARIATO,"firmatario, attore",True,False,True,False,False,False,False,"['firmatario', 'attore']",,associazione centro di aiuto alla vita di cesena,organizzazioni di volontariato,cesena,forlì-cesena,emilia-romagna,"firmatario, attore"
44.136257,12.241918,Forum delle Donne di Cesena,Cesena,Forlì-Cesena,Emilia-Romagna,CAV/Centri Antiviolenza,"firmatario, attore",True,False,True,False,False,False,False,"['firmatario', 'attore']",,forum delle donne di cesena,cav/centri antiviolenza,cesena,forlì-cesena,emilia-romagna,"firmatario, attore"
44.645992,10.926368,Università di Modena,Modena,Modena,Emilia-Romagna,Università,,False,False,False,False,False,False,False,[],,università di modena,università,modena,modena,emilia-romagna,
44.645992,10.926368,Prefettura di Modena,Modena,Modena,Emilia-Romagna,Prefettura,"firmatario, proponente, attore",True,True,True,False,False,False,False,"['firmatario', 'proponente', 'attore']",,prefettura di modena,prefettura,modena,modena,emilia-romagna,"firmatario, proponente, attore"
44.547885,10.902517,Provincia di Modena,Modena,Modena,Emilia-Romagna,Province/Città metropolitane,"firmatario, proponente, attore",True,True,True,False,False,False,False,"['firmatario', 'proponente', 'attore']",,provincia di modena,province/città metropolitane,modena,modena,emilia-romagna,"firmatario, proponente, attore"
44.645992,10.926368,Comune di Modena,Modena,Modena,Emilia-Romagna,Comuni,"firmatario, proponente, attore",True,True,True,False,False,False,False,"['firmatario', 'proponente', 'attore']",,comune di modena,comuni,modena,modena,emilia-romagna,"firmatario, proponente, attore"
44.645992,10.926368,Questura di Modena,Modena,Modena,Emilia-Romagna,Questura,"firmatario, attore",True,False,True,False,False,False,False,"['firmatario', 'attore']",,questura di modena,questura,modena,modena,emilia-romagna,"firmatario, attore"
44.547885,10.902517,Comando Provinciale dei Carabinieri di Modena,Modena,Modena,Emilia-Romagna,Carabinieri/Polizia/altre forze dell'ordine,"firmatario, attore",True,False,True,False,False,False,False,"['firmatario', 'attore']",,comando provinciale dei carabinieri di modena,carabinieri/polizia/altre forze dell'ordine,modena,modena,emilia-romagna,"firmatario, attore"
44.547885,10.902517,MIUR - Ufficio Scolastico Regionale per l'Emilia Romagna - Ufficio VIII Ambito Territoriale per la provincia di Modena,Modena,Modena,Emilia-Romagna,Scuole/Ufficio scolastico provinciale e regionale,"firmatario, proponente, attore",True,True,True,False,False,False,False,"['firmatario', 'proponente', 'attore']",,miur - ufficio scolastico regionale per l'emilia romagna - ufficio viii ambito territoriale per la provincia di modena,scuole/ufficio scolastico provinciale e regionale,modena,modena,emilia-romagna,"firmatario, proponente, attore"
44.547885,10.902517,Unione dei Comuni del Distretto Ceramico,,Modena,Emilia-Romagna,Unione dei Comuni,"firmatario, attore",True,False,True,False,False,False,False,"['firmatario', 'attore']",,unione dei comuni del distretto ceramico,unione dei comuni,,modena,emilia-romagna,"firmatario, attore"
44.547885,10.902517,Unione delle Terre d'Argine,,Modena,Emilia-Romagna,Unione dei Comuni,"firmatario, attore",True,False,True,False,False,False,False,"['firmatario', 'attore']",,unione delle terre d'argine,unione dei comuni,,modena,emilia-romagna,"firmatario, attore"
44.547885,10.902517,Unione Comuni del Sorbara,,Modena,Emilia-Romagna,Unione dei Comuni,"firmatario, attore",True,False,True,False,False,False,False,"['firmatario', 'attore']",,unione comuni del sorbara,unione dei comuni,,modena,emilia-romagna,"firmatario, attore"
44.547885,10.902517,Unione Terre di Castelli,,Modena,Emilia-Romagna,Unione dei Comuni,"firmatario, attore",True,False,True,False,False,False,False,"['firmatario', 'attore']",,unione terre di castelli,unione dei comuni,,modena,emilia-romagna,"firmatario, attore"
44.547885,10.902517,Unione dei Comuni del Frignano,,Modena,Emilia-Romagna,Unione dei Comuni,"firmatario, attore",True,False,True,False,False,False,False,"['firmatario', 'attore']",,unione dei comuni del frignano,unione dei comuni,,modena,emilia-romagna,"firmatario, attore"
44.540235,10.78267,Comune di Sassuolo,Sassuolo,Modena,Emilia-Romagna,Comuni,"firmatario, attore",True,False,True,False,False,False,False,"['firmatario', 'attore']",,comune di sassuolo,comuni,sassuolo,modena,emilia-romagna,"firmatario, attore"
44.53908,10.81142,Comune di Fiorano Modenese,Fiorano Modenese,Modena,Emilia-Romagna,Comuni,"firmatario, attore",True,False,True,False,False,False,False,"['firmatario', 'attore']",,comune di fiorano modenese,comuni,fiorano modenese,modena,emilia-romagna,"firmatario, attore"
44.525114,10.867448,Comune di Maranello,Maranello,Modena,Emilia-Romagna,Comuni,"firmatario, attore",True,False,True,False,False,False,False,"['firmatario', 'attore']",,comune di maranello,comuni,maranello,modena,emilia-romagna,"firmatario, attore"
44.575975,10.840189,Comune di Formigine,Formigine,Modena,Emilia-Romagna,Comuni,"firmatario, attore",True,False,True,False,False,False,False,"['firmatario', 'attore']",,comune di formigine,comuni,formigine,modena,emilia-romagna,"firmatario, attore"
44.267456,10.940366,Comune di Montese,Montese,Modena,Emilia-Romagna,Comuni,"firmatario, attore",True,False,True,False,False,False,False,"['firmatario', 'attore']",,comune di montese,comuni,montese,modena,emilia-romagna,"firmatario, attore"
44.596287,11.053199,Città di Castelfranco Emilia,Castelfranco Emilia,Modena,Emilia-Romagna,Comuni,"firmatario, attore",True,False,True,False,False,False,False,"['firmatario', 'attore']",,città di castelfranco emilia,comuni,castelfranco emilia,modena,emilia-romagna,"firmatario, attore"
44.561485,11.033888,Comune di San Cesario sul Panaro,San Cesario Sul Panaro,Modena,Emilia-Romagna,Comuni,"firmatario, attore",True,False,True,False,False,False,False,"['firmatario', 'attore']",,comune di san cesario sul panaro,comuni,san cesario sul panaro,modena,emilia-romagna,"firmatario, attore"
44.645992,10.926368,Azienda Unita Sanitaria Locale di Modena,Modena,Modena,Emilia-Romagna,ASL (consultori familiari e altri servizi territoriali),"firmatario, attore",True,False,True,False,False,False,False,"['firmatario', 'attore']",,azienda unita sanitaria locale di modena,asl (consultori familiari e altri servizi territoriali),modena,modena,emilia-romagna,"firmatario, attore"
44.645992,10.926368,Azienda Ospedaliero - Universitaria Policlinico di Modena,Modena,Modena,Emilia-Romagna,"Ospedale (Pronto soccorso, ecc.)","firmatario, attore",True,False,True,False,False,False,False,"['firmatario', 'attore']",,azienda ospedaliero - universitaria policlinico di modena,"ospedale (pronto soccorso, ecc.)",modena,modena,emilia-romagna,"firmatario, attore"
44.547885,10.902517,Consigliera di parità della Provincia di Modena,Modena,Modena,Emilia-Romagna,Organismi di parità,"firmatario, proponente, attore",True,True,True,False,False,False,False,"['firmatario', 'proponente', 'attore']",,consigliera di parità della provincia di modena,organismi di parità,modena,modena,emilia-romagna,"firmatario, proponente, attore"
44.645992,10.926368,Associazione Gruppo Donne e Giustizia,Modena,Modena,Emilia-Romagna,ORGANIZZAZIONI DI VOLONTARIATO,"firmatario, attore",True,False,True,False,False,False,False,"['firmatario', 'attore']",,associazione gruppo donne e giustizia,organizzazioni di volontariato,modena,modena,emilia-romagna,"firmatario, attore"
44.645992,10.926368,Casa delle donne contro la violenza Centro antiviolenza onlus,Modena,Modena,Emilia-Romagna,CAV/Centri Antiviolenza,"firmatario, attore",True,False,True,False,False,False,False,"['firmatario', 'attore']",,casa delle donne contro la violenza centro antiviolenza onlus,cav/centri antiviolenza,modena,modena,emilia-romagna,"firmatario, attore"
44.645992,10.926368,Guardia di Finanza di Modena,Modena,Modena,Emilia-Romagna,Carabinieri/Polizia/altre forze dell'ordine,"firmatario, attore",True,False,True,False,False,False,False,"['firmatario', 'attore']",,guardia di finanza di modena,carabinieri/polizia/altre forze dell'ordine,modena,modena,emilia-romagna,"firmatario, attore"
44.547885,10.902517,Ufficio scolastico provinciale di Modena,Modena,Modena,Emilia-Romagna,Scuole/Ufficio scolastico provinciale e regionale,"firmatario, attore",True,False,True,False,False,False,False,"['firmatario', 'attore']",,ufficio scolastico provinciale di modena,scuole/ufficio scolastico provinciale e regionale,modena,modena,emilia-romagna,"firmatario, attore"
44.373637,11.911338,Unione dei Comuni della Bassa Romagna,,Ravenna,Emilia-Romagna,Unione dei Comuni,"firmatario, attore",True,False,True,False,False,False,False,"['firmatario', 'attore']",,unione dei comuni della bassa romagna,unione dei comuni,,ravenna,emilia-romagna,"firmatario, attore"
44.373637,11.911338,Unione dei Comuni della Romagna Faentina,,Ravenna,Emilia-Romagna,Unione dei Comuni,"firmatario, attore",True,False,True,False,False,False,False,"['firmatario', 'attore']",,unione dei comuni della romagna faentina,unione dei comuni,,ravenna,emilia-romagna,"firmatario, attore"
44.417322,12.199113,Comune di Ravenna,Ravenna,Ravenna,Emilia-Romagna,Comuni,"firmatario, attore",True,False,True,False,False,False,False,"['firmatario', 'attore']",,comune di ravenna,comuni,ravenna,ravenna,emilia-romagna,"firmatario, attore"
44.261059,12.349826,Comune di Cervia,Cervia,Ravenna,Emilia-Romagna,Comuni,attore,False,False,True,False,False,False,False,['attore'],,comune di cervia,comuni,cervia,ravenna,emilia-romagna,attore
44.372393,12.0329,Comune di Russi,Russi,Ravenna,Emilia-Romagna,Comuni,attore,False,False,True,False,False,False,False,['attore'],,comune di russi,comuni,russi,ravenna,emilia-romagna,attore
44.42103,11.911668,Associazione di volontariato DEMETRA DONNE IN AIUTO ODV,Lugo,Ravenna,Emilia-Romagna,CAV/Centri Antiviolenza,"firmatario, attore, gestione",True,False,True,True,False,False,True,"['firmatario', 'attore', 'gestione']",gestione,associazione di volontariato demetra donne in aiuto odv,cav/centri antiviolenza,lugo,ravenna,emilia-romagna,"firmatario, attore, gestione"
44.285523,11.8825,Associazione di volontariato SOS DONNA ODV,Faenza,Ravenna,Emilia-Romagna,CAV/Centri Antiviolenza,"firmatario, attore, gestione",True,False,True,True,False,False,True,"['firmatario', 'attore', 'gestione']",gestione,associazione di volontariato sos donna odv,cav/centri antiviolenza,faenza,ravenna,emilia-romagna,"firmatario, attore, gestione"
44.417322,12.199113,Associazione di volontariato LINEA ROSA ODV,Ravenna,Ravenna,Emilia-Romagna,CAV/Centri Antiviolenza,"firmatario, attore, gestione",True,False,True,True,False,False,True,"['firmatario', 'attore', 'gestione']",gestione,associazione di volontariato linea rosa odv,cav/centri antiviolenza,ravenna,ravenna,emilia-romagna,"firmatario, attore, gestione"
44.417322,12.199113,Distretto Sanitario di Ravenna,Ravenna,Ravenna,Emilia-Romagna,ASL (consultori familiari e altri servizi territoriali),"firmatario, attore",True,False,True,False,False,False,False,"['firmatario', 'attore']",,distretto sanitario di ravenna,asl (consultori familiari e altri servizi territoriali),ravenna,ravenna,emilia-romagna,"firmatario, attore"
44.285523,11.8825,Distretto Sanitario di Faenza,Faenza,Ravenna,Emilia-Romagna,ASL (consultori familiari e altri servizi territoriali),,False,False,False,False,False,False,False,[],,distretto sanitario di faenza,asl (consultori familiari e altri servizi territoriali),faenza,ravenna,emilia-romagna,
44.42103,11.911668,Distretto Sanitario di Lugo,Lugo,Ravenna,Emilia-Romagna,ASL (consultori familiari e altri servizi territoriali),,False,False,False,False,False,False,False,[],,distretto sanitario di lugo,asl (consultori familiari e altri servizi territoriali),lugo,ravenna,emilia-romagna,
45.051961,9.692672,Prefettura - Ufficio territoriale del Governo di Piacenza,Piacenza,Piacenza,Emilia-Romagna,Prefettura,"firmatario, proponente, attore",True,True,True,False,False,False,False,"['firmatario', 'proponente', 'attore']",,prefettura - ufficio territoriale del governo di piacenza,prefettura,piacenza,piacenza,emilia-romagna,"firmatario, proponente, attore"
45.051961,9.692672,Procura della Repubblica di Piacenza,Piacenza,Piacenza,Emilia-Romagna,Procura Ordinaria/Tribunale/Corte d'appello,"firmatario, attore",True,False,True,False,False,False,False,"['firmatario', 'attore']",,procura della repubblica di piacenza,procura ordinaria/tribunale/corte d'appello,piacenza,piacenza,emilia-romagna,"firmatario, attore"
44.909049,9.645028,Provincia di Piacenza,Piacenza,Piacenza,Emilia-Romagna,Province/Città metropolitane,"firmatario, attore",True,False,True,False,False,False,False,"['firmatario', 'attore']",,provincia di piacenza,province/città metropolitane,piacenza,piacenza,emilia-romagna,"firmatario, attore"
45.051961,9.692672,Comune di Piacenza,Piacenza,Piacenza,Emilia-Romagna,Comuni,"firmatario, proponente, attore",True,True,True,False,False,False,False,"['firmatario', 'proponente', 'attore']",,comune di piacenza,comuni,piacenza,piacenza,emilia-romagna,"firmatario, proponente, attore"
45.051961,9.692672,Questura di Piacenza,Piacenza,Piacenza,Emilia-Romagna,Questura,"firmatario, attore",True,False,True,False,False,False,False,"['firmatario', 'attore']",,questura di piacenza,questura,piacenza,piacenza,emilia-romagna,"firmatario, attore"
45.051961,9.692672,Banca d'Italia Filiale di Piacenza,Piacenza,Piacenza,Emilia-Romagna,Altro,"firmatario, attore",True,False,True,False,False,False,False,"['firmatario', 'attore']",,banca d'italia filiale di piacenza,altro,piacenza,piacenza,emilia-romagna,"firmatario, attore"
45.051961,9.692672,AUSL Piacenza,Piacenza,Piacenza,Emilia-Romagna,ASL (consultori familiari e altri servizi territoriali),"firmatario, attore",True,False,True,False,False,False,False,"['firmatario', 'attore']",,ausl piacenza,asl (consultori familiari e altri servizi territoriali),piacenza,piacenza,emilia-romagna,"firmatario, attore"
45.051961,9.692672,Azienda Unita Sanitaria Locale di Piacenza,Piacenza,Piacenza,Emilia-Romagna,ASL (consultori familiari e altri servizi territoriali),"firmatario, attore",True,False,True,False,False,False,False,"['firmatario', 'attore']",,azienda unita sanitaria locale di piacenza,asl (consultori familiari e altri servizi territoriali),piacenza,piacenza,emilia-romagna,"firmatario, attore"
44.909049,9.645028,Ambito territoriale per la provincia di Piacenza,Piacenza,Piacenza,Emilia-Romagna,Scuole/Ufficio scolastico provinciale e regionale,"firmatario, attore",True,False,True,False,False,False,False,"['firmatario', 'attore']",,ambito territoriale per la provincia di piacenza,scuole/ufficio scolastico provinciale e regionale,piacenza,piacenza,emilia-romagna,"firmatario, attore"
45.051961,9.692672,Centro Antiviolenza Piacenza “Ass. La Citta delle Donne o.d.v.”,Piacenza,Piacenza,Emilia-Romagna,CAV/Centri Antiviolenza,"firmatario, attore",True,False,True,False,False,False,False,"['firmatario', 'attore']",,centro antiviolenza piacenza “ass. la citta delle donne o.d.v.”,cav/centri antiviolenza,piacenza,piacenza,emilia-romagna,"firmatario, attore"
45.051961,9.692672,Centro Antiviolenza La Citta delle Donne o.d.v.,Piacenza,Piacenza,Emilia-Romagna,CAV/Centri Antiviolenza,attore,False,False,True,False,False,False,False,['attore'],,centro antiviolenza la citta delle donne o.d.v.,cav/centri antiviolenza,piacenza,piacenza,emilia-romagna,attore
44.928545,9.907593,Comune di Fiorenzuola d'Arda,Fiorenzuola D'Arda,Piacenza,Emilia-Romagna,Comuni,"firmatario, proponente, attore",True,True,True,False,False,False,False,"['firmatario', 'proponente', 'attore']",,comune di fiorenzuola d'arda,comuni,fiorenzuola d'arda,piacenza,emilia-romagna,"firmatario, proponente, attore"
45.05852,9.43407,Comune di Castel San Giovanni,Castel San Giovanni,Piacenza,Emilia-Romagna,Comuni,"firmatario, proponente, attore",True,True,True,False,False,False,False,"['firmatario', 'proponente', 'attore']",,comune di castel san giovanni,comuni,castel san giovanni,piacenza,emilia-romagna,"firmatario, proponente, attore"
45.051961,9.692672,Azienda USL di Piacenza,Piacenza,Piacenza,Emilia-Romagna,ASL (consultori familiari e altri servizi territoriali),"firmatario, proponente, attore",True,True,True,False,False,False,False,"['firmatario', 'proponente', 'attore']",,azienda usl di piacenza,asl (consultori familiari e altri servizi territoriali),piacenza,piacenza,emilia-romagna,"firmatario, proponente, attore"
45.051961,9.692672,Centro Antiviolenza Telefono Rosa Piacenza - Associazione La Città delle Donne - ODV Piacenza,Piacenza,Piacenza,Emilia-Romagna,CAV/Centri Antiviolenza,"firmatario, proponente, attore, coordinamento",True,True,True,False,False,True,True,"['firmatario', 'proponente', 'attore', 'coordinamento']",coordinamento,centro antiviolenza telefono rosa piacenza - associazione la città delle donne - odv piacenza,cav/centri antiviolenza,piacenza,piacenza,emilia-romagna,"firmatario, proponente, attore, coordinamento"
45.051961,9.692672,ASP Città di Piacenza,Piacenza,Piacenza,Emilia-Romagna,Altro,"firmatario, proponente, attore",True,True,True,False,False,False,False,"['firmatario', 'proponente', 'attore']",,asp città di piacenza,altro,piacenza,piacenza,emilia-romagna,"firmatario, proponente, attore"
44.909049,9.645028,Ufficio di Presidenza della Conferenza Territoriale Sociale e Sanitaria (CTSS) della Provincia di Piacenza,Piacenza,Piacenza,Emilia-Romagna,Altro,"firmatario, proponente, attore",True,True,True,False,False,False,False,"['firmatario', 'proponente', 'attore']",,ufficio di presidenza della conferenza territoriale sociale e sanitaria (ctss) della provincia di piacenza,altro,piacenza,piacenza,emilia-romagna,"firmatario, proponente, attore"
44.909049,9.645028,Provincia di Piacenza,Piacenza,Piacenza,Emilia-Romagna,Province/Città metropolitane,"firmatario, proponente, attore",True,True,True,False,False,False,False,"['firmatario', 'proponente', 'attore']",,provincia di piacenza,province/città metropolitane,piacenza,piacenza,emilia-romagna,"firmatario, proponente, attore"
45.051961,9.692672,Comune di Piacenza,Piacenza,Piacenza,Emilia-Romagna,Comuni,"proponente, attore",False,True,True,False,False,False,False,"['proponente', 'attore']",,comune di piacenza,comuni,piacenza,piacenza,emilia-romagna,"proponente, attore"
44.909049,9.645028,Provincia di Piacenza,Piacenza,Piacenza,Emilia-Romagna,Province/Città metropolitane,"proponente, attore",False,True,True,False,False,False,False,"['proponente', 'attore']",,provincia di piacenza,province/città metropolitane,piacenza,piacenza,emilia-romagna,"proponente, attore"
44.909049,9.645028,Consigliera di parità della Provincia di Piacenza,Piacenza,Piacenza,Emilia-Romagna,Organismi di parità,"proponente, attore",False,True,True,False,False,False,False,"['proponente', 'attore']",,consigliera di parità della provincia di piacenza,organismi di parità,piacenza,piacenza,emilia-romagna,"proponente, attore"
45.051961,9.692672,Coordinamento Donne UIL Emilia Romagna sede di Piacenza,Piacenza,Piacenza,Emilia-Romagna,Sindacati/Associazioni di categoria,"proponente, attore",False,True,True,False,False,False,False,"['proponente', 'attore']",,coordinamento donne uil emilia romagna sede di piacenza,sindacati/associazioni di categoria,piacenza,piacenza,emilia-romagna,"proponente, attore"
45.051961,9.692672,Prefettura di Piacenza,Piacenza,Piacenza,Emilia-Romagna,Prefettura,"proponente, attore",False,True,True,False,False,False,False,"['proponente', 'attore']",,prefettura di piacenza,prefettura,piacenza,piacenza,emilia-romagna,"proponente, attore"
45.051961,9.692672,A.U.S.L. di Piacenza,Piacenza,Piacenza,Emilia-Romagna,ASL (consultori familiari e altri servizi territoriali),"proponente, attore",False,True,True,False,False,False,False,"['proponente', 'attore']",,a.u.s.l. di piacenza,asl (consultori familiari e altri servizi territoriali),piacenza,piacenza,emilia-romagna,"proponente, attore"
45.051961,9.692672,Ispettorato territoriale del lavoro di Piacenza,Piacenza,Piacenza,Emilia-Romagna,Altro,"proponente, attore",False,True,True,False,False,False,False,"['proponente', 'attore']",,ispettorato territoriale del lavoro di piacenza,altro,piacenza,piacenza,emilia-romagna,"proponente, attore"
45.051961,9.692672,Agenzia per il lavoro di Piacenza,Piacenza,Piacenza,Emilia-Romagna,Altro,"proponente, attore",False,True,True,False,False,False,False,"['proponente', 'attore']",,agenzia per il lavoro di piacenza,altro,piacenza,piacenza,emilia-romagna,"proponente, attore"
44.547885,10.902517,Provincia di Modena,Modena,Modena,Emilia-Romagna,Province/Città metropolitane,attore,False,False,True,False,False,False,False,['attore'],,provincia di modena,province/città metropolitane,modena,modena,emilia-romagna,attore
44.886896,11.053963,Comune di Mirandola,Mirandola,Modena,Emilia-Romagna,Comuni,attore,False,False,True,False,False,False,False,['attore'],,comune di mirandola,comuni,mirandola,modena,emilia-romagna,attore
44.547885,10.902517,Unione dei Comuni Modenesi Area Nord,,Modena,Emilia-Romagna,Unione dei Comuni,"attore, gestione",False,False,True,True,False,False,True,"['attore', 'gestione']",gestione,unione dei comuni modenesi area nord,unione dei comuni,,modena,emilia-romagna,"attore, gestione"
44.547885,10.902517,Servizio di Pronto Intervento Emergenza Minori della Provincia di Modena,Modena,Modena,Emilia-Romagna,Altro,attore,False,False,True,False,False,False,False,['attore'],,servizio di pronto intervento emergenza minori della provincia di modena,altro,modena,modena,emilia-romagna,attore
44.835928,11.0298,Polizia Municipale Comune di Cavezzo,Cavezzo,Modena,Emilia-Romagna,Polizia Municipale,attore,False,False,True,False,False,False,False,['attore'],,polizia municipale comune di cavezzo,polizia municipale,cavezzo,modena,emilia-romagna,attore
44.834009,11.292798,Polizia Municipale Comune di Finale Emilia,Finale Emilia,Modena,Emilia-Romagna,Polizia Municipale,attore,False,False,True,False,False,False,False,['attore'],,polizia municipale comune di finale emilia,polizia municipale,finale emilia,modena,emilia-romagna,attore
44.886896,11.053963,Servizi Sociali Comune di Mirandola,Mirandola,Modena,Emilia-Romagna,Servizi sociali comunali,attore,False,False,True,False,False,False,False,['attore'],,servizi sociali comune di mirandola,servizi sociali comunali,mirandola,modena,emilia-romagna,attore
44.787904,11.138323,Servizi Sociali Comune di Camposanto,Camposanto,Modena,Emilia-Romagna,Servizi sociali comunali,attore,False,False,True,False,False,False,False,['attore'],,servizi sociali comune di camposanto,servizi sociali comunali,camposanto,modena,emilia-romagna,attore
44.835928,11.0298,Servizi Sociali Comune di Cavezzo,Cavezzo,Modena,Emilia-Romagna,Servizi sociali comunali,attore,False,False,True,False,False,False,False,['attore'],,servizi sociali comune di cavezzo,servizi sociali comunali,cavezzo,modena,emilia-romagna,attore
44.834009,11.292798,Servizi Sociali Comune di Finale Emilia,Finale Emilia,Modena,Emilia-Romagna,Servizi sociali comunali,attore,False,False,True,False,False,False,False,['attore'],,servizi sociali comune di finale emilia,servizi sociali comunali,finale emilia,modena,emilia-romagna,attore
44.850339,11.070855,Servizi Sociali Comune di Medolla,Medolla,Modena,Emilia-Romagna,Servizi sociali comunali,attore,False,False,True,False,False,False,False,['attore'],,servizi sociali comune di medolla,servizi sociali comunali,medolla,modena,emilia-romagna,attore
44.839995,11.146699,Servizi Sociali Comune di San Felice Panaro,San Felice Sul Panaro,Modena,Emilia-Romagna,Servizi sociali comunali,attore,False,False,True,False,False,False,False,['attore'],,servizi sociali comune di san felice panaro,servizi sociali comunali,san felice sul panaro,modena,emilia-romagna,attore
44.892321,10.99606,Servizi Sociali Comune di San Possidonio,San Possidonio,Modena,Emilia-Romagna,Servizi sociali comunali,attore,False,False,True,False,False,False,False,['attore'],,servizi sociali comune di san possidonio,servizi sociali comunali,san possidonio,modena,emilia-romagna,attore
44.787917,11.022849,Servizi Sociali Comune di San Prospero,San Prospero,Modena,Emilia-Romagna,Servizi sociali comunali,attore,False,False,True,False,False,False,False,['attore'],,servizi sociali comune di san prospero,servizi sociali comunali,san prospero,modena,emilia-romagna,attore
44.547885,10.902517,Pronto Intervento Emergenza Minori Provincia di Modena,Modena,Modena,Emilia-Romagna,Altro,attore,False,False,True,False,False,False,False,['attore'],,pronto intervento emergenza minori provincia di modena,altro,modena,modena,emilia-romagna,attore
44.547885,10.902517,MEDIBASE Area Nord - Cooperativa dei Medici di Famiglia dell‘Area Nord della Provincia di Modena,Modena,Modena,Emilia-Romagna,Altro,attore,False,False,True,False,False,False,False,['attore'],,medibase area nord - cooperativa dei medici di famiglia dell‘area nord della provincia di modena,altro,modena,modena,emilia-romagna,attore
44.285523,11.8825,Comune di Faenza,Faenza,Ravenna,Emilia-Romagna,Comuni,"firmatario, proponente, attore, coordinamento",True,True,True,False,False,True,True,"['firmatario', 'proponente', 'attore', 'coordinamento']",coordinamento,comune di faenza,comuni,faenza,ravenna,emilia-romagna,"firmatario, proponente, attore, coordinamento"
44.224032,11.772607,Comune di Brisighella,Brisighella,Ravenna,Emilia-Romagna,Comuni,"firmatario, attore",True,False,True,False,False,False,False,"['firmatario', 'attore']",,comune di brisighella,comuni,brisighella,ravenna,emilia-romagna,"firmatario, attore"
44.319102,11.798949,Comune di Castel Bolognese,Castel Bolognese,Ravenna,Emilia-Romagna,Comuni,"firmatario, attore",True,False,True,False,False,False,False,"['firmatario', 'attore']",,comune di castel bolognese,comuni,castel bolognese,ravenna,emilia-romagna,"firmatario, attore"
44.223503,11.623065,Comune di Casola Valsenio,Casola Valsenio,Ravenna,Emilia-Romagna,Comuni,"firmatario, attore",True,False,True,False,False,False,False,"['firmatario', 'attore']",,comune di casola valsenio,comuni,casola valsenio,ravenna,emilia-romagna,"firmatario, attore"
44.276146,11.724546,Comune di Riolo Terme,Riolo Terme,Ravenna,Emilia-Romagna,Comuni,"firmatario, attore",True,False,True,False,False,False,False,"['firmatario', 'attore']",,comune di riolo terme,comuni,riolo terme,ravenna,emilia-romagna,"firmatario, attore"
44.36016,11.843752,Comune di Solarolo,Solarolo,Ravenna,Emilia-Romagna,Comuni,"firmatario, attore",True,False,True,False,False,False,False,"['firmatario', 'attore']",,comune di solarolo,comuni,solarolo,ravenna,emilia-romagna,"firmatario, attore"
44.417322,12.199113,Prefettura di Ravenna,Ravenna,Ravenna,Emilia-Romagna,Prefettura,"firmatario, attore",True,False,True,False,False,False,False,"['firmatario', 'attore']",,prefettura di ravenna,prefettura,ravenna,ravenna,emilia-romagna,"firmatario, attore"
44.417322,12.199113,Questura di Ravenna,Ravenna,Ravenna,Emilia-Romagna,Questura,"firmatario, attore",True,False,True,False,False,False,False,"['firmatario', 'attore']",,questura di ravenna,questura,ravenna,ravenna,emilia-romagna,"firmatario, attore"
44.285523,11.8825,Ausl di Ravenna - Distretto Sanitario di Faenza,Faenza,Ravenna,Emilia-Romagna,ASL (consultori familiari e altri servizi territoriali),"firmatario, proponente, attore",True,True,True,False,False,False,False,"['firmatario', 'proponente', 'attore']",,ausl di ravenna - distretto sanitario di faenza,asl (consultori familiari e altri servizi territoriali),faenza,ravenna,emilia-romagna,"firmatario, proponente, attore"
44.285523,11.8825,Associazione SOS Donna - Faenza,Faenza,Ravenna,Emilia-Romagna,CAV/Centri Antiviolenza,"firmatario, proponente, attore",True,True,True,False,False,False,False,"['firmatario', 'proponente', 'attore']",,associazione sos donna - faenza,cav/centri antiviolenza,faenza,ravenna,emilia-romagna,"firmatario, proponente, attore"
44.285523,11.8825,Comando di Polizia Municipale di Faenza,Faenza,Ravenna,Emilia-Romagna,Polizia Municipale,"firmatario, proponente, attore",True,True,True,False,False,False,False,"['firmatario', 'proponente', 'attore']",,comando di polizia municipale di faenza,polizia municipale,faenza,ravenna,emilia-romagna,"firmatario, proponente, attore"
44.224032,11.772607,Comando di Polizia Municipale di Brisighella,Brisighella,Ravenna,Emilia-Romagna,Polizia Municipale,"firmatario, attore",True,False,True,False,False,False,False,"['firmatario', 'attore']",,comando di polizia municipale di brisighella,polizia municipale,brisighella,ravenna,emilia-romagna,"firmatario, attore"
44.319102,11.798949,Comando di Polizia Municipale di Castel Bolognese,Castel Bolognese,Ravenna,Emilia-Romagna,Polizia Municipale,"firmatario, attore",True,False,True,False,False,False,False,"['firmatario', 'attore']",,comando di polizia municipale di castel bolognese,polizia municipale,castel bolognese,ravenna,emilia-romagna,"firmatario, attore"
44.223503,11.623065,Comando di Polizia Municipale di Casola Valsenio,Casola Valsenio,Ravenna,Emilia-Romagna,Polizia Municipale,"firmatario, attore",True,False,True,False,False,False,False,"['firmatario', 'attore']",,comando di polizia municipale di casola valsenio,polizia municipale,casola valsenio,ravenna,emilia-romagna,"firmatario, attore"
44.276146,11.724546,Comando di Polizia Municipale di Riolo Terme,Riolo Terme,Ravenna,Emilia-Romagna,Polizia Municipale,"firmatario, attore",True,False,True,False,False,False,False,"['firmatario', 'attore']",,comando di polizia municipale di riolo terme,polizia municipale,riolo terme,ravenna,emilia-romagna,"firmatario, attore"
44.36016,11.843752,Comando di Polizia Municipale di Solarolo,Solarolo,Ravenna,Emilia-Romagna,Polizia Municipale,"firmatario, attore",True,False,True,False,False,False,False,"['firmatario', 'attore']",,comando di polizia municipale di solarolo,polizia municipale,solarolo,ravenna,emilia-romagna,"firmatario, attore"
44.373637,11.911338,Carabinieri del territorio della provincia di Ravenna,Ravenna,Ravenna,Emilia-Romagna,Carabinieri/Polizia/altre forze dell'ordine,,False,False,False,False,False,False,False,[],,carabinieri del territorio della provincia di ravenna,carabinieri/polizia/altre forze dell'ordine,ravenna,ravenna,emilia-romagna,
44.285523,11.8825,Commissariato di P.S. di Faenza,Faenza,Ravenna,Emilia-Romagna,Carabinieri/Polizia/altre forze dell'ordine,"firmatario, proponente, attore",True,True,True,False,False,False,False,"['firmatario', 'proponente', 'attore']",,commissariato di p.s. di faenza,carabinieri/polizia/altre forze dell'ordine,faenza,ravenna,emilia-romagna,"firmatario, proponente, attore"
43.467365,11.146624,Comune di Poggibonsi,Poggibonsi,Siena,Toscana,Comuni,"proponente, attore",False,True,True,False,False,False,False,"['proponente', 'attore']",,comune di poggibonsi,comuni,poggibonsi,siena,toscana,"proponente, attore"
43.421354,11.117309,Comune di Colle di Val d’Elsa,Colle Di Val D’Elsa,Siena,Toscana,Comuni,"proponente, attore",False,True,True,False,False,False,False,"['proponente', 'attore']",,comune di colle di val d’elsa,comuni,colle di val d’elsa,siena,toscana,"proponente, attore"
43.467531,11.04307,Comune di San Gimignano,San Gimignano,Siena,Toscana,Comuni,"proponente, attore",False,True,True,False,False,False,False,"['proponente', 'attore']",,comune di san gimignano,comuni,san gimignano,siena,toscana,"proponente, attore"
43.341424,11.045231,Comune di Casole d’Elsa,Casole D’Elsa,Siena,Toscana,Comuni,"proponente, attore",False,True,True,False,False,False,False,"['proponente', 'attore']",,comune di casole d’elsa,comuni,casole d’elsa,siena,toscana,"proponente, attore"
43.261088,11.041851,Comune di Radicondoli,Radicondoli,Siena,Toscana,Comuni,"proponente, attore",False,True,True,False,False,False,False,"['proponente', 'attore']",,comune di radicondoli,comuni,radicondoli,siena,toscana,"proponente, attore"
43.421354,11.117309,Associazione Donne Insieme Valdelsa,Colle Di Val D'Elsa,Siena,Toscana,CAV/Centri Antiviolenza,"attore, gestione",False,False,True,True,False,False,True,"['attore', 'gestione']",gestione,associazione donne insieme valdelsa,cav/centri antiviolenza,colle di val d'elsa,siena,toscana,"attore, gestione"
43.467365,11.146624,Polizia Municipale di Poggibonsi,Poggibonsi,Siena,Toscana,Polizia Municipale,"proponente, attore",False,True,True,False,False,False,False,"['proponente', 'attore']",,polizia municipale di poggibonsi,polizia municipale,poggibonsi,siena,toscana,"proponente, attore"
43.421354,11.117309,Polizia Municipale di Colle Val d’Elsa,Colle Di Val D’Elsa,Siena,Toscana,Polizia Municipale,attore,False,False,True,False,False,False,False,['attore'],,polizia municipale di colle val d’elsa,polizia municipale,colle di val d’elsa,siena,toscana,attore
43.467531,11.04307,Polizia Municipale di San Gimignano,San Gimignano,Siena,Toscana,Polizia Municipale,"proponente, attore",False,True,True,False,False,False,False,"['proponente', 'attore']",,polizia municipale di san gimignano,polizia municipale,san gimignano,siena,toscana,"proponente, attore"
43.341424,11.045231,Polizia Municipale di Casole d’Elsa,Casole D’Elsa,Siena,Toscana,Polizia Municipale,"proponente, attore",False,True,True,False,False,False,False,"['proponente', 'attore']",,polizia municipale di casole d’elsa,polizia municipale,casole d’elsa,siena,toscana,"proponente, attore"
43.261088,11.041851,Polizia Municipale di Radicondoli,Radicondoli,Siena,Toscana,Polizia Municipale,"proponente, attore",False,True,True,False,False,False,False,"['proponente', 'attore']",,polizia municipale di radicondoli,polizia municipale,radicondoli,siena,toscana,"proponente, attore"
43.318005,11.332002,Prefettura di Siena,Siena,Siena,Toscana,Prefettura,attore,False,False,True,False,False,False,False,['attore'],,prefettura di siena,prefettura,siena,siena,toscana,attore
43.318005,11.332002,Procura della Repubblica di Siena,Siena,Siena,Toscana,Procura Ordinaria/Tribunale/Corte d'appello,attore,False,False,True,False,False,False,False,['attore'],,procura della repubblica di siena,procura ordinaria/tribunale/corte d'appello,siena,siena,toscana,attore
43.318005,11.332002,Questura di Siena,Siena,Siena,Toscana,Questura,attore,False,False,True,False,False,False,False,['attore'],,questura di siena,questura,siena,siena,toscana,attore
43.605787,10.97125,Associazione Atelier Vantaggio Donna,Castelfiorentino,Firenze,Toscana,ASSOCIAZIONI DI PROMOZIONE SOCIALE,attore,False,False,True,False,False,False,False,['attore'],,associazione atelier vantaggio donna,associazioni di promozione sociale,castelfiorentino,firenze,toscana,attore
43.318005,11.332002,Ordine degli Avvocati di Siena,Siena,Siena,Toscana,Ordine avvocati,attore,False,False,True,False,False,False,False,['attore'],,ordine degli avvocati di siena,ordine avvocati,siena,siena,toscana,attore
43.318005,11.332002,CPO dell’Ordine degli Avvocati di Siena,Siena,Siena,Toscana,Organismi di parità,attore,False,False,True,False,False,False,False,['attore'],,cpo dell’ordine degli avvocati di siena,organismi di parità,siena,siena,toscana,attore
43.318005,11.332002,Ordine dei Dottori Commercialisti e degli Esperti Contabili di Siena,Siena,Siena,Toscana,Altri ordini professionali,attore,False,False,True,False,False,False,False,['attore'],,ordine dei dottori commercialisti e degli esperti contabili di siena,altri ordini professionali,siena,siena,toscana,attore
43.318005,11.332002,Comitato Pari Opportunità dell’Ordine dei Dottori Commercialisti e degli Esperti Contabili di Siena,Siena,Siena,Toscana,Organismi di parità,attore,False,False,True,False,False,False,False,['attore'],,comitato pari opportunità dell’ordine dei dottori commercialisti e degli esperti contabili di siena,organismi di parità,siena,siena,toscana,attore
44.036611,10.141115,Comune di Massa,Massa,Massa-Carrara,Toscana,Comuni,"firmatario, attore",True,False,True,False,False,False,False,"['firmatario', 'attore']",,comune di massa,comuni,massa,massa-carrara,toscana,"firmatario, attore"
44.077512,10.096782,Comune di Carrara,Carrara,Massa-Carrara,Toscana,Comuni,"firmatario, attore",True,False,True,False,False,False,False,"['firmatario', 'attore']",,comune di carrara,comuni,carrara,massa-carrara,toscana,"firmatario, attore"
43.987102,10.148514,Comune di Montignoso,Montignoso,Massa-Carrara,Toscana,Comuni,"firmatario, attore",True,False,True,False,False,False,False,"['firmatario', 'attore']",,comune di montignoso,comuni,montignoso,massa-carrara,toscana,"firmatario, attore"
44.036611,10.141115,Tribunale di Massa,Massa,Massa-Carrara,Toscana,Procura Ordinaria/Tribunale/Corte d'appello,"firmatario, attore",True,False,True,False,False,False,False,"['firmatario', 'attore']",,tribunale di massa,procura ordinaria/tribunale/corte d'appello,massa,massa-carrara,toscana,"firmatario, attore"
44.036611,10.141115,Procura della Repubblica di Massa,Massa,Massa-Carrara,Toscana,Procura Ordinaria/Tribunale/Corte d'appello,"firmatario, attore",True,False,True,False,False,False,False,"['firmatario', 'attore']",,procura della repubblica di massa,procura ordinaria/tribunale/corte d'appello,massa,massa-carrara,toscana,"firmatario, attore"
44.036611,10.141115,Centro Antiviolenza Duna di Massa,Massa,Massa-Carrara,Toscana,CAV/Centri Antiviolenza,"firmatario, attore",True,False,True,False,False,False,False,"['firmatario', 'attore']",,centro antiviolenza duna di massa,cav/centri antiviolenza,massa,massa-carrara,toscana,"firmatario, attore"
44.036611,10.141115,Centro Antiviolenza Centro Donna di Massa,Massa,Massa-Carrara,Toscana,CAV/Centri Antiviolenza,"firmatario, attore",True,False,True,False,False,False,False,"['firmatario', 'attore']",,centro antiviolenza centro donna di massa,cav/centri antiviolenza,massa,massa-carrara,toscana,"firmatario, attore"
44.077512,10.096782,Centro Antiviolenza Donna chiama Donna di Carrara,Carrara,Massa-Carrara,Toscana,CAV/Centri Antiviolenza,"firmatario, attore",True,False,True,False,False,False,False,"['firmatario', 'attore']",,centro antiviolenza donna chiama donna di carrara,cav/centri antiviolenza,carrara,massa-carrara,toscana,"firmatario, attore"
43.987102,10.148514,Centro di Ascolto Sabine di Montignoso,Montignoso,Massa-Carrara,Toscana,CAV/Centri Antiviolenza,"firmatario, attore",True,False,True,False,False,False,False,"['firmatario', 'attore']",,centro di ascolto sabine di montignoso,cav/centri antiviolenza,montignoso,massa-carrara,toscana,"firmatario, attore"
44.077512,10.096782,Centro di Ascolto Centro Italiano Femminile di Carrara,Carrara,Massa-Carrara,Toscana,Centri/Sportelli di ascolto,"firmatario, attore",True,False,True,False,False,False,False,"['firmatario', 'attore']",,centro di ascolto centro italiano femminile di carrara,centri/sportelli di ascolto,carrara,massa-carrara,toscana,"firmatario, attore"
44.036611,10.141115,Associazione A.R.P.A.,Massa,Massa-Carrara,Toscana,Ente terzo settore - ETS (iscritto al RUNTS),,False,False,False,False,False,False,False,[],,associazione a.r.p.a.,ente terzo settore - ets (iscritto al runts),massa,massa-carrara,toscana,
44.077512,10.096782,Associazione C.LF.,Carrara,Massa-Carrara,Toscana,Ente terzo settore - ETS (iscritto al RUNTS),,False,False,False,False,False,False,False,[],,associazione c.lf.,ente terzo settore - ets (iscritto al runts),carrara,massa-carrara,toscana,
44.228137,10.009848,Centro Donna Provinciale,Massa,Massa-Carrara,Toscana,CAV/Centri Antiviolenza,,False,False,False,False,False,False,False,[],,centro donna provinciale,cav/centri antiviolenza,massa,massa-carrara,toscana,
44.036611,10.141115,Centro Donna Chiama Donna,Massa,Massa-Carrara,Toscana,CAV/Centri Antiviolenza,,False,False,False,False,False,False,False,[],,centro donna chiama donna,cav/centri antiviolenza,massa,massa-carrara,toscana,
43.987102,10.148514,Centro Sabine,Montignoso,Massa-Carrara,Toscana,CAV/Centri Antiviolenza,,False,False,False,False,False,False,False,[],,centro sabine,cav/centri antiviolenza,montignoso,massa-carrara,toscana,
43.769226,11.256606,Unione Europea,Firenze,Firenze,Toscana,ORGANIZZAZIONI DI VOLONTARIATO,,False,False,False,False,False,False,False,[],,unione europea,organizzazioni di volontariato,firenze,firenze,toscana,
43.769226,11.256606,Procura della Repubblica di Firenze,Firenze,Firenze,Toscana,Procura Ordinaria/Tribunale/Corte d'appello,,False,False,False,False,False,False,False,[],,procura della repubblica di firenze,procura ordinaria/tribunale/corte d'appello,firenze,firenze,toscana,
44.411493,8.932688,Procura del Tribunale dei Minori di Genova,Genova,Genova,Liguria,Procura Minorile/Tribunale minorile,,False,False,False,False,False,False,False,[],,procura del tribunale dei minori di genova,procura minorile/tribunale minorile,genova,genova,liguria,
44.077512,10.096782,Centro di Ascolto C.I.F. di Carrara,Carrara,Massa-Carrara,Toscana,Centri/Sportelli di ascolto,"firmatario, attore",True,False,True,False,False,False,False,"['firmatario', 'attore']",,centro di ascolto c.i.f. di carrara,centri/sportelli di ascolto,carrara,massa-carrara,toscana,"firmatario, attore"
44.077512,10.096782,Centro Antiviolenza Centro Donna Carrara,Carrara,Massa-Carrara,Toscana,CAV/Centri Antiviolenza,"firmatario, attore",True,False,True,False,False,False,False,"['firmatario', 'attore']",,centro antiviolenza centro donna carrara,cav/centri antiviolenza,carrara,massa-carrara,toscana,"firmatario, attore"
43.466757,11.882063,Prefettura di Arezzo,Arezzo,Arezzo,Toscana,Prefettura,"firmatario, attore, coordinamento",True,False,True,False,False,True,True,"['firmatario', 'attore', 'coordinamento']",coordinamento,prefettura di arezzo,prefettura,arezzo,arezzo,toscana,"firmatario, attore, coordinamento"
43.554544,11.817202,Provincia di Arezzo,Arezzo,Arezzo,Toscana,Province/Città metropolitane,"firmatario, attore, coordinamento",True,False,True,False,False,True,True,"['firmatario', 'attore', 'coordinamento']",coordinamento,provincia di arezzo,province/città metropolitane,arezzo,arezzo,toscana,"firmatario, attore, coordinamento"
43.466757,11.882063,Tribunale di Arezzo,Arezzo,Arezzo,Toscana,Procura Ordinaria/Tribunale/Corte d'appello,"firmatario, attore",True,False,True,False,False,False,False,"['firmatario', 'attore']",,tribunale di arezzo,procura ordinaria/tribunale/corte d'appello,arezzo,arezzo,toscana,"firmatario, attore"
43.466757,11.882063,Procura della Repubblica presso il Tribunale di Arezzo,Arezzo,Arezzo,Toscana,Procura Ordinaria/Tribunale/Corte d'appello,"firmatario, attore",True,False,True,False,False,False,False,"['firmatario', 'attore']",,procura della repubblica presso il tribunale di arezzo,procura ordinaria/tribunale/corte d'appello,arezzo,arezzo,toscana,"firmatario, attore"
43.554544,11.817202,Ufficio Scolastico Regionale per la Toscana Ambito Territoriale della Provincia di Arezzo Ufficio VI,Arezzo,Arezzo,Toscana,Scuole/Ufficio scolastico provinciale e regionale,"firmatario, attore",True,False,True,False,False,False,False,"['firmatario', 'attore']",,ufficio scolastico regionale per la toscana ambito territoriale della provincia di arezzo ufficio vi,scuole/ufficio scolastico provinciale e regionale,arezzo,arezzo,toscana,"firmatario, attore"
43.466757,11.882063,Comune di Arezzo,Arezzo,Arezzo,Toscana,Comuni,"firmatario, attore",True,False,True,False,False,False,False,"['firmatario', 'attore']",,comune di arezzo,comuni,arezzo,arezzo,toscana,"firmatario, attore"
43.554544,11.817202,Ufficio Scolastico Territoriale di Arezzo,Arezzo,Arezzo,Toscana,Scuole/Ufficio scolastico provinciale e regionale,,False,False,False,False,False,False,False,[],,ufficio scolastico territoriale di arezzo,scuole/ufficio scolastico provinciale e regionale,arezzo,arezzo,toscana,
43.554544,11.817202,Ufficio Scolastico Provinciale di Arezzo,Arezzo,Arezzo,Toscana,Scuole/Ufficio scolastico provinciale e regionale,,False,False,False,False,False,False,False,[],,ufficio scolastico provinciale di arezzo,scuole/ufficio scolastico provinciale e regionale,arezzo,arezzo,toscana,
43.554544,11.817202,Ufficio delle Consigliere di Parità per la Provincia di Arezzo,Arezzo,Arezzo,Toscana,Organismi di parità,"firmatario, attore",True,False,True,False,False,False,False,"['firmatario', 'attore']",,ufficio delle consigliere di parità per la provincia di arezzo,organismi di parità,arezzo,arezzo,toscana,"firmatario, attore"
43.466757,11.882063,Questura di Arezzo,Arezzo,Arezzo,Toscana,Questura,,False,False,False,False,False,False,False,[],,questura di arezzo,questura,arezzo,arezzo,toscana,
43.554544,11.817202,Comando Provinciale dei Carabinieri di Arezzo,Arezzo,Arezzo,Toscana,Carabinieri/Polizia/altre forze dell'ordine,,False,False,False,False,False,False,False,[],,comando provinciale dei carabinieri di arezzo,carabinieri/polizia/altre forze dell'ordine,arezzo,arezzo,toscana,
43.554544,11.817202,Comando Provinciale della Guardia di Finanza di Arezzo,Arezzo,Arezzo,Toscana,Carabinieri/Polizia/altre forze dell'ordine,,False,False,False,False,False,False,False,[],,comando provinciale della guardia di finanza di arezzo,carabinieri/polizia/altre forze dell'ordine,arezzo,arezzo,toscana,
43.769226,11.256606,Comune di Firenze,Firenze,Firenze,Toscana,Comuni,"firmatario, attore",True,False,True,False,False,False,False,"['firmatario', 'attore']",,comune di firenze,comuni,firenze,firenze,toscana,"firmatario, attore"
43.785737,11.245004,Citta Metropolitana di Firenze,Firenze,Firenze,Toscana,Province/Città metropolitane,"firmatario, attore",True,False,True,False,False,False,False,"['firmatario', 'attore']",,citta metropolitana di firenze,province/città metropolitane,firenze,firenze,toscana,"firmatario, attore"
43.769226,11.256606,Centro antiviolenza Artemisia,Firenze,Firenze,Toscana,CAV/Centri Antiviolenza,"attore, gestione",False,False,True,True,False,False,True,"['attore', 'gestione']",gestione,centro antiviolenza artemisia,cav/centri antiviolenza,firenze,firenze,toscana,"attore, gestione"
43.769226,11.256606,Comune di Firenze: Servizi sociali,Firenze,Firenze,Toscana,Servizi sociali comunali,"firmatario, attore",True,False,True,False,False,False,False,"['firmatario', 'attore']",,comune di firenze: servizi sociali,servizi sociali comunali,firenze,firenze,toscana,"firmatario, attore"
43.769226,11.256606,Comune di Firenze: Area Tutela Valery,Firenze,Firenze,Toscana,Servizi sociali comunali,"firmatario, attore, gestione",True,False,True,True,False,False,True,"['firmatario', 'attore', 'gestione']",gestione,comune di firenze: area tutela valery,servizi sociali comunali,firenze,firenze,toscana,"firmatario, attore, gestione"
43.769226,11.256606,Quartiere 5 del Comune di Firenze,Firenze,Firenze,Toscana,Comuni,"firmatario, attore",True,False,True,False,False,False,False,"['firmatario', 'attore']",,quartiere 5 del comune di firenze,comuni,firenze,firenze,toscana,"firmatario, attore"
43.95477,11.387761,Borgo San Lorenzo,Borgo San Lorenzo,Firenze,Toscana,Comuni,,False,False,False,False,False,False,False,[],,borgo san lorenzo,comuni,borgo san lorenzo,firenze,toscana,
43.820597,11.138039,Campi Bisenzio,Campi Bisenzio,Firenze,Toscana,Comuni,,False,False,False,False,False,False,False,[],,campi bisenzio,comuni,campi bisenzio,firenze,toscana,
43.83208,11.198374,Sesto Fiorentino,Sesto Fiorentino,Firenze,Toscana,Comuni,,False,False,False,False,False,False,False,[],,sesto fiorentino,comuni,sesto fiorentino,firenze,toscana,
43.770382,11.106067,Lastra a Signa,Lastra A Signa,Firenze,Toscana,Comuni,,False,False,False,False,False,False,False,[],,lastra a signa,comuni,lastra a signa,firenze,toscana,
43.758448,11.181154,Scandicci,Scandicci,Firenze,Toscana,Comuni,,False,False,False,False,False,False,False,[],,scandicci,comuni,scandicci,firenze,toscana,
43.663513,11.449556,Figline e Incisa Valdarno,Figline E Incisa Valdarno,Firenze,Toscana,Comuni,,False,False,False,False,False,False,False,[],,figline e incisa valdarno,comuni,figline e incisa valdarno,firenze,toscana,
43.775848,11.439918,Pontassieve,Pontassieve,Firenze,Toscana,Comuni,,False,False,False,False,False,False,False,[],,pontassieve,comuni,pontassieve,firenze,toscana,
42.789009,11.269392,Provincia di Grosseto,Grosseto,Grosseto,Toscana,Province/Città metropolitane,"attore, coordinamento",False,False,True,False,False,True,True,"['attore', 'coordinamento']",coordinamento,provincia di grosseto,province/città metropolitane,grosseto,grosseto,toscana,"attore, coordinamento"
42.760291,11.113703,Centro antiviolenza “Tutto é vita - Elisabetta Fiorilli” Grosseto,Grosseto,Grosseto,Toscana,CAV/Centri Antiviolenza,attore,False,False,True,False,False,False,False,['attore'],,centro antiviolenza “tutto é vita - elisabetta fiorilli” grosseto,cav/centri antiviolenza,grosseto,grosseto,toscana,attore
42.882701,11.27494,Comune di Campagnatico,Campagnatico,Grosseto,Toscana,Comuni,attore,False,False,True,False,False,False,False,['attore'],,comune di campagnatico,comuni,campagnatico,grosseto,toscana,attore
42.452906,11.422188,Comune di Capalbio,Capalbio,Grosseto,Toscana,Comuni,attore,False,False,True,False,False,False,False,['attore'],,comune di capalbio,comuni,capalbio,grosseto,toscana,attore
42.7725,10.89087,Comune di Castiglione della Pescaia,Castiglione Della Pescaia,Grosseto,Toscana,Comuni,attore,False,False,True,False,False,False,False,['attore'],,comune di castiglione della pescaia,comuni,castiglione della pescaia,grosseto,toscana,attore
42.891166,11.39456,Comune di Cinigiano,Cinigiano,Grosseto,Toscana,Comuni,attore,False,False,True,False,False,False,False,['attore'],,comune di cinigiano,comuni,cinigiano,grosseto,toscana,attore
42.99382,11.281574,Comune di Civitella Paganico,Civitella Paganico,Grosseto,Toscana,Comuni,attore,False,False,True,False,False,False,False,['attore'],,comune di civitella paganico,comuni,civitella paganico,grosseto,toscana,attore
42.92259,10.759852,Comune di Follonica,Follonica,Grosseto,Toscana,Comuni,attore,False,False,True,False,False,False,False,['attore'],,comune di follonica,comuni,follonica,grosseto,toscana,attore
42.925506,10.905942,Comune di Gavorrano,Gavorrano,Grosseto,Toscana,Comuni,attore,False,False,True,False,False,False,False,['attore'],,comune di gavorrano,comuni,gavorrano,grosseto,toscana,attore
42.760291,11.113703,Comune di Grosseto,Grosseto,Grosseto,Toscana,Comuni,attore,False,False,True,False,False,False,False,['attore'],,comune di grosseto,comuni,grosseto,grosseto,toscana,attore
42.366313,10.900236,Comune di Isola del Giglio,Isola Del Giglio,Grosseto,Toscana,Comuni,attore,False,False,True,False,False,False,False,['attore'],,comune di isola del giglio,comuni,isola del giglio,grosseto,toscana,attore
42.598164,11.294243,Comune di Magliano in Toscana,Magliano In Toscana,Grosseto,Toscana,Comuni,attore,False,False,True,False,False,False,False,['attore'],,comune di magliano in toscana,comuni,magliano in toscana,grosseto,toscana,attore
42.587373,11.515558,Comune di Manciano,Manciano,Grosseto,Toscana,Comuni,attore,False,False,True,False,False,False,False,['attore'],,comune di manciano,comuni,manciano,grosseto,toscana,attore
43.050368,10.887948,Comune di Massa Marittima,Massa Marittima,Grosseto,Toscana,Comuni,attore,False,False,True,False,False,False,False,['attore'],,comune di massa marittima,comuni,massa marittima,grosseto,toscana,attore
42.438773,11.115762,Comune di Monte Argentario,Monte Argentario,Grosseto,Toscana,Comuni,attore,False,False,True,False,False,False,False,['attore'],,comune di monte argentario,comuni,monte argentario,grosseto,toscana,attore
43.145489,10.855984,Comune di Monterotondo Marittimo,Monterotondo Marittimo,Grosseto,Toscana,Comuni,attore,False,False,True,False,False,False,False,['attore'],,comune di monterotondo marittimo,comuni,monterotondo marittimo,grosseto,toscana,attore
43.130787,11.016157,Comune di Montieri,Montieri,Grosseto,Toscana,Comuni,attore,False,False,True,False,False,False,False,['attore'],,comune di montieri,comuni,montieri,grosseto,toscana,attore
42.437409,11.209862,Comune di Orbetello,Orbetello,Grosseto,Toscana,Comuni,attore,False,False,True,False,False,False,False,['attore'],,comune di orbetello,comuni,orbetello,grosseto,toscana,attore
42.63509,11.669205,Comune di Pitigliano,Pitigliano,Grosseto,Toscana,Comuni,attore,False,False,True,False,False,False,False,['attore'],,comune di pitigliano,comuni,pitigliano,grosseto,toscana,attore
42.687926,11.333064,Comune di Scansano,Scansano,Grosseto,Toscana,Comuni,attore,False,False,True,False,False,False,False,['attore'],,comune di scansano,comuni,scansano,grosseto,toscana,attore
42.906148,10.852226,Comune di Scarlino,Scarlino,Grosseto,Toscana,Comuni,attore,False,False,True,False,False,False,False,['attore'],,comune di scarlino,comuni,scarlino,grosseto,toscana,attore
42.789009,11.269392,Unione dei comuni Montani Amiata Grossetana,,Grosseto,Toscana,Unione dei Comuni,attore,False,False,True,False,False,False,False,['attore'],,unione dei comuni montani amiata grossetana,unione dei comuni,,grosseto,toscana,attore
42.681593,11.713755,Comune di Sorano,Sorano,Grosseto,Toscana,Comuni,attore,False,False,True,False,False,False,False,['attore'],,comune di sorano,comuni,sorano,grosseto,toscana,attore
42.760291,11.113703,Centro Antiviolenza di Grosseto,Grosseto,Grosseto,Toscana,CAV/Centri Antiviolenza,attore,False,False,True,False,False,False,False,['attore'],,centro antiviolenza di grosseto,cav/centri antiviolenza,grosseto,grosseto,toscana,attore
42.437409,11.209862,Centro Antiviolenza di Orbetello,Orbetello,Grosseto,Toscana,CAV/Centri Antiviolenza,attore,False,False,True,False,False,False,False,['attore'],,centro antiviolenza di orbetello,cav/centri antiviolenza,orbetello,grosseto,toscana,attore
42.760291,11.113703,Punto di ascolto territoriale di Grosseto,Grosseto,Grosseto,Toscana,Centri/Sportelli di ascolto,attore,False,False,True,False,False,False,False,['attore'],,punto di ascolto territoriale di grosseto,centri/sportelli di ascolto,grosseto,grosseto,toscana,attore
42.92259,10.759852,Punto di Ascolto territoriale di Follonica,Follonica,Grosseto,Toscana,Centri/Sportelli di ascolto,attore,False,False,True,False,False,False,False,['attore'],,punto di ascolto territoriale di follonica,centri/sportelli di ascolto,follonica,grosseto,toscana,attore
42.871488,11.538705,Punto di Ascolto territoriale di Arcidosso,Arcidosso,Grosseto,Toscana,Centri/Sportelli di ascolto,attore,False,False,True,False,False,False,False,['attore'],,punto di ascolto territoriale di arcidosso,centri/sportelli di ascolto,arcidosso,grosseto,toscana,attore
42.587373,11.515558,Punto di Ascolto territoriale di Manciano,Manciano,Grosseto,Toscana,Centri/Sportelli di ascolto,attore,False,False,True,False,False,False,False,['attore'],,punto di ascolto territoriale di manciano,centri/sportelli di ascolto,manciano,grosseto,toscana,attore
42.452906,11.422188,Punto di Ascolto territoriale di Capalbio,Capalbio,Grosseto,Toscana,Centri/Sportelli di ascolto,attore,False,False,True,False,False,False,False,['attore'],,punto di ascolto territoriale di capalbio,centri/sportelli di ascolto,capalbio,grosseto,toscana,attore
42.789009,11.269392,Ufficio Scolastico Provinciale di Grosseto,Grosseto,Grosseto,Toscana,Scuole/Ufficio scolastico provinciale e regionale,attore,False,False,True,False,False,False,False,['attore'],,ufficio scolastico provinciale di grosseto,scuole/ufficio scolastico provinciale e regionale,grosseto,grosseto,toscana,attore
42.760291,11.113703,Azienda USL n.9 di Grosseto,Grosseto,Grosseto,Toscana,ASL (consultori familiari e altri servizi territoriali),attore,False,False,True,False,False,False,False,['attore'],,azienda usl n.9 di grosseto,asl (consultori familiari e altri servizi territoriali),grosseto,grosseto,toscana,attore
42.760291,11.113703,Associazione Olympia de Gouges,Grosseto,Grosseto,Toscana,ASSOCIAZIONI DI PROMOZIONE SOCIALE,attore,False,False,True,False,False,False,False,['attore'],,associazione olympia de gouges,associazioni di promozione sociale,grosseto,grosseto,toscana,attore
43.769226,11.256606,Corte d'Appello di Firenze,Firenze,Firenze,Toscana,Procura Ordinaria/Tribunale/Corte d'appello,,False,False,False,False,False,False,False,[],,corte d'appello di firenze,procura ordinaria/tribunale/corte d'appello,firenze,firenze,toscana,
43.769226,11.256606,Procura Generale della Repubblica presso la Corte d'Appello di Firenze,Firenze,Firenze,Toscana,Procura Ordinaria/Tribunale/Corte d'appello,,False,False,False,False,False,False,False,[],,procura generale della repubblica presso la corte d'appello di firenze,procura ordinaria/tribunale/corte d'appello,firenze,firenze,toscana,
43.769226,11.256606,Procura della Repubblica per i Minorenni di Firenze,Firenze,Firenze,Toscana,Procura Minorile/Tribunale minorile,,False,False,False,False,False,False,False,[],,procura della repubblica per i minorenni di firenze,procura minorile/tribunale minorile,firenze,firenze,toscana,
44.411493,8.932688,Procura Generale presso la Corte d'Appello di Genova,Genova,Genova,Liguria,Procura Ordinaria/Tribunale/Corte d'appello,,False,False,False,False,False,False,False,[],,procura generale presso la corte d'appello di genova,procura ordinaria/tribunale/corte d'appello,genova,genova,liguria,
44.036611,10.141115,Procura della Repubblica presso il Tribunale di Massa,Massa,Massa-Carrara,Toscana,Procura Ordinaria/Tribunale/Corte d'appello,,False,False,False,False,False,False,False,[],,procura della repubblica presso il tribunale di massa,procura ordinaria/tribunale/corte d'appello,massa,massa-carrara,toscana,
43.552232,10.308057,Comune di Livorno,Livorno,Livorno,Toscana,Comuni,"attore, coordinamento",False,False,True,False,False,True,True,"['attore', 'coordinamento']",coordinamento,comune di livorno,comuni,livorno,livorno,toscana,"attore, coordinamento"
43.05367,10.416623,Provincia di Livorno,Livorno,Livorno,Toscana,Province/Città metropolitane,attore,False,False,True,False,False,False,False,['attore'],,provincia di livorno,province/città metropolitane,livorno,livorno,toscana,attore
43.552232,10.308057,Questura di Livorno,Livorno,Livorno,Toscana,Questura,attore,False,False,True,False,False,False,False,['attore'],,questura di livorno,questura,livorno,livorno,toscana,attore
43.552232,10.308057,Tribunale di Livorno,Livorno,Livorno,Toscana,Procura Ordinaria/Tribunale/Corte d'appello,attore,False,False,True,False,False,False,False,['attore'],,tribunale di livorno,procura ordinaria/tribunale/corte d'appello,livorno,livorno,toscana,attore
43.769226,11.256606,Università degli Studi di Firenze,Firenze,Firenze,Toscana,Università,attore,False,False,True,False,False,False,False,['attore'],,università degli studi di firenze,università,firenze,firenze,toscana,attore
43.05367,10.416623,Consigliera di Parità della Provincia di Livorno,Livorno,Livorno,Toscana,Organismi di parità,attore,False,False,True,False,False,False,False,['attore'],,consigliera di parità della provincia di livorno,organismi di parità,livorno,livorno,toscana,attore
43.05367,10.416623,Comando Provinciale Carabinieri di Livorno,Livorno,Livorno,Toscana,Carabinieri/Polizia/altre forze dell'ordine,attore,False,False,True,False,False,False,False,['attore'],,comando provinciale carabinieri di livorno,carabinieri/polizia/altre forze dell'ordine,livorno,livorno,toscana,attore
43.552232,10.308057,Ippogrifo APS,Livorno,Livorno,Toscana,ASSOCIAZIONI DI PROMOZIONE SOCIALE,attore,False,False,True,False,False,False,False,['attore'],,ippogrifo aps,associazioni di promozione sociale,livorno,livorno,toscana,attore
43.552232,10.308057,Associazione Randi APS,Livorno,Livorno,Toscana,ASSOCIAZIONI DI PROMOZIONE SOCIALE,attore,False,False,True,False,False,False,False,['attore'],,associazione randi aps,associazioni di promozione sociale,livorno,livorno,toscana,attore
43.552232,10.308057,Associazione LUI APS,Livorno,Livorno,Toscana,ASSOCIAZIONI DI PROMOZIONE SOCIALE,attore,False,False,True,False,False,False,False,['attore'],,associazione lui aps,associazioni di promozione sociale,livorno,livorno,toscana,attore
43.552232,10.308057,Associazione Psicosfera,Livorno,Livorno,Toscana,ASSOCIAZIONI DI PROMOZIONE SOCIALE,attore,False,False,True,False,False,False,False,['attore'],,associazione psicosfera,associazioni di promozione sociale,livorno,livorno,toscana,attore
43.552232,10.308057,Centro per l'Impiego di Livorno,Livorno,Livorno,Toscana,Servizi per l'impiego,attore,False,False,True,False,False,False,False,['attore'],,centro per l'impiego di livorno,servizi per l'impiego,livorno,livorno,toscana,attore
44.022526,10.409582,Provincia di Lucca,Lucca,Lucca,Toscana,Province/Città metropolitane,"firmatario, proponente, attore, coordinamento",True,True,True,False,False,True,True,"['firmatario', 'proponente', 'attore', 'coordinamento']",coordinamento,provincia di lucca,province/città metropolitane,lucca,lucca,toscana,"firmatario, proponente, attore, coordinamento"
43.844246,10.501545,Prefettura di Lucca,Lucca,Lucca,Toscana,Prefettura,"firmatario, attore",True,False,True,False,False,False,False,"['firmatario', 'attore']",,prefettura di lucca,prefettura,lucca,lucca,toscana,"firmatario, attore"
43.844246,10.501545,Questura di Lucca,Lucca,Lucca,Toscana,Questura,"firmatario, attore",True,False,True,False,False,False,False,"['firmatario', 'attore']",,questura di lucca,questura,lucca,lucca,toscana,"firmatario, attore"
44.022526,10.409582,Arma dei Carabinieri - Comando provinciale di Lucca,Lucca,Lucca,Toscana,Carabinieri/Polizia/altre forze dell'ordine,"firmatario, attore",True,False,True,False,False,False,False,"['firmatario', 'attore']",,arma dei carabinieri - comando provinciale di lucca,carabinieri/polizia/altre forze dell'ordine,lucca,lucca,toscana,"firmatario, attore"
43.844246,10.501545,Conferenza dei Sindaci ASL 2 zona Piana di Lucca,Lucca,Lucca,Toscana,"Ambiti della programmazione sociale e socio-sanitaria (Ambiti Sociali, Piani di Zona, Distretti socio-sanitari, Società della Salute)","firmatario, attore",True,False,True,False,False,False,False,"['firmatario', 'attore']",,conferenza dei sindaci asl 2 zona piana di lucca,"ambiti della programmazione sociale e socio-sanitaria (ambiti sociali, piani di zona, distretti socio-sanitari, società della salute)",lucca,lucca,toscana,"firmatario, attore"
43.844246,10.501545,ASL 2 Lucca,Lucca,Lucca,Toscana,ASL (consultori familiari e altri servizi territoriali),"firmatario, attore",True,False,True,False,False,False,False,"['firmatario', 'attore']",,asl 2 lucca,asl (consultori familiari e altri servizi territoriali),lucca,lucca,toscana,"firmatario, attore"
43.844246,10.501545,Consigliera di Parita di Lucca,Lucca,Lucca,Toscana,Organismi di parità,"firmatario, attore",True,False,True,False,False,False,False,"['firmatario', 'attore']",,consigliera di parita di lucca,organismi di parità,lucca,lucca,toscana,"firmatario, attore"
44.022526,10.409582,Ufficio Scolastico Provinciale di Lucca,Lucca,Lucca,Toscana,Scuole/Ufficio scolastico provinciale e regionale,"firmatario, attore",True,False,True,False,False,False,False,"['firmatario', 'attore']",,ufficio scolastico provinciale di lucca,scuole/ufficio scolastico provinciale e regionale,lucca,lucca,toscana,"firmatario, attore"
43.715461,10.401088,Prefettura di Pisa,Pisa,Pisa,Toscana,Prefettura,"firmatario, proponente, attore",True,True,True,False,False,False,False,"['firmatario', 'proponente', 'attore']",,prefettura di pisa,prefettura,pisa,pisa,toscana,"firmatario, proponente, attore"
43.548963,10.646553,Provincia di Pisa,Pisa,Pisa,Toscana,Province/Città metropolitane,"firmatario, proponente, attore",True,True,True,False,False,False,False,"['firmatario', 'proponente', 'attore']",,provincia di pisa,province/città metropolitane,pisa,pisa,toscana,"firmatario, proponente, attore"
43.715461,10.401088,Comune di Pisa,Pisa,Pisa,Toscana,Comuni,"firmatario, proponente, attore",True,True,True,False,False,False,False,"['firmatario', 'proponente', 'attore']",,comune di pisa,comuni,pisa,pisa,toscana,"firmatario, proponente, attore"
43.709977,10.619784,Comune di Bientina,Bientina,Pisa,Toscana,Comuni,"firmatario, attore",True,False,True,False,False,False,False,"['firmatario', 'attore']",,comune di bientina,comuni,bientina,pisa,toscana,"firmatario, attore"
43.727506,10.587364,Comune di Buti,Buti,Pisa,Toscana,Comuni,"firmatario, attore",True,False,True,False,False,False,False,"['firmatario', 'attore']",,comune di buti,comuni,buti,pisa,toscana,"firmatario, attore"
43.725824,10.515638,Comune di Calci,Calci,Pisa,Toscana,Comuni,"firmatario, attore",True,False,True,False,False,False,False,"['firmatario', 'attore']",,comune di calci,comuni,calci,pisa,toscana,"firmatario, attore"
43.68268,10.6158,Comune di Calcinaia,Calcinaia,Pisa,Toscana,Comuni,"firmatario, attore",True,False,True,False,False,False,False,"['firmatario', 'attore']",,comune di calcinaia,comuni,calcinaia,pisa,toscana,"firmatario, attore"
43.584032,10.678977,Comune di Capannoli,Capannoli,Pisa,Toscana,Comuni,"firmatario, attore",True,False,True,False,False,False,False,"['firmatario', 'attore']",,comune di capannoli,comuni,capannoli,pisa,toscana,"firmatario, attore"
43.297288,10.615486,Comune di Casale Marittimo,Casale Marittimo,Pisa,Toscana,Comuni,"firmatario, attore",True,False,True,False,False,False,False,"['firmatario', 'attore']",,comune di casale marittimo,comuni,casale marittimo,pisa,toscana,"firmatario, attore"
43.562012,11.004006,Comune di Casciana Terme - Lari,Casciana Terme-Lari,Pisa,Toscana,Comuni,"firmatario, attore",True,False,True,False,False,False,False,"['firmatario', 'attore']",,comune di casciana terme - lari,comuni,casciana terme-lari,pisa,toscana,"firmatario, attore"
43.676577,10.548645,Comune di Cascina,Cascina,Pisa,Toscana,Comuni,"firmatario, attore",True,False,True,False,False,False,False,"['firmatario', 'attore']",,comune di cascina,comuni,cascina,pisa,toscana,"firmatario, attore"
43.411857,10.575583,Comune di Castellina Marittima,Castellina Marittima,Pisa,Toscana,Comuni,"firmatario, attore",True,False,True,False,False,False,False,"['firmatario', 'attore']",,comune di castellina marittima,comuni,castellina marittima,pisa,toscana,"firmatario, attore"
43.699558,10.745276,Comune di Castelfranco di Sotto,Castelfranco Di Sotto,Pisa,Toscana,Comuni,"firmatario, attore",True,False,True,False,False,False,False,"['firmatario', 'attore']",,comune di castelfranco di sotto,comuni,castelfranco di sotto,pisa,toscana,"firmatario, attore"
43.48592,10.642674,Comune di Chianni,Chianni,Pisa,Toscana,Comuni,"firmatario, attore",True,False,True,False,False,False,False,"['firmatario', 'attore']",,comune di chianni,comuni,chianni,pisa,toscana,"firmatario, attore"
43.562012,11.004006,Comune di Crespina - Lorenzana,Crespina-Lorenzana,Pisa,Toscana,Comuni,"firmatario, attore",True,False,True,False,False,False,False,"['firmatario', 'attore']",,comune di crespina - lorenzana,comuni,crespina-lorenzana,pisa,toscana,"firmatario, attore"
43.567018,10.515832,Comune di Fauglia,Fauglia,Pisa,Toscana,Comuni,"firmatario, attore",True,False,True,False,False,False,False,"['firmatario', 'attore']",,comune di fauglia,comuni,fauglia,pisa,toscana,"firmatario, attore"
43.312752,10.632915,Comune di Guardistallo,Guardistallo,Pisa,Toscana,Comuni,"firmatario, attore",True,False,True,False,False,False,False,"['firmatario', 'attore']",,comune di guardistallo,comuni,guardistallo,pisa,toscana,"firmatario, attore"
43.475048,10.72853,Comune di Lajatico,Lajatico,Pisa,Toscana,Comuni,"firmatario, attore",True,False,True,False,False,False,False,"['firmatario', 'attore']",,comune di lajatico,comuni,lajatico,pisa,toscana,"firmatario, attore"
43.391869,10.748293,Comune di Montecatini Val Di Cecina,Montecatini Val Di Cecina,Pisa,Toscana,Comuni,"firmatario, attore",True,False,True,False,False,False,False,"['firmatario', 'attore']",,comune di montecatini val di cecina,comuni,montecatini val di cecina,pisa,toscana,"firmatario, attore"
43.326635,10.627311,Comune di Montescudaio,Montescudaio,Pisa,Toscana,Comuni,"firmatario, attore",True,False,True,False,False,False,False,"['firmatario', 'attore']",,comune di montescudaio,comuni,montescudaio,pisa,toscana,"firmatario, attore"
43.176946,10.714894,Comune di Monteverdi Marittimo,Monteverdi Marittimo,Pisa,Toscana,Comuni,"firmatario, attore",True,False,True,False,False,False,False,"['firmatario', 'attore']",,comune di monteverdi marittimo,comuni,monteverdi marittimo,pisa,toscana,"firmatario, attore"
43.493304,10.510937,Comune di Orciano Pisano,Orciano Pisano,Pisa,Toscana,Comuni,"firmatario, attore",True,False,True,False,False,False,False,"['firmatario', 'attore']",,comune di orciano pisano,comuni,orciano pisano,pisa,toscana,"firmatario, attore"
43.604722,10.7731,Comune di Palaia,Palaia,Pisa,Toscana,Comuni,"firmatario, attore",True,False,True,False,False,False,False,"['firmatario', 'attore']",,comune di palaia,comuni,palaia,pisa,toscana,"firmatario, attore"
43.547972,10.721004,Comune di Peccioli,Peccioli,Pisa,Toscana,Comuni,"firmatario, attore",True,False,True,False,False,False,False,"['firmatario', 'attore']",,comune di peccioli,comuni,peccioli,pisa,toscana,"firmatario, attore"
43.300096,10.873819,Comune di Pomarance,Pomarance,Pisa,Toscana,Comuni,"firmatario, attore",True,False,True,False,False,False,False,"['firmatario', 'attore']",,comune di pomarance,comuni,pomarance,pisa,toscana,"firmatario, attore"
43.620395,10.63338,Comune di Ponsacco,Ponsacco,Pisa,Toscana,Comuni,"firmatario, attore",True,False,True,False,False,False,False,"['firmatario', 'attore']",,comune di ponsacco,comuni,ponsacco,pisa,toscana,"firmatario, attore"
43.663921,10.635608,Comune di Pontedera,Pontedera,Pisa,Toscana,Comuni,"firmatario, attore",True,False,True,False,False,False,False,"['firmatario', 'attore']",,comune di pontedera,comuni,pontedera,pisa,toscana,"firmatario, attore"
43.364666,10.599824,Comune di Riparbella,Riparbella,Pisa,Toscana,Comuni,"firmatario, attore",True,False,True,False,False,False,False,"['firmatario', 'attore']",,comune di riparbella,comuni,riparbella,pisa,toscana,"firmatario, attore"
43.711397,10.778802,Comune di Santa Croce sull'Arno,Santa Croce Sull'Arno,Pisa,Toscana,Comuni,"firmatario, attore",True,False,True,False,False,False,False,"['firmatario', 'attore']",,comune di santa croce sull'arno,comuni,santa croce sull'arno,pisa,toscana,"firmatario, attore"
43.472481,10.564803,Comune di Santa Luce,Santa Luce,Pisa,Toscana,Comuni,"firmatario, attore",True,False,True,False,False,False,False,"['firmatario', 'attore']",,comune di santa luce,comuni,santa luce,pisa,toscana,"firmatario, attore"
43.698771,10.692299,Comune di Santa Maria a Monte,Santa Maria A Monte,Pisa,Toscana,Comuni,"firmatario, attore",True,False,True,False,False,False,False,"['firmatario', 'attore']",,comune di santa maria a monte,comuni,santa maria a monte,pisa,toscana,"firmatario, attore"
43.763446,10.443199,Comune di San Giuliano Terme,San Giuliano Terme,Pisa,Toscana,Comuni,"firmatario, attore",True,False,True,False,False,False,False,"['firmatario', 'attore']",,comune di san giuliano terme,comuni,san giuliano terme,pisa,toscana,"firmatario, attore"
43.679558,10.852629,Comune di San Miniato,San Miniato,Pisa,Toscana,Comuni,"firmatario, attore",True,False,True,False,False,False,False,"['firmatario', 'attore']",,comune di san miniato,comuni,san miniato,pisa,toscana,"firmatario, attore"
43.524732,10.676261,Comune di Terricciola,Terricciola,Pisa,Toscana,Comuni,"firmatario, attore",True,False,True,False,False,False,False,"['firmatario', 'attore']",,comune di terricciola,comuni,terricciola,pisa,toscana,"firmatario, attore"
43.78158,10.386555,Comune di Vecchiano,Vecchiano,Pisa,Toscana,Comuni,"firmatario, attore",True,False,True,False,False,False,False,"['firmatario', 'attore']",,comune di vecchiano,comuni,vecchiano,pisa,toscana,"firmatario, attore"
43.699906,10.584436,Comune di Vicopisano,Vicopisano,Pisa,Toscana,Comuni,"firmatario, attore",True,False,True,False,False,False,False,"['firmatario', 'attore']",,comune di vicopisano,comuni,vicopisano,pisa,toscana,"firmatario, attore"
43.401766,10.859404,Comune di Volterra,Volterra,Pisa,Toscana,Comuni,"firmatario, attore",True,False,True,False,False,False,False,"['firmatario', 'attore']",,comune di volterra,comuni,volterra,pisa,toscana,"firmatario, attore"
43.715461,10.401088,Tribunale di Pisa,Pisa,Pisa,Toscana,Procura Ordinaria/Tribunale/Corte d'appello,"firmatario, attore",True,False,True,False,False,False,False,"['firmatario', 'attore']",,tribunale di pisa,procura ordinaria/tribunale/corte d'appello,pisa,pisa,toscana,"firmatario, attore"
43.715461,10.401088,Università degli Studi di Pisa,Pisa,Pisa,Toscana,Università,"firmatario, attore",True,False,True,False,False,False,False,"['firmatario', 'attore']",,università degli studi di pisa,università,pisa,pisa,toscana,"firmatario, attore"
43.548963,10.646553,Ufficio Scolastico Regionale della Toscana Ambito Territoriale della provincia di Pisa,Pisa,Pisa,Toscana,Scuole/Ufficio scolastico provinciale e regionale,"firmatario, proponente, attore",True,True,True,False,False,False,False,"['firmatario', 'proponente', 'attore']",,ufficio scolastico regionale della toscana ambito territoriale della provincia di pisa,scuole/ufficio scolastico provinciale e regionale,pisa,pisa,toscana,"firmatario, proponente, attore"
43.715461,10.401088,Azienda Ospedaliera Universitaria Pisana,Pisa,Pisa,Toscana,"Ospedale (Pronto soccorso, ecc.)","firmatario, attore",True,False,True,False,False,False,False,"['firmatario', 'attore']",,azienda ospedaliera universitaria pisana,"ospedale (pronto soccorso, ecc.)",pisa,pisa,toscana,"firmatario, attore"
43.548963,10.646553,Consigliera di Parita della Provincia di Pisa,Pisa,Pisa,Toscana,Organismi di parità,"firmatario, proponente, attore",True,True,True,False,False,False,False,"['firmatario', 'proponente', 'attore']",,consigliera di parita della provincia di pisa,organismi di parità,pisa,pisa,toscana,"firmatario, proponente, attore"
43.715461,10.401088,Associazione Casa della donna,Pisa,Pisa,Toscana,CAV/Centri Antiviolenza,"firmatario, attore, gestione",True,False,True,True,False,False,True,"['firmatario', 'attore', 'gestione']",gestione,associazione casa della donna,cav/centri antiviolenza,pisa,pisa,toscana,"firmatario, attore, gestione"
43.679558,10.852629,Associazione Frida,San Miniato,Pisa,Toscana,CAV/Centri Antiviolenza,"firmatario, attore, gestione",True,False,True,True,False,False,True,"['firmatario', 'attore', 'gestione']",gestione,associazione frida,cav/centri antiviolenza,san miniato,pisa,toscana,"firmatario, attore, gestione"
43.663921,10.635608,Associazione Eunice,Pontedera,Pisa,Toscana,ASSOCIAZIONI DI PROMOZIONE SOCIALE,"firmatario, attore",True,False,True,False,False,False,False,"['firmatario', 'attore']",,associazione eunice,associazioni di promozione sociale,pontedera,pisa,toscana,"firmatario, attore"
43.300096,10.873819,Associazione Le Amiche di Mafalda,Pomarance,Pisa,Toscana,ASSOCIAZIONI DI PROMOZIONE SOCIALE,"firmatario, attore",True,False,True,False,False,False,False,"['firmatario', 'attore']",,associazione le amiche di mafalda,associazioni di promozione sociale,pomarance,pisa,toscana,"firmatario, attore"
43.715461,10.401088,Associazione Donne In Movimento,Pisa,Pisa,Toscana,ASSOCIAZIONI DI PROMOZIONE SOCIALE,"firmatario, attore",True,False,True,False,False,False,False,"['firmatario', 'attore']",,associazione donne in movimento,associazioni di promozione sociale,pisa,pisa,toscana,"firmatario, attore"
43.663921,10.635608,Arnera Societa Cooperativa Sociale,Pontedera,Pisa,Toscana,IMPRESE SOCIALI,"firmatario, attore",True,False,True,False,False,False,False,"['firmatario', 'attore']",,arnera societa cooperativa sociale,imprese sociali,pontedera,pisa,toscana,"firmatario, attore"
43.91252,10.828375,Provincia di Pistoia,Pistoia,Pistoia,Toscana,Province/Città metropolitane,"firmatario, attore",True,False,True,False,False,False,False,"['firmatario', 'attore']",,provincia di pistoia,province/città metropolitane,pistoia,pistoia,toscana,"firmatario, attore"
43.933879,10.918262,Comune di Pistoia,Pistoia,Pistoia,Toscana,Comuni,"firmatario, attore",True,False,True,False,False,False,False,"['firmatario', 'attore']",,comune di pistoia,comuni,pistoia,pistoia,toscana,"firmatario, attore"
43.902712,11.006393,Comune di Agliana,Agliana,Pistoia,Toscana,Comuni,"firmatario, attore",True,False,True,False,False,False,False,"['firmatario', 'attore']",,comune di agliana,comuni,agliana,pistoia,toscana,"firmatario, attore"
43.879904,10.727564,Comune di Buggiano,Buggiano,Pistoia,Toscana,Comuni,"firmatario, attore",True,False,True,False,False,False,False,"['firmatario', 'attore']",,comune di buggiano,comuni,buggiano,pistoia,toscana,"firmatario, attore"
43.839273,10.719637,Comune di Chiesina Uzzanese,Chiesina Uzzanese,Pistoia,Toscana,Comuni,"firmatario, attore",True,False,True,False,False,False,False,"['firmatario', 'attore']",,comune di chiesina uzzanese,comuni,chiesina uzzanese,pistoia,toscana,"firmatario, attore"
43.816862,10.896612,Comune di Lamporecchio,Lamporecchio,Pistoia,Toscana,Comuni,"firmatario, attore",True,False,True,False,False,False,False,"['firmatario', 'attore']",,comune di lamporecchio,comuni,lamporecchio,pistoia,toscana,"firmatario, attore"
43.824362,10.877863,Comune di Larciano,Larciano,Pistoia,Toscana,Comuni,"firmatario, attore",True,False,True,False,False,False,False,"['firmatario', 'attore']",,comune di larciano,comuni,larciano,pistoia,toscana,"firmatario, attore"
43.933799,10.769958,Comune di Marliana,Marliana,Pistoia,Toscana,Comuni,"firmatario, attore",True,False,True,False,False,False,False,"['firmatario', 'attore']",,comune di marliana,comuni,marliana,pistoia,toscana,"firmatario, attore"
43.909971,10.744163,Comune di Massa e Cozzile,Massa E Cozzile,Pistoia,Toscana,Comuni,"firmatario, attore",True,False,True,False,False,False,False,"['firmatario', 'attore']",,comune di massa e cozzile,comuni,massa e cozzile,pistoia,toscana,"firmatario, attore"
43.872419,10.814732,Comune di Monsummano Terme,Monsummano Terme,Pistoia,Toscana,Comuni,"firmatario, attore",True,False,True,False,False,False,False,"['firmatario', 'attore']",,comune di monsummano terme,comuni,monsummano terme,pistoia,toscana,"firmatario, attore"
43.934814,11.021644,Comune di Montale,Montale,Pistoia,Toscana,Comuni,"firmatario, attore",True,False,True,False,False,False,False,"['firmatario', 'attore']",,comune di montale,comuni,montale,pistoia,toscana,"firmatario, attore"
43.562012,11.004006,Comune di Montecatini Terme,Montecatini Terme,Pistoia,Toscana,Comuni,"firmatario, attore",True,False,True,False,False,False,False,"['firmatario', 'attore']",,comune di montecatini terme,comuni,montecatini terme,pistoia,toscana,"firmatario, attore"
43.904315,10.6889,Comune di Pescia,Pescia,Pistoia,Toscana,Comuni,"firmatario, attore",True,False,True,False,False,False,False,"['firmatario', 'attore']",,comune di pescia,comuni,pescia,pistoia,toscana,"firmatario, attore"
43.879041,10.794968,Comune di Pieve a Nievole,Pieve A Nievole,Pistoia,Toscana,Comuni,"firmatario, attore",True,False,True,False,False,False,False,"['firmatario', 'attore']",,comune di pieve a nievole,comuni,pieve a nievole,pistoia,toscana,"firmatario, attore"
43.840801,10.747435,Comune di Ponte Buggianese,Ponte Buggianese,Pistoia,Toscana,Comuni,"firmatario, attore",True,False,True,False,False,False,False,"['firmatario', 'attore']",,comune di ponte buggianese,comuni,ponte buggianese,pistoia,toscana,"firmatario, attore"
43.847137,10.978592,Comune di Quarrata,Quarrata,Pistoia,Toscana,Comuni,"firmatario, attore",True,False,True,False,False,False,False,"['firmatario', 'attore']",,comune di quarrata,comuni,quarrata,pistoia,toscana,"firmatario, attore"
44.104036,10.99906,Comune di Sambuca Pistoiese,Sambuca Pistoiese,Pistoia,Toscana,Comuni,"firmatario, attore",True,False,True,False,False,False,False,"['firmatario', 'attore']",,comune di sambuca pistoiese,comuni,sambuca pistoiese,pistoia,toscana,"firmatario, attore"
43.905752,10.832803,Comune di Serravalle Pistoiese,Serravalle Pistoiese,Pistoia,Toscana,Comuni,"firmatario, attore",True,False,True,False,False,False,False,"['firmatario', 'attore']",,comune di serravalle pistoiese,comuni,serravalle pistoiese,pistoia,toscana,"firmatario, attore"
43.881592,10.708721,Comune di Uzzano,Uzzano,Pistoia,Toscana,Comuni,"firmatario, attore",True,False,True,False,False,False,False,"['firmatario', 'attore']",,comune di uzzano,comuni,uzzano,pistoia,toscana,"firmatario, attore"
43.933879,10.918262,Procura della Repubblica di Pistoia,Pistoia,Pistoia,Toscana,Procura Ordinaria/Tribunale/Corte d'appello,"firmatario, attore",True,False,True,False,False,False,False,"['firmatario', 'attore']",,procura della repubblica di pistoia,procura ordinaria/tribunale/corte d'appello,pistoia,pistoia,toscana,"firmatario, attore"
43.933879,10.918262,Tribunale di Pistoia,Pistoia,Pistoia,Toscana,Procura Ordinaria/Tribunale/Corte d'appello,"firmatario, attore",True,False,True,False,False,False,False,"['firmatario', 'attore']",,tribunale di pistoia,procura ordinaria/tribunale/corte d'appello,pistoia,pistoia,toscana,"firmatario, attore"
43.933879,10.918262,Prefettura di Pistoia - Ufficio Territoriale di Governo,Pistoia,Pistoia,Toscana,Prefettura,"firmatario, attore",True,False,True,False,False,False,False,"['firmatario', 'attore']",,prefettura di pistoia - ufficio territoriale di governo,prefettura,pistoia,pistoia,toscana,"firmatario, attore"
43.933879,10.918262,Questura di Pistoia,Pistoia,Pistoia,Toscana,Questura,"firmatario, attore",True,False,True,False,False,False,False,"['firmatario', 'attore']",,questura di pistoia,questura,pistoia,pistoia,toscana,"firmatario, attore"
43.91252,10.828375,Comando Provinciale Carabinieri di Pistoia,Pistoia,Pistoia,Toscana,Carabinieri/Polizia/altre forze dell'ordine,"firmatario, attore",True,False,True,False,False,False,False,"['firmatario', 'attore']",,comando provinciale carabinieri di pistoia,carabinieri/polizia/altre forze dell'ordine,pistoia,pistoia,toscana,"firmatario, attore"
43.933879,10.918262,ASL n. 3 Pistoia,Pistoia,Pistoia,Toscana,ASL (consultori familiari e altri servizi territoriali),"firmatario, attore",True,False,True,False,False,False,False,"['firmatario', 'attore']",,asl n. 3 pistoia,asl (consultori familiari e altri servizi territoriali),pistoia,pistoia,toscana,"firmatario, attore"
43.880891,11.096804,Prefettura Ufficio Territoriale del Governo di Prato,Prato,Prato,Toscana,Prefettura,"firmatario, attore",True,False,True,False,False,False,False,"['firmatario', 'attore']",,prefettura ufficio territoriale del governo di prato,prefettura,prato,prato,toscana,"firmatario, attore"
43.880891,11.096804,Procura della Repubblica di Prato,Prato,Prato,Toscana,Procura Ordinaria/Tribunale/Corte d'appello,"firmatario, attore",True,False,True,False,False,False,False,"['firmatario', 'attore']",,procura della repubblica di prato,procura ordinaria/tribunale/corte d'appello,prato,prato,toscana,"firmatario, attore"
43.880891,11.096804,Questura di Prato,Prato,Prato,Toscana,Questura,"firmatario, attore",True,False,True,False,False,False,False,"['firmatario', 'attore']",,questura di prato,questura,prato,prato,toscana,"firmatario, attore"
43.926983,11.084937,Comando Provinciale dell’Arma dei Carabinieri di Prato,Prato,Prato,Toscana,Carabinieri/Polizia/altre forze dell'ordine,"firmatario, attore",True,False,True,False,False,False,False,"['firmatario', 'attore']",,comando provinciale dell’arma dei carabinieri di prato,carabinieri/polizia/altre forze dell'ordine,prato,prato,toscana,"firmatario, attore"
43.926983,11.084937,Comando Provinciale della Guardia di Finanza di Prato,Prato,Prato,Toscana,Carabinieri/Polizia/altre forze dell'ordine,"firmatario, attore",True,False,True,False,False,False,False,"['firmatario', 'attore']",,comando provinciale della guardia di finanza di prato,carabinieri/polizia/altre forze dell'ordine,prato,prato,toscana,"firmatario, attore"
44.028252,11.1072,Comune di Cantagallo,Cantagallo,Prato,Toscana,Comuni,"firmatario, attore",True,False,True,False,False,False,False,"['firmatario', 'attore']",,comune di cantagallo,comuni,cantagallo,prato,toscana,"firmatario, attore"
43.814107,11.01829,Comune di Carmignano,Carmignano,Prato,Toscana,Comuni,"firmatario, attore",True,False,True,False,False,False,False,"['firmatario', 'attore']",,comune di carmignano,comuni,carmignano,prato,toscana,"firmatario, attore"
43.927148,11.036881,Comune di Montemurlo,Montemurlo,Prato,Toscana,Comuni,"firmatario, attore",True,False,True,False,False,False,False,"['firmatario', 'attore']",,comune di montemurlo,comuni,montemurlo,prato,toscana,"firmatario, attore"
43.816345,11.056192,Comune di Poggio a Caiano,Poggio A Caiano,Prato,Toscana,Comuni,"firmatario, attore",True,False,True,False,False,False,False,"['firmatario', 'attore']",,comune di poggio a caiano,comuni,poggio a caiano,prato,toscana,"firmatario, attore"
43.880891,11.096804,Comune di Prato,Prato,Prato,Toscana,Comuni,"firmatario, attore",True,False,True,False,False,False,False,"['firmatario', 'attore']",,comune di prato,comuni,prato,prato,toscana,"firmatario, attore"
43.968586,11.123178,Comune di Vaiano,Vaiano,Prato,Toscana,Comuni,"firmatario, attore",True,False,True,False,False,False,False,"['firmatario', 'attore']",,comune di vaiano,comuni,vaiano,prato,toscana,"firmatario, attore"
44.053556,11.156011,Comune di Vernio,Vernio,Prato,Toscana,Comuni,"firmatario, attore",True,False,True,False,False,False,False,"['firmatario', 'attore']",,comune di vernio,comuni,vernio,prato,toscana,"firmatario, attore"
43.926983,11.084937,Provincia di Prato,Prato,Prato,Toscana,Province/Città metropolitane,"firmatario, attore",True,False,True,False,False,False,False,"['firmatario', 'attore']",,provincia di prato,province/città metropolitane,prato,prato,toscana,"firmatario, attore"
43.926983,11.084937,MIUR Ufficio Scolastico Regionale per la Toscana XI Ambito Territoriale di Prato e Pistoia sede di Prato,Prato,Prato,Toscana,Scuole/Ufficio scolastico provinciale e regionale,"firmatario, attore",True,False,True,False,False,False,False,"['firmatario', 'attore']",,miur ufficio scolastico regionale per la toscana xi ambito territoriale di prato e pistoia sede di prato,scuole/ufficio scolastico provinciale e regionale,prato,prato,toscana,"firmatario, attore"
43.769226,11.256606,Alice Cooperativa Sociale,Firenze,Firenze,Toscana,ORGANIZZAZIONI DI VOLONTARIATO,firmatario,True,False,False,False,False,False,False,['firmatario'],,alice cooperativa sociale,organizzazioni di volontariato,firenze,firenze,toscana,firmatario
43.769226,11.256606,Centro di Ascolto Uomini Maltrattanti,Firenze,Firenze,Toscana,"Associazioni che si occupano di programmi di prevenzione, recupero e trattamento per uomini maltrattanti","firmatario, attore",True,False,True,False,False,False,False,"['firmatario', 'attore']",,centro di ascolto uomini maltrattanti,"associazioni che si occupano di programmi di prevenzione, recupero e trattamento per uomini maltrattanti",firenze,firenze,toscana,"firmatario, attore"
43.554544,11.817202,Scuole,Arezzo,Arezzo,Toscana,Scuole/Ufficio scolastico provinciale e regionale,,False,False,False,False,False,False,False,[],,scuole,scuole/ufficio scolastico provinciale e regionale,arezzo,arezzo,toscana,
43.562012,11.004006,Regione Toscana,Firenze,Firenze,Toscana,Regioni/Province Autonome,"firmatario, attore",True,False,True,False,False,False,False,"['firmatario', 'attore']",,regione toscana,regioni/province autonome,firenze,firenze,toscana,"firmatario, attore"
43.769226,11.256606,Procura Generale della Repubblica presso la Corte d’Appello di Firenze,Firenze,Firenze,Toscana,Procura Ordinaria/Tribunale/Corte d'appello,"firmatario, attore",True,False,True,False,False,False,False,"['firmatario', 'attore']",,procura generale della repubblica presso la corte d’appello di firenze,procura ordinaria/tribunale/corte d'appello,firenze,firenze,toscana,"firmatario, attore"
43.769226,11.256606,Procura della Repubblica per i Minorenni di Firenze,Firenze,Firenze,Toscana,Procura Minorile/Tribunale minorile,"firmatario, attore",True,False,True,False,False,False,False,"['firmatario', 'attore']",,procura della repubblica per i minorenni di firenze,procura minorile/tribunale minorile,firenze,firenze,toscana,"firmatario, attore"
44.036611,10.141115,Procura della Repubblica presso il Tribunale di Massa,Massa,Massa-Carrara,Toscana,Procura Ordinaria/Tribunale/Corte d'appello,"firmatario, attore",True,False,True,False,False,False,False,"['firmatario', 'attore']",,procura della repubblica presso il tribunale di massa,procura ordinaria/tribunale/corte d'appello,massa,massa-carrara,toscana,"firmatario, attore"
42.760291,11.113703,Azienda USL 9 di Grosseto,Grosseto,Grosseto,Toscana,ASL (consultori familiari e altri servizi territoriali),,False,False,False,False,False,False,False,[],,azienda usl 9 di grosseto,asl (consultori familiari e altri servizi territoriali),grosseto,grosseto,toscana,
43.718988,10.947244,Comitato Regionale,Empoli,Firenze,Toscana,ASSOCIAZIONI DI PROMOZIONE SOCIALE,,False,False,False,False,False,False,False,[],,comitato regionale,associazioni di promozione sociale,empoli,firenze,toscana,
42.965589,11.900268,Comune di Cetona,Cetona,Siena,Toscana,Comuni,attore,False,False,True,False,False,False,False,['attore'],,comune di cetona,comuni,cetona,siena,toscana,attore
43.058589,11.831269,Comune di Chianciano Terme,Chianciano Terme,Siena,Toscana,Comuni,attore,False,False,True,False,False,False,False,['attore'],,comune di chianciano terme,comuni,chianciano terme,siena,toscana,attore
43.092786,11.780447,Comune di Montepulciano,Montepulciano,Siena,Toscana,Comuni,attore,False,False,True,False,False,False,False,['attore'],,comune di montepulciano,comuni,montepulciano,siena,toscana,attore
42.871242,11.87525,Comune di San Casciano dei Bagni,San Casciano Dei Bagni,Siena,Toscana,Comuni,attore,False,False,True,False,False,False,False,['attore'],,comune di san casciano dei bagni,comuni,san casciano dei bagni,siena,toscana,attore
42.989525,11.869161,Comune di Sarteano,Sarteano,Siena,Toscana,Comuni,attore,False,False,True,False,False,False,False,['attore'],,comune di sarteano,comuni,sarteano,siena,toscana,attore
43.016668,11.947716,Comune di Chiusi,Chiusi,Siena,Toscana,Comuni,attore,False,False,True,False,False,False,False,['attore'],,comune di chiusi,comuni,chiusi,siena,toscana,attore
43.21214,11.736972,Comune di Sinalunga,Sinalunga,Siena,Toscana,Comuni,attore,False,False,True,False,False,False,False,['attore'],,comune di sinalunga,comuni,sinalunga,siena,toscana,attore
43.166652,11.771916,Comune di Torrita di Siena,Torrita Di Siena,Siena,Toscana,Comuni,attore,False,False,True,False,False,False,False,['attore'],,comune di torrita di siena,comuni,torrita di siena,siena,toscana,attore
43.188905,11.667633,Comune di Trequanda,Trequanda,Siena,Toscana,Comuni,attore,False,False,True,False,False,False,False,['attore'],,comune di trequanda,comuni,trequanda,siena,toscana,attore
43.092786,11.780447,Associazione Amica Donna,Montepulciano,Siena,Toscana,ASSOCIAZIONI DI PROMOZIONE SOCIALE,attore,False,False,True,False,False,False,False,['attore'],,associazione amica donna,associazioni di promozione sociale,montepulciano,siena,toscana,attore
43.111831,12.388538,Prefettura di Perugia,Perugia,Perugia,Umbria,Prefettura,attore,False,False,True,False,False,False,False,['attore'],,prefettura di perugia,prefettura,perugia,perugia,umbria,attore
42.56074,12.646782,Prefettura di Terni,Terni,Terni,Umbria,Prefettura,attore,False,False,True,False,False,False,False,['attore'],,prefettura di terni,prefettura,terni,terni,umbria,attore
43.111831,12.388538,Corte d’appello di Perugia,Perugia,Perugia,Umbria,Procura Ordinaria/Tribunale/Corte d'appello,attore,False,False,True,False,False,False,False,['attore'],,corte d’appello di perugia,procura ordinaria/tribunale/corte d'appello,perugia,perugia,umbria,attore
43.111831,12.388538,Procura Generale della Repubblica presso la Corte d’appello di Perugia,Perugia,Perugia,Umbria,Procura Ordinaria/Tribunale/Corte d'appello,attore,False,False,True,False,False,False,False,['attore'],,procura generale della repubblica presso la corte d’appello di perugia,procura ordinaria/tribunale/corte d'appello,perugia,perugia,umbria,attore
43.111831,12.388538,Tribunale di Perugia,Perugia,Perugia,Umbria,Procura Ordinaria/Tribunale/Corte d'appello,attore,False,False,True,False,False,False,False,['attore'],,tribunale di perugia,procura ordinaria/tribunale/corte d'appello,perugia,perugia,umbria,attore
43.111831,12.388538,Procura della Repubblica presso il Tribunale di Perugia,Perugia,Perugia,Umbria,Procura Ordinaria/Tribunale/Corte d'appello,attore,False,False,True,False,False,False,False,['attore'],,procura della repubblica presso il tribunale di perugia,procura ordinaria/tribunale/corte d'appello,perugia,perugia,umbria,attore
42.56074,12.646782,Tribunale di Terni,Terni,Terni,Umbria,Procura Ordinaria/Tribunale/Corte d'appello,attore,False,False,True,False,False,False,False,['attore'],,tribunale di terni,procura ordinaria/tribunale/corte d'appello,terni,terni,umbria,attore
42.56074,12.646782,Procura della Repubblica presso il Tribunale di Terni,Terni,Terni,Umbria,Procura Ordinaria/Tribunale/Corte d'appello,attore,False,False,True,False,False,False,False,['attore'],,procura della repubblica presso il tribunale di terni,procura ordinaria/tribunale/corte d'appello,terni,terni,umbria,attore
42.734375,12.738365,Tribunale di Spoleto,Spoleto,Perugia,Umbria,Procura Ordinaria/Tribunale/Corte d'appello,attore,False,False,True,False,False,False,False,['attore'],,tribunale di spoleto,procura ordinaria/tribunale/corte d'appello,spoleto,perugia,umbria,attore
42.734375,12.738365,Procura della Repubblica presso il Tribunale di Spoleto,Spoleto,Perugia,Umbria,Procura Ordinaria/Tribunale/Corte d'appello,attore,False,False,True,False,False,False,False,['attore'],,procura della repubblica presso il tribunale di spoleto,procura ordinaria/tribunale/corte d'appello,spoleto,perugia,umbria,attore
43.111831,12.388538,Tribunale per i minorenni di Perugia,Perugia,Perugia,Umbria,Procura Minorile/Tribunale minorile,attore,False,False,True,False,False,False,False,['attore'],,tribunale per i minorenni di perugia,procura minorile/tribunale minorile,perugia,perugia,umbria,attore
43.111831,12.388538,Procura della Repubblica presso il Tribunale per i minorenni di Perugia,Perugia,Perugia,Umbria,Procura Minorile/Tribunale minorile,attore,False,False,True,False,False,False,False,['attore'],,procura della repubblica presso il tribunale per i minorenni di perugia,procura minorile/tribunale minorile,perugia,perugia,umbria,attore
43.111831,12.388538,Questura di Perugia,Perugia,Perugia,Umbria,Questura,attore,False,False,True,False,False,False,False,['attore'],,questura di perugia,questura,perugia,perugia,umbria,attore
42.56074,12.646782,Questura di Terni,Terni,Terni,Umbria,Questura,attore,False,False,True,False,False,False,False,['attore'],,questura di terni,questura,terni,terni,umbria,attore
43.457032,12.238209,Comune di Città di Castello,Città Di Castello,Perugia,Umbria,Comuni,attore,False,False,True,False,False,False,False,['attore'],,comune di città di castello,comuni,città di castello,perugia,umbria,attore
43.111831,12.388538,Comune di Perugia,Perugia,Perugia,Umbria,Comuni,attore,False,False,True,False,False,False,False,['attore'],,comune di perugia,comuni,perugia,perugia,umbria,attore
43.070858,12.614947,Comune di Assisi,Assisi,Perugia,Umbria,Comuni,attore,False,False,True,False,False,False,False,['attore'],,comune di assisi,comuni,assisi,perugia,umbria,attore
42.910777,12.337327,Comune di Marsciano,Marsciano,Perugia,Umbria,Comuni,attore,False,False,True,False,False,False,False,['attore'],,comune di marsciano,comuni,marsciano,perugia,umbria,attore
43.036461,12.53119,Unione dei Comuni del Trasimeno,,Perugia,Umbria,Unione dei Comuni,attore,False,False,True,False,False,False,False,['attore'],,unione dei comuni del trasimeno,unione dei comuni,,perugia,umbria,attore
42.792596,13.093182,Comune di Norcia,Norcia,Perugia,Umbria,Comuni,attore,False,False,True,False,False,False,False,['attore'],,comune di norcia,comuni,norcia,perugia,umbria,attore
43.352974,12.579303,Comune di Gubbio,Gubbio,Perugia,Umbria,Comuni,attore,False,False,True,False,False,False,False,['attore'],,comune di gubbio,comuni,gubbio,perugia,umbria,attore
42.95582,12.703252,Comune di Foligno,Foligno,Perugia,Umbria,Comuni,attore,False,False,True,False,False,False,False,['attore'],,comune di foligno,comuni,foligno,perugia,umbria,attore
42.734375,12.738365,Comune di Spoleto,Spoleto,Perugia,Umbria,Comuni,attore,False,False,True,False,False,False,False,['attore'],,comune di spoleto,comuni,spoleto,perugia,umbria,attore
42.56074,12.646782,Comune di Terni,Terni,Terni,Umbria,Comuni,attore,False,False,True,False,False,False,False,['attore'],,comune di terni,comuni,terni,terni,umbria,attore
42.51926,12.515185,Comune di Narni,Narni,Terni,Umbria,Comuni,attore,False,False,True,False,False,False,False,['attore'],,comune di narni,comuni,narni,terni,umbria,attore
42.718152,12.108224,Comune di Orvieto,Orvieto,Terni,Umbria,Comuni,attore,False,False,True,False,False,False,False,['attore'],,comune di orvieto,comuni,orvieto,terni,umbria,attore
43.111831,12.388538,Azienda Ospedaliera 'Santa Maria della Misericordia' Perugia,Perugia,Perugia,Umbria,"Ospedale (Pronto soccorso, ecc.)",attore,False,False,True,False,False,False,False,['attore'],,azienda ospedaliera 'santa maria della misericordia' perugia,"ospedale (pronto soccorso, ecc.)",perugia,perugia,umbria,attore
42.56074,12.646782,Azienda Ospedaliera 'Santa Maria' Terni,Terni,Terni,Umbria,"Ospedale (Pronto soccorso, ecc.)",attore,False,False,True,False,False,False,False,['attore'],,azienda ospedaliera 'santa maria' terni,"ospedale (pronto soccorso, ecc.)",terni,terni,umbria,attore
43.111831,12.388538,Ordine degli Avvocati di Perugia,Perugia,Perugia,Umbria,Ordine avvocati,attore,False,False,True,False,False,False,False,['attore'],,ordine degli avvocati di perugia,ordine avvocati,perugia,perugia,umbria,attore
42.56074,12.646782,Ordine degli Avvocati Terni,Terni,Terni,Umbria,Ordine avvocati,attore,False,False,True,False,False,False,False,['attore'],,ordine degli avvocati terni,ordine avvocati,terni,terni,umbria,attore
42.734375,12.738365,Ordine degli Avvocati Spoleto,Spoleto,Perugia,Umbria,Ordine avvocati,attore,False,False,True,False,False,False,False,['attore'],,ordine degli avvocati spoleto,ordine avvocati,spoleto,perugia,umbria,attore
43.111831,12.388538,Associazione Liberamente Donna,Perugia,Perugia,Umbria,Ente terzo settore - ETS (iscritto al RUNTS) costituito da donne per le donne,attore,False,False,True,False,False,False,False,['attore'],,associazione liberamente donna,ente terzo settore - ets (iscritto al runts) costituito da donne per le donne,perugia,perugia,umbria,attore
42.734375,12.738365,Associazione Donne contro la guerra,Spoleto,Perugia,Umbria,Ente terzo settore - ETS (iscritto al RUNTS) costituito da donne per le donne,attore,False,False,True,False,False,False,False,['attore'],,associazione donne contro la guerra,ente terzo settore - ets (iscritto al runts) costituito da donne per le donne,spoleto,perugia,umbria,attore
42.558769,12.411968,Associazione Donne forum amelia,Amelia,Terni,Umbria,Ente terzo settore - ETS (iscritto al RUNTS) costituito da donne per le donne,attore,False,False,True,False,False,False,False,['attore'],,associazione donne forum amelia,ente terzo settore - ets (iscritto al runts) costituito da donne per le donne,amelia,terni,umbria,attore
42.718152,12.108224,Associazione L’Albero di Antonia,Orvieto,Terni,Umbria,Ente terzo settore - ETS (iscritto al RUNTS) costituito da donne per le donne,attore,False,False,True,False,False,False,False,['attore'],,associazione l’albero di antonia,ente terzo settore - ets (iscritto al runts) costituito da donne per le donne,orvieto,terni,umbria,attore
42.952111,12.002534,Associazione Donne la Rosa,Città Della Pieve,Perugia,Umbria,Ente terzo settore - ETS (iscritto al RUNTS) costituito da donne per le donne,attore,False,False,True,False,False,False,False,['attore'],,associazione donne la rosa,ente terzo settore - ets (iscritto al runts) costituito da donne per le donne,città della pieve,perugia,umbria,attore
42.952111,12.002534,Associazione Accademia Pietro Vannucci,Città Della Pieve,Perugia,Umbria,Ente terzo settore - ETS (iscritto al RUNTS) costituito da donne per le donne,attore,False,False,True,False,False,False,False,['attore'],,associazione accademia pietro vannucci,ente terzo settore - ets (iscritto al runts) costituito da donne per le donne,città della pieve,perugia,umbria,attore
43.910102,12.913395,Ambito Territoriale Sociale n.1 di Pesaro,Pesaro,Pesaro E Urbino,Marche,"Ambiti della programmazione sociale e socio-sanitaria (Ambiti Sociali, Piani di Zona, Distretti socio-sanitari, Società della Salute)","firmatario, proponente, attore, coordinamento",True,True,True,False,False,True,True,"['firmatario', 'proponente', 'attore', 'coordinamento']",coordinamento,ambito territoriale sociale n.1 di pesaro,"ambiti della programmazione sociale e socio-sanitaria (ambiti sociali, piani di zona, distretti socio-sanitari, società della salute)",pesaro,pesaro e urbino,marche,"firmatario, proponente, attore, coordinamento"
43.545484,12.647433,Ambito Territoriale Sociale N.3 Cagli,Cagli,Pesaro E Urbino,Marche,"Ambiti della programmazione sociale e socio-sanitaria (Ambiti Sociali, Piani di Zona, Distretti socio-sanitari, Società della Salute)","firmatario, attore",True,False,True,False,False,False,False,"['firmatario', 'attore']",,ambito territoriale sociale n.3 cagli,"ambiti della programmazione sociale e socio-sanitaria (ambiti sociali, piani di zona, distretti socio-sanitari, società della salute)",cagli,pesaro e urbino,marche,"firmatario, attore"
43.725067,12.637266,Ambito Territoriale Sociale N. 4 Urbino,Urbino,Pesaro E Urbino,Marche,"Ambiti della programmazione sociale e socio-sanitaria (Ambiti Sociali, Piani di Zona, Distretti socio-sanitari, Società della Salute)","firmatario, attore",True,False,True,False,False,False,False,"['firmatario', 'attore']",,ambito territoriale sociale n. 4 urbino,"ambiti della programmazione sociale e socio-sanitaria (ambiti sociali, piani di zona, distretti socio-sanitari, società della salute)",urbino,pesaro e urbino,marche,"firmatario, attore"
43.781175,12.335962,Ambito Territoriale Sociale N. 5 Carpegna,Carpegna,Pesaro E Urbino,Marche,"Ambiti della programmazione sociale e socio-sanitaria (Ambiti Sociali, Piani di Zona, Distretti socio-sanitari, Società della Salute)","firmatario, attore",True,False,True,False,False,False,False,"['firmatario', 'attore']",,ambito territoriale sociale n. 5 carpegna,"ambiti della programmazione sociale e socio-sanitaria (ambiti sociali, piani di zona, distretti socio-sanitari, società della salute)",carpegna,pesaro e urbino,marche,"firmatario, attore"
43.8433,13.019646,Ambito Territoriale Sociale N.6 Fano,Fano,Pesaro E Urbino,Marche,"Ambiti della programmazione sociale e socio-sanitaria (Ambiti Sociali, Piani di Zona, Distretti socio-sanitari, Società della Salute)","firmatario, attore",True,False,True,False,False,False,False,"['firmatario', 'attore']",,ambito territoriale sociale n.6 fano,"ambiti della programmazione sociale e socio-sanitaria (ambiti sociali, piani di zona, distretti socio-sanitari, società della salute)",fano,pesaro e urbino,marche,"firmatario, attore"
43.688949,12.806077,Ambito Territoriale Sociale N.7 Fossombrone,Fossombrone,Pesaro E Urbino,Marche,"Ambiti della programmazione sociale e socio-sanitaria (Ambiti Sociali, Piani di Zona, Distretti socio-sanitari, Società della Salute)","firmatario, attore",True,False,True,False,False,False,False,"['firmatario', 'attore']",,ambito territoriale sociale n.7 fossombrone,"ambiti della programmazione sociale e socio-sanitaria (ambiti sociali, piani di zona, distretti socio-sanitari, società della salute)",fossombrone,pesaro e urbino,marche,"firmatario, attore"
43.910102,12.913395,Procura della Repubblica - Tribunale di Pesaro,Pesaro,Pesaro E Urbino,Marche,Procura Ordinaria/Tribunale/Corte d'appello,"firmatario, attore",True,False,True,False,False,False,False,"['firmatario', 'attore']",,procura della repubblica - tribunale di pesaro,procura ordinaria/tribunale/corte d'appello,pesaro,pesaro e urbino,marche,"firmatario, attore"
43.725067,12.637266,Procura della Repubblica - Tribunale di Urbino,Urbino,Pesaro E Urbino,Marche,Procura Ordinaria/Tribunale/Corte d'appello,"firmatario, attore",True,False,True,False,False,False,False,"['firmatario', 'attore']",,procura della repubblica - tribunale di urbino,procura ordinaria/tribunale/corte d'appello,urbino,pesaro e urbino,marche,"firmatario, attore"
43.910102,12.913395,Ordine degli Avvocati di Pesaro,Pesaro,Pesaro E Urbino,Marche,Ordine avvocati,"firmatario, attore",True,False,True,False,False,False,False,"['firmatario', 'attore']",,ordine degli avvocati di pesaro,ordine avvocati,pesaro,pesaro e urbino,marche,"firmatario, attore"
43.725067,12.637266,Ordine degli Avvocati di Urbino,Urbino,Pesaro E Urbino,Marche,Ordine avvocati,"firmatario, attore",True,False,True,False,False,False,False,"['firmatario', 'attore']",,ordine degli avvocati di urbino,ordine avvocati,urbino,pesaro e urbino,marche,"firmatario, attore"
43.910102,12.913395,Comune di Pesaro,Pesaro,Pesaro E Urbino,Marche,Comuni,"firmatario, proponente, attore",True,True,True,False,False,False,False,"['firmatario', 'proponente', 'attore']",,comune di pesaro,comuni,pesaro,pesaro e urbino,marche,"firmatario, proponente, attore"
43.545484,12.647433,Comune di Cagli,Cagli,Pesaro E Urbino,Marche,Comuni,"firmatario, attore",True,False,True,False,False,False,False,"['firmatario', 'attore']",,comune di cagli,comuni,cagli,pesaro e urbino,marche,"firmatario, attore"
43.725067,12.637266,Comune di Urbino,Urbino,Pesaro E Urbino,Marche,Comuni,"firmatario, proponente, attore",True,True,True,False,False,False,False,"['firmatario', 'proponente', 'attore']",,comune di urbino,comuni,urbino,pesaro e urbino,marche,"firmatario, proponente, attore"
43.781175,12.335962,Comune di Carpegna,Carpegna,Pesaro E Urbino,Marche,Comuni,"firmatario, attore",True,False,True,False,False,False,False,"['firmatario', 'attore']",,comune di carpegna,comuni,carpegna,pesaro e urbino,marche,"firmatario, attore"
43.8433,13.019646,Comune di Fano,Fano,Pesaro E Urbino,Marche,Comuni,"firmatario, attore",True,False,True,False,False,False,False,"['firmatario', 'attore']",,comune di fano,comuni,fano,pesaro e urbino,marche,"firmatario, attore"
43.688949,12.806077,Comune di Fossombrone,Fossombrone,Pesaro E Urbino,Marche,Comuni,"firmatario, attore",True,False,True,False,False,False,False,"['firmatario', 'attore']",,comune di fossombrone,comuni,fossombrone,pesaro e urbino,marche,"firmatario, attore"
43.616739,13.518874,Prefettura di Ancona,Ancona,Ancona,Marche,Prefettura,"firmatario, attore, coordinamento",True,False,True,False,False,True,True,"['firmatario', 'attore', 'coordinamento']",coordinamento,prefettura di ancona,prefettura,ancona,ancona,marche,"firmatario, attore, coordinamento"
43.616739,13.518874,Comune di Ancona,Ancona,Ancona,Marche,Comuni,"firmatario, attore, gestione",True,False,True,True,False,False,True,"['firmatario', 'attore', 'gestione']",gestione,comune di ancona,comuni,ancona,ancona,marche,"firmatario, attore, gestione"
43.525696,13.21357,Provincia di Ancona,Ancona,Ancona,Marche,Province/Città metropolitane,"firmatario, attore",True,False,True,False,False,False,False,"['firmatario', 'attore']",,provincia di ancona,province/città metropolitane,ancona,ancona,marche,"firmatario, attore"
43.616739,13.518874,Tribunale di Ancona,Ancona,Ancona,Marche,Procura Ordinaria/Tribunale/Corte d'appello,"firmatario, attore",True,False,True,False,False,False,False,"['firmatario', 'attore']",,tribunale di ancona,procura ordinaria/tribunale/corte d'appello,ancona,ancona,marche,"firmatario, attore"
43.616739,13.518874,Procura della Repubblica c/o Tribunale di Ancona,Ancona,Ancona,Marche,Procura Ordinaria/Tribunale/Corte d'appello,"firmatario, attore",True,False,True,False,False,False,False,"['firmatario', 'attore']",,procura della repubblica c/o tribunale di ancona,procura ordinaria/tribunale/corte d'appello,ancona,ancona,marche,"firmatario, attore"
43.616739,13.518874,Tribunale per i Minorenni delle Marche,Ancona,Ancona,Marche,Procura Minorile/Tribunale minorile,"firmatario, attore",True,False,True,False,False,False,False,"['firmatario', 'attore']",,tribunale per i minorenni delle marche,procura minorile/tribunale minorile,ancona,ancona,marche,"firmatario, attore"
43.616739,13.518874,Procura della Repubblica c/o Tribunale per i Minorenni delle Marche,Ancona,Ancona,Marche,Procura Minorile/Tribunale minorile,"firmatario, attore",True,False,True,False,False,False,False,"['firmatario', 'attore']",,procura della repubblica c/o tribunale per i minorenni delle marche,procura minorile/tribunale minorile,ancona,ancona,marche,"firmatario, attore"
43.616739,13.518874,Questura di Ancona,Ancona,Ancona,Marche,Questura,"firmatario, attore",True,False,True,False,False,False,False,"['firmatario', 'attore']",,questura di ancona,questura,ancona,ancona,marche,"firmatario, attore"
43.525696,13.21357,Comando Provinciale Carabinieri,Ancona,Ancona,Marche,Carabinieri/Polizia/altre forze dell'ordine,"firmatario, attore",True,False,True,False,False,False,False,"['firmatario', 'attore']",,comando provinciale carabinieri,carabinieri/polizia/altre forze dell'ordine,ancona,ancona,marche,"firmatario, attore"
43.525696,13.21357,Comando Provinciale Guardia di Finanza,Ancona,Ancona,Marche,Carabinieri/Polizia/altre forze dell'ordine,"firmatario, attore",True,False,True,False,False,False,False,"['firmatario', 'attore']",,comando provinciale guardia di finanza,carabinieri/polizia/altre forze dell'ordine,ancona,ancona,marche,"firmatario, attore"
43.616739,13.518874,Polizia Locale Ancona,Ancona,Ancona,Marche,Polizia Municipale,"firmatario, attore",True,False,True,False,False,False,False,"['firmatario', 'attore']",,polizia locale ancona,polizia municipale,ancona,ancona,marche,"firmatario, attore"
43.616739,13.518874,AST Ancona,Ancona,Ancona,Marche,ASL (consultori familiari e altri servizi territoriali),"firmatario, attore",True,False,True,False,False,False,False,"['firmatario', 'attore']",,ast ancona,asl (consultori familiari e altri servizi territoriali),ancona,ancona,marche,"firmatario, attore"
43.616739,13.518874,Dipartimento Dipendenze Patologiche AST Ancona,Ancona,Ancona,Marche,ASL (consultori familiari e altri servizi territoriali),"firmatario, attore",True,False,True,False,False,False,False,"['firmatario', 'attore']",,dipartimento dipendenze patologiche ast ancona,asl (consultori familiari e altri servizi territoriali),ancona,ancona,marche,"firmatario, attore"
43.525696,13.21357,Ambiti Territoriali Sociali della Provincia di Ancona,Ancona,Ancona,Marche,"Ambiti della programmazione sociale e socio-sanitaria (Ambiti Sociali, Piani di Zona, Distretti socio-sanitari, Società della Salute)","firmatario, attore",True,False,True,False,False,False,False,"['firmatario', 'attore']",,ambiti territoriali sociali della provincia di ancona,"ambiti della programmazione sociale e socio-sanitaria (ambiti sociali, piani di zona, distretti socio-sanitari, società della salute)",ancona,ancona,marche,"firmatario, attore"
43.714775,13.217767,ATS 8 Senigallia,Senigallia,Ancona,Marche,"Ambiti della programmazione sociale e socio-sanitaria (Ambiti Sociali, Piani di Zona, Distretti socio-sanitari, Società della Salute)",attore,False,False,True,False,False,False,False,['attore'],,ats 8 senigallia,"ambiti della programmazione sociale e socio-sanitaria (ambiti sociali, piani di zona, distretti socio-sanitari, società della salute)",senigallia,ancona,marche,attore
43.522739,13.243754,ATS 9 Jesi,Jesi,Ancona,Marche,"Ambiti della programmazione sociale e socio-sanitaria (Ambiti Sociali, Piani di Zona, Distretti socio-sanitari, Società della Salute)",attore,False,False,True,False,False,False,False,['attore'],,ats 9 jesi,"ambiti della programmazione sociale e socio-sanitaria (ambiti sociali, piani di zona, distretti socio-sanitari, società della salute)",jesi,ancona,marche,attore
43.334106,12.907391,ATS 10 Fabriano,Fabriano,Ancona,Marche,"Ambiti della programmazione sociale e socio-sanitaria (Ambiti Sociali, Piani di Zona, Distretti socio-sanitari, Società della Salute)",attore,False,False,True,False,False,False,False,['attore'],,ats 10 fabriano,"ambiti della programmazione sociale e socio-sanitaria (ambiti sociali, piani di zona, distretti socio-sanitari, società della salute)",fabriano,ancona,marche,attore
43.616739,13.518874,ATS 11 Ancona,Ancona,Ancona,Marche,"Ambiti della programmazione sociale e socio-sanitaria (Ambiti Sociali, Piani di Zona, Distretti socio-sanitari, Società della Salute)","firmatario, attore",True,False,True,False,False,False,False,"['firmatario', 'attore']",,ats 11 ancona,"ambiti della programmazione sociale e socio-sanitaria (ambiti sociali, piani di zona, distretti socio-sanitari, società della salute)",ancona,ancona,marche,"firmatario, attore"
43.623309,13.393884,ATS 12 Falconara Marittima,Falconara Marittima,Ancona,Marche,"Ambiti della programmazione sociale e socio-sanitaria (Ambiti Sociali, Piani di Zona, Distretti socio-sanitari, Società della Salute)",attore,False,False,True,False,False,False,False,['attore'],,ats 12 falconara marittima,"ambiti della programmazione sociale e socio-sanitaria (ambiti sociali, piani di zona, distretti socio-sanitari, società della salute)",falconara marittima,ancona,marche,attore
43.486163,13.481902,ATS 13 Osimo,Osimo,Ancona,Marche,"Ambiti della programmazione sociale e socio-sanitaria (Ambiti Sociali, Piani di Zona, Distretti socio-sanitari, Società della Salute)",attore,False,False,True,False,False,False,False,['attore'],,ats 13 osimo,"ambiti della programmazione sociale e socio-sanitaria (ambiti sociali, piani di zona, distretti socio-sanitari, società della salute)",osimo,ancona,marche,attore
43.525696,13.21357,Consigliera di Parità per la Provincia di Ancona,Ancona,Ancona,Marche,Organismi di parità,"firmatario, attore",True,False,True,False,False,False,False,"['firmatario', 'attore']",,consigliera di parità per la provincia di ancona,organismi di parità,ancona,ancona,marche,"firmatario, attore"
43.616739,13.518874,Cooperativa Polo 9,Ancona,Ancona,Marche,IMPRESE SOCIALI,"firmatario, attore, gestione",True,False,True,True,False,False,True,"['firmatario', 'attore', 'gestione']",gestione,cooperativa polo 9,imprese sociali,ancona,ancona,marche,"firmatario, attore, gestione"
43.616739,13.518874,Associazione Donne e Giustizia di Ancona,Ancona,Ancona,Marche,CAV/Centri Antiviolenza,"firmatario, attore, gestione",True,False,True,True,False,False,True,"['firmatario', 'attore', 'gestione']",gestione,associazione donne e giustizia di ancona,cav/centri antiviolenza,ancona,ancona,marche,"firmatario, attore, gestione"
43.616739,13.518874,CGIL Ancona,Ancona,Ancona,Marche,Sindacati/Associazioni di categoria,"firmatario, attore",True,False,True,False,False,False,False,"['firmatario', 'attore']",,cgil ancona,sindacati/associazioni di categoria,ancona,ancona,marche,"firmatario, attore"
43.616739,13.518874,CISL Ancona,Ancona,Ancona,Marche,Sindacati/Associazioni di categoria,"firmatario, attore",True,False,True,False,False,False,False,"['firmatario', 'attore']",,cisl ancona,sindacati/associazioni di categoria,ancona,ancona,marche,"firmatario, attore"
43.616739,13.518874,UIL Ancona,Ancona,Ancona,Marche,Sindacati/Associazioni di categoria,"firmatario, attore",True,False,True,False,False,False,False,"['firmatario', 'attore']",,uil ancona,sindacati/associazioni di categoria,ancona,ancona,marche,"firmatario, attore"
43.616739,13.518874,Associazione La Voce dei Bambini Onlus,Ancona,Ancona,Marche,ASSOCIAZIONI DI PROMOZIONE SOCIALE,"firmatario, attore",True,False,True,False,False,False,False,"['firmatario', 'attore']",,associazione la voce dei bambini onlus,associazioni di promozione sociale,ancona,ancona,marche,"firmatario, attore"
43.525696,13.21357,Centro Antiviolenza Provinciale,Ancona,Ancona,Marche,CAV/Centri Antiviolenza,attore,False,False,True,False,False,False,False,['attore'],,centro antiviolenza provinciale,cav/centri antiviolenza,ancona,ancona,marche,attore
43.616739,13.518874,CUAV Centro Uomini Autori di Violenza Ancona,Ancona,Ancona,Marche,"Associazioni che si occupano di programmi di prevenzione, recupero e trattamento per uomini maltrattanti","firmatario, attore",True,False,True,False,False,False,False,"['firmatario', 'attore']",,cuav centro uomini autori di violenza ancona,"associazioni che si occupano di programmi di prevenzione, recupero e trattamento per uomini maltrattanti",ancona,ancona,marche,"firmatario, attore"
43.616739,13.518874,Casa Rifugio Zefiro Coop. Sociale Polo9,Ancona,Ancona,Marche,Case Rifugio,attore,False,False,True,False,False,False,False,['attore'],,casa rifugio zefiro coop. sociale polo9,case rifugio,ancona,ancona,marche,attore
43.616739,13.518874,Casa Demetra,Ancona,Ancona,Marche,Case Rifugio,attore,False,False,True,False,False,False,False,['attore'],,casa demetra,case rifugio,ancona,ancona,marche,attore
43.616739,13.518874,Consultorio Familiare A.S.T. Ancona,Ancona,Ancona,Marche,ASL (consultori familiari e altri servizi territoriali),"firmatario, attore",True,False,True,False,False,False,False,"['firmatario', 'attore']",,consultorio familiare a.s.t. ancona,asl (consultori familiari e altri servizi territoriali),ancona,ancona,marche,"firmatario, attore"
43.522739,13.243754,Consultorio Familiare A.S.T. Jesi,Jesi,Ancona,Marche,ASL (consultori familiari e altri servizi territoriali),attore,False,False,True,False,False,False,False,['attore'],,consultorio familiare a.s.t. jesi,asl (consultori familiari e altri servizi territoriali),jesi,ancona,marche,attore
43.334106,12.907391,Consultorio Familiare A.S.T. Fabriano,Fabriano,Ancona,Marche,ASL (consultori familiari e altri servizi territoriali),attore,False,False,True,False,False,False,False,['attore'],,consultorio familiare a.s.t. fabriano,asl (consultori familiari e altri servizi territoriali),fabriano,ancona,marche,attore
43.714775,13.217767,Consultorio Familiare A.S.T. Senigallia,Senigallia,Ancona,Marche,ASL (consultori familiari e altri servizi territoriali),attore,False,False,True,False,False,False,False,['attore'],,consultorio familiare a.s.t. senigallia,asl (consultori familiari e altri servizi territoriali),senigallia,ancona,marche,attore
43.910102,12.913395,Casa Emergenza a valenza regionale Pesaro,Pesaro,Pesaro E Urbino,Marche,Case Rifugio,attore,False,False,True,False,False,False,False,['attore'],,casa emergenza a valenza regionale pesaro,case rifugio,pesaro,pesaro e urbino,marche,attore
43.8433,13.019646,Casa Rifugio Mimosa Fano,Fano,Pesaro E Urbino,Marche,Case Rifugio,attore,False,False,True,False,False,False,False,['attore'],,casa rifugio mimosa fano,case rifugio,fano,pesaro e urbino,marche,attore
43.300217,13.453122,Casa Giuditta,Macerata,Macerata,Marche,Case Rifugio,attore,False,False,True,False,False,False,False,['attore'],,casa giuditta,case rifugio,macerata,macerata,marche,attore
43.300217,13.453122,Casa Eva,Macerata,Macerata,Marche,Case Rifugio,attore,False,False,True,False,False,False,False,['attore'],,casa eva,case rifugio,macerata,macerata,marche,attore
43.160557,13.718459,Casa dei Fiori di Mandorlo,Fermo,Fermo,Marche,Case Rifugio,attore,False,False,True,False,False,False,False,['attore'],,casa dei fiori di mandorlo,case rifugio,fermo,fermo,marche,attore
43.300217,13.453122,Prefettura - Ufficio Territoriale del Governo di Macerata,Macerata,Macerata,Marche,Prefettura,"firmatario, proponente, attore, coordinamento",True,True,True,False,False,True,True,"['firmatario', 'proponente', 'attore', 'coordinamento']",coordinamento,prefettura - ufficio territoriale del governo di macerata,prefettura,macerata,macerata,marche,"firmatario, proponente, attore, coordinamento"
43.300217,13.453122,Procura della Repubblica di Macerata,Macerata,Macerata,Marche,Procura Ordinaria/Tribunale/Corte d'appello,"firmatario, attore",True,False,True,False,False,False,False,"['firmatario', 'attore']",,procura della repubblica di macerata,procura ordinaria/tribunale/corte d'appello,macerata,macerata,marche,"firmatario, attore"
43.18934,13.280617,Provincia di Macerata,Macerata,Macerata,Marche,Province/Città metropolitane,"firmatario, attore",True,False,True,False,False,False,False,"['firmatario', 'attore']",,provincia di macerata,province/città metropolitane,macerata,macerata,marche,"firmatario, attore"
43.300217,13.453122,Comune di Macerata,Macerata,Macerata,Marche,Comuni,"firmatario, proponente, attore",True,True,True,False,False,False,False,"['firmatario', 'proponente', 'attore']",,comune di macerata,comuni,macerata,macerata,marche,"firmatario, proponente, attore"
43.306814,13.728398,Comune di Civitanova Marche,Civitanova Marche,Macerata,Marche,Comuni,"firmatario, attore",True,False,True,False,False,False,False,"['firmatario', 'attore']",,comune di civitanova marche,comuni,civitanova marche,macerata,marche,"firmatario, attore"
43.18934,13.280617,Unione Montana dei Monti Azzurri,,Macerata,Marche,Unione dei Comuni,"firmatario, attore",True,False,True,False,False,False,False,"['firmatario', 'attore']",,unione montana dei monti azzurri,unione dei comuni,,macerata,marche,"firmatario, attore"
43.18934,13.280617,Unione Montana Marca di Camerino,,Macerata,Marche,Unione dei Comuni,"firmatario, attore",True,False,True,False,False,False,False,"['firmatario', 'attore']",,unione montana marca di camerino,unione dei comuni,,macerata,marche,"firmatario, attore"
43.306814,13.728398,Ambito Territoriale Sociale n. 14 Civitanova Marche,Civitanova Marche,Macerata,Marche,"Ambiti della programmazione sociale e socio-sanitaria (Ambiti Sociali, Piani di Zona, Distretti socio-sanitari, Società della Salute)","firmatario, attore",True,False,True,False,False,False,False,"['firmatario', 'attore']",,ambito territoriale sociale n. 14 civitanova marche,"ambiti della programmazione sociale e socio-sanitaria (ambiti sociali, piani di zona, distretti socio-sanitari, società della salute)",civitanova marche,macerata,marche,"firmatario, attore"
43.300217,13.453122,Ambito Territoriale Sociale n. 15 Macerata,Macerata,Macerata,Marche,"Ambiti della programmazione sociale e socio-sanitaria (Ambiti Sociali, Piani di Zona, Distretti socio-sanitari, Società della Salute)","firmatario, attore",True,False,True,False,False,False,False,"['firmatario', 'attore']",,ambito territoriale sociale n. 15 macerata,"ambiti della programmazione sociale e socio-sanitaria (ambiti sociali, piani di zona, distretti socio-sanitari, società della salute)",macerata,macerata,marche,"firmatario, attore"
43.300217,13.453122,Questura di Macerata,Macerata,Macerata,Marche,Questura,"firmatario, attore",True,False,True,False,False,False,False,"['firmatario', 'attore']",,questura di macerata,questura,macerata,macerata,marche,"firmatario, attore"
43.18934,13.280617,Comando Provinciale Arma dei Carabinieri di Macerata,Macerata,Macerata,Marche,Carabinieri/Polizia/altre forze dell'ordine,"firmatario, attore",True,False,True,False,False,False,False,"['firmatario', 'attore']",,comando provinciale arma dei carabinieri di macerata,carabinieri/polizia/altre forze dell'ordine,macerata,macerata,marche,"firmatario, attore"
43.18934,13.280617,Comando Provinciale della Guardia di Finanza di Macerata,Macerata,Macerata,Marche,Carabinieri/Polizia/altre forze dell'ordine,"firmatario, attore",True,False,True,False,False,False,False,"['firmatario', 'attore']",,comando provinciale della guardia di finanza di macerata,carabinieri/polizia/altre forze dell'ordine,macerata,macerata,marche,"firmatario, attore"
43.300217,13.453122,Università di Macerata,Macerata,Macerata,Marche,Università,"firmatario, attore",True,False,True,False,False,False,False,"['firmatario', 'attore']",,università di macerata,università,macerata,macerata,marche,"firmatario, attore"
43.136005,13.067895,Università di Camerino,Camerino,Macerata,Marche,Università,"firmatario, attore",True,False,True,False,False,False,False,"['firmatario', 'attore']",,università di camerino,università,camerino,macerata,marche,"firmatario, attore"
43.300217,13.453122,Soroptimist International Club di Macerata,Macerata,Macerata,Marche,Altro,"firmatario, attore",True,False,True,False,False,False,False,"['firmatario', 'attore']",,soroptimist international club di macerata,altro,macerata,macerata,marche,"firmatario, attore"
43.300217,13.453122,Confartigianato Macerata,Macerata,Macerata,Marche,Sindacati/Associazioni di categoria,"firmatario, attore",True,False,True,False,False,False,False,"['firmatario', 'attore']",,confartigianato macerata,sindacati/associazioni di categoria,macerata,macerata,marche,"firmatario, attore"
43.300217,13.453122,CNA di Macerata,Macerata,Macerata,Marche,Sindacati/Associazioni di categoria,"firmatario, attore",True,False,True,False,False,False,False,"['firmatario', 'attore']",,cna di macerata,sindacati/associazioni di categoria,macerata,macerata,marche,"firmatario, attore"
43.300217,13.453122,Confesercenti Macerata,Macerata,Macerata,Marche,Sindacati/Associazioni di categoria,"firmatario, attore",True,False,True,False,False,False,False,"['firmatario', 'attore']",,confesercenti macerata,sindacati/associazioni di categoria,macerata,macerata,marche,"firmatario, attore"
43.300217,13.453122,Casartigiani Macerata,Macerata,Macerata,Marche,Sindacati/Associazioni di categoria,"firmatario, attore",True,False,True,False,False,False,False,"['firmatario', 'attore']",,casartigiani macerata,sindacati/associazioni di categoria,macerata,macerata,marche,"firmatario, attore"
43.300217,13.453122,Confcommercio Macerata,Macerata,Macerata,Marche,Sindacati/Associazioni di categoria,"firmatario, attore",True,False,True,False,False,False,False,"['firmatario', 'attore']",,confcommercio macerata,sindacati/associazioni di categoria,macerata,macerata,marche,"firmatario, attore"
43.300217,13.453122,Confindustria Macerata,Macerata,Macerata,Marche,Sindacati/Associazioni di categoria,"firmatario, attore",True,False,True,False,False,False,False,"['firmatario', 'attore']",,confindustria macerata,sindacati/associazioni di categoria,macerata,macerata,marche,"firmatario, attore"
43.300217,13.453122,Confcooperative Macerata,Macerata,Macerata,Marche,Sindacati/Associazioni di categoria,"firmatario, attore",True,False,True,False,False,False,False,"['firmatario', 'attore']",,confcooperative macerata,sindacati/associazioni di categoria,macerata,macerata,marche,"firmatario, attore"
43.300217,13.453122,Coldiretti Macerata,Macerata,Macerata,Marche,Sindacati/Associazioni di categoria,"firmatario, attore",True,False,True,False,False,False,False,"['firmatario', 'attore']",,coldiretti macerata,sindacati/associazioni di categoria,macerata,macerata,marche,"firmatario, attore"
43.300217,13.453122,Ordine delle Professioni Infermieristiche - Macerata,Macerata,Macerata,Marche,Altri ordini professionali,"firmatario, attore",True,False,True,False,False,False,False,"['firmatario', 'attore']",,ordine delle professioni infermieristiche - macerata,altri ordini professionali,macerata,macerata,marche,"firmatario, attore"
43.300217,13.453122,Ordine Avvocati Macerata,Macerata,Macerata,Marche,Ordine avvocati,"firmatario, attore",True,False,True,False,False,False,False,"['firmatario', 'attore']",,ordine avvocati macerata,ordine avvocati,macerata,macerata,marche,"firmatario, attore"
43.300217,13.453122,Osservatorio di Genere,Macerata,Macerata,Marche,ASSOCIAZIONI DI PROMOZIONE SOCIALE,"firmatario, attore",True,False,True,False,False,False,False,"['firmatario', 'attore']",,osservatorio di genere,associazioni di promozione sociale,macerata,macerata,marche,"firmatario, attore"
43.311242,13.312274,Associazione “Il Lume”,Treia,Macerata,Marche,IMPRESE SOCIALI,"firmatario, attore",True,False,True,False,False,False,False,"['firmatario', 'attore']",,associazione “il lume”,imprese sociali,treia,macerata,marche,"firmatario, attore"
43.160557,13.718459,Ufficio Territoriale del Governo di Fermo,Fermo,Fermo,Marche,Prefettura,"firmatario, attore",True,False,True,False,False,False,False,"['firmatario', 'attore']",,ufficio territoriale del governo di fermo,prefettura,fermo,fermo,marche,"firmatario, attore"
43.160557,13.718459,Procura della Repubblica presso il Tribunale Ordinario di Fermo,Fermo,Fermo,Marche,Procura Ordinaria/Tribunale/Corte d'appello,"firmatario, attore",True,False,True,False,False,False,False,"['firmatario', 'attore']",,procura della repubblica presso il tribunale ordinario di fermo,procura ordinaria/tribunale/corte d'appello,fermo,fermo,marche,"firmatario, attore"
43.160557,13.718459,Questura di Fermo,Fermo,Fermo,Marche,Questura,"firmatario, attore",True,False,True,False,False,False,False,"['firmatario', 'attore']",,questura di fermo,questura,fermo,fermo,marche,"firmatario, attore"
43.10338,13.599481,Comando Provinciale dei Carabinieri di Fermo,Fermo,Fermo,Marche,Carabinieri/Polizia/altre forze dell'ordine,"firmatario, attore",True,False,True,False,False,False,False,"['firmatario', 'attore']",,comando provinciale dei carabinieri di fermo,carabinieri/polizia/altre forze dell'ordine,fermo,fermo,marche,"firmatario, attore"
43.10338,13.599481,Comando Provinciale della Guardia di Finanza di Fermo,Fermo,Fermo,Marche,Carabinieri/Polizia/altre forze dell'ordine,"firmatario, attore",True,False,True,False,False,False,False,"['firmatario', 'attore']",,comando provinciale della guardia di finanza di fermo,carabinieri/polizia/altre forze dell'ordine,fermo,fermo,marche,"firmatario, attore"
43.10338,13.599481,Provincia di Fermo,Fermo,Fermo,Marche,Province/Città metropolitane,"firmatario, attore",True,False,True,False,False,False,False,"['firmatario', 'attore']",,provincia di fermo,province/città metropolitane,fermo,fermo,marche,"firmatario, attore"
43.10338,13.599481,Commissione Pari Opportunità Provincia di Fermo,Fermo,Fermo,Marche,Organismi di parità,"firmatario, attore",True,False,True,False,False,False,False,"['firmatario', 'attore']",,commissione pari opportunità provincia di fermo,organismi di parità,fermo,fermo,marche,"firmatario, attore"
43.160557,13.718459,AST di Fermo,Fermo,Fermo,Marche,ASL (consultori familiari e altri servizi territoriali),"firmatario, attore",True,False,True,False,False,False,False,"['firmatario', 'attore']",,ast di fermo,asl (consultori familiari e altri servizi territoriali),fermo,fermo,marche,"firmatario, attore"
43.160557,13.718459,Associazione Soroptimist International di Fermo,Fermo,Fermo,Marche,Ente terzo settore - ETS (iscritto al RUNTS),"firmatario, attore",True,False,True,False,False,False,False,"['firmatario', 'attore']",,associazione soroptimist international di fermo,ente terzo settore - ets (iscritto al runts),fermo,fermo,marche,"firmatario, attore"
43.10338,13.599481,"ITC ""Mattei"" di Amandola",Amandola,Fermo,Marche,Scuole/Ufficio scolastico provinciale e regionale,firmatario,True,False,False,False,False,False,False,['firmatario'],,"itc ""mattei"" di amandola",scuole/ufficio scolastico provinciale e regionale,amandola,fermo,marche,firmatario
43.10338,13.599481,C.F.P. Artigianelli di Fermo,Fermo,Fermo,Marche,Scuole/Ufficio scolastico provinciale e regionale,firmatario,True,False,False,False,False,False,False,['firmatario'],,c.f.p. artigianelli di fermo,scuole/ufficio scolastico provinciale e regionale,fermo,fermo,marche,firmatario
43.10338,13.599481,"I.C. ""Fracassetti - Capodarco"" di Fermo",Fermo,Fermo,Marche,Scuole/Ufficio scolastico provinciale e regionale,firmatario,True,False,False,False,False,False,False,['firmatario'],,"i.c. ""fracassetti - capodarco"" di fermo",scuole/ufficio scolastico provinciale e regionale,fermo,fermo,marche,firmatario
43.10338,13.599481,"I.C. ""Vincenzo Pagani"" di Monterubbiano",Monterubbiano,Fermo,Marche,Scuole/Ufficio scolastico provinciale e regionale,firmatario,True,False,False,False,False,False,False,['firmatario'],,"i.c. ""vincenzo pagani"" di monterubbiano",scuole/ufficio scolastico provinciale e regionale,monterubbiano,fermo,marche,firmatario
43.10338,13.599481,"I.C. ""Da Vinci - Ungaretti"" di Fermo",Fermo,Fermo,Marche,Scuole/Ufficio scolastico provinciale e regionale,firmatario,True,False,False,False,False,False,False,['firmatario'],,"i.c. ""da vinci - ungaretti"" di fermo",scuole/ufficio scolastico provinciale e regionale,fermo,fermo,marche,firmatario
43.10338,13.599481,"I.C. ""U. Betti"" di Fermo",Fermo,Fermo,Marche,Scuole/Ufficio scolastico provinciale e regionale,firmatario,True,False,False,False,False,False,False,['firmatario'],,"i.c. ""u. betti"" di fermo",scuole/ufficio scolastico provinciale e regionale,fermo,fermo,marche,firmatario
43.10338,13.599481,"I.C. ""Nardi"" di Porto San Giorgio",Porto San Giorgio,Fermo,Marche,Scuole/Ufficio scolastico provinciale e regionale,firmatario,True,False,False,False,False,False,False,['firmatario'],,"i.c. ""nardi"" di porto san giorgio",scuole/ufficio scolastico provinciale e regionale,porto san giorgio,fermo,marche,firmatario
43.10338,13.599481,"I.C. ""Falerone""",Falerone,Fermo,Marche,Scuole/Ufficio scolastico provinciale e regionale,firmatario,True,False,False,False,False,False,False,['firmatario'],,"i.c. ""falerone""",scuole/ufficio scolastico provinciale e regionale,falerone,fermo,marche,firmatario
43.10338,13.599481,"I.C. ""Petritoli""",Petritoli,Fermo,Marche,Scuole/Ufficio scolastico provinciale e regionale,firmatario,True,False,False,False,False,False,False,['firmatario'],,"i.c. ""petritoli""",scuole/ufficio scolastico provinciale e regionale,petritoli,fermo,marche,firmatario
43.10338,13.599481,"I.C. ""Monte Urano""",Monte Urano,Fermo,Marche,Scuole/Ufficio scolastico provinciale e regionale,firmatario,True,False,False,False,False,False,False,['firmatario'],,"i.c. ""monte urano""",scuole/ufficio scolastico provinciale e regionale,monte urano,fermo,marche,firmatario
43.10338,13.599481,"I.C. ""Sant’Elpidio a Mare""",Sant’Elpidio A Mare,Fermo,Marche,Scuole/Ufficio scolastico provinciale e regionale,firmatario,True,False,False,False,False,False,False,['firmatario'],,"i.c. ""sant’elpidio a mare""",scuole/ufficio scolastico provinciale e regionale,sant’elpidio a mare,fermo,marche,firmatario
43.160557,13.718459,Associazione Il Tempio di Bellona ASD - APS,Fermo,Fermo,Marche,ASSOCIAZIONI DI PROMOZIONE SOCIALE,firmatario,True,False,False,False,False,False,False,['firmatario'],,associazione il tempio di bellona asd - aps,associazioni di promozione sociale,fermo,fermo,marche,firmatario
43.10338,13.599481,Consigliera di Parità Provincia di Fermo,Fermo,Fermo,Marche,Organismi di parità,"firmatario, attore",True,False,True,False,False,False,False,"['firmatario', 'attore']",,consigliera di parità provincia di fermo,organismi di parità,fermo,fermo,marche,"firmatario, attore"
43.160557,13.718459,Comitato Pari Opportunità Consiglio dell'Ordine degli Avvocati del Tribunale di Fermo,Fermo,Fermo,Marche,Organismi di parità,firmatario,True,False,False,False,False,False,False,['firmatario'],,comitato pari opportunità consiglio dell'ordine degli avvocati del tribunale di fermo,organismi di parità,fermo,fermo,marche,firmatario
43.160557,13.718459,Osservatorio Nazionale Diritto di Famiglia Sezione Territoriale di Fermo,Fermo,Fermo,Marche,Altro,firmatario,True,False,False,False,False,False,False,['firmatario'],,osservatorio nazionale diritto di famiglia sezione territoriale di fermo,altro,fermo,fermo,marche,firmatario
43.160557,13.718459,Associazione Avvocati per la Famiglia Sezione Territoriale di Fermo,Fermo,Fermo,Marche,Altro,firmatario,True,False,False,False,False,False,False,['firmatario'],,associazione avvocati per la famiglia sezione territoriale di fermo,altro,fermo,fermo,marche,firmatario
43.160557,13.718459,Ordine degli Avvocati del Tribunale di Fermo,Fermo,Fermo,Marche,Ordine avvocati,firmatario,True,False,False,False,False,False,False,['firmatario'],,ordine degli avvocati del tribunale di fermo,ordine avvocati,fermo,fermo,marche,firmatario
43.10338,13.599481,Centro Formazione Professionale Artigianelli,Fermo,Fermo,Marche,Scuole/Ufficio scolastico provinciale e regionale,,False,False,False,False,False,False,False,[],,centro formazione professionale artigianelli,scuole/ufficio scolastico provinciale e regionale,fermo,fermo,marche,
43.10338,13.599481,Istituto Comprensivo Falerone ISC B,Falerone,Fermo,Marche,Scuole/Ufficio scolastico provinciale e regionale,,False,False,False,False,False,False,False,[],,istituto comprensivo falerone isc b,scuole/ufficio scolastico provinciale e regionale,falerone,fermo,marche,
43.10338,13.599481,Istituto Comprensivo Da Vinci Ungaretti,Fermo,Fermo,Marche,Scuole/Ufficio scolastico provinciale e regionale,,False,False,False,False,False,False,False,[],,istituto comprensivo da vinci ungaretti,scuole/ufficio scolastico provinciale e regionale,fermo,fermo,marche,
43.10338,13.599481,Istituto Comprensivo Omnicomprensivo di Amandola,Amandola,Fermo,Marche,Scuole/Ufficio scolastico provinciale e regionale,,False,False,False,False,False,False,False,[],,istituto comprensivo omnicomprensivo di amandola,scuole/ufficio scolastico provinciale e regionale,amandola,fermo,marche,
43.10338,13.599481,"Liceo Classico Statale ""Annibal Caro""",Fermo,Fermo,Marche,Scuole/Ufficio scolastico provinciale e regionale,,False,False,False,False,False,False,False,[],,"liceo classico statale ""annibal caro""",scuole/ufficio scolastico provinciale e regionale,fermo,fermo,marche,
42.853227,13.577155,Prefettura di Ascoli Piceno,Ascoli Piceno,Ascoli Piceno,Marche,Prefettura,"firmatario, attore",True,False,True,False,False,False,False,"['firmatario', 'attore']",,prefettura di ascoli piceno,prefettura,ascoli piceno,ascoli piceno,marche,"firmatario, attore"
42.853227,13.577155,Tribunale di Ascoli Piceno,Ascoli Piceno,Ascoli Piceno,Marche,Procura Ordinaria/Tribunale/Corte d'appello,"firmatario, attore",True,False,True,False,False,False,False,"['firmatario', 'attore']",,tribunale di ascoli piceno,procura ordinaria/tribunale/corte d'appello,ascoli piceno,ascoli piceno,marche,"firmatario, attore"
42.853227,13.577155,Questura di Ascoli Piceno,Ascoli Piceno,Ascoli Piceno,Marche,Questura,"firmatario, attore",True,False,True,False,False,False,False,"['firmatario', 'attore']",,questura di ascoli piceno,questura,ascoli piceno,ascoli piceno,marche,"firmatario, attore"
42.821,13.63257,Associazione On The Road Onlus,Folignano,Ascoli Piceno,Marche,ORGANIZZAZIONI DI VOLONTARIATO,"firmatario, attore",True,False,True,False,False,False,False,"['firmatario', 'attore']",,associazione on the road onlus,organizzazioni di volontariato,folignano,ascoli piceno,marche,"firmatario, attore"
42.921662,13.637053,Provincia di Ascoli Piceno,Ascoli Piceno,Ascoli Piceno,Marche,Province/Città metropolitane,"firmatario, attore",True,False,True,False,False,False,False,"['firmatario', 'attore']",,provincia di ascoli piceno,province/città metropolitane,ascoli piceno,ascoli piceno,marche,"firmatario, attore"
42.921662,13.637053,Consigliera di parità della Provincia di Ascoli Piceno,Ascoli Piceno,Ascoli Piceno,Marche,Organismi di parità,"firmatario, attore",True,False,True,False,False,False,False,"['firmatario', 'attore']",,consigliera di parità della provincia di ascoli piceno,organismi di parità,ascoli piceno,ascoli piceno,marche,"firmatario, attore"
42.943415,13.883213,Comune di San Benedetto del Tronto con la Cabina di Regia comunale di Contrasto della Violenza relazionale,San Benedetto Del Tronto,Ascoli Piceno,Marche,Comuni,"firmatario, attore",True,False,True,False,False,False,False,"['firmatario', 'attore']",,comune di san benedetto del tronto con la cabina di regia comunale di contrasto della violenza relazionale,comuni,san benedetto del tronto,ascoli piceno,marche,"firmatario, attore"
42.921662,13.637053,Ordine dei Medici Chirurghi e odontoiatri della provincia di Ascoli Piceno,Ascoli Piceno,Ascoli Piceno,Marche,Ordine medici e odontoiatri e Ordine farmacisti,"firmatario, attore",True,False,True,False,False,False,False,"['firmatario', 'attore']",,ordine dei medici chirurghi e odontoiatri della provincia di ascoli piceno,ordine medici e odontoiatri e ordine farmacisti,ascoli piceno,ascoli piceno,marche,"firmatario, attore"
42.853227,13.577155,Comune di Ascoli Piceno,Ascoli Piceno,Ascoli Piceno,Marche,Comuni,"firmatario, attore",True,False,True,False,False,False,False,"['firmatario', 'attore']",,comune di ascoli piceno,comuni,ascoli piceno,ascoli piceno,marche,"firmatario, attore"
43.910102,12.913395,Casa di Emergenza di Pesaro,Pesaro,Pesaro E Urbino,Marche,Case Rifugio,attore,False,False,True,False,False,False,False,['attore'],,casa di emergenza di pesaro,case rifugio,pesaro,pesaro e urbino,marche,attore
41.788708,12.667168,APS Ponte Donna,Grottaferrata,Roma,Lazio,ASSOCIAZIONI DI PROMOZIONE SOCIALE,"firmatario, attore, gestione",True,False,True,True,False,False,True,"['firmatario', 'attore', 'gestione']",gestione,aps ponte donna,associazioni di promozione sociale,grottaferrata,roma,lazio,"firmatario, attore, gestione"
42.320905,12.053332,Comune di Vetralla,Vetralla,Viterbo,Lazio,Comuni,,False,False,False,False,False,False,False,[],,comune di vetralla,comuni,vetralla,viterbo,lazio,
42.256475,12.178003,Comune di Capranica,Capranica,Viterbo,Lazio,Comuni,,False,False,False,False,False,False,False,[],,comune di capranica,comuni,capranica,viterbo,lazio,
42.218166,12.192906,Comune di Bassano Romano,Bassano Romano,Viterbo,Lazio,Comuni,,False,False,False,False,False,False,False,[],,comune di bassano romano,comuni,bassano romano,viterbo,lazio,
42.291461,12.21687,Comune di Ronciglione,Ronciglione,Viterbo,Lazio,Comuni,,False,False,False,False,False,False,False,[],,comune di ronciglione,comuni,ronciglione,viterbo,lazio,
42.158929,12.138289,Comune di Oriolo Romano,Oriolo Romano,Viterbo,Lazio,Comuni,,False,False,False,False,False,False,False,[],,comune di oriolo romano,comuni,oriolo romano,viterbo,lazio,
42.331726,12.266942,Comune di Carbognano,Carbognano,Viterbo,Lazio,Comuni,,False,False,False,False,False,False,False,[],,comune di carbognano,comuni,carbognano,viterbo,lazio,
42.215946,12.095057,Comune di Vejano,Vejano,Viterbo,Lazio,Comuni,,False,False,False,False,False,False,False,[],,comune di vejano,comuni,vejano,viterbo,lazio,
42.32765,12.238026,Comune di Caprarola,Caprarola,Viterbo,Lazio,Comuni,,False,False,False,False,False,False,False,[],,comune di caprarola,comuni,caprarola,viterbo,lazio,
42.241716,12.224692,Comune di Sutri,Sutri,Viterbo,Lazio,Comuni,,False,False,False,False,False,False,False,[],,comune di sutri,comuni,sutri,viterbo,lazio,
42.275141,12.025246,Comune di Blera,Blera,Viterbo,Lazio,Comuni,,False,False,False,False,False,False,False,[],,comune di blera,comuni,blera,viterbo,lazio,
42.196704,12.307883,Comune di Monterosi,Monterosi,Viterbo,Lazio,Comuni,,False,False,False,False,False,False,False,[],,comune di monterosi,comuni,monterosi,viterbo,lazio,
42.28345,12.052908,Comune di Villa San Giovanni in Tuscia,Villa San Giovanni In Tuscia,Viterbo,Lazio,Comuni,,False,False,False,False,False,False,False,[],,comune di villa san giovanni in tuscia,comuni,villa san giovanni in tuscia,viterbo,lazio,
41.788708,12.667168,APS Ponte Donna,Grottaferrata,Roma,Lazio,Ente terzo settore - ETS (iscritto al RUNTS) costituito da donne per le donne,"firmatario, attore, gestione",True,False,True,True,False,False,True,"['firmatario', 'attore', 'gestione']",gestione,aps ponte donna,ente terzo settore - ets (iscritto al runts) costituito da donne per le donne,grottaferrata,roma,lazio,"firmatario, attore, gestione"
42.320905,12.053332,Centro Antiviolenza Demetra VT4,Vetralla,Viterbo,Lazio,CAV/Centri Antiviolenza,,False,False,False,False,False,False,False,[],,centro antiviolenza demetra vt4,cav/centri antiviolenza,vetralla,viterbo,lazio,
42.416936,12.104498,Associazione AMAN,Viterbo,Viterbo,Lazio,Ente terzo settore - ETS (iscritto al RUNTS),"firmatario, attore",True,False,True,False,False,False,False,"['firmatario', 'attore']",,associazione aman,ente terzo settore - ets (iscritto al runts),viterbo,viterbo,lazio,"firmatario, attore"
41.788708,12.667168,Associazione Ponte Donna APS,Grottaferrata,Roma,Lazio,ASSOCIAZIONI DI PROMOZIONE SOCIALE,"firmatario, attore, gestione",True,False,True,True,False,False,True,"['firmatario', 'attore', 'gestione']",gestione,associazione ponte donna aps,associazioni di promozione sociale,grottaferrata,roma,lazio,"firmatario, attore, gestione"
42.158929,12.138289,Associazione Spazio Supporto Donna - APS,Oriolo Romano,Viterbo,Lazio,ASSOCIAZIONI DI PROMOZIONE SOCIALE,"firmatario, attore",True,False,True,False,False,False,False,"['firmatario', 'attore']",,associazione spazio supporto donna - aps,associazioni di promozione sociale,oriolo romano,viterbo,lazio,"firmatario, attore"
41.892984,12.483536,Procura,Roma,Roma,Lazio,Procura Ordinaria/Tribunale/Corte d'appello,attore,False,False,True,False,False,False,False,['attore'],,procura,procura ordinaria/tribunale/corte d'appello,roma,roma,lazio,attore
41.829819,13.14507,Comune,Piglio,Frosinone,Lazio,Comuni,attore,False,False,True,False,False,False,False,['attore'],,comune,comuni,piglio,frosinone,lazio,attore
42.416936,12.104498,Comune di Viterbo,Viterbo,Viterbo,Lazio,Comuni,attore,False,False,True,False,False,False,False,['attore'],,comune di viterbo,comuni,viterbo,viterbo,lazio,attore
41.892984,12.483536,APS Casa delle Donne Lucha y Siesta,Roma,Roma,Lazio,Ente terzo settore - ETS (iscritto al RUNTS) costituito da donne per le donne,"firmatario, attore, gestione",True,False,True,True,False,False,True,"['firmatario', 'attore', 'gestione']",gestione,aps casa delle donne lucha y siesta,ente terzo settore - ets (iscritto al runts) costituito da donne per le donne,roma,roma,lazio,"firmatario, attore, gestione"
41.892984,12.483536,Centro Antiviolenza ‘Sara Di Pietrantonio’ Universita ROMA TRE Roma,Roma,Roma,Lazio,CAV/Centri Antiviolenza,attore,False,False,True,False,False,False,False,['attore'],,centro antiviolenza ‘sara di pietrantonio’ universita roma tre roma,cav/centri antiviolenza,roma,roma,lazio,attore
41.892984,12.483536,APS Differenza Donna,Roma,Roma,Lazio,Ente terzo settore - ETS (iscritto al RUNTS) costituito da donne per le donne,"firmatario, attore, gestione",True,False,True,True,False,False,True,"['firmatario', 'attore', 'gestione']",gestione,aps differenza donna,ente terzo settore - ets (iscritto al runts) costituito da donne per le donne,roma,roma,lazio,"firmatario, attore, gestione"
41.892984,12.483536,Centro Antiviolenza presso L’Universita di Tor Vergata Roma,Roma,Roma,Lazio,CAV/Centri Antiviolenza,attore,False,False,True,False,False,False,False,['attore'],,centro antiviolenza presso l’universita di tor vergata roma,cav/centri antiviolenza,roma,roma,lazio,attore
42.416936,12.104498,Centro Antiviolenza presso L’Universita della Tuscia Viterbo,Viterbo,Viterbo,Lazio,CAV/Centri Antiviolenza,attore,False,False,True,False,False,False,False,['attore'],,centro antiviolenza presso l’universita della tuscia viterbo,cav/centri antiviolenza,viterbo,viterbo,lazio,attore
42.416936,12.104498,Universita della Tuscia,Viterbo,Viterbo,Lazio,Università,attore,False,False,True,False,False,False,False,['attore'],,universita della tuscia,università,viterbo,viterbo,lazio,attore
41.892984,12.483536,Universita ROMA TRE Roma,Roma,Roma,Lazio,Università,attore,False,False,True,False,False,False,False,['attore'],,universita roma tre roma,università,roma,roma,lazio,attore
41.892984,12.483536,Universita di Tor Vergata Roma,Roma,Roma,Lazio,Università,attore,False,False,True,False,False,False,False,['attore'],,universita di tor vergata roma,università,roma,roma,lazio,attore
42.254527,11.758661,Cooperativa Alicenova,Tarquinia,Viterbo,Lazio,IMPRESE SOCIALI,"firmatario, attore",True,False,True,False,False,False,False,"['firmatario', 'attore']",,cooperativa alicenova,imprese sociali,tarquinia,viterbo,lazio,"firmatario, attore"
42.416936,12.104498,Centro Antiviolenza presso l’Universita della Tuscia,Viterbo,Viterbo,Lazio,CAV/Centri Antiviolenza,,False,False,False,False,False,False,False,[],,centro antiviolenza presso l’universita della tuscia,cav/centri antiviolenza,viterbo,viterbo,lazio,
42.416936,12.104498,Universita della Tuscia,Viterbo,Viterbo,Lazio,Università,,False,False,False,False,False,False,False,[],,universita della tuscia,università,viterbo,viterbo,lazio,
41.892984,12.483536,Consiglio Regionale dell’Ordine degli Assistenti Sociali del Lazio,Roma,Roma,Lazio,Ordine psicologi e Ordine assistenti sociali,"firmatario, attore",True,False,True,False,False,False,False,"['firmatario', 'attore']",,consiglio regionale dell’ordine degli assistenti sociali del lazio,ordine psicologi e ordine assistenti sociali,roma,roma,lazio,"firmatario, attore"
41.719831,12.670644,Associazione PONTE DONNA APS,Ariccia,Roma,Lazio,ASSOCIAZIONI DI PROMOZIONE SOCIALE,"firmatario, attore",True,False,True,False,False,False,False,"['firmatario', 'attore']",,associazione ponte donna aps,associazioni di promozione sociale,ariccia,roma,lazio,"firmatario, attore"
41.892984,12.483536,Consiglio Nazionale,Roma,Roma,Lazio,ALTRI ENTI DEL TERZO SETTORE,,False,False,False,False,False,False,False,[],,consiglio nazionale,altri enti del terzo settore,roma,roma,lazio,
41.457489,12.661434,APS MammeFuori,Nettuno,Roma,Lazio,ASSOCIAZIONI DI PROMOZIONE SOCIALE,"firmatario, attore",True,False,True,False,False,False,False,"['firmatario', 'attore']",,aps mammefuori,associazioni di promozione sociale,nettuno,roma,lazio,"firmatario, attore"
41.448154,12.628708,Riserva Naturale Regionale di Tor Caldara,Anzio,Roma,Lazio,Altro,,False,False,False,False,False,False,False,[],,riserva naturale regionale di tor caldara,altro,anzio,roma,lazio,
41.944934,12.741641,scuole,Roma,Roma,Lazio,Scuole/Ufficio scolastico provinciale e regionale,,False,False,False,False,False,False,False,[],,scuole,scuole/ufficio scolastico provinciale e regionale,roma,roma,lazio,
41.944934,12.741641,ITET EMANUELA LOI,Nettuno,Roma,Lazio,Scuole/Ufficio scolastico provinciale e regionale,"firmatario, proponente, attore",True,True,True,False,False,False,False,"['firmatario', 'proponente', 'attore']",,itet emanuela loi,scuole/ufficio scolastico provinciale e regionale,nettuno,roma,lazio,"firmatario, proponente, attore"
41.892984,12.483536,Associazione Nazionale Volontarie Telefono Rosa - ODV,Roma,Roma,Lazio,CAV/Centri Antiviolenza,"firmatario, attore",True,False,True,False,False,False,False,"['firmatario', 'attore']",,associazione nazionale volontarie telefono rosa - odv,cav/centri antiviolenza,roma,roma,lazio,"firmatario, attore"
41.892984,12.483536,Centro Astalli per l’assistenza agli immigrati ODV,Roma,Roma,Lazio,ORGANIZZAZIONI DI VOLONTARIATO,"firmatario, attore",True,False,True,False,False,False,False,"['firmatario', 'attore']",,centro astalli per l’assistenza agli immigrati odv,organizzazioni di volontariato,roma,roma,lazio,"firmatario, attore"
41.592472,12.828797,Comune di Cisterna di Latina,Cisterna Di Latina,Latina,Lazio,Comuni,"firmatario, attore",True,False,True,False,False,False,False,"['firmatario', 'attore']",,comune di cisterna di latina,comuni,cisterna di latina,latina,lazio,"firmatario, attore"
42.091653,11.793306,Consulta delle Donne,Civitavecchia,Roma,Lazio,CAV/Centri Antiviolenza,attore,False,False,True,False,False,False,False,['attore'],,consulta delle donne,cav/centri antiviolenza,civitavecchia,roma,lazio,attore
41.592472,12.828797,Commissariato di Polizia di Stato di Cisterna di Latina,Cisterna Di Latina,Latina,Lazio,Carabinieri/Polizia/altre forze dell'ordine,"firmatario, attore",True,False,True,False,False,False,False,"['firmatario', 'attore']",,commissariato di polizia di stato di cisterna di latina,carabinieri/polizia/altre forze dell'ordine,cisterna di latina,latina,lazio,"firmatario, attore"
41.592472,12.828797,Carabinieri di Cisterna di Latina,Cisterna Di Latina,Latina,Lazio,Carabinieri/Polizia/altre forze dell'ordine,"firmatario, attore",True,False,True,False,False,False,False,"['firmatario', 'attore']",,carabinieri di cisterna di latina,carabinieri/polizia/altre forze dell'ordine,cisterna di latina,latina,lazio,"firmatario, attore"
41.467896,12.90319,Associazione Centro Donna Lilith,Latina,Latina,Lazio,CAV/Centri Antiviolenza,"firmatario, attore, gestione",True,False,True,True,False,False,True,"['firmatario', 'attore', 'gestione']",gestione,associazione centro donna lilith,cav/centri antiviolenza,latina,latina,lazio,"firmatario, attore, gestione"
41.643018,12.913025,Sportello antiviolenza Comune di Cori,Cori,Latina,Lazio,CAV/Centri Antiviolenza,attore,False,False,True,False,False,False,False,['attore'],,sportello antiviolenza comune di cori,cav/centri antiviolenza,cori,latina,lazio,attore
41.592472,12.828797,Sportello antiviolenza Comune di Cisterna di Latina,Cisterna Di Latina,Latina,Lazio,CAV/Centri Antiviolenza,"firmatario, attore",True,False,True,False,False,False,False,"['firmatario', 'attore']",,sportello antiviolenza comune di cisterna di latina,cav/centri antiviolenza,cisterna di latina,latina,lazio,"firmatario, attore"
41.639237,13.35057,Prefettura - U.T.G. di Frosinone,Frosinone,Frosinone,Lazio,Prefettura,"firmatario, attore",True,False,True,False,False,False,False,"['firmatario', 'attore']",,prefettura - u.t.g. di frosinone,prefettura,frosinone,frosinone,lazio,"firmatario, attore"
41.639237,13.35057,Procura della Repubblica presso il Tribunale di Frosinone,Frosinone,Frosinone,Lazio,Procura Ordinaria/Tribunale/Corte d'appello,"firmatario, attore",True,False,True,False,False,False,False,"['firmatario', 'attore']",,procura della repubblica presso il tribunale di frosinone,procura ordinaria/tribunale/corte d'appello,frosinone,frosinone,lazio,"firmatario, attore"
41.601803,13.565795,Amministrazione Provinciale di Frosinone,Frosinone,Frosinone,Lazio,Province/Città metropolitane,"firmatario, attore",True,False,True,False,False,False,False,"['firmatario', 'attore']",,amministrazione provinciale di frosinone,province/città metropolitane,frosinone,frosinone,lazio,"firmatario, attore"
41.639237,13.35057,Azienda Sanitaria Locale di Frosinone,Frosinone,Frosinone,Lazio,ASL (consultori familiari e altri servizi territoriali),"firmatario, attore",True,False,True,False,False,False,False,"['firmatario', 'attore']",,azienda sanitaria locale di frosinone,asl (consultori familiari e altri servizi territoriali),frosinone,frosinone,lazio,"firmatario, attore"
41.639237,13.35057,Consiglio dell’Ordine degli Avvocati di Frosinone,Frosinone,Frosinone,Lazio,Ordine avvocati,"firmatario, attore",True,False,True,False,False,False,False,"['firmatario', 'attore']",,consiglio dell’ordine degli avvocati di frosinone,ordine avvocati,frosinone,frosinone,lazio,"firmatario, attore"
41.639237,13.35057,Questura di Frosinone,Frosinone,Frosinone,Lazio,Questura,"firmatario, attore",True,False,True,False,False,False,False,"['firmatario', 'attore']",,questura di frosinone,questura,frosinone,frosinone,lazio,"firmatario, attore"
41.601803,13.565795,Comando Provinciale dell’Arma dei Carabinieri di Frosinone,Frosinone,Frosinone,Lazio,Carabinieri/Polizia/altre forze dell'ordine,"firmatario, attore",True,False,True,False,False,False,False,"['firmatario', 'attore']",,comando provinciale dell’arma dei carabinieri di frosinone,carabinieri/polizia/altre forze dell'ordine,frosinone,frosinone,lazio,"firmatario, attore"
41.720079,13.613681,Risorse Donna APS,Sora,Frosinone,Lazio,ASSOCIAZIONI DI PROMOZIONE SOCIALE,"firmatario, attore",True,False,True,False,False,False,False,"['firmatario', 'attore']",,risorse donna aps,associazioni di promozione sociale,sora,frosinone,lazio,"firmatario, attore"
41.803881,13.221884,APS Calcutta,Fiuggi,Frosinone,Lazio,ASSOCIAZIONI DI PROMOZIONE SOCIALE,"firmatario, attore",True,False,True,False,False,False,False,"['firmatario', 'attore']",,aps calcutta,associazioni di promozione sociale,fiuggi,frosinone,lazio,"firmatario, attore"
41.639237,13.35057,Auser del Frusinate,Frosinone,Frosinone,Lazio,ASSOCIAZIONI DI PROMOZIONE SOCIALE,"firmatario, attore",True,False,True,False,False,False,False,"['firmatario', 'attore']",,auser del frusinate,associazioni di promozione sociale,frosinone,frosinone,lazio,"firmatario, attore"
41.892984,12.483536,PARSEC COOPERATIVA SOCIALE A R.L.,Roma,Roma,Lazio,IMPRESE SOCIALI,"firmatario, attore",True,False,True,False,False,False,False,"['firmatario', 'attore']",,parsec cooperativa sociale a r.l.,imprese sociali,roma,roma,lazio,"firmatario, attore"
41.892984,12.483536,Associazione Tra le Donne,Roma,Roma,Lazio,ASSOCIAZIONI DI PROMOZIONE SOCIALE,"firmatario, attore",True,False,True,False,False,False,False,"['firmatario', 'attore']",,associazione tra le donne,associazioni di promozione sociale,roma,roma,lazio,"firmatario, attore"
41.892984,12.483536,Programma Integra scs,Roma,Roma,Lazio,Ente terzo settore - ETS (iscritto al RUNTS),"firmatario, attore",True,False,True,False,False,False,False,"['firmatario', 'attore']",,programma integra scs,ente terzo settore - ets (iscritto al runts),roma,roma,lazio,"firmatario, attore"
41.892984,12.483536,Associazione Casa delle Donne Lucha y Siesta,Roma,Roma,Lazio,Ente terzo settore - ETS (iscritto al RUNTS),"firmatario, attore",True,False,True,False,False,False,False,"['firmatario', 'attore']",,associazione casa delle donne lucha y siesta,ente terzo settore - ets (iscritto al runts),roma,roma,lazio,"firmatario, attore"
41.892984,12.483536,Municipio Roma V,Roma,Roma,Lazio,Comuni,"firmatario, proponente, attore, coordinamento",True,True,True,False,False,True,True,"['firmatario', 'proponente', 'attore', 'coordinamento']",coordinamento,municipio roma v,comuni,roma,roma,lazio,"firmatario, proponente, attore, coordinamento"
41.892984,12.483536,"Questura di Roma - Commissariati di P.S. Prenestino, Torpignattara e Porta Maggiore",Roma,Roma,Lazio,Questura,"firmatario, attore",True,False,True,False,False,False,False,"['firmatario', 'attore']",,"questura di roma - commissariati di p.s. prenestino, torpignattara e porta maggiore",questura,roma,roma,lazio,"firmatario, attore"
41.892984,12.483536,Polizia di Roma Capitale - V Gruppo Prenestino,Roma,Roma,Lazio,Polizia Municipale,"firmatario, attore",True,False,True,False,False,False,False,"['firmatario', 'attore']",,polizia di roma capitale - v gruppo prenestino,polizia municipale,roma,roma,lazio,"firmatario, attore"
41.892984,12.483536,ASS. DONNA & POLITICHE FAMILIARI,Roma,Roma,Lazio,ASSOCIAZIONI DI PROMOZIONE SOCIALE,"firmatario, attore",True,False,True,False,False,False,False,"['firmatario', 'attore']",,ass. donna & politiche familiari,associazioni di promozione sociale,roma,roma,lazio,"firmatario, attore"
41.892984,12.483536,DIFFERENZA DONNA,Roma,Roma,Lazio,ASSOCIAZIONI DI PROMOZIONE SOCIALE,"firmatario, attore",True,False,True,False,False,False,False,"['firmatario', 'attore']",,differenza donna,associazioni di promozione sociale,roma,roma,lazio,"firmatario, attore"
41.892984,12.483536,ANTEAS Roma,Roma,Roma,Lazio,ORGANIZZAZIONI DI VOLONTARIATO,"firmatario, attore",True,False,True,False,False,False,False,"['firmatario', 'attore']",,anteas roma,organizzazioni di volontariato,roma,roma,lazio,"firmatario, attore"
41.892984,12.483536,Associazione Casa delle donne Lucha y Siesta,Roma,Roma,Lazio,CAV/Centri Antiviolenza,"firmatario, attore",True,False,True,False,False,False,False,"['firmatario', 'attore']",,associazione casa delle donne lucha y siesta,cav/centri antiviolenza,roma,roma,lazio,"firmatario, attore"
41.892984,12.483536,Centro Antiviolenza “Angela Merlin”,Roma,Roma,Lazio,CAV/Centri Antiviolenza,"firmatario, attore",True,False,True,False,False,False,False,"['firmatario', 'attore']",,centro antiviolenza “angela merlin”,cav/centri antiviolenza,roma,roma,lazio,"firmatario, attore"
41.892984,12.483536,Dipartimento di Pubblica Sicurezza - Questura di Roma,Roma,Roma,Lazio,Questura,,False,False,False,False,False,False,False,[],,dipartimento di pubblica sicurezza - questura di roma,questura,roma,roma,lazio,
41.892984,12.483536,Osservatorio sul fenomeno della violenza di genere nel territorio del Municipio Roma V,Roma,Roma,Lazio,Altro,"firmatario, proponente, attore",True,True,True,False,False,False,False,"['firmatario', 'proponente', 'attore']",,osservatorio sul fenomeno della violenza di genere nel territorio del municipio roma v,altro,roma,roma,lazio,"firmatario, proponente, attore"
42.402954,12.860829,Prefettura di Rieti,Rieti,Rieti,Lazio,Prefettura,"firmatario, attore",True,False,True,False,False,False,False,"['firmatario', 'attore']",,prefettura di rieti,prefettura,rieti,rieti,lazio,"firmatario, attore"
42.402954,12.860829,Procura della Repubblica di Rieti,Rieti,Rieti,Lazio,Procura Ordinaria/Tribunale/Corte d'appello,"firmatario, attore",True,False,True,False,False,False,False,"['firmatario', 'attore']",,procura della repubblica di rieti,procura ordinaria/tribunale/corte d'appello,rieti,rieti,lazio,"firmatario, attore"
42.402954,12.860829,Tribunale di Rieti,Rieti,Rieti,Lazio,Procura Ordinaria/Tribunale/Corte d'appello,"firmatario, attore",True,False,True,False,False,False,False,"['firmatario', 'attore']",,tribunale di rieti,procura ordinaria/tribunale/corte d'appello,rieti,rieti,lazio,"firmatario, attore"
41.892984,12.483536,Procura della Repubblica presso il Tribunale dei Minorenni di Roma,Roma,Roma,Lazio,Procura Minorile/Tribunale minorile,"firmatario, attore",True,False,True,False,False,False,False,"['firmatario', 'attore']",,procura della repubblica presso il tribunale dei minorenni di roma,procura minorile/tribunale minorile,roma,roma,lazio,"firmatario, attore"
42.402954,12.860829,Questura di Rieti,Rieti,Rieti,Lazio,Questura,"firmatario, attore",True,False,True,False,False,False,False,"['firmatario', 'attore']",,questura di rieti,questura,rieti,rieti,lazio,"firmatario, attore"
42.327631,12.867068,Comando Provinciale dei Carabinieri di Rieti,Rieti,Rieti,Lazio,Carabinieri/Polizia/altre forze dell'ordine,"firmatario, attore",True,False,True,False,False,False,False,"['firmatario', 'attore']",,comando provinciale dei carabinieri di rieti,carabinieri/polizia/altre forze dell'ordine,rieti,rieti,lazio,"firmatario, attore"
42.402954,12.860829,Azienda Sanitaria Locale di Rieti,Rieti,Rieti,Lazio,ASL (consultori familiari e altri servizi territoriali),"firmatario, attore",True,False,True,False,False,False,False,"['firmatario', 'attore']",,azienda sanitaria locale di rieti,asl (consultori familiari e altri servizi territoriali),rieti,rieti,lazio,"firmatario, attore"
42.327631,12.867068,Ordine dei Medici della Provincia di Rieti,Rieti,Rieti,Lazio,Ordine medici e odontoiatri e Ordine farmacisti,"firmatario, attore",True,False,True,False,False,False,False,"['firmatario', 'attore']",,ordine dei medici della provincia di rieti,ordine medici e odontoiatri e ordine farmacisti,rieti,rieti,lazio,"firmatario, attore"
42.327631,12.867068,Ufficio Scolastico Regionale - Ambito Territoriale di Rieti,Rieti,Rieti,Lazio,Scuole/Ufficio scolastico provinciale e regionale,"firmatario, attore",True,False,True,False,False,False,False,"['firmatario', 'attore']",,ufficio scolastico regionale - ambito territoriale di rieti,scuole/ufficio scolastico provinciale e regionale,rieti,rieti,lazio,"firmatario, attore"
42.402954,12.860829,Comune di Rieti,Rieti,Rieti,Lazio,Comuni,"firmatario, attore",True,False,True,False,False,False,False,"['firmatario', 'attore']",,comune di rieti,comuni,rieti,rieti,lazio,"firmatario, attore"
41.892984,12.483536,Procura Generale presso la Corte d’Appello di Roma,Roma,Roma,Lazio,Procura Ordinaria/Tribunale/Corte d'appello,,False,False,False,False,False,False,False,[],,procura generale presso la corte d’appello di roma,procura ordinaria/tribunale/corte d'appello,roma,roma,lazio,
41.892984,12.483536,Corte d’Appello di Roma,Roma,Roma,Lazio,Procura Ordinaria/Tribunale/Corte d'appello,,False,False,False,False,False,False,False,[],,corte d’appello di roma,procura ordinaria/tribunale/corte d'appello,roma,roma,lazio,
42.402954,12.860829,Pronto Soccorso del Presidio Ospedaliero S. Camillo De Lellis di Rieti,Rieti,Rieti,Lazio,"Ospedale (Pronto soccorso, ecc.)","firmatario, attore",True,False,True,False,False,False,False,"['firmatario', 'attore']",,pronto soccorso del presidio ospedaliero s. camillo de lellis di rieti,"ospedale (pronto soccorso, ecc.)",rieti,rieti,lazio,"firmatario, attore"
42.402954,12.860829,Dipartimento di Emergenza e Accettazione del DEA di Primo Livello del Presidio Ospedaliero S. Camillo De Lellis di Rieti,Rieti,Rieti,Lazio,"Ospedale (Pronto soccorso, ecc.)","firmatario, attore",True,False,True,False,False,False,False,"['firmatario', 'attore']",,dipartimento di emergenza e accettazione del dea di primo livello del presidio ospedaliero s. camillo de lellis di rieti,"ospedale (pronto soccorso, ecc.)",rieti,rieti,lazio,"firmatario, attore"
42.327631,12.867068,Ambiti Territoriali della Provincia di Rieti,Rieti,Rieti,Lazio,"Ambiti della programmazione sociale e socio-sanitaria (Ambiti Sociali, Piani di Zona, Distretti socio-sanitari, Società della Salute)","firmatario, attore",True,False,True,False,False,False,False,"['firmatario', 'attore']",,ambiti territoriali della provincia di rieti,"ambiti della programmazione sociale e socio-sanitaria (ambiti sociali, piani di zona, distretti socio-sanitari, società della salute)",rieti,rieti,lazio,"firmatario, attore"
42.143418,12.504649,Associazione APS Happy Coaching and Counseling Roma,Morlupo,Roma,Lazio,ASSOCIAZIONI DI PROMOZIONE SOCIALE,"firmatario, attore",True,False,True,False,False,False,False,"['firmatario', 'attore']",,associazione aps happy coaching and counseling roma,associazioni di promozione sociale,morlupo,roma,lazio,"firmatario, attore"
41.892984,12.483536,Associazione Nazionale Volontarie Telefono Rosa - APS,Roma,Roma,Lazio,Ente terzo settore - ETS (iscritto al RUNTS) costituito da donne per le donne,"firmatario, attore",True,False,True,False,False,False,False,"['firmatario', 'attore']",,associazione nazionale volontarie telefono rosa - aps,ente terzo settore - ets (iscritto al runts) costituito da donne per le donne,roma,roma,lazio,"firmatario, attore"
41.892984,12.483536,Associazione La GRU - Germogli di Rinascita Urbana APS,Roma,Roma,Lazio,ASSOCIAZIONI DI PROMOZIONE SOCIALE,"firmatario, attore",True,False,True,False,False,False,False,"['firmatario', 'attore']",,associazione la gru - germogli di rinascita urbana aps,associazioni di promozione sociale,roma,roma,lazio,"firmatario, attore"
41.892984,12.483536,Sapienza in Movimento,Roma,Roma,Lazio,CAV/Centri Antiviolenza,,False,False,False,False,False,False,False,[],,sapienza in movimento,cav/centri antiviolenza,roma,roma,lazio,
41.892984,12.483536,Associazione Nazionale Volontarie Telefono Rosa - OdV,Roma,Roma,Lazio,Ente terzo settore - ETS (iscritto al RUNTS),"firmatario, attore",True,False,True,False,False,False,False,"['firmatario', 'attore']",,associazione nazionale volontarie telefono rosa - odv,ente terzo settore - ets (iscritto al runts),roma,roma,lazio,"firmatario, attore"
41.892984,12.483536,Cooperativa Ruotalibera Coop. Soc. Onlus,Roma,Roma,Lazio,Ente terzo settore - ETS (iscritto al RUNTS),"firmatario, attore",True,False,True,False,False,False,False,"['firmatario', 'attore']",,cooperativa ruotalibera coop. soc. onlus,ente terzo settore - ets (iscritto al runts),roma,roma,lazio,"firmatario, attore"
41.892984,12.483536,Sapienza in Movimento,Roma,Roma,Lazio,CAV/Centri Antiviolenza,"firmatario, attore",True,False,True,False,False,False,False,"['firmatario', 'attore']",,sapienza in movimento,cav/centri antiviolenza,roma,roma,lazio,"firmatario, attore"
41.892984,12.483536,Universita Sapienza di Roma,Roma,Roma,Lazio,Università,,False,False,False,False,False,False,False,[],,universita sapienza di roma,università,roma,roma,lazio,
41.892984,12.483536,"UNIVERSITA’ POPOLARE VITATTIVA a.p.6,8.d",Roma,Roma,Lazio,Altro,"firmatario, attore",True,False,True,False,False,False,False,"['firmatario', 'attore']",,"universita’ popolare vitattiva a.p.6,8.d",altro,roma,roma,lazio,"firmatario, attore"
41.892984,12.483536,ASSOCIAZIONE NAZIONALE VOLONTARIE TELEFONO ROSA ~ ONLUS,Roma,Roma,Lazio,CAV/Centri Antiviolenza,"firmatario, attore",True,False,True,False,False,False,False,"['firmatario', 'attore']",,associazione nazionale volontarie telefono rosa ~ onlus,cav/centri antiviolenza,roma,roma,lazio,"firmatario, attore"
41.892984,12.483536,RETAKE ROMA ODV,Roma,Roma,Lazio,ORGANIZZAZIONI DI VOLONTARIATO,"firmatario, attore",True,False,True,False,False,False,False,"['firmatario', 'attore']",,retake roma odv,organizzazioni di volontariato,roma,roma,lazio,"firmatario, attore"
41.892984,12.483536,DEDASCO Cooperativa Sociale,Roma,Roma,Lazio,Ente terzo settore - ETS (iscritto al RUNTS),"firmatario, attore",True,False,True,False,False,False,False,"['firmatario', 'attore']",,dedasco cooperativa sociale,ente terzo settore - ets (iscritto al runts),roma,roma,lazio,"firmatario, attore"
41.892984,12.483536,Associazione Nazionale Volontarie Telefono Rosa - APS,Roma,Roma,Lazio,Ente terzo settore - ETS (iscritto al RUNTS),"firmatario, attore",True,False,True,False,False,False,False,"['firmatario', 'attore']",,associazione nazionale volontarie telefono rosa - aps,ente terzo settore - ets (iscritto al runts),roma,roma,lazio,"firmatario, attore"
41.892984,12.483536,Centro di Riabilitazione Accreditato (DCA U00389 del 19/09/2019),Roma,Roma,Lazio,Altro,,False,False,False,False,False,False,False,[],,centro di riabilitazione accreditato (dca u00389 del 19/09/2019),altro,roma,roma,lazio,
41.892984,12.483536,Gli Amici di Conca D’Oro APS,Roma,Roma,Lazio,ASSOCIAZIONI DI PROMOZIONE SOCIALE,"firmatario, attore",True,False,True,False,False,False,False,"['firmatario', 'attore']",,gli amici di conca d’oro aps,associazioni di promozione sociale,roma,roma,lazio,"firmatario, attore"
41.892984,12.483536,IDEA PRISMA 82 Cooperativa Sociale,Roma,Roma,Lazio,IMPRESE SOCIALI,"firmatario, attore",True,False,True,False,False,False,False,"['firmatario', 'attore']",,idea prisma 82 cooperativa sociale,imprese sociali,roma,roma,lazio,"firmatario, attore"
41.892984,12.483536,Associazione Nazionale Volontarie Telefono Rosa - ODV,Roma,Roma,Lazio,Ente terzo settore - ETS (iscritto al RUNTS) costituito da donne per le donne,"firmatario, attore",True,False,True,False,False,False,False,"['firmatario', 'attore']",,associazione nazionale volontarie telefono rosa - odv,ente terzo settore - ets (iscritto al runts) costituito da donne per le donne,roma,roma,lazio,"firmatario, attore"
41.892984,12.483536,Tribunale Ordinario di Roma,Roma,Roma,Lazio,Procura Ordinaria/Tribunale/Corte d'appello,"firmatario, attore",True,False,True,False,False,False,False,"['firmatario', 'attore']",,tribunale ordinario di roma,procura ordinaria/tribunale/corte d'appello,roma,roma,lazio,"firmatario, attore"
41.892984,12.483536,Tribunale per i Minorenni di Roma,Roma,Roma,Lazio,Procura Minorile/Tribunale minorile,"firmatario, attore",True,False,True,False,False,False,False,"['firmatario', 'attore']",,tribunale per i minorenni di roma,procura minorile/tribunale minorile,roma,roma,lazio,"firmatario, attore"
41.892984,12.483536,Procura Ordinaria presso Tribunale di Roma,Roma,Roma,Lazio,Procura Ordinaria/Tribunale/Corte d'appello,"firmatario, attore",True,False,True,False,False,False,False,"['firmatario', 'attore']",,procura ordinaria presso tribunale di roma,procura ordinaria/tribunale/corte d'appello,roma,roma,lazio,"firmatario, attore"
41.892984,12.483536,Procura presso il Tribunale per i Minorenni di Roma,Roma,Roma,Lazio,Procura Minorile/Tribunale minorile,"firmatario, attore",True,False,True,False,False,False,False,"['firmatario', 'attore']",,procura presso il tribunale per i minorenni di roma,procura minorile/tribunale minorile,roma,roma,lazio,"firmatario, attore"
41.892984,12.483536,Consiglio Ordine Avvocati di Roma,Roma,Roma,Lazio,Ordine avvocati,"firmatario, attore",True,False,True,False,False,False,False,"['firmatario', 'attore']",,consiglio ordine avvocati di roma,ordine avvocati,roma,roma,lazio,"firmatario, attore"
41.892984,12.483536,Differenza Donna ONG,Roma,Roma,Lazio,CAV/Centri Antiviolenza,"firmatario, attore",True,False,True,False,False,False,False,"['firmatario', 'attore']",,differenza donna ong,cav/centri antiviolenza,roma,roma,lazio,"firmatario, attore"
41.892984,12.483536,Bee Free Cooperativa Sociale,Roma,Roma,Lazio,CAV/Centri Antiviolenza,"firmatario, attore",True,False,True,False,False,False,False,"['firmatario', 'attore']",,bee free cooperativa sociale,cav/centri antiviolenza,roma,roma,lazio,"firmatario, attore"
41.892984,12.483536,Prima Sezione Civile - Tribunale Ordinario di Roma,Roma,Roma,Lazio,Procura Ordinaria/Tribunale/Corte d'appello,"firmatario, attore",True,False,True,False,False,False,False,"['firmatario', 'attore']",,prima sezione civile - tribunale ordinario di roma,procura ordinaria/tribunale/corte d'appello,roma,roma,lazio,"firmatario, attore"
41.892984,12.483536,Nona Sezione Civile - Ufficio del giudice tutelare - Tribunale Ordinario di Roma,Roma,Roma,Lazio,Procura Ordinaria/Tribunale/Corte d'appello,"firmatario, attore",True,False,True,False,False,False,False,"['firmatario', 'attore']",,nona sezione civile - ufficio del giudice tutelare - tribunale ordinario di roma,procura ordinaria/tribunale/corte d'appello,roma,roma,lazio,"firmatario, attore"
41.892984,12.483536,Associazione Nazionale Volontarie Telefono Rosa - ONLUS,Roma,Roma,Lazio,Ente terzo settore - ETS (iscritto al RUNTS),"firmatario, attore",True,False,True,False,False,False,False,"['firmatario', 'attore']",,associazione nazionale volontarie telefono rosa - onlus,ente terzo settore - ets (iscritto al runts),roma,roma,lazio,"firmatario, attore"
41.892984,12.483536,ASSOCIAZIONE NAZIONALE VOLONTARIE TELEFONO ROSA ONLUS,Roma,Roma,Lazio,Ente terzo settore - ETS (iscritto al RUNTS),"firmatario, attore",True,False,True,False,False,False,False,"['firmatario', 'attore']",,associazione nazionale volontarie telefono rosa onlus,ente terzo settore - ets (iscritto al runts),roma,roma,lazio,"firmatario, attore"
46.063348,13.23543,Associazione Donne in Rinascita,Udine,Udine,Friuli-Venezia Giulia,Ente terzo settore - ETS (iscritto al RUNTS),"firmatario, attore",True,False,True,False,False,False,False,"['firmatario', 'attore']",,associazione donne in rinascita,ente terzo settore - ets (iscritto al runts),udine,udine,friuli-venezia giulia,"firmatario, attore"
41.473501,13.181633,Cooperativa “La Ginestra”,Priverno,Latina,Lazio,ASSOCIAZIONI DI PROMOZIONE SOCIALE,"attore, gestione",False,False,True,True,False,False,True,"['attore', 'gestione']",gestione,cooperativa “la ginestra”,associazioni di promozione sociale,priverno,latina,lazio,"attore, gestione"
41.473501,13.181633,La Ginestra - Centro di accoglienza per donne e minori in difficoltà,Priverno,Latina,Lazio,CAV/Centri Antiviolenza,attore,False,False,True,False,False,False,False,['attore'],,la ginestra - centro di accoglienza per donne e minori in difficoltà,cav/centri antiviolenza,priverno,latina,lazio,attore
41.892984,12.483536,Associazione Nazionale Volontarie del Telefono Rosa - Onlus,Roma,Roma,Lazio,ASSOCIAZIONI DI PROMOZIONE SOCIALE,"attore, gestione",False,False,True,True,False,False,True,"['attore', 'gestione']",gestione,associazione nazionale volontarie del telefono rosa - onlus,associazioni di promozione sociale,roma,roma,lazio,"attore, gestione"
42.460392,12.386236,Croce Rossa Italiana,Orte,Viterbo,Lazio,ORGANIZZAZIONI DI VOLONTARIATO,,False,False,False,False,False,False,False,[],,croce rossa italiana,organizzazioni di volontariato,orte,viterbo,lazio,
41.892984,12.483536,Patronato,Roma,Roma,Lazio,ASSOCIAZIONI DI PROMOZIONE SOCIALE,attore,False,False,True,False,False,False,False,['attore'],,patronato,associazioni di promozione sociale,roma,roma,lazio,attore
41.892984,12.483536,Associazione Nazionale Volontarie Telefono Rosa - APS,Roma,Roma,Lazio,CAV/Centri Antiviolenza,"firmatario, attore",True,False,True,False,False,False,False,"['firmatario', 'attore']",,associazione nazionale volontarie telefono rosa - aps,cav/centri antiviolenza,roma,roma,lazio,"firmatario, attore"
41.892984,12.483536,ACR La Librotéca,Roma,Roma,Lazio,Altro,"firmatario, attore",True,False,True,False,False,False,False,"['firmatario', 'attore']",,acr la librotéca,altro,roma,roma,lazio,"firmatario, attore"
41.892984,12.483536,Obiettivo Uomo Societa Cooperativa Sociale Ets,Roma,Roma,Lazio,IMPRESE SOCIALI,"firmatario, attore, gestione",True,False,True,True,False,False,True,"['firmatario', 'attore', 'gestione']",gestione,obiettivo uomo societa cooperativa sociale ets,imprese sociali,roma,roma,lazio,"firmatario, attore, gestione"
41.892984,12.483536,Formazione Obiettivo Uomo Societa Cooperativa Sociale Onlus,Roma,Roma,Lazio,IMPRESE SOCIALI,"firmatario, attore",True,False,True,False,False,False,False,"['firmatario', 'attore']",,formazione obiettivo uomo societa cooperativa sociale onlus,imprese sociali,roma,roma,lazio,"firmatario, attore"
42.260703,12.86987,Ohana,Torricella In Sabina,Rieti,Lazio,ASSOCIAZIONI DI PROMOZIONE SOCIALE,,False,False,False,False,False,False,False,[],,ohana,associazioni di promozione sociale,torricella in sabina,rieti,lazio,
41.892984,12.483536,Centro per la famiglia,Roma,Roma,Lazio,ORGANIZZAZIONI DI VOLONTARIATO,,False,False,False,False,False,False,False,[],,centro per la famiglia,organizzazioni di volontariato,roma,roma,lazio,
41.892984,12.483536,MUNICIPIO XV di ROMA CAPITALE,Roma,Roma,Lazio,Altro,"firmatario, attore",True,False,True,False,False,False,False,"['firmatario', 'attore']",,municipio xv di roma capitale,altro,roma,roma,lazio,"firmatario, attore"
41.892984,12.483536,DIFFERENZA DONNA - ASSOCIAZIONE DI DONNE CONTRO LA VIOLENZA ALLE DONNE APS,Roma,Roma,Lazio,Ente terzo settore - ETS (iscritto al RUNTS),"firmatario, attore",True,False,True,False,False,False,False,"['firmatario', 'attore']",,differenza donna - associazione di donne contro la violenza alle donne aps,ente terzo settore - ets (iscritto al runts),roma,roma,lazio,"firmatario, attore"
41.892984,12.483536,Roma Capitale,Roma,Roma,Lazio,Altro,"firmatario, attore",True,False,True,False,False,False,False,"['firmatario', 'attore']",,roma capitale,altro,roma,roma,lazio,"firmatario, attore"
41.892984,12.483536,Universita degli Studi di Roma Foro Italico,Roma,Roma,Lazio,Università,"firmatario, attore",True,False,True,False,False,False,False,"['firmatario', 'attore']",,universita degli studi di roma foro italico,università,roma,roma,lazio,"firmatario, attore"
41.892984,12.483536,Associazione Differenza Donna APS,Roma,Roma,Lazio,ASSOCIAZIONI DI PROMOZIONE SOCIALE,"firmatario, attore, gestione",True,False,True,True,False,False,True,"['firmatario', 'attore', 'gestione']",gestione,associazione differenza donna aps,associazioni di promozione sociale,roma,roma,lazio,"firmatario, attore, gestione"
41.892984,12.483536,Municipio Roma XV,Roma,Roma,Lazio,Altro,,False,False,False,False,False,False,False,[],,municipio roma xv,altro,roma,roma,lazio,
41.892984,12.483536,Centro Antiviolenza di Roma Capitale “Alda Merini”,Roma,Roma,Lazio,CAV/Centri Antiviolenza,,False,False,False,False,False,False,False,[],,centro antiviolenza di roma capitale “alda merini”,cav/centri antiviolenza,roma,roma,lazio,
41.892984,12.483536,Casa Rifugio di Roma Capitale di via Cassia 639,Roma,Roma,Lazio,Case Rifugio,,False,False,False,False,False,False,False,[],,casa rifugio di roma capitale di via cassia 639,case rifugio,roma,roma,lazio,
41.892984,12.483536,Roma Capitale,Roma,Roma,Lazio,Comuni,,False,False,False,False,False,False,False,[],,roma capitale,comuni,roma,roma,lazio,
41.892984,12.483536,Agenzia delle Entrate - Ufficio di Roma 1,Roma,Roma,Lazio,Altro,,False,False,False,False,False,False,False,[],,agenzia delle entrate - ufficio di roma 1,altro,roma,roma,lazio,
41.892984,12.483536,ASL Roma 1 - Distretto 1,Roma,Roma,Lazio,ASL (consultori familiari e altri servizi territoriali),"firmatario, attore",True,False,True,False,False,False,False,"['firmatario', 'attore']",,asl roma 1 - distretto 1,asl (consultori familiari e altri servizi territoriali),roma,roma,lazio,"firmatario, attore"
41.892984,12.483536,Municipio Roma I Centro,Roma,Roma,Lazio,Comuni,"firmatario, proponente, attore",True,True,True,False,False,False,False,"['firmatario', 'proponente', 'attore']",,municipio roma i centro,comuni,roma,roma,lazio,"firmatario, proponente, attore"
41.892984,12.483536,Associazione Differenza Donna - ONLUS,Roma,Roma,Lazio,Ente terzo settore - ETS (iscritto al RUNTS),"firmatario, proponente, attore, gestione",True,True,True,True,False,False,True,"['firmatario', 'proponente', 'attore', 'gestione']",gestione,associazione differenza donna - onlus,ente terzo settore - ets (iscritto al runts),roma,roma,lazio,"firmatario, proponente, attore, gestione"
41.892984,12.483536,Centro Antiviolenza,Roma,Roma,Lazio,CAV/Centri Antiviolenza,attore,False,False,True,False,False,False,False,['attore'],,centro antiviolenza,cav/centri antiviolenza,roma,roma,lazio,attore
41.892984,12.483536,ASSOCIAZIONE DIFFERENZA DONNA APS,Roma,Roma,Lazio,ASSOCIAZIONI DI PROMOZIONE SOCIALE,"firmatario, attore",True,False,True,False,False,False,False,"['firmatario', 'attore']",,associazione differenza donna aps,associazioni di promozione sociale,roma,roma,lazio,"firmatario, attore"
41.892984,12.483536,Questura di Roma,Roma,Roma,Lazio,Questura,attore,False,False,True,False,False,False,False,['attore'],,questura di roma,questura,roma,roma,lazio,attore
41.954983,12.069904,Associazione Dire,Ladispoli,Roma,Lazio,ASSOCIAZIONI DI PROMOZIONE SOCIALE,"firmatario, attore",True,False,True,False,False,False,False,"['firmatario', 'attore']",,associazione dire,associazioni di promozione sociale,ladispoli,roma,lazio,"firmatario, attore"
41.892984,12.483536,Be Free,Roma,Roma,Lazio,IMPRESE SOCIALI,"firmatario, attore",True,False,True,False,False,False,False,"['firmatario', 'attore']",,be free,imprese sociali,roma,roma,lazio,"firmatario, attore"
41.892984,12.483536,Associazione Agedo Roma,Roma,Roma,Lazio,Ente terzo settore - ETS (iscritto al RUNTS),"firmatario, attore",True,False,True,False,False,False,False,"['firmatario', 'attore']",,associazione agedo roma,ente terzo settore - ets (iscritto al runts),roma,roma,lazio,"firmatario, attore"
41.892984,12.483536,Nuove Risposte,Roma,Roma,Lazio,IMPRESE SOCIALI,"firmatario, attore",True,False,True,False,False,False,False,"['firmatario', 'attore']",,nuove risposte,imprese sociali,roma,roma,lazio,"firmatario, attore"
41.892984,12.483536,Dipartimento di Pubblica Sicurezza - Questura di Roma,Roma,Roma,Lazio,Questura,attore,False,False,True,False,False,False,False,['attore'],,dipartimento di pubblica sicurezza - questura di roma,questura,roma,roma,lazio,attore
41.892984,12.483536,Municipio IV,Roma,Roma,Lazio,Comuni,,False,False,False,False,False,False,False,[],,municipio iv,comuni,roma,roma,lazio,
41.892984,12.483536,Municipio V,Roma,Roma,Lazio,Comuni,,False,False,False,False,False,False,False,[],,municipio v,comuni,roma,roma,lazio,
41.892984,12.483536,Municipio VI,Roma,Roma,Lazio,Comuni,,False,False,False,False,False,False,False,[],,municipio vi,comuni,roma,roma,lazio,
41.892984,12.483536,Municipio VII,Roma,Roma,Lazio,Comuni,,False,False,False,False,False,False,False,[],,municipio vii,comuni,roma,roma,lazio,
41.892984,12.483536,Municipio VIII,Roma,Roma,Lazio,Comuni,,False,False,False,False,False,False,False,[],,municipio viii,comuni,roma,roma,lazio,
41.892984,12.483536,Municipio IX,Roma,Roma,Lazio,Comuni,,False,False,False,False,False,False,False,[],,municipio ix,comuni,roma,roma,lazio,
41.892984,12.483536,CREDICI s.r.l.,Roma,Roma,Lazio,Servizi per l'impiego,"firmatario, attore",True,False,True,False,False,False,False,"['firmatario', 'attore']",,credici s.r.l.,servizi per l'impiego,roma,roma,lazio,"firmatario, attore"
41.892984,12.483536,Associazione Differenza Donna APS,Roma,Roma,Lazio,ASSOCIAZIONI DI PROMOZIONE SOCIALE,"firmatario, proponente, attore, gestione",True,True,True,True,False,False,True,"['firmatario', 'proponente', 'attore', 'gestione']",gestione,associazione differenza donna aps,associazioni di promozione sociale,roma,roma,lazio,"firmatario, proponente, attore, gestione"
42.079888,12.400766,Centro Antiviolenza Galassia,Formello,Roma,Lazio,CAV/Centri Antiviolenza,,False,False,False,False,False,False,False,[],,centro antiviolenza galassia,cav/centri antiviolenza,formello,roma,lazio,
42.103649,12.175528,Ospedale Padre Pio di Bracciano,Bracciano,Roma,Lazio,"Ospedale (Pronto soccorso, ecc.)",,False,False,False,False,False,False,False,[],,ospedale padre pio di bracciano,"ospedale (pronto soccorso, ecc.)",bracciano,roma,lazio,
42.091653,11.793306,Ospedale San Paolo di Civitavecchia,Civitavecchia,Roma,Lazio,"Ospedale (Pronto soccorso, ecc.)",,False,False,False,False,False,False,False,[],,ospedale san paolo di civitavecchia,"ospedale (pronto soccorso, ecc.)",civitavecchia,roma,lazio,
42.091653,11.793306,Sportello Famiglia e Minori presso il TC di Civitavecchia,Civitavecchia,Roma,Lazio,Centri/Sportelli di ascolto,,False,False,False,False,False,False,False,[],,sportello famiglia e minori presso il tc di civitavecchia,centri/sportelli di ascolto,civitavecchia,roma,lazio,
42.156308,12.245956,Comune di Trevignano Romano,Trevignano Romano,Roma,Lazio,Comuni,"firmatario, attore",True,False,True,False,False,False,False,"['firmatario', 'attore']",,comune di trevignano romano,comuni,trevignano romano,roma,lazio,"firmatario, attore"
42.079888,12.400766,Centro Antiviolenza “Galassia”,Formello,Roma,Lazio,CAV/Centri Antiviolenza,,False,False,False,False,False,False,False,[],,centro antiviolenza “galassia”,cav/centri antiviolenza,formello,roma,lazio,
41.892984,12.483536,DIFFERENZA DONNA APS,Roma,Roma,Lazio,ASSOCIAZIONI DI PROMOZIONE SOCIALE,"firmatario, attore, gestione",True,False,True,True,False,False,True,"['firmatario', 'attore', 'gestione']",gestione,differenza donna aps,associazioni di promozione sociale,roma,roma,lazio,"firmatario, attore, gestione"
41.892984,12.483536,Municipio XIII di Roma Capitale,Roma,Roma,Lazio,Comuni,"firmatario, attore",True,False,True,False,False,False,False,"['firmatario', 'attore']",,municipio xiii di roma capitale,comuni,roma,roma,lazio,"firmatario, attore"
41.892984,12.483536,Servizio Sociale,Roma,Roma,Lazio,Servizi sociali comunali,attore,False,False,True,False,False,False,False,['attore'],,servizio sociale,servizi sociali comunali,roma,roma,lazio,attore
41.892984,12.483536,PROCURA PRESSO IL TRIBUNALE PER I MINORENNI,Roma,Roma,Lazio,Procura Minorile/Tribunale minorile,"firmatario, attore",True,False,True,False,False,False,False,"['firmatario', 'attore']",,procura presso il tribunale per i minorenni,procura minorile/tribunale minorile,roma,roma,lazio,"firmatario, attore"
41.892984,12.483536,DIFFERENZA DONNA,Roma,Roma,Lazio,CAV/Centri Antiviolenza,"firmatario, attore",True,False,True,False,False,False,False,"['firmatario', 'attore']",,differenza donna,cav/centri antiviolenza,roma,roma,lazio,"firmatario, attore"
41.892984,12.483536,Associazione Differenza Donna - Associazione di Donne contro la violenza alle donne Onlus,Roma,Roma,Lazio,ASSOCIAZIONI DI PROMOZIONE SOCIALE,"attore, gestione",False,False,True,True,False,False,True,"['attore', 'gestione']",gestione,associazione differenza donna - associazione di donne contro la violenza alle donne onlus,associazioni di promozione sociale,roma,roma,lazio,"attore, gestione"
41.963619,12.798637,Procura della Repubblica presso il Tribunale di Tivoli,Tivoli,Roma,Lazio,Procura Ordinaria/Tribunale/Corte d'appello,attore,False,False,True,False,False,False,False,['attore'],,procura della repubblica presso il tribunale di tivoli,procura ordinaria/tribunale/corte d'appello,tivoli,roma,lazio,attore
41.963619,12.798637,Centro Antiviolenza La Sibilla,Tivoli,Roma,Lazio,CAV/Centri Antiviolenza,attore,False,False,True,False,False,False,False,['attore'],,centro antiviolenza la sibilla,cav/centri antiviolenza,tivoli,roma,lazio,attore
41.963619,12.798637,Sportello Ospedaliero Antiviolenza Ospedale San Giovanni Evangelista di Tivoli,Tivoli,Roma,Lazio,Centri/Sportelli di ascolto,attore,False,False,True,False,False,False,False,['attore'],,sportello ospedaliero antiviolenza ospedale san giovanni evangelista di tivoli,centri/sportelli di ascolto,tivoli,roma,lazio,attore
41.730215,13.005821,Sportello Ospedaliero Antiviolenza Ospedale Leopoldo Parodi Delfino di Colleferro,Colleferro,Roma,Lazio,Centri/Sportelli di ascolto,attore,False,False,True,False,False,False,False,['attore'],,sportello ospedaliero antiviolenza ospedale leopoldo parodi delfino di colleferro,centri/sportelli di ascolto,colleferro,roma,lazio,attore
41.963619,12.798637,Ospedale San Giovanni Evangelista di Tivoli,Tivoli,Roma,Lazio,"Ospedale (Pronto soccorso, ecc.)",attore,False,False,True,False,False,False,False,['attore'],,ospedale san giovanni evangelista di tivoli,"ospedale (pronto soccorso, ecc.)",tivoli,roma,lazio,attore
41.730215,13.005821,Ospedale Leopoldo Parodi Delfino di Colleferro,Colleferro,Roma,Lazio,"Ospedale (Pronto soccorso, ecc.)",attore,False,False,True,False,False,False,False,['attore'],,ospedale leopoldo parodi delfino di colleferro,"ospedale (pronto soccorso, ecc.)",colleferro,roma,lazio,attore
41.892984,12.483536,Pronto Soccorso,Roma,Roma,Lazio,"Ospedale (Pronto soccorso, ecc.)",,False,False,False,False,False,False,False,[],,pronto soccorso,"ospedale (pronto soccorso, ecc.)",roma,roma,lazio,
41.892984,12.483536,Associazione Culturale Torraccia A.S.D.,Roma,Roma,Lazio,ORGANIZZAZIONI DI VOLONTARIATO,"firmatario, attore",True,False,True,False,False,False,False,"['firmatario', 'attore']",,associazione culturale torraccia a.s.d.,organizzazioni di volontariato,roma,roma,lazio,"firmatario, attore"
41.892984,12.483536,Comune di Roma,Roma,Roma,Lazio,Comuni,,False,False,False,False,False,False,False,[],,comune di roma,comuni,roma,roma,lazio,
41.892984,12.483536,Associazione di Promozione Sociale Genitori x la Scuola - APS,Roma,Roma,Lazio,ASSOCIAZIONI DI PROMOZIONE SOCIALE,"firmatario, attore",True,False,True,False,False,False,False,"['firmatario', 'attore']",,associazione di promozione sociale genitori x la scuola - aps,associazioni di promozione sociale,roma,roma,lazio,"firmatario, attore"
41.601803,13.565795,Scuola,Fiuggi,Frosinone,Lazio,Scuole/Ufficio scolastico provinciale e regionale,"firmatario, attore",True,False,True,False,False,False,False,"['firmatario', 'attore']",,scuola,scuole/ufficio scolastico provinciale e regionale,fiuggi,frosinone,lazio,"firmatario, attore"
41.892984,12.483536,Associazione Sportiva Dilettantistica Enjoy More,Roma,Roma,Lazio,Altro,"firmatario, attore",True,False,True,False,False,False,False,"['firmatario', 'attore']",,associazione sportiva dilettantistica enjoy more,altro,roma,roma,lazio,"firmatario, attore"
41.892984,12.483536,Con i Bambini,Roma,Roma,Lazio,IMPRESE SOCIALI,,False,False,False,False,False,False,False,[],,con i bambini,imprese sociali,roma,roma,lazio,
41.892984,12.483536,Associazione Nazionale Volontarie Telefono Rosa OdV,Roma,Roma,Lazio,CAV/Centri Antiviolenza,"firmatario, attore",True,False,True,False,False,False,False,"['firmatario', 'attore']",,associazione nazionale volontarie telefono rosa odv,cav/centri antiviolenza,roma,roma,lazio,"firmatario, attore"
41.892984,12.483536,Associazione COMITATO DI QUARTIERE “COMPRENSORIO PRATOLUNGO”,Roma,Roma,Lazio,Altro,"firmatario, attore",True,False,True,False,False,False,False,"['firmatario', 'attore']",,associazione comitato di quartiere “comprensorio pratolungo”,altro,roma,roma,lazio,"firmatario, attore"
41.829819,13.14507,Comune,Piglio,Frosinone,Lazio,Comuni,,False,False,False,False,False,False,False,[],,comune,comuni,piglio,frosinone,lazio,
41.892984,12.483536,Comitato di Quartiere Rebibbia,Roma,Roma,Lazio,Altro,"firmatario, attore",True,False,True,False,False,False,False,"['firmatario', 'attore']",,comitato di quartiere rebibbia,altro,roma,roma,lazio,"firmatario, attore"
41.892984,12.483536,Cooperativa Sociale LINEA SOCIALE - Onlus,Roma,Roma,Lazio,IMPRESE SOCIALI,"firmatario, attore",True,False,True,False,False,False,False,"['firmatario', 'attore']",,cooperativa sociale linea sociale - onlus,imprese sociali,roma,roma,lazio,"firmatario, attore"
41.892984,12.483536,Associazione Nazionale Volontarie Telefono Rosa - ONLUS,Roma,Roma,Lazio,CAV/Centri Antiviolenza,"firmatario, attore",True,False,True,False,False,False,False,"['firmatario', 'attore']",,associazione nazionale volontarie telefono rosa - onlus,cav/centri antiviolenza,roma,roma,lazio,"firmatario, attore"
41.892984,12.483536,Associazione Gli Amici di Roberto OdV,Roma,Roma,Lazio,ORGANIZZAZIONI DI VOLONTARIATO,"firmatario, attore",True,False,True,False,False,False,False,"['firmatario', 'attore']",,associazione gli amici di roberto odv,organizzazioni di volontariato,roma,roma,lazio,"firmatario, attore"
41.892984,12.483536,Biblioteche di Roma,Roma,Roma,Lazio,Altro,,False,False,False,False,False,False,False,[],,biblioteche di roma,altro,roma,roma,lazio,
41.492702,13.830522,Centro Antiviolenza “RINASCITA”,Cassino,Frosinone,Lazio,CAV/Centri Antiviolenza,attore,False,False,True,False,False,False,False,['attore'],,centro antiviolenza “rinascita”,cav/centri antiviolenza,cassino,frosinone,lazio,attore
41.492702,13.830522,Associazione Kalimess ODV,Cassino,Frosinone,Lazio,ASSOCIAZIONI DI PROMOZIONE SOCIALE,"firmatario, attore",True,False,True,False,False,False,False,"['firmatario', 'attore']",,associazione kalimess odv,associazioni di promozione sociale,cassino,frosinone,lazio,"firmatario, attore"
41.720079,13.613681,Associazione Risorse Donna APS,Sora,Frosinone,Lazio,ASSOCIAZIONI DI PROMOZIONE SOCIALE,"firmatario, attore",True,False,True,False,False,False,False,"['firmatario', 'attore']",,associazione risorse donna aps,associazioni di promozione sociale,sora,frosinone,lazio,"firmatario, attore"
41.998274,12.099213,Corpo della Polizia Locale del Comune di Cerveteri,Cerveteri,Roma,Lazio,Polizia Municipale,"firmatario, attore",True,False,True,False,False,False,False,"['firmatario', 'attore']",,corpo della polizia locale del comune di cerveteri,polizia municipale,cerveteri,roma,lazio,"firmatario, attore"
41.892984,12.483536,Be Free Societa Cooperativa Sociale,Roma,Roma,Lazio,IMPRESE SOCIALI,"firmatario, attore",True,False,True,False,False,False,False,"['firmatario', 'attore']",,be free societa cooperativa sociale,imprese sociali,roma,roma,lazio,"firmatario, attore"
41.255758,13.605957,ARTEINSIEME SOCIETA’ COOPERATIVA SOCIALE,Formia,Latina,Lazio,Ente terzo settore - ETS (iscritto al RUNTS),"firmatario, attore",True,False,True,False,False,False,False,"['firmatario', 'attore']",,arteinsieme societa’ cooperativa sociale,ente terzo settore - ets (iscritto al runts),formia,latina,lazio,"firmatario, attore"
41.467896,12.90319,Centro Donna Lilith Aps,Latina,Latina,Lazio,ASSOCIAZIONI DI PROMOZIONE SOCIALE,"firmatario, attore",True,False,True,False,False,False,False,"['firmatario', 'attore']",,centro donna lilith aps,associazioni di promozione sociale,latina,latina,lazio,"firmatario, attore"
41.473501,13.181633,Centro Antiviolenza LiberA di Priverno,Priverno,Latina,Lazio,CAV/Centri Antiviolenza,attore,False,False,True,False,False,False,False,['attore'],,centro antiviolenza libera di priverno,cav/centri antiviolenza,priverno,latina,lazio,attore
41.639237,13.35057,Prefettura - U.T.G. di Frosinone,Frosinone,Frosinone,Lazio,Prefettura,"firmatario, proponente, attore",True,True,True,False,False,False,False,"['firmatario', 'proponente', 'attore']",,prefettura - u.t.g. di frosinone,prefettura,frosinone,frosinone,lazio,"firmatario, proponente, attore"
41.639237,13.35057,Procura della Repubblica presso il Tribunale di Frosinone,Frosinone,Frosinone,Lazio,Procura Ordinaria/Tribunale/Corte d'appello,"firmatario, proponente, attore",True,True,True,False,False,False,False,"['firmatario', 'proponente', 'attore']",,procura della repubblica presso il tribunale di frosinone,procura ordinaria/tribunale/corte d'appello,frosinone,frosinone,lazio,"firmatario, proponente, attore"
41.601803,13.565795,Amministrazione Provinciale di Frosinone,Frosinone,Frosinone,Lazio,Province/Città metropolitane,"firmatario, proponente, attore",True,True,True,False,False,False,False,"['firmatario', 'proponente', 'attore']",,amministrazione provinciale di frosinone,province/città metropolitane,frosinone,frosinone,lazio,"firmatario, proponente, attore"
41.639237,13.35057,Azienda Sanitaria Locale di Frosinone,Frosinone,Frosinone,Lazio,ASL (consultori familiari e altri servizi territoriali),"firmatario, proponente, attore, gestione",True,True,True,True,False,False,True,"['firmatario', 'proponente', 'attore', 'gestione']",gestione,azienda sanitaria locale di frosinone,asl (consultori familiari e altri servizi territoriali),frosinone,frosinone,lazio,"firmatario, proponente, attore, gestione"
41.639237,13.35057,Consiglio dell’Ordine degli Avvocati di Frosinone,Frosinone,Frosinone,Lazio,Ordine avvocati,"firmatario, proponente, attore",True,True,True,False,False,False,False,"['firmatario', 'proponente', 'attore']",,consiglio dell’ordine degli avvocati di frosinone,ordine avvocati,frosinone,frosinone,lazio,"firmatario, proponente, attore"
41.720079,13.613681,Risorse Donna APS,Sora,Frosinone,Lazio,CAV/Centri Antiviolenza,"firmatario, attore, gestione",True,False,True,True,False,False,True,"['firmatario', 'attore', 'gestione']",gestione,risorse donna aps,cav/centri antiviolenza,sora,frosinone,lazio,"firmatario, attore, gestione"
41.803881,13.221884,APS Calcutta,Fiuggi,Frosinone,Lazio,CAV/Centri Antiviolenza,"firmatario, attore, gestione",True,False,True,True,False,False,True,"['firmatario', 'attore', 'gestione']",gestione,aps calcutta,cav/centri antiviolenza,fiuggi,frosinone,lazio,"firmatario, attore, gestione"
41.639237,13.35057,Auser del Frusinate,Frosinone,Frosinone,Lazio,CAV/Centri Antiviolenza,"firmatario, attore, gestione",True,False,True,True,False,False,True,"['firmatario', 'attore', 'gestione']",gestione,auser del frusinate,cav/centri antiviolenza,frosinone,frosinone,lazio,"firmatario, attore, gestione"
41.892984,12.483536,Corte di Appello di Roma,Roma,Roma,Lazio,Procura Ordinaria/Tribunale/Corte d'appello,,False,False,False,False,False,False,False,[],,corte di appello di roma,procura ordinaria/tribunale/corte d'appello,roma,roma,lazio,
41.892984,12.483536,Consultorio Familiare,Roma,Roma,Lazio,ASL (consultori familiari e altri servizi territoriali),,False,False,False,False,False,False,False,[],,consultorio familiare,asl (consultori familiari e altri servizi territoriali),roma,roma,lazio,
41.639237,13.35057,Azienda Sanitaria Locale di Frosinone,Frosinone,Frosinone,Lazio,ASL (consultori familiari e altri servizi territoriali),"firmatario, proponente, attore",True,True,True,False,False,False,False,"['firmatario', 'proponente', 'attore']",,azienda sanitaria locale di frosinone,asl (consultori familiari e altri servizi territoriali),frosinone,frosinone,lazio,"firmatario, proponente, attore"
41.720079,13.613681,Risorse Donna APS,Sora,Frosinone,Lazio,CAV/Centri Antiviolenza,"firmatario, attore",True,False,True,False,False,False,False,"['firmatario', 'attore']",,risorse donna aps,cav/centri antiviolenza,sora,frosinone,lazio,"firmatario, attore"
41.803881,13.221884,APS Calcutta,Fiuggi,Frosinone,Lazio,CAV/Centri Antiviolenza,"firmatario, attore",True,False,True,False,False,False,False,"['firmatario', 'attore']",,aps calcutta,cav/centri antiviolenza,fiuggi,frosinone,lazio,"firmatario, attore"
41.639237,13.35057,Auser del Frusinate,Frosinone,Frosinone,Lazio,CAV/Centri Antiviolenza,"firmatario, attore",True,False,True,False,False,False,False,"['firmatario', 'attore']",,auser del frusinate,cav/centri antiviolenza,frosinone,frosinone,lazio,"firmatario, attore"
41.892984,12.483536,Procura Generale presso la Corte di Appello di Roma,Roma,Roma,Lazio,Procura Ordinaria/Tribunale/Corte d'appello,,False,False,False,False,False,False,False,[],,procura generale presso la corte di appello di roma,procura ordinaria/tribunale/corte d'appello,roma,roma,lazio,
41.965038,12.903962,Associazione Volontarie Telefono Rosa Frosinone - Regione Lazio ODV,Ceccano,Frosinone,Lazio,CAV/Centri Antiviolenza,"firmatario, attore, gestione",True,False,True,True,False,False,True,"['firmatario', 'attore', 'gestione']",gestione,associazione volontarie telefono rosa frosinone - regione lazio odv,cav/centri antiviolenza,ceccano,frosinone,lazio,"firmatario, attore, gestione"
41.601803,13.565795,Provincia di Frosinone,Frosinone,Frosinone,Lazio,Province/Città metropolitane,"firmatario, proponente, attore",True,True,True,False,False,False,False,"['firmatario', 'proponente', 'attore']",,provincia di frosinone,province/città metropolitane,frosinone,frosinone,lazio,"firmatario, proponente, attore"
41.965038,12.903962,Associazione Volontarie Telefono Rosa Frosinone Regione Lazio ODV,Ceccano,Frosinone,Lazio,Ente terzo settore - ETS (iscritto al RUNTS),"firmatario, proponente, attore",True,True,True,False,False,False,False,"['firmatario', 'proponente', 'attore']",,associazione volontarie telefono rosa frosinone regione lazio odv,ente terzo settore - ets (iscritto al runts),ceccano,frosinone,lazio,"firmatario, proponente, attore"
41.639237,13.35057,Tribunale Ordinario di Frosinone,Frosinone,Frosinone,Lazio,Procura Ordinaria/Tribunale/Corte d'appello,"firmatario, attore",True,False,True,False,False,False,False,"['firmatario', 'attore']",,tribunale ordinario di frosinone,procura ordinaria/tribunale/corte d'appello,frosinone,frosinone,lazio,"firmatario, attore"
41.568398,13.333537,Comune di Ceccano,Ceccano,Frosinone,Lazio,Comuni,"firmatario, attore",True,False,True,False,False,False,False,"['firmatario', 'attore']",,comune di ceccano,comuni,ceccano,frosinone,lazio,"firmatario, attore"
41.568398,13.333537,Associazione Volontarie Telefono Rosa Frosinone - Centro di Orientamento per i diritti delle Donne Onlus,Ceccano,Frosinone,Lazio,CAV/Centri Antiviolenza,"firmatario, attore",True,False,True,False,False,False,False,"['firmatario', 'attore']",,associazione volontarie telefono rosa frosinone - centro di orientamento per i diritti delle donne onlus,cav/centri antiviolenza,ceccano,frosinone,lazio,"firmatario, attore"
41.568398,13.333537,Centro di Orientamento per i diritti delle Donne Onlus,Ceccano,Frosinone,Lazio,CAV/Centri Antiviolenza,"firmatario, attore",True,False,True,False,False,False,False,"['firmatario', 'attore']",,centro di orientamento per i diritti delle donne onlus,cav/centri antiviolenza,ceccano,frosinone,lazio,"firmatario, attore"
41.601803,13.565795,Amministrazione Provinciale di Frosinone,Frosinone,Frosinone,Lazio,Province/Città metropolitane,,False,False,False,False,False,False,False,[],,amministrazione provinciale di frosinone,province/città metropolitane,frosinone,frosinone,lazio,
41.892984,12.483536,Procura,Roma,Roma,Lazio,Procura Ordinaria/Tribunale/Corte d'appello,,False,False,False,False,False,False,False,[],,procura,procura ordinaria/tribunale/corte d'appello,roma,roma,lazio,
41.568398,13.333537,ASSOCIAZIONE VOLONTARIE TELEFONO ROSA FROSINONE,Ceccano,Frosinone,Lazio,CAV/Centri Antiviolenza,"firmatario, proponente, attore, coordinamento",True,True,True,False,False,True,True,"['firmatario', 'proponente', 'attore', 'coordinamento']",coordinamento,associazione volontarie telefono rosa frosinone,cav/centri antiviolenza,ceccano,frosinone,lazio,"firmatario, proponente, attore, coordinamento"
41.444465,13.405567,AMMINISTRAZIONE LOCALE DI VALLECORSA,Vallecorsa,Frosinone,Lazio,Comuni,"firmatario, attore",True,False,True,False,False,False,False,"['firmatario', 'attore']",,amministrazione locale di vallecorsa,comuni,vallecorsa,frosinone,lazio,"firmatario, attore"
42.137288,12.806326,Associazione Libera,Montorio Romano,Roma,Lazio,CAV/Centri Antiviolenza,,False,False,False,False,False,False,False,[],,associazione libera,cav/centri antiviolenza,montorio romano,roma,lazio,
41.49845,13.059079,AVIS,Sezze,Latina,Lazio,ORGANIZZAZIONI DI VOLONTARIATO,,False,False,False,False,False,False,False,[],,avis,organizzazioni di volontariato,sezze,latina,lazio,
41.686663,12.777348,Caritas,Velletri,Roma,Lazio,ALTRI ENTI DEL TERZO SETTORE,,False,False,False,False,False,False,False,[],,caritas,altri enti del terzo settore,velletri,roma,lazio,
41.516976,13.310246,AMMINISTRAZIONE LOCALE DI VILLA SANTO STEFANO,Villa Santo Stefano,Frosinone,Lazio,Comuni,"firmatario, attore",True,False,True,False,False,False,False,"['firmatario', 'attore']",,amministrazione locale di villa santo stefano,comuni,villa santo stefano,frosinone,lazio,"firmatario, attore"
42.140105,12.540226,Impresa Donne,Capena,Roma,Lazio,ASSOCIAZIONI DI PROMOZIONE SOCIALE,,False,False,False,False,False,False,False,[],,impresa donne,associazioni di promozione sociale,capena,roma,lazio,
41.503598,13.522466,Amministrazione Locale di Falvaterra,Falvaterra,Frosinone,Lazio,Comuni,"firmatario, attore",True,False,True,False,False,False,False,"['firmatario', 'attore']",,amministrazione locale di falvaterra,comuni,falvaterra,frosinone,lazio,"firmatario, attore"
41.587964,13.572495,AMMINISTRAZIONE LOCALE DI ARCE,Arce,Frosinone,Lazio,Comuni,"firmatario, attore",True,False,True,False,False,False,False,"['firmatario', 'attore']",,amministrazione locale di arce,comuni,arce,frosinone,lazio,"firmatario, attore"
41.556057,13.605527,AMMINISTRAZIONE LOCALE DI COLFELICE,Colfelice,Frosinone,Lazio,Comuni,"firmatario, attore",True,False,True,False,False,False,False,"['firmatario', 'attore']",,amministrazione locale di colfelice,comuni,colfelice,frosinone,lazio,"firmatario, attore"
41.601803,13.565795,Provincia di Frosinone,Frosinone,Frosinone,Lazio,Province/Città metropolitane,,False,False,False,False,False,False,False,[],,provincia di frosinone,province/città metropolitane,frosinone,frosinone,lazio,
41.568398,13.333537,ASSOCIAZIONE VOLONTARIE TELEFONO ROSA FROSINONE,Ceccano,Frosinone,Lazio,CAV/Centri Antiviolenza,"firmatario, proponente, attore",True,True,True,False,False,False,False,"['firmatario', 'proponente', 'attore']",,associazione volontarie telefono rosa frosinone,cav/centri antiviolenza,ceccano,frosinone,lazio,"firmatario, proponente, attore"
41.467078,13.490916,AMMINISTRAZIONE LOCALE DI PASTENA,Pastena,Frosinone,Lazio,Comuni,"firmatario, attore",True,False,True,False,False,False,False,"['firmatario', 'attore']",,amministrazione locale di pastena,comuni,pastena,frosinone,lazio,"firmatario, attore"
42.12537,12.500466,Associazione Avis,Castelnuovo Di Porto,Roma,Lazio,ORGANIZZAZIONI DI VOLONTARIATO,,False,False,False,False,False,False,False,[],,associazione avis,organizzazioni di volontariato,castelnuovo di porto,roma,lazio,
41.892984,12.483536,Sapienza Universita di Roma,Roma,Roma,Lazio,Università,"firmatario, attore",True,False,True,False,False,False,False,"['firmatario', 'attore']",,sapienza universita di roma,università,roma,roma,lazio,"firmatario, attore"
41.568398,13.333537,Ass.Volont. Telefono Rosa WAG FALCONE FrosinoneReg.Lazio - ODV,Ceccano,Frosinone,Lazio,Ente terzo settore - ETS (iscritto al RUNTS),"firmatario, attore",True,False,True,False,False,False,False,"['firmatario', 'attore']",,ass.volont. telefono rosa wag falcone frosinonereg.lazio - odv,ente terzo settore - ets (iscritto al runts),ceccano,frosinone,lazio,"firmatario, attore"
41.892984,12.483536,Consiglio di Amministrazione di Sapienza Universita di Roma,Roma,Roma,Lazio,Università,attore,False,False,True,False,False,False,False,['attore'],,consiglio di amministrazione di sapienza universita di roma,università,roma,roma,lazio,attore
41.892984,12.483536,Ordine,Roma,Roma,Lazio,Ordine psicologi e Ordine assistenti sociali,,False,False,False,False,False,False,False,[],,ordine,ordine psicologi e ordine assistenti sociali,roma,roma,lazio,
41.892984,12.483536,Università degli Studi UNIVERSITAS MERCATORUM,Roma,Roma,Lazio,Università,"firmatario, proponente, attore",True,True,True,False,False,False,False,"['firmatario', 'proponente', 'attore']",,università degli studi universitas mercatorum,università,roma,roma,lazio,"firmatario, proponente, attore"
41.568398,13.333537,Associazione Volontarie Telefono Rosa Frosinone,Ceccano,Frosinone,Lazio,ORGANIZZAZIONI DI VOLONTARIATO,"firmatario, attore",True,False,True,False,False,False,False,"['firmatario', 'attore']",,associazione volontarie telefono rosa frosinone,organizzazioni di volontariato,ceccano,frosinone,lazio,"firmatario, attore"
42.350142,13.401164,Universita degli Studi dell'Aquila,L'Aquila,L'Aquila,Abruzzo,Università,"proponente, attore",False,True,True,False,False,False,False,"['proponente', 'attore']",,universita degli studi dell'aquila,università,l'aquila,l'aquila,abruzzo,"proponente, attore"
41.965038,12.903962,ASSOCIAZIONE VOLONTARIE TELEFONO ROSA FROSINONE REGIONELAZIO - ODV Centro di Orientamento per le Donne,Ceccano,Frosinone,Lazio,Ente terzo settore - ETS (iscritto al RUNTS),attore,False,False,True,False,False,False,False,['attore'],,associazione volontarie telefono rosa frosinone regionelazio - odv centro di orientamento per le donne,ente terzo settore - ets (iscritto al runts),ceccano,frosinone,lazio,attore
42.350142,13.401164,Settore Orientamento Tutorato e Placement dell'Universita degli Studi di L'Aquila,L'Aquila,L'Aquila,Abruzzo,Altro,,False,False,False,False,False,False,False,[],,settore orientamento tutorato e placement dell'universita degli studi di l'aquila,altro,l'aquila,l'aquila,abruzzo,
41.568398,13.333537,Comune di Ceccano,Ceccano,Frosinone,Lazio,Comuni,,False,False,False,False,False,False,False,[],,comune di ceccano,comuni,ceccano,frosinone,lazio,
41.601803,13.565795,Liceo Scientifico e Linguistico Statale di Ceccano,Ceccano,Frosinone,Lazio,Scuole/Ufficio scolastico provinciale e regionale,"firmatario, proponente, attore",True,True,True,False,False,False,False,"['firmatario', 'proponente', 'attore']",,liceo scientifico e linguistico statale di ceccano,scuole/ufficio scolastico provinciale e regionale,ceccano,frosinone,lazio,"firmatario, proponente, attore"
41.965038,12.903962,Associazione volontarie Telefono Rosa Frosinone Regione Lazio ODV - Centro di Orientamento per le Donne,Ceccano,Frosinone,Lazio,Ente terzo settore - ETS (iscritto al RUNTS),"firmatario, attore",True,False,True,False,False,False,False,"['firmatario', 'attore']",,associazione volontarie telefono rosa frosinone regione lazio odv - centro di orientamento per le donne,ente terzo settore - ets (iscritto al runts),ceccano,frosinone,lazio,"firmatario, attore"
41.601803,13.565795,Istituto di Istruzione Superiore Martino Filetico,Ferentino,Frosinone,Lazio,Scuole/Ufficio scolastico provinciale e regionale,"firmatario, proponente, attore",True,True,True,False,False,False,False,"['firmatario', 'proponente', 'attore']",,istituto di istruzione superiore martino filetico,scuole/ufficio scolastico provinciale e regionale,ferentino,frosinone,lazio,"firmatario, proponente, attore"
42.416936,12.104498,Comune di Viterbo,Viterbo,Viterbo,Lazio,Comuni,"proponente, attore",False,True,True,False,False,False,False,"['proponente', 'attore']",,comune di viterbo,comuni,viterbo,viterbo,lazio,"proponente, attore"
42.416936,12.104498,Asl di Viterbo,Viterbo,Viterbo,Lazio,ASL (consultori familiari e altri servizi territoriali),"proponente, attore",False,True,True,False,False,False,False,"['proponente', 'attore']",,asl di viterbo,asl (consultori familiari e altri servizi territoriali),viterbo,viterbo,lazio,"proponente, attore"
42.416936,12.104498,Questura di Viterbo,Viterbo,Viterbo,Lazio,Questura,"proponente, attore",False,True,True,False,False,False,False,"['proponente', 'attore']",,questura di viterbo,questura,viterbo,viterbo,lazio,"proponente, attore"
42.416936,12.104498,Tribunale di Viterbo,Viterbo,Viterbo,Lazio,Procura Ordinaria/Tribunale/Corte d'appello,"proponente, attore",False,True,True,False,False,False,False,"['proponente', 'attore']",,tribunale di viterbo,procura ordinaria/tribunale/corte d'appello,viterbo,viterbo,lazio,"proponente, attore"
42.416936,12.104498,Ordine Awvocati di Viterbo,Viterbo,Viterbo,Lazio,Ordine avvocati,"proponente, attore",False,True,True,False,False,False,False,"['proponente', 'attore']",,ordine awvocati di viterbo,ordine avvocati,viterbo,viterbo,lazio,"proponente, attore"
42.416936,12.104498,Camera Civile di Viterbo,Viterbo,Viterbo,Lazio,Altro,"proponente, attore",False,True,True,False,False,False,False,"['proponente', 'attore']",,camera civile di viterbo,altro,viterbo,viterbo,lazio,"proponente, attore"
41.965038,12.903962,Associazione Volontarie Telefono Rosa Frosinone - Regione Lazio ODV,Frosinone,Frosinone,Lazio,CAV/Centri Antiviolenza,"firmatario, attore",True,False,True,False,False,False,False,"['firmatario', 'attore']",,associazione volontarie telefono rosa frosinone - regione lazio odv,cav/centri antiviolenza,frosinone,frosinone,lazio,"firmatario, attore"
41.892984,12.483536,ASPIC per la scuola,Roma,Roma,Lazio,Altro,"firmatario, attore",True,False,True,False,False,False,False,"['firmatario', 'attore']",,aspic per la scuola,altro,roma,roma,lazio,"firmatario, attore"
41.892984,12.483536,Be Free Societa Cooperativa Sociale,Roma,Roma,Lazio,IMPRESE SOCIALI,"firmatario, attore, gestione",True,False,True,True,False,False,True,"['firmatario', 'attore', 'gestione']",gestione,be free societa cooperativa sociale,imprese sociali,roma,roma,lazio,"firmatario, attore, gestione"
41.892984,12.483536,Associazione di promozione sociale DOMUS ASF,Roma,Roma,Lazio,ASSOCIAZIONI DI PROMOZIONE SOCIALE,"firmatario, attore",True,False,True,False,False,False,False,"['firmatario', 'attore']",,associazione di promozione sociale domus asf,associazioni di promozione sociale,roma,roma,lazio,"firmatario, attore"
41.892984,12.483536,Centro Italiano di Solidarieta don Mario Picchi ETS,Roma,Roma,Lazio,ALTRI ENTI DEL TERZO SETTORE,"firmatario, attore",True,False,True,False,False,False,False,"['firmatario', 'attore']",,centro italiano di solidarieta don mario picchi ets,altri enti del terzo settore,roma,roma,lazio,"firmatario, attore"
41.944934,12.741641,Provincia di Roma,Roma,Roma,Lazio,Province/Città metropolitane,,False,False,False,False,False,False,False,[],,provincia di roma,province/città metropolitane,roma,roma,lazio,
41.892984,12.483536,La Nuova Arca Societa Cooperativa Sociale,Roma,Roma,Lazio,IMPRESE SOCIALI,"firmatario, attore",True,False,True,False,False,False,False,"['firmatario', 'attore']",,la nuova arca societa cooperativa sociale,imprese sociali,roma,roma,lazio,"firmatario, attore"
41.892984,12.483536,Cooperativa Be Free,Roma,Roma,Lazio,IMPRESE SOCIALI,attore,False,False,True,False,False,False,False,['attore'],,cooperativa be free,imprese sociali,roma,roma,lazio,attore
41.892984,12.483536,Millepiani APS,Roma,Roma,Lazio,ASSOCIAZIONI DI PROMOZIONE SOCIALE,"firmatario, attore",True,False,True,False,False,False,False,"['firmatario', 'attore']",,millepiani aps,associazioni di promozione sociale,roma,roma,lazio,"firmatario, attore"
42.242486,12.348615,Riconoscere OdV,Nepi,Viterbo,Lazio,ORGANIZZAZIONI DI VOLONTARIATO,,False,False,False,False,False,False,False,[],,riconoscere odv,organizzazioni di volontariato,nepi,viterbo,lazio,
41.892984,12.483536,Amaita Intercultura APS,Roma,Roma,Lazio,ASSOCIAZIONI DI PROMOZIONE SOCIALE,,False,False,False,False,False,False,False,[],,amaita intercultura aps,associazioni di promozione sociale,roma,roma,lazio,
41.892984,12.483536,Municipio Roma VIII,Roma,Roma,Lazio,Comuni,attore,False,False,True,False,False,False,False,['attore'],,municipio roma viii,comuni,roma,roma,lazio,attore
41.892984,12.483536,Replay Network aps,Roma,Roma,Lazio,ASSOCIAZIONI DI PROMOZIONE SOCIALE,"firmatario, attore, coordinamento",True,False,True,False,False,True,True,"['firmatario', 'attore', 'coordinamento']",coordinamento,replay network aps,associazioni di promozione sociale,roma,roma,lazio,"firmatario, attore, coordinamento"
42.140105,12.540226,impresa sociale Oltre,Capena,Roma,Lazio,ASSOCIAZIONI DI PROMOZIONE SOCIALE,,False,False,False,False,False,False,False,[],,impresa sociale oltre,associazioni di promozione sociale,capena,roma,lazio,
42.34972,14.167311,Comune di Chieti,Chieti,Chieti,Abruzzo,Comuni,"firmatario, proponente, attore",True,True,True,False,False,False,False,"['firmatario', 'proponente', 'attore']",,comune di chieti,comuni,chieti,chieti,abruzzo,"firmatario, proponente, attore"
42.34972,14.167311,Prefettura - U.T.G. di Chieti,Chieti,Chieti,Abruzzo,Prefettura,"firmatario, proponente, attore",True,True,True,False,False,False,False,"['firmatario', 'proponente', 'attore']",,prefettura - u.t.g. di chieti,prefettura,chieti,chieti,abruzzo,"firmatario, proponente, attore"
42.34972,14.167311,Questura di Chieti - Polizia di Stato,Chieti,Chieti,Abruzzo,Questura,"firmatario, proponente, attore",True,True,True,False,False,False,False,"['firmatario', 'proponente', 'attore']",,questura di chieti - polizia di stato,questura,chieti,chieti,abruzzo,"firmatario, proponente, attore"
42.34972,14.167311,Procura della Repubblica presso il Tribunale di Chieti,Chieti,Chieti,Abruzzo,Procura Ordinaria/Tribunale/Corte d'appello,"firmatario, proponente, attore",True,True,True,False,False,False,False,"['firmatario', 'proponente', 'attore']",,procura della repubblica presso il tribunale di chieti,procura ordinaria/tribunale/corte d'appello,chieti,chieti,abruzzo,"firmatario, proponente, attore"
42.350142,13.401164,Tribunale per i Minorenni di L’Aquila,L’Aquila,L'Aquila,Abruzzo,Procura Minorile/Tribunale minorile,"firmatario, attore",True,False,True,False,False,False,False,"['firmatario', 'attore']",,tribunale per i minorenni di l’aquila,procura minorile/tribunale minorile,l’aquila,l'aquila,abruzzo,"firmatario, attore"
42.34972,14.167311,Casa Circondariale Chieti,Chieti,Chieti,Abruzzo,Altro,"firmatario, proponente, attore",True,True,True,False,False,False,False,"['firmatario', 'proponente', 'attore']",,casa circondariale chieti,altro,chieti,chieti,abruzzo,"firmatario, proponente, attore"
42.34972,14.167311,Caritas Diocesana di Chieti - Centro di ascolto,Chieti,Chieti,Abruzzo,Centri/Sportelli di ascolto,"firmatario, proponente, attore",True,True,True,False,False,False,False,"['firmatario', 'proponente', 'attore']",,caritas diocesana di chieti - centro di ascolto,centri/sportelli di ascolto,chieti,chieti,abruzzo,"firmatario, proponente, attore"
42.34972,14.167311,Caritas Diocesana di Chieti - Casa di accoglienza Mater Populi Teatina,Chieti,Chieti,Abruzzo,Case Rifugio,"firmatario, proponente, attore",True,True,True,False,False,False,False,"['firmatario', 'proponente', 'attore']",,caritas diocesana di chieti - casa di accoglienza mater populi teatina,case rifugio,chieti,chieti,abruzzo,"firmatario, proponente, attore"
42.34972,14.167311,CNA Chieti/ Patronato / Epasa - ITACO,Chieti,Chieti,Abruzzo,Altro,"firmatario, proponente, attore",True,True,True,False,False,False,False,"['firmatario', 'proponente', 'attore']",,cna chieti/ patronato / epasa - itaco,altro,chieti,chieti,abruzzo,"firmatario, proponente, attore"
42.191132,14.220275,Comune di Guardiagrele,Guardiagrele,Chieti,Abruzzo,Comuni,"firmatario, proponente, attore, coordinamento",True,True,True,False,False,True,True,"['firmatario', 'proponente', 'attore', 'coordinamento']",coordinamento,comune di guardiagrele,comuni,guardiagrele,chieti,abruzzo,"firmatario, proponente, attore, coordinamento"
42.34972,14.167311,Prefettura - U.T.G. di Chieti,Chieti,Chieti,Abruzzo,Prefettura,"firmatario, attore",True,False,True,False,False,False,False,"['firmatario', 'attore']",,prefettura - u.t.g. di chieti,prefettura,chieti,chieti,abruzzo,"firmatario, attore"
42.34972,14.167311,Procura della Repubblica presso il Tribunale di Chieti,Chieti,Chieti,Abruzzo,Procura Ordinaria/Tribunale/Corte d'appello,"firmatario, attore",True,False,True,False,False,False,False,"['firmatario', 'attore']",,procura della repubblica presso il tribunale di chieti,procura ordinaria/tribunale/corte d'appello,chieti,chieti,abruzzo,"firmatario, attore"
42.350142,13.401164,Tribunale per i Minorenni di L’Aquila,L'Aquila,L'Aquila,Abruzzo,Procura Minorile/Tribunale minorile,"firmatario, attore",True,False,True,False,False,False,False,"['firmatario', 'attore']",,tribunale per i minorenni di l’aquila,procura minorile/tribunale minorile,l'aquila,l'aquila,abruzzo,"firmatario, attore"
42.34972,14.167311,ASL 02 di Chieti - Vasto - Lanciano,Chieti,Chieti,Abruzzo,ASL (consultori familiari e altri servizi territoriali),"firmatario, attore",True,False,True,False,False,False,False,"['firmatario', 'attore']",,asl 02 di chieti - vasto - lanciano,asl (consultori familiari e altri servizi territoriali),chieti,chieti,abruzzo,"firmatario, attore"
42.34972,14.167311,Caritas Diocesana di Chieti,Chieti,Chieti,Abruzzo,Ente terzo settore - ETS (iscritto al RUNTS),"firmatario, attore",True,False,True,False,False,False,False,"['firmatario', 'attore']",,caritas diocesana di chieti,ente terzo settore - ets (iscritto al runts),chieti,chieti,abruzzo,"firmatario, attore"
42.34972,14.167311,Fondazione San Camillo De Lellis,Chieti,Chieti,Abruzzo,Ente terzo settore - ETS (iscritto al RUNTS),"firmatario, attore",True,False,True,False,False,False,False,"['firmatario', 'attore']",,fondazione san camillo de lellis,ente terzo settore - ets (iscritto al runts),chieti,chieti,abruzzo,"firmatario, attore"
42.34972,14.167311,Questura - Polizia di Stato,Chieti,Chieti,Abruzzo,Questura,attore,False,False,True,False,False,False,False,['attore'],,questura - polizia di stato,questura,chieti,chieti,abruzzo,attore
42.191132,14.220275,Comune di Guardiagrele - Corpo di Polizia Municipale,Guardiagrele,Chieti,Abruzzo,Polizia Municipale,"firmatario, proponente, attore",True,True,True,False,False,False,False,"['firmatario', 'proponente', 'attore']",,comune di guardiagrele - corpo di polizia municipale,polizia municipale,guardiagrele,chieti,abruzzo,"firmatario, proponente, attore"
42.191132,14.220275,Comune di Guardiagrele - Servizio Politiche Sociali,Guardiagrele,Chieti,Abruzzo,Servizi sociali comunali,"firmatario, proponente, attore",True,True,True,False,False,False,False,"['firmatario', 'proponente', 'attore']",,comune di guardiagrele - servizio politiche sociali,servizi sociali comunali,guardiagrele,chieti,abruzzo,"firmatario, proponente, attore"
42.191132,14.220275,Comune di Guardiagrele - Assessorato alle Politiche Sociali e Pari Opportunita,Guardiagrele,Chieti,Abruzzo,Altro,"firmatario, proponente, attore",True,True,True,False,False,False,False,"['firmatario', 'proponente', 'attore']",,comune di guardiagrele - assessorato alle politiche sociali e pari opportunita,altro,guardiagrele,chieti,abruzzo,"firmatario, proponente, attore"
42.34972,14.167311,Caritas Diocesana di Chieti - Casa di accoglienza Mater Populi Teatina Chieti,Chieti,Chieti,Abruzzo,Case Rifugio,"firmatario, attore",True,False,True,False,False,False,False,"['firmatario', 'attore']",,caritas diocesana di chieti - casa di accoglienza mater populi teatina chieti,case rifugio,chieti,chieti,abruzzo,"firmatario, attore"
42.34972,14.167311,Caritas Diocesana di Chieti - Guardiagrele - Centro di ascolto Chieti,Chieti,Chieti,Abruzzo,Centri/Sportelli di ascolto,"firmatario, proponente, attore",True,True,True,False,False,False,False,"['firmatario', 'proponente', 'attore']",,caritas diocesana di chieti - guardiagrele - centro di ascolto chieti,centri/sportelli di ascolto,chieti,chieti,abruzzo,"firmatario, proponente, attore"
42.34972,14.167311,AUSL 02 di Chieti - Consultori familiari,Chieti,Chieti,Abruzzo,ASL (consultori familiari e altri servizi territoriali),attore,False,False,True,False,False,False,False,['attore'],,ausl 02 di chieti - consultori familiari,asl (consultori familiari e altri servizi territoriali),chieti,chieti,abruzzo,attore
42.34972,14.167311,AUSL 02 di Chieti - Dipartimento per le Dipendenze,Chieti,Chieti,Abruzzo,ASL (consultori familiari e altri servizi territoriali),attore,False,False,True,False,False,False,False,['attore'],,ausl 02 di chieti - dipartimento per le dipendenze,asl (consultori familiari e altri servizi territoriali),chieti,chieti,abruzzo,attore
42.34972,14.167311,ASL 02 di Chieti - Pronto Soccorso Generale,Chieti,Chieti,Abruzzo,"Ospedale (Pronto soccorso, ecc.)",attore,False,False,True,False,False,False,False,['attore'],,asl 02 di chieti - pronto soccorso generale,"ospedale (pronto soccorso, ecc.)",chieti,chieti,abruzzo,attore
42.659082,13.700005,Prefettura - Ufficio Territoriale del Governo di Teramo,Teramo,Teramo,Abruzzo,Prefettura,"firmatario, attore",True,False,True,False,False,False,False,"['firmatario', 'attore']",,prefettura - ufficio territoriale del governo di teramo,prefettura,teramo,teramo,abruzzo,"firmatario, attore"
42.350142,13.401164,Procura Generale presso la Corte di Appello di L'Aquila,L'Aquila,L'Aquila,Abruzzo,Procura Ordinaria/Tribunale/Corte d'appello,"firmatario, attore",True,False,True,False,False,False,False,"['firmatario', 'attore']",,procura generale presso la corte di appello di l'aquila,procura ordinaria/tribunale/corte d'appello,l'aquila,l'aquila,abruzzo,"firmatario, attore"
42.350142,13.401164,Procura della Repubblica presso il Tribunale per i Minorenni di L’Aquila,L'Aquila,L'Aquila,Abruzzo,Procura Minorile/Tribunale minorile,"firmatario, attore",True,False,True,False,False,False,False,"['firmatario', 'attore']",,procura della repubblica presso il tribunale per i minorenni di l’aquila,procura minorile/tribunale minorile,l'aquila,l'aquila,abruzzo,"firmatario, attore"
42.659082,13.700005,Tribunale di Teramo,Teramo,Teramo,Abruzzo,Procura Ordinaria/Tribunale/Corte d'appello,"firmatario, attore",True,False,True,False,False,False,False,"['firmatario', 'attore']",,tribunale di teramo,procura ordinaria/tribunale/corte d'appello,teramo,teramo,abruzzo,"firmatario, attore"
42.659082,13.700005,Procura della Repubblica presso il Tribunale di Teramo,Teramo,Teramo,Abruzzo,Procura Ordinaria/Tribunale/Corte d'appello,"firmatario, attore",True,False,True,False,False,False,False,"['firmatario', 'attore']",,procura della repubblica presso il tribunale di teramo,procura ordinaria/tribunale/corte d'appello,teramo,teramo,abruzzo,"firmatario, attore"
42.663439,13.781872,Provincia di Teramo,Teramo,Teramo,Abruzzo,Province/Città metropolitane,"firmatario, attore",True,False,True,False,False,False,False,"['firmatario', 'attore']",,provincia di teramo,province/città metropolitane,teramo,teramo,abruzzo,"firmatario, attore"
42.834434,13.920758,Comune di Alba Adriatica,Alba Adriatica,Teramo,Abruzzo,Comuni,"firmatario, attore",True,False,True,False,False,False,False,"['firmatario', 'attore']",,comune di alba adriatica,comuni,alba adriatica,teramo,abruzzo,"firmatario, attore"
42.579677,13.975182,Comune di Atri,Atri,Teramo,Abruzzo,Comuni,"firmatario, attore",True,False,True,False,False,False,False,"['firmatario', 'attore']",,comune di atri,comuni,atri,teramo,abruzzo,"firmatario, attore"
42.595903,13.738718,Comune di Basciano,Basciano,Teramo,Abruzzo,Comuni,"firmatario, attore",True,False,True,False,False,False,False,"['firmatario', 'attore']",,comune di basciano,comuni,basciano,teramo,abruzzo,"firmatario, attore"
42.726065,13.686494,Comune di Campli,Campli,Teramo,Abruzzo,Comuni,"firmatario, attore",True,False,True,False,False,False,False,"['firmatario', 'attore']",,comune di campli,comuni,campli,teramo,abruzzo,"firmatario, attore"
42.647346,13.802989,Comune di Canzano,Canzano,Teramo,Abruzzo,Comuni,"firmatario, attore",True,False,True,False,False,False,False,"['firmatario', 'attore']",,comune di canzano,comuni,canzano,teramo,abruzzo,"firmatario, attore"
42.675667,13.817645,Comune di Castellalto,Castellalto,Teramo,Abruzzo,Comuni,"firmatario, attore",True,False,True,False,False,False,False,"['firmatario', 'attore']",,comune di castellalto,comuni,castellalto,teramo,abruzzo,"firmatario, attore"
42.489055,13.71177,Comune di Castelli,Castelli,Teramo,Abruzzo,Comuni,"firmatario, attore",True,False,True,False,False,False,False,"['firmatario', 'attore']",,comune di castelli,comuni,castelli,teramo,abruzzo,"firmatario, attore"
42.53348,13.917583,Comune di Castilenti,Castilenti,Teramo,Abruzzo,Comuni,"firmatario, attore",True,False,True,False,False,False,False,"['firmatario', 'attore']",,comune di castilenti,comuni,castilenti,teramo,abruzzo,"firmatario, attore"
42.585909,13.859262,Comune di Cellino Attanasio,Cellino Attanasio,Teramo,Abruzzo,Comuni,"firmatario, attore",True,False,True,False,False,False,False,"['firmatario', 'attore']",,comune di cellino attanasio,comuni,cellino attanasio,teramo,abruzzo,"firmatario, attore"
42.772199,13.668287,Comune di Civitella del Tronto,Civitella Del Tronto,Teramo,Abruzzo,Comuni,"firmatario, attore",True,False,True,False,False,False,False,"['firmatario', 'attore']",,comune di civitella del tronto,comuni,civitella del tronto,teramo,abruzzo,"firmatario, attore"
42.75245,13.956659,Comune di Giulianova,Giulianova,Teramo,Abruzzo,Comuni,"firmatario, attore",True,False,True,False,False,False,False,"['firmatario', 'attore']",,comune di giulianova,comuni,giulianova,teramo,abruzzo,"firmatario, attore"
42.885215,13.916006,Comune di Martinsicuro,Martinsicuro,Teramo,Abruzzo,Comuni,"firmatario, attore",True,False,True,False,False,False,False,"['firmatario', 'attore']",,comune di martinsicuro,comuni,martinsicuro,teramo,abruzzo,"firmatario, attore"
42.544574,13.884451,Comune di Montefino,Montefino,Teramo,Abruzzo,Comuni,"firmatario, attore",True,False,True,False,False,False,False,"['firmatario', 'attore']",,comune di montefino,comuni,montefino,teramo,abruzzo,"firmatario, attore"
42.582934,13.632475,Comune di Montorio al Vomano,Montorio Al Vomano,Teramo,Abruzzo,Comuni,"firmatario, attore",True,False,True,False,False,False,False,"['firmatario', 'attore']",,comune di montorio al vomano,comuni,montorio al vomano,teramo,abruzzo,"firmatario, attore"
42.607889,14.066998,Comune di Pineto,Pineto,Teramo,Abruzzo,Comuni,"firmatario, attore",True,False,True,False,False,False,False,"['firmatario', 'attore']",,comune di pineto,comuni,pineto,teramo,abruzzo,"firmatario, attore"
42.685936,13.528177,Comune di Rocca Santa Maria,Rocca Santa Maria,Teramo,Abruzzo,Comuni,"firmatario, attore",True,False,True,False,False,False,False,"['firmatario', 'attore']",,comune di rocca santa maria,comuni,rocca santa maria,teramo,abruzzo,"firmatario, attore"
42.679605,14.010856,Comune di Roseto degli Abruzzi,Roseto Degli Abruzzi,Teramo,Abruzzo,Comuni,"firmatario, attore",True,False,True,False,False,False,False,"['firmatario', 'attore']",,comune di roseto degli abruzzi,comuni,roseto degli abruzzi,teramo,abruzzo,"firmatario, attore"
42.556668,14.114401,Comune di Silvi,Silvi,Teramo,Abruzzo,Comuni,"firmatario, attore",True,False,True,False,False,False,False,"['firmatario', 'attore']",,comune di silvi,comuni,silvi,teramo,abruzzo,"firmatario, attore"
42.659082,13.700005,Comune di Teramo,Teramo,Teramo,Abruzzo,Comuni,"firmatario, attore",True,False,True,False,False,False,False,"['firmatario', 'attore']",,comune di teramo,comuni,teramo,teramo,abruzzo,"firmatario, attore"
42.657179,13.654794,Comune di Torricella Sicura,Torricella Sicura,Teramo,Abruzzo,Comuni,"firmatario, attore",True,False,True,False,False,False,False,"['firmatario', 'attore']",,comune di torricella sicura,comuni,torricella sicura,teramo,abruzzo,"firmatario, attore"
42.803896,13.912817,Comune di Tortoreto,Tortoreto,Teramo,Abruzzo,Comuni,"firmatario, attore",True,False,True,False,False,False,False,"['firmatario', 'attore']",,comune di tortoreto,comuni,tortoreto,teramo,abruzzo,"firmatario, attore"
42.659082,13.700005,Università degli Studi di Teramo,Teramo,Teramo,Abruzzo,Università,"firmatario, attore",True,False,True,False,False,False,False,"['firmatario', 'attore']",,università degli studi di teramo,università,teramo,teramo,abruzzo,"firmatario, attore"
42.663439,13.781872,Ufficio Scolastico Provinciale di Teramo,Teramo,Teramo,Abruzzo,Scuole/Ufficio scolastico provinciale e regionale,"firmatario, attore",True,False,True,False,False,False,False,"['firmatario', 'attore']",,ufficio scolastico provinciale di teramo,scuole/ufficio scolastico provinciale e regionale,teramo,teramo,abruzzo,"firmatario, attore"
42.659082,13.700005,Azienda Sanitaria ASL di Teramo,Teramo,Teramo,Abruzzo,ASL (consultori familiari e altri servizi territoriali),"firmatario, attore",True,False,True,False,False,False,False,"['firmatario', 'attore']",,azienda sanitaria asl di teramo,asl (consultori familiari e altri servizi territoriali),teramo,teramo,abruzzo,"firmatario, attore"
42.663439,13.781872,Commissione Provinciale Pari Opportunità di Teramo,Teramo,Teramo,Abruzzo,Organismi di parità,"firmatario, attore",True,False,True,False,False,False,False,"['firmatario', 'attore']",,commissione provinciale pari opportunità di teramo,organismi di parità,teramo,teramo,abruzzo,"firmatario, attore"
42.659082,13.700005,Centro Antiviolenza “La Fenice” di Teramo,Teramo,Teramo,Abruzzo,CAV/Centri Antiviolenza,"firmatario, attore",True,False,True,False,False,False,False,"['firmatario', 'attore']",,centro antiviolenza “la fenice” di teramo,cav/centri antiviolenza,teramo,teramo,abruzzo,"firmatario, attore"
42.659082,13.700005,Casa Rifugio “Maia” di Teramo,Teramo,Teramo,Abruzzo,Case Rifugio,"firmatario, attore",True,False,True,False,False,False,False,"['firmatario', 'attore']",,casa rifugio “maia” di teramo,case rifugio,teramo,teramo,abruzzo,"firmatario, attore"
42.659082,13.700005,Sportello Ascolto A.L.I.CO.D Onlus di Teramo,Teramo,Teramo,Abruzzo,Centri/Sportelli di ascolto,"firmatario, attore",True,False,True,False,False,False,False,"['firmatario', 'attore']",,sportello ascolto a.l.i.co.d onlus di teramo,centri/sportelli di ascolto,teramo,teramo,abruzzo,"firmatario, attore"
42.579677,13.975182,Associazione L'Elefante S.C.S. di Atri,Atri,Teramo,Abruzzo,Ente terzo settore - ETS (iscritto al RUNTS),"firmatario, attore",True,False,True,False,False,False,False,"['firmatario', 'attore']",,associazione l'elefante s.c.s. di atri,ente terzo settore - ets (iscritto al runts),atri,teramo,abruzzo,"firmatario, attore"
42.885215,13.916006,Associazione On The Road di Martinsicuro,Martinsicuro,Teramo,Abruzzo,Ente terzo settore - ETS (iscritto al RUNTS),"firmatario, attore",True,False,True,False,False,False,False,"['firmatario', 'attore']",,associazione on the road di martinsicuro,ente terzo settore - ets (iscritto al runts),martinsicuro,teramo,abruzzo,"firmatario, attore"
42.355593,14.40353,Comune di Ortona,Ortona,Chieti,Abruzzo,Comuni,"firmatario, attore",True,False,True,False,False,False,False,"['firmatario', 'attore']",,comune di ortona,comuni,ortona,chieti,abruzzo,"firmatario, attore"
42.34972,14.167311,Prefettura di Chieti,Chieti,Chieti,Abruzzo,Prefettura,"firmatario, attore",True,False,True,False,False,False,False,"['firmatario', 'attore']",,prefettura di chieti,prefettura,chieti,chieti,abruzzo,"firmatario, attore"
42.355593,14.40353,Comando Compagnia Carabinieri Ortona,Ortona,Chieti,Abruzzo,Carabinieri/Polizia/altre forze dell'ordine,"firmatario, attore",True,False,True,False,False,False,False,"['firmatario', 'attore']",,comando compagnia carabinieri ortona,carabinieri/polizia/altre forze dell'ordine,ortona,chieti,abruzzo,"firmatario, attore"
42.422142,14.186729,Associazione di promozione sociale Donn.é,San Giovanni Teatino,Chieti,Abruzzo,ASSOCIAZIONI DI PROMOZIONE SOCIALE,"firmatario, attore",True,False,True,False,False,False,False,"['firmatario', 'attore']",,associazione di promozione sociale donn.é,associazioni di promozione sociale,san giovanni teatino,chieti,abruzzo,"firmatario, attore"
42.355593,14.40353,Consulta Giovanile Ortona,Ortona,Chieti,Abruzzo,Altro,"firmatario, attore",True,False,True,False,False,False,False,"['firmatario', 'attore']",,consulta giovanile ortona,altro,ortona,chieti,abruzzo,"firmatario, attore"
42.355593,14.40353,Soggiorno Proposta Onlus,Ortona,Chieti,Abruzzo,ASSOCIAZIONI DI PROMOZIONE SOCIALE,"firmatario, attore",True,False,True,False,False,False,False,"['firmatario', 'attore']",,soggiorno proposta onlus,associazioni di promozione sociale,ortona,chieti,abruzzo,"firmatario, attore"
42.355593,14.40353,Distretto sanitario territoriale Ortona,Ortona,Chieti,Abruzzo,"Ambiti della programmazione sociale e socio-sanitaria (Ambiti Sociali, Piani di Zona, Distretti socio-sanitari, Società della Salute)","firmatario, attore",True,False,True,False,False,False,False,"['firmatario', 'attore']",,distretto sanitario territoriale ortona,"ambiti della programmazione sociale e socio-sanitaria (ambiti sociali, piani di zona, distretti socio-sanitari, società della salute)",ortona,chieti,abruzzo,"firmatario, attore"
42.355593,14.40353,Centro di salute mentale Ortona,Ortona,Chieti,Abruzzo,ASL (consultori familiari e altri servizi territoriali),"firmatario, attore",True,False,True,False,False,False,False,"['firmatario', 'attore']",,centro di salute mentale ortona,asl (consultori familiari e altri servizi territoriali),ortona,chieti,abruzzo,"firmatario, attore"
42.34972,14.167311,Questura di Chieti - Polizia di Stato,Chieti,Chieti,Abruzzo,Questura,"firmatario, attore",True,False,True,False,False,False,False,"['firmatario', 'attore']",,questura di chieti - polizia di stato,questura,chieti,chieti,abruzzo,"firmatario, attore"
42.231163,14.390524,Comune di Lanciano,Lanciano,Chieti,Abruzzo,Comuni,"firmatario, proponente, attore",True,True,True,False,False,False,False,"['firmatario', 'proponente', 'attore']",,comune di lanciano,comuni,lanciano,chieti,abruzzo,"firmatario, proponente, attore"
42.045395,14.731597,Associazione Dafne Onlus,San Salvo,Chieti,Abruzzo,ALTRI ENTI DEL TERZO SETTORE,"firmatario, proponente, attore, coordinamento",True,True,True,False,False,True,True,"['firmatario', 'proponente', 'attore', 'coordinamento']",coordinamento,associazione dafne onlus,altri enti del terzo settore,san salvo,chieti,abruzzo,"firmatario, proponente, attore, coordinamento"
42.231163,14.390524,Procura della Repubblica di Lanciano,Lanciano,Chieti,Abruzzo,Procura Ordinaria/Tribunale/Corte d'appello,"firmatario, proponente, attore",True,True,True,False,False,False,False,"['firmatario', 'proponente', 'attore']",,procura della repubblica di lanciano,procura ordinaria/tribunale/corte d'appello,lanciano,chieti,abruzzo,"firmatario, proponente, attore"
42.100506,14.375281,Comando provinciale dei carabinieri di Chieti,Chieti,Chieti,Abruzzo,Carabinieri/Polizia/altre forze dell'ordine,"firmatario, attore",True,False,True,False,False,False,False,"['firmatario', 'attore']",,comando provinciale dei carabinieri di chieti,carabinieri/polizia/altre forze dell'ordine,chieti,chieti,abruzzo,"firmatario, attore"
42.34972,14.167311,Questura di Chieti,Chieti,Chieti,Abruzzo,Questura,"firmatario, attore",True,False,True,False,False,False,False,"['firmatario', 'attore']",,questura di chieti,questura,chieti,chieti,abruzzo,"firmatario, attore"
42.231163,14.390524,Tribunale di Lanciano,Lanciano,Chieti,Abruzzo,Procura Ordinaria/Tribunale/Corte d'appello,"firmatario, proponente, attore",True,True,True,False,False,False,False,"['firmatario', 'proponente', 'attore']",,tribunale di lanciano,procura ordinaria/tribunale/corte d'appello,lanciano,chieti,abruzzo,"firmatario, proponente, attore"
42.231163,14.390524,Casa Circondariale di Lanciano,Lanciano,Chieti,Abruzzo,Altro,"firmatario, proponente, attore",True,True,True,False,False,False,False,"['firmatario', 'proponente', 'attore']",,casa circondariale di lanciano,altro,lanciano,chieti,abruzzo,"firmatario, proponente, attore"
42.231163,14.390524,Centro per l'Impiego di Lanciano,Lanciano,Chieti,Abruzzo,Servizi per l'impiego,"firmatario, proponente, attore",True,True,True,False,False,False,False,"['firmatario', 'proponente', 'attore']",,centro per l'impiego di lanciano,servizi per l'impiego,lanciano,chieti,abruzzo,"firmatario, proponente, attore"
42.196041,14.356582,Comune di Castel Frentano,Castel Frentano,Chieti,Abruzzo,Comuni,"firmatario, attore",True,False,True,False,False,False,False,"['firmatario', 'attore']",,comune di castel frentano,comuni,castel frentano,chieti,abruzzo,"firmatario, attore"
42.245183,14.480298,Comune di Fossacesia,Fossacesia,Chieti,Abruzzo,Comuni,"firmatario, attore",True,False,True,False,False,False,False,"['firmatario', 'attore']",,comune di fossacesia,comuni,fossacesia,chieti,abruzzo,"firmatario, attore"
42.260932,14.370867,Comune di Frisa,Frisa,Chieti,Abruzzo,Comuni,"firmatario, attore",True,False,True,False,False,False,False,"['firmatario', 'attore']",,comune di frisa,comuni,frisa,chieti,abruzzo,"firmatario, attore"
42.212552,14.444845,Comune di Mozzagrogna,Mozzagrogna,Chieti,Abruzzo,Comuni,"firmatario, attore",True,False,True,False,False,False,False,"['firmatario', 'attore']",,comune di mozzagrogna,comuni,mozzagrogna,chieti,abruzzo,"firmatario, attore"
42.250958,14.465073,Comune di Rocca San Giovanni,Rocca San Giovanni,Chieti,Abruzzo,Comuni,"firmatario, attore",True,False,True,False,False,False,False,"['firmatario', 'attore']",,comune di rocca san giovanni,comuni,rocca san giovanni,chieti,abruzzo,"firmatario, attore"
42.219574,14.447634,Comune di Santa Maria Imbaro,Santa Maria Imbaro,Chieti,Abruzzo,Comuni,"firmatario, attore",True,False,True,False,False,False,False,"['firmatario', 'attore']",,comune di santa maria imbaro,comuni,santa maria imbaro,chieti,abruzzo,"firmatario, attore"
42.30255,14.446088,Comune di San Vito Chietino,San Vito Chietino,Chieti,Abruzzo,Comuni,"firmatario, attore",True,False,True,False,False,False,False,"['firmatario', 'attore']",,comune di san vito chietino,comuni,san vito chietino,chieti,abruzzo,"firmatario, attore"
42.267107,14.424914,Comune di Treglio,Treglio,Chieti,Abruzzo,Comuni,"firmatario, attore",True,False,True,False,False,False,False,"['firmatario', 'attore']",,comune di treglio,comuni,treglio,chieti,abruzzo,"firmatario, attore"
42.231163,14.390524,Rotary Club di Lanciano,Lanciano,Chieti,Abruzzo,Altro,"firmatario, proponente, attore",True,True,True,False,False,False,False,"['firmatario', 'proponente', 'attore']",,rotary club di lanciano,altro,lanciano,chieti,abruzzo,"firmatario, proponente, attore"
42.355593,14.40353,Associazione Donn’é di Ortona,Ortona,Chieti,Abruzzo,Ente terzo settore - ETS (iscritto al RUNTS),"firmatario, attore",True,False,True,False,False,False,False,"['firmatario', 'attore']",,associazione donn’é di ortona,ente terzo settore - ets (iscritto al runts),ortona,chieti,abruzzo,"firmatario, attore"
42.21846,14.282911,CRI - Casa Rifugio di Orsogna,Orsogna,Chieti,Abruzzo,Case Rifugio,"firmatario, attore",True,False,True,False,False,False,False,"['firmatario', 'attore']",,cri - casa rifugio di orsogna,case rifugio,orsogna,chieti,abruzzo,"firmatario, attore"
42.231163,14.390524,Associazione Culturale Maria Luisa Brasile,Lanciano,Chieti,Abruzzo,ASSOCIAZIONI DI PROMOZIONE SOCIALE,"firmatario, attore",True,False,True,False,False,False,False,"['firmatario', 'attore']",,associazione culturale maria luisa brasile,associazioni di promozione sociale,lanciano,chieti,abruzzo,"firmatario, attore"
42.231163,14.390524,Centro Antiviolenza “Dafne”,Lanciano,Chieti,Abruzzo,CAV/Centri Antiviolenza,"firmatario, proponente, attore",True,True,True,False,False,False,False,"['firmatario', 'proponente', 'attore']",,centro antiviolenza “dafne”,cav/centri antiviolenza,lanciano,chieti,abruzzo,"firmatario, proponente, attore"
42.045395,14.731597,Associazione Dafne Onlus,San Salvo,Chieti,Abruzzo,ALTRI ENTI DEL TERZO SETTORE,"firmatario, proponente, attore",True,True,True,False,False,False,False,"['firmatario', 'proponente', 'attore']",,associazione dafne onlus,altri enti del terzo settore,san salvo,chieti,abruzzo,"firmatario, proponente, attore"
42.355593,14.40353,Distretto sanitario territoriale Ortona,Ortona,Chieti,Abruzzo,ASL (consultori familiari e altri servizi territoriali),"firmatario, attore",True,False,True,False,False,False,False,"['firmatario', 'attore']",,distretto sanitario territoriale ortona,asl (consultori familiari e altri servizi territoriali),ortona,chieti,abruzzo,"firmatario, attore"
42.231163,14.390524,Comune di Lanciano,Lanciano,Chieti,Abruzzo,Comuni,"firmatario, attore",True,False,True,False,False,False,False,"['firmatario', 'attore']",,comune di lanciano,comuni,lanciano,chieti,abruzzo,"firmatario, attore"
42.045395,14.731597,Associazione Dafne Onlus,San Salvo,Chieti,Abruzzo,ALTRI ENTI DEL TERZO SETTORE,"firmatario, attore, coordinamento",True,False,True,False,False,True,True,"['firmatario', 'attore', 'coordinamento']",coordinamento,associazione dafne onlus,altri enti del terzo settore,san salvo,chieti,abruzzo,"firmatario, attore, coordinamento"
42.231163,14.390524,Procura della Repubblica di Lanciano,Lanciano,Chieti,Abruzzo,Procura Ordinaria/Tribunale/Corte d'appello,"firmatario, attore",True,False,True,False,False,False,False,"['firmatario', 'attore']",,procura della repubblica di lanciano,procura ordinaria/tribunale/corte d'appello,lanciano,chieti,abruzzo,"firmatario, attore"
42.231163,14.390524,Tribunale di Lanciano,Lanciano,Chieti,Abruzzo,Procura Ordinaria/Tribunale/Corte d'appello,"firmatario, attore",True,False,True,False,False,False,False,"['firmatario', 'attore']",,tribunale di lanciano,procura ordinaria/tribunale/corte d'appello,lanciano,chieti,abruzzo,"firmatario, attore"
42.231163,14.390524,Casa Circondariale di Lanciano,Lanciano,Chieti,Abruzzo,Altro,"firmatario, attore",True,False,True,False,False,False,False,"['firmatario', 'attore']",,casa circondariale di lanciano,altro,lanciano,chieti,abruzzo,"firmatario, attore"
42.231163,14.390524,Centro per l'Impiego di Lanciano,Lanciano,Chieti,Abruzzo,Servizi per l'impiego,"firmatario, attore",True,False,True,False,False,False,False,"['firmatario', 'attore']",,centro per l'impiego di lanciano,servizi per l'impiego,lanciano,chieti,abruzzo,"firmatario, attore"
42.231163,14.390524,Rotary Club di Lanciano,Lanciano,Chieti,Abruzzo,Altro,"firmatario, attore",True,False,True,False,False,False,False,"['firmatario', 'attore']",,rotary club di lanciano,altro,lanciano,chieti,abruzzo,"firmatario, attore"
42.231163,14.390524,Centro Antiviolenza “Dafne”,Lanciano,Chieti,Abruzzo,CAV/Centri Antiviolenza,"firmatario, attore",True,False,True,False,False,False,False,"['firmatario', 'attore']",,centro antiviolenza “dafne”,cav/centri antiviolenza,lanciano,chieti,abruzzo,"firmatario, attore"
42.045395,14.731597,Associazione Dafne Onlus,San Salvo,Chieti,Abruzzo,ALTRI ENTI DEL TERZO SETTORE,"firmatario, attore",True,False,True,False,False,False,False,"['firmatario', 'attore']",,associazione dafne onlus,altri enti del terzo settore,san salvo,chieti,abruzzo,"firmatario, attore"
42.045395,14.731597,Associazione Dafne Onlus,San Salvo,Chieti,Abruzzo,ALTRI ENTI DEL TERZO SETTORE,"firmatario, proponente, attore, gestione, coordinamento",True,True,True,True,False,True,True,"['firmatario', 'proponente', 'attore', 'gestione', 'coordinamento']","gestione, coordinamento",associazione dafne onlus,altri enti del terzo settore,san salvo,chieti,abruzzo,"firmatario, proponente, attore, gestione, coordinamento"
42.231163,14.390524,Centro per I'Ilmpiego di Lanciano,Lanciano,Chieti,Abruzzo,Servizi per l'impiego,"firmatario, attore",True,False,True,False,False,False,False,"['firmatario', 'attore']",,centro per i'ilmpiego di lanciano,servizi per l'impiego,lanciano,chieti,abruzzo,"firmatario, attore"
42.231163,14.390524,Amministrazione Comunale di Lanciano,Lanciano,Chieti,Abruzzo,Comuni,"firmatario, attore",True,False,True,False,False,False,False,"['firmatario', 'attore']",,amministrazione comunale di lanciano,comuni,lanciano,chieti,abruzzo,"firmatario, attore"
42.112516,14.708246,Comune di Vasto,Vasto,Chieti,Abruzzo,Comuni,"firmatario, proponente, attore",True,True,True,False,False,False,False,"['firmatario', 'proponente', 'attore']",,comune di vasto,comuni,vasto,chieti,abruzzo,"firmatario, proponente, attore"
42.112516,14.708246,Procura della Repubblica presso il Tribunale di Vasto,Vasto,Chieti,Abruzzo,Procura Ordinaria/Tribunale/Corte d'appello,"firmatario, proponente, attore",True,True,True,False,False,False,False,"['firmatario', 'proponente', 'attore']",,procura della repubblica presso il tribunale di vasto,procura ordinaria/tribunale/corte d'appello,vasto,chieti,abruzzo,"firmatario, proponente, attore"
42.112516,14.708246,Tribunale di Vasto,Vasto,Chieti,Abruzzo,Procura Ordinaria/Tribunale/Corte d'appello,"firmatario, proponente, attore",True,True,True,False,False,False,False,"['firmatario', 'proponente', 'attore']",,tribunale di vasto,procura ordinaria/tribunale/corte d'appello,vasto,chieti,abruzzo,"firmatario, proponente, attore"
42.34972,14.167311,Comando Compagnia Carabinieri di Chieti,Chieti,Chieti,Abruzzo,Carabinieri/Polizia/altre forze dell'ordine,"firmatario, attore",True,False,True,False,False,False,False,"['firmatario', 'attore']",,comando compagnia carabinieri di chieti,carabinieri/polizia/altre forze dell'ordine,chieti,chieti,abruzzo,"firmatario, attore"
42.112516,14.708246,Comando Compagnia Carabinieri di Vasto,Vasto,Chieti,Abruzzo,Carabinieri/Polizia/altre forze dell'ordine,"firmatario, proponente, attore",True,True,True,False,False,False,False,"['firmatario', 'proponente', 'attore']",,comando compagnia carabinieri di vasto,carabinieri/polizia/altre forze dell'ordine,vasto,chieti,abruzzo,"firmatario, proponente, attore"
42.112516,14.708246,Commissariato di P.S. di Vasto,Vasto,Chieti,Abruzzo,Carabinieri/Polizia/altre forze dell'ordine,"firmatario, proponente, attore",True,True,True,False,False,False,False,"['firmatario', 'proponente', 'attore']",,commissariato di p.s. di vasto,carabinieri/polizia/altre forze dell'ordine,vasto,chieti,abruzzo,"firmatario, proponente, attore"
42.112516,14.708246,Pronto Soccorso - Osp. Civ. di Vasto ASL n.2,Vasto,Chieti,Abruzzo,"Ospedale (Pronto soccorso, ecc.)","firmatario, proponente, attore",True,True,True,False,False,False,False,"['firmatario', 'proponente', 'attore']",,pronto soccorso - osp. civ. di vasto asl n.2,"ospedale (pronto soccorso, ecc.)",vasto,chieti,abruzzo,"firmatario, proponente, attore"
42.112516,14.708246,Dipartimento di Salute Mentale - Osp. Civ. di Vasto ASL n.2,Vasto,Chieti,Abruzzo,"Ospedale (Pronto soccorso, ecc.)","firmatario, proponente, attore",True,True,True,False,False,False,False,"['firmatario', 'proponente', 'attore']",,dipartimento di salute mentale - osp. civ. di vasto asl n.2,"ospedale (pronto soccorso, ecc.)",vasto,chieti,abruzzo,"firmatario, proponente, attore"
42.112516,14.708246,Divisione Ostetricia e Ginecologia - Osp. Civ. di Vasto ASL n.2,Vasto,Chieti,Abruzzo,"Ospedale (Pronto soccorso, ecc.)","firmatario, proponente, attore",True,True,True,False,False,False,False,"['firmatario', 'proponente', 'attore']",,divisione ostetricia e ginecologia - osp. civ. di vasto asl n.2,"ospedale (pronto soccorso, ecc.)",vasto,chieti,abruzzo,"firmatario, proponente, attore"
42.112516,14.708246,Consultorio Familiare di Vasto - ASL n.2,Vasto,Chieti,Abruzzo,ASL (consultori familiari e altri servizi territoriali),"firmatario, proponente, attore",True,True,True,False,False,False,False,"['firmatario', 'proponente', 'attore']",,consultorio familiare di vasto - asl n.2,asl (consultori familiari e altri servizi territoriali),vasto,chieti,abruzzo,"firmatario, proponente, attore"
42.112516,14.708246,Sert di Vasto - ASL n.2,Vasto,Chieti,Abruzzo,ASL (consultori familiari e altri servizi territoriali),"firmatario, proponente, attore",True,True,True,False,False,False,False,"['firmatario', 'proponente', 'attore']",,sert di vasto - asl n.2,asl (consultori familiari e altri servizi territoriali),vasto,chieti,abruzzo,"firmatario, proponente, attore"
42.045395,14.731597,Associazione Dafne Onlus,San Salvo,Chieti,Abruzzo,ALTRI ENTI DEL TERZO SETTORE,"firmatario, attore, gestione, coordinamento",True,False,True,True,False,True,True,"['firmatario', 'attore', 'gestione', 'coordinamento']","gestione, coordinamento",associazione dafne onlus,altri enti del terzo settore,san salvo,chieti,abruzzo,"firmatario, attore, gestione, coordinamento"
42.112516,14.708246,Comando Polizia Municipale del Comune di Vasto,Vasto,Chieti,Abruzzo,Polizia Municipale,"firmatario, proponente, attore",True,True,True,False,False,False,False,"['firmatario', 'proponente', 'attore']",,comando polizia municipale del comune di vasto,polizia municipale,vasto,chieti,abruzzo,"firmatario, proponente, attore"
42.112516,14.708246,Settore Servizi alla persona del Comune di Vasto,Vasto,Chieti,Abruzzo,Servizi sociali comunali,"firmatario, proponente, attore",True,True,True,False,False,False,False,"['firmatario', 'proponente', 'attore']",,settore servizi alla persona del comune di vasto,servizi sociali comunali,vasto,chieti,abruzzo,"firmatario, proponente, attore"
42.100506,14.375281,Comando Provinciale della Guardia di Finanza di Chieti,Chieti,Chieti,Abruzzo,Carabinieri/Polizia/altre forze dell'ordine,"firmatario, attore",True,False,True,False,False,False,False,"['firmatario', 'attore']",,comando provinciale della guardia di finanza di chieti,carabinieri/polizia/altre forze dell'ordine,chieti,chieti,abruzzo,"firmatario, attore"
42.112516,14.708246,Sportello Antiviolenza DonnAttiva,Vasto,Chieti,Abruzzo,CAV/Centri Antiviolenza,attore,False,False,True,False,False,False,False,['attore'],,sportello antiviolenza donnattiva,cav/centri antiviolenza,vasto,chieti,abruzzo,attore
42.112516,14.708246,Pronto Soccorso Osp. Civ. Vasto,Vasto,Chieti,Abruzzo,"Ospedale (Pronto soccorso, ecc.)","firmatario, proponente, attore",True,True,True,False,False,False,False,"['firmatario', 'proponente', 'attore']",,pronto soccorso osp. civ. vasto,"ospedale (pronto soccorso, ecc.)",vasto,chieti,abruzzo,"firmatario, proponente, attore"
42.047483,13.924196,Società Cooperativa Sociale Horizon Service,Sulmona,L'Aquila,Abruzzo,Ente terzo settore - ETS (iscritto al RUNTS),"firmatario, proponente, attore",True,True,True,False,False,False,False,"['firmatario', 'proponente', 'attore']",,società cooperativa sociale horizon service,ente terzo settore - ets (iscritto al runts),sulmona,l'aquila,abruzzo,"firmatario, proponente, attore"
42.047483,13.924196,Comune di Sulmona,Sulmona,L'Aquila,Abruzzo,Comuni,"firmatario, attore",True,False,True,False,False,False,False,"['firmatario', 'attore']",,comune di sulmona,comuni,sulmona,l'aquila,abruzzo,"firmatario, attore"
42.047483,13.924196,Centro Antiviolenza “La Libellula”,Sulmona,L'Aquila,Abruzzo,CAV/Centri Antiviolenza,attore,False,False,True,False,False,False,False,['attore'],,centro antiviolenza “la libellula”,cav/centri antiviolenza,sulmona,l'aquila,abruzzo,attore
41.78428,14.108604,Centro Antiviolenza “Donna”,Castel Di Sangro,L'Aquila,Abruzzo,CAV/Centri Antiviolenza,,False,False,False,False,False,False,False,[],,centro antiviolenza “donna”,cav/centri antiviolenza,castel di sangro,l'aquila,abruzzo,
42.047483,13.924196,Casa Rifugio “La Casa delle donne”,Sulmona,L'Aquila,Abruzzo,Case Rifugio,attore,False,False,True,False,False,False,False,['attore'],,casa rifugio “la casa delle donne”,case rifugio,sulmona,l'aquila,abruzzo,attore
42.422142,14.186729,Associazione di Promozione Sociale “La Ninfea”,San Giovanni Teatino,Chieti,Abruzzo,ASSOCIAZIONI DI PROMOZIONE SOCIALE,,False,False,False,False,False,False,False,[],,associazione di promozione sociale “la ninfea”,associazioni di promozione sociale,san giovanni teatino,chieti,abruzzo,
41.78428,14.108604,Comune di Castel di Sangro,Castel Di Sangro,L'Aquila,Abruzzo,Comuni,,False,False,False,False,False,False,False,[],,comune di castel di sangro,comuni,castel di sangro,l'aquila,abruzzo,
42.047483,13.924196,Casa Rifugio “La Casa delle Donne”,Sulmona,L'Aquila,Abruzzo,Case Rifugio,"firmatario, proponente, attore",True,True,True,False,False,False,False,"['firmatario', 'proponente', 'attore']",,casa rifugio “la casa delle donne”,case rifugio,sulmona,l'aquila,abruzzo,"firmatario, proponente, attore"
42.047483,13.924196,Centro Antiviolenza “La Libellula”,Sulmona,L'Aquila,Abruzzo,CAV/Centri Antiviolenza,"firmatario, proponente, attore",True,True,True,False,False,False,False,"['firmatario', 'proponente', 'attore']",,centro antiviolenza “la libellula”,cav/centri antiviolenza,sulmona,l'aquila,abruzzo,"firmatario, proponente, attore"
42.047483,13.924196,Cooperativa Sociale Horizon Service,Sulmona,L'Aquila,Abruzzo,IMPRESE SOCIALI,"firmatario, attore",True,False,True,False,False,False,False,"['firmatario', 'attore']",,cooperativa sociale horizon service,imprese sociali,sulmona,l'aquila,abruzzo,"firmatario, attore"
42.030696,13.426596,Cooperativa Sociale Leonardo,Avezzano,L'Aquila,Abruzzo,IMPRESE SOCIALI,"firmatario, attore",True,False,True,False,False,False,False,"['firmatario', 'attore']",,cooperativa sociale leonardo,imprese sociali,avezzano,l'aquila,abruzzo,"firmatario, attore"
41.78428,14.108604,Comune di Castel di Sangro,Castel Di Sangro,L'Aquila,Abruzzo,Comuni,firmatario,True,False,False,False,False,False,False,['firmatario'],,comune di castel di sangro,comuni,castel di sangro,l'aquila,abruzzo,firmatario
41.733869,14.034379,Comune di Alfedena,Alfedena,L'Aquila,Abruzzo,Comuni,firmatario,True,False,False,False,False,False,False,['firmatario'],,comune di alfedena,comuni,alfedena,l'aquila,abruzzo,firmatario
41.757452,13.991202,Comune di Barrea,Barrea,L'Aquila,Abruzzo,Comuni,firmatario,True,False,False,False,False,False,False,['firmatario'],,comune di barrea,comuni,barrea,l'aquila,abruzzo,firmatario
41.765207,13.940746,Comune di Civitella Alfedena,Civitella Alfedena,L'Aquila,Abruzzo,Comuni,firmatario,True,False,False,False,False,False,False,['firmatario'],,comune di civitella alfedena,comuni,civitella alfedena,l'aquila,abruzzo,firmatario
41.780438,13.82999,Comune di Opi,Opi,L'Aquila,Abruzzo,Comuni,firmatario,True,False,False,False,False,False,False,['firmatario'],,comune di opi,comuni,opi,l'aquila,abruzzo,firmatario
41.872398,14.068786,Comune di Rivisondoli,Rivisondoli,L'Aquila,Abruzzo,Comuni,firmatario,True,False,False,False,False,False,False,['firmatario'],,comune di rivisondoli,comuni,rivisondoli,l'aquila,abruzzo,firmatario
41.934546,13.977092,Comune di Rocca Pia,Rocca Pia,L'Aquila,Abruzzo,Comuni,firmatario,True,False,False,False,False,False,False,['firmatario'],,comune di rocca pia,comuni,rocca pia,l'aquila,abruzzo,firmatario
41.846625,14.078683,Comune di Roccaraso,Roccaraso,L'Aquila,Abruzzo,Comuni,firmatario,True,False,False,False,False,False,False,['firmatario'],,comune di roccaraso,comuni,roccaraso,l'aquila,abruzzo,firmatario
41.890255,14.065549,Comune di Pescocostanzo,Pescocostanzo,L'Aquila,Abruzzo,Comuni,firmatario,True,False,False,False,False,False,False,['firmatario'],,comune di pescocostanzo,comuni,pescocostanzo,l'aquila,abruzzo,firmatario
41.745756,14.038776,Comune di Scontrone,Scontrone,L'Aquila,Abruzzo,Comuni,firmatario,True,False,False,False,False,False,False,['firmatario'],,comune di scontrone,comuni,scontrone,l'aquila,abruzzo,firmatario
41.775968,13.935639,Comune di Villetta Barrea,Villetta Barrea,L'Aquila,Abruzzo,Comuni,firmatario,True,False,False,False,False,False,False,['firmatario'],,comune di villetta barrea,comuni,villetta barrea,l'aquila,abruzzo,firmatario
42.047483,13.924196,EAS 18 Comune di Sulmona,Sulmona,L'Aquila,Abruzzo,Altro,attore,False,False,True,False,False,False,False,['attore'],,eas 18 comune di sulmona,altro,sulmona,l'aquila,abruzzo,attore
42.047483,13.924196,Società Cooperativa Sociale Horizon Service,Sulmona,L'Aquila,Abruzzo,Ente terzo settore - ETS (iscritto al RUNTS),"firmatario, proponente, attore, gestione",True,True,True,True,False,False,True,"['firmatario', 'proponente', 'attore', 'gestione']",gestione,società cooperativa sociale horizon service,ente terzo settore - ets (iscritto al runts),sulmona,l'aquila,abruzzo,"firmatario, proponente, attore, gestione"
42.047483,13.924196,Associazione di Promozione Sociale “La Ninfea” di Sulmona,Sulmona,L'Aquila,Abruzzo,ASSOCIAZIONI DI PROMOZIONE SOCIALE,"firmatario, attore",True,False,True,False,False,False,False,"['firmatario', 'attore']",,associazione di promozione sociale “la ninfea” di sulmona,associazioni di promozione sociale,sulmona,l'aquila,abruzzo,"firmatario, attore"
42.422142,14.186729,Associazione di promozione sociale “La Ninfea” Onlus,San Giovanni Teatino,Chieti,Abruzzo,ASSOCIAZIONI DI PROMOZIONE SOCIALE,"firmatario, attore",True,False,True,False,False,False,False,"['firmatario', 'attore']",,associazione di promozione sociale “la ninfea” onlus,associazioni di promozione sociale,san giovanni teatino,chieti,abruzzo,"firmatario, attore"
42.047483,13.924196,Pronto Soccorso del Presidio Ospedaliero di Sulmona,Sulmona,L'Aquila,Abruzzo,"Ospedale (Pronto soccorso, ecc.)",,False,False,False,False,False,False,False,[],,pronto soccorso del presidio ospedaliero di sulmona,"ospedale (pronto soccorso, ecc.)",sulmona,l'aquila,abruzzo,
42.047483,13.924196,Direzione Sanitaria del Presidio Ospedaliero di Sulmona,Sulmona,L'Aquila,Abruzzo,"Ospedale (Pronto soccorso, ecc.)",,False,False,False,False,False,False,False,[],,direzione sanitaria del presidio ospedaliero di sulmona,"ospedale (pronto soccorso, ecc.)",sulmona,l'aquila,abruzzo,
42.464117,14.214354,Comune di Pescara,Pescara,Pescara,Abruzzo,Comuni,"firmatario, proponente, attore",True,True,True,False,False,False,False,"['firmatario', 'proponente', 'attore']",,comune di pescara,comuni,pescara,pescara,abruzzo,"firmatario, proponente, attore"
42.464117,14.214354,Prefettura di Pescara,Pescara,Pescara,Abruzzo,Prefettura,"firmatario, proponente, attore",True,True,True,False,False,False,False,"['firmatario', 'proponente', 'attore']",,prefettura di pescara,prefettura,pescara,pescara,abruzzo,"firmatario, proponente, attore"
42.32578,13.974696,Arma dei Carabinieri - Comando Provinciale di Pescara,Pescara,Pescara,Abruzzo,Carabinieri/Polizia/altre forze dell'ordine,"firmatario, proponente, attore",True,True,True,False,False,False,False,"['firmatario', 'proponente', 'attore']",,arma dei carabinieri - comando provinciale di pescara,carabinieri/polizia/altre forze dell'ordine,pescara,pescara,abruzzo,"firmatario, proponente, attore"
42.32578,13.974696,Guardia di Finanza - Comando Provinciale di Pescara,Pescara,Pescara,Abruzzo,Carabinieri/Polizia/altre forze dell'ordine,"firmatario, proponente, attore",True,True,True,False,False,False,False,"['firmatario', 'proponente', 'attore']",,guardia di finanza - comando provinciale di pescara,carabinieri/polizia/altre forze dell'ordine,pescara,pescara,abruzzo,"firmatario, proponente, attore"
42.464117,14.214354,Questura di Pescara,Pescara,Pescara,Abruzzo,Questura,"firmatario, proponente, attore",True,True,True,False,False,False,False,"['firmatario', 'proponente', 'attore']",,questura di pescara,questura,pescara,pescara,abruzzo,"firmatario, proponente, attore"
42.464117,14.214354,Tribunale di Pescara,Pescara,Pescara,Abruzzo,Procura Ordinaria/Tribunale/Corte d'appello,"firmatario, proponente, attore",True,True,True,False,False,False,False,"['firmatario', 'proponente', 'attore']",,tribunale di pescara,procura ordinaria/tribunale/corte d'appello,pescara,pescara,abruzzo,"firmatario, proponente, attore"
42.464117,14.214354,Procura della Repubblica presso il Tribunale di Pescara,Pescara,Pescara,Abruzzo,Procura Ordinaria/Tribunale/Corte d'appello,"firmatario, proponente, attore",True,True,True,False,False,False,False,"['firmatario', 'proponente', 'attore']",,procura della repubblica presso il tribunale di pescara,procura ordinaria/tribunale/corte d'appello,pescara,pescara,abruzzo,"firmatario, proponente, attore"
42.350142,13.401164,Procura della Repubblica presso il Tribunale per i Minorenni di L’Aquila,L’Aquila,L'Aquila,Abruzzo,Procura Minorile/Tribunale minorile,"firmatario, attore",True,False,True,False,False,False,False,"['firmatario', 'attore']",,procura della repubblica presso il tribunale per i minorenni di l’aquila,procura minorile/tribunale minorile,l’aquila,l'aquila,abruzzo,"firmatario, attore"
42.464117,14.214354,Polizia Locale di Pescara,Pescara,Pescara,Abruzzo,Polizia Municipale,"firmatario, proponente, attore",True,True,True,False,False,False,False,"['firmatario', 'proponente', 'attore']",,polizia locale di pescara,polizia municipale,pescara,pescara,abruzzo,"firmatario, proponente, attore"
42.464117,14.214354,ASL - Azienda Sanitaria Locale di Pescara,Pescara,Pescara,Abruzzo,ASL (consultori familiari e altri servizi territoriali),"firmatario, proponente, attore",True,True,True,False,False,False,False,"['firmatario', 'proponente', 'attore']",,asl - azienda sanitaria locale di pescara,asl (consultori familiari e altri servizi territoriali),pescara,pescara,abruzzo,"firmatario, proponente, attore"
42.32578,13.974696,Ufficio Scolastico Provinciale di Pescara,Pescara,Pescara,Abruzzo,Scuole/Ufficio scolastico provinciale e regionale,"firmatario, proponente, attore",True,True,True,False,False,False,False,"['firmatario', 'proponente', 'attore']",,ufficio scolastico provinciale di pescara,scuole/ufficio scolastico provinciale e regionale,pescara,pescara,abruzzo,"firmatario, proponente, attore"
42.464117,14.214354,Ordine degli Avvocati di Pescara,Pescara,Pescara,Abruzzo,Ordine avvocati,"firmatario, proponente, attore",True,True,True,False,False,False,False,"['firmatario', 'proponente', 'attore']",,ordine degli avvocati di pescara,ordine avvocati,pescara,pescara,abruzzo,"firmatario, proponente, attore"
42.32578,13.974696,Ordine dei Medici Chirurghi e degli Odontoiatri della Provincia di Pescara,Pescara,Pescara,Abruzzo,Ordine medici e odontoiatri e Ordine farmacisti,"firmatario, proponente, attore",True,True,True,False,False,False,False,"['firmatario', 'proponente', 'attore']",,ordine dei medici chirurghi e degli odontoiatri della provincia di pescara,ordine medici e odontoiatri e ordine farmacisti,pescara,pescara,abruzzo,"firmatario, proponente, attore"
42.464117,14.214354,A.R.C.I. Pescara APS,Pescara,Pescara,Abruzzo,ASSOCIAZIONI DI PROMOZIONE SOCIALE,"firmatario, proponente, attore",True,True,True,False,False,False,False,"['firmatario', 'proponente', 'attore']",,a.r.c.i. pescara aps,associazioni di promozione sociale,pescara,pescara,abruzzo,"firmatario, proponente, attore"
42.464117,14.214354,CAMBIAMENTI APS,Pescara,Pescara,Abruzzo,ASSOCIAZIONI DI PROMOZIONE SOCIALE,"firmatario, attore",True,False,True,False,False,False,False,"['firmatario', 'attore']",,cambiamenti aps,associazioni di promozione sociale,pescara,pescara,abruzzo,"firmatario, attore"
42.21781,13.914292,Fondazione Caritas,Tocco Da Casauria,Pescara,Abruzzo,ENTI FILANTROPICI,"firmatario, attore",True,False,True,False,False,False,False,"['firmatario', 'attore']",,fondazione caritas,enti filantropici,tocco da casauria,pescara,abruzzo,"firmatario, attore"
42.32578,13.974696,C.L.F. Provinciale Pescara APS,Pescara,Pescara,Abruzzo,Ente terzo settore - ETS (iscritto al RUNTS),"firmatario, proponente, attore",True,True,True,False,False,False,False,"['firmatario', 'proponente', 'attore']",,c.l.f. provinciale pescara aps,ente terzo settore - ets (iscritto al runts),pescara,pescara,abruzzo,"firmatario, proponente, attore"
42.464117,14.214354,Cooperativa Orizzonte,Pescara,Pescara,Abruzzo,IMPRESE SOCIALI,"firmatario, attore",True,False,True,False,False,False,False,"['firmatario', 'attore']",,cooperativa orizzonte,imprese sociali,pescara,pescara,abruzzo,"firmatario, attore"
41.274035,16.417213,OdV Gruppo di Volontariato e Protezione Civile dell’Associazione Nazionale Polizia di Stato,Trani,Barletta-Andria-Trani,Puglia,Altro,"firmatario, attore",True,False,True,False,False,False,False,"['firmatario', 'attore']",,odv gruppo di volontariato e protezione civile dell’associazione nazionale polizia di stato,altro,trani,barletta-andria-trani,puglia,"firmatario, attore"
41.227106,16.295272,Associazione “RiscoprirSi... - APS”,Andria,Barletta-Andria-Trani,Puglia,ASSOCIAZIONI DI PROMOZIONE SOCIALE,"firmatario, attore, gestione",True,False,True,True,False,False,True,"['firmatario', 'attore', 'gestione']",gestione,associazione “riscoprirsi... - aps”,associazioni di promozione sociale,andria,barletta-andria-trani,puglia,"firmatario, attore, gestione"
40.575923,17.715728,Provincia di Brindisi,Brindisi,Brindisi,Puglia,Province/Città metropolitane,"firmatario, proponente, attore, coordinamento",True,True,True,False,False,True,True,"['firmatario', 'proponente', 'attore', 'coordinamento']",coordinamento,provincia di brindisi,province/città metropolitane,brindisi,brindisi,puglia,"firmatario, proponente, attore, coordinamento"
40.638352,17.94581,Prefettura di Brindisi,Brindisi,Brindisi,Puglia,Prefettura,"firmatario, attore",True,False,True,False,False,False,False,"['firmatario', 'attore']",,prefettura di brindisi,prefettura,brindisi,brindisi,puglia,"firmatario, attore"
40.638352,17.94581,Procura della Repubblica presso il Tribunale Ordinario di Brindisi,Brindisi,Brindisi,Puglia,Procura Ordinaria/Tribunale/Corte d'appello,"firmatario, attore",True,False,True,False,False,False,False,"['firmatario', 'attore']",,procura della repubblica presso il tribunale ordinario di brindisi,procura ordinaria/tribunale/corte d'appello,brindisi,brindisi,puglia,"firmatario, attore"
40.353501,18.171924,Procura presso il Tribunale per i Minorenni di Lecce,Lecce,Lecce,Puglia,Procura Minorile/Tribunale minorile,"firmatario, attore",True,False,True,False,False,False,False,"['firmatario', 'attore']",,procura presso il tribunale per i minorenni di lecce,procura minorile/tribunale minorile,lecce,lecce,puglia,"firmatario, attore"
40.638352,17.94581,Tribunale Ordinario di Brindisi,Brindisi,Brindisi,Puglia,Procura Ordinaria/Tribunale/Corte d'appello,"firmatario, attore",True,False,True,False,False,False,False,"['firmatario', 'attore']",,tribunale ordinario di brindisi,procura ordinaria/tribunale/corte d'appello,brindisi,brindisi,puglia,"firmatario, attore"
40.353501,18.171924,Tribunale per i Minorenni di Lecce,Lecce,Lecce,Puglia,Procura Minorile/Tribunale minorile,"firmatario, attore",True,False,True,False,False,False,False,"['firmatario', 'attore']",,tribunale per i minorenni di lecce,procura minorile/tribunale minorile,lecce,lecce,puglia,"firmatario, attore"
40.575923,17.715728,Istituti scolastici della Provincia di Brindisi,Brindisi,Brindisi,Puglia,Scuole/Ufficio scolastico provinciale e regionale,"firmatario, proponente, attore",True,True,True,False,False,False,False,"['firmatario', 'proponente', 'attore']",,istituti scolastici della provincia di brindisi,scuole/ufficio scolastico provinciale e regionale,brindisi,brindisi,puglia,"firmatario, proponente, attore"
40.575923,17.715728,Ambiti Territoriali Sociali di Zona della Provincia di Brindisi,Brindisi,Brindisi,Puglia,"Ambiti della programmazione sociale e socio-sanitaria (Ambiti Sociali, Piani di Zona, Distretti socio-sanitari, Società della Salute)","firmatario, proponente, attore",True,True,True,False,False,False,False,"['firmatario', 'proponente', 'attore']",,ambiti territoriali sociali di zona della provincia di brindisi,"ambiti della programmazione sociale e socio-sanitaria (ambiti sociali, piani di zona, distretti socio-sanitari, società della salute)",brindisi,brindisi,puglia,"firmatario, proponente, attore"
40.575923,17.715728,"Ufficio Scolastico Regionale, Ambito Territoriale di Brindisi",Brindisi,Brindisi,Puglia,Scuole/Ufficio scolastico provinciale e regionale,attore,False,False,True,False,False,False,False,['attore'],,"ufficio scolastico regionale, ambito territoriale di brindisi",scuole/ufficio scolastico provinciale e regionale,brindisi,brindisi,puglia,attore
40.55483,17.71677,Cooperativa Sociale Siderea,Latiano,Brindisi,Puglia,IMPRESE SOCIALI,attore,False,False,True,False,False,False,False,['attore'],,cooperativa sociale siderea,imprese sociali,latiano,brindisi,puglia,attore
40.55483,17.71677,Cooperativa Sociale Artemide a.r.l. - ONLUS,Latiano,Brindisi,Puglia,IMPRESE SOCIALI,attore,False,False,True,False,False,False,False,['attore'],,cooperativa sociale artemide a.r.l. - onlus,imprese sociali,latiano,brindisi,puglia,attore
40.638352,17.94581,Associazione IO DONNA,Brindisi,Brindisi,Puglia,Ente terzo settore - ETS (iscritto al RUNTS) costituito da donne per le donne,attore,False,False,True,False,False,False,False,['attore'],,associazione io donna,ente terzo settore - ets (iscritto al runts) costituito da donne per le donne,brindisi,brindisi,puglia,attore
40.638352,17.94581,Associazione M.I.T.A.G. ONLUS,Brindisi,Brindisi,Puglia,Ente terzo settore - ETS (iscritto al RUNTS),attore,False,False,True,False,False,False,False,['attore'],,associazione m.i.t.a.g. onlus,ente terzo settore - ets (iscritto al runts),brindisi,brindisi,puglia,attore
40.575923,17.715728,Comitato Provinciale per l’Ordine e la Sicurezza Pubblica,Brindisi,Brindisi,Puglia,Altro,,False,False,False,False,False,False,False,[],,comitato provinciale per l’ordine e la sicurezza pubblica,altro,brindisi,brindisi,puglia,
40.638352,17.94581,Progetto Giada,Brindisi,Brindisi,Puglia,Altro,,False,False,False,False,False,False,False,[],,progetto giada,altro,brindisi,brindisi,puglia,
41.462205,15.543111,Prefettura di Foggia,Foggia,Foggia,Puglia,Prefettura,"firmatario, attore",True,False,True,False,False,False,False,"['firmatario', 'attore']",,prefettura di foggia,prefettura,foggia,foggia,puglia,"firmatario, attore"
41.462205,15.543111,Procura della Repubblica di Foggia,Foggia,Foggia,Puglia,Procura Ordinaria/Tribunale/Corte d'appello,"firmatario, attore",True,False,True,False,False,False,False,"['firmatario', 'attore']",,procura della repubblica di foggia,procura ordinaria/tribunale/corte d'appello,foggia,foggia,puglia,"firmatario, attore"
41.462205,15.543111,Questura di Foggia,Foggia,Foggia,Puglia,Questura,"firmatario, attore",True,False,True,False,False,False,False,"['firmatario', 'attore']",,questura di foggia,questura,foggia,foggia,puglia,"firmatario, attore"
41.527637,15.45429,Provincia di Foggia,Foggia,Foggia,Puglia,Province/Città metropolitane,"firmatario, attore",True,False,True,False,False,False,False,"['firmatario', 'attore']",,provincia di foggia,province/città metropolitane,foggia,foggia,puglia,"firmatario, attore"
41.462205,15.543111,Comune di Foggia,Foggia,Foggia,Puglia,Comuni,"firmatario, attore",True,False,True,False,False,False,False,"['firmatario', 'attore']",,comune di foggia,comuni,foggia,foggia,puglia,"firmatario, attore"
41.462205,15.543111,Università degli Studi di Foggia,Foggia,Foggia,Puglia,Università,"firmatario, attore, coordinamento",True,False,True,False,False,True,True,"['firmatario', 'attore', 'coordinamento']",coordinamento,università degli studi di foggia,università,foggia,foggia,puglia,"firmatario, attore, coordinamento"
41.462205,15.543111,Ordine dei Medici di Foggia,Foggia,Foggia,Puglia,Ordine medici e odontoiatri e Ordine farmacisti,"firmatario, attore",True,False,True,False,False,False,False,"['firmatario', 'attore']",,ordine dei medici di foggia,ordine medici e odontoiatri e ordine farmacisti,foggia,foggia,puglia,"firmatario, attore"
41.462205,15.543111,Azienda Ospedaliera OO.RR. Foggia,Foggia,Foggia,Puglia,"Ospedale (Pronto soccorso, ecc.)","firmatario, attore",True,False,True,False,False,False,False,"['firmatario', 'attore']",,azienda ospedaliera oo.rr. foggia,"ospedale (pronto soccorso, ecc.)",foggia,foggia,puglia,"firmatario, attore"
41.707008,15.727266,IRCCS Casa Sollievo della Sofferenza,San Giovanni Rotondo,Foggia,Puglia,"Ospedale (Pronto soccorso, ecc.)","firmatario, attore",True,False,True,False,False,False,False,"['firmatario', 'attore']",,irccs casa sollievo della sofferenza,"ospedale (pronto soccorso, ecc.)",san giovanni rotondo,foggia,puglia,"firmatario, attore"
41.527637,15.45429,Ufficio Scolastico Regionale per la Puglia - Uff. V Ambito Territoriale Foggia,Foggia,Foggia,Puglia,Scuole/Ufficio scolastico provinciale e regionale,"firmatario, attore",True,False,True,False,False,False,False,"['firmatario', 'attore']",,ufficio scolastico regionale per la puglia - uff. v ambito territoriale foggia,scuole/ufficio scolastico provinciale e regionale,foggia,foggia,puglia,"firmatario, attore"
41.462205,15.543111,Associazione di volontariato ViOLA Dauna,Foggia,Foggia,Puglia,ORGANIZZAZIONI DI VOLONTARIATO,"firmatario, attore",True,False,True,False,False,False,False,"['firmatario', 'attore']",,associazione di volontariato viola dauna,organizzazioni di volontariato,foggia,foggia,puglia,"firmatario, attore"
41.462205,15.543111,Caritas Diocesana di Foggia,Foggia,Foggia,Puglia,Altro,"firmatario, attore",True,False,True,False,False,False,False,"['firmatario', 'attore']",,caritas diocesana di foggia,altro,foggia,foggia,puglia,"firmatario, attore"
41.462205,15.543111,Consulta per la Parita e le Pari Opportunita del Comune di Foggia,Foggia,Foggia,Puglia,Organismi di parità,"firmatario, attore",True,False,True,False,False,False,False,"['firmatario', 'attore']",,consulta per la parita e le pari opportunita del comune di foggia,organismi di parità,foggia,foggia,puglia,"firmatario, attore"
41.462205,15.543111,OMCeO di Foggia,Foggia,Foggia,Puglia,Ordine medici e odontoiatri e Ordine farmacisti,"firmatario, attore",True,False,True,False,False,False,False,"['firmatario', 'attore']",,omceo di foggia,ordine medici e odontoiatri e ordine farmacisti,foggia,foggia,puglia,"firmatario, attore"
41.462205,15.543111,Comitato Scientifico (Commissione VIOLA OMCeO Foggia),Foggia,Foggia,Puglia,Altro,"firmatario, attore",True,False,True,False,False,False,False,"['firmatario', 'attore']",,comitato scientifico (commissione viola omceo foggia),altro,foggia,foggia,puglia,"firmatario, attore"
41.125478,16.867086,"Ambito Territoriale Sociale di Gioia del Colle, Casamassima, Turi e Sammichele di Bari",Bari,Bari,Puglia,"Ambiti della programmazione sociale e socio-sanitaria (Ambiti Sociali, Piani di Zona, Distretti socio-sanitari, Società della Salute)",attore,False,False,True,False,False,False,False,['attore'],,"ambito territoriale sociale di gioia del colle, casamassima, turi e sammichele di bari","ambiti della programmazione sociale e socio-sanitaria (ambiti sociali, piani di zona, distretti socio-sanitari, società della salute)",bari,bari,puglia,attore
41.125478,16.867086,Comune di Bari,Bari,Bari,Puglia,Comuni,attore,False,False,True,False,False,False,False,['attore'],,comune di bari,comuni,bari,bari,puglia,attore
41.125478,16.867086,Procura della Repubblica di Bari,Bari,Bari,Puglia,Procura Ordinaria/Tribunale/Corte d'appello,attore,False,False,True,False,False,False,False,['attore'],,procura della repubblica di bari,procura ordinaria/tribunale/corte d'appello,bari,bari,puglia,attore
41.125478,16.867086,Tribunale per i Minorenni di Bari,Bari,Bari,Puglia,Procura Minorile/Tribunale minorile,attore,False,False,True,False,False,False,False,['attore'],,tribunale per i minorenni di bari,procura minorile/tribunale minorile,bari,bari,puglia,attore
40.801457,16.923309,Comune di Gioia del Colle,Gioia Del Colle,Bari,Puglia,Comuni,"firmatario, proponente, attore",True,True,True,False,False,False,False,"['firmatario', 'proponente', 'attore']",,comune di gioia del colle,comuni,gioia del colle,bari,puglia,"firmatario, proponente, attore"
40.955388,16.918274,Comune di Casamassima,Casamassima,Bari,Puglia,Comuni,attore,False,False,True,False,False,False,False,['attore'],,comune di casamassima,comuni,casamassima,bari,puglia,attore
40.889701,16.949525,Comune di Sammichele di Bari,Sammichele Di Bari,Bari,Puglia,Comuni,attore,False,False,True,False,False,False,False,['attore'],,comune di sammichele di bari,comuni,sammichele di bari,bari,puglia,attore
40.91587,17.020421,Comune di Turi,Turi,Bari,Puglia,Comuni,attore,False,False,True,False,False,False,False,['attore'],,comune di turi,comuni,turi,bari,puglia,attore
40.801457,16.923309,Ambito Territoriale Sociale di Gioia del Colle,Gioia Del Colle,Bari,Puglia,"Ambiti della programmazione sociale e socio-sanitaria (Ambiti Sociali, Piani di Zona, Distretti socio-sanitari, Società della Salute)","firmatario, proponente, attore, coordinamento",True,True,True,False,False,True,True,"['firmatario', 'proponente', 'attore', 'coordinamento']",coordinamento,ambito territoriale sociale di gioia del colle,"ambiti della programmazione sociale e socio-sanitaria (ambiti sociali, piani di zona, distretti socio-sanitari, società della salute)",gioia del colle,bari,puglia,"firmatario, proponente, attore, coordinamento"
40.801457,16.923309,Distretto Socio - Sanitario di Gioia del Colle,Gioia Del Colle,Bari,Puglia,"Ambiti della programmazione sociale e socio-sanitaria (Ambiti Sociali, Piani di Zona, Distretti socio-sanitari, Società della Salute)","firmatario, attore",True,False,True,False,False,False,False,"['firmatario', 'attore']",,distretto socio - sanitario di gioia del colle,"ambiti della programmazione sociale e socio-sanitaria (ambiti sociali, piani di zona, distretti socio-sanitari, società della salute)",gioia del colle,bari,puglia,"firmatario, attore"
40.981713,16.850245,Provincia di Bari,Bari,Bari,Puglia,Province/Città metropolitane,,False,False,False,False,False,False,False,[],,provincia di bari,province/città metropolitane,bari,bari,puglia,
40.96653,17.114541,Aps Sud Est Donne,Conversano,Bari,Puglia,ASSOCIAZIONI DI PROMOZIONE SOCIALE,,False,False,False,False,False,False,False,[],,aps sud est donne,associazioni di promozione sociale,conversano,bari,puglia,
40.801457,16.923309,Consultori territoriali di Gioia del Colle,Gioia Del Colle,Bari,Puglia,ASL (consultori familiari e altri servizi territoriali),attore,False,False,True,False,False,False,False,['attore'],,consultori territoriali di gioia del colle,asl (consultori familiari e altri servizi territoriali),gioia del colle,bari,puglia,attore
40.955388,16.918274,Consultori territoriali di Casamassima,Casamassima,Bari,Puglia,ASL (consultori familiari e altri servizi territoriali),attore,False,False,True,False,False,False,False,['attore'],,consultori territoriali di casamassima,asl (consultori familiari e altri servizi territoriali),casamassima,bari,puglia,attore
40.889701,16.949525,Consultori territoriali di Sammichele di Bari,Sammichele Di Bari,Bari,Puglia,ASL (consultori familiari e altri servizi territoriali),attore,False,False,True,False,False,False,False,['attore'],,consultori territoriali di sammichele di bari,asl (consultori familiari e altri servizi territoriali),sammichele di bari,bari,puglia,attore
40.91587,17.020421,Consultori territoriali di Turi,Turi,Bari,Puglia,ASL (consultori familiari e altri servizi territoriali),attore,False,False,True,False,False,False,False,['attore'],,consultori territoriali di turi,asl (consultori familiari e altri servizi territoriali),turi,bari,puglia,attore
40.801457,16.923309,Ufficio di Piano dell’Ambito Sociale Territoriale di Gioia del Colle,Gioia Del Colle,Bari,Puglia,"Ambiti della programmazione sociale e socio-sanitaria (Ambiti Sociali, Piani di Zona, Distretti socio-sanitari, Società della Salute)",attore,False,False,True,False,False,False,False,['attore'],,ufficio di piano dell’ambito sociale territoriale di gioia del colle,"ambiti della programmazione sociale e socio-sanitaria (ambiti sociali, piani di zona, distretti socio-sanitari, società della salute)",gioia del colle,bari,puglia,attore
41.012839,16.710121,Ambito Territoriale Sociale di Grumo Appula,Grumo Appula,Bari,Puglia,"Ambiti della programmazione sociale e socio-sanitaria (Ambiti Sociali, Piani di Zona, Distretti socio-sanitari, Società della Salute)","firmatario, proponente, attore",True,True,True,False,False,False,False,"['firmatario', 'proponente', 'attore']",,ambito territoriale sociale di grumo appula,"ambiti della programmazione sociale e socio-sanitaria (ambiti sociali, piani di zona, distretti socio-sanitari, società della salute)",grumo appula,bari,puglia,"firmatario, proponente, attore"
41.012839,16.710121,ASL BA Distretto Socio - Sanitario di Grumo Appula,Grumo Appula,Bari,Puglia,ASL (consultori familiari e altri servizi territoriali),"firmatario, attore",True,False,True,False,False,False,False,"['firmatario', 'attore']",,asl ba distretto socio - sanitario di grumo appula,asl (consultori familiari e altri servizi territoriali),grumo appula,bari,puglia,"firmatario, attore"
40.96653,17.114541,APS Sud Est Donne,Conversano,Bari,Puglia,ASSOCIAZIONI DI PROMOZIONE SOCIALE,"firmatario, gestione",True,False,False,True,False,False,True,"['firmatario', 'gestione']",gestione,aps sud est donne,associazioni di promozione sociale,conversano,bari,puglia,"firmatario, gestione"
41.012839,16.710121,Comune di Grumo Appula,Grumo Appula,Bari,Puglia,Comuni,"firmatario, proponente, attore",True,True,True,False,False,False,False,"['firmatario', 'proponente', 'attore']",,comune di grumo appula,comuni,grumo appula,bari,puglia,"firmatario, proponente, attore"
40.896802,16.842615,Comune di Acquaviva delle Fonti,Acquaviva Delle Fonti,Bari,Puglia,Comuni,,False,False,False,False,False,False,False,[],,comune di acquaviva delle fonti,comuni,acquaviva delle fonti,bari,puglia,
41.024984,16.709924,Comune di Binetto,Binetto,Bari,Puglia,Comuni,,False,False,False,False,False,False,False,[],,comune di binetto,comuni,binetto,bari,puglia,
40.889602,16.771731,Comune di Cassano delle Murge,Cassano Delle Murge,Bari,Puglia,Comuni,,False,False,False,False,False,False,False,[],,comune di cassano delle murge,comuni,cassano delle murge,bari,puglia,
41.000553,16.799381,Comune di Sannicandro di Bari,Sannicandro Di Bari,Bari,Puglia,Comuni,,False,False,False,False,False,False,False,[],,comune di sannicandro di bari,comuni,sannicandro di bari,bari,puglia,
40.996836,16.67963,Comune di Toritto,Toritto,Bari,Puglia,Comuni,attore,False,False,True,False,False,False,False,['attore'],,comune di toritto,comuni,toritto,bari,puglia,attore
41.060187,17.082914,Comune di Mola di Bari,Mola Di Bari,Bari,Puglia,Comuni,attore,False,False,True,False,False,False,False,['attore'],,comune di mola di bari,comuni,mola di bari,bari,puglia,attore
41.033912,16.985264,Comune di Noicattaro,Noicattaro,Bari,Puglia,Comuni,attore,False,False,True,False,False,False,False,['attore'],,comune di noicattaro,comuni,noicattaro,bari,puglia,attore
41.010674,17.008521,Comune di Rutigliano,Rutigliano,Bari,Puglia,Comuni,attore,False,False,True,False,False,False,False,['attore'],,comune di rutigliano,comuni,rutigliano,bari,puglia,attore
41.060187,17.082914,Servizi Sociali del Comune di Mola di Bari,Mola Di Bari,Bari,Puglia,Servizi sociali comunali,attore,False,False,True,False,False,False,False,['attore'],,servizi sociali del comune di mola di bari,servizi sociali comunali,mola di bari,bari,puglia,attore
41.033912,16.985264,Servizi Sociali del Comune di Noicattaro,Noicattaro,Bari,Puglia,Servizi sociali comunali,attore,False,False,True,False,False,False,False,['attore'],,servizi sociali del comune di noicattaro,servizi sociali comunali,noicattaro,bari,puglia,attore
41.010674,17.008521,Servizi Sociali del Comune di Rutigliano,Rutigliano,Bari,Puglia,Servizi sociali comunali,attore,False,False,True,False,False,False,False,['attore'],,servizi sociali del comune di rutigliano,servizi sociali comunali,rutigliano,bari,puglia,attore
40.849706,17.120488,Comune di Putignano,Putignano,Bari,Puglia,Comuni,"firmatario, proponente, attore",True,True,True,False,False,False,False,"['firmatario', 'proponente', 'attore']",,comune di putignano,comuni,putignano,bari,puglia,"firmatario, proponente, attore"
40.78397,17.237222,Comune di Alberobello,Alberobello,Bari,Puglia,Comuni,"firmatario, attore",True,False,True,False,False,False,False,"['firmatario', 'attore']",,comune di alberobello,comuni,alberobello,bari,puglia,"firmatario, attore"
40.882898,17.168749,Comune di Castellana Grotte,Castellana Grotte,Bari,Puglia,Comuni,"firmatario, attore",True,False,True,False,False,False,False,"['firmatario', 'attore']",,comune di castellana grotte,comuni,castellana grotte,bari,puglia,"firmatario, attore"
40.754245,17.3266,Comune di Locorotondo,Locorotondo,Bari,Puglia,Comuni,"firmatario, attore",True,False,True,False,False,False,False,"['firmatario', 'attore']",,comune di locorotondo,comuni,locorotondo,bari,puglia,"firmatario, attore"
40.793011,17.128058,Comune di Noci,Noci,Bari,Puglia,Comuni,"firmatario, attore",True,False,True,False,False,False,False,"['firmatario', 'attore']",,comune di noci,comuni,noci,bari,puglia,"firmatario, attore"
40.849706,17.120488,Ambito Territoriale Sociale di Putignano,Putignano,Bari,Puglia,"Ambiti della programmazione sociale e socio-sanitaria (Ambiti Sociali, Piani di Zona, Distretti socio-sanitari, Società della Salute)","firmatario, proponente, attore",True,True,True,False,False,False,False,"['firmatario', 'proponente', 'attore']",,ambito territoriale sociale di putignano,"ambiti della programmazione sociale e socio-sanitaria (ambiti sociali, piani di zona, distretti socio-sanitari, società della salute)",putignano,bari,puglia,"firmatario, proponente, attore"
40.849706,17.120488,Servizi Sociali del Comune di Putignano,Putignano,Bari,Puglia,Servizi sociali comunali,"firmatario, attore",True,False,True,False,False,False,False,"['firmatario', 'attore']",,servizi sociali del comune di putignano,servizi sociali comunali,putignano,bari,puglia,"firmatario, attore"
40.882898,17.168749,Servizi Sociali del Comune di Castellana Grotte,Castellana Grotte,Bari,Puglia,Servizi sociali comunali,"firmatario, attore",True,False,True,False,False,False,False,"['firmatario', 'attore']",,servizi sociali del comune di castellana grotte,servizi sociali comunali,castellana grotte,bari,puglia,"firmatario, attore"
40.793011,17.128058,Servizi Sociali del Comune di Noci,Noci,Bari,Puglia,Servizi sociali comunali,"firmatario, attore",True,False,True,False,False,False,False,"['firmatario', 'attore']",,servizi sociali del comune di noci,servizi sociali comunali,noci,bari,puglia,"firmatario, attore"
40.78397,17.237222,Servizi Sociali del Comune di Alberobello,Alberobello,Bari,Puglia,Servizi sociali comunali,"firmatario, attore",True,False,True,False,False,False,False,"['firmatario', 'attore']",,servizi sociali del comune di alberobello,servizi sociali comunali,alberobello,bari,puglia,"firmatario, attore"
40.754245,17.3266,Servizi Sociali del Comune di Locorotondo,Locorotondo,Bari,Puglia,Servizi sociali comunali,"firmatario, attore",True,False,True,False,False,False,False,"['firmatario', 'attore']",,servizi sociali del comune di locorotondo,servizi sociali comunali,locorotondo,bari,puglia,"firmatario, attore"
40.96653,17.114541,Sud est donne,Conversano,Bari,Puglia,ASSOCIAZIONI DI PROMOZIONE SOCIALE,,False,False,False,False,False,False,False,[],,sud est donne,associazioni di promozione sociale,conversano,bari,puglia,
40.849706,17.120488,Comune di Putignano,Putignano,Bari,Puglia,Comuni,"firmatario, attore",True,False,True,False,False,False,False,"['firmatario', 'attore']",,comune di putignano,comuni,putignano,bari,puglia,"firmatario, attore"
40.849706,17.120488,Ambito territoriale di Putignano,Putignano,Bari,Puglia,"Ambiti della programmazione sociale e socio-sanitaria (Ambiti Sociali, Piani di Zona, Distretti socio-sanitari, Società della Salute)","firmatario, attore",True,False,True,False,False,False,False,"['firmatario', 'attore']",,ambito territoriale di putignano,"ambiti della programmazione sociale e socio-sanitaria (ambiti sociali, piani di zona, distretti socio-sanitari, società della salute)",putignano,bari,puglia,"firmatario, attore"
41.125478,16.867086,Procura della Repubblica di Bari,Bari,Bari,Puglia,Procura Ordinaria/Tribunale/Corte d'appello,"firmatario, attore",True,False,True,False,False,False,False,"['firmatario', 'attore']",,procura della repubblica di bari,procura ordinaria/tribunale/corte d'appello,bari,bari,puglia,"firmatario, attore"
41.125478,16.867086,Tribunale per i minorenni di Bari,Bari,Bari,Puglia,Procura Minorile/Tribunale minorile,"firmatario, attore",True,False,True,False,False,False,False,"['firmatario', 'attore']",,tribunale per i minorenni di bari,procura minorile/tribunale minorile,bari,bari,puglia,"firmatario, attore"
41.065181,16.925029,AMBITO TERRITORIALE DI TRIGGIANO,Triggiano,Bari,Puglia,"Ambiti della programmazione sociale e socio-sanitaria (Ambiti Sociali, Piani di Zona, Distretti socio-sanitari, Società della Salute)","firmatario, attore",True,False,True,False,False,False,False,"['firmatario', 'attore']",,ambito territoriale di triggiano,"ambiti della programmazione sociale e socio-sanitaria (ambiti sociali, piani di zona, distretti socio-sanitari, società della salute)",triggiano,bari,puglia,"firmatario, attore"
41.125478,16.867086,COMITATO DELLE PARI OPPORTUNITA’ DELL'ORDINE DEGLI AVVOCATI DI BARI,Bari,Bari,Puglia,Organismi di parità,"firmatario, attore",True,False,True,False,False,False,False,"['firmatario', 'attore']",,comitato delle pari opportunita’ dell'ordine degli avvocati di bari,organismi di parità,bari,bari,puglia,"firmatario, attore"
41.125478,16.867086,ORDINE DEGLI AVVOCATI DI BARI,Bari,Bari,Puglia,Ordine avvocati,"firmatario, attore",True,False,True,False,False,False,False,"['firmatario', 'attore']",,ordine degli avvocati di bari,ordine avvocati,bari,bari,puglia,"firmatario, attore"
41.227106,16.295272,Azienda Sanitaria Locale BT,Andria,Barletta-Andria-Trani,Puglia,ASL (consultori familiari e altri servizi territoriali),"firmatario, proponente, attore",True,True,True,False,False,False,False,"['firmatario', 'proponente', 'attore']",,azienda sanitaria locale bt,asl (consultori familiari e altri servizi territoriali),andria,barletta-andria-trani,puglia,"firmatario, proponente, attore"
41.32021,16.279692,Osservatorio Giulia e Rossella Centro Antiviolenza ONLUS,Barletta,Barletta-Andria-Trani,Puglia,CAV/Centri Antiviolenza,"firmatario, attore",True,False,True,False,False,False,False,"['firmatario', 'attore']",,osservatorio giulia e rossella centro antiviolenza onlus,cav/centri antiviolenza,barletta,barletta-andria-trani,puglia,"firmatario, attore"
41.227106,16.295272,Centro Antiviolenza RiscoprirSi...,Andria,Barletta-Andria-Trani,Puglia,CAV/Centri Antiviolenza,"firmatario, attore",True,False,True,False,False,False,False,"['firmatario', 'attore']",,centro antiviolenza riscoprirsi...,cav/centri antiviolenza,andria,barletta-andria-trani,puglia,"firmatario, attore"
41.274035,16.417213,Centro Antiviolenza SAVE,Trani,Barletta-Andria-Trani,Puglia,CAV/Centri Antiviolenza,"firmatario, attore",True,False,True,False,False,False,False,"['firmatario', 'attore']",,centro antiviolenza save,cav/centri antiviolenza,trani,barletta-andria-trani,puglia,"firmatario, attore"
41.32021,16.279692,Ambito Territoriale di Barletta,Barletta,Barletta-Andria-Trani,Puglia,"Ambiti della programmazione sociale e socio-sanitaria (Ambiti Sociali, Piani di Zona, Distretti socio-sanitari, Società della Salute)",,False,False,False,False,False,False,False,[],,ambito territoriale di barletta,"ambiti della programmazione sociale e socio-sanitaria (ambiti sociali, piani di zona, distretti socio-sanitari, società della salute)",barletta,barletta-andria-trani,puglia,
41.227106,16.295272,Ambito Territoriale di Andria,Andria,Barletta-Andria-Trani,Puglia,"Ambiti della programmazione sociale e socio-sanitaria (Ambiti Sociali, Piani di Zona, Distretti socio-sanitari, Società della Salute)",,False,False,False,False,False,False,False,[],,ambito territoriale di andria,"ambiti della programmazione sociale e socio-sanitaria (ambiti sociali, piani di zona, distretti socio-sanitari, società della salute)",andria,barletta-andria-trani,puglia,
41.32021,16.279692,Comune di Barletta,Barletta,Barletta-Andria-Trani,Puglia,Comuni,,False,False,False,False,False,False,False,[],,comune di barletta,comuni,barletta,barletta-andria-trani,puglia,
41.227106,16.295272,Comune di Andria,Andria,Barletta-Andria-Trani,Puglia,Comuni,,False,False,False,False,False,False,False,[],,comune di andria,comuni,andria,barletta-andria-trani,puglia,
41.274035,16.417213,Comune di Trani,Trani,Barletta-Andria-Trani,Puglia,Comuni,,False,False,False,False,False,False,False,[],,comune di trani,comuni,trani,barletta-andria-trani,puglia,
41.225231,16.062478,Comune di Canosa di Puglia,Canosa Di Puglia,Barletta-Andria-Trani,Puglia,Comuni,,False,False,False,False,False,False,False,[],,comune di canosa di puglia,comuni,canosa di puglia,barletta-andria-trani,puglia,
41.242377,16.502618,Comune di Bisceglie,Bisceglie,Barletta-Andria-Trani,Puglia,Comuni,,False,False,False,False,False,False,False,[],,comune di bisceglie,comuni,bisceglie,barletta-andria-trani,puglia,
41.373498,16.148879,Comune di Margherita di Savoia,Margherita Di Savoia,Barletta-Andria-Trani,Puglia,Comuni,,False,False,False,False,False,False,False,[],,comune di margherita di savoia,comuni,margherita di savoia,barletta-andria-trani,puglia,
41.30066,16.069712,Comune di San Ferdinando di Puglia,San Ferdinando Di Puglia,Barletta-Andria-Trani,Puglia,Comuni,,False,False,False,False,False,False,False,[],,comune di san ferdinando di puglia,comuni,san ferdinando di puglia,barletta-andria-trani,puglia,
41.359055,16.087339,Comune di Trinitapoli,Trinitapoli,Barletta-Andria-Trani,Puglia,Comuni,,False,False,False,False,False,False,False,[],,comune di trinitapoli,comuni,trinitapoli,barletta-andria-trani,puglia,
41.09054,16.079889,Comune di Minervino Murge,Minervino Murge,Barletta-Andria-Trani,Puglia,Comuni,,False,False,False,False,False,False,False,[],,comune di minervino murge,comuni,minervino murge,barletta-andria-trani,puglia,
40.969407,16.089198,Comune di Spinazzola,Spinazzola,Barletta-Andria-Trani,Puglia,Comuni,,False,False,False,False,False,False,False,[],,comune di spinazzola,comuni,spinazzola,barletta-andria-trani,puglia,
41.227106,16.295272,RISCOPRIRSI... - APS,Andria,Barletta-Andria-Trani,Puglia,ASSOCIAZIONI DI PROMOZIONE SOCIALE,"firmatario, attore, gestione",True,False,True,True,False,False,True,"['firmatario', 'attore', 'gestione']",gestione,riscoprirsi... - aps,associazioni di promozione sociale,andria,barletta-andria-trani,puglia,"firmatario, attore, gestione"
41.32021,16.279692,Osservatorio Giulia e Rossella,Barletta,Barletta-Andria-Trani,Puglia,ALTRI ENTI DEL TERZO SETTORE,"firmatario, attore, gestione",True,False,True,True,False,False,True,"['firmatario', 'attore', 'gestione']",gestione,osservatorio giulia e rossella,altri enti del terzo settore,barletta,barletta-andria-trani,puglia,"firmatario, attore, gestione"
40.353501,18.171924,Tribunale di Lecce,Lecce,Lecce,Puglia,Procura Ordinaria/Tribunale/Corte d'appello,"firmatario, proponente, attore",True,True,True,False,False,False,False,"['firmatario', 'proponente', 'attore']",,tribunale di lecce,procura ordinaria/tribunale/corte d'appello,lecce,lecce,puglia,"firmatario, proponente, attore"
40.353501,18.171924,Tribunale per i Minorenni di Lecce,Lecce,Lecce,Puglia,Procura Minorile/Tribunale minorile,"firmatario, proponente, attore",True,True,True,False,False,False,False,"['firmatario', 'proponente', 'attore']",,tribunale per i minorenni di lecce,procura minorile/tribunale minorile,lecce,lecce,puglia,"firmatario, proponente, attore"
40.353501,18.171924,Procura della Repubblica di Lecce,Lecce,Lecce,Puglia,Procura Ordinaria/Tribunale/Corte d'appello,"firmatario, proponente, attore",True,True,True,False,False,False,False,"['firmatario', 'proponente', 'attore']",,procura della repubblica di lecce,procura ordinaria/tribunale/corte d'appello,lecce,lecce,puglia,"firmatario, proponente, attore"
40.353501,18.171924,Procura presso il Tribunale per i Minorenni di Lecce,Lecce,Lecce,Puglia,Procura Minorile/Tribunale minorile,"firmatario, proponente, attore",True,True,True,False,False,False,False,"['firmatario', 'proponente', 'attore']",,procura presso il tribunale per i minorenni di lecce,procura minorile/tribunale minorile,lecce,lecce,puglia,"firmatario, proponente, attore"
40.353501,18.171924,Comune di Lecce,Lecce,Lecce,Puglia,Comuni,"firmatario, proponente, attore",True,True,True,False,False,False,False,"['firmatario', 'proponente', 'attore']",,comune di lecce,comuni,lecce,lecce,puglia,"firmatario, proponente, attore"
40.353501,18.171924,Distretto Socio Sanitario di Lecce,Lecce,Lecce,Puglia,"Ambiti della programmazione sociale e socio-sanitaria (Ambiti Sociali, Piani di Zona, Distretti socio-sanitari, Società della Salute)","proponente, attore",False,True,True,False,False,False,False,"['proponente', 'attore']",,distretto socio sanitario di lecce,"ambiti della programmazione sociale e socio-sanitaria (ambiti sociali, piani di zona, distretti socio-sanitari, società della salute)",lecce,lecce,puglia,"proponente, attore"
40.398925,18.01988,Distretto Socio Sanitario di Campi Salentina,Campi Salentina,Lecce,Puglia,"Ambiti della programmazione sociale e socio-sanitaria (Ambiti Sociali, Piani di Zona, Distretti socio-sanitari, Società della Salute)",attore,False,False,True,False,False,False,False,['attore'],,distretto socio sanitario di campi salentina,"ambiti della programmazione sociale e socio-sanitaria (ambiti sociali, piani di zona, distretti socio-sanitari, società della salute)",campi salentina,lecce,puglia,attore
40.17607,18.0311,Distretto Socio Sanitario di Nardo,Nardo,Lecce,Puglia,"Ambiti della programmazione sociale e socio-sanitaria (Ambiti Sociali, Piani di Zona, Distretti socio-sanitari, Società della Salute)",attore,False,False,True,False,False,False,False,['attore'],,distretto socio sanitario di nardo,"ambiti della programmazione sociale e socio-sanitaria (ambiti sociali, piani di zona, distretti socio-sanitari, società della salute)",nardo,lecce,puglia,attore
40.203498,18.301864,Distretto Socio Sanitario di Martano,Martano,Lecce,Puglia,"Ambiti della programmazione sociale e socio-sanitaria (Ambiti Sociali, Piani di Zona, Distretti socio-sanitari, Società della Salute)",attore,False,False,True,False,False,False,False,['attore'],,distretto socio sanitario di martano,"ambiti della programmazione sociale e socio-sanitaria (ambiti sociali, piani di zona, distretti socio-sanitari, società della salute)",martano,lecce,puglia,attore
40.17391,18.16982,Distretto Socio Sanitario di Galatina,Galatina,Lecce,Puglia,"Ambiti della programmazione sociale e socio-sanitaria (Ambiti Sociali, Piani di Zona, Distretti socio-sanitari, Società della Salute)",attore,False,False,True,False,False,False,False,['attore'],,distretto socio sanitario di galatina,"ambiti della programmazione sociale e socio-sanitaria (ambiti sociali, piani di zona, distretti socio-sanitari, società della salute)",galatina,lecce,puglia,attore
40.120845,18.299223,Distretto Socio Sanitario di Maglie,Maglie,Lecce,Puglia,"Ambiti della programmazione sociale e socio-sanitaria (Ambiti Sociali, Piani di Zona, Distretti socio-sanitari, Società della Salute)",attore,False,False,True,False,False,False,False,['attore'],,distretto socio sanitario di maglie,"ambiti della programmazione sociale e socio-sanitaria (ambiti sociali, piani di zona, distretti socio-sanitari, società della salute)",maglie,lecce,puglia,attore
40.055195,18.37863,Distretto Socio Sanitario di Poggiardo,Poggiardo,Lecce,Puglia,"Ambiti della programmazione sociale e socio-sanitaria (Ambiti Sociali, Piani di Zona, Distretti socio-sanitari, Società della Salute)",attore,False,False,True,False,False,False,False,['attore'],,distretto socio sanitario di poggiardo,"ambiti della programmazione sociale e socio-sanitaria (ambiti sociali, piani di zona, distretti socio-sanitari, società della salute)",poggiardo,lecce,puglia,attore
40.054826,17.975829,Distretto Socio Sanitario di Gallipoli,Gallipoli,Lecce,Puglia,"Ambiti della programmazione sociale e socio-sanitaria (Ambiti Sociali, Piani di Zona, Distretti socio-sanitari, Società della Salute)",attore,False,False,True,False,False,False,False,['attore'],,distretto socio sanitario di gallipoli,"ambiti della programmazione sociale e socio-sanitaria (ambiti sociali, piani di zona, distretti socio-sanitari, società della salute)",gallipoli,lecce,puglia,attore
40.009756,18.160247,Distretto Socio Sanitario di Casarano,Casarano,Lecce,Puglia,"Ambiti della programmazione sociale e socio-sanitaria (Ambiti Sociali, Piani di Zona, Distretti socio-sanitari, Società della Salute)",attore,False,False,True,False,False,False,False,['attore'],,distretto socio sanitario di casarano,"ambiti della programmazione sociale e socio-sanitaria (ambiti sociali, piani di zona, distretti socio-sanitari, società della salute)",casarano,lecce,puglia,attore
39.84531,18.372635,Distretto Socio Sanitario di Gagliano del Capo,Gagliano Del Capo,Lecce,Puglia,"Ambiti della programmazione sociale e socio-sanitaria (Ambiti Sociali, Piani di Zona, Distretti socio-sanitari, Società della Salute)",attore,False,False,True,False,False,False,False,['attore'],,distretto socio sanitario di gagliano del capo,"ambiti della programmazione sociale e socio-sanitaria (ambiti sociali, piani di zona, distretti socio-sanitari, società della salute)",gagliano del capo,lecce,puglia,attore
40.353501,18.171924,Prefettura di Lecce,Lecce,Lecce,Puglia,Prefettura,"proponente, attore",False,True,True,False,False,False,False,"['proponente', 'attore']",,prefettura di lecce,prefettura,lecce,lecce,puglia,"proponente, attore"
40.353501,18.171924,Pronto Soccorso Ospedaliero “V.Fazzi” di Lecce,Lecce,Lecce,Puglia,"Ospedale (Pronto soccorso, ecc.)","proponente, attore",False,True,True,False,False,False,False,"['proponente', 'attore']",,pronto soccorso ospedaliero “v.fazzi” di lecce,"ospedale (pronto soccorso, ecc.)",lecce,lecce,puglia,"proponente, attore"
40.054826,17.975829,Pronto Soccorso Ospedaliero di Gallipoli,Gallipoli,Lecce,Puglia,"Ospedale (Pronto soccorso, ecc.)",attore,False,False,True,False,False,False,False,['attore'],,pronto soccorso ospedaliero di gallipoli,"ospedale (pronto soccorso, ecc.)",gallipoli,lecce,puglia,attore
40.353501,18.171924,"Centro Specialistico per la Cura del Trauma Interpersonale (CSCTI ""Anemone"")",Lecce,Lecce,Puglia,Altro,attore,False,False,True,False,False,False,False,['attore'],,"centro specialistico per la cura del trauma interpersonale (cscti ""anemone"")",altro,lecce,lecce,puglia,attore
40.17391,18.16982,"Centro Antiviolenza ""Malala Yousafzai""",Galatina,Lecce,Puglia,CAV/Centri Antiviolenza,"attore, gestione",False,False,True,True,False,False,True,"['attore', 'gestione']",gestione,"centro antiviolenza ""malala yousafzai""",cav/centri antiviolenza,galatina,lecce,puglia,"attore, gestione"
40.638352,17.94581,Prefettura di Brindisi,Brindisi,Brindisi,Puglia,Prefettura,,False,False,False,False,False,False,False,[],,prefettura di brindisi,prefettura,brindisi,brindisi,puglia,
40.353501,18.171924,Questura di Lecce,Lecce,Lecce,Puglia,Questura,"proponente, attore",False,True,True,False,False,False,False,"['proponente', 'attore']",,questura di lecce,questura,lecce,lecce,puglia,"proponente, attore"
40.638352,17.94581,Questura di Brindisi,Brindisi,Brindisi,Puglia,Questura,,False,False,False,False,False,False,False,[],,questura di brindisi,questura,brindisi,brindisi,puglia,
40.125513,18.226876,Comando Provinciale dei Carabinieri di Lecce,Lecce,Lecce,Puglia,Carabinieri/Polizia/altre forze dell'ordine,"proponente, attore",False,True,True,False,False,False,False,"['proponente', 'attore']",,comando provinciale dei carabinieri di lecce,carabinieri/polizia/altre forze dell'ordine,lecce,lecce,puglia,"proponente, attore"
40.575923,17.715728,Comando Provinciale dei Carabinieri di Brindisi,Brindisi,Brindisi,Puglia,Carabinieri/Polizia/altre forze dell'ordine,,False,False,False,False,False,False,False,[],,comando provinciale dei carabinieri di brindisi,carabinieri/polizia/altre forze dell'ordine,brindisi,brindisi,puglia,
40.125513,18.226876,Comando Provinciale della Guardia di Finanza di Lecce,Lecce,Lecce,Puglia,Carabinieri/Polizia/altre forze dell'ordine,"proponente, attore",False,True,True,False,False,False,False,"['proponente', 'attore']",,comando provinciale della guardia di finanza di lecce,carabinieri/polizia/altre forze dell'ordine,lecce,lecce,puglia,"proponente, attore"
40.575923,17.715728,Comando Provinciale della Guardia di Finanza di Brindisi,Brindisi,Brindisi,Puglia,Carabinieri/Polizia/altre forze dell'ordine,,False,False,False,False,False,False,False,[],,comando provinciale della guardia di finanza di brindisi,carabinieri/polizia/altre forze dell'ordine,brindisi,brindisi,puglia,
40.578001,16.757505,Comune di Ginosa,Ginosa,Taranto,Puglia,Comuni,"firmatario, attore",True,False,True,False,False,False,False,"['firmatario', 'attore']",,comune di ginosa,comuni,ginosa,taranto,puglia,"firmatario, attore"
40.623391,16.799489,Comune di Laterza,Laterza,Taranto,Puglia,Comuni,"firmatario, attore",True,False,True,False,False,False,False,"['firmatario', 'attore']",,comune di laterza,comuni,laterza,taranto,puglia,"firmatario, attore"
40.63047,16.934774,Comune di Castellaneta,Castellaneta,Taranto,Puglia,Comuni,"firmatario, attore",True,False,True,False,False,False,False,"['firmatario', 'attore']",,comune di castellaneta,comuni,castellaneta,taranto,puglia,"firmatario, attore"
40.611666,16.977389,Comune di Palagianello,Palagianello,Taranto,Puglia,Comuni,"firmatario, attore",True,False,True,False,False,False,False,"['firmatario', 'attore']",,comune di palagianello,comuni,palagianello,taranto,puglia,"firmatario, attore"
40.578001,16.757505,Ambito territoriale di Ginosa,Ginosa,Taranto,Puglia,"Ambiti della programmazione sociale e socio-sanitaria (Ambiti Sociali, Piani di Zona, Distretti socio-sanitari, Società della Salute)","firmatario, attore",True,False,True,False,False,False,False,"['firmatario', 'attore']",,ambito territoriale di ginosa,"ambiti della programmazione sociale e socio-sanitaria (ambiti sociali, piani di zona, distretti socio-sanitari, società della salute)",ginosa,taranto,puglia,"firmatario, attore"
40.578001,16.757505,Ufficio di Piano,Ginosa,Taranto,Puglia,"Ambiti della programmazione sociale e socio-sanitaria (Ambiti Sociali, Piani di Zona, Distretti socio-sanitari, Società della Salute)","attore, coordinamento",False,False,True,False,False,True,True,"['attore', 'coordinamento']",coordinamento,ufficio di piano,"ambiti della programmazione sociale e socio-sanitaria (ambiti sociali, piani di zona, distretti socio-sanitari, società della salute)",ginosa,taranto,puglia,"attore, coordinamento"
40.47344,17.232572,Procura della Repubblica di Taranto,Taranto,Taranto,Puglia,Procura Ordinaria/Tribunale/Corte d'appello,attore,False,False,True,False,False,False,False,['attore'],,procura della repubblica di taranto,procura ordinaria/tribunale/corte d'appello,taranto,taranto,puglia,attore
40.47344,17.232572,Prefettura di Taranto,Taranto,Taranto,Puglia,Prefettura,attore,False,False,True,False,False,False,False,['attore'],,prefettura di taranto,prefettura,taranto,taranto,puglia,attore
40.47344,17.232572,Tribunale per i minorenni di Taranto,Taranto,Taranto,Puglia,Procura Minorile/Tribunale minorile,attore,False,False,True,False,False,False,False,['attore'],,tribunale per i minorenni di taranto,procura minorile/tribunale minorile,taranto,taranto,puglia,attore
40.47344,17.232572,Prefettura di Taranto,Taranto,Taranto,Puglia,Prefettura,"firmatario, attore, coordinamento",True,False,True,False,False,True,True,"['firmatario', 'attore', 'coordinamento']",coordinamento,prefettura di taranto,prefettura,taranto,taranto,puglia,"firmatario, attore, coordinamento"
40.493096,17.306666,Provincia di Taranto,Taranto,Taranto,Puglia,Province/Città metropolitane,"firmatario, attore",True,False,True,False,False,False,False,"['firmatario', 'attore']",,provincia di taranto,province/città metropolitane,taranto,taranto,puglia,"firmatario, attore"
40.47344,17.232572,Azienda Sanitaria Locale di Taranto,Taranto,Taranto,Puglia,ASL (consultori familiari e altri servizi territoriali),attore,False,False,True,False,False,False,False,['attore'],,azienda sanitaria locale di taranto,asl (consultori familiari e altri servizi territoriali),taranto,taranto,puglia,attore
40.47344,17.232572,Ordine degli Avvocati di Taranto,Taranto,Taranto,Puglia,Ordine avvocati,"firmatario, attore",True,False,True,False,False,False,False,"['firmatario', 'attore']",,ordine degli avvocati di taranto,ordine avvocati,taranto,taranto,puglia,"firmatario, attore"
40.493096,17.306666,Centri Antiviolenza della provincia di Taranto,Taranto,Taranto,Puglia,CAV/Centri Antiviolenza,"firmatario, attore",True,False,True,False,False,False,False,"['firmatario', 'attore']",,centri antiviolenza della provincia di taranto,cav/centri antiviolenza,taranto,taranto,puglia,"firmatario, attore"
40.493096,17.306666,Centro Antiviolenza della provincia di Taranto,Taranto,Taranto,Puglia,CAV/Centri Antiviolenza,"firmatario, attore",True,False,True,False,False,False,False,"['firmatario', 'attore']",,centro antiviolenza della provincia di taranto,cav/centri antiviolenza,taranto,taranto,puglia,"firmatario, attore"
40.493096,17.306666,Consigliera di Parita della Provincia di Taranto,Taranto,Taranto,Puglia,Organismi di parità,"firmatario, attore",True,False,True,False,False,False,False,"['firmatario', 'attore']",,consigliera di parita della provincia di taranto,organismi di parità,taranto,taranto,puglia,"firmatario, attore"
40.408608,17.640364,Comune di Manduria,Manduria,Taranto,Puglia,Comuni,"firmatario, attore",True,False,True,False,False,False,False,"['firmatario', 'attore']",,comune di manduria,comuni,manduria,taranto,puglia,"firmatario, attore"
40.47344,17.232572,Associazione onlus Alzaia,Taranto,Taranto,Puglia,ALTRI ENTI DEL TERZO SETTORE,"firmatario, attore",True,False,True,False,False,False,False,"['firmatario', 'attore']",,associazione onlus alzaia,altri enti del terzo settore,taranto,taranto,puglia,"firmatario, attore"
41.125478,16.867086,CAV “Comune di Bari”,Bari,Bari,Puglia,CAV/Centri Antiviolenza,"firmatario, attore",True,False,True,False,False,False,False,"['firmatario', 'attore']",,cav “comune di bari”,cav/centri antiviolenza,bari,bari,puglia,"firmatario, attore"
40.63944,15.805072,Comune di Potenza,Potenza,Potenza,Basilicata,Comuni,attore,False,False,True,False,False,False,False,['attore'],,comune di potenza,comuni,potenza,potenza,basilicata,attore
40.66657,16.600378,Comune di Matera,Matera,Matera,Basilicata,Comuni,attore,False,False,True,False,False,False,False,['attore'],,comune di matera,comuni,matera,matera,basilicata,attore
39.347264,16.243461,Fondazione “Roberta Lanzino” Odv,Rende,Cosenza,Calabria,CAV/Centri Antiviolenza,"firmatario, attore",True,False,True,False,False,False,False,"['firmatario', 'attore']",,fondazione “roberta lanzino” odv,cav/centri antiviolenza,rende,cosenza,calabria,"firmatario, attore"
39.25909,16.19318,Comune di Mendicino,Mendicino,Cosenza,Calabria,Comuni,"firmatario, attore",True,False,True,False,False,False,False,"['firmatario', 'attore']",,comune di mendicino,comuni,mendicino,cosenza,calabria,"firmatario, attore"
39.347264,16.243461,Comune di Rende,Rende,Cosenza,Calabria,Comuni,,False,False,False,False,False,False,False,[],,comune di rende,comuni,rende,cosenza,calabria,
39.347264,16.243461,CASA di Roberta,Rende,Cosenza,Calabria,Case Rifugio,,False,False,False,False,False,False,False,[],,casa di roberta,case rifugio,rende,cosenza,calabria,
39.079946,17.12499,Commissione Territoriale per il riconoscimento della protezione internazionale di Crotone,Crotone,Crotone,Calabria,Altro,"firmatario, attore",True,False,True,False,False,False,False,"['firmatario', 'attore']",,commissione territoriale per il riconoscimento della protezione internazionale di crotone,altro,crotone,crotone,calabria,"firmatario, attore"
38.255653,16.050851,ISTITUTO D’ISTRUZIONE SUPERIORE “L. NOSTRO - L. REPACI” DI VILLA SAN GIOVANNI,Villa San Giovanni,Reggio Calabria,Calabria,Scuole/Ufficio scolastico provinciale e regionale,"firmatario, attore",True,False,True,False,False,False,False,"['firmatario', 'attore']",,istituto d’istruzione superiore “l. nostro - l. repaci” di villa san giovanni,scuole/ufficio scolastico provinciale e regionale,villa san giovanni,reggio calabria,calabria,"firmatario, attore"
38.765501,16.540352,Comune di Stalettì,Stalettì,Catanzaro,Calabria,Comuni,"firmatario, attore",True,False,True,False,False,False,False,"['firmatario', 'attore']",,comune di stalettì,comuni,stalettì,catanzaro,calabria,"firmatario, attore"
41.892984,12.483536,Associazione Italiana Sclerosi Multipla - AISM - Associazione di Promozione Sociale/APS - Ente del Terzo Settore/ETS - AISM APS ETS,Roma,Roma,Lazio,Ente terzo settore - ETS (iscritto al RUNTS),"firmatario, proponente, attore",True,True,True,False,False,False,False,"['firmatario', 'proponente', 'attore']",,associazione italiana sclerosi multipla - aism - associazione di promozione sociale/aps - ente del terzo settore/ets - aism aps ets,ente terzo settore - ets (iscritto al runts),roma,roma,lazio,"firmatario, proponente, attore"
39.293174,16.256247,Associazione di Promozione Sociale Centro contro la violenza alle donne “Roberta Lanzino” APS,Cosenza,Cosenza,Calabria,ASSOCIAZIONI DI PROMOZIONE SOCIALE,"firmatario, proponente, attore",True,True,True,False,False,False,False,"['firmatario', 'proponente', 'attore']",,associazione di promozione sociale centro contro la violenza alle donne “roberta lanzino” aps,associazioni di promozione sociale,cosenza,cosenza,calabria,"firmatario, proponente, attore"
39.293174,16.256247,Centro Antiviolenza “Roberta Lanzino”,Cosenza,Cosenza,Calabria,CAV/Centri Antiviolenza,attore,False,False,True,False,False,False,False,['attore'],,centro antiviolenza “roberta lanzino”,cav/centri antiviolenza,cosenza,cosenza,calabria,attore
39.51979,16.251242,Ufficio della Consigliera di parita della Provincia di Cosenza,Cosenza,Cosenza,Calabria,Organismi di parità,,False,False,False,False,False,False,False,[],,ufficio della consigliera di parita della provincia di cosenza,organismi di parità,cosenza,cosenza,calabria,
39.293174,16.256247,Comune di Cosenza,Cosenza,Cosenza,Calabria,Comuni,,False,False,False,False,False,False,False,[],,comune di cosenza,comuni,cosenza,cosenza,calabria,
38.826711,16.509398,Comune di Borgia,Borgia,Catanzaro,Calabria,Comuni,,False,False,False,False,False,False,False,[],,comune di borgia,comuni,borgia,catanzaro,calabria,
38.960285,16.295318,Centro Clinico di Lamezia Terme,Lamezia Terme,Catanzaro,Calabria,Altro,,False,False,False,False,False,False,False,[],,centro clinico di lamezia terme,altro,lamezia terme,catanzaro,calabria,
38.960285,16.295318,Associazione “Mago Merlino” / Centro Antiviolenza “Demetra” di Lamezia Terme,Lamezia Terme,Catanzaro,Calabria,CAV/Centri Antiviolenza,,False,False,False,False,False,False,False,[],,associazione “mago merlino” / centro antiviolenza “demetra” di lamezia terme,cav/centri antiviolenza,lamezia terme,catanzaro,calabria,
38.675176,16.098765,Comune di Vibo Valentia,Vibo Valentia,Vibo Valentia,Calabria,Comuni,,False,False,False,False,False,False,False,[],,comune di vibo valentia,comuni,vibo valentia,vibo valentia,calabria,
38.675176,16.098765,Centro clinico di Vibo Valentia,Vibo Valentia,Vibo Valentia,Calabria,Altro,,False,False,False,False,False,False,False,[],,centro clinico di vibo valentia,altro,vibo valentia,vibo valentia,calabria,
38.358779,15.849164,Comune di Palmi,Palmi,Reggio Calabria,Calabria,Comuni,,False,False,False,False,False,False,False,[],,comune di palmi,comuni,palmi,reggio calabria,calabria,
39.225219,16.263084,Comune di Paterno Calabro,Paterno Calabro,Cosenza,Calabria,Comuni,"proponente, attore",False,True,True,False,False,False,False,"['proponente', 'attore']",,comune di paterno calabro,comuni,paterno calabro,cosenza,calabria,"proponente, attore"
39.225219,16.263084,Centro antiviolenza del Comune di Paterno Calabro,Paterno Calabro,Cosenza,Calabria,CAV/Centri Antiviolenza,"proponente, attore",False,True,True,False,False,False,False,"['proponente', 'attore']",,centro antiviolenza del comune di paterno calabro,cav/centri antiviolenza,paterno calabro,cosenza,calabria,"proponente, attore"
39.237704,16.253263,Comune di Dipignano,Dipignano,Cosenza,Calabria,Comuni,attore,False,False,True,False,False,False,False,['attore'],,comune di dipignano,comuni,dipignano,cosenza,calabria,attore
39.155608,16.248093,Comune di Malito,Malito,Cosenza,Calabria,Comuni,attore,False,False,True,False,False,False,False,['attore'],,comune di malito,comuni,malito,cosenza,calabria,attore
39.163646,16.410111,Comune di Parenti,Parenti,Cosenza,Calabria,Comuni,attore,False,False,True,False,False,False,False,['attore'],,comune di parenti,comuni,parenti,cosenza,calabria,attore
39.170301,16.305993,Comune di Marzi,Marzi,Cosenza,Calabria,Comuni,attore,False,False,True,False,False,False,False,['attore'],,comune di marzi,comuni,marzi,cosenza,calabria,attore
39.126288,16.305555,Comune di Scigliano,Scigliano,Cosenza,Calabria,Comuni,attore,False,False,True,False,False,False,False,['attore'],,comune di scigliano,comuni,scigliano,cosenza,calabria,attore
39.237704,16.253263,Polizia Municipale Comune di Dipignano,Dipignano,Cosenza,Calabria,Polizia Municipale,attore,False,False,True,False,False,False,False,['attore'],,polizia municipale comune di dipignano,polizia municipale,dipignano,cosenza,calabria,attore
39.237704,16.253263,Servizi Sociali Comune di Dipignano,Dipignano,Cosenza,Calabria,Servizi sociali comunali,attore,False,False,True,False,False,False,False,['attore'],,servizi sociali comune di dipignano,servizi sociali comunali,dipignano,cosenza,calabria,attore
39.126288,16.305555,Polizia Municipale Comune di Scigliano,Scigliano,Cosenza,Calabria,Polizia Municipale,attore,False,False,True,False,False,False,False,['attore'],,polizia municipale comune di scigliano,polizia municipale,scigliano,cosenza,calabria,attore
39.126288,16.305555,Servizi Sociali Comune di Scigliano,Scigliano,Cosenza,Calabria,Servizi sociali comunali,attore,False,False,True,False,False,False,False,['attore'],,servizi sociali comune di scigliano,servizi sociali comunali,scigliano,cosenza,calabria,attore
39.170301,16.305993,Polizia Municipale Comune di Marzi,Marzi,Cosenza,Calabria,Polizia Municipale,attore,False,False,True,False,False,False,False,['attore'],,polizia municipale comune di marzi,polizia municipale,marzi,cosenza,calabria,attore
39.170301,16.305993,Servizi Sociali Comune di Marzi,Marzi,Cosenza,Calabria,Servizi sociali comunali,attore,False,False,True,False,False,False,False,['attore'],,servizi sociali comune di marzi,servizi sociali comunali,marzi,cosenza,calabria,attore
39.155608,16.248093,Polizia Municipale Comune di Malito,Malito,Cosenza,Calabria,Polizia Municipale,attore,False,False,True,False,False,False,False,['attore'],,polizia municipale comune di malito,polizia municipale,malito,cosenza,calabria,attore
39.155608,16.248093,Servizi Sociali Comune di Malito,Malito,Cosenza,Calabria,Servizi sociali comunali,attore,False,False,True,False,False,False,False,['attore'],,servizi sociali comune di malito,servizi sociali comunali,malito,cosenza,calabria,attore
39.163646,16.410111,Polizia Municipale Comune di Parenti,Parenti,Cosenza,Calabria,Polizia Municipale,attore,False,False,True,False,False,False,False,['attore'],,polizia municipale comune di parenti,polizia municipale,parenti,cosenza,calabria,attore
39.163646,16.410111,Servizi Sociali Comune di Parenti,Parenti,Cosenza,Calabria,Servizi sociali comunali,attore,False,False,True,False,False,False,False,['attore'],,servizi sociali comune di parenti,servizi sociali comunali,parenti,cosenza,calabria,attore
39.237704,16.253263,Stazione dei Carabinieri Dipignano,Dipignano,Cosenza,Calabria,Carabinieri/Polizia/altre forze dell'ordine,attore,False,False,True,False,False,False,False,['attore'],,stazione dei carabinieri dipignano,carabinieri/polizia/altre forze dell'ordine,dipignano,cosenza,calabria,attore
39.126288,16.305555,Stazione dei Carabinieri Scigliano,Scigliano,Cosenza,Calabria,Carabinieri/Polizia/altre forze dell'ordine,attore,False,False,True,False,False,False,False,['attore'],,stazione dei carabinieri scigliano,carabinieri/polizia/altre forze dell'ordine,scigliano,cosenza,calabria,attore
39.170301,16.305993,Stazione dei Carabinieri Marzi,Marzi,Cosenza,Calabria,Carabinieri/Polizia/altre forze dell'ordine,attore,False,False,True,False,False,False,False,['attore'],,stazione dei carabinieri marzi,carabinieri/polizia/altre forze dell'ordine,marzi,cosenza,calabria,attore
39.155608,16.248093,Stazione dei Carabinieri Malito,Malito,Cosenza,Calabria,Carabinieri/Polizia/altre forze dell'ordine,attore,False,False,True,False,False,False,False,['attore'],,stazione dei carabinieri malito,carabinieri/polizia/altre forze dell'ordine,malito,cosenza,calabria,attore
39.163646,16.410111,Stazione dei Carabinieri Parenti,Parenti,Cosenza,Calabria,Carabinieri/Polizia/altre forze dell'ordine,attore,False,False,True,False,False,False,False,['attore'],,stazione dei carabinieri parenti,carabinieri/polizia/altre forze dell'ordine,parenti,cosenza,calabria,attore
39.237704,16.253263,Guardia Medica Dipignano,Dipignano,Cosenza,Calabria,"Ospedale (Pronto soccorso, ecc.)",attore,False,False,True,False,False,False,False,['attore'],,guardia medica dipignano,"ospedale (pronto soccorso, ecc.)",dipignano,cosenza,calabria,attore
39.126288,16.305555,Guardia Medica Scigliano,Scigliano,Cosenza,Calabria,"Ospedale (Pronto soccorso, ecc.)",attore,False,False,True,False,False,False,False,['attore'],,guardia medica scigliano,"ospedale (pronto soccorso, ecc.)",scigliano,cosenza,calabria,attore
39.170301,16.305993,Guardia Medica Marzi,Marzi,Cosenza,Calabria,"Ospedale (Pronto soccorso, ecc.)",attore,False,False,True,False,False,False,False,['attore'],,guardia medica marzi,"ospedale (pronto soccorso, ecc.)",marzi,cosenza,calabria,attore
39.155608,16.248093,Guardia Medica Malito,Malito,Cosenza,Calabria,"Ospedale (Pronto soccorso, ecc.)",attore,False,False,True,False,False,False,False,['attore'],,guardia medica malito,"ospedale (pronto soccorso, ecc.)",malito,cosenza,calabria,attore
39.163646,16.410111,Guardia Medica Parenti,Parenti,Cosenza,Calabria,"Ospedale (Pronto soccorso, ecc.)",attore,False,False,True,False,False,False,False,['attore'],,guardia medica parenti,"ospedale (pronto soccorso, ecc.)",parenti,cosenza,calabria,attore
39.225219,16.263084,Associazione di Promozione sociale “Donneincammino”,Paterno Calabro,Cosenza,Calabria,ASSOCIAZIONI DI PROMOZIONE SOCIALE,"proponente, attore",False,True,True,False,False,False,False,"['proponente', 'attore']",,associazione di promozione sociale “donneincammino”,associazioni di promozione sociale,paterno calabro,cosenza,calabria,"proponente, attore"
39.51979,16.251242,Ufficio della Consigliera di parità della Provincia di Cosenza,Cosenza,Cosenza,Calabria,Organismi di parità,,False,False,False,False,False,False,False,[],,ufficio della consigliera di parità della provincia di cosenza,organismi di parità,cosenza,cosenza,calabria,
38.960285,16.295318,Centro Clinico di Lamezia Terme,Lamezia Terme,Catanzaro,Calabria,"Ospedale (Pronto soccorso, ecc.)",,False,False,False,False,False,False,False,[],,centro clinico di lamezia terme,"ospedale (pronto soccorso, ecc.)",lamezia terme,catanzaro,calabria,
38.675176,16.098765,Centro clinico di Vibo Valentia,Vibo Valentia,Vibo Valentia,Calabria,"Ospedale (Pronto soccorso, ecc.)",,False,False,False,False,False,False,False,[],,centro clinico di vibo valentia,"ospedale (pronto soccorso, ecc.)",vibo valentia,vibo valentia,calabria,
38.904975,16.595397,Prefettura di Catanzaro,Catanzaro,Catanzaro,Calabria,Prefettura,"firmatario, proponente, attore",True,True,True,False,False,False,False,"['firmatario', 'proponente', 'attore']",,prefettura di catanzaro,prefettura,catanzaro,catanzaro,calabria,"firmatario, proponente, attore"
38.904975,16.595397,Corte d’Appello di Catanzaro,Catanzaro,Catanzaro,Calabria,Procura Ordinaria/Tribunale/Corte d'appello,"firmatario, attore",True,False,True,False,False,False,False,"['firmatario', 'attore']",,corte d’appello di catanzaro,procura ordinaria/tribunale/corte d'appello,catanzaro,catanzaro,calabria,"firmatario, attore"
38.904975,16.595397,Tribunale di Catanzaro,Catanzaro,Catanzaro,Calabria,Procura Ordinaria/Tribunale/Corte d'appello,"firmatario, attore",True,False,True,False,False,False,False,"['firmatario', 'attore']",,tribunale di catanzaro,procura ordinaria/tribunale/corte d'appello,catanzaro,catanzaro,calabria,"firmatario, attore"
38.904975,16.595397,Procura della Repubblica presso il Tribunale di Catanzaro,Catanzaro,Catanzaro,Calabria,Procura Ordinaria/Tribunale/Corte d'appello,"firmatario, attore",True,False,True,False,False,False,False,"['firmatario', 'attore']",,procura della repubblica presso il tribunale di catanzaro,procura ordinaria/tribunale/corte d'appello,catanzaro,catanzaro,calabria,"firmatario, attore"
38.960285,16.295318,Tribunale di Lamezia Terme,Lamezia Terme,Catanzaro,Calabria,Procura Ordinaria/Tribunale/Corte d'appello,"firmatario, attore",True,False,True,False,False,False,False,"['firmatario', 'attore']",,tribunale di lamezia terme,procura ordinaria/tribunale/corte d'appello,lamezia terme,catanzaro,calabria,"firmatario, attore"
38.960285,16.295318,Procura della Repubblica presso il Tribunale di Lamezia Terme,Lamezia Terme,Catanzaro,Calabria,Procura Ordinaria/Tribunale/Corte d'appello,"firmatario, attore",True,False,True,False,False,False,False,"['firmatario', 'attore']",,procura della repubblica presso il tribunale di lamezia terme,procura ordinaria/tribunale/corte d'appello,lamezia terme,catanzaro,calabria,"firmatario, attore"
38.904975,16.595397,Tribunale per i minorenni di Catanzaro,Catanzaro,Catanzaro,Calabria,Procura Minorile/Tribunale minorile,"firmatario, attore",True,False,True,False,False,False,False,"['firmatario', 'attore']",,tribunale per i minorenni di catanzaro,procura minorile/tribunale minorile,catanzaro,catanzaro,calabria,"firmatario, attore"
38.874994,16.487188,Amministrazione Provinciale di Catanzaro,Catanzaro,Catanzaro,Calabria,Province/Città metropolitane,"firmatario, attore",True,False,True,False,False,False,False,"['firmatario', 'attore']",,amministrazione provinciale di catanzaro,province/città metropolitane,catanzaro,catanzaro,calabria,"firmatario, attore"
38.904975,16.595397,Comune di Catanzaro,Catanzaro,Catanzaro,Calabria,Comuni,"firmatario, proponente, attore",True,True,True,False,False,False,False,"['firmatario', 'proponente', 'attore']",,comune di catanzaro,comuni,catanzaro,catanzaro,calabria,"firmatario, proponente, attore"
38.960285,16.295318,Comune di Lamezia Terme,Lamezia Terme,Catanzaro,Calabria,Comuni,"firmatario, attore",True,False,True,False,False,False,False,"['firmatario', 'attore']",,comune di lamezia terme,comuni,lamezia terme,catanzaro,calabria,"firmatario, attore"
38.874994,16.487188,Ufficio Scolastico Provinciale di Catanzaro,Catanzaro,Catanzaro,Calabria,Scuole/Ufficio scolastico provinciale e regionale,"firmatario, attore",True,False,True,False,False,False,False,"['firmatario', 'attore']",,ufficio scolastico provinciale di catanzaro,scuole/ufficio scolastico provinciale e regionale,catanzaro,catanzaro,calabria,"firmatario, attore"
38.874994,16.487188,Azienda Sanitaria Provinciale di Catanzaro,Catanzaro,Catanzaro,Calabria,ASL (consultori familiari e altri servizi territoriali),"firmatario, attore",True,False,True,False,False,False,False,"['firmatario', 'attore']",,azienda sanitaria provinciale di catanzaro,asl (consultori familiari e altri servizi territoriali),catanzaro,catanzaro,calabria,"firmatario, attore"
38.904975,16.595397,Azienda Ospedaliera Pugliese - Ciaccio di Catanzaro,Catanzaro,Catanzaro,Calabria,"Ospedale (Pronto soccorso, ecc.)","firmatario, attore",True,False,True,False,False,False,False,"['firmatario', 'attore']",,azienda ospedaliera pugliese - ciaccio di catanzaro,"ospedale (pronto soccorso, ecc.)",catanzaro,catanzaro,calabria,"firmatario, attore"
38.874994,16.487188,Commissione Pari Opportunita della Provincia di Catanzaro,Catanzaro,Catanzaro,Calabria,Organismi di parità,"firmatario, attore",True,False,True,False,False,False,False,"['firmatario', 'attore']",,commissione pari opportunita della provincia di catanzaro,organismi di parità,catanzaro,catanzaro,calabria,"firmatario, attore"
38.874994,16.487188,Consigliera di Parita della Provincia di Catanzaro,Catanzaro,Catanzaro,Calabria,Organismi di parità,"firmatario, attore",True,False,True,False,False,False,False,"['firmatario', 'attore']",,consigliera di parita della provincia di catanzaro,organismi di parità,catanzaro,catanzaro,calabria,"firmatario, attore"
38.904975,16.595397,Comitato Pari Opportunita dell’Ordine degli Avvocati di Catanzaro,Catanzaro,Catanzaro,Calabria,Organismi di parità,"firmatario, attore",True,False,True,False,False,False,False,"['firmatario', 'attore']",,comitato pari opportunita dell’ordine degli avvocati di catanzaro,organismi di parità,catanzaro,catanzaro,calabria,"firmatario, attore"
38.904975,16.595397,Centri Antiviolenza di Catanzaro,Catanzaro,Catanzaro,Calabria,CAV/Centri Antiviolenza,"firmatario, attore",True,False,True,False,False,False,False,"['firmatario', 'attore']",,centri antiviolenza di catanzaro,cav/centri antiviolenza,catanzaro,catanzaro,calabria,"firmatario, attore"
38.960285,16.295318,Centri Antiviolenza di Lamezia Terme,Lamezia Terme,Catanzaro,Calabria,CAV/Centri Antiviolenza,"firmatario, attore",True,False,True,False,False,False,False,"['firmatario', 'attore']",,centri antiviolenza di lamezia terme,cav/centri antiviolenza,lamezia terme,catanzaro,calabria,"firmatario, attore"
38.904975,16.595397,Centro Antiviolenza Mondorosa di Catanzaro,Catanzaro,Catanzaro,Calabria,CAV/Centri Antiviolenza,"firmatario, attore",True,False,True,False,False,False,False,"['firmatario', 'attore']",,centro antiviolenza mondorosa di catanzaro,cav/centri antiviolenza,catanzaro,catanzaro,calabria,"firmatario, attore"
38.904975,16.595397,Centro Antiviolenza Citta Solidale di Catanzaro,Catanzaro,Catanzaro,Calabria,CAV/Centri Antiviolenza,"firmatario, attore",True,False,True,False,False,False,False,"['firmatario', 'attore']",,centro antiviolenza citta solidale di catanzaro,cav/centri antiviolenza,catanzaro,catanzaro,calabria,"firmatario, attore"
38.960285,16.295318,Centro Antiviolenza Demetra di Lamezia Terme,Lamezia Terme,Catanzaro,Calabria,CAV/Centri Antiviolenza,"firmatario, attore",True,False,True,False,False,False,False,"['firmatario', 'attore']",,centro antiviolenza demetra di lamezia terme,cav/centri antiviolenza,lamezia terme,catanzaro,calabria,"firmatario, attore"
38.904975,16.595397,Sportello Antiviolenza Attivamente Coinvolte di Catanzaro,Catanzaro,Catanzaro,Calabria,CAV/Centri Antiviolenza,"firmatario, attore",True,False,True,False,False,False,False,"['firmatario', 'attore']",,sportello antiviolenza attivamente coinvolte di catanzaro,cav/centri antiviolenza,catanzaro,catanzaro,calabria,"firmatario, attore"
38.904975,16.595397,Sportello Antiviolenza Astarte di Catanzaro,Catanzaro,Catanzaro,Calabria,CAV/Centri Antiviolenza,"firmatario, attore",True,False,True,False,False,False,False,"['firmatario', 'attore']",,sportello antiviolenza astarte di catanzaro,cav/centri antiviolenza,catanzaro,catanzaro,calabria,"firmatario, attore"
38.904975,16.595397,Associazione Fidapa di Catanzaro,Catanzaro,Catanzaro,Calabria,Altro,"firmatario, attore",True,False,True,False,False,False,False,"['firmatario', 'attore']",,associazione fidapa di catanzaro,altro,catanzaro,catanzaro,calabria,"firmatario, attore"
38.960285,16.295318,Associazione Fidapa di Lamezia Terme,Lamezia Terme,Catanzaro,Calabria,Altro,"firmatario, attore",True,False,True,False,False,False,False,"['firmatario', 'attore']",,associazione fidapa di lamezia terme,altro,lamezia terme,catanzaro,calabria,"firmatario, attore"
38.904975,16.595397,Associazione Soroptimist di Catanzaro,Catanzaro,Catanzaro,Calabria,Altro,"firmatario, attore",True,False,True,False,False,False,False,"['firmatario', 'attore']",,associazione soroptimist di catanzaro,altro,catanzaro,catanzaro,calabria,"firmatario, attore"
38.960285,16.295318,Associazione Soroptimist di Lamezia Terme,Lamezia Terme,Catanzaro,Calabria,Altro,"firmatario, attore",True,False,True,False,False,False,False,"['firmatario', 'attore']",,associazione soroptimist di lamezia terme,altro,lamezia terme,catanzaro,calabria,"firmatario, attore"
38.904975,16.595397,Associazione Lidu Onlus Comitato di Catanzaro,Catanzaro,Catanzaro,Calabria,Altro,"firmatario, attore",True,False,True,False,False,False,False,"['firmatario', 'attore']",,associazione lidu onlus comitato di catanzaro,altro,catanzaro,catanzaro,calabria,"firmatario, attore"
38.874994,16.487188,Associazioni del Terzo Settore del territorio della Provincia di Catanzaro,Catanzaro,Catanzaro,Calabria,Altro,"firmatario, attore",True,False,True,False,False,False,False,"['firmatario', 'attore']",,associazioni del terzo settore del territorio della provincia di catanzaro,altro,catanzaro,catanzaro,calabria,"firmatario, attore"
38.904975,16.595397,Centro Calabrese di Solidarietà,Catanzaro,Catanzaro,Calabria,ALTRI ENTI DEL TERZO SETTORE,"firmatario, proponente, attore, gestione",True,True,True,True,False,False,True,"['firmatario', 'proponente', 'attore', 'gestione']",gestione,centro calabrese di solidarietà,altri enti del terzo settore,catanzaro,catanzaro,calabria,"firmatario, proponente, attore, gestione"
38.874994,16.487188,Unione dei Comuni del Versante Ionico,,Catanzaro,Calabria,Unione dei Comuni,"firmatario, proponente, attore, coordinamento",True,True,True,False,False,True,True,"['firmatario', 'proponente', 'attore', 'coordinamento']",coordinamento,unione dei comuni del versante ionico,unione dei comuni,,catanzaro,calabria,"firmatario, proponente, attore, coordinamento"
38.904975,16.595397,Ufficio Territoriale del Governo - Catanzaro,Catanzaro,Catanzaro,Calabria,Prefettura,"firmatario, attore",True,False,True,False,False,False,False,"['firmatario', 'attore']",,ufficio territoriale del governo - catanzaro,prefettura,catanzaro,catanzaro,calabria,"firmatario, attore"
38.904975,16.595397,Questura di Catanzaro,Catanzaro,Catanzaro,Calabria,Questura,"firmatario, attore",True,False,True,False,False,False,False,"['firmatario', 'attore']",,questura di catanzaro,questura,catanzaro,catanzaro,calabria,"firmatario, attore"
38.904975,16.595397,SIULP Sezione di Catanzaro,Catanzaro,Catanzaro,Calabria,Carabinieri/Polizia/altre forze dell'ordine,"firmatario, attore",True,False,True,False,False,False,False,"['firmatario', 'attore']",,siulp sezione di catanzaro,carabinieri/polizia/altre forze dell'ordine,catanzaro,catanzaro,calabria,"firmatario, attore"
38.904975,16.595397,ASP di Catanzaro,Catanzaro,Catanzaro,Calabria,ASL (consultori familiari e altri servizi territoriali),"firmatario, attore",True,False,True,False,False,False,False,"['firmatario', 'attore']",,asp di catanzaro,asl (consultori familiari e altri servizi territoriali),catanzaro,catanzaro,calabria,"firmatario, attore"
38.874994,16.487188,Commissione P.O. Provincia di Catanzaro,Catanzaro,Catanzaro,Calabria,Organismi di parità,"firmatario, attore",True,False,True,False,False,False,False,"['firmatario', 'attore']",,commissione p.o. provincia di catanzaro,organismi di parità,catanzaro,catanzaro,calabria,"firmatario, attore"
38.904975,16.595397,Comune di Catanzaro,Catanzaro,Catanzaro,Calabria,Comuni,"firmatario, attore",True,False,True,False,False,False,False,"['firmatario', 'attore']",,comune di catanzaro,comuni,catanzaro,catanzaro,calabria,"firmatario, attore"
38.911354,16.514581,Comune di Settingiano,Settingiano,Catanzaro,Calabria,Comuni,"firmatario, attore",True,False,True,False,False,False,False,"['firmatario', 'attore']",,comune di settingiano,comuni,settingiano,catanzaro,calabria,"firmatario, attore"
38.904975,16.595397,Procura della Repubblica presso il Tribunale Ordinario di Catanzaro,Catanzaro,Catanzaro,Calabria,Procura Ordinaria/Tribunale/Corte d'appello,"firmatario, attore",True,False,True,False,False,False,False,"['firmatario', 'attore']",,procura della repubblica presso il tribunale ordinario di catanzaro,procura ordinaria/tribunale/corte d'appello,catanzaro,catanzaro,calabria,"firmatario, attore"
38.904975,16.595397,Camera di Commercio di Catanzaro,Catanzaro,Catanzaro,Calabria,Altro,"firmatario, attore",True,False,True,False,False,False,False,"['firmatario', 'attore']",,camera di commercio di catanzaro,altro,catanzaro,catanzaro,calabria,"firmatario, attore"
38.632059,16.138525,Amministrazione Provinciale di Vibo Valentia,Vibo Valentia,Vibo Valentia,Calabria,Province/Città metropolitane,"firmatario, attore",True,False,True,False,False,False,False,"['firmatario', 'attore']",,amministrazione provinciale di vibo valentia,province/città metropolitane,vibo valentia,vibo valentia,calabria,"firmatario, attore"
38.874994,16.487188,ISTITUTO D'ISTRUZIONE SUPERIORE LUIGI COSTANZO DI DECOLLATURA,Decollatura,Catanzaro,Calabria,Scuole/Ufficio scolastico provinciale e regionale,"firmatario, attore",True,False,True,False,False,False,False,"['firmatario', 'attore']",,istituto d'istruzione superiore luigi costanzo di decollatura,scuole/ufficio scolastico provinciale e regionale,decollatura,catanzaro,calabria,"firmatario, attore"
38.960285,16.295318,Comune di Lamezia Terme,Lamezia Terme,Catanzaro,Calabria,Comuni,,False,False,False,False,False,False,False,[],,comune di lamezia terme,comuni,lamezia terme,catanzaro,calabria,
38.960285,16.295318,Associazione Mago Merlino onlus,Lamezia Terme,Catanzaro,Calabria,ORGANIZZAZIONI DI VOLONTARIATO,,False,False,False,False,False,False,False,[],,associazione mago merlino onlus,organizzazioni di volontariato,lamezia terme,catanzaro,calabria,
38.733074,16.161454,Associazione “Attivamente Coinvolte” APS - Centro antiviolenza,Pizzo,Vibo Valentia,Calabria,CAV/Centri Antiviolenza,"firmatario, attore",True,False,True,False,False,False,False,"['firmatario', 'attore']",,associazione “attivamente coinvolte” aps - centro antiviolenza,cav/centri antiviolenza,pizzo,vibo valentia,calabria,"firmatario, attore"
39.293174,16.256247,Prefettura di Cosenza,Cosenza,Cosenza,Calabria,Prefettura,"firmatario, proponente, attore, coordinamento",True,True,True,False,False,True,True,"['firmatario', 'proponente', 'attore', 'coordinamento']",coordinamento,prefettura di cosenza,prefettura,cosenza,cosenza,calabria,"firmatario, proponente, attore, coordinamento"
39.293174,16.256247,Tribunale di Cosenza,Cosenza,Cosenza,Calabria,Procura Ordinaria/Tribunale/Corte d'appello,"firmatario, attore",True,False,True,False,False,False,False,"['firmatario', 'attore']",,tribunale di cosenza,procura ordinaria/tribunale/corte d'appello,cosenza,cosenza,calabria,"firmatario, attore"
39.361534,16.042504,Tribunale di Paola,Paola,Cosenza,Calabria,Procura Ordinaria/Tribunale/Corte d'appello,"firmatario, attore",True,False,True,False,False,False,False,"['firmatario', 'attore']",,tribunale di paola,procura ordinaria/tribunale/corte d'appello,paola,cosenza,calabria,"firmatario, attore"
39.811566,16.202514,Tribunale di Castrovillari,Castrovillari,Cosenza,Calabria,Procura Ordinaria/Tribunale/Corte d'appello,"firmatario, attore",True,False,True,False,False,False,False,"['firmatario', 'attore']",,tribunale di castrovillari,procura ordinaria/tribunale/corte d'appello,castrovillari,cosenza,calabria,"firmatario, attore"
39.293174,16.256247,Procura della Repubblica presso il Tribunale di Cosenza,Cosenza,Cosenza,Calabria,Procura Ordinaria/Tribunale/Corte d'appello,"firmatario, attore",True,False,True,False,False,False,False,"['firmatario', 'attore']",,procura della repubblica presso il tribunale di cosenza,procura ordinaria/tribunale/corte d'appello,cosenza,cosenza,calabria,"firmatario, attore"
39.361534,16.042504,Procura della Repubblica presso il Tribunale di Paola,Paola,Cosenza,Calabria,Procura Ordinaria/Tribunale/Corte d'appello,"firmatario, attore",True,False,True,False,False,False,False,"['firmatario', 'attore']",,procura della repubblica presso il tribunale di paola,procura ordinaria/tribunale/corte d'appello,paola,cosenza,calabria,"firmatario, attore"
38.904975,16.595397,Presidente del Tribunale per i Minorenni di Catanzaro,Catanzaro,Catanzaro,Calabria,Procura Minorile/Tribunale minorile,"firmatario, attore",True,False,True,False,False,False,False,"['firmatario', 'attore']",,presidente del tribunale per i minorenni di catanzaro,procura minorile/tribunale minorile,catanzaro,catanzaro,calabria,"firmatario, attore"
39.811566,16.202514,Procura della Repubblica presso il Tribunale di Castrovillari,Castrovillari,Cosenza,Calabria,Procura Ordinaria/Tribunale/Corte d'appello,"firmatario, attore",True,False,True,False,False,False,False,"['firmatario', 'attore']",,procura della repubblica presso il tribunale di castrovillari,procura ordinaria/tribunale/corte d'appello,castrovillari,cosenza,calabria,"firmatario, attore"
38.904975,16.595397,Procura della Repubblica p/o il Tribunale per i minorenni Catanzaro,Catanzaro,Catanzaro,Calabria,Procura Minorile/Tribunale minorile,"firmatario, attore",True,False,True,False,False,False,False,"['firmatario', 'attore']",,procura della repubblica p/o il tribunale per i minorenni catanzaro,procura minorile/tribunale minorile,catanzaro,catanzaro,calabria,"firmatario, attore"
39.51979,16.251242,Provincia di Cosenza,Cosenza,Cosenza,Calabria,Province/Città metropolitane,"firmatario, attore",True,False,True,False,False,False,False,"['firmatario', 'attore']",,provincia di cosenza,province/città metropolitane,cosenza,cosenza,calabria,"firmatario, attore"
39.293174,16.256247,Questura di Cosenza,Cosenza,Cosenza,Calabria,Questura,"firmatario, attore",True,False,True,False,False,False,False,"['firmatario', 'attore']",,questura di cosenza,questura,cosenza,cosenza,calabria,"firmatario, attore"
39.51979,16.251242,Comando Provinciale dei Carabinieri di Cosenza,Cosenza,Cosenza,Calabria,Carabinieri/Polizia/altre forze dell'ordine,"firmatario, attore",True,False,True,False,False,False,False,"['firmatario', 'attore']",,comando provinciale dei carabinieri di cosenza,carabinieri/polizia/altre forze dell'ordine,cosenza,cosenza,calabria,"firmatario, attore"
39.51979,16.251242,Comando Provinciale della Guardia di Finanza di Cosenza,Cosenza,Cosenza,Calabria,Carabinieri/Polizia/altre forze dell'ordine,"firmatario, attore",True,False,True,False,False,False,False,"['firmatario', 'attore']",,comando provinciale della guardia di finanza di cosenza,carabinieri/polizia/altre forze dell'ordine,cosenza,cosenza,calabria,"firmatario, attore"
39.51979,16.251242,Azienda Sanitaria Provinciale di Cosenza,Cosenza,Cosenza,Calabria,ASL (consultori familiari e altri servizi territoriali),"firmatario, attore",True,False,True,False,False,False,False,"['firmatario', 'attore']",,azienda sanitaria provinciale di cosenza,asl (consultori familiari e altri servizi territoriali),cosenza,cosenza,calabria,"firmatario, attore"
39.293174,16.256247,Azienda Ospedaliera S.S. Annunziata di Cosenza,Cosenza,Cosenza,Calabria,"Ospedale (Pronto soccorso, ecc.)","firmatario, attore",True,False,True,False,False,False,False,"['firmatario', 'attore']",,azienda ospedaliera s.s. annunziata di cosenza,"ospedale (pronto soccorso, ecc.)",cosenza,cosenza,calabria,"firmatario, attore"
40.376973,15.732052,Comune Paterno,Paterno,Potenza,Basilicata,Comuni,firmatario,True,False,False,False,False,False,False,['firmatario'],,comune paterno,comuni,paterno,potenza,basilicata,firmatario
39.598874,16.519115,Associazione Mondiversi Onlus,Corigliano-Rossano,Cosenza,Calabria,ALTRI ENTI DEL TERZO SETTORE,firmatario,True,False,False,False,False,False,False,['firmatario'],,associazione mondiversi onlus,altri enti del terzo settore,corigliano-rossano,cosenza,calabria,firmatario
39.215227,9.110617,Centro antiviolenza Donna Ceteris,Cagliari,Cagliari,Sardegna,CAV/Centri Antiviolenza,"firmatario, attore",True,False,True,False,False,False,False,"['firmatario', 'attore']",,centro antiviolenza donna ceteris,cav/centri antiviolenza,cagliari,cagliari,sardegna,"firmatario, attore"
39.215227,9.110617,Centro antiviolenza e Casa di accoglienza Donne al Traguardo,Cagliari,Cagliari,Sardegna,CAV/Centri Antiviolenza,attore,False,False,True,False,False,False,False,['attore'],,centro antiviolenza e casa di accoglienza donne al traguardo,cav/centri antiviolenza,cagliari,cagliari,sardegna,attore
39.926333,9.656232,Centro antiviolenza Mai pit violate,Tortoli,Ogliastra,Sardegna,CAV/Centri Antiviolenza,"firmatario, attore",True,False,True,False,False,False,False,"['firmatario', 'attore']",,centro antiviolenza mai pit violate,cav/centri antiviolenza,tortoli,ogliastra,sardegna,"firmatario, attore"
40.323333,9.331057,Centro antiviolenza e Casa di accoglienza Onda Rosa,Nuoro,Nuoro,Sardegna,CAV/Centri Antiviolenza,attore,False,False,True,False,False,False,False,['attore'],,centro antiviolenza e casa di accoglienza onda rosa,cav/centri antiviolenza,nuoro,nuoro,sardegna,attore
40.923037,9.504808,Centro antiviolenza e Casa di accoglienza Prospettiva Donna,Olbia,Gallura Nord-Est Sardegna,Sardegna,CAV/Centri Antiviolenza,attore,False,False,True,False,False,False,False,['attore'],,centro antiviolenza e casa di accoglienza prospettiva donna,cav/centri antiviolenza,olbia,gallura nord-est sardegna,sardegna,attore
40.726523,8.559261,Centro Antiviolenza e Casa di accoglienza Aurora,Sassari,Sassari,Sardegna,CAV/Centri Antiviolenza,attore,False,False,True,False,False,False,False,['attore'],,centro antiviolenza e casa di accoglienza aurora,cav/centri antiviolenza,sassari,sassari,sardegna,attore
40.265264,8.781669,Centro Antiviolenza dell’Unione dei Comuni del Marghine,Macomer,Nuoro,Sardegna,CAV/Centri Antiviolenza,attore,False,False,True,False,False,False,False,['attore'],,centro antiviolenza dell’unione dei comuni del marghine,cav/centri antiviolenza,macomer,nuoro,sardegna,attore
39.561793,8.89902,Centro Antiviolenza Interdistrettuale Ambiti Plus di Sanluri e Guspini Feminas,Sanluri,Medio Campidano,Sardegna,CAV/Centri Antiviolenza,"firmatario, attore",True,False,True,False,False,False,False,"['firmatario', 'attore']",,centro antiviolenza interdistrettuale ambiti plus di sanluri e guspini feminas,cav/centri antiviolenza,sanluri,medio campidano,sardegna,"firmatario, attore"
40.586126,8.999512,Centro Antiviolenza Spazio donna,Ozieri,Sassari,Sardegna,CAV/Centri Antiviolenza,"firmatario, attore",True,False,True,False,False,False,False,"['firmatario', 'attore']",,centro antiviolenza spazio donna,cav/centri antiviolenza,ozieri,sassari,sardegna,"firmatario, attore"
39.900001,9.531267,Centro Antiviolenza Unione Comuni d’Ogliastra,Elini,Ogliastra,Sardegna,CAV/Centri Antiviolenza,"firmatario, attore",True,False,True,False,False,False,False,"['firmatario', 'attore']",,centro antiviolenza unione comuni d’ogliastra,cav/centri antiviolenza,elini,ogliastra,sardegna,"firmatario, attore"
39.166132,8.525697,Centro antiviolenza Ambiti Plus di Carbonia e Iglesias,Carbonia,Sulcis Iglesiente,Sardegna,CAV/Centri Antiviolenza,"firmatario, attore",True,False,True,False,False,False,False,"['firmatario', 'attore']",,centro antiviolenza ambiti plus di carbonia e iglesias,cav/centri antiviolenza,carbonia,sulcis iglesiente,sardegna,"firmatario, attore"
39.903974,8.591178,Centro antiviolenza e Casa di accoglienza Donna Eleonora,Oristano,Oristano,Sardegna,CAV/Centri Antiviolenza,attore,False,False,True,False,False,False,False,['attore'],,centro antiviolenza e casa di accoglienza donna eleonora,cav/centri antiviolenza,oristano,oristano,sardegna,attore
39.215227,9.110617,Prefettura di Cagliari,Cagliari,Cagliari,Sardegna,Prefettura,"firmatario, attore",True,False,True,False,False,False,False,"['firmatario', 'attore']",,prefettura di cagliari,prefettura,cagliari,cagliari,sardegna,"firmatario, attore"
39.903974,8.591178,Prefettura di Oristano,Oristano,Oristano,Sardegna,Prefettura,"firmatario, attore",True,False,True,False,False,False,False,"['firmatario', 'attore']",,prefettura di oristano,prefettura,oristano,oristano,sardegna,"firmatario, attore"
40.323333,9.331057,Prefettura di Nuoro,Nuoro,Nuoro,Sardegna,Prefettura,"firmatario, attore",True,False,True,False,False,False,False,"['firmatario', 'attore']",,prefettura di nuoro,prefettura,nuoro,nuoro,sardegna,"firmatario, attore"
40.726523,8.559261,Prefettura di Sassari,Sassari,Sassari,Sardegna,Prefettura,"firmatario, attore",True,False,True,False,False,False,False,"['firmatario', 'attore']",,prefettura di sassari,prefettura,sassari,sassari,sardegna,"firmatario, attore"
39.215227,9.110617,Questura di Cagliari,Cagliari,Cagliari,Sardegna,Questura,"firmatario, attore",True,False,True,False,False,False,False,"['firmatario', 'attore']",,questura di cagliari,questura,cagliari,cagliari,sardegna,"firmatario, attore"
39.903974,8.591178,Questura di Oristano,Oristano,Oristano,Sardegna,Questura,"firmatario, attore",True,False,True,False,False,False,False,"['firmatario', 'attore']",,questura di oristano,questura,oristano,oristano,sardegna,"firmatario, attore"
40.323333,9.331057,Questura di Nuoro,Nuoro,Nuoro,Sardegna,Questura,"firmatario, attore",True,False,True,False,False,False,False,"['firmatario', 'attore']",,questura di nuoro,questura,nuoro,nuoro,sardegna,"firmatario, attore"
40.726523,8.559261,Questura di Sassari,Sassari,Sassari,Sardegna,Questura,"firmatario, attore",True,False,True,False,False,False,False,"['firmatario', 'attore']",,questura di sassari,questura,sassari,sassari,sardegna,"firmatario, attore"
39.215227,9.110617,Procura Generale presso la Corte d’Appello di Cagliari,Cagliari,Cagliari,Sardegna,Procura Ordinaria/Tribunale/Corte d'appello,"firmatario, attore",True,False,True,False,False,False,False,"['firmatario', 'attore']",,procura generale presso la corte d’appello di cagliari,procura ordinaria/tribunale/corte d'appello,cagliari,cagliari,sardegna,"firmatario, attore"
39.215227,9.110617,Procura della Repubblica presso il Tribunale di Cagliari,Cagliari,Cagliari,Sardegna,Procura Ordinaria/Tribunale/Corte d'appello,"firmatario, attore",True,False,True,False,False,False,False,"['firmatario', 'attore']",,procura della repubblica presso il tribunale di cagliari,procura ordinaria/tribunale/corte d'appello,cagliari,cagliari,sardegna,"firmatario, attore"
39.903974,8.591178,Procura della Repubblica presso il Tribunale di Oristano,Oristano,Oristano,Sardegna,Procura Ordinaria/Tribunale/Corte d'appello,"firmatario, attore",True,False,True,False,False,False,False,"['firmatario', 'attore']",,procura della repubblica presso il tribunale di oristano,procura ordinaria/tribunale/corte d'appello,oristano,oristano,sardegna,"firmatario, attore"
39.876769,9.542316,Procura della Repubblica presso il Tribunale di Lanusei,Lanusei,Ogliastra,Sardegna,Procura Ordinaria/Tribunale/Corte d'appello,"firmatario, attore",True,False,True,False,False,False,False,"['firmatario', 'attore']",,procura della repubblica presso il tribunale di lanusei,procura ordinaria/tribunale/corte d'appello,lanusei,ogliastra,sardegna,"firmatario, attore"
40.323333,9.331057,Procura della Repubblica presso il Tribunale di Nuoro,Nuoro,Nuoro,Sardegna,Procura Ordinaria/Tribunale/Corte d'appello,"firmatario, attore",True,False,True,False,False,False,False,"['firmatario', 'attore']",,procura della repubblica presso il tribunale di nuoro,procura ordinaria/tribunale/corte d'appello,nuoro,nuoro,sardegna,"firmatario, attore"
40.726523,8.559261,Procura della Repubblica presso il Tribunale di Sassari,Sassari,Sassari,Sardegna,Procura Ordinaria/Tribunale/Corte d'appello,"firmatario, attore",True,False,True,False,False,False,False,"['firmatario', 'attore']",,procura della repubblica presso il tribunale di sassari,procura ordinaria/tribunale/corte d'appello,sassari,sassari,sardegna,"firmatario, attore"
40.903014,9.10363,Procura della Repubblica presso il Tribunale di Tempio Pausania,Tempio Pausania,Gallura Nord-Est Sardegna,Sardegna,Procura Ordinaria/Tribunale/Corte d'appello,"firmatario, attore",True,False,True,False,False,False,False,"['firmatario', 'attore']",,procura della repubblica presso il tribunale di tempio pausania,procura ordinaria/tribunale/corte d'appello,tempio pausania,gallura nord-est sardegna,sardegna,"firmatario, attore"
39.215227,9.110617,Procura della Repubblica presso il Tribunale per i Minorenni di Cagliari,Cagliari,Cagliari,Sardegna,Procura Minorile/Tribunale minorile,"firmatario, attore",True,False,True,False,False,False,False,"['firmatario', 'attore']",,procura della repubblica presso il tribunale per i minorenni di cagliari,procura minorile/tribunale minorile,cagliari,cagliari,sardegna,"firmatario, attore"
40.726523,8.559261,Procura della Repubblica presso il Tribunale per i Minorenni di Sassari,Sassari,Sassari,Sardegna,Procura Minorile/Tribunale minorile,"firmatario, attore",True,False,True,False,False,False,False,"['firmatario', 'attore']",,procura della repubblica presso il tribunale per i minorenni di sassari,procura minorile/tribunale minorile,sassari,sassari,sardegna,"firmatario, attore"
39.215227,9.110617,Tribunale Ordinario di Cagliari,Cagliari,Cagliari,Sardegna,Procura Ordinaria/Tribunale/Corte d'appello,"firmatario, attore",True,False,True,False,False,False,False,"['firmatario', 'attore']",,tribunale ordinario di cagliari,procura ordinaria/tribunale/corte d'appello,cagliari,cagliari,sardegna,"firmatario, attore"
39.903974,8.591178,Tribunale Ordinario di Oristano,Oristano,Oristano,Sardegna,Procura Ordinaria/Tribunale/Corte d'appello,"firmatario, attore",True,False,True,False,False,False,False,"['firmatario', 'attore']",,tribunale ordinario di oristano,procura ordinaria/tribunale/corte d'appello,oristano,oristano,sardegna,"firmatario, attore"
39.876769,9.542316,Tribunale Ordinario di Lanusei,Lanusei,Ogliastra,Sardegna,Procura Ordinaria/Tribunale/Corte d'appello,"firmatario, attore",True,False,True,False,False,False,False,"['firmatario', 'attore']",,tribunale ordinario di lanusei,procura ordinaria/tribunale/corte d'appello,lanusei,ogliastra,sardegna,"firmatario, attore"
40.323333,9.331057,Tribunale Ordinario di Nuoro,Nuoro,Nuoro,Sardegna,Procura Ordinaria/Tribunale/Corte d'appello,"firmatario, attore",True,False,True,False,False,False,False,"['firmatario', 'attore']",,tribunale ordinario di nuoro,procura ordinaria/tribunale/corte d'appello,nuoro,nuoro,sardegna,"firmatario, attore"
40.726523,8.559261,Tribunale Ordinario di Sassari,Sassari,Sassari,Sardegna,Procura Ordinaria/Tribunale/Corte d'appello,"firmatario, attore",True,False,True,False,False,False,False,"['firmatario', 'attore']",,tribunale ordinario di sassari,procura ordinaria/tribunale/corte d'appello,sassari,sassari,sardegna,"firmatario, attore"
40.903014,9.10363,Tribunale Ordinario di Tempio Pausania,Tempio Pausania,Gallura Nord-Est Sardegna,Sardegna,Procura Ordinaria/Tribunale/Corte d'appello,"firmatario, attore",True,False,True,False,False,False,False,"['firmatario', 'attore']",,tribunale ordinario di tempio pausania,procura ordinaria/tribunale/corte d'appello,tempio pausania,gallura nord-est sardegna,sardegna,"firmatario, attore"
39.215227,9.110617,Tribunale per i Minorenni di Cagliari,Cagliari,Cagliari,Sardegna,Procura Minorile/Tribunale minorile,"firmatario, attore",True,False,True,False,False,False,False,"['firmatario', 'attore']",,tribunale per i minorenni di cagliari,procura minorile/tribunale minorile,cagliari,cagliari,sardegna,"firmatario, attore"
40.726523,8.559261,Tribunale per i Minorenni di Sassari,Sassari,Sassari,Sardegna,Procura Minorile/Tribunale minorile,"firmatario, attore",True,False,True,False,False,False,False,"['firmatario', 'attore']",,tribunale per i minorenni di sassari,procura minorile/tribunale minorile,sassari,sassari,sardegna,"firmatario, attore"
40.726523,8.559261,Azienda sociosanitaria locale n. 1 Sassari,Sassari,Sassari,Sardegna,ASL (consultori familiari e altri servizi territoriali),"firmatario, attore",True,False,True,False,False,False,False,"['firmatario', 'attore']",,azienda sociosanitaria locale n. 1 sassari,asl (consultori familiari e altri servizi territoriali),sassari,sassari,sardegna,"firmatario, attore"
40.323333,9.331057,Azienda sociosanitaria locale n. 3 Nuoro,Nuoro,Nuoro,Sardegna,ASL (consultori familiari e altri servizi territoriali),"firmatario, attore",True,False,True,False,False,False,False,"['firmatario', 'attore']",,azienda sociosanitaria locale n. 3 nuoro,asl (consultori familiari e altri servizi territoriali),nuoro,nuoro,sardegna,"firmatario, attore"
39.903974,8.591178,Azienda sociosanitaria locale n. 5 Oristano,Oristano,Oristano,Sardegna,ASL (consultori familiari e altri servizi territoriali),"firmatario, attore",True,False,True,False,False,False,False,"['firmatario', 'attore']",,azienda sociosanitaria locale n. 5 oristano,asl (consultori familiari e altri servizi territoriali),oristano,oristano,sardegna,"firmatario, attore"
39.215227,9.110617,Azienda sociosanitaria locale n. 8 Cagliari,Cagliari,Cagliari,Sardegna,ASL (consultori familiari e altri servizi territoriali),"firmatario, attore",True,False,True,False,False,False,False,"['firmatario', 'attore']",,azienda sociosanitaria locale n. 8 cagliari,asl (consultori familiari e altri servizi territoriali),cagliari,cagliari,sardegna,"firmatario, attore"
39.215227,9.110617,Azienda Ospedaliera Universitaria di Cagliari,Cagliari,Cagliari,Sardegna,"Ospedale (Pronto soccorso, ecc.)","firmatario, attore",True,False,True,False,False,False,False,"['firmatario', 'attore']",,azienda ospedaliera universitaria di cagliari,"ospedale (pronto soccorso, ecc.)",cagliari,cagliari,sardegna,"firmatario, attore"
40.726523,8.559261,Azienda Ospedaliera Universitaria di Sassari,Sassari,Sassari,Sardegna,"Ospedale (Pronto soccorso, ecc.)","firmatario, attore",True,False,True,False,False,False,False,"['firmatario', 'attore']",,azienda ospedaliera universitaria di sassari,"ospedale (pronto soccorso, ecc.)",sassari,sassari,sardegna,"firmatario, attore"
40.923037,9.504808,Ambito Plus Olbia,Olbia,Gallura Nord-Est Sardegna,Sardegna,"Ambiti della programmazione sociale e socio-sanitaria (Ambiti Sociali, Piani di Zona, Distretti socio-sanitari, Società della Salute)","firmatario, attore",True,False,True,False,False,False,False,"['firmatario', 'attore']",,ambito plus olbia,"ambiti della programmazione sociale e socio-sanitaria (ambiti sociali, piani di zona, distretti socio-sanitari, società della salute)",olbia,gallura nord-est sardegna,sardegna,"firmatario, attore"
39.215227,9.110617,Ambito Plus Citta di Cagliari,Cagliari,Cagliari,Sardegna,"Ambiti della programmazione sociale e socio-sanitaria (Ambiti Sociali, Piani di Zona, Distretti socio-sanitari, Società della Salute)","firmatario, attore",True,False,True,False,False,False,False,"['firmatario', 'attore']",,ambito plus citta di cagliari,"ambiti della programmazione sociale e socio-sanitaria (ambiti sociali, piani di zona, distretti socio-sanitari, società della salute)",cagliari,cagliari,sardegna,"firmatario, attore"
40.323333,9.331057,Ambito Plus Nuoro,Nuoro,Nuoro,Sardegna,"Ambiti della programmazione sociale e socio-sanitaria (Ambiti Sociali, Piani di Zona, Distretti socio-sanitari, Società della Salute)","firmatario, attore",True,False,True,False,False,False,False,"['firmatario', 'attore']",,ambito plus nuoro,"ambiti della programmazione sociale e socio-sanitaria (ambiti sociali, piani di zona, distretti socio-sanitari, società della salute)",nuoro,nuoro,sardegna,"firmatario, attore"
39.166132,8.525697,Ambito Plus Carbonia,Carbonia,Sulcis Iglesiente,Sardegna,"Ambiti della programmazione sociale e socio-sanitaria (Ambiti Sociali, Piani di Zona, Distretti socio-sanitari, Società della Salute)","firmatario, attore",True,False,True,False,False,False,False,"['firmatario', 'attore']",,ambito plus carbonia,"ambiti della programmazione sociale e socio-sanitaria (ambiti sociali, piani di zona, distretti socio-sanitari, società della salute)",carbonia,sulcis iglesiente,sardegna,"firmatario, attore"
40.1211,8.83483,Ambito Plus Ghilarza,Ghilarza,Oristano,Sardegna,"Ambiti della programmazione sociale e socio-sanitaria (Ambiti Sociali, Piani di Zona, Distretti socio-sanitari, Società della Salute)","firmatario, attore",True,False,True,False,False,False,False,"['firmatario', 'attore']",,ambito plus ghilarza,"ambiti della programmazione sociale e socio-sanitaria (ambiti sociali, piani di zona, distretti socio-sanitari, società della salute)",ghilarza,oristano,sardegna,"firmatario, attore"
40.586126,8.999512,Ambito Plus Ozieri,Ozieri,Sassari,Sardegna,"Ambiti della programmazione sociale e socio-sanitaria (Ambiti Sociali, Piani di Zona, Distretti socio-sanitari, Società della Salute)","firmatario, attore",True,False,True,False,False,False,False,"['firmatario', 'attore']",,ambito plus ozieri,"ambiti della programmazione sociale e socio-sanitaria (ambiti sociali, piani di zona, distretti socio-sanitari, società della salute)",ozieri,sassari,sardegna,"firmatario, attore"
40.57366,9.694888,Ambito Plus Siniscola,Siniscola,Nuoro,Sardegna,"Ambiti della programmazione sociale e socio-sanitaria (Ambiti Sociali, Piani di Zona, Distretti socio-sanitari, Società della Salute)","firmatario, attore",True,False,True,False,False,False,False,"['firmatario', 'attore']",,ambito plus siniscola,"ambiti della programmazione sociale e socio-sanitaria (ambiti sociali, piani di zona, distretti socio-sanitari, società della salute)",siniscola,nuoro,sardegna,"firmatario, attore"
39.538334,8.626956,Ambito Plus Guspini,Guspini,Medio Campidano,Sardegna,"Ambiti della programmazione sociale e socio-sanitaria (Ambiti Sociali, Piani di Zona, Distretti socio-sanitari, Società della Salute)","firmatario, attore",True,False,True,False,False,False,False,"['firmatario', 'attore']",,ambito plus guspini,"ambiti della programmazione sociale e socio-sanitaria (ambiti sociali, piani di zona, distretti socio-sanitari, società della salute)",guspini,medio campidano,sardegna,"firmatario, attore"
39.309814,8.531575,Ambito Plus Iglesias,Iglesias,Sulcis Iglesiente,Sardegna,"Ambiti della programmazione sociale e socio-sanitaria (Ambiti Sociali, Piani di Zona, Distretti socio-sanitari, Società della Salute)","firmatario, attore",True,False,True,False,False,False,False,"['firmatario', 'attore']",,ambito plus iglesias,"ambiti della programmazione sociale e socio-sanitaria (ambiti sociali, piani di zona, distretti socio-sanitari, società della salute)",iglesias,sulcis iglesiente,sardegna,"firmatario, attore"
40.265264,8.781669,Ambito Plus Macomer,Macomer,Nuoro,Sardegna,"Ambiti della programmazione sociale e socio-sanitaria (Ambiti Sociali, Piani di Zona, Distretti socio-sanitari, Società della Salute)","firmatario, attore",True,False,True,False,False,False,False,"['firmatario', 'attore']",,ambito plus macomer,"ambiti della programmazione sociale e socio-sanitaria (ambiti sociali, piani di zona, distretti socio-sanitari, società della salute)",macomer,nuoro,sardegna,"firmatario, attore"
39.903974,8.591178,Ambito Plus Oristano,Oristano,Oristano,Sardegna,"Ambiti della programmazione sociale e socio-sanitaria (Ambiti Sociali, Piani di Zona, Distretti socio-sanitari, Società della Salute)","firmatario, attore",True,False,True,False,False,False,False,"['firmatario', 'attore']",,ambito plus oristano,"ambiti della programmazione sociale e socio-sanitaria (ambiti sociali, piani di zona, distretti socio-sanitari, società della salute)",oristano,oristano,sardegna,"firmatario, attore"
39.561793,8.89902,Ambito Plus Sanluri,Sanluri,Medio Campidano,Sardegna,"Ambiti della programmazione sociale e socio-sanitaria (Ambiti Sociali, Piani di Zona, Distretti socio-sanitari, Società della Salute)","firmatario, attore",True,False,True,False,False,False,False,"['firmatario', 'attore']",,ambito plus sanluri,"ambiti della programmazione sociale e socio-sanitaria (ambiti sociali, piani di zona, distretti socio-sanitari, società della salute)",sanluri,medio campidano,sardegna,"firmatario, attore"
40.726523,8.559261,Ambito Plus Sassari,Sassari,Sassari,Sardegna,"Ambiti della programmazione sociale e socio-sanitaria (Ambiti Sociali, Piani di Zona, Distretti socio-sanitari, Società della Salute)","firmatario, attore",True,False,True,False,False,False,False,"['firmatario', 'attore']",,ambito plus sassari,"ambiti della programmazione sociale e socio-sanitaria (ambiti sociali, piani di zona, distretti socio-sanitari, società della salute)",sassari,sassari,sardegna,"firmatario, attore"
40.027809,9.103746,Ambito Plus Sorgono,Sorgono,Nuoro,Sardegna,"Ambiti della programmazione sociale e socio-sanitaria (Ambiti Sociali, Piani di Zona, Distretti socio-sanitari, Società della Salute)","firmatario, attore",True,False,True,False,False,False,False,"['firmatario', 'attore']",,ambito plus sorgono,"ambiti della programmazione sociale e socio-sanitaria (ambiti sociali, piani di zona, distretti socio-sanitari, società della salute)",sorgono,nuoro,sardegna,"firmatario, attore"
40.903014,9.10363,Ambito Plus Tempio Pausania,Tempio Pausania,Gallura Nord-Est Sardegna,Sardegna,"Ambiti della programmazione sociale e socio-sanitaria (Ambiti Sociali, Piani di Zona, Distretti socio-sanitari, Società della Salute)","firmatario, attore",True,False,True,False,False,False,False,"['firmatario', 'attore']",,ambito plus tempio pausania,"ambiti della programmazione sociale e socio-sanitaria (ambiti sociali, piani di zona, distretti socio-sanitari, società della salute)",tempio pausania,gallura nord-est sardegna,sardegna,"firmatario, attore"
40.546454,8.327785,Ambito Plus Alghero,Alghero,Sassari,Sardegna,"Ambiti della programmazione sociale e socio-sanitaria (Ambiti Sociali, Piani di Zona, Distretti socio-sanitari, Società della Salute)","firmatario, attore",True,False,True,False,False,False,False,"['firmatario', 'attore']",,ambito plus alghero,"ambiti della programmazione sociale e socio-sanitaria (ambiti sociali, piani di zona, distretti socio-sanitari, società della salute)",alghero,sassari,sardegna,"firmatario, attore"
39.443843,9.14828,Consigliera di Parita della Citta Metropolitana di Cagliari,Cagliari,Cagliari,Sardegna,Organismi di parità,"firmatario, attore",True,False,True,False,False,False,False,"['firmatario', 'attore']",,consigliera di parita della citta metropolitana di cagliari,organismi di parità,cagliari,cagliari,sardegna,"firmatario, attore"
40.243662,9.222904,Consigliera di Parita della Provincia di Nuoro,Nuoro,Nuoro,Sardegna,Organismi di parità,"firmatario, attore",True,False,True,False,False,False,False,"['firmatario', 'attore']",,consigliera di parita della provincia di nuoro,organismi di parità,nuoro,nuoro,sardegna,"firmatario, attore"
40.617087,8.749971,Consigliera di Parita della Provincia di Sassari,Sassari,Sassari,Sardegna,Organismi di parità,"firmatario, attore",True,False,True,False,False,False,False,"['firmatario', 'attore']",,consigliera di parita della provincia di sassari,organismi di parità,sassari,sassari,sardegna,"firmatario, attore"
39.215227,9.110617,Ordine degli Avvocati di Cagliari,Cagliari,Cagliari,Sardegna,Ordine avvocati,"firmatario, attore",True,False,True,False,False,False,False,"['firmatario', 'attore']",,ordine degli avvocati di cagliari,ordine avvocati,cagliari,cagliari,sardegna,"firmatario, attore"
39.903974,8.591178,Ordine degli Avvocati di Oristano,Oristano,Oristano,Sardegna,Ordine avvocati,"firmatario, attore",True,False,True,False,False,False,False,"['firmatario', 'attore']",,ordine degli avvocati di oristano,ordine avvocati,oristano,oristano,sardegna,"firmatario, attore"
39.876769,9.542316,Ordine degli Avvocati di Lanusei,Lanusei,Ogliastra,Sardegna,Ordine avvocati,"firmatario, attore",True,False,True,False,False,False,False,"['firmatario', 'attore']",,ordine degli avvocati di lanusei,ordine avvocati,lanusei,ogliastra,sardegna,"firmatario, attore"
40.323333,9.331057,Ordine degli Avvocati di Nuoro,Nuoro,Nuoro,Sardegna,Ordine avvocati,"firmatario, attore",True,False,True,False,False,False,False,"['firmatario', 'attore']",,ordine degli avvocati di nuoro,ordine avvocati,nuoro,nuoro,sardegna,"firmatario, attore"
40.726523,8.559261,Ordine degli Avvocati di Sassari,Sassari,Sassari,Sardegna,Ordine avvocati,"firmatario, attore",True,False,True,False,False,False,False,"['firmatario', 'attore']",,ordine degli avvocati di sassari,ordine avvocati,sassari,sassari,sardegna,"firmatario, attore"
40.903014,9.10363,Ordine degli Avvocati di Tempio Pausania,Tempio Pausania,Gallura Nord-Est Sardegna,Sardegna,Ordine avvocati,"firmatario, attore",True,False,True,False,False,False,False,"['firmatario', 'attore']",,ordine degli avvocati di tempio pausania,ordine avvocati,tempio pausania,gallura nord-est sardegna,sardegna,"firmatario, attore"
39.443843,9.14828,Ordine dei Medici Chirurghi e Odontoiatri della Provincia di Cagliari,Cagliari,Cagliari,Sardegna,Ordine medici e odontoiatri e Ordine farmacisti,"firmatario, attore",True,False,True,False,False,False,False,"['firmatario', 'attore']",,ordine dei medici chirurghi e odontoiatri della provincia di cagliari,ordine medici e odontoiatri e ordine farmacisti,cagliari,cagliari,sardegna,"firmatario, attore"
39.965247,8.747118,Ordine dei Medici Chirurghi e Odontoiatri della Provincia di Oristano,Oristano,Oristano,Sardegna,Ordine medici e odontoiatri e Ordine farmacisti,"firmatario, attore",True,False,True,False,False,False,False,"['firmatario', 'attore']",,ordine dei medici chirurghi e odontoiatri della provincia di oristano,ordine medici e odontoiatri e ordine farmacisti,oristano,oristano,sardegna,"firmatario, attore"
40.243662,9.222904,Ordine dei Medici Chirurghi e Odontoiatri della Provincia di Nuoro,Nuoro,Nuoro,Sardegna,Ordine medici e odontoiatri e Ordine farmacisti,"firmatario, attore",True,False,True,False,False,False,False,"['firmatario', 'attore']",,ordine dei medici chirurghi e odontoiatri della provincia di nuoro,ordine medici e odontoiatri e ordine farmacisti,nuoro,nuoro,sardegna,"firmatario, attore"
40.617087,8.749971,Ordine dei Medici Chirurghi e Odontoiatri della Provincia di Sassari,Sassari,Sassari,Sardegna,Ordine medici e odontoiatri e Ordine farmacisti,"firmatario, attore",True,False,True,False,False,False,False,"['firmatario', 'attore']",,ordine dei medici chirurghi e odontoiatri della provincia di sassari,ordine medici e odontoiatri e ordine farmacisti,sassari,sassari,sardegna,"firmatario, attore"
39.215227,9.110617,Ordine delle Professioni Infermieristiche di Cagliari,Cagliari,Cagliari,Sardegna,Altri ordini professionali,"firmatario, attore",True,False,True,False,False,False,False,"['firmatario', 'attore']",,ordine delle professioni infermieristiche di cagliari,altri ordini professionali,cagliari,cagliari,sardegna,"firmatario, attore"
39.903974,8.591178,Ordine delle Professioni Infermieristiche di Oristano,Oristano,Oristano,Sardegna,Altri ordini professionali,"firmatario, attore",True,False,True,False,False,False,False,"['firmatario', 'attore']",,ordine delle professioni infermieristiche di oristano,altri ordini professionali,oristano,oristano,sardegna,"firmatario, attore"
40.323333,9.331057,Ordine delle Professioni Infermieristiche di Nuoro,Nuoro,Nuoro,Sardegna,Altri ordini professionali,"firmatario, attore",True,False,True,False,False,False,False,"['firmatario', 'attore']",,ordine delle professioni infermieristiche di nuoro,altri ordini professionali,nuoro,nuoro,sardegna,"firmatario, attore"
40.726523,8.559261,Ordine delle Professioni Infermieristiche di Sassari,Sassari,Sassari,Sardegna,Altri ordini professionali,"firmatario, attore",True,False,True,False,False,False,False,"['firmatario', 'attore']",,ordine delle professioni infermieristiche di sassari,altri ordini professionali,sassari,sassari,sardegna,"firmatario, attore"
40.726523,8.559261,Ordine della Professione di Ostetrica di Sassari,Sassari,Sassari,Sardegna,Altri ordini professionali,"firmatario, attore",True,False,True,False,False,False,False,"['firmatario', 'attore']",,ordine della professione di ostetrica di sassari,altri ordini professionali,sassari,sassari,sardegna,"firmatario, attore"
40.323333,9.331057,"Ordine dei Tecnici sanitari di Radiologia Medica e delle Professioni Sanitarie tecniche, della riabilitazione e della Prevenzione di Nuoro",Nuoro,Nuoro,Sardegna,Altri ordini professionali,"firmatario, attore",True,False,True,False,False,False,False,"['firmatario', 'attore']",,"ordine dei tecnici sanitari di radiologia medica e delle professioni sanitarie tecniche, della riabilitazione e della prevenzione di nuoro",altri ordini professionali,nuoro,nuoro,sardegna,"firmatario, attore"
40.726523,8.559261,"Ordine dei Tecnici sanitari di Radiologia Medica e delle Professioni Sanitarie tecniche, della riabilitazione e della Prevenzione di Sassari",Sassari,Sassari,Sardegna,Altri ordini professionali,"firmatario, attore",True,False,True,False,False,False,False,"['firmatario', 'attore']",,"ordine dei tecnici sanitari di radiologia medica e delle professioni sanitarie tecniche, della riabilitazione e della prevenzione di sassari",altri ordini professionali,sassari,sassari,sardegna,"firmatario, attore"
